Dive Number,GF Minimum,GF Maximum,Surface Interval (min),Imperial Units,Start Battery Voltage,Start CNS %,Start Date,Start External O2 Sensor Status,Start Low Set Point,Start High Set Point,Computer Firmware Version,Max Depth,Max Time,Error History,End Battery Voltage,End CNS,End Date,End External O2 Sensor Status,End Low Set Point,End High Set Point,Computer Serial Number,Computer Firmware Version,Computer Model,Log Version,Deco Model,VPM-B Conservatism,Start Surface Pressure,End Surface Pressure,Product
127,40,85,86,False,3.9,2,7/28/2024 11:31:09 AM,False,0,1,86,23.8,1613,,3.9,5,7/28/2024 11:57:57 AM,False,0,1,937B0677,86,2,13,GF,40/85,1003,1003,Peregrine
Time (ms),Depth,First Stop Depth,Time To Surface (min),Average PPO2,Fraction O2,Fraction He,First Stop Time,Current NDL,Current Circuit Mode,Current CCR Mode,Water Temp,Gas Switch Needed,External PPO2,Set Point Type,Circuit Switch Type,External O2 Sensor 1 (mV),External O2 Sensor 2 (mV),External O2 Sensor 3 (mV),Battery Voltage,Tank 1 pressure (PSI),Tank 2 pressure (PSI),Tank 3 pressure (PSI),Tank 4 pressure (PSI),Gas Time Remaining,SAC Rate (2 minute avg),Ascent Rate,Safe Ascent Depth,CO2mbar
0,0,0,0,0.22,0.21,0,0,0,1,0,30,False,True,0,0,53,37,26,3.89,AI is off,AI is off,AI is off,AI is off,Not paired,AI is off,0,0,0
2000,1,0,1,0.23,0.21,0,0,0,1,0,30,False,True,0,0,51,38,26,3.89,AI is off,AI is off,AI is off,AI is off,Not paired,AI is off,0,0,0
4000,1.5,0,1,0.24,0.21,0,0,0,1,0,30,False,True,0,0,51,35,25,3.89,AI is off,AI is off,AI is off,AI is off,Not paired,AI is off,0,0,0
6000,2.1,0,1,0.25,0.21,0,0,0,1,0,30,False,True,0,0,50,35,24,3.89,AI is off,AI is off,AI is off,AI is off,Not paired,AI is off,0,0,0
8000,2.5,0,1,0.26,0.21,0,0,0,1,0,29,False,True,0,0,52,39,26,3.89,AI is off,AI is off,AI is off,AI is off,Not paired,AI is off,0,0,0
10000,2.9,0,1,0.26,0.21,0,0,99,1,0,29,False,True,0,0,50,37,24,3.89,AI is off,AI is off,AI is off,AI is off,Not paired,AI is off,0,0,0
12000,3.3,0,1,0.28,0.21,0,0,99,1,0,29,False,True,0,0,50,37,25,3.89,AI is off,AI is off,AI is off,AI is off,Not paired,AI is off,0,0,0
14000,3.8,0,1,0.28,0.21,0,0,99,1,0,29,False,True,0,0,50,38,25,3.89,AI is off,AI is off,AI is off,AI is off,Not paired,AI is off,0,0,0
16000,4.3,0,1,0.3,0.21,0,0,99,1,0,29,False,True,0,0,49,37,25,3.89,AI is off,AI is off,AI is off,AI is off,Not paired,AI is off,0,0,0
18000,5.1,0,1,0.31,0.21,0,0,99,1,0,29,False,True,0,0,49,36,24,3.89,AI is off,AI is off,AI is off,AI is off,Not paired,AI is off,0,0,0
20000,5.5,0,1,0.32,0.21,0,0,99,1,0,29,False,True,0,0,51,38,26,3.89,AI is off,AI is off,AI is off,AI is off,Not paired,AI is off,0,0,0
22000,6.4,0,1,0.34,0.21,0,0,99,1,0,29,False,True,0,0,49,37,24,3.89,AI is off,AI is off,AI is off,AI is off,Not paired,AI is off,0,0,0
24000,7.2,0,1,0.35,0.21,0,0,99,1,0,29,False,True,0,0,53,38,27,3.89,AI is off,AI is off,AI is off,AI is off,Not paired,AI is off,0,0,0
26000,8,0,1,0.37,0.21,0,0,99,1,0,28,False,True,0,0,53,38,25,3.89,AI is off,AI is off,AI is off,AI is off,Not paired,AI is off,0,0,0
28000,8.8,0,1,0.39,0.21,0,0,99,1,0,28,False,True,0,0,52,38,26,3.89,AI is off,AI is off,AI is off,AI is off,Not paired,AI is off,0,0,0
30000,9.5,0,1,0.4,0.21,0,0,99,1,0,28,False,True,0,0,50,33,22,3.89,AI is off,AI is off,AI is off,AI is off,Not paired,AI is off,0,0,0
32000,10.1,0,1,0.42,0.21,0,0,99,1,0,28,False,True,0,0,53,38,27,3.89,AI is off,AI is off,AI is off,AI is off,Not paired,AI is off,0,0,0
34000,10.7,0,1,0.43,0.21,0,0,99,1,0,28,False,True,0,0,49,37,25,3.89,AI is off,AI is off,AI is off,AI is off,Not paired,AI is off,0,0,0
36000,11.5,0,1,0.44,0.21,0,0,99,1,0,27,False,True,0,0,50,36,24,3.89,AI is off,AI is off,AI is off,AI is off,Not paired,AI is off,0,0,0
38000,12.2,0,1,0.46,0.21,0,0,99,1,0,27,False,True,0,0,51,38,26,3.89,AI is off,AI is off,AI is off,AI is off,Not paired,AI is off,0,0,0
40000,13,0,1,0.48,0.21,0,0,99,1,0,27,False,True,0,0,52,37,26,3.89,AI is off,AI is off,AI is off,AI is off,Not paired,AI is off,0,0,0
42000,13.4,0,5,0.49,0.21,0,0,86,1,0,27,False,True,0,0,52,37,26,3.89,AI is off,AI is off,AI is off,AI is off,Not paired,AI is off,0,0,0
44000,14,0,5,0.5,0.21,0,0,86,1,0,26,False,True,0,0,51,37,25,3.89,AI is off,AI is off,AI is off,AI is off,Not paired,AI is off,0,0,0
46000,14.6,0,5,0.51,0.21,0,0,66,1,0,26,False,True,0,0,50,35,25,3.89,AI is off,AI is off,AI is off,AI is off,Not paired,AI is off,0,0,0
48000,15.3,0,5,0.52,0.21,0,0,66,1,0,26,False,True,0,0,50,35,24,3.89,AI is off,AI is off,AI is off,AI is off,Not paired,AI is off,0,0,0
50000,16,0,5,0.54,0.21,0,0,66,1,0,26,False,True,0,0,50,34,22,3.89,AI is off,AI is off,AI is off,AI is off,Not paired,AI is off,0,0,0
52000,16.7,0,5,0.55,0.21,0,0,66,1,0,25,False,True,0,0,51,35,24,3.89,AI is off,AI is off,AI is off,AI is off,Not paired,AI is off,0,0,0
54000,17.4,0,5,0.57,0.21,0,0,66,1,0,25,False,True,0,0,52,39,26,3.89,AI is off,AI is off,AI is off,AI is off,Not paired,AI is off,0,0,0
56000,17.9,0,5,0.58,0.21,0,0,66,1,0,25,False,True,0,0,51,38,25,3.89,AI is off,AI is off,AI is off,AI is off,Not paired,AI is off,0,0,0
58000,18.4,0,5,0.59,0.21,0,0,41,1,0,24,False,True,0,0,50,37,24,3.89,AI is off,AI is off,AI is off,AI is off,Not paired,AI is off,0,0,0
60000,18.4,0,5,0.59,0.21,0,0,41,1,0,24,False,True,0,0,53,38,28,3.89,AI is off,AI is off,AI is off,AI is off,Not paired,AI is off,0,0,0
62000,18.7,0,5,0.6,0.21,0,0,37,1,0,24,False,True,0,0,52,39,27,3.89,AI is off,AI is off,AI is off,AI is off,Not paired,AI is off,0,0,0
64000,18.8,0,5,0.6,0.21,0,0,37,1,0,23,False,True,0,0,53,40,28,3.89,AI is off,AI is off,AI is off,AI is off,Not paired,AI is off,0,0,0
66000,18.9,0,5,0.6,0.21,0,0,37,1,0,23,False,True,0,0,50,37,24,3.89,AI is off,AI is off,AI is off,AI is off,Not paired,AI is off,0,0,0
68000,19.3,0,5,0.61,0.21,0,0,37,1,0,23,False,True,0,0,50,38,25,3.89,AI is off,AI is off,AI is off,AI is off,Not paired,AI is off,0,0,0
70000,19.5,0,5,0.62,0.21,0,0,37,1,0,22,False,True,0,0,53,39,28,3.89,AI is off,AI is off,AI is off,AI is off,Not paired,AI is off,0,0,0
72000,19.4,0,5,0.61,0.21,0,0,37,1,0,22,False,True,0,0,53,38,28,3.89,AI is off,AI is off,AI is off,AI is off,Not paired,AI is off,0,0,0
74000,19.6,0,5,0.62,0.21,0,0,34,1,0,21,False,True,0,0,49,37,24,3.89,AI is off,AI is off,AI is off,AI is off,Not paired,AI is off,0,0,0
76000,19.5,0,5,0.62,0.21,0,0,34,1,0,21,False,True,0,0,49,36,23,3.89,AI is off,AI is off,AI is off,AI is off,Not paired,AI is off,0,0,0
78000,19.5,0,5,0.62,0.21,0,0,34,1,0,21,False,True,0,0,49,36,23,3.89,AI is off,AI is off,AI is off,AI is off,Not paired,AI is off,0,0,0
80000,19.5,0,5,0.62,0.21,0,0,34,1,0,21,False,True,0,0,50,37,25,3.89,AI is off,AI is off,AI is off,AI is off,Not paired,AI is off,0,0,0
82000,19.6,0,5,0.62,0.21,0,0,34,1,0,21,False,True,0,0,50,37,26,3.89,AI is off,AI is off,AI is off,AI is off,Not paired,AI is off,0,0,0
84000,19.5,0,5,0.62,0.21,0,0,34,1,0,21,False,True,0,0,50,37,25,3.89,AI is off,AI is off,AI is off,AI is off,Not paired,AI is off,0,0,0
86000,19.6,0,5,0.62,0.21,0,0,34,1,0,21,False,True,0,0,50,38,26,3.89,AI is off,AI is off,AI is off,AI is off,Not paired,AI is off,0,0,0
88000,19.4,0,5,0.61,0.21,0,0,34,1,0,21,False,True,0,0,51,38,26,3.89,AI is off,AI is off,AI is off,AI is off,Not paired,AI is off,0,0,0
90000,19.6,0,5,0.62,0.21,0,0,34,1,0,21,False,True,0,0,50,36,24,3.89,AI is off,AI is off,AI is off,AI is off,Not paired,AI is off,0,0,0
92000,19.7,0,5,0.62,0.21,0,0,34,1,0,20,False,True,0,0,50,38,26,3.89,AI is off,AI is off,AI is off,AI is off,Not paired,AI is off,0,0,0
94000,19.7,0,5,0.62,0.21,0,0,34,1,0,20,False,True,0,0,50,37,24,3.89,AI is off,AI is off,AI is off,AI is off,Not paired,AI is off,0,0,0
96000,19.6,0,5,0.62,0.21,0,0,33,1,0,20,False,True,0,0,51,39,26,3.89,AI is off,AI is off,AI is off,AI is off,Not paired,AI is off,0,0,0
98000,19.6,0,5,0.62,0.21,0,0,33,1,0,20,False,True,0,0,51,38,27,3.89,AI is off,AI is off,AI is off,AI is off,Not paired,AI is off,0,0,0
100000,19.5,0,5,0.62,0.21,0,0,33,1,0,20,False,True,0,0,50,37,25,3.89,AI is off,AI is off,AI is off,AI is off,Not paired,AI is off,0,0,0
102000,19.6,0,5,0.62,0.21,0,0,33,1,0,20,False,True,0,0,50,38,26,3.89,AI is off,AI is off,AI is off,AI is off,Not paired,AI is off,0,0,0
104000,19.4,0,5,0.61,0.21,0,0,33,1,0,19,False,True,0,0,50,37,25,3.89,AI is off,AI is off,AI is off,AI is off,Not paired,AI is off,0,0,0
106000,19.6,0,5,0.62,0.21,0,0,33,1,0,19,False,True,0,0,50,37,25,3.89,AI is off,AI is off,AI is off,AI is off,Not paired,AI is off,0,0,0
108000,19.6,0,5,0.62,0.21,0,0,33,1,0,19,False,True,0,0,51,39,27,3.89,AI is off,AI is off,AI is off,AI is off,Not paired,AI is off,0,0,0
110000,19.6,0,5,0.62,0.21,0,0,33,1,0,19,False,True,0,0,50,36,24,3.89,AI is off,AI is off,AI is off,AI is off,Not paired,AI is off,0,0,0
112000,19.7,0,5,0.62,0.21,0,0,32,1,0,19,False,True,0,0,51,39,27,3.89,AI is off,AI is off,AI is off,AI is off,Not paired,AI is off,0,0,0
114000,19.8,0,5,0.62,0.21,0,0,32,1,0,19,False,True,0,0,51,39,27,3.89,AI is off,AI is off,AI is off,AI is off,Not paired,AI is off,0,0,0
116000,19.7,0,5,0.62,0.21,0,0,32,1,0,19,False,True,0,0,52,40,29,3.89,AI is off,AI is off,AI is off,AI is off,Not paired,AI is off,0,0,0
118000,19.7,0,5,0.62,0.21,0,0,32,1,0,19,False,True,0,0,52,39,27,3.89,AI is off,AI is off,AI is off,AI is off,Not paired,AI is off,0,0,0
120000,19.9,0,5,0.62,0.21,0,0,32,1,0,18,False,True,0,0,51,38,26,3.89,AI is off,AI is off,AI is off,AI is off,Not paired,AI is off,0,0,0
122000,19.8,0,5,0.62,0.21,0,0,32,1,0,18,False,True,0,0,53,40,27,3.89,AI is off,AI is off,AI is off,AI is off,Not paired,AI is off,0,0,0
124000,20,0,5,0.63,0.21,0,0,32,1,0,18,False,True,0,0,51,38,26,3.89,AI is off,AI is off,AI is off,AI is off,Not paired,AI is off,0,0,0
126000,20.2,0,5,0.63,0.21,0,0,32,1,0,18,False,True,0,0,52,39,27,3.89,AI is off,AI is off,AI is off,AI is off,Not paired,AI is off,0,0,0
128000,20.2,0,5,0.63,0.21,0,0,30,1,0,18,False,True,0,0,52,39,27,3.89,AI is off,AI is off,AI is off,AI is off,Not paired,AI is off,0,0,0
130000,20.4,0,5,0.63,0.21,0,0,30,1,0,18,False,True,0,0,51,39,27,3.89,AI is off,AI is off,AI is off,AI is off,Not paired,AI is off,0,0,0
132000,20.6,0,5,0.64,0.21,0,0,30,1,0,17,False,True,0,0,50,37,26,3.89,AI is off,AI is off,AI is off,AI is off,Not paired,AI is off,0,0,0
134000,20.6,0,5,0.64,0.21,0,0,30,1,0,17,False,True,0,0,51,38,26,3.89,AI is off,AI is off,AI is off,AI is off,Not paired,AI is off,0,0,0
136000,20.4,0,5,0.64,0.21,0,0,30,1,0,17,False,True,0,0,51,39,28,3.89,AI is off,AI is off,AI is off,AI is off,Not paired,AI is off,0,0,0
138000,19.8,0,5,0.62,0.21,0,0,32,1,0,17,False,True,0,0,53,40,29,3.89,AI is off,AI is off,AI is off,AI is off,Not paired,AI is off,0,0,0
140000,19.7,0,5,0.62,0.21,0,0,32,1,0,17,False,True,0,0,51,39,27,3.89,AI is off,AI is off,AI is off,AI is off,Not paired,AI is off,0,0,0
142000,19.8,0,5,0.62,0.21,0,0,32,1,0,17,False,True,0,0,52,40,29,3.89,AI is off,AI is off,AI is off,AI is off,Not paired,AI is off,0,0,0
144000,19.8,0,5,0.62,0.21,0,0,31,1,0,17,False,True,0,0,52,38,26,3.89,AI is off,AI is off,AI is off,AI is off,Not paired,AI is off,0,0,0
146000,19.9,0,5,0.62,0.21,0,0,31,1,0,17,False,True,0,0,52,40,28,3.89,AI is off,AI is off,AI is off,AI is off,Not paired,AI is off,0,0,0
148000,20.2,0,5,0.63,0.21,0,0,31,1,0,16,False,True,0,0,52,39,26,3.89,AI is off,AI is off,AI is off,AI is off,Not paired,AI is off,0,0,0
150000,20.2,0,5,0.63,0.21,0,0,31,1,0,16,False,True,0,0,52,39,27,3.89,AI is off,AI is off,AI is off,AI is off,Not paired,AI is off,0,0,0
152000,20.1,0,5,0.63,0.21,0,0,31,1,0,16,False,True,0,0,53,40,29,3.89,AI is off,AI is off,AI is off,AI is off,Not paired,AI is off,0,0,0
154000,20.2,0,5,0.63,0.21,0,0,31,1,0,16,False,True,0,0,52,40,28,3.89,AI is off,AI is off,AI is off,AI is off,Not paired,AI is off,0,0,0
156000,20.4,0,5,0.64,0.21,0,0,30,1,0,16,False,True,0,0,51,39,27,3.89,AI is off,AI is off,AI is off,AI is off,Not paired,AI is off,0,0,0
158000,20.5,0,5,0.64,0.21,0,0,30,1,0,16,False,True,0,0,50,38,26,3.89,AI is off,AI is off,AI is off,AI is off,Not paired,AI is off,0,0,0
160000,20.5,0,5,0.64,0.21,0,0,29,1,0,16,False,True,0,0,51,39,27,3.89,AI is off,AI is off,AI is off,AI is off,Not paired,AI is off,0,0,0
162000,20.6,0,5,0.64,0.21,0,0,29,1,0,16,False,True,0,0,53,40,29,3.89,AI is off,AI is off,AI is off,AI is off,Not paired,AI is off,0,0,0
164000,20.7,0,5,0.64,0.21,0,0,29,1,0,16,False,True,0,0,52,40,28,3.89,AI is off,AI is off,AI is off,AI is off,Not paired,AI is off,0,0,0
166000,20.8,0,5,0.64,0.21,0,0,29,1,0,16,False,True,0,0,53,40,28,3.89,AI is off,AI is off,AI is off,AI is off,Not paired,AI is off,0,0,0
168000,20.8,0,5,0.64,0.21,0,0,29,1,0,16,False,True,0,0,52,40,29,3.89,AI is off,AI is off,AI is off,AI is off,Not paired,AI is off,0,0,0
170000,20.7,0,5,0.64,0.21,0,0,29,1,0,16,False,True,0,0,53,41,30,3.89,AI is off,AI is off,AI is off,AI is off,Not paired,AI is off,0,0,0
172000,20.6,0,6,0.64,0.21,0,0,28,1,0,15,False,True,0,0,52,41,30,3.89,AI is off,AI is off,AI is off,AI is off,Not paired,AI is off,0,0,0
174000,21.1,0,6,0.65,0.21,0,0,28,1,0,15,False,True,0,0,52,40,28,3.89,AI is off,AI is off,AI is off,AI is off,Not paired,AI is off,0,0,0
176000,20.9,0,6,0.65,0.21,0,0,28,1,0,15,False,True,0,0,53,39,28,3.89,AI is off,AI is off,AI is off,AI is off,Not paired,AI is off,0,0,0
178000,20.9,0,6,0.65,0.21,0,0,27,1,0,15,False,True,0,0,52,39,27,3.89,AI is off,AI is off,AI is off,AI is off,Not paired,AI is off,0,0,0
180000,20.8,0,6,0.65,0.21,0,0,27,1,0,15,False,True,0,0,51,39,27,3.89,AI is off,AI is off,AI is off,AI is off,Not paired,AI is off,0,0,0
182000,20.8,0,6,0.64,0.21,0,0,27,1,0,14,False,True,0,0,52,40,28,3.89,AI is off,AI is off,AI is off,AI is off,Not paired,AI is off,0,0,0
184000,20.7,0,6,0.64,0.21,0,0,27,1,0,14,False,True,0,0,51,40,30,3.89,AI is off,AI is off,AI is off,AI is off,Not paired,AI is off,0,0,0
186000,21,0,6,0.65,0.21,0,0,27,1,0,14,False,True,0,0,53,41,30,3.89,AI is off,AI is off,AI is off,AI is off,Not paired,AI is off,0,0,0
188000,20.9,0,6,0.65,0.21,0,0,26,1,0,14,False,True,0,0,52,40,29,3.89,AI is off,AI is off,AI is off,AI is off,Not paired,AI is off,0,0,0
190000,21,0,6,0.65,0.21,0,0,26,1,0,14,False,True,0,0,53,40,28,3.89,AI is off,AI is off,AI is off,AI is off,Not paired,AI is off,0,0,0
192000,21,0,6,0.65,0.21,0,0,26,1,0,14,False,True,0,0,54,42,30,3.89,AI is off,AI is off,AI is off,AI is off,Not paired,AI is off,0,0,0
194000,21.1,0,6,0.65,0.21,0,0,26,1,0,14,False,True,0,0,52,40,29,3.89,AI is off,AI is off,AI is off,AI is off,Not paired,AI is off,0,0,0
196000,21,0,6,0.65,0.21,0,0,26,1,0,14,False,True,0,0,52,40,28,3.89,AI is off,AI is off,AI is off,AI is off,Not paired,AI is off,0,0,0
198000,20.9,0,6,0.65,0.21,0,0,26,1,0,14,False,True,0,0,53,39,27,3.89,AI is off,AI is off,AI is off,AI is off,Not paired,AI is off,0,0,0
200000,21.2,0,6,0.65,0.21,0,0,26,1,0,14,False,True,0,0,52,40,28,3.89,AI is off,AI is off,AI is off,AI is off,Not paired,AI is off,0,0,0
202000,21,0,6,0.65,0.21,0,0,26,1,0,14,False,True,0,0,52,39,28,3.89,AI is off,AI is off,AI is off,AI is off,Not paired,AI is off,0,0,0
204000,20.9,0,6,0.65,0.21,0,0,26,1,0,14,False,True,0,0,52,41,29,3.89,AI is off,AI is off,AI is off,AI is off,Not paired,AI is off,0,0,0
206000,21.2,0,6,0.65,0.21,0,0,26,1,0,13,False,True,0,0,53,41,30,3.89,AI is off,AI is off,AI is off,AI is off,Not paired,AI is off,0,0,0
208000,21.1,0,6,0.65,0.21,0,0,26,1,0,13,False,True,0,0,53,40,29,3.89,AI is off,AI is off,AI is off,AI is off,Not paired,AI is off,0,0,0
210000,21.5,0,6,0.66,0.21,0,0,26,1,0,13,False,True,0,0,53,40,29,3.89,AI is off,AI is off,AI is off,AI is off,Not paired,AI is off,0,0,0
212000,21.2,0,6,0.65,0.21,0,0,26,1,0,13,False,True,0,0,52,40,29,3.89,AI is off,AI is off,AI is off,AI is off,Not paired,AI is off,0,0,0
214000,21.2,0,6,0.65,0.21,0,0,26,1,0,13,False,True,0,0,52,40,28,3.89,AI is off,AI is off,AI is off,AI is off,Not paired,AI is off,0,0,0
216000,21.6,0,6,0.66,0.21,0,0,26,1,0,13,False,True,0,0,52,40,29,3.89,AI is off,AI is off,AI is off,AI is off,Not paired,AI is off,0,0,0
218000,21.6,0,6,0.66,0.21,0,0,26,1,0,13,False,True,0,0,52,40,28,3.89,AI is off,AI is off,AI is off,AI is off,Not paired,AI is off,0,0,0
220000,21.4,0,6,0.66,0.21,0,0,24,1,0,13,False,True,0,0,53,40,30,3.89,AI is off,AI is off,AI is off,AI is off,Not paired,AI is off,0,0,0
222000,21.2,0,6,0.65,0.21,0,0,24,1,0,13,False,True,0,0,53,40,28,3.89,AI is off,AI is off,AI is off,AI is off,Not paired,AI is off,0,0,0
224000,21.6,0,6,0.66,0.21,0,0,24,1,0,13,False,True,0,0,52,41,30,3.89,AI is off,AI is off,AI is off,AI is off,Not paired,AI is off,0,0,0
226000,21.6,0,6,0.66,0.21,0,0,24,1,0,13,False,True,0,0,53,39,28,3.89,AI is off,AI is off,AI is off,AI is off,Not paired,AI is off,0,0,0
228000,21.5,0,6,0.66,0.21,0,0,24,1,0,13,False,True,0,0,52,40,28,3.89,AI is off,AI is off,AI is off,AI is off,Not paired,AI is off,0,0,0
230000,21.6,0,6,0.66,0.21,0,0,24,1,0,13,False,True,0,0,52,40,28,3.89,AI is off,AI is off,AI is off,AI is off,Not paired,AI is off,0,0,0
232000,21.6,0,6,0.66,0.21,0,0,24,1,0,13,False,True,0,0,53,40,29,3.89,AI is off,AI is off,AI is off,AI is off,Not paired,AI is off,0,0,0
234000,21.4,0,6,0.66,0.21,0,0,24,1,0,13,False,True,0,0,54,42,31,3.89,AI is off,AI is off,AI is off,AI is off,Not paired,AI is off,0,0,0
236000,21.3,0,6,0.65,0.21,0,0,25,1,0,13,False,True,0,0,54,42,30,3.89,AI is off,AI is off,AI is off,AI is off,Not paired,AI is off,0,0,0
238000,21.5,0,6,0.66,0.21,0,0,25,1,0,13,False,True,0,0,53,41,30,3.89,AI is off,AI is off,AI is off,AI is off,Not paired,AI is off,0,0,0
240000,21.5,0,6,0.66,0.21,0,0,25,1,0,13,False,True,0,0,53,41,31,3.89,AI is off,AI is off,AI is off,AI is off,Not paired,AI is off,0,0,0
242000,21.3,0,6,0.66,0.21,0,0,24,1,0,13,False,True,0,0,54,41,31,3.89,AI is off,AI is off,AI is off,AI is off,Not paired,AI is off,0,0,0
244000,21.5,0,6,0.66,0.21,0,0,24,1,0,13,False,True,0,0,54,42,30,3.89,AI is off,AI is off,AI is off,AI is off,Not paired,AI is off,0,0,0
246000,21.4,0,6,0.66,0.21,0,0,24,1,0,13,False,True,0,0,53,42,31,3.89,AI is off,AI is off,AI is off,AI is off,Not paired,AI is off,0,0,0
248000,21.4,0,6,0.66,0.21,0,0,24,1,0,13,False,True,0,0,54,43,31,3.89,AI is off,AI is off,AI is off,AI is off,Not paired,AI is off,0,0,0
250000,21.4,0,6,0.65,0.21,0,0,24,1,0,13,False,True,0,0,53,42,31,3.89,AI is off,AI is off,AI is off,AI is off,Not paired,AI is off,0,0,0
252000,21.4,0,6,0.66,0.21,0,0,24,1,0,13,False,True,0,0,53,41,31,3.89,AI is off,AI is off,AI is off,AI is off,Not paired,AI is off,0,0,0
254000,21.4,0,6,0.66,0.21,0,0,24,1,0,12,False,True,0,0,53,42,30,3.89,AI is off,AI is off,AI is off,AI is off,Not paired,AI is off,0,0,0
256000,21.5,0,6,0.66,0.21,0,0,24,1,0,12,False,True,0,0,54,43,31,3.89,AI is off,AI is off,AI is off,AI is off,Not paired,AI is off,0,0,0
258000,21.5,0,6,0.66,0.21,0,0,24,1,0,12,False,True,0,0,53,41,30,3.89,AI is off,AI is off,AI is off,AI is off,Not paired,AI is off,0,0,0
260000,21,0,6,0.65,0.21,0,0,24,1,0,12,False,True,0,0,53,41,30,3.89,AI is off,AI is off,AI is off,AI is off,Not paired,AI is off,0,0,0
262000,21,0,6,0.65,0.21,0,0,24,1,0,12,False,True,0,0,53,41,30,3.89,AI is off,AI is off,AI is off,AI is off,Not paired,AI is off,0,0,0
264000,20.8,0,6,0.64,0.21,0,0,24,1,0,12,False,True,0,0,53,41,30,3.89,AI is off,AI is off,AI is off,AI is off,Not paired,AI is off,0,0,0
266000,21,0,6,0.65,0.21,0,0,24,1,0,12,False,True,0,0,53,41,30,3.89,AI is off,AI is off,AI is off,AI is off,Not paired,AI is off,0,0,0
268000,20.7,0,6,0.64,0.21,0,0,26,1,0,12,False,True,0,0,54,42,32,3.88,AI is off,AI is off,AI is off,AI is off,Not paired,AI is off,0,0,0
270000,21,0,6,0.65,0.21,0,0,26,1,0,12,False,True,0,0,53,41,30,3.88,AI is off,AI is off,AI is off,AI is off,Not paired,AI is off,0,0,0
272000,21,0,6,0.65,0.21,0,0,26,1,0,12,False,True,0,0,54,42,32,3.88,AI is off,AI is off,AI is off,AI is off,Not paired,AI is off,0,0,0
274000,21,0,6,0.65,0.21,0,0,25,1,0,12,False,True,0,0,53,42,31,3.88,AI is off,AI is off,AI is off,AI is off,Not paired,AI is off,0,0,0
276000,20.9,0,6,0.64,0.21,0,0,25,1,0,12,False,True,0,0,52,41,30,3.88,AI is off,AI is off,AI is off,AI is off,Not paired,AI is off,0,0,0
278000,21.3,0,6,0.65,0.21,0,0,25,1,0,12,False,True,0,0,53,41,31,3.89,AI is off,AI is off,AI is off,AI is off,Not paired,AI is off,0,0,0
280000,21.4,0,6,0.66,0.21,0,0,25,1,0,12,False,True,0,0,52,41,31,3.89,AI is off,AI is off,AI is off,AI is off,Not paired,AI is off,0,0,0
282000,21.3,0,6,0.65,0.21,0,0,25,1,0,12,False,True,0,0,53,41,32,3.89,AI is off,AI is off,AI is off,AI is off,Not paired,AI is off,0,0,0
284000,21.4,0,6,0.66,0.21,0,0,25,1,0,12,False,True,0,0,53,42,31,3.89,AI is off,AI is off,AI is off,AI is off,Not paired,AI is off,0,0,0
286000,21.3,0,6,0.66,0.21,0,0,23,1,0,12,False,True,0,0,53,42,32,3.89,AI is off,AI is off,AI is off,AI is off,Not paired,AI is off,0,0,0
288000,21.3,0,6,0.65,0.21,0,0,23,1,0,12,False,True,0,0,53,42,32,3.89,AI is off,AI is off,AI is off,AI is off,Not paired,AI is off,0,0,0
290000,21.2,0,6,0.65,0.21,0,0,24,1,0,12,False,True,0,0,54,42,30,3.89,AI is off,AI is off,AI is off,AI is off,Not paired,AI is off,0,0,0
292000,21.4,0,6,0.66,0.21,0,0,24,1,0,12,False,True,0,0,54,42,30,3.89,AI is off,AI is off,AI is off,AI is off,Not paired,AI is off,0,0,0
294000,21.4,0,6,0.66,0.21,0,0,24,1,0,12,False,True,0,0,54,42,30,3.89,AI is off,AI is off,AI is off,AI is off,Not paired,AI is off,0,0,0
296000,21.3,0,6,0.65,0.21,0,0,24,1,0,12,False,True,0,0,53,42,31,3.89,AI is off,AI is off,AI is off,AI is off,Not paired,AI is off,0,0,0
298000,21.4,0,6,0.66,0.21,0,0,24,1,0,12,False,True,0,0,53,42,31,3.89,AI is off,AI is off,AI is off,AI is off,Not paired,AI is off,0,0,0
300000,21.4,0,6,0.66,0.21,0,0,24,1,0,12,False,True,0,0,53,42,31,3.89,AI is off,AI is off,AI is off,AI is off,Not paired,AI is off,0,0,0
302000,21.1,0,6,0.65,0.21,0,0,23,1,0,12,False,True,0,0,54,42,31,3.89,AI is off,AI is off,AI is off,AI is off,Not paired,AI is off,0,0,0
304000,21.3,0,6,0.65,0.21,0,0,23,1,0,12,False,True,0,0,54,42,32,3.89,AI is off,AI is off,AI is off,AI is off,Not paired,AI is off,0,0,0
306000,21.3,0,6,0.65,0.21,0,0,23,1,0,12,False,True,0,0,54,42,31,3.89,AI is off,AI is off,AI is off,AI is off,Not paired,AI is off,0,0,0
308000,21.3,0,6,0.65,0.21,0,0,23,1,0,12,False,True,0,0,54,42,31,3.89,AI is off,AI is off,AI is off,AI is off,Not paired,AI is off,0,0,0
310000,21.2,0,6,0.65,0.21,0,0,23,1,0,12,False,True,0,0,54,41,31,3.89,AI is off,AI is off,AI is off,AI is off,Not paired,AI is off,0,0,0
312000,21.3,0,6,0.65,0.21,0,0,23,1,0,12,False,True,0,0,53,41,30,3.89,AI is off,AI is off,AI is off,AI is off,Not paired,AI is off,0,0,0
314000,21.4,0,6,0.66,0.21,0,0,23,1,0,12,False,True,0,0,54,42,32,3.89,AI is off,AI is off,AI is off,AI is off,Not paired,AI is off,0,0,0
316000,21.5,0,6,0.66,0.21,0,0,23,1,0,12,False,True,0,0,52,40,30,3.88,AI is off,AI is off,AI is off,AI is off,Not paired,AI is off,0,0,0
318000,21.5,0,6,0.66,0.21,0,0,23,1,0,12,False,True,0,0,52,41,31,3.88,AI is off,AI is off,AI is off,AI is off,Not paired,AI is off,0,0,0
320000,21.5,0,6,0.66,0.21,0,0,23,1,0,12,False,True,0,0,52,41,31,3.89,AI is off,AI is off,AI is off,AI is off,Not paired,AI is off,0,0,0
322000,21.5,0,6,0.66,0.21,0,0,22,1,0,12,False,True,0,0,52,41,31,3.89,AI is off,AI is off,AI is off,AI is off,Not paired,AI is off,0,0,0
324000,21.4,0,6,0.66,0.21,0,0,22,1,0,12,False,True,0,0,54,42,32,3.89,AI is off,AI is off,AI is off,AI is off,Not paired,AI is off,0,0,0
326000,21.4,0,6,0.66,0.21,0,0,22,1,0,12,False,True,0,0,53,42,32,3.89,AI is off,AI is off,AI is off,AI is off,Not paired,AI is off,0,0,0
328000,21.3,0,6,0.65,0.21,0,0,22,1,0,12,False,True,0,0,53,40,30,3.89,AI is off,AI is off,AI is off,AI is off,Not paired,AI is off,0,0,0
330000,21,0,6,0.65,0.21,0,0,22,1,0,12,False,True,0,0,54,43,33,3.89,AI is off,AI is off,AI is off,AI is off,Not paired,AI is off,0,0,0
332000,20.9,0,6,0.64,0.21,0,0,22,1,0,12,False,True,0,0,53,41,31,3.89,AI is off,AI is off,AI is off,AI is off,Not paired,AI is off,0,0,0
334000,21.1,0,6,0.65,0.21,0,0,24,1,0,12,False,True,0,0,53,41,30,3.89,AI is off,AI is off,AI is off,AI is off,Not paired,AI is off,0,0,0
336000,21.3,0,6,0.65,0.21,0,0,24,1,0,12,False,True,0,0,53,42,30,3.89,AI is off,AI is off,AI is off,AI is off,Not paired,AI is off,0,0,0
338000,21.3,0,6,0.65,0.21,0,0,24,1,0,12,False,True,0,0,54,43,31,3.89,AI is off,AI is off,AI is off,AI is off,Not paired,AI is off,0,0,0
340000,21.2,0,6,0.66,0.21,0,0,23,1,0,12,False,True,0,0,54,42,30,3.89,AI is off,AI is off,AI is off,AI is off,Not paired,AI is off,0,0,0
342000,21.5,0,6,0.66,0.21,0,0,23,1,0,12,False,True,0,0,54,42,30,3.89,AI is off,AI is off,AI is off,AI is off,Not paired,AI is off,0,0,0
344000,21.5,0,6,0.66,0.21,0,0,23,1,0,12,False,True,0,0,53,42,32,3.89,AI is off,AI is off,AI is off,AI is off,Not paired,AI is off,0,0,0
346000,21.5,0,6,0.66,0.21,0,0,23,1,0,12,False,True,0,0,54,42,31,3.89,AI is off,AI is off,AI is off,AI is off,Not paired,AI is off,0,0,0
348000,21.4,0,6,0.66,0.21,0,0,23,1,0,12,False,True,0,0,54,42,32,3.89,AI is off,AI is off,AI is off,AI is off,Not paired,AI is off,0,0,0
350000,21.4,0,6,0.66,0.21,0,0,22,1,0,12,False,True,0,0,53,41,31,3.88,AI is off,AI is off,AI is off,AI is off,Not paired,AI is off,0,0,0
352000,21.4,0,6,0.66,0.21,0,0,22,1,0,12,False,True,0,0,54,43,32,3.88,AI is off,AI is off,AI is off,AI is off,Not paired,AI is off,0,0,0
354000,21.4,0,6,0.66,0.21,0,0,22,1,0,12,False,True,0,0,54,42,32,3.88,AI is off,AI is off,AI is off,AI is off,Not paired,AI is off,0,0,0
356000,21,0,6,0.65,0.21,0,0,22,1,0,12,False,True,0,0,53,42,32,3.88,AI is off,AI is off,AI is off,AI is off,Not paired,AI is off,0,0,0
358000,20.7,0,6,0.64,0.21,0,0,22,1,0,12,False,True,0,0,55,43,33,3.88,AI is off,AI is off,AI is off,AI is off,Not paired,AI is off,0,0,0
360000,20.9,0,6,0.64,0.21,0,0,22,1,0,12,False,True,0,0,54,43,33,3.88,AI is off,AI is off,AI is off,AI is off,Not paired,AI is off,0,0,0
362000,21.2,0,6,0.65,0.21,0,0,22,1,0,12,False,True,0,0,53,41,30,3.88,AI is off,AI is off,AI is off,AI is off,Not paired,AI is off,0,0,0
364000,21.3,0,6,0.65,0.21,0,0,22,1,0,12,False,True,0,0,53,41,32,3.88,AI is off,AI is off,AI is off,AI is off,Not paired,AI is off,0,0,0
366000,21.3,0,6,0.65,0.21,0,0,22,1,0,12,False,True,0,0,54,43,32,3.88,AI is off,AI is off,AI is off,AI is off,Not paired,AI is off,0,0,0
368000,21,0,6,0.65,0.21,0,0,22,1,0,12,False,True,0,0,54,42,32,3.88,AI is off,AI is off,AI is off,AI is off,Not paired,AI is off,0,0,0
370000,21,0,6,0.65,0.21,0,0,22,1,0,12,False,True,0,0,54,42,32,3.88,AI is off,AI is off,AI is off,AI is off,Not paired,AI is off,0,0,0
372000,21,0,6,0.65,0.21,0,0,23,1,0,12,False,True,0,0,54,44,33,3.88,AI is off,AI is off,AI is off,AI is off,Not paired,AI is off,0,0,0
374000,21,0,6,0.65,0.21,0,0,23,1,0,12,False,True,0,0,54,42,33,3.88,AI is off,AI is off,AI is off,AI is off,Not paired,AI is off,0,0,0
376000,21,0,6,0.65,0.21,0,0,23,1,0,12,False,True,0,0,55,44,33,3.88,AI is off,AI is off,AI is off,AI is off,Not paired,AI is off,0,0,0
378000,21.1,0,6,0.65,0.21,0,0,23,1,0,12,False,True,0,0,54,43,32,3.88,AI is off,AI is off,AI is off,AI is off,Not paired,AI is off,0,0,0
380000,21.2,0,6,0.65,0.21,0,0,23,1,0,12,False,True,0,0,54,44,33,3.88,AI is off,AI is off,AI is off,AI is off,Not paired,AI is off,0,0,0
382000,21.2,0,6,0.65,0.21,0,0,23,1,0,12,False,True,0,0,54,43,33,3.88,AI is off,AI is off,AI is off,AI is off,Not paired,AI is off,0,0,0
384000,21.3,0,6,0.65,0.21,0,0,22,1,0,12,False,True,0,0,53,41,31,3.88,AI is off,AI is off,AI is off,AI is off,Not paired,AI is off,0,0,0
386000,21.1,0,6,0.65,0.21,0,0,22,1,0,12,False,True,0,0,53,41,31,3.88,AI is off,AI is off,AI is off,AI is off,Not paired,AI is off,0,0,0
388000,21,0,6,0.65,0.21,0,0,23,1,0,12,False,True,0,0,54,43,33,3.88,AI is off,AI is off,AI is off,AI is off,Not paired,AI is off,0,0,0
390000,20.9,0,6,0.65,0.21,0,0,23,1,0,12,False,True,0,0,54,42,32,3.88,AI is off,AI is off,AI is off,AI is off,Not paired,AI is off,0,0,0
392000,20.9,0,6,0.65,0.21,0,0,23,1,0,12,False,True,0,0,52,42,31,3.88,AI is off,AI is off,AI is off,AI is off,Not paired,AI is off,0,0,0
394000,20.9,0,6,0.65,0.21,0,0,23,1,0,12,False,True,0,0,52,41,31,3.88,AI is off,AI is off,AI is off,AI is off,Not paired,AI is off,0,0,0
396000,21.1,0,6,0.65,0.21,0,0,23,1,0,12,False,True,0,0,53,43,31,3.88,AI is off,AI is off,AI is off,AI is off,Not paired,AI is off,0,0,0
398000,21,0,6,0.65,0.21,0,0,23,1,0,12,False,True,0,0,54,43,32,3.88,AI is off,AI is off,AI is off,AI is off,Not paired,AI is off,0,0,0
400000,21,0,6,0.65,0.21,0,0,23,1,0,12,False,True,0,0,53,41,32,3.88,AI is off,AI is off,AI is off,AI is off,Not paired,AI is off,0,0,0
402000,21,0,6,0.65,0.21,0,0,23,1,0,12,False,True,0,0,55,44,34,3.88,AI is off,AI is off,AI is off,AI is off,Not paired,AI is off,0,0,0
404000,20.9,0,6,0.65,0.21,0,0,23,1,0,12,False,True,0,0,52,41,30,3.88,AI is off,AI is off,AI is off,AI is off,Not paired,AI is off,0,0,0
406000,21.1,0,6,0.65,0.21,0,0,23,1,0,12,False,True,0,0,52,42,32,3.88,AI is off,AI is off,AI is off,AI is off,Not paired,AI is off,0,0,0
408000,21,0,6,0.65,0.21,0,0,23,1,0,12,False,True,0,0,52,42,31,3.88,AI is off,AI is off,AI is off,AI is off,Not paired,AI is off,0,0,0
410000,21,0,6,0.65,0.21,0,0,23,1,0,12,False,True,0,0,54,42,32,3.88,AI is off,AI is off,AI is off,AI is off,Not paired,AI is off,0,0,0
412000,20.7,0,6,0.64,0.21,0,0,23,1,0,12,False,True,0,0,54,43,33,3.88,AI is off,AI is off,AI is off,AI is off,Not paired,AI is off,0,0,0
414000,20.8,0,6,0.64,0.21,0,0,23,1,0,12,False,True,0,0,55,44,33,3.88,AI is off,AI is off,AI is off,AI is off,Not paired,AI is off,0,0,0
416000,20.8,0,6,0.64,0.21,0,0,23,1,0,12,False,True,0,0,56,44,34,3.88,AI is off,AI is off,AI is off,AI is off,Not paired,AI is off,0,0,0
418000,20.8,0,6,0.64,0.21,0,0,23,1,0,12,False,True,0,0,56,45,35,3.88,AI is off,AI is off,AI is off,AI is off,Not paired,AI is off,0,0,0
420000,20.8,0,6,0.64,0.21,0,0,23,1,0,12,False,True,0,0,56,44,35,3.88,AI is off,AI is off,AI is off,AI is off,Not paired,AI is off,0,0,0
422000,20.7,0,6,0.64,0.21,0,0,23,1,0,12,False,True,0,0,57,46,35,3.88,AI is off,AI is off,AI is off,AI is off,Not paired,AI is off,0,0,0
424000,20.9,0,6,0.64,0.21,0,0,23,1,0,12,False,True,0,0,55,44,33,3.88,AI is off,AI is off,AI is off,AI is off,Not paired,AI is off,0,0,0
426000,21,0,6,0.65,0.21,0,0,23,1,0,12,False,True,0,0,55,44,35,3.88,AI is off,AI is off,AI is off,AI is off,Not paired,AI is off,0,0,0
428000,20.9,0,6,0.64,0.21,0,0,23,1,0,12,False,True,0,0,55,44,33,3.88,AI is off,AI is off,AI is off,AI is off,Not paired,AI is off,0,0,0
430000,21,0,6,0.65,0.21,0,0,23,1,0,12,False,True,0,0,54,43,32,3.88,AI is off,AI is off,AI is off,AI is off,Not paired,AI is off,0,0,0
432000,21,0,6,0.65,0.21,0,0,22,1,0,12,False,True,0,0,55,43,33,3.88,AI is off,AI is off,AI is off,AI is off,Not paired,AI is off,0,0,0
434000,21,0,6,0.65,0.21,0,0,22,1,0,12,False,True,0,0,55,43,33,3.88,AI is off,AI is off,AI is off,AI is off,Not paired,AI is off,0,0,0
436000,21.2,0,6,0.65,0.21,0,0,22,1,0,12,False,True,0,0,54,43,34,3.88,AI is off,AI is off,AI is off,AI is off,Not paired,AI is off,0,0,0
438000,21.1,0,6,0.65,0.21,0,0,22,1,0,12,False,True,0,0,56,45,35,3.88,AI is off,AI is off,AI is off,AI is off,Not paired,AI is off,0,0,0
440000,21,0,6,0.65,0.21,0,0,22,1,0,12,False,True,0,0,56,44,34,3.88,AI is off,AI is off,AI is off,AI is off,Not paired,AI is off,0,0,0
442000,21,0,6,0.65,0.21,0,0,22,1,0,12,False,True,0,0,55,44,34,3.88,AI is off,AI is off,AI is off,AI is off,Not paired,AI is off,0,0,0
444000,20.9,0,6,0.65,0.21,0,0,22,1,0,12,False,True,0,0,56,45,36,3.88,AI is off,AI is off,AI is off,AI is off,Not paired,AI is off,0,0,0
446000,21,0,6,0.65,0.21,0,0,22,1,0,12,False,True,0,0,56,45,35,3.88,AI is off,AI is off,AI is off,AI is off,Not paired,AI is off,0,0,0
448000,21,0,6,0.65,0.21,0,0,22,1,0,12,False,True,0,0,54,43,33,3.88,AI is off,AI is off,AI is off,AI is off,Not paired,AI is off,0,0,0
450000,20.8,0,6,0.64,0.21,0,0,22,1,0,12,False,True,0,0,57,46,35,3.88,AI is off,AI is off,AI is off,AI is off,Not paired,AI is off,0,0,0
452000,20.8,0,6,0.64,0.21,0,0,22,1,0,12,False,True,0,0,56,45,35,3.88,AI is off,AI is off,AI is off,AI is off,Not paired,AI is off,0,0,0
454000,20.9,0,6,0.64,0.21,0,0,22,1,0,12,False,True,0,0,54,43,33,3.88,AI is off,AI is off,AI is off,AI is off,Not paired,AI is off,0,0,0
456000,20.8,0,6,0.64,0.21,0,0,22,1,0,12,False,True,0,0,55,44,35,3.88,AI is off,AI is off,AI is off,AI is off,Not paired,AI is off,0,0,0
458000,20.5,0,6,0.64,0.21,0,0,22,1,0,12,False,True,0,0,55,40,31,3.88,AI is off,AI is off,AI is off,AI is off,Not paired,AI is off,0,0,0
460000,20.5,0,6,0.64,0.21,0,0,22,1,0,12,False,True,0,0,54,41,30,3.88,AI is off,AI is off,AI is off,AI is off,Not paired,AI is off,0,0,0
462000,20.7,0,6,0.64,0.21,0,0,22,1,0,12,False,True,0,0,57,46,37,3.88,AI is off,AI is off,AI is off,AI is off,Not paired,AI is off,0,0,0
464000,20.9,0,6,0.64,0.21,0,0,22,1,0,12,False,True,0,0,56,45,35,3.88,AI is off,AI is off,AI is off,AI is off,Not paired,AI is off,0,0,0
466000,20.9,0,6,0.65,0.21,0,0,22,1,0,12,False,True,0,0,56,44,34,3.88,AI is off,AI is off,AI is off,AI is off,Not paired,AI is off,0,0,0
468000,20.9,0,6,0.65,0.21,0,0,22,1,0,12,False,True,0,0,56,45,35,3.88,AI is off,AI is off,AI is off,AI is off,Not paired,AI is off,0,0,0
470000,21,0,6,0.65,0.21,0,0,22,1,0,12,False,True,0,0,55,44,34,3.88,AI is off,AI is off,AI is off,AI is off,Not paired,AI is off,0,0,0
472000,20.9,0,6,0.65,0.21,0,0,22,1,0,12,False,True,0,0,55,44,34,3.88,AI is off,AI is off,AI is off,AI is off,Not paired,AI is off,0,0,0
474000,20.8,0,6,0.64,0.21,0,0,22,1,0,12,False,True,0,0,55,44,34,3.88,AI is off,AI is off,AI is off,AI is off,Not paired,AI is off,0,0,0
476000,20.7,0,6,0.64,0.21,0,0,22,1,0,12,False,True,0,0,55,44,34,3.88,AI is off,AI is off,AI is off,AI is off,Not paired,AI is off,0,0,0
478000,20.8,0,6,0.64,0.21,0,0,22,1,0,12,False,True,0,0,56,44,35,3.88,AI is off,AI is off,AI is off,AI is off,Not paired,AI is off,0,0,0
480000,20.8,0,6,0.64,0.21,0,0,22,1,0,12,False,True,0,0,55,45,36,3.88,AI is off,AI is off,AI is off,AI is off,Not paired,AI is off,0,0,0
482000,20.6,0,6,0.64,0.21,0,0,22,1,0,12,False,True,0,0,56,44,34,3.88,AI is off,AI is off,AI is off,AI is off,Not paired,AI is off,0,0,0
484000,20.5,0,6,0.64,0.21,0,0,22,1,0,12,False,True,0,0,55,44,34,3.88,AI is off,AI is off,AI is off,AI is off,Not paired,AI is off,0,0,0
486000,20.4,0,5,0.64,0.21,0,0,23,1,0,12,False,True,0,0,56,45,36,3.88,AI is off,AI is off,AI is off,AI is off,Not paired,AI is off,0,0,0
488000,20.3,0,5,0.63,0.21,0,0,23,1,0,12,False,True,0,0,55,44,33,3.88,AI is off,AI is off,AI is off,AI is off,Not paired,AI is off,0,0,0
490000,20.2,0,5,0.63,0.21,0,0,23,1,0,12,False,True,0,0,56,45,35,3.88,AI is off,AI is off,AI is off,AI is off,Not paired,AI is off,0,0,0
492000,20.4,0,5,0.63,0.21,0,0,24,1,0,12,False,True,0,0,55,44,33,3.88,AI is off,AI is off,AI is off,AI is off,Not paired,AI is off,0,0,0
494000,20.4,0,5,0.63,0.21,0,0,24,1,0,12,False,True,0,0,55,44,34,3.88,AI is off,AI is off,AI is off,AI is off,Not paired,AI is off,0,0,0
496000,20.3,0,5,0.63,0.21,0,0,24,1,0,12,False,True,0,0,56,45,36,3.88,AI is off,AI is off,AI is off,AI is off,Not paired,AI is off,0,0,0
498000,20.4,0,5,0.63,0.21,0,0,24,1,0,12,False,True,0,0,57,46,36,3.88,AI is off,AI is off,AI is off,AI is off,Not paired,AI is off,0,0,0
500000,20.4,0,5,0.63,0.21,0,0,24,1,0,12,False,True,0,0,56,45,37,3.88,AI is off,AI is off,AI is off,AI is off,Not paired,AI is off,0,0,0
502000,20.4,0,5,0.64,0.21,0,0,23,1,0,12,False,True,0,0,56,45,35,3.88,AI is off,AI is off,AI is off,AI is off,Not paired,AI is off,0,0,0
504000,20.4,0,5,0.64,0.21,0,0,23,1,0,12,False,True,0,0,57,45,35,3.88,AI is off,AI is off,AI is off,AI is off,Not paired,AI is off,0,0,0
506000,20.4,0,5,0.63,0.21,0,0,23,1,0,12,False,True,0,0,54,43,33,3.88,AI is off,AI is off,AI is off,AI is off,Not paired,AI is off,0,0,0
508000,20.7,0,5,0.64,0.21,0,0,23,1,0,12,False,True,0,0,53,41,32,3.88,AI is off,AI is off,AI is off,AI is off,Not paired,AI is off,0,0,0
510000,20.8,0,5,0.64,0.21,0,0,23,1,0,12,False,True,0,0,56,45,35,3.88,AI is off,AI is off,AI is off,AI is off,Not paired,AI is off,0,0,0
512000,20.9,0,5,0.64,0.21,0,0,23,1,0,12,False,True,0,0,56,45,35,3.88,AI is off,AI is off,AI is off,AI is off,Not paired,AI is off,0,0,0
514000,21.2,0,5,0.65,0.21,0,0,23,1,0,12,False,True,0,0,55,43,33,3.88,AI is off,AI is off,AI is off,AI is off,Not paired,AI is off,0,0,0
516000,21.3,0,5,0.65,0.21,0,0,23,1,0,12,False,True,0,0,55,44,34,3.88,AI is off,AI is off,AI is off,AI is off,Not paired,AI is off,0,0,0
518000,21.5,0,5,0.66,0.21,0,0,23,1,0,12,False,True,0,0,54,42,33,3.88,AI is off,AI is off,AI is off,AI is off,Not paired,AI is off,0,0,0
520000,21.7,0,6,0.66,0.21,0,0,19,1,0,12,False,True,0,0,54,43,33,3.88,AI is off,AI is off,AI is off,AI is off,Not paired,AI is off,0,0,0
522000,21.5,0,6,0.66,0.21,0,0,19,1,0,12,False,True,0,0,53,42,33,3.88,AI is off,AI is off,AI is off,AI is off,Not paired,AI is off,0,0,0
524000,21.5,0,6,0.66,0.21,0,0,19,1,0,12,False,True,0,0,54,43,33,3.88,AI is off,AI is off,AI is off,AI is off,Not paired,AI is off,0,0,0
526000,21.3,0,6,0.66,0.21,0,0,19,1,0,12,False,True,0,0,55,44,34,3.88,AI is off,AI is off,AI is off,AI is off,Not paired,AI is off,0,0,0
528000,21,0,6,0.65,0.21,0,0,19,1,0,12,False,True,0,0,54,42,33,3.88,AI is off,AI is off,AI is off,AI is off,Not paired,AI is off,0,0,0
530000,21,0,6,0.65,0.21,0,0,19,1,0,12,False,True,0,0,55,44,35,3.88,AI is off,AI is off,AI is off,AI is off,Not paired,AI is off,0,0,0
532000,20.9,0,6,0.65,0.21,0,0,19,1,0,12,False,True,0,0,54,42,32,3.88,AI is off,AI is off,AI is off,AI is off,Not paired,AI is off,0,0,0
534000,20.9,0,6,0.64,0.21,0,0,19,1,0,12,False,True,0,0,53,41,32,3.88,AI is off,AI is off,AI is off,AI is off,Not paired,AI is off,0,0,0
536000,21,0,6,0.65,0.21,0,0,21,1,0,12,False,True,0,0,55,44,35,3.88,AI is off,AI is off,AI is off,AI is off,Not paired,AI is off,0,0,0
538000,21.1,0,6,0.65,0.21,0,0,21,1,0,12,False,True,0,0,55,44,34,3.88,AI is off,AI is off,AI is off,AI is off,Not paired,AI is off,0,0,0
540000,21.1,0,6,0.65,0.21,0,0,20,1,0,12,False,True,0,0,54,42,33,3.88,AI is off,AI is off,AI is off,AI is off,Not paired,AI is off,0,0,0
542000,21.1,0,6,0.65,0.21,0,0,20,1,0,12,False,True,0,0,54,43,33,3.88,AI is off,AI is off,AI is off,AI is off,Not paired,AI is off,0,0,0
544000,21.1,0,6,0.65,0.21,0,0,20,1,0,12,False,True,0,0,54,42,32,3.88,AI is off,AI is off,AI is off,AI is off,Not paired,AI is off,0,0,0
546000,21.3,0,6,0.65,0.21,0,0,20,1,0,12,False,True,0,0,54,42,33,3.88,AI is off,AI is off,AI is off,AI is off,Not paired,AI is off,0,0,0
548000,21.1,0,6,0.65,0.21,0,0,20,1,0,12,False,True,0,0,54,44,34,3.88,AI is off,AI is off,AI is off,AI is off,Not paired,AI is off,0,0,0
550000,21.2,0,6,0.65,0.21,0,0,20,1,0,12,False,True,0,0,53,41,31,3.88,AI is off,AI is off,AI is off,AI is off,Not paired,AI is off,0,0,0
552000,21.1,0,6,0.65,0.21,0,0,20,1,0,12,False,True,0,0,55,43,33,3.88,AI is off,AI is off,AI is off,AI is off,Not paired,AI is off,0,0,0
554000,21.3,0,6,0.65,0.21,0,0,20,1,0,12,False,True,0,0,54,41,33,3.88,AI is off,AI is off,AI is off,AI is off,Not paired,AI is off,0,0,0
556000,21.3,0,6,0.65,0.21,0,0,19,1,0,12,False,True,0,0,55,41,31,3.88,AI is off,AI is off,AI is off,AI is off,Not paired,AI is off,0,0,0
558000,21.3,0,6,0.66,0.21,0,0,19,1,0,12,False,True,0,0,55,42,32,3.88,AI is off,AI is off,AI is off,AI is off,Not paired,AI is off,0,0,0
560000,21.4,0,6,0.65,0.21,0,0,19,1,0,12,False,True,0,0,53,41,31,3.88,AI is off,AI is off,AI is off,AI is off,Not paired,AI is off,0,0,0
562000,21.4,0,6,0.66,0.21,0,0,19,1,0,12,False,True,0,0,53,41,31,3.88,AI is off,AI is off,AI is off,AI is off,Not paired,AI is off,0,0,0
564000,21.4,0,6,0.66,0.21,0,0,19,1,0,12,False,True,0,0,52,40,31,3.88,AI is off,AI is off,AI is off,AI is off,Not paired,AI is off,0,0,0
566000,21.3,0,6,0.65,0.21,0,0,19,1,0,12,False,True,0,0,53,42,32,3.88,AI is off,AI is off,AI is off,AI is off,Not paired,AI is off,0,0,0
568000,20.9,0,6,0.65,0.21,0,0,19,1,0,12,False,True,0,0,56,44,34,3.88,AI is off,AI is off,AI is off,AI is off,Not paired,AI is off,0,0,0
570000,21.1,0,6,0.65,0.21,0,0,19,1,0,12,False,True,0,0,53,41,31,3.88,AI is off,AI is off,AI is off,AI is off,Not paired,AI is off,0,0,0
572000,21.4,0,6,0.65,0.21,0,0,19,1,0,12,False,True,0,0,53,42,31,3.88,AI is off,AI is off,AI is off,AI is off,Not paired,AI is off,0,0,0
574000,21.5,0,6,0.66,0.21,0,0,19,1,0,12,False,True,0,0,53,42,31,3.88,AI is off,AI is off,AI is off,AI is off,Not paired,AI is off,0,0,0
576000,21.2,0,6,0.65,0.21,0,0,19,1,0,12,False,True,0,0,55,43,33,3.88,AI is off,AI is off,AI is off,AI is off,Not paired,AI is off,0,0,0
578000,21.4,0,6,0.65,0.21,0,0,19,1,0,12,False,True,0,0,54,41,31,3.88,AI is off,AI is off,AI is off,AI is off,Not paired,AI is off,0,0,0
580000,21,0,6,0.65,0.21,0,0,19,1,0,12,False,True,0,0,53,42,32,3.88,AI is off,AI is off,AI is off,AI is off,Not paired,AI is off,0,0,0
582000,21.1,0,6,0.65,0.21,0,0,19,1,0,12,False,True,0,0,54,42,33,3.88,AI is off,AI is off,AI is off,AI is off,Not paired,AI is off,0,0,0
584000,21.1,0,6,0.65,0.21,0,0,20,1,0,12,False,True,0,0,53,42,32,3.88,AI is off,AI is off,AI is off,AI is off,Not paired,AI is off,0,0,0
586000,21.5,0,6,0.65,0.21,0,0,20,1,0,12,False,True,0,0,52,41,30,3.88,AI is off,AI is off,AI is off,AI is off,Not paired,AI is off,0,0,0
588000,21.8,0,6,0.66,0.21,0,0,18,1,0,12,False,True,0,0,53,42,32,3.88,AI is off,AI is off,AI is off,AI is off,Not paired,AI is off,0,0,0
590000,21.9,0,6,0.67,0.21,0,0,18,1,0,12,False,True,0,0,53,43,32,3.88,AI is off,AI is off,AI is off,AI is off,Not paired,AI is off,0,0,0
592000,21.8,0,6,0.66,0.21,0,0,18,1,0,12,False,True,0,0,54,42,32,3.88,AI is off,AI is off,AI is off,AI is off,Not paired,AI is off,0,0,0
594000,21.9,0,6,0.67,0.21,0,0,18,1,0,12,False,True,0,0,56,44,35,3.88,AI is off,AI is off,AI is off,AI is off,Not paired,AI is off,0,0,0
596000,22.2,0,6,0.67,0.21,0,0,18,1,0,12,False,True,0,0,54,43,33,3.88,AI is off,AI is off,AI is off,AI is off,Not paired,AI is off,0,0,0
598000,22.1,0,6,0.67,0.21,0,0,18,1,0,12,False,True,0,0,55,44,34,3.88,AI is off,AI is off,AI is off,AI is off,Not paired,AI is off,0,0,0
600000,22.1,0,6,0.67,0.21,0,0,17,1,0,12,False,True,0,0,55,44,34,3.88,AI is off,AI is off,AI is off,AI is off,Not paired,AI is off,0,0,0
602000,22.1,0,6,0.67,0.21,0,0,17,1,0,12,False,True,0,0,53,41,31,3.88,AI is off,AI is off,AI is off,AI is off,Not paired,AI is off,0,0,0
604000,22.1,0,6,0.67,0.21,0,0,17,1,0,12,False,True,0,0,54,42,32,3.88,AI is off,AI is off,AI is off,AI is off,Not paired,AI is off,0,0,0
606000,22,0,6,0.67,0.21,0,0,17,1,0,12,False,True,0,0,54,42,32,3.88,AI is off,AI is off,AI is off,AI is off,Not paired,AI is off,0,0,0
608000,22,0,6,0.67,0.21,0,0,17,1,0,12,False,True,0,0,54,41,31,3.88,AI is off,AI is off,AI is off,AI is off,Not paired,AI is off,0,0,0
610000,22,0,6,0.67,0.21,0,0,17,1,0,12,False,True,0,0,54,42,32,3.88,AI is off,AI is off,AI is off,AI is off,Not paired,AI is off,0,0,0
612000,22,0,6,0.67,0.21,0,0,17,1,0,12,False,True,0,0,53,41,31,3.88,AI is off,AI is off,AI is off,AI is off,Not paired,AI is off,0,0,0
614000,22,0,6,0.67,0.21,0,0,17,1,0,12,False,True,0,0,54,43,32,3.88,AI is off,AI is off,AI is off,AI is off,Not paired,AI is off,0,0,0
616000,22,0,6,0.67,0.21,0,0,17,1,0,12,False,True,0,0,56,43,33,3.88,AI is off,AI is off,AI is off,AI is off,Not paired,AI is off,0,0,0
618000,22,0,6,0.67,0.21,0,0,17,1,0,12,False,True,0,0,55,44,35,3.88,AI is off,AI is off,AI is off,AI is off,Not paired,AI is off,0,0,0
620000,22,0,6,0.67,0.21,0,0,17,1,0,12,False,True,0,0,55,43,32,3.88,AI is off,AI is off,AI is off,AI is off,Not paired,AI is off,0,0,0
622000,22.1,0,6,0.67,0.21,0,0,16,1,0,12,False,True,0,0,55,44,34,3.88,AI is off,AI is off,AI is off,AI is off,Not paired,AI is off,0,0,0
624000,22.2,0,6,0.67,0.21,0,0,16,1,0,12,False,True,0,0,55,44,35,3.88,AI is off,AI is off,AI is off,AI is off,Not paired,AI is off,0,0,0
626000,22.2,0,6,0.67,0.21,0,0,16,1,0,12,False,True,0,0,55,44,33,3.88,AI is off,AI is off,AI is off,AI is off,Not paired,AI is off,0,0,0
628000,22.4,0,6,0.68,0.21,0,0,16,1,0,12,False,True,0,0,54,42,32,3.88,AI is off,AI is off,AI is off,AI is off,Not paired,AI is off,0,0,0
630000,22.5,0,6,0.68,0.21,0,0,16,1,0,12,False,True,0,0,54,41,32,3.88,AI is off,AI is off,AI is off,AI is off,Not paired,AI is off,0,0,0
632000,22.5,0,6,0.68,0.21,0,0,15,1,0,12,False,True,0,0,53,42,32,3.88,AI is off,AI is off,AI is off,AI is off,Not paired,AI is off,0,0,0
634000,22.5,0,6,0.68,0.21,0,0,15,1,0,12,False,True,0,0,55,43,34,3.88,AI is off,AI is off,AI is off,AI is off,Not paired,AI is off,0,0,0
636000,22.5,0,6,0.68,0.21,0,0,15,1,0,12,False,True,0,0,54,43,32,3.88,AI is off,AI is off,AI is off,AI is off,Not paired,AI is off,0,0,0
638000,22.5,0,6,0.68,0.21,0,0,15,1,0,12,False,True,0,0,54,42,32,3.88,AI is off,AI is off,AI is off,AI is off,Not paired,AI is off,0,0,0
640000,22.3,0,6,0.67,0.21,0,0,15,1,0,12,False,True,0,0,55,43,33,3.88,AI is off,AI is off,AI is off,AI is off,Not paired,AI is off,0,0,0
642000,22.2,0,6,0.67,0.21,0,0,15,1,0,11,False,True,0,0,55,44,34,3.88,AI is off,AI is off,AI is off,AI is off,Not paired,AI is off,0,0,0
644000,22.3,0,6,0.67,0.21,0,0,15,1,0,11,False,True,0,0,55,43,33,3.88,AI is off,AI is off,AI is off,AI is off,Not paired,AI is off,0,0,0
646000,22.4,0,6,0.68,0.21,0,0,15,1,0,11,False,True,0,0,54,43,33,3.88,AI is off,AI is off,AI is off,AI is off,Not paired,AI is off,0,0,0
648000,22.6,0,6,0.68,0.21,0,0,15,1,0,11,False,True,0,0,54,43,32,3.88,AI is off,AI is off,AI is off,AI is off,Not paired,AI is off,0,0,0
650000,22.7,0,6,0.68,0.21,0,0,15,1,0,11,False,True,0,0,55,43,32,3.88,AI is off,AI is off,AI is off,AI is off,Not paired,AI is off,0,0,0
652000,22.8,0,6,0.68,0.21,0,0,15,1,0,11,False,True,0,0,55,42,32,3.88,AI is off,AI is off,AI is off,AI is off,Not paired,AI is off,0,0,0
654000,22.9,0,6,0.69,0.21,0,0,14,1,0,11,False,True,0,0,55,44,34,3.88,AI is off,AI is off,AI is off,AI is off,Not paired,AI is off,0,0,0
656000,23,0,6,0.69,0.21,0,0,14,1,0,11,False,True,0,0,54,44,34,3.88,AI is off,AI is off,AI is off,AI is off,Not paired,AI is off,0,0,0
658000,23,0,6,0.69,0.21,0,0,14,1,0,11,False,True,0,0,55,44,34,3.88,AI is off,AI is off,AI is off,AI is off,Not paired,AI is off,0,0,0
660000,23,0,6,0.69,0.21,0,0,14,1,0,11,False,True,0,0,53,41,31,3.88,AI is off,AI is off,AI is off,AI is off,Not paired,AI is off,0,0,0
662000,23.1,0,6,0.69,0.21,0,0,14,1,0,11,False,True,0,0,53,41,31,3.88,AI is off,AI is off,AI is off,AI is off,Not paired,AI is off,0,0,0
664000,23.2,0,6,0.69,0.21,0,0,14,1,0,11,False,True,0,0,52,41,31,3.88,AI is off,AI is off,AI is off,AI is off,Not paired,AI is off,0,0,0
666000,23.5,0,6,0.7,0.21,0,0,13,1,0,11,False,True,0,0,53,40,30,3.88,AI is off,AI is off,AI is off,AI is off,Not paired,AI is off,0,0,0
668000,23.4,0,6,0.7,0.21,0,0,13,1,0,11,False,True,0,0,55,44,34,3.88,AI is off,AI is off,AI is off,AI is off,Not paired,AI is off,0,0,0
670000,23.2,0,6,0.7,0.21,0,0,13,1,0,11,False,True,0,0,54,44,34,3.88,AI is off,AI is off,AI is off,AI is off,Not paired,AI is off,0,0,0
672000,23.5,0,6,0.7,0.21,0,0,13,1,0,11,False,True,0,0,53,41,31,3.88,AI is off,AI is off,AI is off,AI is off,Not paired,AI is off,0,0,0
674000,23.7,0,6,0.7,0.21,0,0,13,1,0,11,False,True,0,0,54,42,32,3.88,AI is off,AI is off,AI is off,AI is off,Not paired,AI is off,0,0,0
676000,23.8,0,6,0.71,0.21,0,0,13,1,0,11,False,True,0,0,56,45,35,3.88,AI is off,AI is off,AI is off,AI is off,Not paired,AI is off,0,0,0
678000,23.6,0,6,0.7,0.21,0,0,13,1,0,11,False,True,0,0,55,44,33,3.88,AI is off,AI is off,AI is off,AI is off,Not paired,AI is off,0,0,0
680000,23.5,0,6,0.7,0.21,0,0,13,1,0,11,False,True,0,0,53,40,30,3.88,AI is off,AI is off,AI is off,AI is off,Not paired,AI is off,0,0,0
682000,23.4,0,6,0.7,0.21,0,0,13,1,0,11,False,True,0,0,54,42,32,3.88,AI is off,AI is off,AI is off,AI is off,Not paired,AI is off,0,0,0
684000,23.4,0,6,0.7,0.21,0,0,13,1,0,11,False,True,0,0,54,42,32,3.88,AI is off,AI is off,AI is off,AI is off,Not paired,AI is off,0,0,0
686000,23.4,0,6,0.7,0.21,0,0,13,1,0,11,False,True,0,0,54,42,32,3.88,AI is off,AI is off,AI is off,AI is off,Not paired,AI is off,0,0,0
688000,23.2,0,6,0.69,0.21,0,0,13,1,0,11,False,True,0,0,53,41,32,3.88,AI is off,AI is off,AI is off,AI is off,Not paired,AI is off,0,0,0
690000,22.7,0,6,0.69,0.21,0,0,13,1,0,11,False,True,0,0,55,44,34,3.88,AI is off,AI is off,AI is off,AI is off,Not paired,AI is off,0,0,0
692000,22.7,0,6,0.68,0.21,0,0,13,1,0,11,False,True,0,0,53,42,32,3.88,AI is off,AI is off,AI is off,AI is off,Not paired,AI is off,0,0,0
694000,22.7,0,6,0.68,0.21,0,0,13,1,0,11,False,True,0,0,53,41,32,3.88,AI is off,AI is off,AI is off,AI is off,Not paired,AI is off,0,0,0
696000,22.4,0,6,0.68,0.21,0,0,13,1,0,11,False,True,0,0,55,43,33,3.88,AI is off,AI is off,AI is off,AI is off,Not paired,AI is off,0,0,0
698000,22.1,0,6,0.67,0.21,0,0,15,1,0,11,False,True,0,0,54,42,32,3.88,AI is off,AI is off,AI is off,AI is off,Not paired,AI is off,0,0,0
700000,22.2,0,6,0.67,0.21,0,0,15,1,0,11,False,True,0,0,56,45,35,3.88,AI is off,AI is off,AI is off,AI is off,Not paired,AI is off,0,0,0
702000,22.3,0,6,0.68,0.21,0,0,15,1,0,11,False,True,0,0,54,43,32,3.88,AI is off,AI is off,AI is off,AI is off,Not paired,AI is off,0,0,0
704000,22.5,0,6,0.68,0.21,0,0,14,1,0,11,False,True,0,0,56,44,34,3.88,AI is off,AI is off,AI is off,AI is off,Not paired,AI is off,0,0,0
706000,22.7,0,6,0.68,0.21,0,0,14,1,0,11,False,True,0,0,54,43,32,3.88,AI is off,AI is off,AI is off,AI is off,Not paired,AI is off,0,0,0
708000,22.5,0,6,0.68,0.21,0,0,14,1,0,11,False,True,0,0,55,44,34,3.88,AI is off,AI is off,AI is off,AI is off,Not paired,AI is off,0,0,0
710000,21.9,0,6,0.67,0.21,0,0,14,1,0,11,False,True,0,0,54,43,33,3.88,AI is off,AI is off,AI is off,AI is off,Not paired,AI is off,0,0,0
712000,21.7,0,6,0.66,0.21,0,0,14,1,0,11,False,True,0,0,55,44,34,3.88,AI is off,AI is off,AI is off,AI is off,Not paired,AI is off,0,0,0
714000,21.6,0,6,0.66,0.21,0,0,16,1,0,11,False,True,0,0,55,43,32,3.88,AI is off,AI is off,AI is off,AI is off,Not paired,AI is off,0,0,0
716000,21.7,0,6,0.66,0.21,0,0,16,1,0,11,False,True,0,0,53,42,32,3.88,AI is off,AI is off,AI is off,AI is off,Not paired,AI is off,0,0,0
718000,21.9,0,6,0.66,0.21,0,0,16,1,0,11,False,True,0,0,53,41,32,3.88,AI is off,AI is off,AI is off,AI is off,Not paired,AI is off,0,0,0
720000,22,0,6,0.67,0.21,0,0,15,1,0,11,False,True,0,0,54,42,32,3.88,AI is off,AI is off,AI is off,AI is off,Not paired,AI is off,0,0,0
722000,21.9,0,6,0.67,0.21,0,0,15,1,0,11,False,True,0,0,55,43,32,3.88,AI is off,AI is off,AI is off,AI is off,Not paired,AI is off,0,0,0
724000,21.9,0,6,0.67,0.21,0,0,15,1,0,11,False,True,0,0,55,44,34,3.88,AI is off,AI is off,AI is off,AI is off,Not paired,AI is off,0,0,0
726000,22,0,6,0.67,0.21,0,0,15,1,0,11,False,True,0,0,54,42,32,3.88,AI is off,AI is off,AI is off,AI is off,Not paired,AI is off,0,0,0
728000,22.1,0,6,0.67,0.21,0,0,15,1,0,11,False,True,0,0,55,44,34,3.88,AI is off,AI is off,AI is off,AI is off,Not paired,AI is off,0,0,0
730000,22.2,0,6,0.67,0.21,0,0,15,1,0,11,False,True,0,0,56,44,35,3.88,AI is off,AI is off,AI is off,AI is off,Not paired,AI is off,0,0,0
732000,22.4,0,6,0.68,0.21,0,0,14,1,0,11,False,True,0,0,56,45,36,3.88,AI is off,AI is off,AI is off,AI is off,Not paired,AI is off,0,0,0
734000,22.5,0,6,0.68,0.21,0,0,14,1,0,11,False,True,0,0,55,44,33,3.88,AI is off,AI is off,AI is off,AI is off,Not paired,AI is off,0,0,0
736000,22.5,0,6,0.68,0.21,0,0,13,1,0,11,False,True,0,0,56,45,35,3.88,AI is off,AI is off,AI is off,AI is off,Not paired,AI is off,0,0,0
738000,22.7,0,6,0.68,0.21,0,0,13,1,0,11,False,True,0,0,54,43,32,3.88,AI is off,AI is off,AI is off,AI is off,Not paired,AI is off,0,0,0
740000,22.7,0,6,0.68,0.21,0,0,13,1,0,11,False,True,0,0,56,45,36,3.88,AI is off,AI is off,AI is off,AI is off,Not paired,AI is off,0,0,0
742000,22.8,0,6,0.69,0.21,0,0,13,1,0,11,False,True,0,0,56,44,35,3.88,AI is off,AI is off,AI is off,AI is off,Not paired,AI is off,0,0,0
744000,22.9,0,6,0.69,0.21,0,0,13,1,0,10,False,True,0,0,55,44,34,3.88,AI is off,AI is off,AI is off,AI is off,Not paired,AI is off,0,0,0
746000,23.1,0,6,0.69,0.21,0,0,13,1,0,11,False,True,0,0,54,43,33,3.88,AI is off,AI is off,AI is off,AI is off,Not paired,AI is off,0,0,0
748000,23.1,0,6,0.69,0.21,0,0,12,1,0,10,False,True,0,0,54,42,33,3.88,AI is off,AI is off,AI is off,AI is off,Not paired,AI is off,0,0,0
750000,23.2,0,6,0.69,0.21,0,0,12,1,0,10,False,True,0,0,52,42,31,3.88,AI is off,AI is off,AI is off,AI is off,Not paired,AI is off,0,0,0
752000,23.1,0,6,0.69,0.21,0,0,12,1,0,10,False,True,0,0,56,44,34,3.88,AI is off,AI is off,AI is off,AI is off,Not paired,AI is off,0,0,0
754000,22.9,0,6,0.69,0.21,0,0,12,1,0,10,False,True,0,0,57,45,35,3.88,AI is off,AI is off,AI is off,AI is off,Not paired,AI is off,0,0,0
756000,22.8,0,6,0.69,0.21,0,0,12,1,0,10,False,True,0,0,56,46,36,3.88,AI is off,AI is off,AI is off,AI is off,Not paired,AI is off,0,0,0
758000,22.9,0,6,0.69,0.21,0,0,12,1,0,10,False,True,0,0,55,45,37,3.88,AI is off,AI is off,AI is off,AI is off,Not paired,AI is off,0,0,0
760000,23.2,0,6,0.69,0.21,0,0,12,1,0,10,False,True,0,0,54,43,33,3.88,AI is off,AI is off,AI is off,AI is off,Not paired,AI is off,0,0,0
762000,22.9,0,6,0.69,0.21,0,0,12,1,0,10,False,True,0,0,56,45,35,3.88,AI is off,AI is off,AI is off,AI is off,Not paired,AI is off,0,0,0
764000,22.9,0,6,0.69,0.21,0,0,12,1,0,10,False,True,0,0,56,45,35,3.88,AI is off,AI is off,AI is off,AI is off,Not paired,AI is off,0,0,0
766000,22.9,0,6,0.69,0.21,0,0,12,1,0,10,False,True,0,0,56,45,37,3.88,AI is off,AI is off,AI is off,AI is off,Not paired,AI is off,0,0,0
768000,23,0,6,0.69,0.21,0,0,12,1,0,10,False,True,0,0,56,45,36,3.88,AI is off,AI is off,AI is off,AI is off,Not paired,AI is off,0,0,0
770000,23,0,6,0.69,0.21,0,0,12,1,0,10,False,True,0,0,57,45,35,3.88,AI is off,AI is off,AI is off,AI is off,Not paired,AI is off,0,0,0
772000,23.1,0,6,0.69,0.21,0,0,12,1,0,10,False,True,0,0,53,42,32,3.88,AI is off,AI is off,AI is off,AI is off,Not paired,AI is off,0,0,0
774000,23.2,0,6,0.69,0.21,0,0,12,1,0,10,False,True,0,0,53,41,32,3.88,AI is off,AI is off,AI is off,AI is off,Not paired,AI is off,0,0,0
776000,23.3,0,6,0.7,0.21,0,0,12,1,0,10,False,True,0,0,52,42,31,3.88,AI is off,AI is off,AI is off,AI is off,Not paired,AI is off,0,0,0
778000,23.2,0,6,0.69,0.21,0,0,12,1,0,10,False,True,0,0,54,44,34,3.88,AI is off,AI is off,AI is off,AI is off,Not paired,AI is off,0,0,0
780000,23.2,0,6,0.69,0.21,0,0,12,1,0,10,False,True,0,0,54,43,33,3.88,AI is off,AI is off,AI is off,AI is off,Not paired,AI is off,0,0,0
782000,23.3,0,6,0.7,0.21,0,0,12,1,0,10,False,True,0,0,53,41,31,3.88,AI is off,AI is off,AI is off,AI is off,Not paired,AI is off,0,0,0
784000,23.1,0,6,0.69,0.21,0,0,12,1,0,10,False,True,0,0,53,41,32,3.88,AI is off,AI is off,AI is off,AI is off,Not paired,AI is off,0,0,0
786000,23,0,6,0.69,0.21,0,0,12,1,0,10,False,True,0,0,54,43,34,3.88,AI is off,AI is off,AI is off,AI is off,Not paired,AI is off,0,0,0
788000,23,0,6,0.69,0.21,0,0,12,1,0,10,False,True,0,0,53,41,32,3.88,AI is off,AI is off,AI is off,AI is off,Not paired,AI is off,0,0,0
790000,22.7,0,6,0.69,0.21,0,0,12,1,0,10,False,True,0,0,54,44,33,3.88,AI is off,AI is off,AI is off,AI is off,Not paired,AI is off,0,0,0
792000,22.8,0,6,0.69,0.21,0,0,12,1,0,10,False,True,0,0,53,41,32,3.88,AI is off,AI is off,AI is off,AI is off,Not paired,AI is off,0,0,0
794000,22.9,0,6,0.69,0.21,0,0,12,1,0,10,False,True,0,0,53,41,32,3.88,AI is off,AI is off,AI is off,AI is off,Not paired,AI is off,0,0,0
796000,22.9,0,6,0.69,0.21,0,0,12,1,0,10,False,True,0,0,53,41,31,3.88,AI is off,AI is off,AI is off,AI is off,Not paired,AI is off,0,0,0
798000,23,0,6,0.69,0.21,0,0,12,1,0,10,False,True,0,0,52,41,30,3.88,AI is off,AI is off,AI is off,AI is off,Not paired,AI is off,0,0,0
800000,22.9,0,6,0.69,0.21,0,0,12,1,0,10,False,True,0,0,53,42,32,3.88,AI is off,AI is off,AI is off,AI is off,Not paired,AI is off,0,0,0
802000,22.5,0,6,0.68,0.21,0,0,12,1,0,10,False,True,0,0,53,43,32,3.88,AI is off,AI is off,AI is off,AI is off,Not paired,AI is off,0,0,0
804000,22.8,0,6,0.68,0.21,0,0,12,1,0,10,False,True,0,0,52,41,30,3.88,AI is off,AI is off,AI is off,AI is off,Not paired,AI is off,0,0,0
806000,22.8,0,6,0.69,0.21,0,0,12,1,0,10,False,True,0,0,55,44,35,3.88,AI is off,AI is off,AI is off,AI is off,Not paired,AI is off,0,0,0
808000,22.9,0,6,0.69,0.21,0,0,12,1,0,10,False,True,0,0,55,45,35,3.88,AI is off,AI is off,AI is off,AI is off,Not paired,AI is off,0,0,0
810000,23.3,0,6,0.7,0.21,0,0,12,1,0,10,False,True,0,0,53,42,31,3.88,AI is off,AI is off,AI is off,AI is off,Not paired,AI is off,0,0,0
812000,23.3,0,6,0.7,0.21,0,0,12,1,0,10,False,True,0,0,54,43,33,3.88,AI is off,AI is off,AI is off,AI is off,Not paired,AI is off,0,0,0
814000,23.3,0,6,0.7,0.21,0,0,11,1,0,10,False,True,0,0,55,44,34,3.88,AI is off,AI is off,AI is off,AI is off,Not paired,AI is off,0,0,0
816000,23.5,0,6,0.7,0.21,0,0,11,1,0,10,False,True,0,0,54,42,32,3.88,AI is off,AI is off,AI is off,AI is off,Not paired,AI is off,0,0,0
818000,23.5,0,6,0.7,0.21,0,0,11,1,0,10,False,True,0,0,55,44,34,3.88,AI is off,AI is off,AI is off,AI is off,Not paired,AI is off,0,0,0
820000,23.4,0,6,0.7,0.21,0,0,11,1,0,10,False,True,0,0,53,42,32,3.88,AI is off,AI is off,AI is off,AI is off,Not paired,AI is off,0,0,0
822000,23.1,0,6,0.69,0.21,0,0,11,1,0,10,False,True,0,0,54,43,32,3.88,AI is off,AI is off,AI is off,AI is off,Not paired,AI is off,0,0,0
824000,22.9,0,6,0.69,0.21,0,0,11,1,0,10,False,True,0,0,53,42,32,3.88,AI is off,AI is off,AI is off,AI is off,Not paired,AI is off,0,0,0
826000,22.7,0,6,0.68,0.21,0,0,11,1,0,10,False,True,0,0,53,42,33,3.88,AI is off,AI is off,AI is off,AI is off,Not paired,AI is off,0,0,0
828000,22.6,0,6,0.68,0.21,0,0,11,1,0,10,False,True,0,0,52,42,31,3.88,AI is off,AI is off,AI is off,AI is off,Not paired,AI is off,0,0,0
830000,22.8,0,6,0.68,0.21,0,0,12,1,0,10,False,True,0,0,54,43,33,3.88,AI is off,AI is off,AI is off,AI is off,Not paired,AI is off,0,0,0
832000,22.8,0,6,0.69,0.21,0,0,12,1,0,10,False,True,0,0,53,42,32,3.88,AI is off,AI is off,AI is off,AI is off,Not paired,AI is off,0,0,0
834000,23.1,0,6,0.69,0.21,0,0,12,1,0,10,False,True,0,0,54,43,32,3.88,AI is off,AI is off,AI is off,AI is off,Not paired,AI is off,0,0,0
836000,23,0,6,0.69,0.21,0,0,11,1,0,10,False,True,0,0,53,42,31,3.88,AI is off,AI is off,AI is off,AI is off,Not paired,AI is off,0,0,0
838000,22.6,0,6,0.68,0.21,0,0,11,1,0,10,False,True,0,0,54,42,32,3.88,AI is off,AI is off,AI is off,AI is off,Not paired,AI is off,0,0,0
840000,22.5,0,6,0.68,0.21,0,0,11,1,0,10,False,True,0,0,54,44,34,3.88,AI is off,AI is off,AI is off,AI is off,Not paired,AI is off,0,0,0
842000,22.5,0,6,0.68,0.21,0,0,11,1,0,10,False,True,0,0,54,44,35,3.88,AI is off,AI is off,AI is off,AI is off,Not paired,AI is off,0,0,0
844000,22.2,0,6,0.68,0.21,0,0,11,1,0,10,False,True,0,0,55,44,34,3.88,AI is off,AI is off,AI is off,AI is off,Not paired,AI is off,0,0,0
846000,21.9,0,6,0.67,0.21,0,0,13,1,0,10,False,True,0,0,54,43,33,3.88,AI is off,AI is off,AI is off,AI is off,Not paired,AI is off,0,0,0
848000,21.9,0,6,0.67,0.21,0,0,13,1,0,10,False,True,0,0,55,43,34,3.88,AI is off,AI is off,AI is off,AI is off,Not paired,AI is off,0,0,0
850000,22.1,0,6,0.67,0.21,0,0,13,1,0,10,False,True,0,0,56,46,36,3.88,AI is off,AI is off,AI is off,AI is off,Not paired,AI is off,0,0,0
852000,21.9,0,6,0.67,0.21,0,0,12,1,0,10,False,True,0,0,54,42,32,3.88,AI is off,AI is off,AI is off,AI is off,Not paired,AI is off,0,0,0
854000,21.7,0,6,0.66,0.21,0,0,12,1,0,10,False,True,0,0,54,42,33,3.88,AI is off,AI is off,AI is off,AI is off,Not paired,AI is off,0,0,0
856000,21.7,0,6,0.66,0.21,0,0,12,1,0,10,False,True,0,0,54,43,34,3.88,AI is off,AI is off,AI is off,AI is off,Not paired,AI is off,0,0,0
858000,21.9,0,6,0.67,0.21,0,0,12,1,0,10,False,True,0,0,55,45,34,3.88,AI is off,AI is off,AI is off,AI is off,Not paired,AI is off,0,0,0
860000,22.3,0,6,0.67,0.21,0,0,12,1,0,10,False,True,0,0,55,43,34,3.88,AI is off,AI is off,AI is off,AI is off,Not paired,AI is off,0,0,0
862000,22.6,0,6,0.68,0.21,0,0,12,1,0,10,False,True,0,0,55,45,35,3.88,AI is off,AI is off,AI is off,AI is off,Not paired,AI is off,0,0,0
864000,22.9,0,6,0.69,0.21,0,0,11,1,0,10,False,True,0,0,54,42,33,3.88,AI is off,AI is off,AI is off,AI is off,Not paired,AI is off,0,0,0
866000,22.9,0,6,0.69,0.21,0,0,11,1,0,10,False,True,0,0,55,44,34,3.88,AI is off,AI is off,AI is off,AI is off,Not paired,AI is off,0,0,0
868000,22.9,0,6,0.69,0.21,0,0,11,1,0,10,False,True,0,0,54,44,34,3.88,AI is off,AI is off,AI is off,AI is off,Not paired,AI is off,0,0,0
870000,23,0,6,0.69,0.21,0,0,11,1,0,10,False,True,0,0,55,45,35,3.88,AI is off,AI is off,AI is off,AI is off,Not paired,AI is off,0,0,0
872000,23,0,6,0.69,0.21,0,0,11,1,0,10,False,True,0,0,53,42,31,3.88,AI is off,AI is off,AI is off,AI is off,Not paired,AI is off,0,0,0
874000,23.1,0,6,0.69,0.21,0,0,11,1,0,10,False,True,0,0,56,44,35,3.88,AI is off,AI is off,AI is off,AI is off,Not paired,AI is off,0,0,0
876000,23.3,0,6,0.69,0.21,0,0,11,1,0,10,False,True,0,0,53,41,31,3.88,AI is off,AI is off,AI is off,AI is off,Not paired,AI is off,0,0,0
878000,23.6,0,6,0.7,0.21,0,0,11,1,0,10,False,True,0,0,54,43,33,3.88,AI is off,AI is off,AI is off,AI is off,Not paired,AI is off,0,0,0
880000,23.4,0,6,0.7,0.21,0,0,10,1,0,10,False,True,0,0,53,42,31,3.88,AI is off,AI is off,AI is off,AI is off,Not paired,AI is off,0,0,0
882000,23.4,0,6,0.7,0.21,0,0,10,1,0,10,False,True,0,0,53,41,31,3.88,AI is off,AI is off,AI is off,AI is off,Not paired,AI is off,0,0,0
884000,23.2,0,6,0.69,0.21,0,0,10,1,0,10,False,True,0,0,55,45,35,3.88,AI is off,AI is off,AI is off,AI is off,Not paired,AI is off,0,0,0
886000,22.8,0,6,0.69,0.21,0,0,10,1,0,10,False,True,0,0,54,43,33,3.88,AI is off,AI is off,AI is off,AI is off,Not paired,AI is off,0,0,0
888000,22.4,0,6,0.68,0.21,0,0,10,1,0,10,False,True,0,0,54,43,34,3.88,AI is off,AI is off,AI is off,AI is off,Not paired,AI is off,0,0,0
890000,21.9,0,6,0.66,0.21,0,0,10,1,0,10,False,True,0,0,54,43,33,3.88,AI is off,AI is off,AI is off,AI is off,Not paired,AI is off,0,0,0
892000,22.2,0,6,0.67,0.21,0,0,10,1,0,10,False,True,0,0,53,41,31,3.88,AI is off,AI is off,AI is off,AI is off,Not paired,AI is off,0,0,0
894000,22.2,0,6,0.67,0.21,0,0,10,1,0,10,False,True,0,0,53,42,32,3.88,AI is off,AI is off,AI is off,AI is off,Not paired,AI is off,0,0,0
896000,22,0,6,0.67,0.21,0,0,11,1,0,10,False,True,0,0,56,45,34,3.88,AI is off,AI is off,AI is off,AI is off,Not paired,AI is off,0,0,0
898000,22,0,6,0.67,0.21,0,0,11,1,0,10,False,True,0,0,55,45,35,3.88,AI is off,AI is off,AI is off,AI is off,Not paired,AI is off,0,0,0
900000,21.8,0,6,0.66,0.21,0,0,11,1,0,10,False,True,0,0,54,42,33,3.88,AI is off,AI is off,AI is off,AI is off,Not paired,AI is off,0,0,0
902000,21.8,0,6,0.66,0.21,0,0,12,1,0,10,False,True,0,0,55,44,34,3.88,AI is off,AI is off,AI is off,AI is off,Not paired,AI is off,0,0,0
904000,21.6,0,6,0.66,0.21,0,0,12,1,0,10,False,True,0,0,56,44,34,3.88,AI is off,AI is off,AI is off,AI is off,Not paired,AI is off,0,0,0
906000,21.5,0,6,0.66,0.21,0,0,12,1,0,10,False,True,0,0,54,42,32,3.88,AI is off,AI is off,AI is off,AI is off,Not paired,AI is off,0,0,0
908000,21.2,0,6,0.65,0.21,0,0,12,1,0,10,False,True,0,0,54,43,34,3.88,AI is off,AI is off,AI is off,AI is off,Not paired,AI is off,0,0,0
910000,21,0,6,0.65,0.21,0,0,12,1,0,10,False,True,0,0,55,44,34,3.88,AI is off,AI is off,AI is off,AI is off,Not paired,AI is off,0,0,0
912000,20.8,0,6,0.64,0.21,0,0,14,1,0,11,False,True,0,0,55,44,35,3.88,AI is off,AI is off,AI is off,AI is off,Not paired,AI is off,0,0,0
914000,20.7,0,6,0.64,0.21,0,0,14,1,0,11,False,True,0,0,55,45,36,3.88,AI is off,AI is off,AI is off,AI is off,Not paired,AI is off,0,0,0
916000,20.6,0,6,0.64,0.21,0,0,14,1,0,11,False,True,0,0,54,43,33,3.88,AI is off,AI is off,AI is off,AI is off,Not paired,AI is off,0,0,0
918000,20.5,0,5,0.64,0.21,0,0,15,1,0,11,False,True,0,0,56,45,35,3.88,AI is off,AI is off,AI is off,AI is off,Not paired,AI is off,0,0,0
920000,20.5,0,5,0.64,0.21,0,0,15,1,0,11,False,True,0,0,55,44,34,3.88,AI is off,AI is off,AI is off,AI is off,Not paired,AI is off,0,0,0
922000,20.4,0,5,0.64,0.21,0,0,15,1,0,11,False,True,0,0,55,45,35,3.88,AI is off,AI is off,AI is off,AI is off,Not paired,AI is off,0,0,0
924000,20.4,0,5,0.64,0.21,0,0,15,1,0,11,False,True,0,0,56,44,34,3.88,AI is off,AI is off,AI is off,AI is off,Not paired,AI is off,0,0,0
926000,20.4,0,5,0.64,0.21,0,0,15,1,0,11,False,True,0,0,57,46,36,3.88,AI is off,AI is off,AI is off,AI is off,Not paired,AI is off,0,0,0
928000,20.6,0,5,0.64,0.21,0,0,15,1,0,11,False,True,0,0,55,45,35,3.88,AI is off,AI is off,AI is off,AI is off,Not paired,AI is off,0,0,0
930000,20.8,0,6,0.64,0.21,0,0,14,1,0,11,False,True,0,0,56,45,35,3.88,AI is off,AI is off,AI is off,AI is off,Not paired,AI is off,0,0,0
932000,21,0,6,0.65,0.21,0,0,14,1,0,11,False,True,0,0,55,45,35,3.88,AI is off,AI is off,AI is off,AI is off,Not paired,AI is off,0,0,0
934000,20.9,0,6,0.65,0.21,0,0,13,1,0,11,False,True,0,0,54,43,32,3.88,AI is off,AI is off,AI is off,AI is off,Not paired,AI is off,0,0,0
936000,20.8,0,6,0.64,0.21,0,0,13,1,0,11,False,True,0,0,56,44,35,3.88,AI is off,AI is off,AI is off,AI is off,Not paired,AI is off,0,0,0
938000,20.6,0,6,0.64,0.21,0,0,13,1,0,11,False,True,0,0,55,45,36,3.88,AI is off,AI is off,AI is off,AI is off,Not paired,AI is off,0,0,0
940000,20.3,0,6,0.63,0.21,0,0,13,1,0,11,False,True,0,0,57,46,37,3.88,AI is off,AI is off,AI is off,AI is off,Not paired,AI is off,0,0,0
942000,20.2,0,6,0.63,0.21,0,0,13,1,0,11,False,True,0,0,56,44,35,3.88,AI is off,AI is off,AI is off,AI is off,Not paired,AI is off,0,0,0
944000,20.2,0,6,0.63,0.21,0,0,13,1,0,11,False,True,0,0,55,45,35,3.88,AI is off,AI is off,AI is off,AI is off,Not paired,AI is off,0,0,0
946000,20.3,0,5,0.63,0.21,0,0,15,1,0,11,False,True,0,0,55,44,34,3.88,AI is off,AI is off,AI is off,AI is off,Not paired,AI is off,0,0,0
948000,20.3,0,5,0.63,0.21,0,0,15,1,0,11,False,True,0,0,55,44,34,3.88,AI is off,AI is off,AI is off,AI is off,Not paired,AI is off,0,0,0
950000,20.5,0,5,0.64,0.21,0,0,15,1,0,11,False,True,0,0,55,44,35,3.88,AI is off,AI is off,AI is off,AI is off,Not paired,AI is off,0,0,0
952000,20.4,0,5,0.64,0.21,0,0,14,1,0,11,False,True,0,0,56,44,35,3.88,AI is off,AI is off,AI is off,AI is off,Not paired,AI is off,0,0,0
954000,20.6,0,5,0.64,0.21,0,0,14,1,0,11,False,True,0,0,54,43,33,3.88,AI is off,AI is off,AI is off,AI is off,Not paired,AI is off,0,0,0
956000,20.6,0,5,0.64,0.21,0,0,14,1,0,11,False,True,0,0,55,44,34,3.88,AI is off,AI is off,AI is off,AI is off,Not paired,AI is off,0,0,0
958000,20.6,0,5,0.64,0.21,0,0,14,1,0,11,False,True,0,0,55,44,35,3.88,AI is off,AI is off,AI is off,AI is off,Not paired,AI is off,0,0,0
960000,20.7,0,5,0.64,0.21,0,0,14,1,0,11,False,True,0,0,55,45,35,3.88,AI is off,AI is off,AI is off,AI is off,Not paired,AI is off,0,0,0
962000,20.9,0,6,0.64,0.21,0,0,13,1,0,11,False,True,0,0,55,44,33,3.88,AI is off,AI is off,AI is off,AI is off,Not paired,AI is off,0,0,0
964000,20.9,0,6,0.65,0.21,0,0,13,1,0,11,False,True,0,0,55,46,35,3.88,AI is off,AI is off,AI is off,AI is off,Not paired,AI is off,0,0,0
966000,20.9,0,6,0.65,0.21,0,0,13,1,0,11,False,True,0,0,55,44,34,3.88,AI is off,AI is off,AI is off,AI is off,Not paired,AI is off,0,0,0
968000,21,0,6,0.65,0.21,0,0,13,1,0,11,False,True,0,0,56,44,34,3.88,AI is off,AI is off,AI is off,AI is off,Not paired,AI is off,0,0,0
970000,20.8,0,6,0.64,0.21,0,0,13,1,0,11,False,True,0,0,57,45,36,3.88,AI is off,AI is off,AI is off,AI is off,Not paired,AI is off,0,0,0
972000,20.7,0,6,0.64,0.21,0,0,13,1,0,11,False,True,0,0,57,46,36,3.88,AI is off,AI is off,AI is off,AI is off,Not paired,AI is off,0,0,0
974000,20.5,0,6,0.64,0.21,0,0,13,1,0,11,False,True,0,0,56,44,35,3.88,AI is off,AI is off,AI is off,AI is off,Not paired,AI is off,0,0,0
976000,20.5,0,6,0.64,0.21,0,0,13,1,0,11,False,True,0,0,54,41,32,3.88,AI is off,AI is off,AI is off,AI is off,Not paired,AI is off,0,0,0
978000,20.6,0,5,0.64,0.21,0,0,14,1,0,11,False,True,0,0,56,44,35,3.88,AI is off,AI is off,AI is off,AI is off,Not paired,AI is off,0,0,0
980000,20.5,0,5,0.64,0.21,0,0,14,1,0,11,False,True,0,0,55,45,36,3.88,AI is off,AI is off,AI is off,AI is off,Not paired,AI is off,0,0,0
982000,20.4,0,5,0.64,0.21,0,0,14,1,0,11,False,True,0,0,56,44,34,3.88,AI is off,AI is off,AI is off,AI is off,Not paired,AI is off,0,0,0
984000,20.4,0,5,0.63,0.21,0,0,14,1,0,11,False,True,0,0,55,45,35,3.88,AI is off,AI is off,AI is off,AI is off,Not paired,AI is off,0,0,0
986000,20.3,0,5,0.63,0.21,0,0,14,1,0,11,False,True,0,0,55,44,35,3.88,AI is off,AI is off,AI is off,AI is off,Not paired,AI is off,0,0,0
988000,20.3,0,5,0.63,0.21,0,0,14,1,0,11,False,True,0,0,55,45,36,3.88,AI is off,AI is off,AI is off,AI is off,Not paired,AI is off,0,0,0
990000,20.2,0,5,0.63,0.21,0,0,14,1,0,11,False,True,0,0,55,45,35,3.88,AI is off,AI is off,AI is off,AI is off,Not paired,AI is off,0,0,0
992000,20.1,0,5,0.63,0.21,0,0,14,1,0,11,False,True,0,0,55,45,35,3.88,AI is off,AI is off,AI is off,AI is off,Not paired,AI is off,0,0,0
994000,20.2,0,5,0.63,0.21,0,0,14,1,0,11,False,True,0,0,55,45,35,3.88,AI is off,AI is off,AI is off,AI is off,Not paired,AI is off,0,0,0
996000,20.2,0,5,0.63,0.21,0,0,14,1,0,12,False,True,0,0,55,45,35,3.87,AI is off,AI is off,AI is off,AI is off,Not paired,AI is off,0,0,0
998000,20.1,0,5,0.63,0.21,0,0,14,1,0,12,False,True,0,0,55,45,35,3.87,AI is off,AI is off,AI is off,AI is off,Not paired,AI is off,0,0,0
1000000,20,0,5,0.63,0.21,0,0,15,1,0,12,False,True,0,0,56,45,35,3.87,AI is off,AI is off,AI is off,AI is off,Not paired,AI is off,0,0,0
1002000,20,0,5,0.63,0.21,0,0,15,1,0,12,False,True,0,0,54,43,34,3.87,AI is off,AI is off,AI is off,AI is off,Not paired,AI is off,0,0,0
1004000,20.2,0,5,0.63,0.21,0,0,15,1,0,12,False,True,0,0,56,45,35,3.88,AI is off,AI is off,AI is off,AI is off,Not paired,AI is off,0,0,0
1006000,20.2,0,5,0.63,0.21,0,0,15,1,0,12,False,True,0,0,55,45,35,3.88,AI is off,AI is off,AI is off,AI is off,Not paired,AI is off,0,0,0
1008000,20.1,0,5,0.63,0.21,0,0,15,1,0,12,False,True,0,0,55,45,35,3.88,AI is off,AI is off,AI is off,AI is off,Not paired,AI is off,0,0,0
1010000,20.2,0,5,0.63,0.21,0,0,15,1,0,12,False,True,0,0,54,43,33,3.88,AI is off,AI is off,AI is off,AI is off,Not paired,AI is off,0,0,0
1012000,20.3,0,5,0.63,0.21,0,0,14,1,0,12,False,True,0,0,56,45,35,3.87,AI is off,AI is off,AI is off,AI is off,Not paired,AI is off,0,0,0
1014000,20.3,0,5,0.63,0.21,0,0,14,1,0,12,False,True,0,0,56,45,34,3.87,AI is off,AI is off,AI is off,AI is off,Not paired,AI is off,0,0,0
1016000,20.4,0,5,0.63,0.21,0,0,14,1,0,12,False,True,0,0,55,44,35,3.87,AI is off,AI is off,AI is off,AI is off,Not paired,AI is off,0,0,0
1018000,20.5,0,5,0.64,0.21,0,0,13,1,0,12,False,True,0,0,55,45,36,3.87,AI is off,AI is off,AI is off,AI is off,Not paired,AI is off,0,0,0
1020000,20.6,0,5,0.64,0.21,0,0,13,1,0,12,False,True,0,0,55,45,35,3.87,AI is off,AI is off,AI is off,AI is off,Not paired,AI is off,0,0,0
1022000,20.6,0,5,0.64,0.21,0,0,13,1,0,12,False,True,0,0,55,44,35,3.87,AI is off,AI is off,AI is off,AI is off,Not paired,AI is off,0,0,0
1024000,20.8,0,5,0.64,0.21,0,0,13,1,0,12,False,True,0,0,54,43,33,3.87,AI is off,AI is off,AI is off,AI is off,Not paired,AI is off,0,0,0
1026000,20.9,0,5,0.64,0.21,0,0,13,1,0,12,False,True,0,0,54,43,34,3.87,AI is off,AI is off,AI is off,AI is off,Not paired,AI is off,0,0,0
1028000,20.8,0,6,0.64,0.21,0,0,12,1,0,12,False,True,0,0,53,42,31,3.87,AI is off,AI is off,AI is off,AI is off,Not paired,AI is off,0,0,0
1030000,20.7,0,6,0.64,0.21,0,0,12,1,0,12,False,True,0,0,54,42,32,3.87,AI is off,AI is off,AI is off,AI is off,Not paired,AI is off,0,0,0
1032000,20.9,0,6,0.65,0.21,0,0,12,1,0,12,False,True,0,0,53,40,30,3.87,AI is off,AI is off,AI is off,AI is off,Not paired,AI is off,0,0,0
1034000,20.9,0,6,0.64,0.21,0,0,12,1,0,12,False,True,0,0,53,42,32,3.87,AI is off,AI is off,AI is off,AI is off,Not paired,AI is off,0,0,0
1036000,20.8,0,6,0.64,0.21,0,0,12,1,0,12,False,True,0,0,52,41,31,3.87,AI is off,AI is off,AI is off,AI is off,Not paired,AI is off,0,0,0
1038000,20.8,0,6,0.64,0.21,0,0,12,1,0,12,False,True,0,0,54,42,33,3.87,AI is off,AI is off,AI is off,AI is off,Not paired,AI is off,0,0,0
1040000,20.8,0,6,0.64,0.21,0,0,12,1,0,12,False,True,0,0,53,41,31,3.87,AI is off,AI is off,AI is off,AI is off,Not paired,AI is off,0,0,0
1042000,20.8,0,6,0.64,0.21,0,0,12,1,0,12,False,True,0,0,54,42,32,3.87,AI is off,AI is off,AI is off,AI is off,Not paired,AI is off,0,0,0
1044000,20.9,0,6,0.65,0.21,0,0,12,1,0,12,False,True,0,0,53,42,31,3.87,AI is off,AI is off,AI is off,AI is off,Not paired,AI is off,0,0,0
1046000,20.9,0,6,0.64,0.21,0,0,12,1,0,12,False,True,0,0,53,42,32,3.87,AI is off,AI is off,AI is off,AI is off,Not paired,AI is off,0,0,0
1048000,20.8,0,6,0.64,0.21,0,0,12,1,0,12,False,True,0,0,53,41,31,3.87,AI is off,AI is off,AI is off,AI is off,Not paired,AI is off,0,0,0
1050000,20.8,0,6,0.64,0.21,0,0,12,1,0,12,False,True,0,0,52,42,32,3.87,AI is off,AI is off,AI is off,AI is off,Not paired,AI is off,0,0,0
1052000,20.9,0,6,0.64,0.21,0,0,12,1,0,12,False,True,0,0,53,41,31,3.87,AI is off,AI is off,AI is off,AI is off,Not paired,AI is off,0,0,0
1054000,20.8,0,6,0.64,0.21,0,0,12,1,0,12,False,True,0,0,54,43,32,3.87,AI is off,AI is off,AI is off,AI is off,Not paired,AI is off,0,0,0
1056000,20.9,0,6,0.65,0.21,0,0,12,1,0,12,False,True,0,0,52,41,31,3.87,AI is off,AI is off,AI is off,AI is off,Not paired,AI is off,0,0,0
1058000,20.9,0,6,0.65,0.21,0,0,12,1,0,12,False,True,0,0,54,43,33,3.87,AI is off,AI is off,AI is off,AI is off,Not paired,AI is off,0,0,0
1060000,20.8,0,6,0.64,0.21,0,0,12,1,0,12,False,True,0,0,53,41,31,3.87,AI is off,AI is off,AI is off,AI is off,Not paired,AI is off,0,0,0
1062000,20.8,0,6,0.64,0.21,0,0,12,1,0,12,False,True,0,0,53,42,31,3.87,AI is off,AI is off,AI is off,AI is off,Not paired,AI is off,0,0,0
1064000,20.9,0,6,0.64,0.21,0,0,12,1,0,12,False,True,0,0,52,41,30,3.87,AI is off,AI is off,AI is off,AI is off,Not paired,AI is off,0,0,0
1066000,20.9,0,6,0.65,0.21,0,0,11,1,0,12,False,True,0,0,52,42,31,3.87,AI is off,AI is off,AI is off,AI is off,Not paired,AI is off,0,0,0
1068000,20.8,0,6,0.64,0.21,0,0,11,1,0,12,False,True,0,0,53,42,32,3.87,AI is off,AI is off,AI is off,AI is off,Not paired,AI is off,0,0,0
1070000,20.9,0,6,0.65,0.21,0,0,11,1,0,12,False,True,0,0,53,41,31,3.87,AI is off,AI is off,AI is off,AI is off,Not paired,AI is off,0,0,0
1072000,20.9,0,6,0.65,0.21,0,0,11,1,0,12,False,True,0,0,52,42,31,3.87,AI is off,AI is off,AI is off,AI is off,Not paired,AI is off,0,0,0
1074000,20.8,0,6,0.64,0.21,0,0,11,1,0,12,False,True,0,0,53,41,30,3.87,AI is off,AI is off,AI is off,AI is off,Not paired,AI is off,0,0,0
1076000,20.8,0,6,0.64,0.21,0,0,11,1,0,12,False,True,0,0,53,40,30,3.87,AI is off,AI is off,AI is off,AI is off,Not paired,AI is off,0,0,0
1078000,20.9,0,6,0.65,0.21,0,0,11,1,0,12,False,True,0,0,53,42,32,3.87,AI is off,AI is off,AI is off,AI is off,Not paired,AI is off,0,0,0
1080000,20.9,0,6,0.64,0.21,0,0,11,1,0,12,False,True,0,0,53,42,31,3.87,AI is off,AI is off,AI is off,AI is off,Not paired,AI is off,0,0,0
1082000,20.8,0,6,0.64,0.21,0,0,11,1,0,12,False,True,0,0,53,41,31,3.87,AI is off,AI is off,AI is off,AI is off,Not paired,AI is off,0,0,0
1084000,20.9,0,6,0.64,0.21,0,0,11,1,0,12,False,True,0,0,52,42,31,3.87,AI is off,AI is off,AI is off,AI is off,Not paired,AI is off,0,0,0
1086000,20.9,0,6,0.65,0.21,0,0,11,1,0,12,False,True,0,0,54,43,32,3.87,AI is off,AI is off,AI is off,AI is off,Not paired,AI is off,0,0,0
1088000,21,0,6,0.65,0.21,0,0,11,1,0,12,False,True,0,0,53,42,31,3.87,AI is off,AI is off,AI is off,AI is off,Not paired,AI is off,0,0,0
1090000,20.9,0,6,0.64,0.21,0,0,11,1,0,12,False,True,0,0,53,42,31,3.87,AI is off,AI is off,AI is off,AI is off,Not paired,AI is off,0,0,0
1092000,20.9,0,6,0.64,0.21,0,0,11,1,0,12,False,True,0,0,53,43,32,3.87,AI is off,AI is off,AI is off,AI is off,Not paired,AI is off,0,0,0
1094000,20.9,0,6,0.64,0.21,0,0,11,1,0,12,False,True,0,0,52,42,31,3.87,AI is off,AI is off,AI is off,AI is off,Not paired,AI is off,0,0,0
1096000,20.7,0,6,0.64,0.21,0,0,11,1,0,12,False,True,0,0,53,42,32,3.87,AI is off,AI is off,AI is off,AI is off,Not paired,AI is off,0,0,0
1098000,20.6,0,6,0.64,0.21,0,0,11,1,0,12,False,True,0,0,54,44,34,3.87,AI is off,AI is off,AI is off,AI is off,Not paired,AI is off,0,0,0
1100000,20.5,0,5,0.64,0.21,0,0,12,1,0,12,False,True,0,0,53,42,32,3.87,AI is off,AI is off,AI is off,AI is off,Not paired,AI is off,0,0,0
1102000,20.3,0,5,0.63,0.21,0,0,12,1,0,12,False,True,0,0,56,44,35,3.87,AI is off,AI is off,AI is off,AI is off,Not paired,AI is off,0,0,0
1104000,19.9,0,5,0.62,0.21,0,0,12,1,0,12,False,True,0,0,54,43,33,3.87,AI is off,AI is off,AI is off,AI is off,Not paired,AI is off,0,0,0
1106000,19.4,0,5,0.61,0.21,0,0,12,1,0,12,False,True,0,0,55,44,34,3.87,AI is off,AI is off,AI is off,AI is off,Not paired,AI is off,0,0,0
1108000,19.1,0,5,0.61,0.21,0,0,12,1,0,12,False,True,0,0,53,41,32,3.87,AI is off,AI is off,AI is off,AI is off,Not paired,AI is off,0,0,0
1110000,18.7,0,5,0.6,0.21,0,0,16,1,0,12,False,True,0,0,54,43,32,3.87,AI is off,AI is off,AI is off,AI is off,Not paired,AI is off,0,0,0
1112000,18.4,0,5,0.59,0.21,0,0,16,1,0,12,False,True,0,0,55,44,35,3.87,AI is off,AI is off,AI is off,AI is off,Not paired,AI is off,0,0,0
1114000,18.3,0,5,0.59,0.21,0,0,16,1,0,12,False,True,0,0,57,47,37,3.87,AI is off,AI is off,AI is off,AI is off,Not paired,AI is off,0,0,0
1116000,18.1,0,5,0.59,0.21,0,0,18,1,0,12,False,True,0,0,54,42,32,3.87,AI is off,AI is off,AI is off,AI is off,Not paired,AI is off,0,0,0
1118000,18.2,0,5,0.59,0.21,0,0,18,1,0,12,False,True,0,0,55,45,35,3.87,AI is off,AI is off,AI is off,AI is off,Not paired,AI is off,0,0,0
1120000,18.2,0,5,0.59,0.21,0,0,18,1,0,12,False,True,0,0,55,44,34,3.87,AI is off,AI is off,AI is off,AI is off,Not paired,AI is off,0,0,0
1122000,18.2,0,5,0.59,0.21,0,0,18,1,0,12,False,True,0,0,54,43,33,3.87,AI is off,AI is off,AI is off,AI is off,Not paired,AI is off,0,0,0
1124000,18.2,0,5,0.59,0.21,0,0,18,1,0,12,False,True,0,0,55,44,33,3.87,AI is off,AI is off,AI is off,AI is off,Not paired,AI is off,0,0,0
1126000,18.4,0,5,0.59,0.21,0,0,18,1,0,12,False,True,0,0,56,46,35,3.87,AI is off,AI is off,AI is off,AI is off,Not paired,AI is off,0,0,0
1128000,18.4,0,5,0.59,0.21,0,0,17,1,0,12,False,True,0,0,56,46,38,3.87,AI is off,AI is off,AI is off,AI is off,Not paired,AI is off,0,0,0
1130000,18.5,0,5,0.6,0.21,0,0,17,1,0,12,False,True,0,0,56,44,35,3.87,AI is off,AI is off,AI is off,AI is off,Not paired,AI is off,0,0,0
1132000,18.6,0,5,0.6,0.21,0,0,16,1,0,12,False,True,0,0,55,44,34,3.87,AI is off,AI is off,AI is off,AI is off,Not paired,AI is off,0,0,0
1134000,18.7,0,5,0.6,0.21,0,0,16,1,0,12,False,True,0,0,55,44,34,3.87,AI is off,AI is off,AI is off,AI is off,Not paired,AI is off,0,0,0
1136000,18.6,0,5,0.6,0.21,0,0,16,1,0,12,False,True,0,0,55,45,35,3.87,AI is off,AI is off,AI is off,AI is off,Not paired,AI is off,0,0,0
1138000,18.5,0,5,0.6,0.21,0,0,16,1,0,12,False,True,0,0,55,44,34,3.87,AI is off,AI is off,AI is off,AI is off,Not paired,AI is off,0,0,0
1140000,18.4,0,5,0.59,0.21,0,0,16,1,0,12,False,True,0,0,54,43,33,3.87,AI is off,AI is off,AI is off,AI is off,Not paired,AI is off,0,0,0
1142000,18.5,0,5,0.59,0.21,0,0,16,1,0,12,False,True,0,0,57,46,35,3.87,AI is off,AI is off,AI is off,AI is off,Not paired,AI is off,0,0,0
1144000,18.5,0,5,0.6,0.21,0,0,16,1,0,12,False,True,0,0,55,43,34,3.87,AI is off,AI is off,AI is off,AI is off,Not paired,AI is off,0,0,0
1146000,18.5,0,5,0.6,0.21,0,0,16,1,0,12,False,True,0,0,55,44,34,3.87,AI is off,AI is off,AI is off,AI is off,Not paired,AI is off,0,0,0
1148000,18.7,0,5,0.6,0.21,0,0,16,1,0,12,False,True,0,0,53,42,31,3.87,AI is off,AI is off,AI is off,AI is off,Not paired,AI is off,0,0,0
1150000,18.8,0,5,0.6,0.21,0,0,15,1,0,12,False,True,0,0,55,44,34,3.87,AI is off,AI is off,AI is off,AI is off,Not paired,AI is off,0,0,0
1152000,18.8,0,5,0.6,0.21,0,0,15,1,0,12,False,True,0,0,55,45,35,3.87,AI is off,AI is off,AI is off,AI is off,Not paired,AI is off,0,0,0
1154000,18.9,0,5,0.6,0.21,0,0,15,1,0,12,False,True,0,0,55,44,35,3.87,AI is off,AI is off,AI is off,AI is off,Not paired,AI is off,0,0,0
1156000,18.8,0,5,0.6,0.21,0,0,15,1,0,12,False,True,0,0,55,44,34,3.87,AI is off,AI is off,AI is off,AI is off,Not paired,AI is off,0,0,0
1158000,18.9,0,5,0.6,0.21,0,0,15,1,0,12,False,True,0,0,55,44,34,3.87,AI is off,AI is off,AI is off,AI is off,Not paired,AI is off,0,0,0
1160000,19,0,5,0.61,0.21,0,0,14,1,0,12,False,True,0,0,55,43,33,3.87,AI is off,AI is off,AI is off,AI is off,Not paired,AI is off,0,0,0
1162000,19.2,0,5,0.61,0.21,0,0,14,1,0,12,False,True,0,0,55,43,34,3.87,AI is off,AI is off,AI is off,AI is off,Not paired,AI is off,0,0,0
1164000,19.2,0,5,0.61,0.21,0,0,14,1,0,12,False,True,0,0,54,42,33,3.87,AI is off,AI is off,AI is off,AI is off,Not paired,AI is off,0,0,0
1166000,19.3,0,5,0.61,0.21,0,0,14,1,0,12,False,True,0,0,53,41,32,3.87,AI is off,AI is off,AI is off,AI is off,Not paired,AI is off,0,0,0
1168000,19.2,0,5,0.61,0.21,0,0,14,1,0,12,False,True,0,0,53,41,32,3.87,AI is off,AI is off,AI is off,AI is off,Not paired,AI is off,0,0,0
1170000,19.4,0,5,0.61,0.21,0,0,14,1,0,12,False,True,0,0,56,45,35,3.87,AI is off,AI is off,AI is off,AI is off,Not paired,AI is off,0,0,0
1172000,19.5,0,5,0.62,0.21,0,0,14,1,0,12,False,True,0,0,57,45,36,3.87,AI is off,AI is off,AI is off,AI is off,Not paired,AI is off,0,0,0
1174000,19.6,0,5,0.62,0.21,0,0,14,1,0,12,False,True,0,0,56,45,36,3.87,AI is off,AI is off,AI is off,AI is off,Not paired,AI is off,0,0,0
1176000,19.7,0,5,0.62,0.21,0,0,12,1,0,12,False,True,0,0,56,45,36,3.87,AI is off,AI is off,AI is off,AI is off,Not paired,AI is off,0,0,0
1178000,19.7,0,5,0.62,0.21,0,0,12,1,0,12,False,True,0,0,55,44,33,3.87,AI is off,AI is off,AI is off,AI is off,Not paired,AI is off,0,0,0
1180000,19.6,0,5,0.62,0.21,0,0,12,1,0,12,False,True,0,0,55,43,33,3.87,AI is off,AI is off,AI is off,AI is off,Not paired,AI is off,0,0,0
1182000,19.7,0,5,0.62,0.21,0,0,13,1,0,12,False,True,0,0,55,45,35,3.87,AI is off,AI is off,AI is off,AI is off,Not paired,AI is off,0,0,0
1184000,19.7,0,5,0.62,0.21,0,0,13,1,0,12,False,True,0,0,56,45,36,3.87,AI is off,AI is off,AI is off,AI is off,Not paired,AI is off,0,0,0
1186000,19.7,0,5,0.62,0.21,0,0,13,1,0,12,False,True,0,0,56,46,37,3.87,AI is off,AI is off,AI is off,AI is off,Not paired,AI is off,0,0,0
1188000,19.7,0,5,0.62,0.21,0,0,13,1,0,12,False,True,0,0,56,45,35,3.87,AI is off,AI is off,AI is off,AI is off,Not paired,AI is off,0,0,0
1190000,19.6,0,5,0.62,0.21,0,0,13,1,0,12,False,True,0,0,54,43,33,3.87,AI is off,AI is off,AI is off,AI is off,Not paired,AI is off,0,0,0
1192000,19.2,0,5,0.61,0.21,0,0,13,1,0,12,False,True,0,0,55,44,34,3.87,AI is off,AI is off,AI is off,AI is off,Not paired,AI is off,0,0,0
1194000,18.8,0,5,0.61,0.21,0,0,13,1,0,12,False,True,0,0,54,41,30,3.87,AI is off,AI is off,AI is off,AI is off,Not paired,AI is off,0,0,0
1196000,18.7,0,5,0.6,0.21,0,0,13,1,0,12,False,True,0,0,55,45,35,3.87,AI is off,AI is off,AI is off,AI is off,Not paired,AI is off,0,0,0
1198000,18.6,0,5,0.6,0.21,0,0,15,1,0,12,False,True,0,0,55,44,34,3.87,AI is off,AI is off,AI is off,AI is off,Not paired,AI is off,0,0,0
1200000,18.4,0,5,0.6,0.21,0,0,15,1,0,12,False,True,0,0,53,41,31,3.87,AI is off,AI is off,AI is off,AI is off,Not paired,AI is off,0,0,0
1202000,18.1,0,5,0.59,0.21,0,0,15,1,0,12,False,True,0,0,53,41,31,3.87,AI is off,AI is off,AI is off,AI is off,Not paired,AI is off,0,0,0
1204000,18,0,5,0.59,0.21,0,0,15,1,0,12,False,True,0,0,54,42,32,3.87,AI is off,AI is off,AI is off,AI is off,Not paired,AI is off,0,0,0
1206000,17.8,0,5,0.58,0.21,0,0,15,1,0,12,False,True,0,0,54,42,33,3.87,AI is off,AI is off,AI is off,AI is off,Not paired,AI is off,0,0,0
1208000,17.5,0,5,0.58,0.21,0,0,15,1,0,12,False,True,0,0,53,41,31,3.87,AI is off,AI is off,AI is off,AI is off,Not paired,AI is off,0,0,0
1210000,17.3,0,5,0.57,0.21,0,0,19,1,0,12,False,True,0,0,53,42,31,3.87,AI is off,AI is off,AI is off,AI is off,Not paired,AI is off,0,0,0
1212000,17.1,0,5,0.57,0.21,0,0,19,1,0,12,False,True,0,0,54,42,32,3.87,AI is off,AI is off,AI is off,AI is off,Not paired,AI is off,0,0,0
1214000,17.1,0,5,0.57,0.21,0,0,19,1,0,12,False,True,0,0,54,44,34,3.87,AI is off,AI is off,AI is off,AI is off,Not paired,AI is off,0,0,0
1216000,17.1,0,5,0.57,0.21,0,0,20,1,0,12,False,True,0,0,54,43,32,3.87,AI is off,AI is off,AI is off,AI is off,Not paired,AI is off,0,0,0
1218000,17.2,0,5,0.57,0.21,0,0,20,1,0,12,False,True,0,0,54,42,33,3.87,AI is off,AI is off,AI is off,AI is off,Not paired,AI is off,0,0,0
1220000,17.3,0,5,0.57,0.21,0,0,20,1,0,12,False,True,0,0,55,44,33,3.87,AI is off,AI is off,AI is off,AI is off,Not paired,AI is off,0,0,0
1222000,17.3,0,5,0.57,0.21,0,0,20,1,0,12,False,True,0,0,54,42,33,3.87,AI is off,AI is off,AI is off,AI is off,Not paired,AI is off,0,0,0
1224000,17.1,0,5,0.57,0.21,0,0,20,1,0,12,False,True,0,0,57,45,35,3.87,AI is off,AI is off,AI is off,AI is off,Not paired,AI is off,0,0,0
1226000,17.1,0,5,0.57,0.21,0,0,20,1,0,12,False,True,0,0,57,45,35,3.87,AI is off,AI is off,AI is off,AI is off,Not paired,AI is off,0,0,0
1228000,16.9,0,5,0.57,0.21,0,0,20,1,0,13,False,True,0,0,55,44,33,3.87,AI is off,AI is off,AI is off,AI is off,Not paired,AI is off,0,0,0
1230000,16.7,0,5,0.56,0.21,0,0,20,1,0,13,False,True,0,0,55,44,34,3.87,AI is off,AI is off,AI is off,AI is off,Not paired,AI is off,0,0,0
1232000,16.3,0,5,0.55,0.21,0,0,22,1,0,13,False,True,0,0,56,44,34,3.87,AI is off,AI is off,AI is off,AI is off,Not paired,AI is off,0,0,0
1234000,16.1,0,5,0.54,0.21,0,0,22,1,0,13,False,True,0,0,56,45,35,3.87,AI is off,AI is off,AI is off,AI is off,Not paired,AI is off,0,0,0
1236000,16.1,0,5,0.55,0.21,0,0,22,1,0,13,False,True,0,0,53,40,31,3.87,AI is off,AI is off,AI is off,AI is off,Not paired,AI is off,0,0,0
1238000,16.1,0,5,0.54,0.21,0,0,22,1,0,13,False,True,0,0,53,39,31,3.87,AI is off,AI is off,AI is off,AI is off,Not paired,AI is off,0,0,0
1240000,16.1,0,5,0.54,0.21,0,0,22,1,0,13,False,True,0,0,54,43,33,3.87,AI is off,AI is off,AI is off,AI is off,Not paired,AI is off,0,0,0
1242000,15.8,0,5,0.54,0.21,0,0,25,1,0,13,False,True,0,0,55,44,33,3.87,AI is off,AI is off,AI is off,AI is off,Not paired,AI is off,0,0,0
1244000,15.7,0,5,0.54,0.21,0,0,25,1,0,13,False,True,0,0,56,45,34,3.87,AI is off,AI is off,AI is off,AI is off,Not paired,AI is off,0,0,0
1246000,15.6,0,5,0.54,0.21,0,0,25,1,0,13,False,True,0,0,56,45,36,3.87,AI is off,AI is off,AI is off,AI is off,Not paired,AI is off,0,0,0
1248000,15.5,0,5,0.53,0.21,0,0,26,1,0,13,False,True,0,0,53,42,32,3.87,AI is off,AI is off,AI is off,AI is off,Not paired,AI is off,0,0,0
1250000,15.4,0,5,0.53,0.21,0,0,26,1,0,13,False,True,0,0,56,45,36,3.87,AI is off,AI is off,AI is off,AI is off,Not paired,AI is off,0,0,0
1252000,15.2,0,5,0.53,0.21,0,0,26,1,0,13,False,True,0,0,55,44,34,3.87,AI is off,AI is off,AI is off,AI is off,Not paired,AI is off,0,0,0
1254000,15,0,5,0.52,0.21,0,0,26,1,0,13,False,True,0,0,55,44,34,3.87,AI is off,AI is off,AI is off,AI is off,Not paired,AI is off,0,0,0
1256000,14.7,0,5,0.52,0.21,0,0,26,1,0,13,False,True,0,0,56,46,36,3.87,AI is off,AI is off,AI is off,AI is off,Not paired,AI is off,0,0,0
1258000,14.3,0,5,0.51,0.21,0,0,26,1,0,13,False,True,0,0,56,45,36,3.87,AI is off,AI is off,AI is off,AI is off,Not paired,AI is off,0,0,0
1260000,14.1,0,5,0.5,0.21,0,0,33,1,0,13,False,True,0,0,54,43,33,3.87,AI is off,AI is off,AI is off,AI is off,Not paired,AI is off,0,0,0
1262000,13.9,0,5,0.5,0.21,0,0,33,1,0,13,False,True,0,0,55,44,33,3.87,AI is off,AI is off,AI is off,AI is off,Not paired,AI is off,0,0,0
1264000,13.7,0,5,0.5,0.21,0,0,37,1,0,13,False,True,0,0,53,41,31,3.87,AI is off,AI is off,AI is off,AI is off,Not paired,AI is off,0,0,0
1266000,13.5,0,5,0.49,0.21,0,0,37,1,0,13,False,True,0,0,56,46,36,3.87,AI is off,AI is off,AI is off,AI is off,Not paired,AI is off,0,0,0
1268000,13.1,0,5,0.49,0.21,0,0,37,1,0,13,False,True,0,0,56,46,37,3.87,AI is off,AI is off,AI is off,AI is off,Not paired,AI is off,0,0,0
1270000,13.2,0,5,0.48,0.21,0,0,37,1,0,13,False,True,0,0,55,44,35,3.87,AI is off,AI is off,AI is off,AI is off,Not paired,AI is off,0,0,0
1272000,13.6,0,5,0.49,0.21,0,0,37,1,0,13,False,True,0,0,54,44,33,3.87,AI is off,AI is off,AI is off,AI is off,Not paired,AI is off,0,0,0
1274000,13.8,0,5,0.5,0.21,0,0,37,1,0,13,False,True,0,0,54,42,33,3.87,AI is off,AI is off,AI is off,AI is off,Not paired,AI is off,0,0,0
1276000,13.6,0,5,0.5,0.21,0,0,37,1,0,14,False,True,0,0,56,46,36,3.87,AI is off,AI is off,AI is off,AI is off,Not paired,AI is off,0,0,0
1278000,13.4,0,5,0.49,0.21,0,0,37,1,0,14,False,True,0,0,55,45,37,3.87,AI is off,AI is off,AI is off,AI is off,Not paired,AI is off,0,0,0
1280000,12.9,0,5,0.48,0.21,0,0,37,1,0,14,False,True,0,0,56,45,36,3.87,AI is off,AI is off,AI is off,AI is off,Not paired,AI is off,0,0,0
1282000,12.5,0,5,0.47,0.21,0,0,46,1,0,14,False,True,0,0,57,44,35,3.87,AI is off,AI is off,AI is off,AI is off,Not paired,AI is off,0,0,0
1284000,12.4,0,5,0.47,0.21,0,0,46,1,0,14,False,True,0,0,53,40,33,3.87,AI is off,AI is off,AI is off,AI is off,Not paired,AI is off,0,0,0
1286000,12.2,0,5,0.47,0.21,0,0,46,1,0,14,False,True,0,0,56,45,37,3.87,AI is off,AI is off,AI is off,AI is off,Not paired,AI is off,0,0,0
1288000,12.2,0,5,0.46,0.21,0,0,46,1,0,14,False,True,0,0,56,45,37,3.87,AI is off,AI is off,AI is off,AI is off,Not paired,AI is off,0,0,0
1290000,12,0,5,0.46,0.21,0,0,46,1,0,14,False,True,0,0,55,45,36,3.87,AI is off,AI is off,AI is off,AI is off,Not paired,AI is off,0,0,0
1292000,11.9,0,5,0.46,0.21,0,0,66,1,0,14,False,True,0,0,55,45,34,3.87,AI is off,AI is off,AI is off,AI is off,Not paired,AI is off,0,0,0
1294000,11.8,0,5,0.46,0.21,0,0,66,1,0,14,False,True,0,0,56,45,36,3.87,AI is off,AI is off,AI is off,AI is off,Not paired,AI is off,0,0,0
1296000,11.6,0,5,0.45,0.21,0,0,66,1,0,14,False,True,0,0,55,44,34,3.87,AI is off,AI is off,AI is off,AI is off,Not paired,AI is off,0,0,0
1298000,11.2,0,5,0.45,0.21,0,0,77,1,0,14,False,True,0,0,55,44,34,3.87,AI is off,AI is off,AI is off,AI is off,Not paired,AI is off,0,0,0
1300000,10.9,0,5,0.44,0.21,0,0,77,1,0,14,False,True,0,0,54,43,33,3.87,AI is off,AI is off,AI is off,AI is off,Not paired,AI is off,0,0,0
1302000,10.5,0,5,0.43,0.21,0,0,77,1,0,14,False,True,0,0,54,43,32,3.87,AI is off,AI is off,AI is off,AI is off,Not paired,AI is off,0,0,0
1304000,9.8,0,5,0.42,0.21,0,0,77,1,0,14,False,True,0,0,55,41,30,3.87,AI is off,AI is off,AI is off,AI is off,Not paired,AI is off,0,0,0
1306000,9.5,0,5,0.41,0.21,0,0,77,1,0,14,False,True,0,0,56,43,33,3.87,AI is off,AI is off,AI is off,AI is off,Not paired,AI is off,0,0,0
1308000,9.400001,0,4,0.41,0.21,0,0,99,1,0,14,False,True,0,0,57,45,35,3.87,AI is off,AI is off,AI is off,AI is off,Not paired,AI is off,0,0,0
1310000,9.400001,0,4,0.41,0.21,0,0,99,1,0,14,False,True,0,0,54,40,31,3.87,AI is off,AI is off,AI is off,AI is off,Not paired,AI is off,0,0,0
1312000,9.1,0,4,0.4,0.21,0,0,99,1,0,14,False,True,0,0,58,45,36,3.87,AI is off,AI is off,AI is off,AI is off,Not paired,AI is off,0,0,0
1314000,9.1,0,4,0.4,0.21,0,0,99,1,0,14,False,True,0,0,55,43,32,3.87,AI is off,AI is off,AI is off,AI is off,Not paired,AI is off,0,0,0
1316000,9.1,0,4,0.4,0.21,0,0,99,1,0,14,False,True,0,0,56,45,36,3.87,AI is off,AI is off,AI is off,AI is off,Not paired,AI is off,0,0,0
1318000,9,0,4,0.4,0.21,0,0,99,1,0,15,False,True,0,0,55,45,35,3.87,AI is off,AI is off,AI is off,AI is off,Not paired,AI is off,0,0,0
1320000,8.8,0,4,0.39,0.21,0,0,99,1,0,15,False,True,0,0,57,45,34,3.87,AI is off,AI is off,AI is off,AI is off,Not paired,AI is off,0,0,0
1322000,8.6,0,4,0.39,0.21,0,0,99,1,0,15,False,True,0,0,55,41,30,3.87,AI is off,AI is off,AI is off,AI is off,Not paired,AI is off,0,0,0
1324000,8.5,0,4,0.39,0.21,0,0,99,1,0,15,False,True,0,0,54,40,29,3.87,AI is off,AI is off,AI is off,AI is off,Not paired,AI is off,0,0,0
1326000,8.3,0,4,0.38,0.21,0,0,99,1,0,15,False,True,0,0,54,40,31,3.87,AI is off,AI is off,AI is off,AI is off,Not paired,AI is off,0,0,0
1328000,8.1,0,4,0.38,0.21,0,0,99,1,0,15,False,True,0,0,54,40,32,3.87,AI is off,AI is off,AI is off,AI is off,Not paired,AI is off,0,0,0
1330000,8,0,4,0.37,0.21,0,0,99,1,0,15,False,True,0,0,55,42,33,3.87,AI is off,AI is off,AI is off,AI is off,Not paired,AI is off,0,0,0
1332000,7.8,0,4,0.37,0.21,0,0,99,1,0,15,False,True,0,0,55,41,32,3.87,AI is off,AI is off,AI is off,AI is off,Not paired,AI is off,0,0,0
1334000,7.6,0,4,0.37,0.21,0,0,99,1,0,15,False,True,0,0,55,41,32,3.87,AI is off,AI is off,AI is off,AI is off,Not paired,AI is off,0,0,0
1336000,7.4,0,4,0.36,0.21,0,0,99,1,0,15,False,True,0,0,56,43,33,3.87,AI is off,AI is off,AI is off,AI is off,Not paired,AI is off,0,0,0
1338000,7.4,0,4,0.36,0.21,0,0,99,1,0,15,False,True,0,0,58,44,33,3.87,AI is off,AI is off,AI is off,AI is off,Not paired,AI is off,0,0,0
1340000,7.3,0,4,0.36,0.21,0,0,99,1,0,15,False,True,0,0,54,43,33,3.87,AI is off,AI is off,AI is off,AI is off,Not paired,AI is off,0,0,0
1342000,7.1,0,4,0.36,0.21,0,0,99,1,0,15,False,True,0,0,55,43,33,3.87,AI is off,AI is off,AI is off,AI is off,Not paired,AI is off,0,0,0
1344000,7,0,4,0.35,0.21,0,0,99,1,0,16,False,True,0,0,55,44,34,3.87,AI is off,AI is off,AI is off,AI is off,Not paired,AI is off,0,0,0
1346000,6.8,0,4,0.35,0.21,0,0,99,1,0,16,False,True,0,0,55,42,31,3.87,AI is off,AI is off,AI is off,AI is off,Not paired,AI is off,0,0,0
1348000,6.6,0,4,0.35,0.21,0,0,99,1,0,16,False,True,0,0,56,43,32,3.87,AI is off,AI is off,AI is off,AI is off,Not paired,AI is off,0,0,0
1350000,6.4,0,4,0.34,0.21,0,0,99,1,0,16,False,True,0,0,55,43,32,3.87,AI is off,AI is off,AI is off,AI is off,Not paired,AI is off,0,0,0
1352000,6.2,0,4,0.34,0.21,0,0,99,1,0,16,False,True,0,0,54,40,29,3.87,AI is off,AI is off,AI is off,AI is off,Not paired,AI is off,0,0,0
1354000,6,0,4,0.33,0.21,0,0,99,1,0,16,False,True,0,0,59,46,35,3.87,AI is off,AI is off,AI is off,AI is off,Not paired,AI is off,0,0,0
1356000,6,0,4,0.33,0.21,0,0,99,1,0,16,False,True,0,0,56,45,35,3.87,AI is off,AI is off,AI is off,AI is off,Not paired,AI is off,0,0,0
1358000,5.8,0,4,0.33,0.21,0,0,99,1,0,16,False,True,0,0,57,46,37,3.87,AI is off,AI is off,AI is off,AI is off,Not paired,AI is off,0,0,0
1360000,5.6,0,4,0.33,0.21,0,0,99,1,0,16,False,True,0,0,59,46,34,3.87,AI is off,AI is off,AI is off,AI is off,Not paired,AI is off,0,0,0
1362000,5.5,0,4,0.32,0.21,0,0,99,1,0,17,False,True,0,0,62,48,36,3.87,AI is off,AI is off,AI is off,AI is off,Not paired,AI is off,0,0,0
1364000,5.6,0,4,0.33,0.21,0,0,99,1,0,17,False,True,0,0,56,43,33,3.87,AI is off,AI is off,AI is off,AI is off,Not paired,AI is off,0,0,0
1366000,5.6,0,4,0.32,0.21,0,0,99,1,0,17,False,True,0,0,57,43,34,3.87,AI is off,AI is off,AI is off,AI is off,Not paired,AI is off,0,0,0
1368000,5.6,0,4,0.32,0.21,0,0,99,1,0,17,False,True,0,0,55,42,32,3.87,AI is off,AI is off,AI is off,AI is off,Not paired,AI is off,0,0,0
1370000,5.5,0,4,0.32,0.21,0,0,99,1,0,17,False,True,0,0,59,46,36,3.87,AI is off,AI is off,AI is off,AI is off,Not paired,AI is off,0,0,0
1372000,5.5,0,4,0.32,0.21,0,0,99,1,0,17,False,True,0,0,56,42,33,3.87,AI is off,AI is off,AI is off,AI is off,Not paired,AI is off,0,0,0
1374000,5.7,0,4,0.33,0.21,0,0,99,1,0,17,False,True,0,0,55,41,30,3.87,AI is off,AI is off,AI is off,AI is off,Not paired,AI is off,0,0,0
1376000,5.8,0,4,0.33,0.21,0,0,99,1,0,17,False,True,0,0,55,42,32,3.87,AI is off,AI is off,AI is off,AI is off,Not paired,AI is off,0,0,0
1378000,5.9,0,4,0.33,0.21,0,0,99,1,0,17,False,True,0,0,56,45,35,3.87,AI is off,AI is off,AI is off,AI is off,Not paired,AI is off,0,0,0
1380000,5.8,0,4,0.33,0.21,0,0,99,1,0,18,False,True,0,0,55,44,34,3.87,AI is off,AI is off,AI is off,AI is off,Not paired,AI is off,0,0,0
1382000,5.7,0,4,0.33,0.21,0,0,99,1,0,18,False,True,0,0,54,40,32,3.87,AI is off,AI is off,AI is off,AI is off,Not paired,AI is off,0,0,0
1384000,5.5,0,4,0.32,0.21,0,0,99,1,0,18,False,True,0,0,58,45,35,3.87,AI is off,AI is off,AI is off,AI is off,Not paired,AI is off,0,0,0
1386000,5.2,0,4,0.32,0.21,0,0,99,1,0,18,False,True,0,0,58,44,34,3.87,AI is off,AI is off,AI is off,AI is off,Not paired,AI is off,0,0,0
1388000,5.1,0,4,0.32,0.21,0,0,99,1,0,18,False,True,0,0,55,40,29,3.87,AI is off,AI is off,AI is off,AI is off,Not paired,AI is off,0,0,0
1390000,5.1,0,4,0.32,0.21,0,0,99,1,0,18,False,True,0,0,55,41,31,3.87,AI is off,AI is off,AI is off,AI is off,Not paired,AI is off,0,0,0
1392000,5.2,0,3,0.32,0.21,0,0,99,1,0,19,False,True,0,0,54,40,31,3.87,AI is off,AI is off,AI is off,AI is off,Not paired,AI is off,0,0,0
1394000,5,0,3,0.31,0.21,0,0,99,1,0,19,False,True,0,0,55,42,32,3.87,AI is off,AI is off,AI is off,AI is off,Not paired,AI is off,0,0,0
1396000,5,0,3,0.31,0.21,0,0,99,1,0,19,False,True,0,0,56,42,33,3.87,AI is off,AI is off,AI is off,AI is off,Not paired,AI is off,0,0,0
1398000,4.9,0,3,0.31,0.21,0,0,99,1,0,19,False,True,0,0,56,43,32,3.87,AI is off,AI is off,AI is off,AI is off,Not paired,AI is off,0,0,0
1400000,4.9,0,3,0.31,0.21,0,0,99,1,0,19,False,True,0,0,56,43,33,3.87,AI is off,AI is off,AI is off,AI is off,Not paired,AI is off,0,0,0
1402000,5,0,3,0.31,0.21,0,0,99,1,0,19,False,True,0,0,54,41,31,3.87,AI is off,AI is off,AI is off,AI is off,Not paired,AI is off,0,0,0
1404000,5,0,3,0.31,0.21,0,0,99,1,0,19,False,True,0,0,56,43,33,3.87,AI is off,AI is off,AI is off,AI is off,Not paired,AI is off,0,0,0
1406000,5.2,0,3,0.32,0.21,0,0,99,1,0,19,False,True,0,0,54,40,31,3.87,AI is off,AI is off,AI is off,AI is off,Not paired,AI is off,0,0,0
1408000,5.3,0,3,0.32,0.21,0,0,99,1,0,19,False,True,0,0,54,40,31,3.87,AI is off,AI is off,AI is off,AI is off,Not paired,AI is off,0,0,0
1410000,5.2,0,3,0.32,0.21,0,0,99,1,0,19,False,True,0,0,54,40,30,3.87,AI is off,AI is off,AI is off,AI is off,Not paired,AI is off,0,0,0
1412000,5.2,0,3,0.32,0.21,0,0,99,1,0,19,False,True,0,0,53,40,29,3.87,AI is off,AI is off,AI is off,AI is off,Not paired,AI is off,0,0,0
1414000,5.2,0,3,0.32,0.21,0,0,99,1,0,20,False,True,0,0,54,40,29,3.87,AI is off,AI is off,AI is off,AI is off,Not paired,AI is off,0,0,0
1416000,5.1,0,3,0.32,0.21,0,0,99,1,0,20,False,True,0,0,57,44,32,3.87,AI is off,AI is off,AI is off,AI is off,Not paired,AI is off,0,0,0
1418000,5.2,0,3,0.32,0.21,0,0,99,1,0,20,False,True,0,0,54,40,31,3.87,AI is off,AI is off,AI is off,AI is off,Not paired,AI is off,0,0,0
1420000,5.2,0,3,0.32,0.21,0,0,99,1,0,20,False,True,0,0,53,39,31,3.87,AI is off,AI is off,AI is off,AI is off,Not paired,AI is off,0,0,0
1422000,5.4,0,3,0.32,0.21,0,0,99,1,0,20,False,True,0,0,57,45,34,3.87,AI is off,AI is off,AI is off,AI is off,Not paired,AI is off,0,0,0
1424000,5.4,0,3,0.32,0.21,0,0,99,1,0,20,False,True,0,0,55,44,34,3.87,AI is off,AI is off,AI is off,AI is off,Not paired,AI is off,0,0,0
1426000,5.4,0,3,0.32,0.21,0,0,99,1,0,20,False,True,0,0,57,46,35,3.87,AI is off,AI is off,AI is off,AI is off,Not paired,AI is off,0,0,0
1428000,5.6,0,3,0.32,0.21,0,0,99,1,0,20,False,True,0,0,54,42,33,3.87,AI is off,AI is off,AI is off,AI is off,Not paired,AI is off,0,0,0
1430000,5.6,0,3,0.32,0.21,0,0,99,1,0,20,False,True,0,0,56,46,36,3.87,AI is off,AI is off,AI is off,AI is off,Not paired,AI is off,0,0,0
1432000,5.3,0,3,0.32,0.21,0,0,99,1,0,20,False,True,0,0,53,40,30,3.87,AI is off,AI is off,AI is off,AI is off,Not paired,AI is off,0,0,0
1434000,5,0,3,0.31,0.21,0,0,99,1,0,21,False,True,0,0,54,42,31,3.87,AI is off,AI is off,AI is off,AI is off,Not paired,AI is off,0,0,0
1436000,4.8,0,3,0.31,0.21,0,0,99,1,0,21,False,True,0,0,53,39,30,3.87,AI is off,AI is off,AI is off,AI is off,Not paired,AI is off,0,0,0
1438000,4.7,0,3,0.31,0.21,0,0,99,1,0,21,False,True,0,0,58,46,35,3.87,AI is off,AI is off,AI is off,AI is off,Not paired,AI is off,0,0,0
1440000,4.7,0,3,0.31,0.21,0,0,99,1,0,21,False,True,0,0,55,41,30,3.87,AI is off,AI is off,AI is off,AI is off,Not paired,AI is off,0,0,0
1442000,4.7,0,3,0.31,0.21,0,0,99,1,0,21,False,True,0,0,53,39,29,3.87,AI is off,AI is off,AI is off,AI is off,Not paired,AI is off,0,0,0
1444000,4.7,0,3,0.3,0.21,0,0,99,1,0,21,False,True,0,0,53,42,31,3.87,AI is off,AI is off,AI is off,AI is off,Not paired,AI is off,0,0,0
1446000,4.8,0,2,0.31,0.21,0,0,99,1,0,21,False,True,0,0,54,42,31,3.87,AI is off,AI is off,AI is off,AI is off,Not paired,AI is off,0,0,0
1448000,4.8,0,2,0.31,0.21,0,0,99,1,0,21,False,True,0,0,54,41,30,3.87,AI is off,AI is off,AI is off,AI is off,Not paired,AI is off,0,0,0
1450000,4.8,0,2,0.31,0.21,0,0,99,1,0,21,False,True,0,0,55,42,32,3.87,AI is off,AI is off,AI is off,AI is off,Not paired,AI is off,0,0,0
1452000,4.8,0,2,0.31,0.21,0,0,99,1,0,21,False,True,0,0,55,42,32,3.87,AI is off,AI is off,AI is off,AI is off,Not paired,AI is off,0,0,0
1454000,4.6,0,2,0.3,0.21,0,0,99,1,0,21,False,True,0,0,54,40,30,3.87,AI is off,AI is off,AI is off,AI is off,Not paired,AI is off,0,0,0
1456000,4.6,0,2,0.3,0.21,0,0,99,1,0,21,False,True,0,0,53,40,30,3.87,AI is off,AI is off,AI is off,AI is off,Not paired,AI is off,0,0,0
1458000,4.5,0,2,0.3,0.21,0,0,99,1,0,21,False,True,0,0,58,45,35,3.87,AI is off,AI is off,AI is off,AI is off,Not paired,AI is off,0,0,0
1460000,4.5,0,2,0.3,0.21,0,0,99,1,0,21,False,True,0,0,58,45,35,3.87,AI is off,AI is off,AI is off,AI is off,Not paired,AI is off,0,0,0
1462000,4.5,0,2,0.3,0.21,0,0,99,1,0,21,False,True,0,0,54,39,31,3.87,AI is off,AI is off,AI is off,AI is off,Not paired,AI is off,0,0,0
1464000,4.6,0,2,0.3,0.21,0,0,99,1,0,21,False,True,0,0,54,40,29,3.87,AI is off,AI is off,AI is off,AI is off,Not paired,AI is off,0,0,0
1466000,4.6,0,2,0.3,0.21,0,0,99,1,0,21,False,True,0,0,53,41,31,3.87,AI is off,AI is off,AI is off,AI is off,Not paired,AI is off,0,0,0
1468000,4.8,0,2,0.31,0.21,0,0,99,1,0,22,False,True,0,0,56,44,34,3.87,AI is off,AI is off,AI is off,AI is off,Not paired,AI is off,0,0,0
1470000,4.6,0,2,0.31,0.21,0,0,99,1,0,22,False,True,0,0,58,44,34,3.87,AI is off,AI is off,AI is off,AI is off,Not paired,AI is off,0,0,0
1472000,4.7,0,2,0.3,0.21,0,0,99,1,0,22,False,True,0,0,57,43,32,3.87,AI is off,AI is off,AI is off,AI is off,Not paired,AI is off,0,0,0
1474000,4.7,0,2,0.31,0.21,0,0,99,1,0,22,False,True,0,0,55,42,31,3.87,AI is off,AI is off,AI is off,AI is off,Not paired,AI is off,0,0,0
1476000,4.6,0,2,0.3,0.21,0,0,99,1,0,22,False,True,0,0,54,41,30,3.87,AI is off,AI is off,AI is off,AI is off,Not paired,AI is off,0,0,0
1478000,4.5,0,2,0.3,0.21,0,0,99,1,0,22,False,True,0,0,55,42,31,3.87,AI is off,AI is off,AI is off,AI is off,Not paired,AI is off,0,0,0
1480000,4.5,0,2,0.3,0.21,0,0,99,1,0,22,False,True,0,0,54,39,31,3.87,AI is off,AI is off,AI is off,AI is off,Not paired,AI is off,0,0,0
1482000,4.6,0,2,0.3,0.21,0,0,99,1,0,22,False,True,0,0,55,40,31,3.87,AI is off,AI is off,AI is off,AI is off,Not paired,AI is off,0,0,0
1484000,4.6,0,2,0.3,0.21,0,0,99,1,0,22,False,True,0,0,54,40,30,3.87,AI is off,AI is off,AI is off,AI is off,Not paired,AI is off,0,0,0
1486000,4.8,0,2,0.31,0.21,0,0,99,1,0,22,False,True,0,0,54,40,30,3.87,AI is off,AI is off,AI is off,AI is off,Not paired,AI is off,0,0,0
1488000,4.9,0,2,0.31,0.21,0,0,99,1,0,22,False,True,0,0,54,40,30,3.87,AI is off,AI is off,AI is off,AI is off,Not paired,AI is off,0,0,0
1490000,5.3,0,2,0.32,0.21,0,0,99,1,0,22,False,True,0,0,54,42,32,3.87,AI is off,AI is off,AI is off,AI is off,Not paired,AI is off,0,0,0
1492000,5.4,0,2,0.32,0.21,0,0,99,1,0,22,False,True,0,0,55,44,33,3.87,AI is off,AI is off,AI is off,AI is off,Not paired,AI is off,0,0,0
1494000,5.3,0,2,0.32,0.21,0,0,99,1,0,22,False,True,0,0,54,39,30,3.87,AI is off,AI is off,AI is off,AI is off,Not paired,AI is off,0,0,0
1496000,5.1,0,2,0.32,0.21,0,0,99,1,0,22,False,True,0,0,53,40,30,3.87,AI is off,AI is off,AI is off,AI is off,Not paired,AI is off,0,0,0
1498000,4.9,0,2,0.31,0.21,0,0,99,1,0,22,False,True,0,0,63,48,36,3.87,AI is off,AI is off,AI is off,AI is off,Not paired,AI is off,0,0,0
1500000,4.9,0,2,0.31,0.21,0,0,99,1,0,22,False,True,0,0,54,39,30,3.87,AI is off,AI is off,AI is off,AI is off,Not paired,AI is off,0,0,0
1502000,5,0,1,0.31,0.21,0,0,99,1,0,22,False,True,0,0,54,41,31,3.87,AI is off,AI is off,AI is off,AI is off,Not paired,AI is off,0,0,0
1504000,5.2,0,1,0.32,0.21,0,0,99,1,0,22,False,True,0,0,54,43,32,3.87,AI is off,AI is off,AI is off,AI is off,Not paired,AI is off,0,0,0
1506000,5.2,0,1,0.32,0.21,0,0,99,1,0,22,False,True,0,0,54,40,29,3.87,AI is off,AI is off,AI is off,AI is off,Not paired,AI is off,0,0,0
1508000,5.2,0,1,0.32,0.21,0,0,99,1,0,22,False,True,0,0,54,41,31,3.87,AI is off,AI is off,AI is off,AI is off,Not paired,AI is off,0,0,0
1510000,5.1,0,1,0.31,0.21,0,0,99,1,0,22,False,True,0,0,54,42,31,3.87,AI is off,AI is off,AI is off,AI is off,Not paired,AI is off,0,0,0
1512000,4.9,0,1,0.31,0.21,0,0,99,1,0,22,False,True,0,0,53,41,31,3.87,AI is off,AI is off,AI is off,AI is off,Not paired,AI is off,0,0,0
1514000,4.7,0,1,0.31,0.21,0,0,99,1,0,23,False,True,0,0,55,44,33,3.87,AI is off,AI is off,AI is off,AI is off,Not paired,AI is off,0,0,0
1516000,4.5,0,1,0.3,0.21,0,0,99,1,0,23,False,True,0,0,54,40,31,3.87,AI is off,AI is off,AI is off,AI is off,Not paired,AI is off,0,0,0
1518000,4.3,0,1,0.3,0.21,0,0,99,1,0,23,False,True,0,0,70,53,40,3.87,AI is off,AI is off,AI is off,AI is off,Not paired,AI is off,0,0,0
1520000,4.3,0,1,0.3,0.21,0,0,99,1,0,23,False,True,0,0,57,44,33,3.87,AI is off,AI is off,AI is off,AI is off,Not paired,AI is off,0,0,0
1522000,4.3,0,1,0.3,0.21,0,0,99,1,0,23,False,True,0,0,53,41,31,3.87,AI is off,AI is off,AI is off,AI is off,Not paired,AI is off,0,0,0
1524000,4.4,0,1,0.3,0.21,0,0,99,1,0,23,False,True,0,0,55,44,34,3.87,AI is off,AI is off,AI is off,AI is off,Not paired,AI is off,0,0,0
1526000,4.3,0,1,0.3,0.21,0,0,99,1,0,23,False,True,0,0,53,40,30,3.87,AI is off,AI is off,AI is off,AI is off,Not paired,AI is off,0,0,0
1528000,4.3,0,1,0.3,0.21,0,0,99,1,0,23,False,True,0,0,55,41,30,3.87,AI is off,AI is off,AI is off,AI is off,Not paired,AI is off,0,0,0
1530000,4.4,0,1,0.3,0.21,0,0,99,1,0,23,False,True,0,0,56,42,31,3.87,AI is off,AI is off,AI is off,AI is off,Not paired,AI is off,0,0,0
1532000,4.5,0,1,0.3,0.21,0,0,99,1,0,23,False,True,0,0,53,39,27,3.87,AI is off,AI is off,AI is off,AI is off,Not paired,AI is off,0,0,0
1534000,4.5,0,1,0.3,0.21,0,0,99,1,0,23,False,True,0,0,55,41,30,3.87,AI is off,AI is off,AI is off,AI is off,Not paired,AI is off,0,0,0
1536000,4.5,0,1,0.3,0.21,0,0,99,1,0,23,False,True,0,0,55,41,30,3.87,AI is off,AI is off,AI is off,AI is off,Not paired,AI is off,0,0,0
1538000,4.5,0,1,0.3,0.21,0,0,99,1,0,23,False,True,0,0,54,40,29,3.87,AI is off,AI is off,AI is off,AI is off,Not paired,AI is off,0,0,0
1540000,4.5,0,1,0.3,0.21,0,0,99,1,0,23,False,True,0,0,56,42,33,3.87,AI is off,AI is off,AI is off,AI is off,Not paired,AI is off,0,0,0
1542000,4.2,0,1,0.3,0.21,0,0,99,1,0,24,False,True,0,0,66,51,39,3.87,AI is off,AI is off,AI is off,AI is off,Not paired,AI is off,0,0,0
1544000,4.1,0,1,0.29,0.21,0,0,99,1,0,24,False,True,0,0,66,50,39,3.87,AI is off,AI is off,AI is off,AI is off,Not paired,AI is off,0,0,0
1546000,3.7,0,1,0.29,0.21,0,0,99,1,0,24,False,True,0,0,53,41,31,3.87,AI is off,AI is off,AI is off,AI is off,Not paired,AI is off,0,0,0
1548000,3.5,0,1,0.28,0.21,0,0,99,1,0,24,False,True,0,0,57,43,33,3.87,AI is off,AI is off,AI is off,AI is off,Not paired,AI is off,0,0,0
1550000,3.3,0,1,0.28,0.21,0,0,99,1,0,24,False,True,0,0,54,42,32,3.87,AI is off,AI is off,AI is off,AI is off,Not paired,AI is off,0,0,0
1552000,3.1,0,1,0.27,0.21,0,0,99,1,0,24,False,True,0,0,54,42,31,3.87,AI is off,AI is off,AI is off,AI is off,Not paired,AI is off,0,0,0
1554000,2.9,0,1,0.27,0.21,0,0,99,1,0,24,False,True,0,0,53,39,30,3.87,AI is off,AI is off,AI is off,AI is off,Not paired,AI is off,0,0,0
1556000,2.5,0,1,0.26,0.21,0,0,99,1,0,24,False,True,0,0,66,51,39,3.87,AI is off,AI is off,AI is off,AI is off,Not paired,AI is off,0,0,0
1558000,2.3,0,1,0.26,0.21,0,0,99,1,0,24,False,True,0,0,70,54,41,3.87,AI is off,AI is off,AI is off,AI is off,Not paired,AI is off,0,0,0
1560000,1.9,0,1,0.25,0.21,0,0,99,1,0,24,False,True,0,0,55,43,32,3.87,AI is off,AI is off,AI is off,AI is off,Not paired,AI is off,0,0,0
1562000,1.3,0,1,0.24,0.21,0,0,99,1,0,24,False,True,0,0,54,40,29,3.87,AI is off,AI is off,AI is off,AI is off,Not paired,AI is off,0,0,0
1564000,0,0,1,0.22,0.21,0,0,99,1,0,24,False,True,0,0,54,42,32,3.87,AI is off,AI is off,AI is off,AI is off,Not paired,AI is off,0,0,0
1566000,0,0,1,0.22,0.21,0,0,99,1,0,24,False,True,0,0,53,40,29,3.87,AI is off,AI is off,AI is off,AI is off,Not paired,AI is off,0,0,0
1568000,0,0,0,0.22,0.21,0,0,99,1,0,24,False,True,0,0,54,43,31,3.87,AI is off,AI is off,AI is off,AI is off,Not paired,AI is off,0,0,0
1570000,0,0,0,0.22,0.21,0,0,99,1,0,24,False,True,0,0,55,42,32,3.87,AI is off,AI is off,AI is off,AI is off,Not paired,AI is off,0,0,0
1572000,0,0,0,0.22,0.21,0,0,99,1,0,24,False,True,0,0,54,43,33,3.87,AI is off,AI is off,AI is off,AI is off,Not paired,AI is off,0,0,0
1574000,0,0,0,0.22,0.21,0,0,99,1,0,24,False,True,0,0,64,50,38,3.87,AI is off,AI is off,AI is off,AI is off,Not paired,AI is off,0,0,0
1576000,0,0,0,0.22,0.21,0,0,99,1,0,24,False,True,0,0,66,50,38,3.87,AI is off,AI is off,AI is off,AI is off,Not paired,AI is off,0,0,0
1578000,0,0,1,0.22,0.21,0,0,99,1,0,24,False,True,0,0,55,42,32,3.87,AI is off,AI is off,AI is off,AI is off,Not paired,AI is off,0,0,0
1580000,1.2,0,1,0.23,0.21,0,0,99,1,0,24,False,True,0,0,54,41,31,3.87,AI is off,AI is off,AI is off,AI is off,Not paired,AI is off,0,0,0
1582000,1.5,0,1,0.24,0.21,0,0,99,1,0,25,False,True,0,0,53,40,30,3.87,AI is off,AI is off,AI is off,AI is off,Not paired,AI is off,0,0,0
1584000,1.6,0,1,0.24,0.21,0,0,99,1,0,25,False,True,0,0,53,41,31,3.87,AI is off,AI is off,AI is off,AI is off,Not paired,AI is off,0,0,0
1586000,1.7,0,1,0.24,0.21,0,0,99,1,0,25,False,True,0,0,54,42,31,3.87,AI is off,AI is off,AI is off,AI is off,Not paired,AI is off,0,0,0
1588000,2.1,0,1,0.25,0.21,0,0,99,1,0,25,False,True,0,0,53,41,30,3.87,AI is off,AI is off,AI is off,AI is off,Not paired,AI is off,0,0,0
1590000,2.4,0,1,0.26,0.21,0,0,99,1,0,25,False,True,0,0,54,42,30,3.87,AI is off,AI is off,AI is off,AI is off,Not paired,AI is off,0,0,0
1592000,2.7,0,1,0.26,0.21,0,0,99,1,0,25,False,True,0,0,54,42,33,3.87,AI is off,AI is off,AI is off,AI is off,Not paired,AI is off,0,0,0
1594000,2.8,0,1,0.27,0.21,0,0,99,1,0,25,False,True,0,0,54,40,30,3.87,AI is off,AI is off,AI is off,AI is off,Not paired,AI is off,0,0,0
1596000,2.4,0,1,0.26,0.21,0,0,99,1,0,25,False,True,0,0,54,42,31,3.87,AI is off,AI is off,AI is off,AI is off,Not paired,AI is off,0,0,0
1598000,1.8,0,1,0.25,0.21,0,0,99,1,0,25,False,True,0,0,54,42,32,3.87,AI is off,AI is off,AI is off,AI is off,Not paired,AI is off,0,0,0
1600000,1.2,0,1,0.24,0.21,0,0,99,1,0,25,False,True,0,0,54,41,30,3.87,AI is off,AI is off,AI is off,AI is off,Not paired,AI is off,0,0,0
1602000,0,0,1,0.23,0.21,0,0,99,1,0,25,False,True,0,0,54,42,31,3.87,AI is off,AI is off,AI is off,AI is off,Not paired,AI is off,0,0,0
1604000,0,0,1,0.23,0.21,0,0,99,1,0,25,False,True,0,0,53,41,29,3.87,AI is off,AI is off,AI is off,AI is off,Not paired,AI is off,0,0,0
1606000,1.1,0,1,0.23,0.21,0,0,99,1,0,25,False,True,0,0,53,42,30,3.87,AI is off,AI is off,AI is off,AI is off,Not paired,AI is off,0,0,0
1608000,1.8,0,1,0.25,0.21,0,0,99,1,0,25,False,True,0,0,54,42,31,3.87,AI is off,AI is off,AI is off,AI is off,Not paired,AI is off,0,0,0
1610000,1.9,0,1,0.25,0.21,0,0,99,1,0,25,False,True,0,0,53,41,29,3.87,AI is off,AI is off,AI is off,AI is off,Not paired,AI is off,0,0,0
1612000,2,0,1,0.25,0.21,0,0,99,1,0,25,False,True,0,0,53,41,29,3.87,AI is off,AI is off,AI is off,AI is off,Not paired,AI is off,0,0,0
1614000,1.8,0,1,0.25,0.21,0,0,99,1,0,25,False,True,0,0,54,41,30,3.87,AI is off,AI is off,AI is off,AI is off,Not paired,AI is off,0,0,0
1616000,1.5,0,1,0.24,0.21,0,0,99,1,0,25,False,True,0,0,54,42,30,3.87,AI is off,AI is off,AI is off,AI is off,Not paired,AI is off,0,0,0
1618000,1.1,0,1,0.23,0.21,0,0,99,1,0,25,False,True,0,0,53,40,29,3.87,AI is off,AI is off,AI is off,AI is off,Not paired,AI is off,0,0,0
1620000,0,0,1,0.22,0.21,0,0,99,1,0,25,False,True,0,0,54,41,30,3.87,AI is off,AI is off,AI is off,AI is off,Not paired,AI is off,0,0,0
1622000,0,0,0,0.22,0.21,0,0,99,1,0,25,False,True,0,0,53,39,29,3.87,AI is off,AI is off,AI is off,AI is off,Not paired,AI is off,0,0,0
1624000,0,0,0,0.21,0.21,0,0,99,1,0,25,False,True,0,0,54,40,30,3.87,AI is off,AI is off,AI is off,AI is off,Not paired,AI is off,0,0,0
1626000,0,0,0,0.21,0.21,0,0,99,1,0,25,False,True,0,0,56,42,31,3.87,AI is off,AI is off,AI is off,AI is off,Not paired,AI is off,0,0,0
1628000,0,0,0,0.21,0.21,0,0,99,1,0,25,False,True,0,0,54,41,31,3.87,AI is off,AI is off,AI is off,AI is off,Not paired,AI is off,0,0,0
1630000,0,0,0,0.21,0.21,0,0,99,1,0,25,False,True,0,0,58,44,34,3.87,AI is off,AI is off,AI is off,AI is off,Not paired,AI is off,0,0,0
1632000,0,0,0,0.21,0.21,0,0,99,1,0,25,False,True,0,0,56,42,31,3.87,AI is off,AI is off,AI is off,AI is off,Not paired,AI is off,0,0,0
1634000,0,0,0,0.21,0.21,0,0,99,1,0,25,False,True,0,0,58,44,33,3.87,AI is off,AI is off,AI is off,AI is off,Not paired,AI is off,0,0,0
1636000,0,0,0,0.21,0.21,0,0,99,1,0,25,False,True,0,0,59,45,33,3.87,AI is off,AI is off,AI is off,AI is off,Not paired,AI is off,0,0,0
1638000,0,0,0,0.21,0.21,0,0,99,1,0,25,False,True,0,0,56,42,31,3.87,AI is off,AI is off,AI is off,AI is off,Not paired,AI is off,0,0,0
1640000,0,0,0,0.21,0.21,0,0,99,1,0,25,False,True,0,0,59,46,34,3.87,AI is off,AI is off,AI is off,AI is off,Not paired,AI is off,0,0,0
1642000,0,0,0,0.21,0.21,0,0,99,1,0,25,False,True,0,0,57,44,31,3.87,AI is off,AI is off,AI is off,AI is off,Not paired,AI is off,0,0,0
1644000,0,0,0,0.21,0.21,0,0,99,1,0,25,False,True,0,0,58,45,35,3.87,AI is off,AI is off,AI is off,AI is off,Not paired,AI is off,0,0,0
1646000,0,0,0,0.21,0.21,0,0,99,1,0,25,False,True,0,0,57,44,33,3.87,AI is off,AI is off,AI is off,AI is off,Not paired,AI is off,0,0,0
1648000,0,0,0,0.21,0.21,0,0,99,1,0,25,False,True,0,0,57,44,31,3.87,AI is off,AI is off,AI is off,AI is off,Not paired,AI is off,0,0,0
1650000,0,0,0,0.21,0.21,0,0,99,1,0,25,False,True,0,0,57,43,33,3.87,AI is off,AI is off,AI is off,AI is off,Not paired,AI is off,0,0,0
1652000,0,0,0,0.21,0.21,0,0,99,1,0,25,False,True,0,0,57,44,35,3.87,AI is off,AI is off,AI is off,AI is off,Not paired,AI is off,0,0,0
1654000,0,0,0,0.21,0.21,0,0,99,1,0,25,False,True,0,0,57,44,32,3.87,AI is off,AI is off,AI is off,AI is off,Not paired,AI is off,0,0,0
1656000,0,0,0,0.21,0.21,0,0,99,1,0,25,False,True,0,0,54,40,30,3.87,AI is off,AI is off,AI is off,AI is off,Not paired,AI is off,0,0,0
1658000,0,0,0,0.21,0.21,0,0,99,1,0,25,False,True,0,0,55,43,32,3.87,AI is off,AI is off,AI is off,AI is off,Not paired,AI is off,0,0,0
1660000,0,0,0,0.21,0.21,0,0,99,1,0,25,False,True,0,0,54,40,30,3.87,AI is off,AI is off,AI is off,AI is off,Not paired,AI is off,0,0,0
1662000,0,0,0,0.21,0.21,0,0,99,1,0,25,False,True,0,0,54,39,30,3.87,AI is off,AI is off,AI is off,AI is off,Not paired,AI is off,0,0,0
1664000,0,0,0,0.21,0.21,0,0,99,1,0,25,False,True,0,0,58,45,32,3.87,AI is off,AI is off,AI is off,AI is off,Not paired,AI is off,0,0,0
1666000,0,0,0,0.21,0.21,0,0,99,1,0,25,False,True,0,0,56,44,32,3.87,AI is off,AI is off,AI is off,AI is off,Not paired,AI is off,0,0,0
1668000,0,0,0,0.21,0.21,0,0,99,1,0,25,False,True,0,0,57,44,33,3.87,AI is off,AI is off,AI is off,AI is off,Not paired,AI is off,0,0,0
1670000,0,0,0,0.21,0.21,0,0,99,1,0,25,False,True,0,0,58,43,33,3.87,AI is off,AI is off,AI is off,AI is off,Not paired,AI is off,0,0,0
1672000,0,0,0,0.21,0.21,0,0,99,1,0,25,False,True,0,0,55,40,29,3.87,AI is off,AI is off,AI is off,AI is off,Not paired,AI is off,0,0,0
1674000,0,0,0,0.21,0.21,0,0,99,1,0,25,False,True,0,0,58,43,32,3.87,AI is off,AI is off,AI is off,AI is off,Not paired,AI is off,0,0,0
1676000,0,0,0,0.21,0.21,0,0,99,1,0,25,False,True,0,0,54,42,30,3.87,AI is off,AI is off,AI is off,AI is off,Not paired,AI is off,0,0,0
1678000,0,0,0,0.21,0.21,0,0,99,1,0,25,False,True,0,0,53,41,30,3.87,AI is off,AI is off,AI is off,AI is off,Not paired,AI is off,0,0,0