Dive Number,GF Minimum,GF Maximum,Surface Interval (min),Imperial Units,Start Battery Voltage,Start CNS %,Start Date,Start External O2 Sensor Status,Start Low Set Point,Start High Set Point,Computer Firmware Version,Max Depth,Max Time,Error History,End Battery Voltage,End CNS,End Date,End External O2 Sensor Status,End Low Set Point,End High Set Point,Computer Serial Number,Computer Firmware Version,Computer Model,Log Version,Deco Model,VPM-B Conservatism,Start Surface Pressure,End Surface Pressure,Product
122,40,85,130,False,4,0,7/26/2024 2:59:01 PM,False,0,1,86,25.3,1399,,3.9,3,7/26/2024 3:22:15 PM,False,0,1,937B0677,86,2,13,GF,40/85,1004,1004,Peregrine
Time (ms),Depth,First Stop Depth,Time To Surface (min),Average PPO2,Fraction O2,Fraction He,First Stop Time,Current NDL,Current Circuit Mode,Current CCR Mode,Water Temp,Gas Switch Needed,External PPO2,Set Point Type,Circuit Switch Type,External O2 Sensor 1 (mV),External O2 Sensor 2 (mV),External O2 Sensor 3 (mV),Battery Voltage,Tank 1 pressure (PSI),Tank 2 pressure (PSI),Tank 3 pressure (PSI),Tank 4 pressure (PSI),Gas Time Remaining,SAC Rate (2 minute avg),Ascent Rate,Safe Ascent Depth,CO2mbar
0,1.1,0,1,0.23,0.21,0,0,0,1,0,29,False,True,0,0,52,38,27,3.95,AI is off,AI is off,AI is off,AI is off,Not paired,AI is off,0,0,0
2000,1.2,0,1,0.23,0.21,0,0,0,1,0,29,False,True,0,0,53,38,28,3.95,AI is off,AI is off,AI is off,AI is off,Not paired,AI is off,0,0,0
4000,1.6,0,1,0.24,0.21,0,0,0,1,0,29,False,True,0,0,52,36,24,3.95,AI is off,AI is off,AI is off,AI is off,Not paired,AI is off,0,0,0
6000,1.8,0,1,0.24,0.21,0,0,0,1,0,29,False,True,0,0,52,37,26,3.95,AI is off,AI is off,AI is off,AI is off,Not paired,AI is off,0,0,0
8000,2.2,0,1,0.25,0.21,0,0,0,1,0,28,False,True,0,0,53,39,27,3.95,AI is off,AI is off,AI is off,AI is off,Not paired,AI is off,0,0,0
10000,2.3,0,1,0.25,0.21,0,0,99,1,0,28,False,True,0,0,53,39,27,3.95,AI is off,AI is off,AI is off,AI is off,Not paired,AI is off,0,0,0
12000,2.6,0,1,0.26,0.21,0,0,99,1,0,28,False,True,0,0,55,41,29,3.95,AI is off,AI is off,AI is off,AI is off,Not paired,AI is off,0,0,0
14000,2.9,0,1,0.27,0.21,0,0,99,1,0,28,False,True,0,0,51,34,23,3.95,AI is off,AI is off,AI is off,AI is off,Not paired,AI is off,0,0,0
16000,3.3,0,1,0.28,0.21,0,0,99,1,0,28,False,True,0,0,53,39,27,3.95,AI is off,AI is off,AI is off,AI is off,Not paired,AI is off,0,0,0
18000,3.7,0,1,0.28,0.21,0,0,99,1,0,28,False,True,0,0,51,34,23,3.95,AI is off,AI is off,AI is off,AI is off,Not paired,AI is off,0,0,0
20000,4.1,0,1,0.29,0.21,0,0,99,1,0,28,False,True,0,0,52,36,24,3.95,AI is off,AI is off,AI is off,AI is off,Not paired,AI is off,0,0,0
22000,4.4,0,1,0.3,0.21,0,0,99,1,0,28,False,True,0,0,52,36,25,3.95,AI is off,AI is off,AI is off,AI is off,Not paired,AI is off,0,0,0
24000,4.9,0,1,0.31,0.21,0,0,99,1,0,28,False,True,0,0,51,35,24,3.95,AI is off,AI is off,AI is off,AI is off,Not paired,AI is off,0,0,0
26000,5.5,0,1,0.32,0.21,0,0,99,1,0,28,False,True,0,0,51,36,25,3.95,AI is off,AI is off,AI is off,AI is off,Not paired,AI is off,0,0,0
28000,6,0,1,0.33,0.21,0,0,99,1,0,28,False,True,0,0,50,35,24,3.95,AI is off,AI is off,AI is off,AI is off,Not paired,AI is off,0,0,0
30000,6.6,0,1,0.34,0.21,0,0,99,1,0,28,False,True,0,0,51,35,24,3.95,AI is off,AI is off,AI is off,AI is off,Not paired,AI is off,0,0,0
32000,7.2,0,1,0.35,0.21,0,0,99,1,0,27,False,True,0,0,54,38,27,3.95,AI is off,AI is off,AI is off,AI is off,Not paired,AI is off,0,0,0
34000,7.8,0,1,0.37,0.21,0,0,99,1,0,27,False,True,0,0,51,36,24,3.95,AI is off,AI is off,AI is off,AI is off,Not paired,AI is off,0,0,0
36000,8.2,0,1,0.38,0.21,0,0,99,1,0,27,False,True,0,0,53,39,27,3.95,AI is off,AI is off,AI is off,AI is off,Not paired,AI is off,0,0,0
38000,8.400001,0,1,0.38,0.21,0,0,99,1,0,27,False,True,0,0,51,35,25,3.95,AI is off,AI is off,AI is off,AI is off,Not paired,AI is off,0,0,0
40000,8.7,0,1,0.39,0.21,0,0,99,1,0,27,False,True,0,0,50,35,24,3.95,AI is off,AI is off,AI is off,AI is off,Not paired,AI is off,0,0,0
42000,8.900001,0,1,0.39,0.21,0,0,99,1,0,27,False,True,0,0,50,35,24,3.95,AI is off,AI is off,AI is off,AI is off,Not paired,AI is off,0,0,0
44000,9.2,0,1,0.4,0.21,0,0,99,1,0,27,False,True,0,0,51,35,24,3.95,AI is off,AI is off,AI is off,AI is off,Not paired,AI is off,0,0,0
46000,9.400001,0,1,0.4,0.21,0,0,99,1,0,27,False,True,0,0,54,38,28,3.95,AI is off,AI is off,AI is off,AI is off,Not paired,AI is off,0,0,0
48000,9.900001,0,1,0.41,0.21,0,0,99,1,0,27,False,True,0,0,51,36,25,3.95,AI is off,AI is off,AI is off,AI is off,Not paired,AI is off,0,0,0
50000,10.1,0,1,0.42,0.21,0,0,99,1,0,26,False,True,0,0,50,35,24,3.95,AI is off,AI is off,AI is off,AI is off,Not paired,AI is off,0,0,0
52000,10.7,0,1,0.43,0.21,0,0,99,1,0,26,False,True,0,0,51,36,26,3.95,AI is off,AI is off,AI is off,AI is off,Not paired,AI is off,0,0,0
54000,11.2,0,1,0.44,0.21,0,0,99,1,0,26,False,True,0,0,50,35,24,3.95,AI is off,AI is off,AI is off,AI is off,Not paired,AI is off,0,0,0
56000,11.8,0,5,0.45,0.21,0,0,99,1,0,26,False,True,0,0,50,34,24,3.95,AI is off,AI is off,AI is off,AI is off,Not paired,AI is off,0,0,0
58000,12.1,0,5,0.46,0.21,0,0,99,1,0,26,False,True,0,0,52,38,26,3.95,AI is off,AI is off,AI is off,AI is off,Not paired,AI is off,0,0,0
60000,12.7,0,5,0.47,0.21,0,0,99,1,0,25,False,True,0,0,53,40,27,3.95,AI is off,AI is off,AI is off,AI is off,Not paired,AI is off,0,0,0
62000,13.3,0,5,0.48,0.21,0,0,88,1,0,25,False,True,0,0,51,35,25,3.95,AI is off,AI is off,AI is off,AI is off,Not paired,AI is off,0,0,0
64000,14,0,5,0.5,0.21,0,0,88,1,0,25,False,True,0,0,51,36,24,3.95,AI is off,AI is off,AI is off,AI is off,Not paired,AI is off,0,0,0
66000,14.6,0,5,0.51,0.21,0,0,88,1,0,25,False,True,0,0,51,36,24,3.95,AI is off,AI is off,AI is off,AI is off,Not paired,AI is off,0,0,0
68000,15.3,0,5,0.53,0.21,0,0,88,1,0,25,False,True,0,0,51,34,23,3.95,AI is off,AI is off,AI is off,AI is off,Not paired,AI is off,0,0,0
70000,16,0,5,0.54,0.21,0,0,88,1,0,25,False,True,0,0,52,36,25,3.95,AI is off,AI is off,AI is off,AI is off,Not paired,AI is off,0,0,0
72000,16.7,0,5,0.55,0.21,0,0,50,1,0,25,False,True,0,0,52,36,25,3.95,AI is off,AI is off,AI is off,AI is off,Not paired,AI is off,0,0,0
74000,17.3,0,5,0.57,0.21,0,0,50,1,0,25,False,True,0,0,51,35,25,3.95,AI is off,AI is off,AI is off,AI is off,Not paired,AI is off,0,0,0
76000,17.8,0,5,0.58,0.21,0,0,50,1,0,24,False,True,0,0,50,36,25,3.95,AI is off,AI is off,AI is off,AI is off,Not paired,AI is off,0,0,0
78000,18.4,0,5,0.59,0.21,0,0,41,1,0,24,False,True,0,0,51,36,26,3.95,AI is off,AI is off,AI is off,AI is off,Not paired,AI is off,0,0,0
80000,18.8,0,5,0.6,0.21,0,0,41,1,0,24,False,True,0,0,50,36,25,3.95,AI is off,AI is off,AI is off,AI is off,Not paired,AI is off,0,0,0
82000,19,0,5,0.61,0.21,0,0,41,1,0,24,False,True,0,0,52,37,26,3.95,AI is off,AI is off,AI is off,AI is off,Not paired,AI is off,0,0,0
84000,19.3,0,5,0.61,0.21,0,0,41,1,0,23,False,True,0,0,51,36,24,3.95,AI is off,AI is off,AI is off,AI is off,Not paired,AI is off,0,0,0
86000,19.5,0,5,0.61,0.21,0,0,41,1,0,23,False,True,0,0,54,39,29,3.95,AI is off,AI is off,AI is off,AI is off,Not paired,AI is off,0,0,0
88000,19.6,0,5,0.62,0.21,0,0,34,1,0,23,False,True,0,0,53,39,28,3.95,AI is off,AI is off,AI is off,AI is off,Not paired,AI is off,0,0,0
90000,19.8,0,5,0.62,0.21,0,0,34,1,0,23,False,True,0,0,53,40,29,3.95,AI is off,AI is off,AI is off,AI is off,Not paired,AI is off,0,0,0
92000,19.9,0,5,0.62,0.21,0,0,34,1,0,23,False,True,0,0,53,40,28,3.95,AI is off,AI is off,AI is off,AI is off,Not paired,AI is off,0,0,0
94000,20,0,5,0.63,0.21,0,0,33,1,0,22,False,True,0,0,52,39,28,3.95,AI is off,AI is off,AI is off,AI is off,Not paired,AI is off,0,0,0
96000,20.1,0,5,0.63,0.21,0,0,33,1,0,22,False,True,0,0,52,38,27,3.95,AI is off,AI is off,AI is off,AI is off,Not paired,AI is off,0,0,0
98000,20.2,0,5,0.63,0.21,0,0,33,1,0,22,False,True,0,0,53,40,28,3.95,AI is off,AI is off,AI is off,AI is off,Not paired,AI is off,0,0,0
100000,20.2,0,5,0.63,0.21,0,0,33,1,0,22,False,True,0,0,52,40,28,3.95,AI is off,AI is off,AI is off,AI is off,Not paired,AI is off,0,0,0
102000,20.2,0,5,0.63,0.21,0,0,33,1,0,21,False,True,0,0,53,41,30,3.95,AI is off,AI is off,AI is off,AI is off,Not paired,AI is off,0,0,0
104000,20.2,0,5,0.63,0.21,0,0,31,1,0,21,False,True,0,0,51,38,27,3.95,AI is off,AI is off,AI is off,AI is off,Not paired,AI is off,0,0,0
106000,19.9,0,5,0.63,0.21,0,0,31,1,0,21,False,True,0,0,49,35,25,3.95,AI is off,AI is off,AI is off,AI is off,Not paired,AI is off,0,0,0
108000,19.7,0,5,0.62,0.21,0,0,31,1,0,21,False,True,0,0,51,35,26,3.95,AI is off,AI is off,AI is off,AI is off,Not paired,AI is off,0,0,0
110000,19.7,0,5,0.62,0.21,0,0,33,1,0,20,False,True,0,0,51,35,25,3.95,AI is off,AI is off,AI is off,AI is off,Not paired,AI is off,0,0,0
112000,20,0,5,0.62,0.21,0,0,33,1,0,20,False,True,0,0,51,36,27,3.95,AI is off,AI is off,AI is off,AI is off,Not paired,AI is off,0,0,0
114000,20.1,0,5,0.63,0.21,0,0,33,1,0,20,False,True,0,0,51,36,26,3.95,AI is off,AI is off,AI is off,AI is off,Not paired,AI is off,0,0,0
116000,20.3,0,5,0.63,0.21,0,0,33,1,0,20,False,True,0,0,54,41,28,3.95,AI is off,AI is off,AI is off,AI is off,Not paired,AI is off,0,0,0
118000,20.5,0,5,0.63,0.21,0,0,33,1,0,20,False,True,0,0,54,41,29,3.95,AI is off,AI is off,AI is off,AI is off,Not paired,AI is off,0,0,0
120000,20.4,0,5,0.64,0.21,0,0,33,1,0,20,False,True,0,0,53,40,28,3.95,AI is off,AI is off,AI is off,AI is off,Not paired,AI is off,0,0,0
122000,20.7,0,5,0.64,0.21,0,0,30,1,0,20,False,True,0,0,54,40,28,3.95,AI is off,AI is off,AI is off,AI is off,Not paired,AI is off,0,0,0
124000,20.7,0,5,0.64,0.21,0,0,30,1,0,19,False,True,0,0,53,41,29,3.95,AI is off,AI is off,AI is off,AI is off,Not paired,AI is off,0,0,0
126000,20.9,0,6,0.65,0.21,0,0,28,1,0,19,False,True,0,0,51,36,25,3.95,AI is off,AI is off,AI is off,AI is off,Not paired,AI is off,0,0,0
128000,21,0,6,0.65,0.21,0,0,28,1,0,19,False,True,0,0,53,41,29,3.95,AI is off,AI is off,AI is off,AI is off,Not paired,AI is off,0,0,0
130000,21.1,0,6,0.65,0.21,0,0,28,1,0,19,False,True,0,0,53,40,28,3.95,AI is off,AI is off,AI is off,AI is off,Not paired,AI is off,0,0,0
132000,21.2,0,6,0.65,0.21,0,0,28,1,0,19,False,True,0,0,53,40,28,3.95,AI is off,AI is off,AI is off,AI is off,Not paired,AI is off,0,0,0
134000,21.3,0,6,0.65,0.21,0,0,28,1,0,19,False,True,0,0,53,40,28,3.95,AI is off,AI is off,AI is off,AI is off,Not paired,AI is off,0,0,0
136000,21.4,0,6,0.65,0.21,0,0,28,1,0,18,False,True,0,0,54,40,28,3.95,AI is off,AI is off,AI is off,AI is off,Not paired,AI is off,0,0,0
138000,21.5,0,6,0.66,0.21,0,0,26,1,0,18,False,True,0,0,53,40,28,3.95,AI is off,AI is off,AI is off,AI is off,Not paired,AI is off,0,0,0
140000,21.5,0,6,0.66,0.21,0,0,26,1,0,18,False,True,0,0,54,41,29,3.95,AI is off,AI is off,AI is off,AI is off,Not paired,AI is off,0,0,0
142000,21.6,0,6,0.66,0.21,0,0,26,1,0,18,False,True,0,0,54,41,30,3.95,AI is off,AI is off,AI is off,AI is off,Not paired,AI is off,0,0,0
144000,21.8,0,6,0.66,0.21,0,0,25,1,0,18,False,True,0,0,54,41,29,3.95,AI is off,AI is off,AI is off,AI is off,Not paired,AI is off,0,0,0
146000,21.9,0,6,0.66,0.21,0,0,25,1,0,17,False,True,0,0,54,41,30,3.95,AI is off,AI is off,AI is off,AI is off,Not paired,AI is off,0,0,0
148000,22,0,6,0.67,0.21,0,0,25,1,0,17,False,True,0,0,54,40,28,3.95,AI is off,AI is off,AI is off,AI is off,Not paired,AI is off,0,0,0
150000,22.1,0,6,0.67,0.21,0,0,25,1,0,17,False,True,0,0,54,42,29,3.95,AI is off,AI is off,AI is off,AI is off,Not paired,AI is off,0,0,0
152000,22.2,0,6,0.67,0.21,0,0,25,1,0,17,False,True,0,0,53,41,30,3.95,AI is off,AI is off,AI is off,AI is off,Not paired,AI is off,0,0,0
154000,22.4,0,6,0.67,0.21,0,0,24,1,0,17,False,True,0,0,53,41,30,3.95,AI is off,AI is off,AI is off,AI is off,Not paired,AI is off,0,0,0
156000,22.5,0,6,0.68,0.21,0,0,24,1,0,17,False,True,0,0,53,41,30,3.95,AI is off,AI is off,AI is off,AI is off,Not paired,AI is off,0,0,0
158000,22.7,0,6,0.68,0.21,0,0,24,1,0,17,False,True,0,0,52,37,26,3.95,AI is off,AI is off,AI is off,AI is off,Not paired,AI is off,0,0,0
160000,22.7,0,6,0.68,0.21,0,0,22,1,0,16,False,True,0,0,53,41,30,3.95,AI is off,AI is off,AI is off,AI is off,Not paired,AI is off,0,0,0
162000,22.8,0,6,0.68,0.21,0,0,22,1,0,16,False,True,0,0,50,34,25,3.95,AI is off,AI is off,AI is off,AI is off,Not paired,AI is off,0,0,0
164000,22.9,0,6,0.69,0.21,0,0,22,1,0,16,False,True,0,0,53,40,29,3.95,AI is off,AI is off,AI is off,AI is off,Not paired,AI is off,0,0,0
166000,22.9,0,6,0.69,0.21,0,0,22,1,0,16,False,True,0,0,54,41,29,3.95,AI is off,AI is off,AI is off,AI is off,Not paired,AI is off,0,0,0
168000,22.9,0,6,0.69,0.21,0,0,22,1,0,16,False,True,0,0,53,41,30,3.95,AI is off,AI is off,AI is off,AI is off,Not paired,AI is off,0,0,0
170000,22.9,0,6,0.69,0.21,0,0,22,1,0,16,False,True,0,0,51,36,27,3.95,AI is off,AI is off,AI is off,AI is off,Not paired,AI is off,0,0,0
172000,23,0,6,0.69,0.21,0,0,22,1,0,16,False,True,0,0,51,36,27,3.95,AI is off,AI is off,AI is off,AI is off,Not paired,AI is off,0,0,0
174000,23,0,6,0.69,0.21,0,0,22,1,0,16,False,True,0,0,51,36,26,3.95,AI is off,AI is off,AI is off,AI is off,Not paired,AI is off,0,0,0
176000,23,0,6,0.69,0.21,0,0,21,1,0,16,False,True,0,0,54,42,32,3.95,AI is off,AI is off,AI is off,AI is off,Not paired,AI is off,0,0,0
178000,23,0,6,0.69,0.21,0,0,21,1,0,16,False,True,0,0,52,37,27,3.95,AI is off,AI is off,AI is off,AI is off,Not paired,AI is off,0,0,0
180000,23.1,0,6,0.69,0.21,0,0,21,1,0,16,False,True,0,0,52,37,26,3.95,AI is off,AI is off,AI is off,AI is off,Not paired,AI is off,0,0,0
182000,23.1,0,6,0.69,0.21,0,0,21,1,0,16,False,True,0,0,52,37,27,3.95,AI is off,AI is off,AI is off,AI is off,Not paired,AI is off,0,0,0
184000,23.1,0,6,0.69,0.21,0,0,21,1,0,16,False,True,0,0,51,36,26,3.95,AI is off,AI is off,AI is off,AI is off,Not paired,AI is off,0,0,0
186000,23.1,0,6,0.69,0.21,0,0,21,1,0,15,False,True,0,0,55,43,32,3.95,AI is off,AI is off,AI is off,AI is off,Not paired,AI is off,0,0,0
188000,23,0,6,0.69,0.21,0,0,21,1,0,15,False,True,0,0,52,37,27,3.95,AI is off,AI is off,AI is off,AI is off,Not paired,AI is off,0,0,0
190000,23,0,6,0.69,0.21,0,0,21,1,0,15,False,True,0,0,52,38,28,3.95,AI is off,AI is off,AI is off,AI is off,Not paired,AI is off,0,0,0
192000,23.2,0,6,0.69,0.21,0,0,21,1,0,15,False,True,0,0,54,39,29,3.95,AI is off,AI is off,AI is off,AI is off,Not paired,AI is off,0,0,0
194000,23.3,0,6,0.7,0.21,0,0,21,1,0,15,False,True,0,0,52,38,28,3.95,AI is off,AI is off,AI is off,AI is off,Not paired,AI is off,0,0,0
196000,23.3,0,6,0.7,0.21,0,0,21,1,0,15,False,True,0,0,52,38,27,3.95,AI is off,AI is off,AI is off,AI is off,Not paired,AI is off,0,0,0
198000,23.4,0,6,0.7,0.21,0,0,21,1,0,15,False,True,0,0,55,40,30,3.95,AI is off,AI is off,AI is off,AI is off,Not paired,AI is off,0,0,0
200000,23.5,0,6,0.7,0.21,0,0,21,1,0,15,False,True,0,0,53,39,29,3.95,AI is off,AI is off,AI is off,AI is off,Not paired,AI is off,0,0,0
202000,23.5,0,6,0.7,0.21,0,0,21,1,0,15,False,True,0,0,54,38,28,3.95,AI is off,AI is off,AI is off,AI is off,Not paired,AI is off,0,0,0
204000,23.5,0,6,0.7,0.21,0,0,20,1,0,15,False,True,0,0,54,39,29,3.95,AI is off,AI is off,AI is off,AI is off,Not paired,AI is off,0,0,0
206000,23.6,0,6,0.7,0.21,0,0,20,1,0,15,False,True,0,0,54,39,29,3.95,AI is off,AI is off,AI is off,AI is off,Not paired,AI is off,0,0,0
208000,23.7,0,6,0.7,0.21,0,0,19,1,0,15,False,True,0,0,54,39,30,3.95,AI is off,AI is off,AI is off,AI is off,Not paired,AI is off,0,0,0
210000,23.7,0,6,0.7,0.21,0,0,19,1,0,15,False,True,0,0,53,39,29,3.95,AI is off,AI is off,AI is off,AI is off,Not paired,AI is off,0,0,0
212000,23.8,0,6,0.71,0.21,0,0,19,1,0,15,False,True,0,0,53,39,29,3.95,AI is off,AI is off,AI is off,AI is off,Not paired,AI is off,0,0,0
214000,23.9,0,6,0.71,0.21,0,0,19,1,0,15,False,True,0,0,52,38,27,3.95,AI is off,AI is off,AI is off,AI is off,Not paired,AI is off,0,0,0
216000,24.1,0,6,0.71,0.21,0,0,19,1,0,15,False,True,0,0,52,37,27,3.95,AI is off,AI is off,AI is off,AI is off,Not paired,AI is off,0,0,0
218000,24.1,0,6,0.71,0.21,0,0,19,1,0,15,False,True,0,0,55,40,29,3.95,AI is off,AI is off,AI is off,AI is off,Not paired,AI is off,0,0,0
220000,24.2,0,6,0.71,0.21,0,0,18,1,0,15,False,True,0,0,54,39,30,3.95,AI is off,AI is off,AI is off,AI is off,Not paired,AI is off,0,0,0
222000,24.3,0,6,0.72,0.21,0,0,18,1,0,15,False,True,0,0,55,42,33,3.95,AI is off,AI is off,AI is off,AI is off,Not paired,AI is off,0,0,0
224000,24.4,0,6,0.72,0.21,0,0,18,1,0,15,False,True,0,0,54,43,31,3.95,AI is off,AI is off,AI is off,AI is off,Not paired,AI is off,0,0,0
226000,24.5,0,6,0.72,0.21,0,0,18,1,0,14,False,True,0,0,54,40,30,3.95,AI is off,AI is off,AI is off,AI is off,Not paired,AI is off,0,0,0
228000,24.6,0,6,0.72,0.21,0,0,18,1,0,14,False,True,0,0,54,41,31,3.95,AI is off,AI is off,AI is off,AI is off,Not paired,AI is off,0,0,0
230000,24.7,0,6,0.73,0.21,0,0,17,1,0,14,False,True,0,0,54,40,29,3.95,AI is off,AI is off,AI is off,AI is off,Not paired,AI is off,0,0,0
232000,24.8,0,6,0.73,0.21,0,0,17,1,0,14,False,True,0,0,54,41,30,3.95,AI is off,AI is off,AI is off,AI is off,Not paired,AI is off,0,0,0
234000,24.7,0,6,0.72,0.21,0,0,17,1,0,14,False,True,0,0,54,41,31,3.95,AI is off,AI is off,AI is off,AI is off,Not paired,AI is off,0,0,0
236000,24.6,0,6,0.72,0.21,0,0,17,1,0,14,False,True,0,0,56,45,34,3.95,AI is off,AI is off,AI is off,AI is off,Not paired,AI is off,0,0,0
238000,24.4,0,6,0.72,0.21,0,0,17,1,0,14,False,True,0,0,54,42,32,3.95,AI is off,AI is off,AI is off,AI is off,Not paired,AI is off,0,0,0
240000,24,0,6,0.71,0.21,0,0,18,1,0,14,False,True,0,0,55,44,34,3.95,AI is off,AI is off,AI is off,AI is off,Not paired,AI is off,0,0,0
242000,23.8,0,6,0.71,0.21,0,0,18,1,0,14,False,True,0,0,52,39,28,3.95,AI is off,AI is off,AI is off,AI is off,Not paired,AI is off,0,0,0
244000,23.7,0,6,0.7,0.21,0,0,18,1,0,14,False,True,0,0,55,43,33,3.95,AI is off,AI is off,AI is off,AI is off,Not paired,AI is off,0,0,0
246000,23.6,0,6,0.7,0.21,0,0,19,1,0,14,False,True,0,0,53,41,30,3.95,AI is off,AI is off,AI is off,AI is off,Not paired,AI is off,0,0,0
248000,23.5,0,6,0.7,0.21,0,0,19,1,0,14,False,True,0,0,53,41,30,3.95,AI is off,AI is off,AI is off,AI is off,Not paired,AI is off,0,0,0
250000,23.4,0,6,0.7,0.21,0,0,19,1,0,14,False,True,0,0,54,41,32,3.95,AI is off,AI is off,AI is off,AI is off,Not paired,AI is off,0,0,0
252000,23.3,0,6,0.7,0.21,0,0,19,1,0,14,False,True,0,0,53,40,30,3.95,AI is off,AI is off,AI is off,AI is off,Not paired,AI is off,0,0,0
254000,23.2,0,6,0.69,0.21,0,0,19,1,0,14,False,True,0,0,54,42,32,3.95,AI is off,AI is off,AI is off,AI is off,Not paired,AI is off,0,0,0
256000,23.1,0,6,0.69,0.21,0,0,19,1,0,14,False,True,0,0,54,42,32,3.95,AI is off,AI is off,AI is off,AI is off,Not paired,AI is off,0,0,0
258000,23.1,0,6,0.69,0.21,0,0,20,1,0,14,False,True,0,0,54,41,32,3.95,AI is off,AI is off,AI is off,AI is off,Not paired,AI is off,0,0,0
260000,23,0,6,0.69,0.21,0,0,20,1,0,14,False,True,0,0,54,41,32,3.95,AI is off,AI is off,AI is off,AI is off,Not paired,AI is off,0,0,0
262000,22.8,0,6,0.69,0.21,0,0,20,1,0,14,False,True,0,0,54,42,32,3.95,AI is off,AI is off,AI is off,AI is off,Not paired,AI is off,0,0,0
264000,22.8,0,6,0.69,0.21,0,0,20,1,0,13,False,True,0,0,56,44,33,3.95,AI is off,AI is off,AI is off,AI is off,Not paired,AI is off,0,0,0
266000,22.6,0,6,0.68,0.21,0,0,20,1,0,13,False,True,0,0,55,44,33,3.95,AI is off,AI is off,AI is off,AI is off,Not paired,AI is off,0,0,0
268000,22.5,0,6,0.68,0.21,0,0,20,1,0,13,False,True,0,0,56,45,35,3.95,AI is off,AI is off,AI is off,AI is off,Not paired,AI is off,0,0,0
270000,22.4,0,6,0.68,0.21,0,0,20,1,0,13,False,True,0,0,54,40,30,3.95,AI is off,AI is off,AI is off,AI is off,Not paired,AI is off,0,0,0
272000,22.5,0,6,0.68,0.21,0,0,20,1,0,13,False,True,0,0,54,38,29,3.95,AI is off,AI is off,AI is off,AI is off,Not paired,AI is off,0,0,0
274000,22.5,0,6,0.68,0.21,0,0,21,1,0,13,False,True,0,0,54,43,32,3.95,AI is off,AI is off,AI is off,AI is off,Not paired,AI is off,0,0,0
276000,22.3,0,6,0.68,0.21,0,0,21,1,0,13,False,True,0,0,54,41,32,3.95,AI is off,AI is off,AI is off,AI is off,Not paired,AI is off,0,0,0
278000,22.2,0,6,0.67,0.21,0,0,21,1,0,13,False,True,0,0,54,40,30,3.95,AI is off,AI is off,AI is off,AI is off,Not paired,AI is off,0,0,0
280000,22.4,0,6,0.68,0.21,0,0,21,1,0,13,False,True,0,0,56,44,34,3.95,AI is off,AI is off,AI is off,AI is off,Not paired,AI is off,0,0,0
282000,22.7,0,6,0.68,0.21,0,0,21,1,0,13,False,True,0,0,55,44,33,3.95,AI is off,AI is off,AI is off,AI is off,Not paired,AI is off,0,0,0
284000,22.7,0,6,0.68,0.21,0,0,21,1,0,13,False,True,0,0,54,39,30,3.95,AI is off,AI is off,AI is off,AI is off,Not paired,AI is off,0,0,0
286000,22.5,0,6,0.68,0.21,0,0,21,1,0,13,False,True,0,0,54,39,30,3.95,AI is off,AI is off,AI is off,AI is off,Not paired,AI is off,0,0,0
288000,22.8,0,6,0.69,0.21,0,0,21,1,0,13,False,True,0,0,54,39,29,3.95,AI is off,AI is off,AI is off,AI is off,Not paired,AI is off,0,0,0
290000,23,0,6,0.69,0.21,0,0,20,1,0,13,False,True,0,0,54,39,31,3.95,AI is off,AI is off,AI is off,AI is off,Not paired,AI is off,0,0,0
292000,23,0,6,0.69,0.21,0,0,20,1,0,13,False,True,0,0,56,43,33,3.95,AI is off,AI is off,AI is off,AI is off,Not paired,AI is off,0,0,0
294000,23,0,6,0.69,0.21,0,0,20,1,0,13,False,True,0,0,53,40,31,3.95,AI is off,AI is off,AI is off,AI is off,Not paired,AI is off,0,0,0
296000,23.2,0,6,0.69,0.21,0,0,19,1,0,13,False,True,0,0,54,39,30,3.95,AI is off,AI is off,AI is off,AI is off,Not paired,AI is off,0,0,0
298000,23.3,0,6,0.7,0.21,0,0,19,1,0,13,False,True,0,0,54,38,28,3.95,AI is off,AI is off,AI is off,AI is off,Not paired,AI is off,0,0,0
300000,23.4,0,6,0.7,0.21,0,0,19,1,0,13,False,True,0,0,54,39,29,3.95,AI is off,AI is off,AI is off,AI is off,Not paired,AI is off,0,0,0
302000,23.2,0,6,0.69,0.21,0,0,19,1,0,13,False,True,0,0,54,39,30,3.95,AI is off,AI is off,AI is off,AI is off,Not paired,AI is off,0,0,0
304000,23.3,0,6,0.7,0.21,0,0,19,1,0,13,False,True,0,0,54,40,30,3.95,AI is off,AI is off,AI is off,AI is off,Not paired,AI is off,0,0,0
306000,23.2,0,6,0.69,0.21,0,0,19,1,0,13,False,True,0,0,55,43,33,3.95,AI is off,AI is off,AI is off,AI is off,Not paired,AI is off,0,0,0
308000,23,0,6,0.69,0.21,0,0,19,1,0,13,False,True,0,0,55,40,30,3.95,AI is off,AI is off,AI is off,AI is off,Not paired,AI is off,0,0,0
310000,22.9,0,6,0.69,0.21,0,0,19,1,0,13,False,True,0,0,55,40,30,3.95,AI is off,AI is off,AI is off,AI is off,Not paired,AI is off,0,0,0
312000,22.9,0,6,0.69,0.21,0,0,19,1,0,13,False,True,0,0,54,40,31,3.95,AI is off,AI is off,AI is off,AI is off,Not paired,AI is off,0,0,0
314000,23,0,6,0.69,0.21,0,0,19,1,0,13,False,True,0,0,54,40,31,3.95,AI is off,AI is off,AI is off,AI is off,Not paired,AI is off,0,0,0
316000,23,0,6,0.69,0.21,0,0,19,1,0,13,False,True,0,0,53,39,29,3.95,AI is off,AI is off,AI is off,AI is off,Not paired,AI is off,0,0,0
318000,22.9,0,6,0.69,0.21,0,0,19,1,0,13,False,True,0,0,53,39,28,3.95,AI is off,AI is off,AI is off,AI is off,Not paired,AI is off,0,0,0
320000,22.8,0,6,0.69,0.21,0,0,19,1,0,13,False,True,0,0,53,40,29,3.95,AI is off,AI is off,AI is off,AI is off,Not paired,AI is off,0,0,0
322000,22.9,0,6,0.69,0.21,0,0,19,1,0,13,False,True,0,0,55,42,31,3.95,AI is off,AI is off,AI is off,AI is off,Not paired,AI is off,0,0,0
324000,23,0,6,0.69,0.21,0,0,19,1,0,13,False,True,0,0,53,38,28,3.95,AI is off,AI is off,AI is off,AI is off,Not paired,AI is off,0,0,0
326000,23.1,0,6,0.69,0.21,0,0,19,1,0,13,False,True,0,0,54,40,30,3.95,AI is off,AI is off,AI is off,AI is off,Not paired,AI is off,0,0,0
328000,23.2,0,6,0.69,0.21,0,0,18,1,0,13,False,True,0,0,53,39,30,3.95,AI is off,AI is off,AI is off,AI is off,Not paired,AI is off,0,0,0
330000,23.2,0,6,0.69,0.21,0,0,18,1,0,13,False,True,0,0,54,40,31,3.95,AI is off,AI is off,AI is off,AI is off,Not paired,AI is off,0,0,0
332000,23.2,0,6,0.69,0.21,0,0,18,1,0,13,False,True,0,0,54,40,32,3.95,AI is off,AI is off,AI is off,AI is off,Not paired,AI is off,0,0,0
334000,23.3,0,6,0.7,0.21,0,0,18,1,0,13,False,True,0,0,53,39,31,3.95,AI is off,AI is off,AI is off,AI is off,Not paired,AI is off,0,0,0
336000,23.2,0,6,0.69,0.21,0,0,18,1,0,13,False,True,0,0,55,40,30,3.95,AI is off,AI is off,AI is off,AI is off,Not paired,AI is off,0,0,0
338000,23.2,0,6,0.69,0.21,0,0,18,1,0,13,False,True,0,0,55,40,30,3.95,AI is off,AI is off,AI is off,AI is off,Not paired,AI is off,0,0,0
340000,23.2,0,6,0.69,0.21,0,0,18,1,0,13,False,True,0,0,54,39,31,3.95,AI is off,AI is off,AI is off,AI is off,Not paired,AI is off,0,0,0
342000,23.4,0,6,0.69,0.21,0,0,18,1,0,13,False,True,0,0,53,40,31,3.95,AI is off,AI is off,AI is off,AI is off,Not paired,AI is off,0,0,0
344000,23.5,0,6,0.7,0.21,0,0,18,1,0,13,False,True,0,0,55,40,30,3.95,AI is off,AI is off,AI is off,AI is off,Not paired,AI is off,0,0,0
346000,23.5,0,6,0.7,0.21,0,0,18,1,0,13,False,True,0,0,54,40,30,3.95,AI is off,AI is off,AI is off,AI is off,Not paired,AI is off,0,0,0
348000,23.5,0,6,0.7,0.21,0,0,18,1,0,13,False,True,0,0,55,43,34,3.95,AI is off,AI is off,AI is off,AI is off,Not paired,AI is off,0,0,0
350000,23.6,0,6,0.7,0.21,0,0,18,1,0,13,False,True,0,0,54,40,29,3.95,AI is off,AI is off,AI is off,AI is off,Not paired,AI is off,0,0,0
352000,23.9,0,6,0.71,0.21,0,0,18,1,0,13,False,True,0,0,55,40,31,3.95,AI is off,AI is off,AI is off,AI is off,Not paired,AI is off,0,0,0
354000,23.9,0,6,0.71,0.21,0,0,18,1,0,13,False,True,0,0,54,40,31,3.95,AI is off,AI is off,AI is off,AI is off,Not paired,AI is off,0,0,0
356000,24,0,6,0.71,0.21,0,0,17,1,0,13,False,True,0,0,54,40,31,3.95,AI is off,AI is off,AI is off,AI is off,Not paired,AI is off,0,0,0
358000,24.1,0,6,0.71,0.21,0,0,17,1,0,13,False,True,0,0,55,41,31,3.95,AI is off,AI is off,AI is off,AI is off,Not paired,AI is off,0,0,0
360000,24.1,0,6,0.71,0.21,0,0,17,1,0,13,False,True,0,0,55,43,34,3.95,AI is off,AI is off,AI is off,AI is off,Not paired,AI is off,0,0,0
362000,24.2,0,6,0.71,0.21,0,0,16,1,0,13,False,True,0,0,55,40,31,3.95,AI is off,AI is off,AI is off,AI is off,Not paired,AI is off,0,0,0
364000,24.2,0,6,0.71,0.21,0,0,16,1,0,13,False,True,0,0,55,41,32,3.95,AI is off,AI is off,AI is off,AI is off,Not paired,AI is off,0,0,0
366000,24.1,0,6,0.71,0.21,0,0,16,1,0,12,False,True,0,0,54,40,31,3.95,AI is off,AI is off,AI is off,AI is off,Not paired,AI is off,0,0,0
368000,24.2,0,6,0.71,0.21,0,0,16,1,0,12,False,True,0,0,55,40,31,3.95,AI is off,AI is off,AI is off,AI is off,Not paired,AI is off,0,0,0
370000,24.3,0,6,0.72,0.21,0,0,16,1,0,12,False,True,0,0,55,40,31,3.95,AI is off,AI is off,AI is off,AI is off,Not paired,AI is off,0,0,0
372000,24.3,0,6,0.72,0.21,0,0,16,1,0,12,False,True,0,0,54,40,31,3.95,AI is off,AI is off,AI is off,AI is off,Not paired,AI is off,0,0,0
374000,24.4,0,6,0.72,0.21,0,0,16,1,0,12,False,True,0,0,54,40,30,3.95,AI is off,AI is off,AI is off,AI is off,Not paired,AI is off,0,0,0
376000,24.5,0,6,0.72,0.21,0,0,16,1,0,12,False,True,0,0,54,40,30,3.95,AI is off,AI is off,AI is off,AI is off,Not paired,AI is off,0,0,0
378000,24.5,0,6,0.72,0.21,0,0,15,1,0,12,False,True,0,0,55,40,31,3.95,AI is off,AI is off,AI is off,AI is off,Not paired,AI is off,0,0,0
380000,24.5,0,6,0.72,0.21,0,0,15,1,0,12,False,True,0,0,54,40,31,3.95,AI is off,AI is off,AI is off,AI is off,Not paired,AI is off,0,0,0
382000,24.5,0,6,0.72,0.21,0,0,15,1,0,12,False,True,0,0,53,39,31,3.95,AI is off,AI is off,AI is off,AI is off,Not paired,AI is off,0,0,0
384000,24.4,0,6,0.72,0.21,0,0,15,1,0,12,False,True,0,0,54,40,31,3.95,AI is off,AI is off,AI is off,AI is off,Not paired,AI is off,0,0,0
386000,24.5,0,6,0.72,0.21,0,0,15,1,0,12,False,True,0,0,55,40,31,3.95,AI is off,AI is off,AI is off,AI is off,Not paired,AI is off,0,0,0
388000,24.5,0,6,0.72,0.21,0,0,15,1,0,12,False,True,0,0,54,40,30,3.95,AI is off,AI is off,AI is off,AI is off,Not paired,AI is off,0,0,0
390000,24.4,0,6,0.72,0.21,0,0,15,1,0,12,False,True,0,0,54,40,32,3.95,AI is off,AI is off,AI is off,AI is off,Not paired,AI is off,0,0,0
392000,24.3,0,6,0.72,0.21,0,0,15,1,0,12,False,True,0,0,55,42,32,3.95,AI is off,AI is off,AI is off,AI is off,Not paired,AI is off,0,0,0
394000,23.8,0,6,0.71,0.21,0,0,16,1,0,12,False,True,0,0,54,40,32,3.95,AI is off,AI is off,AI is off,AI is off,Not paired,AI is off,0,0,0
396000,23.7,0,6,0.7,0.21,0,0,16,1,0,12,False,True,0,0,54,39,31,3.95,AI is off,AI is off,AI is off,AI is off,Not paired,AI is off,0,0,0
398000,23.8,0,6,0.71,0.21,0,0,16,1,0,12,False,True,0,0,54,41,29,3.95,AI is off,AI is off,AI is off,AI is off,Not paired,AI is off,0,0,0
400000,24,0,6,0.71,0.21,0,0,16,1,0,12,False,True,0,0,53,39,30,3.95,AI is off,AI is off,AI is off,AI is off,Not paired,AI is off,0,0,0
402000,23.9,0,6,0.71,0.21,0,0,16,1,0,12,False,True,0,0,55,41,30,3.95,AI is off,AI is off,AI is off,AI is off,Not paired,AI is off,0,0,0
404000,23.9,0,6,0.71,0.21,0,0,16,1,0,12,False,True,0,0,53,39,28,3.95,AI is off,AI is off,AI is off,AI is off,Not paired,AI is off,0,0,0
406000,23.9,0,6,0.71,0.21,0,0,16,1,0,12,False,True,0,0,54,39,31,3.95,AI is off,AI is off,AI is off,AI is off,Not paired,AI is off,0,0,0
408000,23.8,0,6,0.71,0.21,0,0,16,1,0,12,False,True,0,0,54,39,30,3.95,AI is off,AI is off,AI is off,AI is off,Not paired,AI is off,0,0,0
410000,23.8,0,6,0.71,0.21,0,0,16,1,0,12,False,True,0,0,53,39,28,3.95,AI is off,AI is off,AI is off,AI is off,Not paired,AI is off,0,0,0
412000,23.9,0,6,0.71,0.21,0,0,16,1,0,12,False,True,0,0,55,41,31,3.95,AI is off,AI is off,AI is off,AI is off,Not paired,AI is off,0,0,0
414000,23.8,0,6,0.71,0.21,0,0,16,1,0,12,False,True,0,0,57,45,35,3.95,AI is off,AI is off,AI is off,AI is off,Not paired,AI is off,0,0,0
416000,23.8,0,6,0.7,0.21,0,0,16,1,0,12,False,True,0,0,55,41,31,3.95,AI is off,AI is off,AI is off,AI is off,Not paired,AI is off,0,0,0
418000,23.8,0,6,0.71,0.21,0,0,16,1,0,12,False,True,0,0,53,39,28,3.95,AI is off,AI is off,AI is off,AI is off,Not paired,AI is off,0,0,0
420000,23.8,0,6,0.71,0.21,0,0,16,1,0,12,False,True,0,0,53,39,31,3.95,AI is off,AI is off,AI is off,AI is off,Not paired,AI is off,0,0,0
422000,23.8,0,6,0.71,0.21,0,0,16,1,0,12,False,True,0,0,53,40,29,3.95,AI is off,AI is off,AI is off,AI is off,Not paired,AI is off,0,0,0
424000,23.8,0,6,0.71,0.21,0,0,16,1,0,12,False,True,0,0,54,41,30,3.95,AI is off,AI is off,AI is off,AI is off,Not paired,AI is off,0,0,0
426000,23.9,0,6,0.71,0.21,0,0,16,1,0,12,False,True,0,0,53,39,30,3.95,AI is off,AI is off,AI is off,AI is off,Not paired,AI is off,0,0,0
428000,23.9,0,6,0.71,0.21,0,0,15,1,0,12,False,True,0,0,54,41,31,3.95,AI is off,AI is off,AI is off,AI is off,Not paired,AI is off,0,0,0
430000,24.2,0,6,0.71,0.21,0,0,15,1,0,12,False,True,0,0,56,45,36,3.95,AI is off,AI is off,AI is off,AI is off,Not paired,AI is off,0,0,0
432000,24.2,0,6,0.72,0.21,0,0,15,1,0,12,False,True,0,0,56,45,35,3.95,AI is off,AI is off,AI is off,AI is off,Not paired,AI is off,0,0,0
434000,24.2,0,6,0.71,0.21,0,0,15,1,0,12,False,True,0,0,56,46,37,3.95,AI is off,AI is off,AI is off,AI is off,Not paired,AI is off,0,0,0
436000,24.3,0,6,0.71,0.21,0,0,15,1,0,12,False,True,0,0,55,45,35,3.95,AI is off,AI is off,AI is off,AI is off,Not paired,AI is off,0,0,0
438000,24.4,0,6,0.72,0.21,0,0,15,1,0,12,False,True,0,0,56,45,36,3.95,AI is off,AI is off,AI is off,AI is off,Not paired,AI is off,0,0,0
440000,24.4,0,6,0.72,0.21,0,0,15,1,0,12,False,True,0,0,55,41,31,3.95,AI is off,AI is off,AI is off,AI is off,Not paired,AI is off,0,0,0
442000,24.4,0,6,0.72,0.21,0,0,15,1,0,12,False,True,0,0,55,43,34,3.95,AI is off,AI is off,AI is off,AI is off,Not paired,AI is off,0,0,0
444000,24.5,0,6,0.72,0.21,0,0,14,1,0,12,False,True,0,0,56,44,35,3.95,AI is off,AI is off,AI is off,AI is off,Not paired,AI is off,0,0,0
446000,24.5,0,6,0.72,0.21,0,0,14,1,0,12,False,True,0,0,56,46,37,3.95,AI is off,AI is off,AI is off,AI is off,Not paired,AI is off,0,0,0
448000,24.5,0,6,0.72,0.21,0,0,14,1,0,12,False,True,0,0,56,44,35,3.95,AI is off,AI is off,AI is off,AI is off,Not paired,AI is off,0,0,0
450000,24.5,0,6,0.72,0.21,0,0,14,1,0,12,False,True,0,0,56,45,36,3.95,AI is off,AI is off,AI is off,AI is off,Not paired,AI is off,0,0,0
452000,24.6,0,6,0.72,0.21,0,0,14,1,0,12,False,True,0,0,53,38,30,3.95,AI is off,AI is off,AI is off,AI is off,Not paired,AI is off,0,0,0
454000,24.8,0,6,0.73,0.21,0,0,14,1,0,12,False,True,0,0,54,39,31,3.95,AI is off,AI is off,AI is off,AI is off,Not paired,AI is off,0,0,0
456000,24.9,0,6,0.73,0.21,0,0,14,1,0,12,False,True,0,0,53,38,30,3.95,AI is off,AI is off,AI is off,AI is off,Not paired,AI is off,0,0,0
458000,24.9,0,6,0.73,0.21,0,0,14,1,0,12,False,True,0,0,56,43,33,3.95,AI is off,AI is off,AI is off,AI is off,Not paired,AI is off,0,0,0
460000,24.9,0,6,0.73,0.21,0,0,13,1,0,12,False,True,0,0,54,39,31,3.95,AI is off,AI is off,AI is off,AI is off,Not paired,AI is off,0,0,0
462000,24.8,0,6,0.73,0.21,0,0,13,1,0,12,False,True,0,0,54,40,31,3.95,AI is off,AI is off,AI is off,AI is off,Not paired,AI is off,0,0,0
464000,24.8,0,6,0.73,0.21,0,0,13,1,0,12,False,True,0,0,54,39,31,3.95,AI is off,AI is off,AI is off,AI is off,Not paired,AI is off,0,0,0
466000,24.8,0,6,0.73,0.21,0,0,13,1,0,12,False,True,0,0,53,40,31,3.95,AI is off,AI is off,AI is off,AI is off,Not paired,AI is off,0,0,0
468000,24.7,0,6,0.73,0.21,0,0,13,1,0,12,False,True,0,0,54,39,30,3.95,AI is off,AI is off,AI is off,AI is off,Not paired,AI is off,0,0,0
470000,24.8,0,6,0.73,0.21,0,0,13,1,0,12,False,True,0,0,55,41,32,3.95,AI is off,AI is off,AI is off,AI is off,Not paired,AI is off,0,0,0
472000,24.9,0,6,0.73,0.21,0,0,13,1,0,12,False,True,0,0,53,38,30,3.95,AI is off,AI is off,AI is off,AI is off,Not paired,AI is off,0,0,0
474000,24.9,0,6,0.73,0.21,0,0,13,1,0,12,False,True,0,0,56,42,33,3.95,AI is off,AI is off,AI is off,AI is off,Not paired,AI is off,0,0,0
476000,24.9,0,6,0.73,0.21,0,0,13,1,0,11,False,True,0,0,54,40,32,3.95,AI is off,AI is off,AI is off,AI is off,Not paired,AI is off,0,0,0
478000,24.9,0,6,0.73,0.21,0,0,13,1,0,11,False,True,0,0,54,40,32,3.95,AI is off,AI is off,AI is off,AI is off,Not paired,AI is off,0,0,0
480000,24.9,0,6,0.73,0.21,0,0,13,1,0,11,False,True,0,0,54,39,31,3.95,AI is off,AI is off,AI is off,AI is off,Not paired,AI is off,0,0,0
482000,24.9,0,6,0.73,0.21,0,0,13,1,0,11,False,True,0,0,53,40,30,3.95,AI is off,AI is off,AI is off,AI is off,Not paired,AI is off,0,0,0
484000,25,0,6,0.73,0.21,0,0,13,1,0,11,False,True,0,0,54,39,31,3.95,AI is off,AI is off,AI is off,AI is off,Not paired,AI is off,0,0,0
486000,25.1,0,6,0.73,0.21,0,0,13,1,0,11,False,True,0,0,55,41,33,3.95,AI is off,AI is off,AI is off,AI is off,Not paired,AI is off,0,0,0
488000,25,0,6,0.73,0.21,0,0,13,1,0,11,False,True,0,0,55,41,32,3.95,AI is off,AI is off,AI is off,AI is off,Not paired,AI is off,0,0,0
490000,25.1,0,6,0.73,0.21,0,0,13,1,0,11,False,True,0,0,54,40,32,3.95,AI is off,AI is off,AI is off,AI is off,Not paired,AI is off,0,0,0
492000,25.1,0,6,0.73,0.21,0,0,13,1,0,11,False,True,0,0,54,40,32,3.95,AI is off,AI is off,AI is off,AI is off,Not paired,AI is off,0,0,0
494000,25.1,0,6,0.73,0.21,0,0,13,1,0,11,False,True,0,0,54,39,32,3.95,AI is off,AI is off,AI is off,AI is off,Not paired,AI is off,0,0,0
496000,25.1,0,6,0.73,0.21,0,0,13,1,0,11,False,True,0,0,53,39,30,3.95,AI is off,AI is off,AI is off,AI is off,Not paired,AI is off,0,0,0
498000,25.2,0,6,0.73,0.21,0,0,13,1,0,11,False,True,0,0,54,40,32,3.95,AI is off,AI is off,AI is off,AI is off,Not paired,AI is off,0,0,0
500000,25.2,0,6,0.74,0.21,0,0,13,1,0,11,False,True,0,0,54,39,30,3.95,AI is off,AI is off,AI is off,AI is off,Not paired,AI is off,0,0,0
502000,25.2,0,6,0.74,0.21,0,0,13,1,0,11,False,True,0,0,54,40,32,3.95,AI is off,AI is off,AI is off,AI is off,Not paired,AI is off,0,0,0
504000,25.1,0,6,0.73,0.21,0,0,12,1,0,11,False,True,0,0,55,41,32,3.95,AI is off,AI is off,AI is off,AI is off,Not paired,AI is off,0,0,0
506000,25.1,0,6,0.73,0.21,0,0,12,1,0,11,False,True,0,0,54,40,32,3.95,AI is off,AI is off,AI is off,AI is off,Not paired,AI is off,0,0,0
508000,25,0,6,0.73,0.21,0,0,12,1,0,11,False,True,0,0,54,40,32,3.95,AI is off,AI is off,AI is off,AI is off,Not paired,AI is off,0,0,0
510000,25.1,0,6,0.73,0.21,0,0,12,1,0,11,False,True,0,0,54,40,32,3.95,AI is off,AI is off,AI is off,AI is off,Not paired,AI is off,0,0,0
512000,25.3,0,6,0.74,0.21,0,0,12,1,0,12,False,True,0,0,57,45,36,3.95,AI is off,AI is off,AI is off,AI is off,Not paired,AI is off,0,0,0
514000,25.3,0,6,0.74,0.21,0,0,12,1,0,11,False,True,0,0,57,44,34,3.95,AI is off,AI is off,AI is off,AI is off,Not paired,AI is off,0,0,0
516000,25.1,0,6,0.74,0.21,0,0,12,1,0,11,False,True,0,0,57,45,35,3.95,AI is off,AI is off,AI is off,AI is off,Not paired,AI is off,0,0,0
518000,24.8,0,6,0.73,0.21,0,0,12,1,0,11,False,True,0,0,52,40,32,3.95,AI is off,AI is off,AI is off,AI is off,Not paired,AI is off,0,0,0
520000,24.8,0,6,0.73,0.21,0,0,12,1,0,11,False,True,0,0,54,42,32,3.95,AI is off,AI is off,AI is off,AI is off,Not paired,AI is off,0,0,0
522000,24.7,0,6,0.73,0.21,0,0,13,1,0,11,False,True,0,0,54,40,31,3.95,AI is off,AI is off,AI is off,AI is off,Not paired,AI is off,0,0,0
524000,24.7,0,6,0.73,0.21,0,0,13,1,0,11,False,True,0,0,55,43,33,3.95,AI is off,AI is off,AI is off,AI is off,Not paired,AI is off,0,0,0
526000,24.5,0,6,0.72,0.21,0,0,13,1,0,11,False,True,0,0,55,41,32,3.95,AI is off,AI is off,AI is off,AI is off,Not paired,AI is off,0,0,0
528000,24.6,0,6,0.72,0.21,0,0,13,1,0,11,False,True,0,0,54,40,31,3.95,AI is off,AI is off,AI is off,AI is off,Not paired,AI is off,0,0,0
530000,24.7,0,6,0.73,0.21,0,0,13,1,0,11,False,True,0,0,54,39,31,3.95,AI is off,AI is off,AI is off,AI is off,Not paired,AI is off,0,0,0
532000,24.8,0,6,0.73,0.21,0,0,13,1,0,11,False,True,0,0,54,41,31,3.95,AI is off,AI is off,AI is off,AI is off,Not paired,AI is off,0,0,0
534000,24.8,0,6,0.73,0.21,0,0,13,1,0,11,False,True,0,0,54,39,31,3.95,AI is off,AI is off,AI is off,AI is off,Not paired,AI is off,0,0,0
536000,24.6,0,6,0.73,0.21,0,0,13,1,0,11,False,True,0,0,55,41,33,3.95,AI is off,AI is off,AI is off,AI is off,Not paired,AI is off,0,0,0
538000,24.5,0,6,0.72,0.21,0,0,13,1,0,11,False,True,0,0,54,40,31,3.95,AI is off,AI is off,AI is off,AI is off,Not paired,AI is off,0,0,0
540000,24.5,0,6,0.72,0.21,0,0,13,1,0,12,False,True,0,0,54,40,31,3.95,AI is off,AI is off,AI is off,AI is off,Not paired,AI is off,0,0,0
542000,24.3,0,6,0.72,0.21,0,0,13,1,0,11,False,True,0,0,54,41,31,3.95,AI is off,AI is off,AI is off,AI is off,Not paired,AI is off,0,0,0
544000,24.1,0,6,0.72,0.21,0,0,13,1,0,11,False,True,0,0,54,39,31,3.95,AI is off,AI is off,AI is off,AI is off,Not paired,AI is off,0,0,0
546000,24.1,0,6,0.71,0.21,0,0,13,1,0,11,False,True,0,0,55,41,32,3.95,AI is off,AI is off,AI is off,AI is off,Not paired,AI is off,0,0,0
548000,24.2,0,6,0.71,0.21,0,0,13,1,0,11,False,True,0,0,54,40,31,3.95,AI is off,AI is off,AI is off,AI is off,Not paired,AI is off,0,0,0
550000,24.1,0,6,0.71,0.21,0,0,13,1,0,12,False,True,0,0,54,40,31,3.95,AI is off,AI is off,AI is off,AI is off,Not paired,AI is off,0,0,0
552000,24,0,6,0.71,0.21,0,0,13,1,0,11,False,True,0,0,54,41,31,3.95,AI is off,AI is off,AI is off,AI is off,Not paired,AI is off,0,0,0
554000,23.9,0,6,0.71,0.21,0,0,13,1,0,12,False,True,0,0,54,39,31,3.95,AI is off,AI is off,AI is off,AI is off,Not paired,AI is off,0,0,0
556000,23.9,0,6,0.71,0.21,0,0,13,1,0,12,False,True,0,0,54,39,30,3.95,AI is off,AI is off,AI is off,AI is off,Not paired,AI is off,0,0,0
558000,23.8,0,6,0.71,0.21,0,0,13,1,0,11,False,True,0,0,54,40,31,3.95,AI is off,AI is off,AI is off,AI is off,Not paired,AI is off,0,0,0
560000,23.8,0,6,0.71,0.21,0,0,13,1,0,12,False,True,0,0,54,40,30,3.95,AI is off,AI is off,AI is off,AI is off,Not paired,AI is off,0,0,0
562000,23.7,0,6,0.71,0.21,0,0,13,1,0,12,False,True,0,0,54,40,31,3.95,AI is off,AI is off,AI is off,AI is off,Not paired,AI is off,0,0,0
564000,23.6,0,6,0.7,0.21,0,0,13,1,0,12,False,True,0,0,54,40,31,3.95,AI is off,AI is off,AI is off,AI is off,Not paired,AI is off,0,0,0
566000,23.5,0,6,0.7,0.21,0,0,13,1,0,12,False,True,0,0,54,39,32,3.95,AI is off,AI is off,AI is off,AI is off,Not paired,AI is off,0,0,0
568000,23.5,0,6,0.7,0.21,0,0,13,1,0,11,False,True,0,0,54,39,30,3.95,AI is off,AI is off,AI is off,AI is off,Not paired,AI is off,0,0,0
570000,23.6,0,6,0.7,0.21,0,0,13,1,0,12,False,True,0,0,53,39,29,3.95,AI is off,AI is off,AI is off,AI is off,Not paired,AI is off,0,0,0
572000,23.5,0,6,0.7,0.21,0,0,13,1,0,12,False,True,0,0,54,39,29,3.95,AI is off,AI is off,AI is off,AI is off,Not paired,AI is off,0,0,0
574000,23.5,0,6,0.7,0.21,0,0,13,1,0,12,False,True,0,0,54,41,32,3.95,AI is off,AI is off,AI is off,AI is off,Not paired,AI is off,0,0,0
576000,23.3,0,6,0.7,0.21,0,0,14,1,0,12,False,True,0,0,55,40,32,3.95,AI is off,AI is off,AI is off,AI is off,Not paired,AI is off,0,0,0
578000,23.3,0,6,0.7,0.21,0,0,14,1,0,12,False,True,0,0,54,44,33,3.95,AI is off,AI is off,AI is off,AI is off,Not paired,AI is off,0,0,0
580000,23.2,0,6,0.69,0.21,0,0,14,1,0,12,False,True,0,0,56,45,35,3.95,AI is off,AI is off,AI is off,AI is off,Not paired,AI is off,0,0,0
582000,23.3,0,6,0.7,0.21,0,0,14,1,0,11,False,True,0,0,57,45,35,3.95,AI is off,AI is off,AI is off,AI is off,Not paired,AI is off,0,0,0
584000,22.8,0,6,0.69,0.21,0,0,14,1,0,12,False,True,0,0,57,46,37,3.95,AI is off,AI is off,AI is off,AI is off,Not paired,AI is off,0,0,0
586000,22.5,0,6,0.68,0.21,0,0,14,1,0,12,False,True,0,0,54,39,30,3.95,AI is off,AI is off,AI is off,AI is off,Not paired,AI is off,0,0,0
588000,22.1,0,6,0.67,0.21,0,0,15,1,0,12,False,True,0,0,57,45,36,3.95,AI is off,AI is off,AI is off,AI is off,Not paired,AI is off,0,0,0
590000,22,0,6,0.67,0.21,0,0,15,1,0,12,False,True,0,0,54,40,32,3.95,AI is off,AI is off,AI is off,AI is off,Not paired,AI is off,0,0,0
592000,22.1,0,6,0.67,0.21,0,0,16,1,0,12,False,True,0,0,54,40,31,3.95,AI is off,AI is off,AI is off,AI is off,Not paired,AI is off,0,0,0
594000,21.9,0,6,0.67,0.21,0,0,16,1,0,12,False,True,0,0,53,39,28,3.95,AI is off,AI is off,AI is off,AI is off,Not paired,AI is off,0,0,0
596000,21.9,0,6,0.67,0.21,0,0,16,1,0,12,False,True,0,0,57,46,36,3.95,AI is off,AI is off,AI is off,AI is off,Not paired,AI is off,0,0,0
598000,21.6,0,6,0.66,0.21,0,0,16,1,0,12,False,True,0,0,57,45,36,3.95,AI is off,AI is off,AI is off,AI is off,Not paired,AI is off,0,0,0
600000,21.4,0,6,0.66,0.21,0,0,16,1,0,12,False,True,0,0,56,45,37,3.95,AI is off,AI is off,AI is off,AI is off,Not paired,AI is off,0,0,0
602000,21,0,6,0.65,0.21,0,0,16,1,0,12,False,True,0,0,55,41,32,3.95,AI is off,AI is off,AI is off,AI is off,Not paired,AI is off,0,0,0
604000,20.7,0,6,0.64,0.21,0,0,19,1,0,12,False,True,0,0,55,42,32,3.95,AI is off,AI is off,AI is off,AI is off,Not paired,AI is off,0,0,0
606000,20.5,0,6,0.64,0.21,0,0,19,1,0,12,False,True,0,0,55,44,35,3.95,AI is off,AI is off,AI is off,AI is off,Not paired,AI is off,0,0,0
608000,20.3,0,6,0.63,0.21,0,0,19,1,0,12,False,True,0,0,54,43,32,3.95,AI is off,AI is off,AI is off,AI is off,Not paired,AI is off,0,0,0
610000,20.4,0,5,0.63,0.21,0,0,21,1,0,12,False,True,0,0,54,39,32,3.95,AI is off,AI is off,AI is off,AI is off,Not paired,AI is off,0,0,0
612000,20.7,0,5,0.64,0.21,0,0,21,1,0,12,False,True,0,0,57,45,35,3.95,AI is off,AI is off,AI is off,AI is off,Not paired,AI is off,0,0,0
614000,20.5,0,5,0.64,0.21,0,0,21,1,0,12,False,True,0,0,55,42,32,3.95,AI is off,AI is off,AI is off,AI is off,Not paired,AI is off,0,0,0
616000,20.3,0,5,0.63,0.21,0,0,21,1,0,12,False,True,0,0,55,43,34,3.95,AI is off,AI is off,AI is off,AI is off,Not paired,AI is off,0,0,0
618000,20.2,0,5,0.63,0.21,0,0,21,1,0,12,False,True,0,0,54,41,31,3.95,AI is off,AI is off,AI is off,AI is off,Not paired,AI is off,0,0,0
620000,20.2,0,5,0.63,0.21,0,0,21,1,0,12,False,True,0,0,54,42,31,3.95,AI is off,AI is off,AI is off,AI is off,Not paired,AI is off,0,0,0
622000,20.1,0,5,0.63,0.21,0,0,21,1,0,12,False,True,0,0,54,42,32,3.95,AI is off,AI is off,AI is off,AI is off,Not paired,AI is off,0,0,0
624000,20.1,0,5,0.63,0.21,0,0,21,1,0,12,False,True,0,0,54,42,32,3.95,AI is off,AI is off,AI is off,AI is off,Not paired,AI is off,0,0,0
626000,20.7,0,5,0.64,0.21,0,0,19,1,0,12,False,True,0,0,57,46,36,3.95,AI is off,AI is off,AI is off,AI is off,Not paired,AI is off,0,0,0
628000,21.1,0,5,0.65,0.21,0,0,19,1,0,12,False,True,0,0,56,46,36,3.95,AI is off,AI is off,AI is off,AI is off,Not paired,AI is off,0,0,0
630000,20.9,0,5,0.65,0.21,0,0,19,1,0,12,False,True,0,0,56,46,37,3.95,AI is off,AI is off,AI is off,AI is off,Not paired,AI is off,0,0,0
632000,20.8,0,5,0.64,0.21,0,0,19,1,0,12,False,True,0,0,54,40,32,3.95,AI is off,AI is off,AI is off,AI is off,Not paired,AI is off,0,0,0
634000,21,0,5,0.65,0.21,0,0,19,1,0,12,False,True,0,0,55,40,32,3.95,AI is off,AI is off,AI is off,AI is off,Not paired,AI is off,0,0,0
636000,21.2,0,6,0.65,0.21,0,0,17,1,0,12,False,True,0,0,54,39,31,3.95,AI is off,AI is off,AI is off,AI is off,Not paired,AI is off,0,0,0
638000,21.1,0,6,0.65,0.21,0,0,17,1,0,12,False,True,0,0,55,42,33,3.95,AI is off,AI is off,AI is off,AI is off,Not paired,AI is off,0,0,0
640000,21,0,6,0.65,0.21,0,0,17,1,0,12,False,True,0,0,54,39,31,3.95,AI is off,AI is off,AI is off,AI is off,Not paired,AI is off,0,0,0
642000,21.1,0,6,0.65,0.21,0,0,18,1,0,12,False,True,0,0,54,40,32,3.95,AI is off,AI is off,AI is off,AI is off,Not paired,AI is off,0,0,0
644000,21.2,0,6,0.65,0.21,0,0,18,1,0,12,False,True,0,0,54,40,31,3.95,AI is off,AI is off,AI is off,AI is off,Not paired,AI is off,0,0,0
646000,21.1,0,6,0.65,0.21,0,0,18,1,0,12,False,True,0,0,54,41,30,3.95,AI is off,AI is off,AI is off,AI is off,Not paired,AI is off,0,0,0
648000,21.3,0,6,0.65,0.21,0,0,18,1,0,12,False,True,0,0,58,46,35,3.95,AI is off,AI is off,AI is off,AI is off,Not paired,AI is off,0,0,0
650000,21.1,0,6,0.65,0.21,0,0,18,1,0,12,False,True,0,0,54,41,31,3.95,AI is off,AI is off,AI is off,AI is off,Not paired,AI is off,0,0,0
652000,21,0,6,0.65,0.21,0,0,18,1,0,12,False,True,0,0,54,39,31,3.95,AI is off,AI is off,AI is off,AI is off,Not paired,AI is off,0,0,0
654000,21.4,0,6,0.65,0.21,0,0,17,1,0,12,False,True,0,0,54,39,32,3.95,AI is off,AI is off,AI is off,AI is off,Not paired,AI is off,0,0,0
656000,21.6,0,6,0.66,0.21,0,0,17,1,0,12,False,True,0,0,55,43,34,3.95,AI is off,AI is off,AI is off,AI is off,Not paired,AI is off,0,0,0
658000,21.9,0,6,0.67,0.21,0,0,15,1,0,12,False,True,0,0,54,40,32,3.95,AI is off,AI is off,AI is off,AI is off,Not paired,AI is off,0,0,0
660000,22.3,0,6,0.67,0.21,0,0,15,1,0,12,False,True,0,0,54,42,32,3.95,AI is off,AI is off,AI is off,AI is off,Not paired,AI is off,0,0,0
662000,22.6,0,6,0.68,0.21,0,0,15,1,0,12,False,True,0,0,56,46,37,3.95,AI is off,AI is off,AI is off,AI is off,Not paired,AI is off,0,0,0
664000,22.7,0,6,0.68,0.21,0,0,15,1,0,12,False,True,0,0,55,43,33,3.95,AI is off,AI is off,AI is off,AI is off,Not paired,AI is off,0,0,0
666000,22.9,0,6,0.69,0.21,0,0,15,1,0,12,False,True,0,0,57,47,36,3.95,AI is off,AI is off,AI is off,AI is off,Not paired,AI is off,0,0,0
668000,23.4,0,6,0.7,0.21,0,0,15,1,0,12,False,True,0,0,56,43,33,3.95,AI is off,AI is off,AI is off,AI is off,Not paired,AI is off,0,0,0
670000,23.6,0,6,0.7,0.21,0,0,12,1,0,12,False,True,0,0,55,44,34,3.95,AI is off,AI is off,AI is off,AI is off,Not paired,AI is off,0,0,0
672000,23.8,0,6,0.71,0.21,0,0,12,1,0,12,False,True,0,0,54,44,33,3.95,AI is off,AI is off,AI is off,AI is off,Not paired,AI is off,0,0,0
674000,23.8,0,6,0.71,0.21,0,0,12,1,0,12,False,True,0,0,54,43,32,3.95,AI is off,AI is off,AI is off,AI is off,Not paired,AI is off,0,0,0
676000,24.2,0,6,0.71,0.21,0,0,11,1,0,12,False,True,0,0,57,46,36,3.95,AI is off,AI is off,AI is off,AI is off,Not paired,AI is off,0,0,0
678000,24.2,0,6,0.71,0.21,0,0,11,1,0,12,False,True,0,0,56,46,36,3.95,AI is off,AI is off,AI is off,AI is off,Not paired,AI is off,0,0,0
680000,24.3,0,6,0.72,0.21,0,0,11,1,0,12,False,True,0,0,56,46,37,3.95,AI is off,AI is off,AI is off,AI is off,Not paired,AI is off,0,0,0
682000,24.4,0,6,0.72,0.21,0,0,11,1,0,12,False,True,0,0,56,46,37,3.95,AI is off,AI is off,AI is off,AI is off,Not paired,AI is off,0,0,0
684000,24.4,0,6,0.72,0.21,0,0,11,1,0,12,False,True,0,0,56,46,36,3.95,AI is off,AI is off,AI is off,AI is off,Not paired,AI is off,0,0,0
686000,24.4,0,6,0.72,0.21,0,0,11,1,0,12,False,True,0,0,54,44,34,3.95,AI is off,AI is off,AI is off,AI is off,Not paired,AI is off,0,0,0
688000,24.3,0,6,0.72,0.21,0,0,11,1,0,12,False,True,0,0,55,44,34,3.95,AI is off,AI is off,AI is off,AI is off,Not paired,AI is off,0,0,0
690000,24.3,0,6,0.72,0.21,0,0,11,1,0,12,False,True,0,0,58,46,36,3.95,AI is off,AI is off,AI is off,AI is off,Not paired,AI is off,0,0,0
692000,24.1,0,6,0.71,0.21,0,0,11,1,0,12,False,True,0,0,54,40,32,3.95,AI is off,AI is off,AI is off,AI is off,Not paired,AI is off,0,0,0
694000,24.1,0,6,0.71,0.21,0,0,11,1,0,12,False,True,0,0,53,40,31,3.95,AI is off,AI is off,AI is off,AI is off,Not paired,AI is off,0,0,0
696000,24,0,6,0.71,0.21,0,0,11,1,0,12,False,True,0,0,55,42,32,3.95,AI is off,AI is off,AI is off,AI is off,Not paired,AI is off,0,0,0
698000,23.9,0,6,0.71,0.21,0,0,11,1,0,12,False,True,0,0,54,42,32,3.95,AI is off,AI is off,AI is off,AI is off,Not paired,AI is off,0,0,0
700000,23.8,0,6,0.71,0.21,0,0,11,1,0,12,False,True,0,0,55,41,33,3.95,AI is off,AI is off,AI is off,AI is off,Not paired,AI is off,0,0,0
702000,23.9,0,6,0.71,0.21,0,0,11,1,0,12,False,True,0,0,54,40,32,3.95,AI is off,AI is off,AI is off,AI is off,Not paired,AI is off,0,0,0
704000,23.9,0,6,0.71,0.21,0,0,11,1,0,12,False,True,0,0,53,39,31,3.95,AI is off,AI is off,AI is off,AI is off,Not paired,AI is off,0,0,0
706000,23.8,0,6,0.71,0.21,0,0,11,1,0,12,False,True,0,0,54,44,34,3.95,AI is off,AI is off,AI is off,AI is off,Not paired,AI is off,0,0,0
708000,23.6,0,6,0.7,0.21,0,0,11,1,0,12,False,True,0,0,54,39,30,3.95,AI is off,AI is off,AI is off,AI is off,Not paired,AI is off,0,0,0
710000,23.5,0,6,0.7,0.21,0,0,11,1,0,12,False,True,0,0,54,40,31,3.95,AI is off,AI is off,AI is off,AI is off,Not paired,AI is off,0,0,0
712000,23.4,0,6,0.7,0.21,0,0,11,1,0,12,False,True,0,0,55,41,33,3.95,AI is off,AI is off,AI is off,AI is off,Not paired,AI is off,0,0,0
714000,23.5,0,6,0.7,0.21,0,0,11,1,0,12,False,True,0,0,55,41,33,3.95,AI is off,AI is off,AI is off,AI is off,Not paired,AI is off,0,0,0
716000,23.4,0,6,0.7,0.21,0,0,11,1,0,12,False,True,0,0,54,40,32,3.95,AI is off,AI is off,AI is off,AI is off,Not paired,AI is off,0,0,0
718000,23.4,0,6,0.7,0.21,0,0,11,1,0,12,False,True,0,0,54,40,33,3.95,AI is off,AI is off,AI is off,AI is off,Not paired,AI is off,0,0,0
720000,23.3,0,6,0.7,0.21,0,0,11,1,0,11,False,True,0,0,54,41,31,3.95,AI is off,AI is off,AI is off,AI is off,Not paired,AI is off,0,0,0
722000,23.4,0,6,0.7,0.21,0,0,11,1,0,11,False,True,0,0,53,39,31,3.95,AI is off,AI is off,AI is off,AI is off,Not paired,AI is off,0,0,0
724000,23.3,0,6,0.7,0.21,0,0,11,1,0,11,False,True,0,0,54,40,32,3.95,AI is off,AI is off,AI is off,AI is off,Not paired,AI is off,0,0,0
726000,23.2,0,6,0.69,0.21,0,0,11,1,0,11,False,True,0,0,54,40,30,3.95,AI is off,AI is off,AI is off,AI is off,Not paired,AI is off,0,0,0
728000,23.2,0,6,0.69,0.21,0,0,11,1,0,11,False,True,0,0,54,40,30,3.95,AI is off,AI is off,AI is off,AI is off,Not paired,AI is off,0,0,0
730000,23.2,0,6,0.69,0.21,0,0,11,1,0,11,False,True,0,0,54,41,32,3.95,AI is off,AI is off,AI is off,AI is off,Not paired,AI is off,0,0,0
732000,23.2,0,6,0.69,0.21,0,0,11,1,0,11,False,True,0,0,53,39,31,3.95,AI is off,AI is off,AI is off,AI is off,Not paired,AI is off,0,0,0
734000,23.2,0,6,0.69,0.21,0,0,12,1,0,11,False,True,0,0,54,40,32,3.95,AI is off,AI is off,AI is off,AI is off,Not paired,AI is off,0,0,0
736000,23.2,0,6,0.69,0.21,0,0,12,1,0,11,False,True,0,0,53,39,32,3.95,AI is off,AI is off,AI is off,AI is off,Not paired,AI is off,0,0,0
738000,23.1,0,6,0.69,0.21,0,0,12,1,0,11,False,True,0,0,53,40,31,3.95,AI is off,AI is off,AI is off,AI is off,Not paired,AI is off,0,0,0
740000,22.8,0,6,0.69,0.21,0,0,12,1,0,11,False,True,0,0,53,40,31,3.95,AI is off,AI is off,AI is off,AI is off,Not paired,AI is off,0,0,0
742000,22.8,0,6,0.68,0.21,0,0,12,1,0,11,False,True,0,0,54,40,33,3.95,AI is off,AI is off,AI is off,AI is off,Not paired,AI is off,0,0,0
744000,22.9,0,6,0.69,0.21,0,0,12,1,0,11,False,True,0,0,54,39,31,3.95,AI is off,AI is off,AI is off,AI is off,Not paired,AI is off,0,0,0
746000,22.9,0,6,0.69,0.21,0,0,12,1,0,11,False,True,0,0,53,39,31,3.95,AI is off,AI is off,AI is off,AI is off,Not paired,AI is off,0,0,0
748000,23.1,0,6,0.69,0.21,0,0,12,1,0,11,False,True,0,0,54,40,32,3.95,AI is off,AI is off,AI is off,AI is off,Not paired,AI is off,0,0,0
750000,23.3,0,6,0.7,0.21,0,0,11,1,0,11,False,True,0,0,57,46,36,3.95,AI is off,AI is off,AI is off,AI is off,Not paired,AI is off,0,0,0
752000,23.4,0,6,0.7,0.21,0,0,11,1,0,11,False,True,0,0,54,40,32,3.95,AI is off,AI is off,AI is off,AI is off,Not paired,AI is off,0,0,0
754000,23.3,0,6,0.7,0.21,0,0,11,1,0,11,False,True,0,0,54,41,31,3.95,AI is off,AI is off,AI is off,AI is off,Not paired,AI is off,0,0,0
756000,23.3,0,6,0.7,0.21,0,0,11,1,0,11,False,True,0,0,53,39,31,3.95,AI is off,AI is off,AI is off,AI is off,Not paired,AI is off,0,0,0
758000,23.5,0,6,0.7,0.21,0,0,11,1,0,11,False,True,0,0,56,46,37,3.95,AI is off,AI is off,AI is off,AI is off,Not paired,AI is off,0,0,0
760000,23.5,0,6,0.7,0.21,0,0,11,1,0,11,False,True,0,0,57,46,36,3.95,AI is off,AI is off,AI is off,AI is off,Not paired,AI is off,0,0,0
762000,23.4,0,6,0.7,0.21,0,0,11,1,0,11,False,True,0,0,57,46,37,3.95,AI is off,AI is off,AI is off,AI is off,Not paired,AI is off,0,0,0
764000,23.4,0,6,0.7,0.21,0,0,11,1,0,11,False,True,0,0,57,45,36,3.95,AI is off,AI is off,AI is off,AI is off,Not paired,AI is off,0,0,0
766000,23.4,0,6,0.7,0.21,0,0,11,1,0,11,False,True,0,0,55,45,34,3.95,AI is off,AI is off,AI is off,AI is off,Not paired,AI is off,0,0,0
768000,23.4,0,6,0.7,0.21,0,0,11,1,0,11,False,True,0,0,56,44,34,3.95,AI is off,AI is off,AI is off,AI is off,Not paired,AI is off,0,0,0
770000,23.3,0,6,0.7,0.21,0,0,11,1,0,11,False,True,0,0,53,41,31,3.95,AI is off,AI is off,AI is off,AI is off,Not paired,AI is off,0,0,0
772000,23.2,0,6,0.69,0.21,0,0,11,1,0,11,False,True,0,0,54,40,32,3.95,AI is off,AI is off,AI is off,AI is off,Not paired,AI is off,0,0,0
774000,23.1,0,6,0.69,0.21,0,0,11,1,0,11,False,True,0,0,53,39,30,3.95,AI is off,AI is off,AI is off,AI is off,Not paired,AI is off,0,0,0
776000,23.2,0,6,0.69,0.21,0,0,11,1,0,11,False,True,0,0,54,40,33,3.95,AI is off,AI is off,AI is off,AI is off,Not paired,AI is off,0,0,0
778000,23.3,0,6,0.7,0.21,0,0,11,1,0,11,False,True,0,0,54,41,31,3.95,AI is off,AI is off,AI is off,AI is off,Not paired,AI is off,0,0,0
780000,23.3,0,6,0.7,0.21,0,0,11,1,0,11,False,True,0,0,53,39,31,3.95,AI is off,AI is off,AI is off,AI is off,Not paired,AI is off,0,0,0
782000,23.3,0,6,0.7,0.21,0,0,11,1,0,11,False,True,0,0,54,40,32,3.95,AI is off,AI is off,AI is off,AI is off,Not paired,AI is off,0,0,0
784000,23.3,0,6,0.7,0.21,0,0,11,1,0,11,False,True,0,0,53,41,30,3.95,AI is off,AI is off,AI is off,AI is off,Not paired,AI is off,0,0,0
786000,23.2,0,6,0.7,0.21,0,0,11,1,0,11,False,True,0,0,53,41,30,3.95,AI is off,AI is off,AI is off,AI is off,Not paired,AI is off,0,0,0
788000,23.2,0,6,0.69,0.21,0,0,11,1,0,11,False,True,0,0,53,41,29,3.95,AI is off,AI is off,AI is off,AI is off,Not paired,AI is off,0,0,0
790000,23.3,0,6,0.7,0.21,0,0,11,1,0,11,False,True,0,0,54,40,33,3.95,AI is off,AI is off,AI is off,AI is off,Not paired,AI is off,0,0,0
792000,23.3,0,6,0.7,0.21,0,0,11,1,0,11,False,True,0,0,54,40,32,3.95,AI is off,AI is off,AI is off,AI is off,Not paired,AI is off,0,0,0
794000,23.3,0,6,0.7,0.21,0,0,11,1,0,11,False,True,0,0,53,41,30,3.95,AI is off,AI is off,AI is off,AI is off,Not paired,AI is off,0,0,0
796000,23.3,0,6,0.7,0.21,0,0,11,1,0,11,False,True,0,0,54,40,32,3.95,AI is off,AI is off,AI is off,AI is off,Not paired,AI is off,0,0,0
798000,23.1,0,6,0.69,0.21,0,0,11,1,0,11,False,True,0,0,54,40,33,3.95,AI is off,AI is off,AI is off,AI is off,Not paired,AI is off,0,0,0
800000,23,0,6,0.69,0.21,0,0,11,1,0,11,False,True,0,0,54,40,33,3.95,AI is off,AI is off,AI is off,AI is off,Not paired,AI is off,0,0,0
802000,22.9,0,6,0.69,0.21,0,0,11,1,0,11,False,True,0,0,54,40,32,3.95,AI is off,AI is off,AI is off,AI is off,Not paired,AI is off,0,0,0
804000,22.9,0,6,0.69,0.21,0,0,11,1,0,11,False,True,0,0,54,40,33,3.95,AI is off,AI is off,AI is off,AI is off,Not paired,AI is off,0,0,0
806000,22.9,0,6,0.69,0.21,0,0,11,1,0,12,False,True,0,0,54,40,33,3.95,AI is off,AI is off,AI is off,AI is off,Not paired,AI is off,0,0,0
808000,22.8,0,6,0.69,0.21,0,0,11,1,0,11,False,True,0,0,54,40,32,3.95,AI is off,AI is off,AI is off,AI is off,Not paired,AI is off,0,0,0
810000,22.8,0,6,0.69,0.21,0,0,11,1,0,12,False,True,0,0,54,40,29,3.95,AI is off,AI is off,AI is off,AI is off,Not paired,AI is off,0,0,0
812000,22.7,0,6,0.68,0.21,0,0,11,1,0,12,False,True,0,0,55,42,31,3.94,AI is off,AI is off,AI is off,AI is off,Not paired,AI is off,0,0,0
814000,22.7,0,6,0.68,0.21,0,0,11,1,0,12,False,True,0,0,54,40,30,3.94,AI is off,AI is off,AI is off,AI is off,Not paired,AI is off,0,0,0
816000,22.6,0,6,0.68,0.21,0,0,11,1,0,12,False,True,0,0,54,40,32,3.94,AI is off,AI is off,AI is off,AI is off,Not paired,AI is off,0,0,0
818000,22.6,0,6,0.68,0.21,0,0,11,1,0,12,False,True,0,0,54,40,33,3.94,AI is off,AI is off,AI is off,AI is off,Not paired,AI is off,0,0,0
820000,22.5,0,6,0.68,0.21,0,0,11,1,0,12,False,True,0,0,53,40,32,3.94,AI is off,AI is off,AI is off,AI is off,Not paired,AI is off,0,0,0
822000,22.3,0,6,0.68,0.21,0,0,11,1,0,12,False,True,0,0,54,40,32,3.94,AI is off,AI is off,AI is off,AI is off,Not paired,AI is off,0,0,0
824000,22.3,0,6,0.68,0.21,0,0,11,1,0,12,False,True,0,0,55,44,33,3.94,AI is off,AI is off,AI is off,AI is off,Not paired,AI is off,0,0,0
826000,22.3,0,6,0.68,0.21,0,0,11,1,0,12,False,True,0,0,54,41,32,3.94,AI is off,AI is off,AI is off,AI is off,Not paired,AI is off,0,0,0
828000,22.1,0,6,0.67,0.21,0,0,11,1,0,12,False,True,0,0,54,40,30,3.94,AI is off,AI is off,AI is off,AI is off,Not paired,AI is off,0,0,0
830000,21.9,0,6,0.67,0.21,0,0,11,1,0,12,False,True,0,0,53,39,31,3.95,AI is off,AI is off,AI is off,AI is off,Not paired,AI is off,0,0,0
832000,21.8,0,6,0.67,0.21,0,0,11,1,0,12,False,True,0,0,54,40,33,3.95,AI is off,AI is off,AI is off,AI is off,Not paired,AI is off,0,0,0
834000,21.7,0,6,0.66,0.21,0,0,11,1,0,12,False,True,0,0,54,41,31,3.95,AI is off,AI is off,AI is off,AI is off,Not paired,AI is off,0,0,0
836000,21.6,0,6,0.66,0.21,0,0,11,1,0,12,False,True,0,0,54,40,29,3.95,AI is off,AI is off,AI is off,AI is off,Not paired,AI is off,0,0,0
838000,21.4,0,6,0.66,0.21,0,0,12,1,0,12,False,True,0,0,55,41,31,3.95,AI is off,AI is off,AI is off,AI is off,Not paired,AI is off,0,0,0
840000,21.3,0,6,0.65,0.21,0,0,12,1,0,12,False,True,0,0,55,44,33,3.95,AI is off,AI is off,AI is off,AI is off,Not paired,AI is off,0,0,0
842000,21.1,0,6,0.65,0.21,0,0,13,1,0,12,False,True,0,0,54,40,30,3.95,AI is off,AI is off,AI is off,AI is off,Not paired,AI is off,0,0,0
844000,21.1,0,6,0.65,0.21,0,0,13,1,0,12,False,True,0,0,55,41,31,3.95,AI is off,AI is off,AI is off,AI is off,Not paired,AI is off,0,0,0
846000,21,0,6,0.65,0.21,0,0,13,1,0,12,False,True,0,0,54,41,30,3.95,AI is off,AI is off,AI is off,AI is off,Not paired,AI is off,0,0,0
848000,21.3,0,6,0.65,0.21,0,0,13,1,0,12,False,True,0,0,54,40,31,3.95,AI is off,AI is off,AI is off,AI is off,Not paired,AI is off,0,0,0
850000,21.4,0,6,0.66,0.21,0,0,13,1,0,12,False,True,0,0,54,40,32,3.95,AI is off,AI is off,AI is off,AI is off,Not paired,AI is off,0,0,0
852000,21.3,0,6,0.66,0.21,0,0,13,1,0,12,False,True,0,0,54,40,31,3.95,AI is off,AI is off,AI is off,AI is off,Not paired,AI is off,0,0,0
854000,21.3,0,6,0.65,0.21,0,0,13,1,0,12,False,True,0,0,57,45,36,3.95,AI is off,AI is off,AI is off,AI is off,Not paired,AI is off,0,0,0
856000,21.3,0,6,0.65,0.21,0,0,13,1,0,12,False,True,0,0,54,42,33,3.95,AI is off,AI is off,AI is off,AI is off,Not paired,AI is off,0,0,0
858000,21.2,0,6,0.65,0.21,0,0,13,1,0,12,False,True,0,0,56,45,35,3.94,AI is off,AI is off,AI is off,AI is off,Not paired,AI is off,0,0,0
860000,21.2,0,6,0.65,0.21,0,0,13,1,0,12,False,True,0,0,54,41,31,3.94,AI is off,AI is off,AI is off,AI is off,Not paired,AI is off,0,0,0
862000,21.3,0,6,0.65,0.21,0,0,13,1,0,12,False,True,0,0,54,40,33,3.94,AI is off,AI is off,AI is off,AI is off,Not paired,AI is off,0,0,0
864000,21.4,0,6,0.66,0.21,0,0,13,1,0,12,False,True,0,0,53,38,29,3.94,AI is off,AI is off,AI is off,AI is off,Not paired,AI is off,0,0,0
866000,21.4,0,6,0.66,0.21,0,0,13,1,0,12,False,True,0,0,54,40,32,3.95,AI is off,AI is off,AI is off,AI is off,Not paired,AI is off,0,0,0
868000,21.2,0,6,0.65,0.21,0,0,13,1,0,12,False,True,0,0,53,40,31,3.95,AI is off,AI is off,AI is off,AI is off,Not paired,AI is off,0,0,0
870000,21.1,0,6,0.65,0.21,0,0,13,1,0,12,False,True,0,0,53,39,31,3.95,AI is off,AI is off,AI is off,AI is off,Not paired,AI is off,0,0,0
872000,21,0,6,0.65,0.21,0,0,13,1,0,12,False,True,0,0,54,39,32,3.95,AI is off,AI is off,AI is off,AI is off,Not paired,AI is off,0,0,0
874000,21,0,6,0.65,0.21,0,0,13,1,0,12,False,True,0,0,53,40,29,3.94,AI is off,AI is off,AI is off,AI is off,Not paired,AI is off,0,0,0
876000,21,0,6,0.65,0.21,0,0,13,1,0,12,False,True,0,0,53,40,31,3.94,AI is off,AI is off,AI is off,AI is off,Not paired,AI is off,0,0,0
878000,21,0,6,0.65,0.21,0,0,13,1,0,12,False,True,0,0,55,44,33,3.95,AI is off,AI is off,AI is off,AI is off,Not paired,AI is off,0,0,0
880000,20.8,0,6,0.65,0.21,0,0,13,1,0,12,False,True,0,0,54,42,33,3.95,AI is off,AI is off,AI is off,AI is off,Not paired,AI is off,0,0,0
882000,20.6,0,6,0.64,0.21,0,0,13,1,0,12,False,True,0,0,53,38,30,3.95,AI is off,AI is off,AI is off,AI is off,Not paired,AI is off,0,0,0
884000,20.4,0,6,0.64,0.21,0,0,13,1,0,12,False,True,0,0,54,42,32,3.95,AI is off,AI is off,AI is off,AI is off,Not paired,AI is off,0,0,0
886000,20.3,0,5,0.63,0.21,0,0,15,1,0,12,False,True,0,0,55,44,34,3.95,AI is off,AI is off,AI is off,AI is off,Not paired,AI is off,0,0,0
888000,20.3,0,5,0.63,0.21,0,0,15,1,0,12,False,True,0,0,55,44,33,3.95,AI is off,AI is off,AI is off,AI is off,Not paired,AI is off,0,0,0
890000,20.2,0,5,0.63,0.21,0,0,15,1,0,12,False,True,0,0,54,40,30,3.95,AI is off,AI is off,AI is off,AI is off,Not paired,AI is off,0,0,0
892000,20.2,0,5,0.63,0.21,0,0,15,1,0,12,False,True,0,0,54,40,31,3.94,AI is off,AI is off,AI is off,AI is off,Not paired,AI is off,0,0,0
894000,20.3,0,5,0.63,0.21,0,0,15,1,0,12,False,True,0,0,54,40,31,3.94,AI is off,AI is off,AI is off,AI is off,Not paired,AI is off,0,0,0
896000,20.2,0,5,0.63,0.21,0,0,15,1,0,12,False,True,0,0,55,42,32,3.94,AI is off,AI is off,AI is off,AI is off,Not paired,AI is off,0,0,0
898000,20.4,0,5,0.63,0.21,0,0,15,1,0,12,False,True,0,0,54,40,30,3.94,AI is off,AI is off,AI is off,AI is off,Not paired,AI is off,0,0,0
900000,20.3,0,5,0.63,0.21,0,0,15,1,0,12,False,True,0,0,54,40,32,3.94,AI is off,AI is off,AI is off,AI is off,Not paired,AI is off,0,0,0
902000,20.1,0,5,0.63,0.21,0,0,15,1,0,12,False,True,0,0,54,40,29,3.94,AI is off,AI is off,AI is off,AI is off,Not paired,AI is off,0,0,0
904000,20,0,5,0.63,0.21,0,0,15,1,0,12,False,True,0,0,56,45,36,3.94,AI is off,AI is off,AI is off,AI is off,Not paired,AI is off,0,0,0
906000,20,0,5,0.63,0.21,0,0,15,1,0,12,False,True,0,0,56,44,35,3.94,AI is off,AI is off,AI is off,AI is off,Not paired,AI is off,0,0,0
908000,19.8,0,5,0.62,0.21,0,0,16,1,0,12,False,True,0,0,53,39,30,3.94,AI is off,AI is off,AI is off,AI is off,Not paired,AI is off,0,0,0
910000,19.5,0,5,0.62,0.21,0,0,16,1,0,12,False,True,0,0,54,40,30,3.94,AI is off,AI is off,AI is off,AI is off,Not paired,AI is off,0,0,0
912000,19.3,0,5,0.61,0.21,0,0,16,1,0,12,False,True,0,0,54,40,29,3.94,AI is off,AI is off,AI is off,AI is off,Not paired,AI is off,0,0,0
914000,19.1,0,5,0.61,0.21,0,0,16,1,0,12,False,True,0,0,54,40,31,3.94,AI is off,AI is off,AI is off,AI is off,Not paired,AI is off,0,0,0
916000,18.8,0,5,0.6,0.21,0,0,16,1,0,12,False,True,0,0,53,40,30,3.94,AI is off,AI is off,AI is off,AI is off,Not paired,AI is off,0,0,0
918000,18.5,0,5,0.6,0.21,0,0,16,1,0,12,False,True,0,0,54,39,31,3.94,AI is off,AI is off,AI is off,AI is off,Not paired,AI is off,0,0,0
920000,18.2,0,5,0.59,0.21,0,0,20,1,0,12,False,True,0,0,54,40,32,3.94,AI is off,AI is off,AI is off,AI is off,Not paired,AI is off,0,0,0
922000,17.8,0,5,0.58,0.21,0,0,20,1,0,12,False,True,0,0,55,41,33,3.94,AI is off,AI is off,AI is off,AI is off,Not paired,AI is off,0,0,0
924000,17.7,0,5,0.58,0.21,0,0,23,1,0,12,False,True,0,0,54,40,32,3.94,AI is off,AI is off,AI is off,AI is off,Not paired,AI is off,0,0,0
926000,17.6,0,5,0.58,0.21,0,0,23,1,0,12,False,True,0,0,53,40,29,3.94,AI is off,AI is off,AI is off,AI is off,Not paired,AI is off,0,0,0
928000,17.4,0,5,0.57,0.21,0,0,23,1,0,12,False,True,0,0,54,40,30,3.94,AI is off,AI is off,AI is off,AI is off,Not paired,AI is off,0,0,0
930000,17.2,0,5,0.57,0.21,0,0,23,1,0,12,False,True,0,0,55,41,31,3.94,AI is off,AI is off,AI is off,AI is off,Not paired,AI is off,0,0,0
932000,16.9,0,5,0.56,0.21,0,0,23,1,0,12,False,True,0,0,54,40,29,3.94,AI is off,AI is off,AI is off,AI is off,Not paired,AI is off,0,0,0
934000,16.7,0,5,0.56,0.21,0,0,23,1,0,12,False,True,0,0,55,41,32,3.94,AI is off,AI is off,AI is off,AI is off,Not paired,AI is off,0,0,0
936000,16.5,0,5,0.55,0.21,0,0,29,1,0,12,False,True,0,0,53,41,30,3.94,AI is off,AI is off,AI is off,AI is off,Not paired,AI is off,0,0,0
938000,16.3,0,5,0.55,0.21,0,0,29,1,0,13,False,True,0,0,54,40,32,3.94,AI is off,AI is off,AI is off,AI is off,Not paired,AI is off,0,0,0
940000,16.1,0,5,0.55,0.21,0,0,29,1,0,13,False,True,0,0,53,40,30,3.94,AI is off,AI is off,AI is off,AI is off,Not paired,AI is off,0,0,0
942000,15.7,0,5,0.54,0.21,0,0,32,1,0,13,False,True,0,0,54,41,31,3.94,AI is off,AI is off,AI is off,AI is off,Not paired,AI is off,0,0,0
944000,15.4,0,5,0.53,0.21,0,0,32,1,0,13,False,True,0,0,59,47,35,3.94,AI is off,AI is off,AI is off,AI is off,Not paired,AI is off,0,0,0
946000,15.4,0,5,0.53,0.21,0,0,32,1,0,13,False,True,0,0,54,41,31,3.94,AI is off,AI is off,AI is off,AI is off,Not paired,AI is off,0,0,0
948000,15.4,0,5,0.53,0.21,0,0,32,1,0,13,False,True,0,0,54,40,31,3.94,AI is off,AI is off,AI is off,AI is off,Not paired,AI is off,0,0,0
950000,15.3,0,5,0.53,0.21,0,0,32,1,0,13,False,True,0,0,55,42,32,3.94,AI is off,AI is off,AI is off,AI is off,Not paired,AI is off,0,0,0
952000,15.2,0,5,0.53,0.21,0,0,38,1,0,13,False,True,0,0,54,42,31,3.94,AI is off,AI is off,AI is off,AI is off,Not paired,AI is off,0,0,0
954000,15.3,0,5,0.53,0.21,0,0,38,1,0,13,False,True,0,0,53,41,29,3.94,AI is off,AI is off,AI is off,AI is off,Not paired,AI is off,0,0,0
956000,15.2,0,5,0.53,0.21,0,0,38,1,0,13,False,True,0,0,54,41,30,3.94,AI is off,AI is off,AI is off,AI is off,Not paired,AI is off,0,0,0
958000,15,0,5,0.52,0.21,0,0,39,1,0,13,False,True,0,0,54,40,31,3.94,AI is off,AI is off,AI is off,AI is off,Not paired,AI is off,0,0,0
960000,15.1,0,5,0.52,0.21,0,0,39,1,0,13,False,True,0,0,56,45,35,3.94,AI is off,AI is off,AI is off,AI is off,Not paired,AI is off,0,0,0
962000,14.9,0,5,0.52,0.21,0,0,39,1,0,13,False,True,0,0,54,41,32,3.94,AI is off,AI is off,AI is off,AI is off,Not paired,AI is off,0,0,0
964000,14.5,0,5,0.51,0.21,0,0,39,1,0,13,False,True,0,0,54,42,32,3.94,AI is off,AI is off,AI is off,AI is off,Not paired,AI is off,0,0,0
966000,13.9,0,5,0.5,0.21,0,0,39,1,0,13,False,True,0,0,55,43,33,3.94,AI is off,AI is off,AI is off,AI is off,Not paired,AI is off,0,0,0
968000,13.4,0,5,0.49,0.21,0,0,54,1,0,14,False,True,0,0,54,41,31,3.94,AI is off,AI is off,AI is off,AI is off,Not paired,AI is off,0,0,0
970000,12.9,0,5,0.48,0.21,0,0,54,1,0,14,False,True,0,0,56,45,35,3.94,AI is off,AI is off,AI is off,AI is off,Not paired,AI is off,0,0,0
972000,12.5,0,5,0.47,0.21,0,0,54,1,0,14,False,True,0,0,53,41,32,3.94,AI is off,AI is off,AI is off,AI is off,Not paired,AI is off,0,0,0
974000,12.2,0,5,0.46,0.21,0,0,72,1,0,14,False,True,0,0,55,42,32,3.94,AI is off,AI is off,AI is off,AI is off,Not paired,AI is off,0,0,0
976000,12.2,0,5,0.46,0.21,0,0,72,1,0,14,False,True,0,0,53,40,30,3.94,AI is off,AI is off,AI is off,AI is off,Not paired,AI is off,0,0,0
978000,12.2,0,5,0.46,0.21,0,0,72,1,0,14,False,True,0,0,53,40,30,3.94,AI is off,AI is off,AI is off,AI is off,Not paired,AI is off,0,0,0
980000,12.2,0,5,0.46,0.21,0,0,72,1,0,14,False,True,0,0,54,40,31,3.94,AI is off,AI is off,AI is off,AI is off,Not paired,AI is off,0,0,0
982000,12.3,0,5,0.47,0.21,0,0,72,1,0,14,False,True,0,0,54,43,32,3.94,AI is off,AI is off,AI is off,AI is off,Not paired,AI is off,0,0,0
984000,12.3,0,5,0.46,0.21,0,0,71,1,0,14,False,True,0,0,55,43,32,3.94,AI is off,AI is off,AI is off,AI is off,Not paired,AI is off,0,0,0
986000,12.2,0,5,0.46,0.21,0,0,71,1,0,14,False,True,0,0,53,40,30,3.94,AI is off,AI is off,AI is off,AI is off,Not paired,AI is off,0,0,0
988000,12.2,0,5,0.46,0.21,0,0,71,1,0,14,False,True,0,0,54,42,33,3.94,AI is off,AI is off,AI is off,AI is off,Not paired,AI is off,0,0,0
990000,12.2,0,5,0.46,0.21,0,0,73,1,0,14,False,True,0,0,56,42,32,3.94,AI is off,AI is off,AI is off,AI is off,Not paired,AI is off,0,0,0
992000,12.2,0,5,0.46,0.21,0,0,73,1,0,14,False,True,0,0,54,40,29,3.94,AI is off,AI is off,AI is off,AI is off,Not paired,AI is off,0,0,0
994000,12.4,0,5,0.47,0.21,0,0,71,1,0,14,False,True,0,0,54,41,32,3.94,AI is off,AI is off,AI is off,AI is off,Not paired,AI is off,0,0,0
996000,12.6,0,5,0.47,0.21,0,0,71,1,0,14,False,True,0,0,54,40,32,3.94,AI is off,AI is off,AI is off,AI is off,Not paired,AI is off,0,0,0
998000,12.6,0,5,0.47,0.21,0,0,71,1,0,14,False,True,0,0,54,40,31,3.94,AI is off,AI is off,AI is off,AI is off,Not paired,AI is off,0,0,0
1000000,12.3,0,5,0.47,0.21,0,0,71,1,0,15,False,True,0,0,54,40,29,3.94,AI is off,AI is off,AI is off,AI is off,Not paired,AI is off,0,0,0
1002000,12.1,0,5,0.46,0.21,0,0,71,1,0,15,False,True,0,0,53,40,30,3.94,AI is off,AI is off,AI is off,AI is off,Not paired,AI is off,0,0,0
1004000,11.8,0,5,0.45,0.21,0,0,83,1,0,15,False,True,0,0,54,41,32,3.94,AI is off,AI is off,AI is off,AI is off,Not paired,AI is off,0,0,0
1006000,11.6,0,5,0.45,0.21,0,0,83,1,0,15,False,True,0,0,54,40,31,3.94,AI is off,AI is off,AI is off,AI is off,Not paired,AI is off,0,0,0
1008000,11.4,0,5,0.45,0.21,0,0,83,1,0,15,False,True,0,0,55,41,30,3.94,AI is off,AI is off,AI is off,AI is off,Not paired,AI is off,0,0,0
1010000,11.1,0,5,0.44,0.21,0,0,99,1,0,15,False,True,0,0,55,42,31,3.94,AI is off,AI is off,AI is off,AI is off,Not paired,AI is off,0,0,0
1012000,11,0,5,0.44,0.21,0,0,99,1,0,15,False,True,0,0,54,41,29,3.94,AI is off,AI is off,AI is off,AI is off,Not paired,AI is off,0,0,0
1014000,10.6,0,5,0.43,0.21,0,0,99,1,0,15,False,True,0,0,56,42,32,3.94,AI is off,AI is off,AI is off,AI is off,Not paired,AI is off,0,0,0
1016000,10.5,0,5,0.43,0.21,0,0,99,1,0,15,False,True,0,0,55,41,30,3.94,AI is off,AI is off,AI is off,AI is off,Not paired,AI is off,0,0,0
1018000,10.4,0,5,0.43,0.21,0,0,99,1,0,15,False,True,0,0,57,44,34,3.94,AI is off,AI is off,AI is off,AI is off,Not paired,AI is off,0,0,0
1020000,10.5,0,5,0.43,0.21,0,0,99,1,0,15,False,True,0,0,55,41,30,3.94,AI is off,AI is off,AI is off,AI is off,Not paired,AI is off,0,0,0
1022000,10.3,0,5,0.42,0.21,0,0,99,1,0,15,False,True,0,0,55,41,30,3.94,AI is off,AI is off,AI is off,AI is off,Not paired,AI is off,0,0,0
1024000,9.900001,0,4,0.42,0.21,0,0,99,1,0,15,False,True,0,0,58,44,33,3.94,AI is off,AI is off,AI is off,AI is off,Not paired,AI is off,0,0,0
1026000,9.400001,0,4,0.41,0.21,0,0,99,1,0,15,False,True,0,0,61,46,35,3.94,AI is off,AI is off,AI is off,AI is off,Not paired,AI is off,0,0,0
1028000,9.5,0,4,0.41,0.21,0,0,99,1,0,15,False,True,0,0,55,42,31,3.94,AI is off,AI is off,AI is off,AI is off,Not paired,AI is off,0,0,0
1030000,9.5,0,4,0.41,0.21,0,0,99,1,0,16,False,True,0,0,57,45,36,3.94,AI is off,AI is off,AI is off,AI is off,Not paired,AI is off,0,0,0
1032000,9.6,0,4,0.41,0.21,0,0,99,1,0,16,False,True,0,0,54,41,29,3.94,AI is off,AI is off,AI is off,AI is off,Not paired,AI is off,0,0,0
1034000,9.7,0,4,0.41,0.21,0,0,99,1,0,16,False,True,0,0,54,39,31,3.94,AI is off,AI is off,AI is off,AI is off,Not paired,AI is off,0,0,0
1036000,9.8,0,4,0.41,0.21,0,0,99,1,0,16,False,True,0,0,54,40,30,3.94,AI is off,AI is off,AI is off,AI is off,Not paired,AI is off,0,0,0
1038000,9.8,0,4,0.41,0.21,0,0,99,1,0,16,False,True,0,0,55,41,33,3.94,AI is off,AI is off,AI is off,AI is off,Not paired,AI is off,0,0,0
1040000,9.6,0,4,0.41,0.21,0,0,99,1,0,16,False,True,0,0,54,40,31,3.94,AI is off,AI is off,AI is off,AI is off,Not paired,AI is off,0,0,0
1042000,9.6,0,4,0.41,0.21,0,0,99,1,0,16,False,True,0,0,55,41,31,3.94,AI is off,AI is off,AI is off,AI is off,Not paired,AI is off,0,0,0
1044000,9.6,0,4,0.41,0.21,0,0,99,1,0,16,False,True,0,0,54,40,30,3.94,AI is off,AI is off,AI is off,AI is off,Not paired,AI is off,0,0,0
1046000,9.7,0,4,0.41,0.21,0,0,99,1,0,16,False,True,0,0,54,40,32,3.94,AI is off,AI is off,AI is off,AI is off,Not paired,AI is off,0,0,0
1048000,9.6,0,4,0.41,0.21,0,0,99,1,0,16,False,True,0,0,53,40,29,3.94,AI is off,AI is off,AI is off,AI is off,Not paired,AI is off,0,0,0
1050000,9.6,0,4,0.41,0.21,0,0,99,1,0,16,False,True,0,0,55,41,33,3.94,AI is off,AI is off,AI is off,AI is off,Not paired,AI is off,0,0,0
1052000,9.400001,0,4,0.41,0.21,0,0,99,1,0,16,False,True,0,0,54,40,32,3.94,AI is off,AI is off,AI is off,AI is off,Not paired,AI is off,0,0,0
1054000,9.1,0,4,0.4,0.21,0,0,99,1,0,16,False,True,0,0,54,39,29,3.94,AI is off,AI is off,AI is off,AI is off,Not paired,AI is off,0,0,0
1056000,8.900001,0,4,0.39,0.21,0,0,99,1,0,16,False,True,0,0,54,40,30,3.94,AI is off,AI is off,AI is off,AI is off,Not paired,AI is off,0,0,0
1058000,8.8,0,4,0.39,0.21,0,0,99,1,0,16,False,True,0,0,58,44,35,3.94,AI is off,AI is off,AI is off,AI is off,Not paired,AI is off,0,0,0
1060000,8.8,0,4,0.39,0.21,0,0,99,1,0,16,False,True,0,0,58,46,35,3.94,AI is off,AI is off,AI is off,AI is off,Not paired,AI is off,0,0,0
1062000,8.900001,0,4,0.39,0.21,0,0,99,1,0,16,False,True,0,0,68,53,41,3.94,AI is off,AI is off,AI is off,AI is off,Not paired,AI is off,0,0,0
1064000,8.900001,0,4,0.39,0.21,0,0,99,1,0,16,False,True,0,0,58,46,35,3.94,AI is off,AI is off,AI is off,AI is off,Not paired,AI is off,0,0,0
1066000,8.900001,0,4,0.39,0.21,0,0,99,1,0,16,False,True,0,0,58,45,35,3.94,AI is off,AI is off,AI is off,AI is off,Not paired,AI is off,0,0,0
1068000,8.8,0,4,0.39,0.21,0,0,99,1,0,17,False,True,0,0,58,47,36,3.94,AI is off,AI is off,AI is off,AI is off,Not paired,AI is off,0,0,0
1070000,8.7,0,4,0.39,0.21,0,0,99,1,0,17,False,True,0,0,66,51,40,3.94,AI is off,AI is off,AI is off,AI is off,Not paired,AI is off,0,0,0
1072000,8.6,0,4,0.39,0.21,0,0,99,1,0,17,False,True,0,0,54,42,32,3.94,AI is off,AI is off,AI is off,AI is off,Not paired,AI is off,0,0,0
1074000,8.5,0,4,0.39,0.21,0,0,99,1,0,17,False,True,0,0,54,41,31,3.94,AI is off,AI is off,AI is off,AI is off,Not paired,AI is off,0,0,0
1076000,8.1,0,4,0.38,0.21,0,0,99,1,0,17,False,True,0,0,54,40,30,3.94,AI is off,AI is off,AI is off,AI is off,Not paired,AI is off,0,0,0
1078000,7.9,0,4,0.37,0.21,0,0,99,1,0,17,False,True,0,0,55,41,32,3.94,AI is off,AI is off,AI is off,AI is off,Not paired,AI is off,0,0,0
1080000,7.8,0,4,0.37,0.21,0,0,99,1,0,17,False,True,0,0,57,44,34,3.94,AI is off,AI is off,AI is off,AI is off,Not paired,AI is off,0,0,0
1082000,7.9,0,4,0.37,0.21,0,0,99,1,0,17,False,True,0,0,58,46,34,3.94,AI is off,AI is off,AI is off,AI is off,Not paired,AI is off,0,0,0
1084000,8.1,0,4,0.38,0.21,0,0,99,1,0,17,False,True,0,0,59,45,35,3.94,AI is off,AI is off,AI is off,AI is off,Not paired,AI is off,0,0,0
1086000,8.1,0,4,0.38,0.21,0,0,99,1,0,17,False,True,0,0,53,40,29,3.94,AI is off,AI is off,AI is off,AI is off,Not paired,AI is off,0,0,0
1088000,8,0,4,0.38,0.21,0,0,99,1,0,17,False,True,0,0,55,41,33,3.94,AI is off,AI is off,AI is off,AI is off,Not paired,AI is off,0,0,0
1090000,7.6,0,4,0.37,0.21,0,0,99,1,0,17,False,True,0,0,70,56,43,3.94,AI is off,AI is off,AI is off,AI is off,Not paired,AI is off,0,0,0
1092000,7.5,0,4,0.37,0.21,0,0,99,1,0,17,False,True,0,0,55,42,32,3.94,AI is off,AI is off,AI is off,AI is off,Not paired,AI is off,0,0,0
1094000,7.3,0,4,0.36,0.21,0,0,99,1,0,17,False,True,0,0,66,52,40,3.94,AI is off,AI is off,AI is off,AI is off,Not paired,AI is off,0,0,0
1096000,6.9,0,4,0.35,0.21,0,0,99,1,0,17,False,True,0,0,59,47,37,3.94,AI is off,AI is off,AI is off,AI is off,Not paired,AI is off,0,0,0
1098000,6.6,0,4,0.35,0.21,0,0,99,1,0,17,False,True,0,0,55,43,32,3.94,AI is off,AI is off,AI is off,AI is off,Not paired,AI is off,0,0,0
1100000,6.1,0,4,0.34,0.21,0,0,99,1,0,17,False,True,0,0,58,45,35,3.94,AI is off,AI is off,AI is off,AI is off,Not paired,AI is off,0,0,0
1102000,5.9,0,4,0.33,0.21,0,0,99,1,0,17,False,True,0,0,55,41,30,3.94,AI is off,AI is off,AI is off,AI is off,Not paired,AI is off,0,0,0
1104000,5.9,0,4,0.33,0.21,0,0,99,1,0,18,False,True,0,0,58,45,35,3.94,AI is off,AI is off,AI is off,AI is off,Not paired,AI is off,0,0,0
1106000,5.9,0,4,0.33,0.21,0,0,99,1,0,18,False,True,0,0,54,41,30,3.94,AI is off,AI is off,AI is off,AI is off,Not paired,AI is off,0,0,0
1108000,6,0,4,0.33,0.21,0,0,99,1,0,18,False,True,0,0,54,40,31,3.94,AI is off,AI is off,AI is off,AI is off,Not paired,AI is off,0,0,0
1110000,6.3,0,4,0.34,0.21,0,0,99,1,0,18,False,True,0,0,56,45,35,3.94,AI is off,AI is off,AI is off,AI is off,Not paired,AI is off,0,0,0
1112000,6.3,0,4,0.34,0.21,0,0,99,1,0,18,False,True,0,0,60,47,36,3.94,AI is off,AI is off,AI is off,AI is off,Not paired,AI is off,0,0,0
1114000,6.5,0,4,0.34,0.21,0,0,99,1,0,18,False,True,0,0,56,43,33,3.94,AI is off,AI is off,AI is off,AI is off,Not paired,AI is off,0,0,0
1116000,6.8,0,4,0.35,0.21,0,0,99,1,0,18,False,True,0,0,54,40,29,3.94,AI is off,AI is off,AI is off,AI is off,Not paired,AI is off,0,0,0
1118000,7.1,0,4,0.36,0.21,0,0,99,1,0,18,False,True,0,0,55,43,34,3.94,AI is off,AI is off,AI is off,AI is off,Not paired,AI is off,0,0,0
1120000,7.1,0,4,0.36,0.21,0,0,99,1,0,18,False,True,0,0,60,48,37,3.94,AI is off,AI is off,AI is off,AI is off,Not paired,AI is off,0,0,0
1122000,7.1,0,4,0.36,0.21,0,0,99,1,0,18,False,True,0,0,57,44,33,3.94,AI is off,AI is off,AI is off,AI is off,Not paired,AI is off,0,0,0
1124000,7,0,4,0.36,0.21,0,0,99,1,0,18,False,True,0,0,58,46,35,3.94,AI is off,AI is off,AI is off,AI is off,Not paired,AI is off,0,0,0
1126000,7.2,0,4,0.36,0.21,0,0,99,1,0,18,False,True,0,0,59,45,35,3.94,AI is off,AI is off,AI is off,AI is off,Not paired,AI is off,0,0,0
1128000,6.8,0,4,0.35,0.21,0,0,99,1,0,18,False,True,0,0,60,46,34,3.94,AI is off,AI is off,AI is off,AI is off,Not paired,AI is off,0,0,0
1130000,6.9,0,4,0.35,0.21,0,0,99,1,0,19,False,True,0,0,53,41,30,3.94,AI is off,AI is off,AI is off,AI is off,Not paired,AI is off,0,0,0
1132000,6.8,0,4,0.35,0.21,0,0,99,1,0,19,False,True,0,0,54,40,30,3.94,AI is off,AI is off,AI is off,AI is off,Not paired,AI is off,0,0,0
1134000,7,0,4,0.36,0.21,0,0,99,1,0,19,False,True,0,0,55,42,30,3.94,AI is off,AI is off,AI is off,AI is off,Not paired,AI is off,0,0,0
1136000,6.9,0,4,0.35,0.21,0,0,99,1,0,19,False,True,0,0,54,38,30,3.94,AI is off,AI is off,AI is off,AI is off,Not paired,AI is off,0,0,0
1138000,6.8,0,4,0.35,0.21,0,0,99,1,0,19,False,True,0,0,54,40,32,3.94,AI is off,AI is off,AI is off,AI is off,Not paired,AI is off,0,0,0
1140000,6.6,0,4,0.35,0.21,0,0,99,1,0,19,False,True,0,0,56,45,36,3.94,AI is off,AI is off,AI is off,AI is off,Not paired,AI is off,0,0,0
1142000,6.5,0,4,0.34,0.21,0,0,99,1,0,19,False,True,0,0,54,40,31,3.94,AI is off,AI is off,AI is off,AI is off,Not paired,AI is off,0,0,0
1144000,6.3,0,4,0.34,0.21,0,0,99,1,0,19,False,True,0,0,54,39,30,3.94,AI is off,AI is off,AI is off,AI is off,Not paired,AI is off,0,0,0
1146000,6.4,0,3,0.34,0.21,0,0,99,1,0,19,False,True,0,0,54,41,32,3.94,AI is off,AI is off,AI is off,AI is off,Not paired,AI is off,0,0,0
1148000,6.2,0,3,0.34,0.21,0,0,99,1,0,19,False,True,0,0,53,40,29,3.94,AI is off,AI is off,AI is off,AI is off,Not paired,AI is off,0,0,0
1150000,5.6,0,3,0.32,0.21,0,0,99,1,0,19,False,True,0,0,53,40,30,3.94,AI is off,AI is off,AI is off,AI is off,Not paired,AI is off,0,0,0
1152000,5,0,3,0.31,0.21,0,0,99,1,0,19,False,True,0,0,55,41,32,3.94,AI is off,AI is off,AI is off,AI is off,Not paired,AI is off,0,0,0
1154000,4.4,0,3,0.3,0.21,0,0,99,1,0,19,False,True,0,0,59,46,35,3.94,AI is off,AI is off,AI is off,AI is off,Not paired,AI is off,0,0,0
1156000,3.9,0,3,0.29,0.21,0,0,99,1,0,19,False,True,0,0,55,41,30,3.94,AI is off,AI is off,AI is off,AI is off,Not paired,AI is off,0,0,0
1158000,3.5,0,3,0.28,0.21,0,0,99,1,0,19,False,True,0,0,55,41,32,3.94,AI is off,AI is off,AI is off,AI is off,Not paired,AI is off,0,0,0
1160000,3.1,0,3,0.27,0.21,0,0,99,1,0,19,False,True,0,0,54,39,31,3.94,AI is off,AI is off,AI is off,AI is off,Not paired,AI is off,0,0,0
1162000,2.9,0,3,0.27,0.21,0,0,99,1,0,19,False,True,0,0,54,40,30,3.94,AI is off,AI is off,AI is off,AI is off,Not paired,AI is off,0,0,0
1164000,2.5,0,3,0.26,0.21,0,0,99,1,0,20,False,True,0,0,60,46,36,3.94,AI is off,AI is off,AI is off,AI is off,Not paired,AI is off,0,0,0
1166000,2.2,0,3,0.25,0.21,0,0,99,1,0,20,False,True,0,0,65,51,40,3.94,AI is off,AI is off,AI is off,AI is off,Not paired,AI is off,0,0,0
1168000,2,0,3,0.25,0.21,0,0,99,1,0,20,False,True,0,0,68,54,41,3.94,AI is off,AI is off,AI is off,AI is off,Not paired,AI is off,0,0,0
1170000,2.2,0,3,0.25,0.21,0,0,99,1,0,20,False,True,0,0,53,40,30,3.94,AI is off,AI is off,AI is off,AI is off,Not paired,AI is off,0,0,0
1172000,2.3,0,3,0.26,0.21,0,0,99,1,0,20,False,True,0,0,54,39,31,3.94,AI is off,AI is off,AI is off,AI is off,Not paired,AI is off,0,0,0
1174000,2.5,0,3,0.26,0.21,0,0,99,1,0,20,False,True,0,0,54,39,31,3.94,AI is off,AI is off,AI is off,AI is off,Not paired,AI is off,0,0,0
1176000,2.7,0,3,0.26,0.21,0,0,99,1,0,20,False,True,0,0,54,39,31,3.94,AI is off,AI is off,AI is off,AI is off,Not paired,AI is off,0,0,0
1178000,2.6,0,3,0.26,0.21,0,0,99,1,0,20,False,True,0,0,54,40,31,3.94,AI is off,AI is off,AI is off,AI is off,Not paired,AI is off,0,0,0
1180000,2.7,0,2,0.26,0.21,0,0,99,1,0,20,False,True,0,0,55,43,33,3.94,AI is off,AI is off,AI is off,AI is off,Not paired,AI is off,0,0,0
1182000,2.6,0,2,0.26,0.21,0,0,99,1,0,20,False,True,0,0,60,48,37,3.94,AI is off,AI is off,AI is off,AI is off,Not paired,AI is off,0,0,0
1184000,2.4,0,2,0.26,0.21,0,0,99,1,0,20,False,True,0,0,53,39,30,3.94,AI is off,AI is off,AI is off,AI is off,Not paired,AI is off,0,0,0
1186000,2.3,0,2,0.26,0.21,0,0,99,1,0,20,False,True,0,0,55,44,34,3.94,AI is off,AI is off,AI is off,AI is off,Not paired,AI is off,0,0,0
1188000,2.3,0,2,0.26,0.21,0,0,99,1,0,21,False,True,0,0,54,41,32,3.94,AI is off,AI is off,AI is off,AI is off,Not paired,AI is off,0,0,0
1190000,2.4,0,2,0.26,0.21,0,0,99,1,0,21,False,True,0,0,55,41,32,3.94,AI is off,AI is off,AI is off,AI is off,Not paired,AI is off,0,0,0
1192000,2.7,0,2,0.27,0.21,0,0,99,1,0,21,False,True,0,0,54,41,32,3.94,AI is off,AI is off,AI is off,AI is off,Not paired,AI is off,0,0,0
1194000,3,0,2,0.27,0.21,0,0,99,1,0,21,False,True,0,0,57,44,36,3.94,AI is off,AI is off,AI is off,AI is off,Not paired,AI is off,0,0,0
1196000,3.3,0,2,0.28,0.21,0,0,99,1,0,21,False,True,0,0,57,46,36,3.94,AI is off,AI is off,AI is off,AI is off,Not paired,AI is off,0,0,0
1198000,3.4,0,2,0.28,0.21,0,0,99,1,0,21,False,True,0,0,55,42,31,3.94,AI is off,AI is off,AI is off,AI is off,Not paired,AI is off,0,0,0
1200000,3.8,0,2,0.29,0.21,0,0,99,1,0,21,False,True,0,0,53,40,29,3.94,AI is off,AI is off,AI is off,AI is off,Not paired,AI is off,0,0,0
1202000,4.4,0,2,0.3,0.21,0,0,99,1,0,21,False,True,0,0,70,56,43,3.94,AI is off,AI is off,AI is off,AI is off,Not paired,AI is off,0,0,0
1204000,5,0,2,0.31,0.21,0,0,99,1,0,21,False,True,0,0,54,41,32,3.94,AI is off,AI is off,AI is off,AI is off,Not paired,AI is off,0,0,0
1206000,5.1,0,2,0.32,0.21,0,0,99,1,0,21,False,True,0,0,54,39,30,3.94,AI is off,AI is off,AI is off,AI is off,Not paired,AI is off,0,0,0
1208000,5,0,2,0.31,0.21,0,0,99,1,0,21,False,True,0,0,59,46,35,3.94,AI is off,AI is off,AI is off,AI is off,Not paired,AI is off,0,0,0
1210000,4.9,0,2,0.31,0.21,0,0,99,1,0,21,False,True,0,0,54,39,30,3.94,AI is off,AI is off,AI is off,AI is off,Not paired,AI is off,0,0,0
1212000,4.8,0,2,0.31,0.21,0,0,99,1,0,21,False,True,0,0,55,40,31,3.94,AI is off,AI is off,AI is off,AI is off,Not paired,AI is off,0,0,0
1214000,4.8,0,2,0.31,0.21,0,0,99,1,0,21,False,True,0,0,60,44,34,3.94,AI is off,AI is off,AI is off,AI is off,Not paired,AI is off,0,0,0
1216000,4.8,0,2,0.31,0.21,0,0,99,1,0,21,False,True,0,0,61,47,35,3.94,AI is off,AI is off,AI is off,AI is off,Not paired,AI is off,0,0,0
1218000,4.9,0,2,0.31,0.21,0,0,99,1,0,21,False,True,0,0,62,48,37,3.94,AI is off,AI is off,AI is off,AI is off,Not paired,AI is off,0,0,0
1220000,4.8,0,2,0.31,0.21,0,0,99,1,0,21,False,True,0,0,59,45,35,3.94,AI is off,AI is off,AI is off,AI is off,Not paired,AI is off,0,0,0
1222000,4.6,0,2,0.3,0.21,0,0,99,1,0,21,False,True,0,0,67,52,39,3.94,AI is off,AI is off,AI is off,AI is off,Not paired,AI is off,0,0,0
1224000,4.3,0,2,0.3,0.21,0,0,99,1,0,21,False,True,0,0,62,49,36,3.94,AI is off,AI is off,AI is off,AI is off,Not paired,AI is off,0,0,0
1226000,4.1,0,2,0.29,0.21,0,0,99,1,0,21,False,True,0,0,59,46,34,3.94,AI is off,AI is off,AI is off,AI is off,Not paired,AI is off,0,0,0
1228000,3.9,0,2,0.29,0.21,0,0,99,1,0,21,False,True,0,0,61,45,34,3.94,AI is off,AI is off,AI is off,AI is off,Not paired,AI is off,0,0,0
1230000,3.9,0,2,0.29,0.21,0,0,99,1,0,21,False,True,0,0,54,39,29,3.94,AI is off,AI is off,AI is off,AI is off,Not paired,AI is off,0,0,0
1232000,3.9,0,2,0.29,0.21,0,0,99,1,0,21,False,True,0,0,54,39,30,3.94,AI is off,AI is off,AI is off,AI is off,Not paired,AI is off,0,0,0
1234000,3.9,0,2,0.29,0.21,0,0,99,1,0,22,False,True,0,0,53,40,31,3.94,AI is off,AI is off,AI is off,AI is off,Not paired,AI is off,0,0,0
1236000,3.8,0,2,0.29,0.21,0,0,99,1,0,22,False,True,0,0,53,39,30,3.94,AI is off,AI is off,AI is off,AI is off,Not paired,AI is off,0,0,0
1238000,3.7,0,2,0.29,0.21,0,0,99,1,0,22,False,True,0,0,53,40,30,3.94,AI is off,AI is off,AI is off,AI is off,Not paired,AI is off,0,0,0
1240000,3.7,0,2,0.28,0.21,0,0,99,1,0,22,False,True,0,0,57,43,32,3.94,AI is off,AI is off,AI is off,AI is off,Not paired,AI is off,0,0,0
1242000,3.8,0,2,0.29,0.21,0,0,99,1,0,22,False,True,0,0,55,41,30,3.94,AI is off,AI is off,AI is off,AI is off,Not paired,AI is off,0,0,0
1244000,3.9,0,1,0.29,0.21,0,0,99,1,0,22,False,True,0,0,53,40,29,3.94,AI is off,AI is off,AI is off,AI is off,Not paired,AI is off,0,0,0
1246000,3.8,0,1,0.29,0.21,0,0,99,1,0,22,False,True,0,0,53,39,32,3.94,AI is off,AI is off,AI is off,AI is off,Not paired,AI is off,0,0,0
1248000,3.9,0,1,0.29,0.21,0,0,99,1,0,22,False,True,0,0,54,39,28,3.94,AI is off,AI is off,AI is off,AI is off,Not paired,AI is off,0,0,0
1250000,4,0,1,0.29,0.21,0,0,99,1,0,22,False,True,0,0,53,40,32,3.94,AI is off,AI is off,AI is off,AI is off,Not paired,AI is off,0,0,0
1252000,4.2,0,1,0.3,0.21,0,0,99,1,0,22,False,True,0,0,53,40,31,3.94,AI is off,AI is off,AI is off,AI is off,Not paired,AI is off,0,0,0
1254000,4.2,0,1,0.3,0.21,0,0,99,1,0,22,False,True,0,0,54,41,31,3.94,AI is off,AI is off,AI is off,AI is off,Not paired,AI is off,0,0,0
1256000,4.2,0,1,0.3,0.21,0,0,99,1,0,22,False,True,0,0,53,39,30,3.94,AI is off,AI is off,AI is off,AI is off,Not paired,AI is off,0,0,0
1258000,4.3,0,1,0.3,0.21,0,0,99,1,0,22,False,True,0,0,54,40,31,3.94,AI is off,AI is off,AI is off,AI is off,Not paired,AI is off,0,0,0
1260000,4.4,0,1,0.3,0.21,0,0,99,1,0,22,False,True,0,0,54,39,30,3.94,AI is off,AI is off,AI is off,AI is off,Not paired,AI is off,0,0,0
1262000,4.3,0,1,0.3,0.21,0,0,99,1,0,22,False,True,0,0,53,40,29,3.94,AI is off,AI is off,AI is off,AI is off,Not paired,AI is off,0,0,0
1264000,4.3,0,1,0.3,0.21,0,0,99,1,0,22,False,True,0,0,56,42,31,3.94,AI is off,AI is off,AI is off,AI is off,Not paired,AI is off,0,0,0
1266000,4.3,0,1,0.3,0.21,0,0,99,1,0,22,False,True,0,0,54,41,30,3.94,AI is off,AI is off,AI is off,AI is off,Not paired,AI is off,0,0,0
1268000,4,0,1,0.29,0.21,0,0,99,1,0,22,False,True,0,0,58,45,34,3.94,AI is off,AI is off,AI is off,AI is off,Not paired,AI is off,0,0,0
1270000,3.7,0,1,0.29,0.21,0,0,99,1,0,22,False,True,0,0,68,54,42,3.94,AI is off,AI is off,AI is off,AI is off,Not paired,AI is off,0,0,0
1272000,3.7,0,1,0.28,0.21,0,0,99,1,0,22,False,True,0,0,57,43,32,3.94,AI is off,AI is off,AI is off,AI is off,Not paired,AI is off,0,0,0
1274000,3.7,0,1,0.29,0.21,0,0,99,1,0,22,False,True,0,0,54,40,31,3.94,AI is off,AI is off,AI is off,AI is off,Not paired,AI is off,0,0,0
1276000,3.8,0,1,0.29,0.21,0,0,99,1,0,22,False,True,0,0,54,40,29,3.94,AI is off,AI is off,AI is off,AI is off,Not paired,AI is off,0,0,0
1278000,4.1,0,1,0.29,0.21,0,0,99,1,0,22,False,True,0,0,55,42,32,3.94,AI is off,AI is off,AI is off,AI is off,Not paired,AI is off,0,0,0
1280000,4.2,0,1,0.3,0.21,0,0,99,1,0,22,False,True,0,0,60,46,35,3.94,AI is off,AI is off,AI is off,AI is off,Not paired,AI is off,0,0,0
1282000,4.4,0,1,0.3,0.21,0,0,99,1,0,22,False,True,0,0,53,39,30,3.94,AI is off,AI is off,AI is off,AI is off,Not paired,AI is off,0,0,0
1284000,4.5,0,1,0.3,0.21,0,0,99,1,0,22,False,True,0,0,53,40,30,3.94,AI is off,AI is off,AI is off,AI is off,Not paired,AI is off,0,0,0
1286000,4.4,0,1,0.3,0.21,0,0,99,1,0,22,False,True,0,0,57,43,33,3.94,AI is off,AI is off,AI is off,AI is off,Not paired,AI is off,0,0,0
1288000,4.3,0,1,0.3,0.21,0,0,99,1,0,22,False,True,0,0,56,42,30,3.94,AI is off,AI is off,AI is off,AI is off,Not paired,AI is off,0,0,0
1290000,4.2,0,1,0.3,0.21,0,0,99,1,0,22,False,True,0,0,65,51,38,3.94,AI is off,AI is off,AI is off,AI is off,Not paired,AI is off,0,0,0
1292000,4.1,0,1,0.29,0.21,0,0,99,1,0,22,False,True,0,0,56,43,32,3.94,AI is off,AI is off,AI is off,AI is off,Not paired,AI is off,0,0,0
1294000,4.2,0,1,0.3,0.21,0,0,99,1,0,22,False,True,0,0,57,45,32,3.94,AI is off,AI is off,AI is off,AI is off,Not paired,AI is off,0,0,0
1296000,4.4,0,1,0.3,0.21,0,0,99,1,0,22,False,True,0,0,54,40,31,3.94,AI is off,AI is off,AI is off,AI is off,Not paired,AI is off,0,0,0
1298000,4.3,0,1,0.3,0.21,0,0,99,1,0,22,False,True,0,0,58,44,33,3.94,AI is off,AI is off,AI is off,AI is off,Not paired,AI is off,0,0,0
1300000,4,0,1,0.29,0.21,0,0,99,1,0,22,False,True,0,0,54,41,31,3.94,AI is off,AI is off,AI is off,AI is off,Not paired,AI is off,0,0,0
1302000,3.8,0,1,0.29,0.21,0,0,99,1,0,22,False,True,0,0,55,42,31,3.94,AI is off,AI is off,AI is off,AI is off,Not paired,AI is off,0,0,0
1304000,3.7,0,1,0.29,0.21,0,0,99,1,0,22,False,True,0,0,58,44,33,3.94,AI is off,AI is off,AI is off,AI is off,Not paired,AI is off,0,0,0
1306000,3.4,0,1,0.28,0.21,0,0,99,1,0,23,False,True,0,0,62,48,37,3.94,AI is off,AI is off,AI is off,AI is off,Not paired,AI is off,0,0,0
1308000,3.1,0,1,0.27,0.21,0,0,99,1,0,23,False,True,0,0,55,41,30,3.94,AI is off,AI is off,AI is off,AI is off,Not paired,AI is off,0,0,0
1310000,3,0,1,0.27,0.21,0,0,99,1,0,23,False,True,0,0,72,57,44,3.94,AI is off,AI is off,AI is off,AI is off,Not paired,AI is off,0,0,0
1312000,2.8,0,1,0.27,0.21,0,0,99,1,0,23,False,True,0,0,57,43,33,3.94,AI is off,AI is off,AI is off,AI is off,Not paired,AI is off,0,0,0
1314000,2.9,0,1,0.27,0.21,0,0,99,1,0,23,False,True,0,0,54,40,30,3.94,AI is off,AI is off,AI is off,AI is off,Not paired,AI is off,0,0,0
1316000,3.1,0,1,0.27,0.21,0,0,99,1,0,23,False,True,0,0,54,39,31,3.94,AI is off,AI is off,AI is off,AI is off,Not paired,AI is off,0,0,0
1318000,3.3,0,1,0.28,0.21,0,0,99,1,0,23,False,True,0,0,54,39,30,3.94,AI is off,AI is off,AI is off,AI is off,Not paired,AI is off,0,0,0
1320000,3.3,0,1,0.28,0.21,0,0,99,1,0,23,False,True,0,0,53,39,28,3.94,AI is off,AI is off,AI is off,AI is off,Not paired,AI is off,0,0,0
1322000,3.2,0,1,0.28,0.21,0,0,99,1,0,23,False,True,0,0,54,40,30,3.94,AI is off,AI is off,AI is off,AI is off,Not paired,AI is off,0,0,0
1324000,2.9,0,1,0.27,0.21,0,0,99,1,0,23,False,True,0,0,55,41,31,3.94,AI is off,AI is off,AI is off,AI is off,Not paired,AI is off,0,0,0
1326000,2.6,0,1,0.26,0.21,0,0,99,1,0,23,False,True,0,0,53,40,29,3.94,AI is off,AI is off,AI is off,AI is off,Not paired,AI is off,0,0,0
1328000,2.6,0,1,0.26,0.21,0,0,99,1,0,23,False,True,0,0,53,39,29,3.94,AI is off,AI is off,AI is off,AI is off,Not paired,AI is off,0,0,0
1330000,2.5,0,1,0.26,0.21,0,0,99,1,0,23,False,True,0,0,53,40,30,3.94,AI is off,AI is off,AI is off,AI is off,Not paired,AI is off,0,0,0
1332000,2.4,0,1,0.26,0.21,0,0,99,1,0,23,False,True,0,0,58,44,33,3.94,AI is off,AI is off,AI is off,AI is off,Not paired,AI is off,0,0,0
1334000,2.5,0,1,0.26,0.21,0,0,99,1,0,23,False,True,0,0,55,41,30,3.94,AI is off,AI is off,AI is off,AI is off,Not paired,AI is off,0,0,0
1336000,2.6,0,1,0.26,0.21,0,0,99,1,0,23,False,True,0,0,57,44,34,3.94,AI is off,AI is off,AI is off,AI is off,Not paired,AI is off,0,0,0
1338000,2.6,0,1,0.26,0.21,0,0,99,1,0,23,False,True,0,0,56,43,33,3.94,AI is off,AI is off,AI is off,AI is off,Not paired,AI is off,0,0,0
1340000,2.5,0,1,0.26,0.21,0,0,99,1,0,23,False,True,0,0,63,49,37,3.94,AI is off,AI is off,AI is off,AI is off,Not paired,AI is off,0,0,0
1342000,2.7,0,1,0.26,0.21,0,0,99,1,0,23,False,True,0,0,54,42,32,3.94,AI is off,AI is off,AI is off,AI is off,Not paired,AI is off,0,0,0
1344000,2.8,0,1,0.27,0.21,0,0,99,1,0,23,False,True,0,0,55,41,30,3.94,AI is off,AI is off,AI is off,AI is off,Not paired,AI is off,0,0,0
1346000,2.9,0,1,0.27,0.21,0,0,99,1,0,23,False,True,0,0,54,41,30,3.94,AI is off,AI is off,AI is off,AI is off,Not paired,AI is off,0,0,0
1348000,3.2,0,1,0.28,0.21,0,0,99,1,0,23,False,True,0,0,54,40,31,3.94,AI is off,AI is off,AI is off,AI is off,Not paired,AI is off,0,0,0
1350000,3.4,0,1,0.28,0.21,0,0,99,1,0,23,False,True,0,0,54,40,31,3.94,AI is off,AI is off,AI is off,AI is off,Not paired,AI is off,0,0,0
1352000,3.6,0,1,0.28,0.21,0,0,99,1,0,23,False,True,0,0,53,40,31,3.94,AI is off,AI is off,AI is off,AI is off,Not paired,AI is off,0,0,0
1354000,3.7,0,1,0.29,0.21,0,0,99,1,0,23,False,True,0,0,53,40,30,3.94,AI is off,AI is off,AI is off,AI is off,Not paired,AI is off,0,0,0
1356000,3.8,0,1,0.29,0.21,0,0,99,1,0,23,False,True,0,0,54,41,31,3.94,AI is off,AI is off,AI is off,AI is off,Not paired,AI is off,0,0,0
1358000,3.9,0,1,0.29,0.21,0,0,99,1,0,23,False,True,0,0,54,39,30,3.94,AI is off,AI is off,AI is off,AI is off,Not paired,AI is off,0,0,0
1360000,3.9,0,1,0.29,0.21,0,0,99,1,0,23,False,True,0,0,53,38,29,3.94,AI is off,AI is off,AI is off,AI is off,Not paired,AI is off,0,0,0
1362000,3.7,0,1,0.28,0.21,0,0,99,1,0,23,False,True,0,0,72,56,43,3.94,AI is off,AI is off,AI is off,AI is off,Not paired,AI is off,0,0,0
1364000,3.5,0,1,0.28,0.21,0,0,99,1,0,23,False,True,0,0,57,45,34,3.94,AI is off,AI is off,AI is off,AI is off,Not paired,AI is off,0,0,0
1366000,3.4,0,1,0.28,0.21,0,0,99,1,0,23,False,True,0,0,55,43,31,3.94,AI is off,AI is off,AI is off,AI is off,Not paired,AI is off,0,0,0
1368000,3.3,0,1,0.28,0.21,0,0,99,1,0,23,False,True,0,0,55,42,31,3.94,AI is off,AI is off,AI is off,AI is off,Not paired,AI is off,0,0,0
1370000,3.4,0,1,0.28,0.21,0,0,99,1,0,23,False,True,0,0,53,40,30,3.94,AI is off,AI is off,AI is off,AI is off,Not paired,AI is off,0,0,0
1372000,3.4,0,1,0.28,0.21,0,0,99,1,0,23,False,True,0,0,57,44,33,3.94,AI is off,AI is off,AI is off,AI is off,Not paired,AI is off,0,0,0
1374000,3.5,0,1,0.28,0.21,0,0,99,1,0,23,False,True,0,0,53,41,30,3.94,AI is off,AI is off,AI is off,AI is off,Not paired,AI is off,0,0,0
1376000,3.6,0,1,0.28,0.21,0,0,99,1,0,23,False,True,0,0,54,38,29,3.94,AI is off,AI is off,AI is off,AI is off,Not paired,AI is off,0,0,0
1378000,3.7,0,1,0.28,0.21,0,0,99,1,0,23,False,True,0,0,55,40,30,3.94,AI is off,AI is off,AI is off,AI is off,Not paired,AI is off,0,0,0
1380000,3.7,0,1,0.29,0.21,0,0,99,1,0,23,False,True,0,0,55,43,32,3.94,AI is off,AI is off,AI is off,AI is off,Not paired,AI is off,0,0,0
1382000,3.7,0,1,0.29,0.21,0,0,99,1,0,23,False,True,0,0,57,44,32,3.94,AI is off,AI is off,AI is off,AI is off,Not paired,AI is off,0,0,0
1384000,3.9,0,1,0.29,0.21,0,0,99,1,0,23,False,True,0,0,54,40,30,3.94,AI is off,AI is off,AI is off,AI is off,Not paired,AI is off,0,0,0
1386000,3.9,0,1,0.29,0.21,0,0,99,1,0,23,False,True,0,0,53,39,31,3.94,AI is off,AI is off,AI is off,AI is off,Not paired,AI is off,0,0,0
1388000,3.6,0,1,0.28,0.21,0,0,99,1,0,23,False,True,0,0,54,40,32,3.94,AI is off,AI is off,AI is off,AI is off,Not paired,AI is off,0,0,0
1390000,3.5,0,1,0.28,0.21,0,0,99,1,0,23,False,True,0,0,54,39,30,3.94,AI is off,AI is off,AI is off,AI is off,Not paired,AI is off,0,0,0
1392000,3.3,0,1,0.28,0.21,0,0,99,1,0,23,False,True,0,0,55,40,29,3.94,AI is off,AI is off,AI is off,AI is off,Not paired,AI is off,0,0,0
1394000,2.9,0,1,0.27,0.21,0,0,99,1,0,23,False,True,0,0,54,39,31,3.94,AI is off,AI is off,AI is off,AI is off,Not paired,AI is off,0,0,0
1396000,2.6,0,1,0.26,0.21,0,0,99,1,0,23,False,True,0,0,54,40,30,3.94,AI is off,AI is off,AI is off,AI is off,Not paired,AI is off,0,0,0
1398000,2.3,0,1,0.26,0.21,0,0,99,1,0,23,False,True,0,0,55,41,31,3.94,AI is off,AI is off,AI is off,AI is off,Not paired,AI is off,0,0,0
1400000,1.9,0,1,0.25,0.21,0,0,99,1,0,23,False,True,0,0,58,44,33,3.94,AI is off,AI is off,AI is off,AI is off,Not paired,AI is off,0,0,0
1402000,1.6,0,1,0.24,0.21,0,0,99,1,0,23,False,True,0,0,55,41,30,3.94,AI is off,AI is off,AI is off,AI is off,Not paired,AI is off,0,0,0
1404000,1.1,0,1,0.23,0.21,0,0,99,1,0,23,False,True,0,0,57,44,33,3.94,AI is off,AI is off,AI is off,AI is off,Not paired,AI is off,0,0,0
1406000,0,0,1,0.22,0.21,0,0,99,1,0,23,False,True,0,0,55,42,32,3.94,AI is off,AI is off,AI is off,AI is off,Not paired,AI is off,0,0,0
1408000,0,0,1,0.22,0.21,0,0,99,1,0,23,False,True,0,0,54,41,30,3.94,AI is off,AI is off,AI is off,AI is off,Not paired,AI is off,0,0,0
1410000,0,0,1,0.22,0.21,0,0,99,1,0,23,False,True,0,0,53,39,30,3.94,AI is off,AI is off,AI is off,AI is off,Not paired,AI is off,0,0,0
1412000,0,0,1,0.22,0.21,0,0,99,1,0,23,False,True,0,0,53,39,28,3.94,AI is off,AI is off,AI is off,AI is off,Not paired,AI is off,0,0,0
1414000,0,0,1,0.22,0.21,0,0,99,1,0,23,False,True,0,0,53,39,28,3.94,AI is off,AI is off,AI is off,AI is off,Not paired,AI is off,0,0,0
1416000,0,0,0,0.21,0.21,0,0,99,1,0,23,False,True,0,0,54,41,30,3.94,AI is off,AI is off,AI is off,AI is off,Not paired,AI is off,0,0,0
1418000,0,0,0,0.21,0.21,0,0,99,1,0,23,False,True,0,0,56,43,33,3.94,AI is off,AI is off,AI is off,AI is off,Not paired,AI is off,0,0,0
1420000,0,0,0,0.21,0.21,0,0,99,1,0,23,False,True,0,0,55,41,31,3.94,AI is off,AI is off,AI is off,AI is off,Not paired,AI is off,0,0,0
1422000,0,0,0,0.21,0.21,0,0,99,1,0,23,False,True,0,0,56,43,33,3.94,AI is off,AI is off,AI is off,AI is off,Not paired,AI is off,0,0,0
1424000,0,0,0,0.22,0.21,0,0,99,1,0,23,False,True,0,0,53,39,29,3.94,AI is off,AI is off,AI is off,AI is off,Not paired,AI is off,0,0,0
1426000,0,0,0,0.21,0.21,0,0,99,1,0,23,False,True,0,0,54,39,30,3.94,AI is off,AI is off,AI is off,AI is off,Not paired,AI is off,0,0,0
1428000,0,0,0,0.21,0.21,0,0,99,1,0,23,False,True,0,0,54,40,29,3.94,AI is off,AI is off,AI is off,AI is off,Not paired,AI is off,0,0,0
1430000,0,0,0,0.21,0.21,0,0,99,1,0,23,False,True,0,0,54,40,30,3.94,AI is off,AI is off,AI is off,AI is off,Not paired,AI is off,0,0,0
1432000,0,0,0,0.21,0.21,0,0,99,1,0,23,False,True,0,0,55,44,34,3.94,AI is off,AI is off,AI is off,AI is off,Not paired,AI is off,0,0,0
1434000,0,0,0,0.21,0.21,0,0,99,1,0,23,False,True,0,0,54,39,30,3.94,AI is off,AI is off,AI is off,AI is off,Not paired,AI is off,0,0,0
1436000,0,0,0,0.22,0.21,0,0,99,1,0,23,False,True,0,0,53,38,28,3.94,AI is off,AI is off,AI is off,AI is off,Not paired,AI is off,0,0,0
1438000,0,0,0,0.21,0.21,0,0,99,1,0,23,False,True,0,0,54,40,30,3.94,AI is off,AI is off,AI is off,AI is off,Not paired,AI is off,0,0,0
1440000,0,0,0,0.21,0.21,0,0,99,1,0,23,False,True,0,0,55,41,30,3.94,AI is off,AI is off,AI is off,AI is off,Not paired,AI is off,0,0,0
1442000,0,0,0,0.21,0.21,0,0,99,1,0,23,False,True,0,0,54,41,30,3.94,AI is off,AI is off,AI is off,AI is off,Not paired,AI is off,0,0,0
1444000,0,0,0,0.21,0.21,0,0,99,1,0,23,False,True,0,0,53,40,30,3.94,AI is off,AI is off,AI is off,AI is off,Not paired,AI is off,0,0,0
1446000,0,0,0,0.21,0.21,0,0,99,1,0,24,False,True,0,0,53,39,30,3.94,AI is off,AI is off,AI is off,AI is off,Not paired,AI is off,0,0,0
1448000,0,0,0,0.21,0.21,0,0,99,1,0,24,False,True,0,0,55,44,34,3.94,AI is off,AI is off,AI is off,AI is off,Not paired,AI is off,0,0,0
1450000,0,0,0,0.21,0.21,0,0,99,1,0,23,False,True,0,0,53,39,29,3.94,AI is off,AI is off,AI is off,AI is off,Not paired,AI is off,0,0,0
1452000,0,0,0,0.21,0.21,0,0,99,1,0,24,False,True,0,0,54,40,28,3.94,AI is off,AI is off,AI is off,AI is off,Not paired,AI is off,0,0,0
1454000,0,0,0,0.21,0.21,0,0,99,1,0,24,False,True,0,0,54,39,29,3.94,AI is off,AI is off,AI is off,AI is off,Not paired,AI is off,0,0,0
1456000,0,0,0,0.21,0.21,0,0,99,1,0,24,False,True,0,0,55,43,33,3.94,AI is off,AI is off,AI is off,AI is off,Not paired,AI is off,0,0,0
1458000,0,0,0,0.21,0.21,0,0,99,1,0,24,False,True,0,0,53,40,31,3.94,AI is off,AI is off,AI is off,AI is off,Not paired,AI is off,0,0,0
1460000,0,0,0,0.21,0.21,0,0,99,1,0,24,False,True,0,0,56,44,34,3.94,AI is off,AI is off,AI is off,AI is off,Not paired,AI is off,0,0,0
1462000,0,0,0,0.21,0.21,0,0,99,1,0,24,False,True,0,0,54,42,32,3.94,AI is off,AI is off,AI is off,AI is off,Not paired,AI is off,0,0,0
1464000,0,0,0,0.21,0.21,0,0,99,1,0,24,False,True,0,0,53,39,29,3.94,AI is off,AI is off,AI is off,AI is off,Not paired,AI is off,0,0,0