Dive Number,GF Minimum,GF Maximum,Surface Interval (min),Imperial Units,Start Battery Voltage,Start CNS %,Start Date,Start External O2 Sensor Status,Start Low Set Point,Start High Set Point,Computer Firmware Version,Max Depth,Max Time,Error History,End Battery Voltage,End CNS,End Date,End External O2 Sensor Status,End Low Set Point,End High Set Point,Computer Serial Number,Computer Firmware Version,Computer Model,Log Version,Deco Model,VPM-B Conservatism,Start Surface Pressure,End Surface Pressure,Product
91,40,85,75,False,3.9,2,6/29/2024 3:36:20 PM,False,0,1,86,26.9,1538,,3.9,5,6/29/2024 4:01:53 PM,False,0,1,937B0677,86,2,13,GF,40/85,996,996,Peregrine
Time (ms),Depth,First Stop Depth,Time To Surface (min),Average PPO2,Fraction O2,Fraction He,First Stop Time,Current NDL,Current Circuit Mode,Current CCR Mode,Water Temp,Gas Switch Needed,External PPO2,Set Point Type,Circuit Switch Type,External O2 Sensor 1 (mV),External O2 Sensor 2 (mV),External O2 Sensor 3 (mV),Battery Voltage,Tank 1 pressure (PSI),Tank 2 pressure (PSI),Tank 3 pressure (PSI),Tank 4 pressure (PSI),Gas Time Remaining,SAC Rate (2 minute avg),Ascent Rate,Safe Ascent Depth,CO2mbar
0,3,0,1,0.26,0.21,0,0,0,1,0,25,False,True,0,0,55,40,28,3.92,AI is off,AI is off,AI is off,AI is off,Not paired,AI is off,0,0,0
2000,3.4,0,1,0.27,0.21,0,0,0,1,0,25,False,True,0,0,53,38,28,3.92,AI is off,AI is off,AI is off,AI is off,Not paired,AI is off,0,0,0
4000,3.8,0,1,0.28,0.21,0,0,99,1,0,25,False,True,0,0,53,39,27,3.92,AI is off,AI is off,AI is off,AI is off,Not paired,AI is off,0,0,0
6000,4.7,0,1,0.3,0.21,0,0,99,1,0,25,False,True,0,0,53,41,29,3.93,AI is off,AI is off,AI is off,AI is off,Not paired,AI is off,0,0,0
8000,5.1,0,1,0.31,0.21,0,0,99,1,0,25,False,True,0,0,53,38,28,3.93,AI is off,AI is off,AI is off,AI is off,Not paired,AI is off,0,0,0
10000,5.6,0,1,0.32,0.21,0,0,99,1,0,25,False,True,0,0,53,40,29,3.93,AI is off,AI is off,AI is off,AI is off,Not paired,AI is off,0,0,0
12000,6.3,0,1,0.33,0.21,0,0,99,1,0,25,False,True,0,0,51,36,25,3.93,AI is off,AI is off,AI is off,AI is off,Not paired,AI is off,0,0,0
14000,7,0,1,0.35,0.21,0,0,99,1,0,25,False,True,0,0,53,41,30,3.93,AI is off,AI is off,AI is off,AI is off,Not paired,AI is off,0,0,0
16000,7.7,0,1,0.36,0.21,0,0,99,1,0,24,False,True,0,0,53,41,30,3.93,AI is off,AI is off,AI is off,AI is off,Not paired,AI is off,0,0,0
18000,8.5,0,1,0.38,0.21,0,0,99,1,0,24,False,True,0,0,53,40,29,3.93,AI is off,AI is off,AI is off,AI is off,Not paired,AI is off,0,0,0
20000,9.2,0,1,0.4,0.21,0,0,99,1,0,24,False,True,0,0,54,41,30,3.93,AI is off,AI is off,AI is off,AI is off,Not paired,AI is off,0,0,0
22000,9.900001,0,1,0.41,0.21,0,0,99,1,0,24,False,True,0,0,54,42,30,3.93,AI is off,AI is off,AI is off,AI is off,Not paired,AI is off,0,0,0
24000,10.8,0,1,0.43,0.21,0,0,99,1,0,24,False,True,0,0,55,42,29,3.93,AI is off,AI is off,AI is off,AI is off,Not paired,AI is off,0,0,0
26000,11.6,0,2,0.45,0.21,0,0,99,1,0,24,False,True,0,0,53,40,28,3.93,AI is off,AI is off,AI is off,AI is off,Not paired,AI is off,0,0,0
28000,12.5,0,2,0.46,0.21,0,0,99,1,0,24,False,True,0,0,53,39,27,3.93,AI is off,AI is off,AI is off,AI is off,Not paired,AI is off,0,0,0
30000,13.2,0,5,0.48,0.21,0,0,79,1,0,24,False,True,0,0,53,39,28,3.93,AI is off,AI is off,AI is off,AI is off,Not paired,AI is off,0,0,0
32000,13.9,0,5,0.49,0.21,0,0,79,1,0,23,False,True,0,0,53,38,27,3.93,AI is off,AI is off,AI is off,AI is off,Not paired,AI is off,0,0,0
34000,14.7,0,5,0.51,0.21,0,0,79,1,0,23,False,True,0,0,51,36,27,3.93,AI is off,AI is off,AI is off,AI is off,Not paired,AI is off,0,0,0
36000,15.5,0,5,0.53,0.21,0,0,79,1,0,23,False,True,0,0,54,40,28,3.93,AI is off,AI is off,AI is off,AI is off,Not paired,AI is off,0,0,0
38000,16.1,0,5,0.54,0.21,0,0,79,1,0,23,False,True,0,0,53,40,28,3.93,AI is off,AI is off,AI is off,AI is off,Not paired,AI is off,0,0,0
40000,16.6,0,5,0.55,0.21,0,0,79,1,0,23,False,True,0,0,52,40,28,3.93,AI is off,AI is off,AI is off,AI is off,Not paired,AI is off,0,0,0
42000,17,0,5,0.56,0.21,0,0,47,1,0,23,False,True,0,0,52,40,28,3.93,AI is off,AI is off,AI is off,AI is off,Not paired,AI is off,0,0,0
44000,17.2,0,5,0.56,0.21,0,0,47,1,0,22,False,True,0,0,54,41,29,3.93,AI is off,AI is off,AI is off,AI is off,Not paired,AI is off,0,0,0
46000,17.4,0,5,0.57,0.21,0,0,44,1,0,22,False,True,0,0,52,40,29,3.93,AI is off,AI is off,AI is off,AI is off,Not paired,AI is off,0,0,0
48000,17.6,0,5,0.57,0.21,0,0,44,1,0,22,False,True,0,0,54,42,29,3.93,AI is off,AI is off,AI is off,AI is off,Not paired,AI is off,0,0,0
50000,17.5,0,5,0.57,0.21,0,0,44,1,0,22,False,True,0,0,52,39,28,3.93,AI is off,AI is off,AI is off,AI is off,Not paired,AI is off,0,0,0
52000,17.7,0,5,0.58,0.21,0,0,44,1,0,22,False,True,0,0,53,40,28,3.92,AI is off,AI is off,AI is off,AI is off,Not paired,AI is off,0,0,0
54000,17.9,0,5,0.58,0.21,0,0,44,1,0,22,False,True,0,0,52,40,29,3.92,AI is off,AI is off,AI is off,AI is off,Not paired,AI is off,0,0,0
56000,18,0,5,0.58,0.21,0,0,44,1,0,22,False,True,0,0,53,41,30,3.93,AI is off,AI is off,AI is off,AI is off,Not paired,AI is off,0,0,0
58000,18.1,0,5,0.58,0.21,0,0,40,1,0,21,False,True,0,0,53,41,30,3.93,AI is off,AI is off,AI is off,AI is off,Not paired,AI is off,0,0,0
60000,18.1,0,5,0.58,0.21,0,0,40,1,0,21,False,True,0,0,53,41,29,3.93,AI is off,AI is off,AI is off,AI is off,Not paired,AI is off,0,0,0
62000,18.1,0,5,0.59,0.21,0,0,40,1,0,21,False,True,0,0,53,41,29,3.93,AI is off,AI is off,AI is off,AI is off,Not paired,AI is off,0,0,0
64000,18,0,5,0.59,0.21,0,0,40,1,0,21,False,True,0,0,54,41,30,3.93,AI is off,AI is off,AI is off,AI is off,Not paired,AI is off,0,0,0
66000,17.9,0,5,0.58,0.21,0,0,40,1,0,21,False,True,0,0,53,40,29,3.93,AI is off,AI is off,AI is off,AI is off,Not paired,AI is off,0,0,0
68000,18.1,0,5,0.58,0.21,0,0,41,1,0,21,False,True,0,0,53,41,31,3.93,AI is off,AI is off,AI is off,AI is off,Not paired,AI is off,0,0,0
70000,18.3,0,5,0.59,0.21,0,0,41,1,0,21,False,True,0,0,52,38,27,3.93,AI is off,AI is off,AI is off,AI is off,Not paired,AI is off,0,0,0
72000,18.4,0,5,0.59,0.21,0,0,41,1,0,21,False,True,0,0,54,41,31,3.93,AI is off,AI is off,AI is off,AI is off,Not paired,AI is off,0,0,0
74000,18.6,0,5,0.59,0.21,0,0,41,1,0,21,False,True,0,0,53,40,30,3.93,AI is off,AI is off,AI is off,AI is off,Not paired,AI is off,0,0,0
76000,18.8,0,5,0.6,0.21,0,0,41,1,0,21,False,True,0,0,53,41,29,3.93,AI is off,AI is off,AI is off,AI is off,Not paired,AI is off,0,0,0
78000,18.9,0,5,0.6,0.21,0,0,36,1,0,20,False,True,0,0,53,40,29,3.93,AI is off,AI is off,AI is off,AI is off,Not paired,AI is off,0,0,0
80000,19.2,0,5,0.61,0.21,0,0,36,1,0,20,False,True,0,0,53,41,30,3.92,AI is off,AI is off,AI is off,AI is off,Not paired,AI is off,0,0,0
82000,19.4,0,5,0.61,0.21,0,0,36,1,0,20,False,True,0,0,53,40,28,3.92,AI is off,AI is off,AI is off,AI is off,Not paired,AI is off,0,0,0
84000,19.6,0,5,0.62,0.21,0,0,33,1,0,20,False,True,0,0,53,40,29,3.92,AI is off,AI is off,AI is off,AI is off,Not paired,AI is off,0,0,0
86000,19.8,0,5,0.62,0.21,0,0,33,1,0,20,False,True,0,0,52,40,29,3.92,AI is off,AI is off,AI is off,AI is off,Not paired,AI is off,0,0,0
88000,19.9,0,5,0.62,0.21,0,0,33,1,0,20,False,True,0,0,53,40,29,3.92,AI is off,AI is off,AI is off,AI is off,Not paired,AI is off,0,0,0
90000,20.1,0,5,0.63,0.21,0,0,33,1,0,20,False,True,0,0,53,41,29,3.92,AI is off,AI is off,AI is off,AI is off,Not paired,AI is off,0,0,0
92000,20.5,0,5,0.63,0.21,0,0,33,1,0,20,False,True,0,0,52,40,29,3.92,AI is off,AI is off,AI is off,AI is off,Not paired,AI is off,0,0,0
94000,20.8,0,6,0.64,0.21,0,0,28,1,0,20,False,True,0,0,54,41,30,3.92,AI is off,AI is off,AI is off,AI is off,Not paired,AI is off,0,0,0
96000,21.2,0,6,0.65,0.21,0,0,28,1,0,19,False,True,0,0,53,41,29,3.92,AI is off,AI is off,AI is off,AI is off,Not paired,AI is off,0,0,0
98000,21.5,0,6,0.66,0.21,0,0,28,1,0,19,False,True,0,0,53,41,31,3.92,AI is off,AI is off,AI is off,AI is off,Not paired,AI is off,0,0,0
100000,21.8,0,6,0.66,0.21,0,0,25,1,0,19,False,True,0,0,53,42,31,3.92,AI is off,AI is off,AI is off,AI is off,Not paired,AI is off,0,0,0
102000,22.1,0,6,0.67,0.21,0,0,25,1,0,19,False,True,0,0,52,41,31,3.92,AI is off,AI is off,AI is off,AI is off,Not paired,AI is off,0,0,0
104000,22.3,0,6,0.67,0.21,0,0,25,1,0,19,False,True,0,0,53,41,30,3.92,AI is off,AI is off,AI is off,AI is off,Not paired,AI is off,0,0,0
106000,22.6,0,6,0.68,0.21,0,0,25,1,0,19,False,True,0,0,53,42,32,3.92,AI is off,AI is off,AI is off,AI is off,Not paired,AI is off,0,0,0
108000,22.9,0,6,0.69,0.21,0,0,25,1,0,19,False,True,0,0,53,42,31,3.92,AI is off,AI is off,AI is off,AI is off,Not paired,AI is off,0,0,0
110000,23.2,0,6,0.69,0.21,0,0,21,1,0,19,False,True,0,0,54,41,29,3.92,AI is off,AI is off,AI is off,AI is off,Not paired,AI is off,0,0,0
112000,23.3,0,6,0.7,0.21,0,0,21,1,0,19,False,True,0,0,53,40,29,3.92,AI is off,AI is off,AI is off,AI is off,Not paired,AI is off,0,0,0
114000,23.5,0,6,0.7,0.21,0,0,21,1,0,19,False,True,0,0,54,42,31,3.92,AI is off,AI is off,AI is off,AI is off,Not paired,AI is off,0,0,0
116000,23.6,0,6,0.7,0.21,0,0,20,1,0,19,False,True,0,0,53,41,29,3.92,AI is off,AI is off,AI is off,AI is off,Not paired,AI is off,0,0,0
118000,23.7,0,6,0.7,0.21,0,0,20,1,0,19,False,True,0,0,53,40,29,3.92,AI is off,AI is off,AI is off,AI is off,Not paired,AI is off,0,0,0
120000,23.9,0,6,0.71,0.21,0,0,20,1,0,19,False,True,0,0,52,40,30,3.92,AI is off,AI is off,AI is off,AI is off,Not paired,AI is off,0,0,0
122000,24,0,6,0.71,0.21,0,0,20,1,0,19,False,True,0,0,53,40,29,3.92,AI is off,AI is off,AI is off,AI is off,Not paired,AI is off,0,0,0
124000,24.1,0,6,0.71,0.21,0,0,20,1,0,18,False,True,0,0,53,40,30,3.92,AI is off,AI is off,AI is off,AI is off,Not paired,AI is off,0,0,0
126000,24.2,0,6,0.71,0.21,0,0,20,1,0,18,False,True,0,0,53,41,30,3.92,AI is off,AI is off,AI is off,AI is off,Not paired,AI is off,0,0,0
128000,24.2,0,6,0.71,0.21,0,0,19,1,0,18,False,True,0,0,53,41,31,3.92,AI is off,AI is off,AI is off,AI is off,Not paired,AI is off,0,0,0
130000,24.2,0,6,0.71,0.21,0,0,19,1,0,18,False,True,0,0,54,41,30,3.92,AI is off,AI is off,AI is off,AI is off,Not paired,AI is off,0,0,0
132000,24.1,0,6,0.71,0.21,0,0,19,1,0,18,False,True,0,0,54,41,31,3.92,AI is off,AI is off,AI is off,AI is off,Not paired,AI is off,0,0,0
134000,24.1,0,6,0.71,0.21,0,0,19,1,0,18,False,True,0,0,54,41,31,3.92,AI is off,AI is off,AI is off,AI is off,Not paired,AI is off,0,0,0
136000,24,0,6,0.71,0.21,0,0,19,1,0,18,False,True,0,0,54,41,31,3.92,AI is off,AI is off,AI is off,AI is off,Not paired,AI is off,0,0,0
138000,24,0,6,0.71,0.21,0,0,19,1,0,18,False,True,0,0,54,41,29,3.92,AI is off,AI is off,AI is off,AI is off,Not paired,AI is off,0,0,0
140000,24,0,6,0.71,0.21,0,0,19,1,0,18,False,True,0,0,54,41,28,3.92,AI is off,AI is off,AI is off,AI is off,Not paired,AI is off,0,0,0
142000,24,0,6,0.71,0.21,0,0,19,1,0,17,False,True,0,0,53,40,29,3.92,AI is off,AI is off,AI is off,AI is off,Not paired,AI is off,0,0,0
144000,23.9,0,6,0.71,0.21,0,0,19,1,0,17,False,True,0,0,53,41,30,3.92,AI is off,AI is off,AI is off,AI is off,Not paired,AI is off,0,0,0
146000,23.8,0,6,0.7,0.21,0,0,19,1,0,17,False,True,0,0,54,41,30,3.92,AI is off,AI is off,AI is off,AI is off,Not paired,AI is off,0,0,0
148000,23.7,0,6,0.7,0.21,0,0,19,1,0,17,False,True,0,0,53,40,30,3.92,AI is off,AI is off,AI is off,AI is off,Not paired,AI is off,0,0,0
150000,23.5,0,6,0.7,0.21,0,0,20,1,0,17,False,True,0,0,53,41,31,3.92,AI is off,AI is off,AI is off,AI is off,Not paired,AI is off,0,0,0
152000,23.4,0,6,0.7,0.21,0,0,20,1,0,17,False,True,0,0,53,41,30,3.92,AI is off,AI is off,AI is off,AI is off,Not paired,AI is off,0,0,0
154000,23.3,0,6,0.7,0.21,0,0,20,1,0,17,False,True,0,0,53,41,30,3.92,AI is off,AI is off,AI is off,AI is off,Not paired,AI is off,0,0,0
156000,23.3,0,6,0.69,0.21,0,0,20,1,0,17,False,True,0,0,54,41,30,3.92,AI is off,AI is off,AI is off,AI is off,Not paired,AI is off,0,0,0
158000,23.2,0,6,0.69,0.21,0,0,20,1,0,17,False,True,0,0,54,41,30,3.92,AI is off,AI is off,AI is off,AI is off,Not paired,AI is off,0,0,0
160000,23.1,0,6,0.69,0.21,0,0,20,1,0,17,False,True,0,0,52,41,30,3.92,AI is off,AI is off,AI is off,AI is off,Not paired,AI is off,0,0,0
162000,22.9,0,6,0.69,0.21,0,0,20,1,0,17,False,True,0,0,54,42,32,3.92,AI is off,AI is off,AI is off,AI is off,Not paired,AI is off,0,0,0
164000,22.8,0,6,0.68,0.21,0,0,20,1,0,17,False,True,0,0,54,43,32,3.92,AI is off,AI is off,AI is off,AI is off,Not paired,AI is off,0,0,0
166000,22.8,0,6,0.68,0.21,0,0,21,1,0,17,False,True,0,0,54,42,32,3.92,AI is off,AI is off,AI is off,AI is off,Not paired,AI is off,0,0,0
168000,22.8,0,6,0.68,0.21,0,0,21,1,0,17,False,True,0,0,54,41,31,3.92,AI is off,AI is off,AI is off,AI is off,Not paired,AI is off,0,0,0
170000,22.8,0,6,0.68,0.21,0,0,21,1,0,17,False,True,0,0,54,41,31,3.92,AI is off,AI is off,AI is off,AI is off,Not paired,AI is off,0,0,0
172000,22.8,0,6,0.68,0.21,0,0,21,1,0,17,False,True,0,0,53,42,31,3.92,AI is off,AI is off,AI is off,AI is off,Not paired,AI is off,0,0,0
174000,22.8,0,6,0.68,0.21,0,0,21,1,0,17,False,True,0,0,54,41,31,3.92,AI is off,AI is off,AI is off,AI is off,Not paired,AI is off,0,0,0
176000,22.8,0,6,0.68,0.21,0,0,21,1,0,17,False,True,0,0,54,42,32,3.92,AI is off,AI is off,AI is off,AI is off,Not paired,AI is off,0,0,0
178000,22.9,0,6,0.69,0.21,0,0,21,1,0,17,False,True,0,0,54,42,32,3.92,AI is off,AI is off,AI is off,AI is off,Not paired,AI is off,0,0,0
180000,23,0,6,0.69,0.21,0,0,21,1,0,17,False,True,0,0,54,42,31,3.92,AI is off,AI is off,AI is off,AI is off,Not paired,AI is off,0,0,0
182000,22.8,0,6,0.69,0.21,0,0,21,1,0,17,False,True,0,0,54,41,31,3.92,AI is off,AI is off,AI is off,AI is off,Not paired,AI is off,0,0,0
184000,22.9,0,6,0.69,0.21,0,0,21,1,0,17,False,True,0,0,54,42,31,3.92,AI is off,AI is off,AI is off,AI is off,Not paired,AI is off,0,0,0
186000,22.9,0,6,0.69,0.21,0,0,21,1,0,16,False,True,0,0,53,41,30,3.92,AI is off,AI is off,AI is off,AI is off,Not paired,AI is off,0,0,0
188000,22.9,0,6,0.69,0.21,0,0,21,1,0,16,False,True,0,0,54,42,31,3.92,AI is off,AI is off,AI is off,AI is off,Not paired,AI is off,0,0,0
190000,23.1,0,6,0.69,0.21,0,0,21,1,0,16,False,True,0,0,54,42,32,3.92,AI is off,AI is off,AI is off,AI is off,Not paired,AI is off,0,0,0
192000,23.3,0,6,0.69,0.21,0,0,21,1,0,16,False,True,0,0,54,42,33,3.92,AI is off,AI is off,AI is off,AI is off,Not paired,AI is off,0,0,0
194000,23.6,0,6,0.7,0.21,0,0,20,1,0,16,False,True,0,0,54,43,32,3.92,AI is off,AI is off,AI is off,AI is off,Not paired,AI is off,0,0,0
196000,23.9,0,6,0.7,0.21,0,0,20,1,0,16,False,True,0,0,54,42,31,3.92,AI is off,AI is off,AI is off,AI is off,Not paired,AI is off,0,0,0
198000,23.9,0,6,0.71,0.21,0,0,18,1,0,16,False,True,0,0,54,41,31,3.92,AI is off,AI is off,AI is off,AI is off,Not paired,AI is off,0,0,0
200000,23.5,0,6,0.7,0.21,0,0,18,1,0,16,False,True,0,0,53,41,30,3.92,AI is off,AI is off,AI is off,AI is off,Not paired,AI is off,0,0,0
202000,23.4,0,6,0.7,0.21,0,0,18,1,0,16,False,True,0,0,53,42,32,3.92,AI is off,AI is off,AI is off,AI is off,Not paired,AI is off,0,0,0
204000,23.4,0,6,0.7,0.21,0,0,18,1,0,16,False,True,0,0,54,42,31,3.92,AI is off,AI is off,AI is off,AI is off,Not paired,AI is off,0,0,0
206000,23.4,0,6,0.7,0.21,0,0,18,1,0,16,False,True,0,0,54,43,31,3.92,AI is off,AI is off,AI is off,AI is off,Not paired,AI is off,0,0,0
208000,23.3,0,6,0.69,0.21,0,0,18,1,0,16,False,True,0,0,54,43,32,3.92,AI is off,AI is off,AI is off,AI is off,Not paired,AI is off,0,0,0
210000,23.2,0,6,0.69,0.21,0,0,20,1,0,16,False,True,0,0,54,42,31,3.92,AI is off,AI is off,AI is off,AI is off,Not paired,AI is off,0,0,0
212000,23.1,0,6,0.69,0.21,0,0,20,1,0,16,False,True,0,0,54,42,31,3.92,AI is off,AI is off,AI is off,AI is off,Not paired,AI is off,0,0,0
214000,23.2,0,6,0.69,0.21,0,0,20,1,0,16,False,True,0,0,54,42,31,3.92,AI is off,AI is off,AI is off,AI is off,Not paired,AI is off,0,0,0
216000,23.3,0,6,0.69,0.21,0,0,20,1,0,16,False,True,0,0,54,42,31,3.92,AI is off,AI is off,AI is off,AI is off,Not paired,AI is off,0,0,0
218000,23.3,0,6,0.69,0.21,0,0,20,1,0,16,False,True,0,0,54,43,32,3.92,AI is off,AI is off,AI is off,AI is off,Not paired,AI is off,0,0,0
220000,23.4,0,6,0.7,0.21,0,0,20,1,0,16,False,True,0,0,55,43,32,3.92,AI is off,AI is off,AI is off,AI is off,Not paired,AI is off,0,0,0
222000,23.5,0,6,0.7,0.21,0,0,20,1,0,16,False,True,0,0,55,43,31,3.92,AI is off,AI is off,AI is off,AI is off,Not paired,AI is off,0,0,0
224000,23.8,0,6,0.7,0.21,0,0,20,1,0,16,False,True,0,0,54,42,31,3.92,AI is off,AI is off,AI is off,AI is off,Not paired,AI is off,0,0,0
226000,23.8,0,6,0.7,0.21,0,0,18,1,0,16,False,True,0,0,53,41,30,3.92,AI is off,AI is off,AI is off,AI is off,Not paired,AI is off,0,0,0
228000,23.9,0,6,0.71,0.21,0,0,18,1,0,16,False,True,0,0,54,42,31,3.92,AI is off,AI is off,AI is off,AI is off,Not paired,AI is off,0,0,0
230000,23.9,0,6,0.71,0.21,0,0,18,1,0,16,False,True,0,0,53,41,30,3.92,AI is off,AI is off,AI is off,AI is off,Not paired,AI is off,0,0,0
232000,23.8,0,6,0.71,0.21,0,0,18,1,0,16,False,True,0,0,53,42,31,3.92,AI is off,AI is off,AI is off,AI is off,Not paired,AI is off,0,0,0
234000,23.8,0,6,0.7,0.21,0,0,18,1,0,16,False,True,0,0,53,41,31,3.92,AI is off,AI is off,AI is off,AI is off,Not paired,AI is off,0,0,0
236000,23.8,0,6,0.71,0.21,0,0,18,1,0,16,False,True,0,0,52,42,31,3.92,AI is off,AI is off,AI is off,AI is off,Not paired,AI is off,0,0,0
238000,23.7,0,6,0.7,0.21,0,0,18,1,0,16,False,True,0,0,53,42,31,3.92,AI is off,AI is off,AI is off,AI is off,Not paired,AI is off,0,0,0
240000,23.9,0,6,0.71,0.21,0,0,18,1,0,16,False,True,0,0,53,42,30,3.92,AI is off,AI is off,AI is off,AI is off,Not paired,AI is off,0,0,0
242000,24.1,0,6,0.71,0.21,0,0,18,1,0,16,False,True,0,0,53,40,30,3.92,AI is off,AI is off,AI is off,AI is off,Not paired,AI is off,0,0,0
244000,24.2,0,6,0.71,0.21,0,0,18,1,0,16,False,True,0,0,53,42,32,3.92,AI is off,AI is off,AI is off,AI is off,Not paired,AI is off,0,0,0
246000,24.4,0,6,0.72,0.21,0,0,18,1,0,16,False,True,0,0,53,42,31,3.92,AI is off,AI is off,AI is off,AI is off,Not paired,AI is off,0,0,0
248000,24.4,0,6,0.72,0.21,0,0,17,1,0,16,False,True,0,0,53,42,30,3.92,AI is off,AI is off,AI is off,AI is off,Not paired,AI is off,0,0,0
250000,24.6,0,6,0.72,0.21,0,0,17,1,0,16,False,True,0,0,53,41,30,3.92,AI is off,AI is off,AI is off,AI is off,Not paired,AI is off,0,0,0
252000,24.7,0,6,0.72,0.21,0,0,17,1,0,15,False,True,0,0,52,41,30,3.92,AI is off,AI is off,AI is off,AI is off,Not paired,AI is off,0,0,0
254000,24.8,0,6,0.72,0.21,0,0,17,1,0,15,False,True,0,0,53,41,30,3.92,AI is off,AI is off,AI is off,AI is off,Not paired,AI is off,0,0,0
256000,24.8,0,6,0.73,0.21,0,0,17,1,0,15,False,True,0,0,55,43,32,3.92,AI is off,AI is off,AI is off,AI is off,Not paired,AI is off,0,0,0
258000,24.8,0,6,0.73,0.21,0,0,16,1,0,15,False,True,0,0,54,42,32,3.92,AI is off,AI is off,AI is off,AI is off,Not paired,AI is off,0,0,0
260000,24.9,0,6,0.73,0.21,0,0,16,1,0,15,False,True,0,0,55,44,34,3.92,AI is off,AI is off,AI is off,AI is off,Not paired,AI is off,0,0,0
262000,25,0,6,0.73,0.21,0,0,16,1,0,15,False,True,0,0,53,40,30,3.92,AI is off,AI is off,AI is off,AI is off,Not paired,AI is off,0,0,0
264000,25.1,0,6,0.73,0.21,0,0,16,1,0,15,False,True,0,0,54,42,32,3.92,AI is off,AI is off,AI is off,AI is off,Not paired,AI is off,0,0,0
266000,25.2,0,6,0.73,0.21,0,0,16,1,0,15,False,True,0,0,55,44,34,3.92,AI is off,AI is off,AI is off,AI is off,Not paired,AI is off,0,0,0
268000,25.3,0,6,0.74,0.21,0,0,16,1,0,15,False,True,0,0,54,42,32,3.92,AI is off,AI is off,AI is off,AI is off,Not paired,AI is off,0,0,0
270000,25.2,0,6,0.74,0.21,0,0,16,1,0,15,False,True,0,0,55,44,34,3.92,AI is off,AI is off,AI is off,AI is off,Not paired,AI is off,0,0,0
272000,25.3,0,6,0.73,0.21,0,0,16,1,0,15,False,True,0,0,54,42,32,3.92,AI is off,AI is off,AI is off,AI is off,Not paired,AI is off,0,0,0
274000,25.3,0,6,0.74,0.21,0,0,15,1,0,15,False,True,0,0,53,41,30,3.92,AI is off,AI is off,AI is off,AI is off,Not paired,AI is off,0,0,0
276000,25.2,0,6,0.73,0.21,0,0,15,1,0,15,False,True,0,0,53,41,30,3.92,AI is off,AI is off,AI is off,AI is off,Not paired,AI is off,0,0,0
278000,25.4,0,6,0.74,0.21,0,0,15,1,0,15,False,True,0,0,53,41,30,3.92,AI is off,AI is off,AI is off,AI is off,Not paired,AI is off,0,0,0
280000,25.4,0,6,0.74,0.21,0,0,15,1,0,15,False,True,0,0,53,41,31,3.92,AI is off,AI is off,AI is off,AI is off,Not paired,AI is off,0,0,0
282000,25.3,0,6,0.74,0.21,0,0,15,1,0,15,False,True,0,0,53,41,31,3.92,AI is off,AI is off,AI is off,AI is off,Not paired,AI is off,0,0,0
284000,25.4,0,6,0.74,0.21,0,0,15,1,0,15,False,True,0,0,54,42,32,3.92,AI is off,AI is off,AI is off,AI is off,Not paired,AI is off,0,0,0
286000,25.3,0,6,0.74,0.21,0,0,15,1,0,15,False,True,0,0,53,42,32,3.92,AI is off,AI is off,AI is off,AI is off,Not paired,AI is off,0,0,0
288000,25.2,0,6,0.73,0.21,0,0,15,1,0,15,False,True,0,0,53,42,32,3.92,AI is off,AI is off,AI is off,AI is off,Not paired,AI is off,0,0,0
290000,25.1,0,6,0.73,0.21,0,0,15,1,0,15,False,True,0,0,52,41,30,3.92,AI is off,AI is off,AI is off,AI is off,Not paired,AI is off,0,0,0
292000,25.1,0,6,0.73,0.21,0,0,15,1,0,15,False,True,0,0,54,42,31,3.92,AI is off,AI is off,AI is off,AI is off,Not paired,AI is off,0,0,0
294000,25,0,6,0.73,0.21,0,0,15,1,0,15,False,True,0,0,53,42,32,3.92,AI is off,AI is off,AI is off,AI is off,Not paired,AI is off,0,0,0
296000,24.9,0,6,0.73,0.21,0,0,15,1,0,15,False,True,0,0,53,41,31,3.92,AI is off,AI is off,AI is off,AI is off,Not paired,AI is off,0,0,0
298000,24.8,0,6,0.73,0.21,0,0,15,1,0,15,False,True,0,0,53,41,31,3.92,AI is off,AI is off,AI is off,AI is off,Not paired,AI is off,0,0,0
300000,24.7,0,6,0.72,0.21,0,0,15,1,0,15,False,True,0,0,53,40,30,3.92,AI is off,AI is off,AI is off,AI is off,Not paired,AI is off,0,0,0
302000,24.7,0,6,0.72,0.21,0,0,15,1,0,15,False,True,0,0,53,42,32,3.92,AI is off,AI is off,AI is off,AI is off,Not paired,AI is off,0,0,0
304000,24.8,0,6,0.73,0.21,0,0,15,1,0,15,False,True,0,0,53,42,31,3.92,AI is off,AI is off,AI is off,AI is off,Not paired,AI is off,0,0,0
306000,25,0,6,0.73,0.21,0,0,15,1,0,15,False,True,0,0,56,45,34,3.92,AI is off,AI is off,AI is off,AI is off,Not paired,AI is off,0,0,0
308000,25.3,0,6,0.73,0.21,0,0,15,1,0,15,False,True,0,0,54,41,32,3.92,AI is off,AI is off,AI is off,AI is off,Not paired,AI is off,0,0,0
310000,25.4,0,6,0.74,0.21,0,0,15,1,0,15,False,True,0,0,56,43,33,3.92,AI is off,AI is off,AI is off,AI is off,Not paired,AI is off,0,0,0
312000,25.5,0,6,0.74,0.21,0,0,14,1,0,15,False,True,0,0,56,44,34,3.92,AI is off,AI is off,AI is off,AI is off,Not paired,AI is off,0,0,0
314000,25.7,0,6,0.74,0.21,0,0,14,1,0,15,False,True,0,0,55,44,33,3.92,AI is off,AI is off,AI is off,AI is off,Not paired,AI is off,0,0,0
316000,25.9,0,6,0.75,0.21,0,0,14,1,0,15,False,True,0,0,55,44,34,3.92,AI is off,AI is off,AI is off,AI is off,Not paired,AI is off,0,0,0
318000,26.1,0,6,0.75,0.21,0,0,14,1,0,15,False,True,0,0,55,44,34,3.92,AI is off,AI is off,AI is off,AI is off,Not paired,AI is off,0,0,0
320000,26.1,0,6,0.75,0.21,0,0,14,1,0,15,False,True,0,0,55,44,34,3.92,AI is off,AI is off,AI is off,AI is off,Not paired,AI is off,0,0,0
322000,26.3,0,6,0.76,0.21,0,0,14,1,0,15,False,True,0,0,56,44,34,3.92,AI is off,AI is off,AI is off,AI is off,Not paired,AI is off,0,0,0
324000,26.6,0,6,0.76,0.21,0,0,13,1,0,15,False,True,0,0,55,44,33,3.92,AI is off,AI is off,AI is off,AI is off,Not paired,AI is off,0,0,0
326000,26.6,0,6,0.76,0.21,0,0,13,1,0,15,False,True,0,0,56,44,34,3.92,AI is off,AI is off,AI is off,AI is off,Not paired,AI is off,0,0,0
328000,26.7,0,6,0.77,0.21,0,0,12,1,0,15,False,True,0,0,54,42,32,3.92,AI is off,AI is off,AI is off,AI is off,Not paired,AI is off,0,0,0
330000,26.7,0,6,0.77,0.21,0,0,12,1,0,15,False,True,0,0,53,40,29,3.92,AI is off,AI is off,AI is off,AI is off,Not paired,AI is off,0,0,0
332000,26.8,0,6,0.77,0.21,0,0,12,1,0,15,False,True,0,0,53,41,30,3.92,AI is off,AI is off,AI is off,AI is off,Not paired,AI is off,0,0,0
334000,26.8,0,6,0.77,0.21,0,0,12,1,0,15,False,True,0,0,54,44,33,3.92,AI is off,AI is off,AI is off,AI is off,Not paired,AI is off,0,0,0
336000,26.6,0,6,0.77,0.21,0,0,12,1,0,15,False,True,0,0,53,41,30,3.92,AI is off,AI is off,AI is off,AI is off,Not paired,AI is off,0,0,0
338000,26.6,0,6,0.76,0.21,0,0,12,1,0,15,False,True,0,0,53,41,31,3.92,AI is off,AI is off,AI is off,AI is off,Not paired,AI is off,0,0,0
340000,26.5,0,6,0.76,0.21,0,0,12,1,0,15,False,True,0,0,54,42,32,3.92,AI is off,AI is off,AI is off,AI is off,Not paired,AI is off,0,0,0
342000,26.5,0,6,0.76,0.21,0,0,12,1,0,15,False,True,0,0,53,40,29,3.92,AI is off,AI is off,AI is off,AI is off,Not paired,AI is off,0,0,0
344000,26.3,0,6,0.76,0.21,0,0,12,1,0,15,False,True,0,0,53,40,29,3.92,AI is off,AI is off,AI is off,AI is off,Not paired,AI is off,0,0,0
346000,26.3,0,6,0.76,0.21,0,0,12,1,0,15,False,True,0,0,53,41,31,3.92,AI is off,AI is off,AI is off,AI is off,Not paired,AI is off,0,0,0
348000,26.3,0,6,0.76,0.21,0,0,12,1,0,15,False,True,0,0,54,42,32,3.92,AI is off,AI is off,AI is off,AI is off,Not paired,AI is off,0,0,0
350000,26.1,0,6,0.75,0.21,0,0,12,1,0,15,False,True,0,0,54,43,32,3.92,AI is off,AI is off,AI is off,AI is off,Not paired,AI is off,0,0,0
352000,26.1,0,6,0.75,0.21,0,0,12,1,0,15,False,True,0,0,54,43,33,3.92,AI is off,AI is off,AI is off,AI is off,Not paired,AI is off,0,0,0
354000,25.9,0,6,0.75,0.21,0,0,12,1,0,15,False,True,0,0,53,40,30,3.92,AI is off,AI is off,AI is off,AI is off,Not paired,AI is off,0,0,0
356000,25.7,0,6,0.75,0.21,0,0,13,1,0,15,False,True,0,0,56,45,35,3.92,AI is off,AI is off,AI is off,AI is off,Not paired,AI is off,0,0,0
358000,25.7,0,6,0.74,0.21,0,0,13,1,0,15,False,True,0,0,56,45,35,3.92,AI is off,AI is off,AI is off,AI is off,Not paired,AI is off,0,0,0
360000,25.9,0,6,0.75,0.21,0,0,13,1,0,15,False,True,0,0,56,45,35,3.92,AI is off,AI is off,AI is off,AI is off,Not paired,AI is off,0,0,0
362000,25.9,0,6,0.75,0.21,0,0,13,1,0,15,False,True,0,0,55,44,33,3.92,AI is off,AI is off,AI is off,AI is off,Not paired,AI is off,0,0,0
364000,26,0,6,0.75,0.21,0,0,13,1,0,15,False,True,0,0,55,43,33,3.92,AI is off,AI is off,AI is off,AI is off,Not paired,AI is off,0,0,0
366000,25.8,0,6,0.75,0.21,0,0,13,1,0,15,False,True,0,0,54,42,32,3.92,AI is off,AI is off,AI is off,AI is off,Not paired,AI is off,0,0,0
368000,25.8,0,6,0.75,0.21,0,0,13,1,0,15,False,True,0,0,54,42,32,3.92,AI is off,AI is off,AI is off,AI is off,Not paired,AI is off,0,0,0
370000,25.6,0,6,0.74,0.21,0,0,13,1,0,15,False,True,0,0,56,45,34,3.92,AI is off,AI is off,AI is off,AI is off,Not paired,AI is off,0,0,0
372000,25.6,0,6,0.74,0.21,0,0,13,1,0,15,False,True,0,0,54,42,32,3.92,AI is off,AI is off,AI is off,AI is off,Not paired,AI is off,0,0,0
374000,25.4,0,6,0.74,0.21,0,0,13,1,0,15,False,True,0,0,53,41,31,3.92,AI is off,AI is off,AI is off,AI is off,Not paired,AI is off,0,0,0
376000,25.4,0,6,0.74,0.21,0,0,13,1,0,15,False,True,0,0,53,41,31,3.92,AI is off,AI is off,AI is off,AI is off,Not paired,AI is off,0,0,0
378000,25.4,0,6,0.74,0.21,0,0,13,1,0,15,False,True,0,0,53,41,31,3.92,AI is off,AI is off,AI is off,AI is off,Not paired,AI is off,0,0,0
380000,25.4,0,6,0.74,0.21,0,0,13,1,0,15,False,True,0,0,54,41,31,3.92,AI is off,AI is off,AI is off,AI is off,Not paired,AI is off,0,0,0
382000,25.5,0,6,0.74,0.21,0,0,13,1,0,15,False,True,0,0,53,40,31,3.92,AI is off,AI is off,AI is off,AI is off,Not paired,AI is off,0,0,0
384000,25.3,0,6,0.74,0.21,0,0,13,1,0,15,False,True,0,0,55,43,32,3.92,AI is off,AI is off,AI is off,AI is off,Not paired,AI is off,0,0,0
386000,25.3,0,6,0.74,0.21,0,0,13,1,0,15,False,True,0,0,53,41,31,3.92,AI is off,AI is off,AI is off,AI is off,Not paired,AI is off,0,0,0
388000,25.4,0,6,0.74,0.21,0,0,13,1,0,15,False,True,0,0,53,41,32,3.92,AI is off,AI is off,AI is off,AI is off,Not paired,AI is off,0,0,0
390000,25.1,0,6,0.73,0.21,0,0,13,1,0,15,False,True,0,0,56,44,33,3.92,AI is off,AI is off,AI is off,AI is off,Not paired,AI is off,0,0,0
392000,24.9,0,6,0.73,0.21,0,0,13,1,0,15,False,True,0,0,56,44,33,3.92,AI is off,AI is off,AI is off,AI is off,Not paired,AI is off,0,0,0
394000,24.9,0,6,0.73,0.21,0,0,14,1,0,15,False,True,0,0,56,43,33,3.92,AI is off,AI is off,AI is off,AI is off,Not paired,AI is off,0,0,0
396000,24.9,0,6,0.73,0.21,0,0,14,1,0,15,False,True,0,0,55,44,33,3.92,AI is off,AI is off,AI is off,AI is off,Not paired,AI is off,0,0,0
398000,25,0,6,0.73,0.21,0,0,14,1,0,15,False,True,0,0,54,42,33,3.92,AI is off,AI is off,AI is off,AI is off,Not paired,AI is off,0,0,0
400000,25.1,0,6,0.73,0.21,0,0,14,1,0,15,False,True,0,0,56,44,34,3.92,AI is off,AI is off,AI is off,AI is off,Not paired,AI is off,0,0,0
402000,25.1,0,6,0.73,0.21,0,0,14,1,0,15,False,True,0,0,54,42,32,3.92,AI is off,AI is off,AI is off,AI is off,Not paired,AI is off,0,0,0
404000,25.2,0,6,0.73,0.21,0,0,14,1,0,15,False,True,0,0,56,44,33,3.92,AI is off,AI is off,AI is off,AI is off,Not paired,AI is off,0,0,0
406000,25.4,0,6,0.74,0.21,0,0,13,1,0,15,False,True,0,0,56,44,34,3.92,AI is off,AI is off,AI is off,AI is off,Not paired,AI is off,0,0,0
408000,25.5,0,6,0.74,0.21,0,0,13,1,0,15,False,True,0,0,56,44,34,3.92,AI is off,AI is off,AI is off,AI is off,Not paired,AI is off,0,0,0
410000,25.8,0,6,0.75,0.21,0,0,12,1,0,15,False,True,0,0,55,43,34,3.92,AI is off,AI is off,AI is off,AI is off,Not paired,AI is off,0,0,0
412000,26.1,0,6,0.75,0.21,0,0,12,1,0,15,False,True,0,0,55,44,33,3.92,AI is off,AI is off,AI is off,AI is off,Not paired,AI is off,0,0,0
414000,26.2,0,6,0.76,0.21,0,0,12,1,0,15,False,True,0,0,55,43,33,3.92,AI is off,AI is off,AI is off,AI is off,Not paired,AI is off,0,0,0
416000,26.2,0,6,0.76,0.21,0,0,12,1,0,15,False,True,0,0,54,43,34,3.92,AI is off,AI is off,AI is off,AI is off,Not paired,AI is off,0,0,0
418000,26.2,0,6,0.76,0.21,0,0,12,1,0,15,False,True,0,0,54,43,34,3.92,AI is off,AI is off,AI is off,AI is off,Not paired,AI is off,0,0,0
420000,26.4,0,6,0.76,0.21,0,0,12,1,0,15,False,True,0,0,54,42,33,3.92,AI is off,AI is off,AI is off,AI is off,Not paired,AI is off,0,0,0
422000,26.4,0,6,0.76,0.21,0,0,11,1,0,15,False,True,0,0,54,43,33,3.92,AI is off,AI is off,AI is off,AI is off,Not paired,AI is off,0,0,0
424000,26.3,0,6,0.76,0.21,0,0,11,1,0,15,False,True,0,0,55,44,35,3.92,AI is off,AI is off,AI is off,AI is off,Not paired,AI is off,0,0,0
426000,26.4,0,6,0.76,0.21,0,0,11,1,0,15,False,True,0,0,54,42,33,3.92,AI is off,AI is off,AI is off,AI is off,Not paired,AI is off,0,0,0
428000,26.5,0,6,0.76,0.21,0,0,11,1,0,15,False,True,0,0,54,42,33,3.92,AI is off,AI is off,AI is off,AI is off,Not paired,AI is off,0,0,0
430000,26.4,0,6,0.76,0.21,0,0,11,1,0,15,False,True,0,0,54,43,32,3.92,AI is off,AI is off,AI is off,AI is off,Not paired,AI is off,0,0,0
432000,26.4,0,6,0.76,0.21,0,0,11,1,0,15,False,True,0,0,54,42,33,3.92,AI is off,AI is off,AI is off,AI is off,Not paired,AI is off,0,0,0
434000,26.4,0,6,0.76,0.21,0,0,11,1,0,15,False,True,0,0,54,43,32,3.92,AI is off,AI is off,AI is off,AI is off,Not paired,AI is off,0,0,0
436000,26.3,0,6,0.76,0.21,0,0,11,1,0,15,False,True,0,0,54,43,33,3.92,AI is off,AI is off,AI is off,AI is off,Not paired,AI is off,0,0,0
438000,26.2,0,6,0.76,0.21,0,0,11,1,0,15,False,True,0,0,54,42,32,3.92,AI is off,AI is off,AI is off,AI is off,Not paired,AI is off,0,0,0
440000,26.1,0,6,0.75,0.21,0,0,11,1,0,15,False,True,0,0,54,43,34,3.92,AI is off,AI is off,AI is off,AI is off,Not paired,AI is off,0,0,0
442000,26.2,0,6,0.76,0.21,0,0,11,1,0,15,False,True,0,0,54,41,32,3.92,AI is off,AI is off,AI is off,AI is off,Not paired,AI is off,0,0,0
444000,26.2,0,6,0.76,0.21,0,0,11,1,0,15,False,True,0,0,54,42,33,3.92,AI is off,AI is off,AI is off,AI is off,Not paired,AI is off,0,0,0
446000,26.2,0,6,0.75,0.21,0,0,11,1,0,15,False,True,0,0,54,42,33,3.92,AI is off,AI is off,AI is off,AI is off,Not paired,AI is off,0,0,0
448000,26.1,0,6,0.75,0.21,0,0,11,1,0,15,False,True,0,0,54,43,32,3.92,AI is off,AI is off,AI is off,AI is off,Not paired,AI is off,0,0,0
450000,26.2,0,6,0.75,0.21,0,0,11,1,0,15,False,True,0,0,54,42,32,3.92,AI is off,AI is off,AI is off,AI is off,Not paired,AI is off,0,0,0
452000,26.2,0,6,0.76,0.21,0,0,11,1,0,15,False,True,0,0,54,42,33,3.92,AI is off,AI is off,AI is off,AI is off,Not paired,AI is off,0,0,0
454000,26.2,0,6,0.76,0.21,0,0,11,1,0,15,False,True,0,0,54,42,33,3.92,AI is off,AI is off,AI is off,AI is off,Not paired,AI is off,0,0,0
456000,26.3,0,6,0.76,0.21,0,0,11,1,0,15,False,True,0,0,54,41,32,3.92,AI is off,AI is off,AI is off,AI is off,Not paired,AI is off,0,0,0
458000,26.3,0,6,0.76,0.21,0,0,11,1,0,15,False,True,0,0,54,42,32,3.92,AI is off,AI is off,AI is off,AI is off,Not paired,AI is off,0,0,0
460000,26.4,0,6,0.76,0.21,0,0,10,1,0,15,False,True,0,0,54,42,32,3.92,AI is off,AI is off,AI is off,AI is off,Not paired,AI is off,0,0,0
462000,26.5,0,6,0.76,0.21,0,0,10,1,0,15,False,True,0,0,54,41,32,3.92,AI is off,AI is off,AI is off,AI is off,Not paired,AI is off,0,0,0
464000,26.4,0,6,0.76,0.21,0,0,10,1,0,15,False,True,0,0,54,42,32,3.92,AI is off,AI is off,AI is off,AI is off,Not paired,AI is off,0,0,0
466000,26.5,0,6,0.76,0.21,0,0,10,1,0,15,False,True,0,0,57,44,34,3.92,AI is off,AI is off,AI is off,AI is off,Not paired,AI is off,0,0,0
468000,26.6,0,6,0.76,0.21,0,0,10,1,0,15,False,True,0,0,56,44,34,3.92,AI is off,AI is off,AI is off,AI is off,Not paired,AI is off,0,0,0
470000,26.8,0,6,0.77,0.21,0,0,10,1,0,15,False,True,0,0,56,45,35,3.92,AI is off,AI is off,AI is off,AI is off,Not paired,AI is off,0,0,0
472000,26.7,0,6,0.77,0.21,0,0,10,1,0,14,False,True,0,0,54,42,32,3.92,AI is off,AI is off,AI is off,AI is off,Not paired,AI is off,0,0,0
474000,26.6,0,6,0.76,0.21,0,0,10,1,0,14,False,True,0,0,55,42,32,3.92,AI is off,AI is off,AI is off,AI is off,Not paired,AI is off,0,0,0
476000,26.7,0,6,0.77,0.21,0,0,10,1,0,14,False,True,0,0,57,44,35,3.92,AI is off,AI is off,AI is off,AI is off,Not paired,AI is off,0,0,0
478000,26.7,0,6,0.77,0.21,0,0,10,1,0,14,False,True,0,0,57,44,35,3.92,AI is off,AI is off,AI is off,AI is off,Not paired,AI is off,0,0,0
480000,26.8,0,6,0.77,0.21,0,0,10,1,0,14,False,True,0,0,54,43,32,3.92,AI is off,AI is off,AI is off,AI is off,Not paired,AI is off,0,0,0
482000,26.7,0,6,0.77,0.21,0,0,10,1,0,14,False,True,0,0,55,43,32,3.92,AI is off,AI is off,AI is off,AI is off,Not paired,AI is off,0,0,0
484000,26.6,0,6,0.76,0.21,0,0,10,1,0,14,False,True,0,0,54,43,33,3.92,AI is off,AI is off,AI is off,AI is off,Not paired,AI is off,0,0,0
486000,26.7,0,6,0.77,0.21,0,0,10,1,0,14,False,True,0,0,54,42,32,3.92,AI is off,AI is off,AI is off,AI is off,Not paired,AI is off,0,0,0
488000,26.7,0,6,0.76,0.21,0,0,10,1,0,14,False,True,0,0,56,45,35,3.92,AI is off,AI is off,AI is off,AI is off,Not paired,AI is off,0,0,0
490000,26.6,0,6,0.76,0.21,0,0,10,1,0,14,False,True,0,0,57,45,36,3.92,AI is off,AI is off,AI is off,AI is off,Not paired,AI is off,0,0,0
492000,26.7,0,6,0.76,0.21,0,0,10,1,0,14,False,True,0,0,56,44,34,3.92,AI is off,AI is off,AI is off,AI is off,Not paired,AI is off,0,0,0
494000,26.7,0,6,0.77,0.21,0,0,10,1,0,14,False,True,0,0,54,42,33,3.92,AI is off,AI is off,AI is off,AI is off,Not paired,AI is off,0,0,0
496000,26.7,0,6,0.77,0.21,0,0,10,1,0,14,False,True,0,0,57,44,34,3.92,AI is off,AI is off,AI is off,AI is off,Not paired,AI is off,0,0,0
498000,26.7,0,6,0.77,0.21,0,0,10,1,0,14,False,True,0,0,57,45,36,3.92,AI is off,AI is off,AI is off,AI is off,Not paired,AI is off,0,0,0
500000,26.7,0,6,0.77,0.21,0,0,10,1,0,14,False,True,0,0,57,45,36,3.92,AI is off,AI is off,AI is off,AI is off,Not paired,AI is off,0,0,0
502000,26.8,0,6,0.77,0.21,0,0,10,1,0,14,False,True,0,0,56,45,35,3.92,AI is off,AI is off,AI is off,AI is off,Not paired,AI is off,0,0,0
504000,26.9,0,6,0.77,0.21,0,0,9,1,0,14,False,True,0,0,57,44,34,3.92,AI is off,AI is off,AI is off,AI is off,Not paired,AI is off,0,0,0
506000,26.8,0,6,0.77,0.21,0,0,9,1,0,14,False,True,0,0,57,45,36,3.92,AI is off,AI is off,AI is off,AI is off,Not paired,AI is off,0,0,0
508000,26.7,0,6,0.77,0.21,0,0,9,1,0,14,False,True,0,0,57,45,36,3.92,AI is off,AI is off,AI is off,AI is off,Not paired,AI is off,0,0,0
510000,26.6,0,6,0.76,0.21,0,0,9,1,0,14,False,True,0,0,57,44,35,3.92,AI is off,AI is off,AI is off,AI is off,Not paired,AI is off,0,0,0
512000,26.6,0,6,0.76,0.21,0,0,9,1,0,14,False,True,0,0,57,45,37,3.92,AI is off,AI is off,AI is off,AI is off,Not paired,AI is off,0,0,0
514000,26.6,0,6,0.76,0.21,0,0,9,1,0,14,False,True,0,0,54,43,33,3.92,AI is off,AI is off,AI is off,AI is off,Not paired,AI is off,0,0,0
516000,26.6,0,6,0.76,0.21,0,0,9,1,0,14,False,True,0,0,57,45,35,3.92,AI is off,AI is off,AI is off,AI is off,Not paired,AI is off,0,0,0
518000,26.6,0,6,0.76,0.21,0,0,9,1,0,14,False,True,0,0,57,45,36,3.92,AI is off,AI is off,AI is off,AI is off,Not paired,AI is off,0,0,0
520000,26.5,0,6,0.76,0.21,0,0,9,1,0,14,False,True,0,0,57,45,36,3.92,AI is off,AI is off,AI is off,AI is off,Not paired,AI is off,0,0,0
522000,26.5,0,6,0.76,0.21,0,0,9,1,0,14,False,True,0,0,57,45,36,3.92,AI is off,AI is off,AI is off,AI is off,Not paired,AI is off,0,0,0
524000,26.6,0,6,0.76,0.21,0,0,9,1,0,14,False,True,0,0,57,45,36,3.92,AI is off,AI is off,AI is off,AI is off,Not paired,AI is off,0,0,0
526000,26.7,0,6,0.76,0.21,0,0,9,1,0,14,False,True,0,0,57,45,35,3.92,AI is off,AI is off,AI is off,AI is off,Not paired,AI is off,0,0,0
528000,26.8,0,6,0.77,0.21,0,0,9,1,0,14,False,True,0,0,57,45,36,3.92,AI is off,AI is off,AI is off,AI is off,Not paired,AI is off,0,0,0
530000,26.8,0,6,0.77,0.21,0,0,9,1,0,14,False,True,0,0,57,46,37,3.92,AI is off,AI is off,AI is off,AI is off,Not paired,AI is off,0,0,0
532000,26.8,0,6,0.77,0.21,0,0,9,1,0,14,False,True,0,0,57,46,37,3.92,AI is off,AI is off,AI is off,AI is off,Not paired,AI is off,0,0,0
534000,26.8,0,6,0.77,0.21,0,0,9,1,0,14,False,True,0,0,57,45,35,3.92,AI is off,AI is off,AI is off,AI is off,Not paired,AI is off,0,0,0
536000,26.8,0,6,0.77,0.21,0,0,9,1,0,14,False,True,0,0,57,45,36,3.92,AI is off,AI is off,AI is off,AI is off,Not paired,AI is off,0,0,0
538000,26.8,0,6,0.77,0.21,0,0,9,1,0,14,False,True,0,0,56,45,35,3.92,AI is off,AI is off,AI is off,AI is off,Not paired,AI is off,0,0,0
540000,26.7,0,6,0.77,0.21,0,0,9,1,0,14,False,True,0,0,57,44,35,3.92,AI is off,AI is off,AI is off,AI is off,Not paired,AI is off,0,0,0
542000,26.7,0,6,0.77,0.21,0,0,9,1,0,14,False,True,0,0,57,45,36,3.92,AI is off,AI is off,AI is off,AI is off,Not paired,AI is off,0,0,0
544000,26.8,0,6,0.77,0.21,0,0,9,1,0,14,False,True,0,0,57,46,37,3.92,AI is off,AI is off,AI is off,AI is off,Not paired,AI is off,0,0,0
546000,26.8,0,6,0.77,0.21,0,0,9,1,0,14,False,True,0,0,57,45,36,3.92,AI is off,AI is off,AI is off,AI is off,Not paired,AI is off,0,0,0
548000,26.8,0,6,0.77,0.21,0,0,9,1,0,14,False,True,0,0,57,45,36,3.92,AI is off,AI is off,AI is off,AI is off,Not paired,AI is off,0,0,0
550000,26.7,0,6,0.77,0.21,0,0,9,1,0,14,False,True,0,0,54,43,32,3.92,AI is off,AI is off,AI is off,AI is off,Not paired,AI is off,0,0,0
552000,26.7,0,6,0.76,0.21,0,0,9,1,0,14,False,True,0,0,54,43,33,3.92,AI is off,AI is off,AI is off,AI is off,Not paired,AI is off,0,0,0
554000,26.5,0,6,0.76,0.21,0,0,9,1,0,14,False,True,0,0,55,44,34,3.92,AI is off,AI is off,AI is off,AI is off,Not paired,AI is off,0,0,0
556000,26.5,0,6,0.76,0.21,0,0,9,1,0,14,False,True,0,0,55,44,33,3.92,AI is off,AI is off,AI is off,AI is off,Not paired,AI is off,0,0,0
558000,26.2,0,6,0.76,0.21,0,0,9,1,0,14,False,True,0,0,57,45,36,3.92,AI is off,AI is off,AI is off,AI is off,Not paired,AI is off,0,0,0
560000,26.1,0,6,0.75,0.21,0,0,9,1,0,14,False,True,0,0,56,45,36,3.92,AI is off,AI is off,AI is off,AI is off,Not paired,AI is off,0,0,0
562000,26.1,0,6,0.75,0.21,0,0,9,1,0,14,False,True,0,0,55,44,34,3.92,AI is off,AI is off,AI is off,AI is off,Not paired,AI is off,0,0,0
564000,26.2,0,6,0.75,0.21,0,0,9,1,0,14,False,True,0,0,55,44,33,3.92,AI is off,AI is off,AI is off,AI is off,Not paired,AI is off,0,0,0
566000,26.2,0,6,0.75,0.21,0,0,9,1,0,14,False,True,0,0,57,45,36,3.92,AI is off,AI is off,AI is off,AI is off,Not paired,AI is off,0,0,0
568000,26.1,0,6,0.75,0.21,0,0,9,1,0,14,False,True,0,0,55,45,36,3.92,AI is off,AI is off,AI is off,AI is off,Not paired,AI is off,0,0,0
570000,26.2,0,6,0.75,0.21,0,0,9,1,0,14,False,True,0,0,55,43,33,3.92,AI is off,AI is off,AI is off,AI is off,Not paired,AI is off,0,0,0
572000,26.3,0,6,0.76,0.21,0,0,9,1,0,14,False,True,0,0,53,41,31,3.92,AI is off,AI is off,AI is off,AI is off,Not paired,AI is off,0,0,0
574000,26.3,0,6,0.76,0.21,0,0,9,1,0,14,False,True,0,0,56,43,33,3.92,AI is off,AI is off,AI is off,AI is off,Not paired,AI is off,0,0,0
576000,26.3,0,6,0.76,0.21,0,0,9,1,0,14,False,True,0,0,54,43,32,3.92,AI is off,AI is off,AI is off,AI is off,Not paired,AI is off,0,0,0
578000,26.1,0,6,0.75,0.21,0,0,9,1,0,14,False,True,0,0,54,43,33,3.92,AI is off,AI is off,AI is off,AI is off,Not paired,AI is off,0,0,0
580000,25.9,0,6,0.75,0.21,0,0,9,1,0,14,False,True,0,0,57,46,36,3.92,AI is off,AI is off,AI is off,AI is off,Not paired,AI is off,0,0,0
582000,25.9,0,6,0.75,0.21,0,0,9,1,0,14,False,True,0,0,56,45,37,3.92,AI is off,AI is off,AI is off,AI is off,Not paired,AI is off,0,0,0
584000,25.8,0,6,0.75,0.21,0,0,9,1,0,14,False,True,0,0,57,45,36,3.92,AI is off,AI is off,AI is off,AI is off,Not paired,AI is off,0,0,0
586000,25.8,0,6,0.75,0.21,0,0,9,1,0,14,False,True,0,0,56,45,35,3.92,AI is off,AI is off,AI is off,AI is off,Not paired,AI is off,0,0,0
588000,25.8,0,6,0.75,0.21,0,0,9,1,0,14,False,True,0,0,57,45,36,3.92,AI is off,AI is off,AI is off,AI is off,Not paired,AI is off,0,0,0
590000,25.6,0,6,0.74,0.21,0,0,9,1,0,14,False,True,0,0,57,45,35,3.92,AI is off,AI is off,AI is off,AI is off,Not paired,AI is off,0,0,0
592000,25.4,0,6,0.74,0.21,0,0,9,1,0,14,False,True,0,0,57,45,36,3.92,AI is off,AI is off,AI is off,AI is off,Not paired,AI is off,0,0,0
594000,25.3,0,6,0.74,0.21,0,0,9,1,0,14,False,True,0,0,56,45,35,3.92,AI is off,AI is off,AI is off,AI is off,Not paired,AI is off,0,0,0
596000,25.2,0,6,0.74,0.21,0,0,9,1,0,14,False,True,0,0,57,45,35,3.92,AI is off,AI is off,AI is off,AI is off,Not paired,AI is off,0,0,0
598000,25.3,0,6,0.73,0.21,0,0,9,1,0,14,False,True,0,0,55,43,33,3.92,AI is off,AI is off,AI is off,AI is off,Not paired,AI is off,0,0,0
600000,25.3,0,6,0.74,0.21,0,0,9,1,0,14,False,True,0,0,55,44,33,3.92,AI is off,AI is off,AI is off,AI is off,Not paired,AI is off,0,0,0
602000,25.3,0,6,0.74,0.21,0,0,9,1,0,14,False,True,0,0,55,43,33,3.92,AI is off,AI is off,AI is off,AI is off,Not paired,AI is off,0,0,0
604000,25.2,0,6,0.73,0.21,0,0,9,1,0,14,False,True,0,0,54,42,32,3.92,AI is off,AI is off,AI is off,AI is off,Not paired,AI is off,0,0,0
606000,25,0,6,0.73,0.21,0,0,9,1,0,14,False,True,0,0,54,43,33,3.92,AI is off,AI is off,AI is off,AI is off,Not paired,AI is off,0,0,0
608000,25,0,6,0.73,0.21,0,0,10,1,0,14,False,True,0,0,54,42,32,3.92,AI is off,AI is off,AI is off,AI is off,Not paired,AI is off,0,0,0
610000,25,0,6,0.73,0.21,0,0,10,1,0,14,False,True,0,0,56,45,36,3.92,AI is off,AI is off,AI is off,AI is off,Not paired,AI is off,0,0,0
612000,25.1,0,6,0.73,0.21,0,0,10,1,0,14,False,True,0,0,54,43,33,3.92,AI is off,AI is off,AI is off,AI is off,Not paired,AI is off,0,0,0
614000,25.2,0,6,0.73,0.21,0,0,10,1,0,14,False,True,0,0,54,43,33,3.92,AI is off,AI is off,AI is off,AI is off,Not paired,AI is off,0,0,0
616000,25.3,0,6,0.74,0.21,0,0,10,1,0,14,False,True,0,0,55,43,33,3.92,AI is off,AI is off,AI is off,AI is off,Not paired,AI is off,0,0,0
618000,25.4,0,6,0.74,0.21,0,0,10,1,0,14,False,True,0,0,55,44,33,3.92,AI is off,AI is off,AI is off,AI is off,Not paired,AI is off,0,0,0
620000,25.3,0,6,0.74,0.21,0,0,9,1,0,14,False,True,0,0,55,43,33,3.92,AI is off,AI is off,AI is off,AI is off,Not paired,AI is off,0,0,0
622000,25.2,0,6,0.73,0.21,0,0,9,1,0,14,False,True,0,0,56,45,35,3.92,AI is off,AI is off,AI is off,AI is off,Not paired,AI is off,0,0,0
624000,25.1,0,6,0.73,0.21,0,0,9,1,0,14,False,True,0,0,57,45,36,3.92,AI is off,AI is off,AI is off,AI is off,Not paired,AI is off,0,0,0
626000,25,0,6,0.73,0.21,0,0,9,1,0,14,False,True,0,0,57,45,35,3.92,AI is off,AI is off,AI is off,AI is off,Not paired,AI is off,0,0,0
628000,24.9,0,6,0.73,0.21,0,0,9,1,0,14,False,True,0,0,56,45,36,3.92,AI is off,AI is off,AI is off,AI is off,Not paired,AI is off,0,0,0
630000,24.9,0,6,0.73,0.21,0,0,9,1,0,14,False,True,0,0,57,45,35,3.92,AI is off,AI is off,AI is off,AI is off,Not paired,AI is off,0,0,0
632000,25.1,0,6,0.73,0.21,0,0,9,1,0,14,False,True,0,0,56,44,34,3.92,AI is off,AI is off,AI is off,AI is off,Not paired,AI is off,0,0,0
634000,25.2,0,6,0.74,0.21,0,0,9,1,0,14,False,True,0,0,54,43,33,3.92,AI is off,AI is off,AI is off,AI is off,Not paired,AI is off,0,0,0
636000,25.2,0,6,0.73,0.21,0,0,9,1,0,14,False,True,0,0,55,44,33,3.92,AI is off,AI is off,AI is off,AI is off,Not paired,AI is off,0,0,0
638000,25.2,0,6,0.73,0.21,0,0,9,1,0,14,False,True,0,0,57,45,36,3.92,AI is off,AI is off,AI is off,AI is off,Not paired,AI is off,0,0,0
640000,25.3,0,6,0.74,0.21,0,0,9,1,0,14,False,True,0,0,54,43,32,3.92,AI is off,AI is off,AI is off,AI is off,Not paired,AI is off,0,0,0
642000,25.1,0,6,0.74,0.21,0,0,9,1,0,14,False,True,0,0,54,43,33,3.92,AI is off,AI is off,AI is off,AI is off,Not paired,AI is off,0,0,0
644000,24.9,0,6,0.73,0.21,0,0,9,1,0,14,False,True,0,0,55,44,33,3.92,AI is off,AI is off,AI is off,AI is off,Not paired,AI is off,0,0,0
646000,24.9,0,6,0.73,0.21,0,0,9,1,0,14,False,True,0,0,55,44,33,3.92,AI is off,AI is off,AI is off,AI is off,Not paired,AI is off,0,0,0
648000,24.9,0,6,0.73,0.21,0,0,9,1,0,14,False,True,0,0,54,43,33,3.92,AI is off,AI is off,AI is off,AI is off,Not paired,AI is off,0,0,0
650000,24.7,0,6,0.73,0.21,0,0,9,1,0,14,False,True,0,0,56,44,34,3.92,AI is off,AI is off,AI is off,AI is off,Not paired,AI is off,0,0,0
652000,24.5,0,6,0.72,0.21,0,0,9,1,0,14,False,True,0,0,55,43,33,3.92,AI is off,AI is off,AI is off,AI is off,Not paired,AI is off,0,0,0
654000,24.2,0,6,0.72,0.21,0,0,9,1,0,14,False,True,0,0,54,42,33,3.92,AI is off,AI is off,AI is off,AI is off,Not paired,AI is off,0,0,0
656000,24,0,6,0.71,0.21,0,0,9,1,0,14,False,True,0,0,55,44,34,3.92,AI is off,AI is off,AI is off,AI is off,Not paired,AI is off,0,0,0
658000,23.9,0,6,0.71,0.21,0,0,10,1,0,14,False,True,0,0,55,43,33,3.92,AI is off,AI is off,AI is off,AI is off,Not paired,AI is off,0,0,0
660000,23.8,0,6,0.71,0.21,0,0,10,1,0,14,False,True,0,0,55,44,33,3.92,AI is off,AI is off,AI is off,AI is off,Not paired,AI is off,0,0,0
662000,23.6,0,6,0.7,0.21,0,0,10,1,0,14,False,True,0,0,56,44,34,3.92,AI is off,AI is off,AI is off,AI is off,Not paired,AI is off,0,0,0
664000,23.3,0,6,0.7,0.21,0,0,10,1,0,14,False,True,0,0,55,44,34,3.92,AI is off,AI is off,AI is off,AI is off,Not paired,AI is off,0,0,0
666000,23.2,0,6,0.69,0.21,0,0,10,1,0,14,False,True,0,0,56,44,34,3.92,AI is off,AI is off,AI is off,AI is off,Not paired,AI is off,0,0,0
668000,23.2,0,6,0.69,0.21,0,0,10,1,0,14,False,True,0,0,55,42,33,3.92,AI is off,AI is off,AI is off,AI is off,Not paired,AI is off,0,0,0
670000,23.2,0,6,0.69,0.21,0,0,11,1,0,14,False,True,0,0,56,43,33,3.92,AI is off,AI is off,AI is off,AI is off,Not paired,AI is off,0,0,0
672000,23.1,0,6,0.69,0.21,0,0,11,1,0,14,False,True,0,0,56,44,35,3.92,AI is off,AI is off,AI is off,AI is off,Not paired,AI is off,0,0,0
674000,23.2,0,6,0.69,0.21,0,0,11,1,0,14,False,True,0,0,55,43,33,3.92,AI is off,AI is off,AI is off,AI is off,Not paired,AI is off,0,0,0
676000,23.3,0,6,0.69,0.21,0,0,11,1,0,14,False,True,0,0,54,42,33,3.92,AI is off,AI is off,AI is off,AI is off,Not paired,AI is off,0,0,0
678000,23.6,0,6,0.7,0.21,0,0,11,1,0,14,False,True,0,0,56,43,34,3.92,AI is off,AI is off,AI is off,AI is off,Not paired,AI is off,0,0,0
680000,23.7,0,6,0.7,0.21,0,0,11,1,0,14,False,True,0,0,56,43,33,3.92,AI is off,AI is off,AI is off,AI is off,Not paired,AI is off,0,0,0
682000,23.7,0,6,0.7,0.21,0,0,11,1,0,14,False,True,0,0,56,45,35,3.92,AI is off,AI is off,AI is off,AI is off,Not paired,AI is off,0,0,0
684000,23.7,0,6,0.7,0.21,0,0,11,1,0,14,False,True,0,0,55,45,34,3.92,AI is off,AI is off,AI is off,AI is off,Not paired,AI is off,0,0,0
686000,24.1,0,6,0.71,0.21,0,0,10,1,0,14,False,True,0,0,56,46,36,3.92,AI is off,AI is off,AI is off,AI is off,Not paired,AI is off,0,0,0
688000,24.1,0,6,0.71,0.21,0,0,10,1,0,14,False,True,0,0,56,44,34,3.92,AI is off,AI is off,AI is off,AI is off,Not paired,AI is off,0,0,0
690000,24,0,6,0.71,0.21,0,0,9,1,0,14,False,True,0,0,56,44,34,3.92,AI is off,AI is off,AI is off,AI is off,Not paired,AI is off,0,0,0
692000,24.1,0,6,0.71,0.21,0,0,9,1,0,14,False,True,0,0,55,43,33,3.92,AI is off,AI is off,AI is off,AI is off,Not paired,AI is off,0,0,0
694000,24.2,0,6,0.71,0.21,0,0,9,1,0,14,False,True,0,0,54,42,32,3.92,AI is off,AI is off,AI is off,AI is off,Not paired,AI is off,0,0,0
696000,24.2,0,6,0.71,0.21,0,0,9,1,0,14,False,True,0,0,55,43,33,3.92,AI is off,AI is off,AI is off,AI is off,Not paired,AI is off,0,0,0
698000,24.2,0,6,0.71,0.21,0,0,9,1,0,14,False,True,0,0,53,41,31,3.92,AI is off,AI is off,AI is off,AI is off,Not paired,AI is off,0,0,0
700000,24.2,0,6,0.71,0.21,0,0,9,1,0,14,False,True,0,0,55,43,33,3.92,AI is off,AI is off,AI is off,AI is off,Not paired,AI is off,0,0,0
702000,24.2,0,6,0.71,0.21,0,0,9,1,0,14,False,True,0,0,55,43,33,3.92,AI is off,AI is off,AI is off,AI is off,Not paired,AI is off,0,0,0
704000,24.3,0,6,0.71,0.21,0,0,9,1,0,14,False,True,0,0,54,43,33,3.92,AI is off,AI is off,AI is off,AI is off,Not paired,AI is off,0,0,0
706000,24.1,0,6,0.71,0.21,0,0,9,1,0,14,False,True,0,0,56,45,35,3.92,AI is off,AI is off,AI is off,AI is off,Not paired,AI is off,0,0,0
708000,23.9,0,6,0.71,0.21,0,0,9,1,0,14,False,True,0,0,56,45,36,3.92,AI is off,AI is off,AI is off,AI is off,Not paired,AI is off,0,0,0
710000,23.9,0,6,0.71,0.21,0,0,9,1,0,14,False,True,0,0,57,45,35,3.92,AI is off,AI is off,AI is off,AI is off,Not paired,AI is off,0,0,0
712000,23.8,0,6,0.71,0.21,0,0,9,1,0,14,False,True,0,0,56,44,34,3.92,AI is off,AI is off,AI is off,AI is off,Not paired,AI is off,0,0,0
714000,23.7,0,6,0.7,0.21,0,0,9,1,0,14,False,True,0,0,56,45,35,3.92,AI is off,AI is off,AI is off,AI is off,Not paired,AI is off,0,0,0
716000,23.7,0,6,0.7,0.21,0,0,9,1,0,14,False,True,0,0,54,43,33,3.92,AI is off,AI is off,AI is off,AI is off,Not paired,AI is off,0,0,0
718000,23.5,0,6,0.7,0.21,0,0,9,1,0,14,False,True,0,0,54,42,32,3.92,AI is off,AI is off,AI is off,AI is off,Not paired,AI is off,0,0,0
720000,23.4,0,6,0.7,0.21,0,0,9,1,0,14,False,True,0,0,55,43,34,3.92,AI is off,AI is off,AI is off,AI is off,Not paired,AI is off,0,0,0
722000,23.5,0,6,0.7,0.21,0,0,9,1,0,14,False,True,0,0,56,44,35,3.92,AI is off,AI is off,AI is off,AI is off,Not paired,AI is off,0,0,0
724000,23.3,0,6,0.7,0.21,0,0,10,1,0,14,False,True,0,0,55,44,34,3.92,AI is off,AI is off,AI is off,AI is off,Not paired,AI is off,0,0,0
726000,23.2,0,6,0.69,0.21,0,0,10,1,0,14,False,True,0,0,55,43,33,3.92,AI is off,AI is off,AI is off,AI is off,Not paired,AI is off,0,0,0
728000,23.4,0,6,0.69,0.21,0,0,10,1,0,14,False,True,0,0,56,44,34,3.92,AI is off,AI is off,AI is off,AI is off,Not paired,AI is off,0,0,0
730000,23.5,0,6,0.7,0.21,0,0,10,1,0,14,False,True,0,0,55,44,33,3.92,AI is off,AI is off,AI is off,AI is off,Not paired,AI is off,0,0,0
732000,23.7,0,6,0.7,0.21,0,0,10,1,0,14,False,True,0,0,55,44,33,3.92,AI is off,AI is off,AI is off,AI is off,Not paired,AI is off,0,0,0
734000,24,0,6,0.71,0.21,0,0,9,1,0,14,False,True,0,0,56,44,33,3.92,AI is off,AI is off,AI is off,AI is off,Not paired,AI is off,0,0,0
736000,24.2,0,6,0.71,0.21,0,0,9,1,0,14,False,True,0,0,54,42,33,3.92,AI is off,AI is off,AI is off,AI is off,Not paired,AI is off,0,0,0
738000,24.4,0,6,0.71,0.21,0,0,9,1,0,14,False,True,0,0,56,44,34,3.92,AI is off,AI is off,AI is off,AI is off,Not paired,AI is off,0,0,0
740000,24.3,0,6,0.72,0.21,0,0,8,1,0,14,False,True,0,0,55,43,33,3.92,AI is off,AI is off,AI is off,AI is off,Not paired,AI is off,0,0,0
742000,24.3,0,6,0.72,0.21,0,0,8,1,0,14,False,True,0,0,57,46,35,3.92,AI is off,AI is off,AI is off,AI is off,Not paired,AI is off,0,0,0
744000,24.1,0,6,0.71,0.21,0,0,8,1,0,14,False,True,0,0,57,44,35,3.92,AI is off,AI is off,AI is off,AI is off,Not paired,AI is off,0,0,0
746000,24.1,0,6,0.71,0.21,0,0,8,1,0,14,False,True,0,0,56,45,35,3.92,AI is off,AI is off,AI is off,AI is off,Not paired,AI is off,0,0,0
748000,24.2,0,6,0.71,0.21,0,0,8,1,0,14,False,True,0,0,56,46,36,3.92,AI is off,AI is off,AI is off,AI is off,Not paired,AI is off,0,0,0
750000,24.3,0,6,0.71,0.21,0,0,8,1,0,14,False,True,0,0,57,46,35,3.92,AI is off,AI is off,AI is off,AI is off,Not paired,AI is off,0,0,0
752000,24.4,0,6,0.72,0.21,0,0,8,1,0,14,False,True,0,0,56,45,35,3.92,AI is off,AI is off,AI is off,AI is off,Not paired,AI is off,0,0,0
754000,24.5,0,6,0.72,0.21,0,0,8,1,0,14,False,True,0,0,55,44,34,3.92,AI is off,AI is off,AI is off,AI is off,Not paired,AI is off,0,0,0
756000,24.5,0,6,0.72,0.21,0,0,8,1,0,14,False,True,0,0,54,43,33,3.92,AI is off,AI is off,AI is off,AI is off,Not paired,AI is off,0,0,0
758000,24.3,0,6,0.72,0.21,0,0,8,1,0,14,False,True,0,0,57,45,34,3.92,AI is off,AI is off,AI is off,AI is off,Not paired,AI is off,0,0,0
760000,24.2,0,6,0.71,0.21,0,0,8,1,0,14,False,True,0,0,56,45,34,3.92,AI is off,AI is off,AI is off,AI is off,Not paired,AI is off,0,0,0
762000,24.2,0,6,0.71,0.21,0,0,8,1,0,14,False,True,0,0,57,46,35,3.92,AI is off,AI is off,AI is off,AI is off,Not paired,AI is off,0,0,0
764000,24.1,0,6,0.71,0.21,0,0,8,1,0,14,False,True,0,0,55,44,34,3.92,AI is off,AI is off,AI is off,AI is off,Not paired,AI is off,0,0,0
766000,24.1,0,6,0.71,0.21,0,0,8,1,0,14,False,True,0,0,56,44,34,3.92,AI is off,AI is off,AI is off,AI is off,Not paired,AI is off,0,0,0
768000,24.2,0,6,0.71,0.21,0,0,8,1,0,14,False,True,0,0,56,44,35,3.92,AI is off,AI is off,AI is off,AI is off,Not paired,AI is off,0,0,0
770000,24.3,0,6,0.71,0.21,0,0,8,1,0,14,False,True,0,0,55,43,33,3.92,AI is off,AI is off,AI is off,AI is off,Not paired,AI is off,0,0,0
772000,24.3,0,6,0.72,0.21,0,0,8,1,0,14,False,True,0,0,55,43,34,3.92,AI is off,AI is off,AI is off,AI is off,Not paired,AI is off,0,0,0
774000,24.2,0,6,0.71,0.21,0,0,8,1,0,14,False,True,0,0,56,44,34,3.92,AI is off,AI is off,AI is off,AI is off,Not paired,AI is off,0,0,0
776000,24.3,0,6,0.71,0.21,0,0,8,1,0,14,False,True,0,0,55,43,33,3.92,AI is off,AI is off,AI is off,AI is off,Not paired,AI is off,0,0,0
778000,24.3,0,6,0.72,0.21,0,0,8,1,0,14,False,True,0,0,55,43,33,3.92,AI is off,AI is off,AI is off,AI is off,Not paired,AI is off,0,0,0
780000,24.1,0,6,0.71,0.21,0,0,8,1,0,14,False,True,0,0,55,43,33,3.92,AI is off,AI is off,AI is off,AI is off,Not paired,AI is off,0,0,0
782000,23.7,0,6,0.71,0.21,0,0,8,1,0,14,False,True,0,0,56,44,34,3.92,AI is off,AI is off,AI is off,AI is off,Not paired,AI is off,0,0,0
784000,23.4,0,6,0.7,0.21,0,0,8,1,0,14,False,True,0,0,55,44,34,3.92,AI is off,AI is off,AI is off,AI is off,Not paired,AI is off,0,0,0
786000,23.1,0,6,0.69,0.21,0,0,8,1,0,14,False,True,0,0,57,44,35,3.92,AI is off,AI is off,AI is off,AI is off,Not paired,AI is off,0,0,0
788000,22.9,0,6,0.69,0.21,0,0,8,1,0,14,False,True,0,0,56,44,34,3.92,AI is off,AI is off,AI is off,AI is off,Not paired,AI is off,0,0,0
790000,22.8,0,6,0.68,0.21,0,0,9,1,0,14,False,True,0,0,55,43,33,3.92,AI is off,AI is off,AI is off,AI is off,Not paired,AI is off,0,0,0
792000,22.9,0,6,0.69,0.21,0,0,9,1,0,14,False,True,0,0,56,45,35,3.92,AI is off,AI is off,AI is off,AI is off,Not paired,AI is off,0,0,0
794000,22.6,0,6,0.68,0.21,0,0,9,1,0,14,False,True,0,0,54,43,33,3.92,AI is off,AI is off,AI is off,AI is off,Not paired,AI is off,0,0,0
796000,22.2,0,6,0.67,0.21,0,0,9,1,0,14,False,True,0,0,55,45,35,3.92,AI is off,AI is off,AI is off,AI is off,Not paired,AI is off,0,0,0
798000,21.8,0,6,0.66,0.21,0,0,9,1,0,14,False,True,0,0,55,44,34,3.92,AI is off,AI is off,AI is off,AI is off,Not paired,AI is off,0,0,0
800000,22,0,6,0.67,0.21,0,0,10,1,0,14,False,True,0,0,55,43,33,3.92,AI is off,AI is off,AI is off,AI is off,Not paired,AI is off,0,0,0
802000,22.4,0,6,0.68,0.21,0,0,10,1,0,14,False,True,0,0,56,44,34,3.92,AI is off,AI is off,AI is off,AI is off,Not paired,AI is off,0,0,0
804000,22.8,0,6,0.68,0.21,0,0,10,1,0,14,False,True,0,0,56,44,34,3.92,AI is off,AI is off,AI is off,AI is off,Not paired,AI is off,0,0,0
806000,23.1,0,6,0.69,0.21,0,0,9,1,0,14,False,True,0,0,57,45,36,3.92,AI is off,AI is off,AI is off,AI is off,Not paired,AI is off,0,0,0
808000,23.1,0,6,0.69,0.21,0,0,9,1,0,14,False,True,0,0,57,45,36,3.92,AI is off,AI is off,AI is off,AI is off,Not paired,AI is off,0,0,0
810000,23.1,0,6,0.69,0.21,0,0,9,1,0,14,False,True,0,0,54,42,32,3.92,AI is off,AI is off,AI is off,AI is off,Not paired,AI is off,0,0,0
812000,23.1,0,6,0.69,0.21,0,0,9,1,0,14,False,True,0,0,55,45,35,3.92,AI is off,AI is off,AI is off,AI is off,Not paired,AI is off,0,0,0
814000,23.1,0,6,0.69,0.21,0,0,9,1,0,14,False,True,0,0,55,44,34,3.92,AI is off,AI is off,AI is off,AI is off,Not paired,AI is off,0,0,0
816000,23.3,0,6,0.69,0.21,0,0,8,1,0,14,False,True,0,0,56,44,33,3.92,AI is off,AI is off,AI is off,AI is off,Not paired,AI is off,0,0,0
818000,23.4,0,6,0.7,0.21,0,0,8,1,0,14,False,True,0,0,56,45,35,3.92,AI is off,AI is off,AI is off,AI is off,Not paired,AI is off,0,0,0
820000,23.3,0,6,0.7,0.21,0,0,8,1,0,14,False,True,0,0,56,46,35,3.92,AI is off,AI is off,AI is off,AI is off,Not paired,AI is off,0,0,0
822000,23.3,0,6,0.7,0.21,0,0,8,1,0,14,False,True,0,0,56,44,34,3.92,AI is off,AI is off,AI is off,AI is off,Not paired,AI is off,0,0,0
824000,23.3,0,6,0.69,0.21,0,0,8,1,0,14,False,True,0,0,56,45,34,3.92,AI is off,AI is off,AI is off,AI is off,Not paired,AI is off,0,0,0
826000,23.2,0,6,0.69,0.21,0,0,8,1,0,14,False,True,0,0,57,45,34,3.92,AI is off,AI is off,AI is off,AI is off,Not paired,AI is off,0,0,0
828000,23.2,0,6,0.69,0.21,0,0,8,1,0,14,False,True,0,0,56,45,35,3.92,AI is off,AI is off,AI is off,AI is off,Not paired,AI is off,0,0,0
830000,23.3,0,6,0.7,0.21,0,0,8,1,0,14,False,True,0,0,56,45,34,3.92,AI is off,AI is off,AI is off,AI is off,Not paired,AI is off,0,0,0
832000,23.2,0,6,0.69,0.21,0,0,8,1,0,14,False,True,0,0,55,44,34,3.92,AI is off,AI is off,AI is off,AI is off,Not paired,AI is off,0,0,0
834000,23.2,0,6,0.69,0.21,0,0,8,1,0,14,False,True,0,0,54,42,33,3.92,AI is off,AI is off,AI is off,AI is off,Not paired,AI is off,0,0,0
836000,23.2,0,6,0.69,0.21,0,0,8,1,0,14,False,True,0,0,55,45,35,3.92,AI is off,AI is off,AI is off,AI is off,Not paired,AI is off,0,0,0
838000,23.1,0,6,0.69,0.21,0,0,8,1,0,14,False,True,0,0,55,44,34,3.92,AI is off,AI is off,AI is off,AI is off,Not paired,AI is off,0,0,0
840000,23.1,0,6,0.69,0.21,0,0,8,1,0,14,False,True,0,0,56,45,35,3.92,AI is off,AI is off,AI is off,AI is off,Not paired,AI is off,0,0,0
842000,23,0,6,0.69,0.21,0,0,8,1,0,14,False,True,0,0,56,45,34,3.92,AI is off,AI is off,AI is off,AI is off,Not paired,AI is off,0,0,0
844000,23,0,6,0.69,0.21,0,0,8,1,0,14,False,True,0,0,54,42,32,3.92,AI is off,AI is off,AI is off,AI is off,Not paired,AI is off,0,0,0
846000,22.9,0,6,0.69,0.21,0,0,8,1,0,14,False,True,0,0,55,45,35,3.92,AI is off,AI is off,AI is off,AI is off,Not paired,AI is off,0,0,0
848000,22.8,0,6,0.68,0.21,0,0,8,1,0,14,False,True,0,0,56,45,35,3.92,AI is off,AI is off,AI is off,AI is off,Not paired,AI is off,0,0,0
850000,22.7,0,6,0.68,0.21,0,0,8,1,0,14,False,True,0,0,56,45,35,3.92,AI is off,AI is off,AI is off,AI is off,Not paired,AI is off,0,0,0
852000,22.6,0,6,0.68,0.21,0,0,8,1,0,14,False,True,0,0,56,45,36,3.92,AI is off,AI is off,AI is off,AI is off,Not paired,AI is off,0,0,0
854000,22.5,0,6,0.68,0.21,0,0,8,1,0,14,False,True,0,0,55,45,35,3.92,AI is off,AI is off,AI is off,AI is off,Not paired,AI is off,0,0,0
856000,22.7,0,6,0.68,0.21,0,0,8,1,0,14,False,True,0,0,54,43,33,3.92,AI is off,AI is off,AI is off,AI is off,Not paired,AI is off,0,0,0
858000,22.8,0,6,0.68,0.21,0,0,8,1,0,14,False,True,0,0,55,44,35,3.92,AI is off,AI is off,AI is off,AI is off,Not paired,AI is off,0,0,0
860000,22.8,0,6,0.68,0.21,0,0,8,1,0,14,False,True,0,0,57,45,34,3.92,AI is off,AI is off,AI is off,AI is off,Not paired,AI is off,0,0,0
862000,22.9,0,6,0.69,0.21,0,0,8,1,0,14,False,True,0,0,54,43,32,3.92,AI is off,AI is off,AI is off,AI is off,Not paired,AI is off,0,0,0
864000,23,0,6,0.69,0.21,0,0,8,1,0,14,False,True,0,0,56,44,34,3.92,AI is off,AI is off,AI is off,AI is off,Not paired,AI is off,0,0,0
866000,23.1,0,6,0.69,0.21,0,0,8,1,0,14,False,True,0,0,55,44,33,3.92,AI is off,AI is off,AI is off,AI is off,Not paired,AI is off,0,0,0
868000,23.1,0,6,0.69,0.21,0,0,8,1,0,14,False,True,0,0,56,44,34,3.92,AI is off,AI is off,AI is off,AI is off,Not paired,AI is off,0,0,0
870000,23.3,0,6,0.69,0.21,0,0,8,1,0,14,False,True,0,0,56,44,34,3.92,AI is off,AI is off,AI is off,AI is off,Not paired,AI is off,0,0,0
872000,23.2,0,6,0.69,0.21,0,0,7,1,0,14,False,True,0,0,55,43,34,3.92,AI is off,AI is off,AI is off,AI is off,Not paired,AI is off,0,0,0
874000,23.1,0,6,0.69,0.21,0,0,7,1,0,14,False,True,0,0,56,45,36,3.92,AI is off,AI is off,AI is off,AI is off,Not paired,AI is off,0,0,0
876000,23.3,0,6,0.69,0.21,0,0,7,1,0,14,False,True,0,0,54,42,32,3.92,AI is off,AI is off,AI is off,AI is off,Not paired,AI is off,0,0,0
878000,23.3,0,6,0.69,0.21,0,0,7,1,0,14,False,True,0,0,54,43,33,3.92,AI is off,AI is off,AI is off,AI is off,Not paired,AI is off,0,0,0
880000,23.4,0,6,0.7,0.21,0,0,7,1,0,14,False,True,0,0,54,43,33,3.92,AI is off,AI is off,AI is off,AI is off,Not paired,AI is off,0,0,0
882000,23.5,0,6,0.7,0.21,0,0,7,1,0,14,False,True,0,0,54,43,32,3.92,AI is off,AI is off,AI is off,AI is off,Not paired,AI is off,0,0,0
884000,23.7,0,6,0.7,0.21,0,0,7,1,0,14,False,True,0,0,54,43,33,3.92,AI is off,AI is off,AI is off,AI is off,Not paired,AI is off,0,0,0
886000,23.8,0,6,0.7,0.21,0,0,7,1,0,14,False,True,0,0,54,42,32,3.92,AI is off,AI is off,AI is off,AI is off,Not paired,AI is off,0,0,0
888000,23.8,0,6,0.7,0.21,0,0,6,1,0,14,False,True,0,0,54,43,33,3.92,AI is off,AI is off,AI is off,AI is off,Not paired,AI is off,0,0,0
890000,23.6,0,6,0.7,0.21,0,0,6,1,0,14,False,True,0,0,56,45,34,3.92,AI is off,AI is off,AI is off,AI is off,Not paired,AI is off,0,0,0
892000,23.6,0,6,0.7,0.21,0,0,6,1,0,14,False,True,0,0,56,45,35,3.92,AI is off,AI is off,AI is off,AI is off,Not paired,AI is off,0,0,0
894000,23.6,0,6,0.7,0.21,0,0,6,1,0,14,False,True,0,0,56,44,34,3.92,AI is off,AI is off,AI is off,AI is off,Not paired,AI is off,0,0,0
896000,23.7,0,6,0.7,0.21,0,0,6,1,0,14,False,True,0,0,55,44,34,3.92,AI is off,AI is off,AI is off,AI is off,Not paired,AI is off,0,0,0
898000,23.7,0,6,0.7,0.21,0,0,6,1,0,14,False,True,0,0,57,46,36,3.92,AI is off,AI is off,AI is off,AI is off,Not paired,AI is off,0,0,0
900000,23.7,0,6,0.7,0.21,0,0,6,1,0,14,False,True,0,0,54,43,32,3.92,AI is off,AI is off,AI is off,AI is off,Not paired,AI is off,0,0,0
902000,23.6,0,6,0.7,0.21,0,0,6,1,0,14,False,True,0,0,56,45,34,3.92,AI is off,AI is off,AI is off,AI is off,Not paired,AI is off,0,0,0
904000,23.5,0,6,0.7,0.21,0,0,6,1,0,14,False,True,0,0,56,45,35,3.92,AI is off,AI is off,AI is off,AI is off,Not paired,AI is off,0,0,0
906000,23.5,0,6,0.7,0.21,0,0,6,1,0,14,False,True,0,0,57,46,36,3.92,AI is off,AI is off,AI is off,AI is off,Not paired,AI is off,0,0,0
908000,23.4,0,6,0.7,0.21,0,0,6,1,0,14,False,True,0,0,56,45,36,3.92,AI is off,AI is off,AI is off,AI is off,Not paired,AI is off,0,0,0
910000,23.4,0,6,0.7,0.21,0,0,6,1,0,14,False,True,0,0,56,44,34,3.92,AI is off,AI is off,AI is off,AI is off,Not paired,AI is off,0,0,0
912000,23.6,0,6,0.7,0.21,0,0,6,1,0,14,False,True,0,0,57,45,35,3.92,AI is off,AI is off,AI is off,AI is off,Not paired,AI is off,0,0,0
914000,23.6,0,6,0.7,0.21,0,0,6,1,0,14,False,True,0,0,56,46,36,3.92,AI is off,AI is off,AI is off,AI is off,Not paired,AI is off,0,0,0
916000,23.7,0,6,0.7,0.21,0,0,6,1,0,14,False,True,0,0,56,45,35,3.92,AI is off,AI is off,AI is off,AI is off,Not paired,AI is off,0,0,0
918000,23.7,0,6,0.7,0.21,0,0,6,1,0,14,False,True,0,0,56,44,33,3.92,AI is off,AI is off,AI is off,AI is off,Not paired,AI is off,0,0,0
920000,23.9,0,6,0.71,0.21,0,0,6,1,0,14,False,True,0,0,56,45,34,3.92,AI is off,AI is off,AI is off,AI is off,Not paired,AI is off,0,0,0
922000,23.7,0,6,0.7,0.21,0,0,6,1,0,14,False,True,0,0,56,44,34,3.92,AI is off,AI is off,AI is off,AI is off,Not paired,AI is off,0,0,0
924000,23.7,0,6,0.7,0.21,0,0,6,1,0,14,False,True,0,0,56,45,36,3.92,AI is off,AI is off,AI is off,AI is off,Not paired,AI is off,0,0,0
926000,23.7,0,6,0.7,0.21,0,0,6,1,0,14,False,True,0,0,55,43,34,3.92,AI is off,AI is off,AI is off,AI is off,Not paired,AI is off,0,0,0
928000,23.7,0,6,0.7,0.21,0,0,6,1,0,14,False,True,0,0,57,45,35,3.92,AI is off,AI is off,AI is off,AI is off,Not paired,AI is off,0,0,0
930000,23.7,0,6,0.7,0.21,0,0,6,1,0,14,False,True,0,0,57,46,35,3.92,AI is off,AI is off,AI is off,AI is off,Not paired,AI is off,0,0,0
932000,23.8,0,6,0.7,0.21,0,0,6,1,0,14,False,True,0,0,56,46,35,3.92,AI is off,AI is off,AI is off,AI is off,Not paired,AI is off,0,0,0
934000,23.8,0,6,0.71,0.21,0,0,6,1,0,14,False,True,0,0,56,45,34,3.92,AI is off,AI is off,AI is off,AI is off,Not paired,AI is off,0,0,0
936000,23.8,0,6,0.7,0.21,0,0,6,1,0,14,False,True,0,0,56,44,34,3.92,AI is off,AI is off,AI is off,AI is off,Not paired,AI is off,0,0,0
938000,23.7,0,6,0.7,0.21,0,0,6,1,0,14,False,True,0,0,57,45,34,3.92,AI is off,AI is off,AI is off,AI is off,Not paired,AI is off,0,0,0
940000,23.5,0,6,0.7,0.21,0,0,6,1,0,14,False,True,0,0,56,45,35,3.92,AI is off,AI is off,AI is off,AI is off,Not paired,AI is off,0,0,0
942000,23.5,0,6,0.7,0.21,0,0,6,1,0,14,False,True,0,0,57,45,35,3.92,AI is off,AI is off,AI is off,AI is off,Not paired,AI is off,0,0,0
944000,23.8,0,6,0.7,0.21,0,0,6,1,0,14,False,True,0,0,55,44,35,3.92,AI is off,AI is off,AI is off,AI is off,Not paired,AI is off,0,0,0
946000,24,0,6,0.71,0.21,0,0,6,1,0,14,False,True,0,0,56,45,35,3.92,AI is off,AI is off,AI is off,AI is off,Not paired,AI is off,0,0,0
948000,24,0,6,0.71,0.21,0,0,5,1,0,14,False,True,0,0,56,44,34,3.92,AI is off,AI is off,AI is off,AI is off,Not paired,AI is off,0,0,0
950000,23.9,0,6,0.71,0.21,0,0,5,1,0,14,False,True,0,0,56,45,35,3.92,AI is off,AI is off,AI is off,AI is off,Not paired,AI is off,0,0,0
952000,24,0,6,0.71,0.21,0,0,5,1,0,14,False,True,0,0,56,44,34,3.92,AI is off,AI is off,AI is off,AI is off,Not paired,AI is off,0,0,0
954000,24.3,0,6,0.71,0.21,0,0,5,1,0,14,False,True,0,0,56,45,35,3.92,AI is off,AI is off,AI is off,AI is off,Not paired,AI is off,0,0,0
956000,24.5,0,6,0.72,0.21,0,0,5,1,0,14,False,True,0,0,56,44,34,3.92,AI is off,AI is off,AI is off,AI is off,Not paired,AI is off,0,0,0
958000,24.5,0,6,0.72,0.21,0,0,5,1,0,14,False,True,0,0,55,44,34,3.92,AI is off,AI is off,AI is off,AI is off,Not paired,AI is off,0,0,0
960000,24.6,0,6,0.72,0.21,0,0,5,1,0,14,False,True,0,0,55,45,34,3.92,AI is off,AI is off,AI is off,AI is off,Not paired,AI is off,0,0,0
962000,24.8,0,6,0.72,0.21,0,0,5,1,0,14,False,True,0,0,56,46,35,3.92,AI is off,AI is off,AI is off,AI is off,Not paired,AI is off,0,0,0
964000,24.9,0,6,0.73,0.21,0,0,5,1,0,14,False,True,0,0,56,44,34,3.92,AI is off,AI is off,AI is off,AI is off,Not paired,AI is off,0,0,0
966000,25.1,0,6,0.73,0.21,0,0,4,1,0,14,False,True,0,0,55,43,34,3.92,AI is off,AI is off,AI is off,AI is off,Not paired,AI is off,0,0,0
968000,25.2,0,6,0.73,0.21,0,0,4,1,0,14,False,True,0,0,56,45,34,3.92,AI is off,AI is off,AI is off,AI is off,Not paired,AI is off,0,0,0
970000,25.4,0,8,0.74,0.21,0,0,4,1,0,14,False,True,0,0,56,43,32,3.92,AI is off,AI is off,AI is off,AI is off,Not paired,AI is off,0,0,0
972000,25.7,0,8,0.74,0.21,0,0,4,1,0,14,False,True,0,0,54,43,32,3.92,AI is off,AI is off,AI is off,AI is off,Not paired,AI is off,0,0,0
974000,25.8,0,8,0.75,0.21,0,0,4,1,0,14,False,True,0,0,54,43,32,3.92,AI is off,AI is off,AI is off,AI is off,Not paired,AI is off,0,0,0
976000,25.9,0,8,0.75,0.21,0,0,4,1,0,14,False,True,0,0,56,44,34,3.92,AI is off,AI is off,AI is off,AI is off,Not paired,AI is off,0,0,0
978000,26,0,8,0.75,0.21,0,0,4,1,0,14,False,True,0,0,55,44,33,3.92,AI is off,AI is off,AI is off,AI is off,Not paired,AI is off,0,0,0
980000,26,0,8,0.75,0.21,0,0,4,1,0,14,False,True,0,0,56,45,35,3.92,AI is off,AI is off,AI is off,AI is off,Not paired,AI is off,0,0,0
982000,26.1,0,8,0.75,0.21,0,0,3,1,0,14,False,True,0,0,56,44,34,3.92,AI is off,AI is off,AI is off,AI is off,Not paired,AI is off,0,0,0
984000,26.3,0,8,0.76,0.21,0,0,3,1,0,14,False,True,0,0,56,45,35,3.92,AI is off,AI is off,AI is off,AI is off,Not paired,AI is off,0,0,0
986000,26.4,0,8,0.76,0.21,0,0,3,1,0,14,False,True,0,0,56,44,34,3.92,AI is off,AI is off,AI is off,AI is off,Not paired,AI is off,0,0,0
988000,26.4,0,8,0.76,0.21,0,0,3,1,0,14,False,True,0,0,56,44,34,3.92,AI is off,AI is off,AI is off,AI is off,Not paired,AI is off,0,0,0
990000,26.5,0,8,0.76,0.21,0,0,3,1,0,14,False,True,0,0,56,45,35,3.92,AI is off,AI is off,AI is off,AI is off,Not paired,AI is off,0,0,0
992000,26.6,0,8,0.76,0.21,0,0,3,1,0,14,False,True,0,0,56,46,35,3.92,AI is off,AI is off,AI is off,AI is off,Not paired,AI is off,0,0,0
994000,26.5,0,8,0.76,0.21,0,0,3,1,0,14,False,True,0,0,56,45,34,3.92,AI is off,AI is off,AI is off,AI is off,Not paired,AI is off,0,0,0
996000,26.5,0,8,0.76,0.21,0,0,3,1,0,14,False,True,0,0,56,44,34,3.92,AI is off,AI is off,AI is off,AI is off,Not paired,AI is off,0,0,0
998000,26.6,0,8,0.76,0.21,0,0,3,1,0,14,False,True,0,0,56,44,35,3.92,AI is off,AI is off,AI is off,AI is off,Not paired,AI is off,0,0,0
1000000,26.5,0,8,0.76,0.21,0,0,3,1,0,14,False,True,0,0,55,44,33,3.92,AI is off,AI is off,AI is off,AI is off,Not paired,AI is off,0,0,0
1002000,26.3,0,8,0.76,0.21,0,0,3,1,0,14,False,True,0,0,56,45,36,3.92,AI is off,AI is off,AI is off,AI is off,Not paired,AI is off,0,0,0
1004000,26.3,0,8,0.76,0.21,0,0,3,1,0,14,False,True,0,0,55,44,33,3.92,AI is off,AI is off,AI is off,AI is off,Not paired,AI is off,0,0,0
1006000,26.3,0,8,0.76,0.21,0,0,3,1,0,14,False,True,0,0,55,44,34,3.92,AI is off,AI is off,AI is off,AI is off,Not paired,AI is off,0,0,0
1008000,26.2,0,8,0.76,0.21,0,0,3,1,0,14,False,True,0,0,56,44,34,3.92,AI is off,AI is off,AI is off,AI is off,Not paired,AI is off,0,0,0
1010000,25.9,0,8,0.75,0.21,0,0,3,1,0,14,False,True,0,0,56,45,35,3.92,AI is off,AI is off,AI is off,AI is off,Not paired,AI is off,0,0,0
1012000,25.6,0,8,0.74,0.21,0,0,3,1,0,14,False,True,0,0,56,45,36,3.92,AI is off,AI is off,AI is off,AI is off,Not paired,AI is off,0,0,0
1014000,25.5,0,8,0.74,0.21,0,0,3,1,0,14,False,True,0,0,55,45,35,3.92,AI is off,AI is off,AI is off,AI is off,Not paired,AI is off,0,0,0
1016000,25.6,0,8,0.74,0.21,0,0,3,1,0,14,False,True,0,0,55,46,35,3.92,AI is off,AI is off,AI is off,AI is off,Not paired,AI is off,0,0,0
1018000,25.7,0,8,0.74,0.21,0,0,3,1,0,14,False,True,0,0,56,44,34,3.92,AI is off,AI is off,AI is off,AI is off,Not paired,AI is off,0,0,0
1020000,25.7,0,8,0.74,0.21,0,0,3,1,0,14,False,True,0,0,56,44,34,3.92,AI is off,AI is off,AI is off,AI is off,Not paired,AI is off,0,0,0
1022000,25.5,0,8,0.74,0.21,0,0,3,1,0,14,False,True,0,0,56,44,34,3.92,AI is off,AI is off,AI is off,AI is off,Not paired,AI is off,0,0,0
1024000,25.3,0,8,0.74,0.21,0,0,3,1,0,14,False,True,0,0,56,44,34,3.92,AI is off,AI is off,AI is off,AI is off,Not paired,AI is off,0,0,0
1026000,25.2,0,8,0.73,0.21,0,0,3,1,0,14,False,True,0,0,56,45,35,3.92,AI is off,AI is off,AI is off,AI is off,Not paired,AI is off,0,0,0
1028000,25,0,8,0.73,0.21,0,0,3,1,0,14,False,True,0,0,56,45,36,3.92,AI is off,AI is off,AI is off,AI is off,Not paired,AI is off,0,0,0
1030000,24.8,0,8,0.73,0.21,0,0,3,1,0,14,False,True,0,0,56,45,35,3.92,AI is off,AI is off,AI is off,AI is off,Not paired,AI is off,0,0,0
1032000,25,0,8,0.73,0.21,0,0,3,1,0,14,False,True,0,0,55,44,34,3.92,AI is off,AI is off,AI is off,AI is off,Not paired,AI is off,0,0,0
1034000,24.8,0,8,0.73,0.21,0,0,3,1,0,14,False,True,0,0,56,45,35,3.92,AI is off,AI is off,AI is off,AI is off,Not paired,AI is off,0,0,0
1036000,24.8,0,8,0.73,0.21,0,0,3,1,0,14,False,True,0,0,56,45,35,3.92,AI is off,AI is off,AI is off,AI is off,Not paired,AI is off,0,0,0
1038000,24.6,0,8,0.72,0.21,0,0,3,1,0,14,False,True,0,0,56,45,36,3.92,AI is off,AI is off,AI is off,AI is off,Not paired,AI is off,0,0,0
1040000,24.6,0,8,0.72,0.21,0,0,3,1,0,14,False,True,0,0,55,44,34,3.92,AI is off,AI is off,AI is off,AI is off,Not paired,AI is off,0,0,0
1042000,24.7,0,8,0.72,0.21,0,0,3,1,0,14,False,True,0,0,55,44,34,3.92,AI is off,AI is off,AI is off,AI is off,Not paired,AI is off,0,0,0
1044000,24.5,0,8,0.72,0.21,0,0,3,1,0,14,False,True,0,0,55,43,33,3.92,AI is off,AI is off,AI is off,AI is off,Not paired,AI is off,0,0,0
1046000,24.6,0,8,0.72,0.21,0,0,3,1,0,14,False,True,0,0,56,44,34,3.92,AI is off,AI is off,AI is off,AI is off,Not paired,AI is off,0,0,0
1048000,24.6,0,8,0.72,0.21,0,0,3,1,0,14,False,True,0,0,55,44,33,3.92,AI is off,AI is off,AI is off,AI is off,Not paired,AI is off,0,0,0
1050000,24.6,0,8,0.72,0.21,0,0,3,1,0,14,False,True,0,0,56,45,34,3.92,AI is off,AI is off,AI is off,AI is off,Not paired,AI is off,0,0,0
1052000,24.5,0,8,0.72,0.21,0,0,3,1,0,14,False,True,0,0,55,46,35,3.92,AI is off,AI is off,AI is off,AI is off,Not paired,AI is off,0,0,0
1054000,24.6,0,8,0.72,0.21,0,0,3,1,0,14,False,True,0,0,56,44,34,3.92,AI is off,AI is off,AI is off,AI is off,Not paired,AI is off,0,0,0
1056000,24.2,0,8,0.72,0.21,0,0,3,1,0,14,False,True,0,0,56,44,33,3.92,AI is off,AI is off,AI is off,AI is off,Not paired,AI is off,0,0,0
1058000,23.9,0,8,0.71,0.21,0,0,3,1,0,14,False,True,0,0,54,43,33,3.92,AI is off,AI is off,AI is off,AI is off,Not paired,AI is off,0,0,0
1060000,23.9,0,8,0.71,0.21,0,0,3,1,0,14,False,True,0,0,56,43,33,3.92,AI is off,AI is off,AI is off,AI is off,Not paired,AI is off,0,0,0
1062000,24,0,8,0.71,0.21,0,0,3,1,0,14,False,True,0,0,56,44,33,3.92,AI is off,AI is off,AI is off,AI is off,Not paired,AI is off,0,0,0
1064000,24,0,8,0.71,0.21,0,0,3,1,0,14,False,True,0,0,55,44,34,3.92,AI is off,AI is off,AI is off,AI is off,Not paired,AI is off,0,0,0
1066000,24.1,0,8,0.71,0.21,0,0,3,1,0,14,False,True,0,0,55,43,33,3.92,AI is off,AI is off,AI is off,AI is off,Not paired,AI is off,0,0,0
1068000,24.2,0,8,0.71,0.21,0,0,3,1,0,14,False,True,0,0,55,45,34,3.92,AI is off,AI is off,AI is off,AI is off,Not paired,AI is off,0,0,0
1070000,24.4,0,8,0.72,0.21,0,0,3,1,0,14,False,True,0,0,56,45,33,3.92,AI is off,AI is off,AI is off,AI is off,Not paired,AI is off,0,0,0
1072000,24.6,0,8,0.72,0.21,0,0,3,1,0,14,False,True,0,0,56,44,34,3.92,AI is off,AI is off,AI is off,AI is off,Not paired,AI is off,0,0,0
1074000,24.7,0,8,0.72,0.21,0,0,3,1,0,14,False,True,0,0,56,44,35,3.92,AI is off,AI is off,AI is off,AI is off,Not paired,AI is off,0,0,0
1076000,24.8,0,8,0.72,0.21,0,0,3,1,0,14,False,True,0,0,56,44,34,3.92,AI is off,AI is off,AI is off,AI is off,Not paired,AI is off,0,0,0
1078000,24.9,0,8,0.73,0.21,0,0,3,1,0,14,False,True,0,0,56,44,34,3.92,AI is off,AI is off,AI is off,AI is off,Not paired,AI is off,0,0,0
1080000,25,0,8,0.73,0.21,0,0,3,1,0,14,False,True,0,0,54,43,32,3.92,AI is off,AI is off,AI is off,AI is off,Not paired,AI is off,0,0,0
1082000,25.1,0,8,0.73,0.21,0,0,3,1,0,14,False,True,0,0,56,45,35,3.92,AI is off,AI is off,AI is off,AI is off,Not paired,AI is off,0,0,0
1084000,25.1,0,8,0.73,0.21,0,0,2,1,0,14,False,True,0,0,56,45,35,3.92,AI is off,AI is off,AI is off,AI is off,Not paired,AI is off,0,0,0
1086000,25.2,0,8,0.73,0.21,0,0,2,1,0,14,False,True,0,0,56,45,35,3.92,AI is off,AI is off,AI is off,AI is off,Not paired,AI is off,0,0,0
1088000,25.2,0,8,0.73,0.21,0,0,2,1,0,14,False,True,0,0,55,44,35,3.92,AI is off,AI is off,AI is off,AI is off,Not paired,AI is off,0,0,0
1090000,25.3,0,8,0.74,0.21,0,0,2,1,0,14,False,True,0,0,55,44,34,3.92,AI is off,AI is off,AI is off,AI is off,Not paired,AI is off,0,0,0
1092000,25.9,0,8,0.75,0.21,0,0,2,1,0,14,False,True,0,0,56,44,34,3.92,AI is off,AI is off,AI is off,AI is off,Not paired,AI is off,0,0,0
1094000,26.5,0,8,0.76,0.21,0,0,2,1,0,14,False,True,0,0,55,45,35,3.92,AI is off,AI is off,AI is off,AI is off,Not paired,AI is off,0,0,0
1096000,26.7,0,8,0.76,0.21,0,0,2,1,0,14,False,True,0,0,56,44,34,3.92,AI is off,AI is off,AI is off,AI is off,Not paired,AI is off,0,0,0
1098000,26.7,0,8,0.77,0.21,0,0,2,1,0,14,False,True,0,0,56,43,33,3.92,AI is off,AI is off,AI is off,AI is off,Not paired,AI is off,0,0,0
1100000,26.8,0,8,0.77,0.21,0,0,2,1,0,14,False,True,0,0,56,44,33,3.92,AI is off,AI is off,AI is off,AI is off,Not paired,AI is off,0,0,0
1102000,26.7,0,8,0.77,0.21,0,0,1,1,0,14,False,True,0,0,56,45,35,3.92,AI is off,AI is off,AI is off,AI is off,Not paired,AI is off,0,0,0
1104000,26.6,0,8,0.76,0.21,0,0,1,1,0,14,False,True,0,0,56,44,34,3.92,AI is off,AI is off,AI is off,AI is off,Not paired,AI is off,0,0,0
1106000,26.4,0,8,0.76,0.21,0,0,1,1,0,14,False,True,0,0,55,43,33,3.92,AI is off,AI is off,AI is off,AI is off,Not paired,AI is off,0,0,0
1108000,26.2,0,8,0.76,0.21,0,0,1,1,0,14,False,True,0,0,55,44,34,3.92,AI is off,AI is off,AI is off,AI is off,Not paired,AI is off,0,0,0
1110000,26,0,8,0.75,0.21,0,0,1,1,0,14,False,True,0,0,55,44,33,3.92,AI is off,AI is off,AI is off,AI is off,Not paired,AI is off,0,0,0
1112000,25.7,0,8,0.75,0.21,0,0,1,1,0,14,False,True,0,0,55,46,34,3.92,AI is off,AI is off,AI is off,AI is off,Not paired,AI is off,0,0,0
1114000,25.5,0,8,0.74,0.21,0,0,1,1,0,14,False,True,0,0,56,45,36,3.92,AI is off,AI is off,AI is off,AI is off,Not paired,AI is off,0,0,0
1116000,25.4,0,8,0.74,0.21,0,0,1,1,0,14,False,True,0,0,56,44,33,3.92,AI is off,AI is off,AI is off,AI is off,Not paired,AI is off,0,0,0
1118000,25.2,0,8,0.74,0.21,0,0,2,1,0,14,False,True,0,0,56,44,34,3.92,AI is off,AI is off,AI is off,AI is off,Not paired,AI is off,0,0,0
1120000,25,0,8,0.73,0.21,0,0,2,1,0,14,False,True,0,0,55,45,35,3.92,AI is off,AI is off,AI is off,AI is off,Not paired,AI is off,0,0,0
1122000,24.9,0,8,0.73,0.21,0,0,2,1,0,14,False,True,0,0,56,43,32,3.92,AI is off,AI is off,AI is off,AI is off,Not paired,AI is off,0,0,0
1124000,24.7,0,8,0.72,0.21,0,0,2,1,0,14,False,True,0,0,55,43,33,3.92,AI is off,AI is off,AI is off,AI is off,Not paired,AI is off,0,0,0
1126000,24.3,0,8,0.72,0.21,0,0,2,1,0,14,False,True,0,0,54,43,33,3.92,AI is off,AI is off,AI is off,AI is off,Not paired,AI is off,0,0,0
1128000,24,0,8,0.71,0.21,0,0,2,1,0,14,False,True,0,0,55,44,33,3.92,AI is off,AI is off,AI is off,AI is off,Not paired,AI is off,0,0,0
1130000,23.6,0,8,0.7,0.21,0,0,2,1,0,14,False,True,0,0,56,45,34,3.92,AI is off,AI is off,AI is off,AI is off,Not paired,AI is off,0,0,0
1132000,23.2,0,8,0.69,0.21,0,0,2,1,0,14,False,True,0,0,55,44,33,3.92,AI is off,AI is off,AI is off,AI is off,Not paired,AI is off,0,0,0
1134000,23.4,0,8,0.69,0.21,0,0,2,1,0,14,False,True,0,0,56,44,34,3.92,AI is off,AI is off,AI is off,AI is off,Not paired,AI is off,0,0,0
1136000,23.4,0,8,0.7,0.21,0,0,2,1,0,14,False,True,0,0,55,44,34,3.92,AI is off,AI is off,AI is off,AI is off,Not paired,AI is off,0,0,0
1138000,23.5,0,8,0.7,0.21,0,0,2,1,0,14,False,True,0,0,56,44,33,3.92,AI is off,AI is off,AI is off,AI is off,Not paired,AI is off,0,0,0
1140000,23.6,0,8,0.7,0.21,0,0,2,1,0,14,False,True,0,0,56,44,34,3.92,AI is off,AI is off,AI is off,AI is off,Not paired,AI is off,0,0,0
1142000,23.7,0,8,0.7,0.21,0,0,2,1,0,14,False,True,0,0,56,44,34,3.92,AI is off,AI is off,AI is off,AI is off,Not paired,AI is off,0,0,0
1144000,23.7,0,8,0.7,0.21,0,0,2,1,0,14,False,True,0,0,56,44,33,3.92,AI is off,AI is off,AI is off,AI is off,Not paired,AI is off,0,0,0
1146000,23.6,0,8,0.7,0.21,0,0,2,1,0,14,False,True,0,0,55,44,33,3.92,AI is off,AI is off,AI is off,AI is off,Not paired,AI is off,0,0,0
1148000,23.4,0,8,0.7,0.21,0,0,2,1,0,14,False,True,0,0,56,44,33,3.92,AI is off,AI is off,AI is off,AI is off,Not paired,AI is off,0,0,0
1150000,23.3,0,8,0.7,0.21,0,0,2,1,0,14,False,True,0,0,55,44,35,3.92,AI is off,AI is off,AI is off,AI is off,Not paired,AI is off,0,0,0
1152000,22.9,0,8,0.69,0.21,0,0,2,1,0,14,False,True,0,0,56,45,36,3.92,AI is off,AI is off,AI is off,AI is off,Not paired,AI is off,0,0,0
1154000,22.6,0,8,0.68,0.21,0,0,2,1,0,14,False,True,0,0,56,45,35,3.92,AI is off,AI is off,AI is off,AI is off,Not paired,AI is off,0,0,0
1156000,22.3,0,8,0.67,0.21,0,0,2,1,0,14,False,True,0,0,56,45,35,3.92,AI is off,AI is off,AI is off,AI is off,Not paired,AI is off,0,0,0
1158000,22,0,8,0.67,0.21,0,0,2,1,0,14,False,True,0,0,56,45,35,3.92,AI is off,AI is off,AI is off,AI is off,Not paired,AI is off,0,0,0
1160000,21.8,0,8,0.66,0.21,0,0,2,1,0,14,False,True,0,0,56,45,36,3.92,AI is off,AI is off,AI is off,AI is off,Not paired,AI is off,0,0,0
1162000,22,0,8,0.66,0.21,0,0,2,1,0,14,False,True,0,0,56,45,36,3.92,AI is off,AI is off,AI is off,AI is off,Not paired,AI is off,0,0,0
1164000,22.2,0,8,0.67,0.21,0,0,2,1,0,14,False,True,0,0,57,45,35,3.92,AI is off,AI is off,AI is off,AI is off,Not paired,AI is off,0,0,0
1166000,22.2,0,8,0.67,0.21,0,0,2,1,0,14,False,True,0,0,56,45,35,3.92,AI is off,AI is off,AI is off,AI is off,Not paired,AI is off,0,0,0
1168000,22.1,0,8,0.67,0.21,0,0,2,1,0,14,False,True,0,0,55,45,35,3.92,AI is off,AI is off,AI is off,AI is off,Not paired,AI is off,0,0,0
1170000,21.7,0,8,0.67,0.21,0,0,2,1,0,14,False,True,0,0,56,44,35,3.92,AI is off,AI is off,AI is off,AI is off,Not paired,AI is off,0,0,0
1172000,20.9,0,8,0.65,0.21,0,0,3,1,0,14,False,True,0,0,57,45,35,3.92,AI is off,AI is off,AI is off,AI is off,Not paired,AI is off,0,0,0
1174000,20.4,0,8,0.64,0.21,0,0,3,1,0,14,False,True,0,0,56,45,34,3.92,AI is off,AI is off,AI is off,AI is off,Not paired,AI is off,0,0,0
1176000,20.2,0,8,0.63,0.21,0,0,3,1,0,14,False,True,0,0,57,45,36,3.92,AI is off,AI is off,AI is off,AI is off,Not paired,AI is off,0,0,0
1178000,20.1,0,8,0.63,0.21,0,0,3,1,0,14,False,True,0,0,57,45,35,3.92,AI is off,AI is off,AI is off,AI is off,Not paired,AI is off,0,0,0
1180000,19.9,0,8,0.62,0.21,0,0,3,1,0,14,False,True,0,0,55,45,35,3.92,AI is off,AI is off,AI is off,AI is off,Not paired,AI is off,0,0,0
1182000,19.6,0,8,0.62,0.21,0,0,3,1,0,14,False,True,0,0,56,45,35,3.92,AI is off,AI is off,AI is off,AI is off,Not paired,AI is off,0,0,0
1184000,19.6,0,7,0.62,0.21,0,0,4,1,0,14,False,True,0,0,56,45,35,3.92,AI is off,AI is off,AI is off,AI is off,Not paired,AI is off,0,0,0
1186000,19.4,0,7,0.61,0.21,0,0,4,1,0,14,False,True,0,0,56,45,35,3.92,AI is off,AI is off,AI is off,AI is off,Not paired,AI is off,0,0,0
1188000,19.2,0,7,0.61,0.21,0,0,4,1,0,14,False,True,0,0,56,44,34,3.92,AI is off,AI is off,AI is off,AI is off,Not paired,AI is off,0,0,0
1190000,19,0,7,0.61,0.21,0,0,5,1,0,14,False,True,0,0,56,43,33,3.92,AI is off,AI is off,AI is off,AI is off,Not paired,AI is off,0,0,0
1192000,18.7,0,7,0.6,0.21,0,0,5,1,0,14,False,True,0,0,56,45,35,3.92,AI is off,AI is off,AI is off,AI is off,Not paired,AI is off,0,0,0
1194000,18.6,0,7,0.6,0.21,0,0,5,1,0,14,False,True,0,0,56,45,35,3.92,AI is off,AI is off,AI is off,AI is off,Not paired,AI is off,0,0,0
1196000,18.5,0,7,0.59,0.21,0,0,5,1,0,14,False,True,0,0,56,45,35,3.92,AI is off,AI is off,AI is off,AI is off,Not paired,AI is off,0,0,0
1198000,18.2,0,7,0.59,0.21,0,0,5,1,0,14,False,True,0,0,56,45,35,3.92,AI is off,AI is off,AI is off,AI is off,Not paired,AI is off,0,0,0
1200000,17.9,0,7,0.58,0.21,0,0,8,1,0,14,False,True,0,0,56,45,35,3.92,AI is off,AI is off,AI is off,AI is off,Not paired,AI is off,0,0,0
1202000,17.7,0,7,0.58,0.21,0,0,8,1,0,14,False,True,0,0,56,45,36,3.92,AI is off,AI is off,AI is off,AI is off,Not paired,AI is off,0,0,0
1204000,17.4,0,7,0.57,0.21,0,0,8,1,0,14,False,True,0,0,56,45,35,3.92,AI is off,AI is off,AI is off,AI is off,Not paired,AI is off,0,0,0
1206000,17.2,0,7,0.57,0.21,0,0,10,1,0,14,False,True,0,0,56,44,35,3.92,AI is off,AI is off,AI is off,AI is off,Not paired,AI is off,0,0,0
1208000,16.9,0,7,0.56,0.21,0,0,10,1,0,14,False,True,0,0,56,45,36,3.92,AI is off,AI is off,AI is off,AI is off,Not paired,AI is off,0,0,0
1210000,16.7,0,7,0.56,0.21,0,0,10,1,0,14,False,True,0,0,56,44,35,3.92,AI is off,AI is off,AI is off,AI is off,Not paired,AI is off,0,0,0
1212000,16.5,0,7,0.55,0.21,0,0,10,1,0,14,False,True,0,0,57,45,35,3.92,AI is off,AI is off,AI is off,AI is off,Not paired,AI is off,0,0,0
1214000,16.2,0,7,0.55,0.21,0,0,10,1,0,14,False,True,0,0,57,44,34,3.92,AI is off,AI is off,AI is off,AI is off,Not paired,AI is off,0,0,0
1216000,16.1,0,7,0.55,0.21,0,0,15,1,0,14,False,True,0,0,56,45,35,3.92,AI is off,AI is off,AI is off,AI is off,Not paired,AI is off,0,0,0
1218000,15.8,0,7,0.54,0.21,0,0,15,1,0,15,False,True,0,0,57,45,35,3.92,AI is off,AI is off,AI is off,AI is off,Not paired,AI is off,0,0,0
1220000,15.6,0,7,0.54,0.21,0,0,15,1,0,15,False,True,0,0,55,45,36,3.92,AI is off,AI is off,AI is off,AI is off,Not paired,AI is off,0,0,0
1222000,15.3,0,7,0.53,0.21,0,0,17,1,0,15,False,True,0,0,57,46,36,3.92,AI is off,AI is off,AI is off,AI is off,Not paired,AI is off,0,0,0
1224000,15.1,0,7,0.52,0.21,0,0,17,1,0,15,False,True,0,0,55,45,35,3.92,AI is off,AI is off,AI is off,AI is off,Not paired,AI is off,0,0,0
1226000,14.9,0,7,0.52,0.21,0,0,17,1,0,15,False,True,0,0,55,45,35,3.92,AI is off,AI is off,AI is off,AI is off,Not paired,AI is off,0,0,0
1228000,14.6,0,7,0.51,0.21,0,0,17,1,0,15,False,True,0,0,56,44,35,3.92,AI is off,AI is off,AI is off,AI is off,Not paired,AI is off,0,0,0
1230000,14.2,0,7,0.51,0.21,0,0,17,1,0,15,False,True,0,0,57,46,36,3.92,AI is off,AI is off,AI is off,AI is off,Not paired,AI is off,0,0,0
1232000,13.8,0,7,0.5,0.21,0,0,17,1,0,15,False,True,0,0,55,43,33,3.92,AI is off,AI is off,AI is off,AI is off,Not paired,AI is off,0,0,0
1234000,13.4,0,7,0.49,0.21,0,0,25,1,0,15,False,True,0,0,54,40,32,3.92,AI is off,AI is off,AI is off,AI is off,Not paired,AI is off,0,0,0
1236000,13,0,7,0.48,0.21,0,0,25,1,0,15,False,True,0,0,54,40,31,3.92,AI is off,AI is off,AI is off,AI is off,Not paired,AI is off,0,0,0
1238000,12.8,0,7,0.48,0.21,0,0,33,1,0,15,False,True,0,0,54,41,31,3.92,AI is off,AI is off,AI is off,AI is off,Not paired,AI is off,0,0,0
1240000,12.7,0,7,0.47,0.21,0,0,33,1,0,15,False,True,0,0,55,41,33,3.92,AI is off,AI is off,AI is off,AI is off,Not paired,AI is off,0,0,0
1242000,12.8,0,7,0.47,0.21,0,0,33,1,0,15,False,True,0,0,55,44,34,3.92,AI is off,AI is off,AI is off,AI is off,Not paired,AI is off,0,0,0
1244000,12.9,0,7,0.48,0.21,0,0,33,1,0,15,False,True,0,0,55,43,33,3.92,AI is off,AI is off,AI is off,AI is off,Not paired,AI is off,0,0,0
1246000,12.7,0,7,0.47,0.21,0,0,33,1,0,16,False,True,0,0,56,45,36,3.92,AI is off,AI is off,AI is off,AI is off,Not paired,AI is off,0,0,0
1248000,12.6,0,7,0.47,0.21,0,0,33,1,0,16,False,True,0,0,56,45,35,3.92,AI is off,AI is off,AI is off,AI is off,Not paired,AI is off,0,0,0
1250000,12.3,0,7,0.47,0.21,0,0,36,1,0,16,False,True,0,0,56,45,35,3.92,AI is off,AI is off,AI is off,AI is off,Not paired,AI is off,0,0,0
1252000,12.1,0,7,0.46,0.21,0,0,36,1,0,16,False,True,0,0,53,41,30,3.92,AI is off,AI is off,AI is off,AI is off,Not paired,AI is off,0,0,0
1254000,12,0,7,0.46,0.21,0,0,36,1,0,16,False,True,0,0,54,40,32,3.92,AI is off,AI is off,AI is off,AI is off,Not paired,AI is off,0,0,0
1256000,11.9,0,7,0.46,0.21,0,0,44,1,0,16,False,True,0,0,54,40,31,3.92,AI is off,AI is off,AI is off,AI is off,Not paired,AI is off,0,0,0
1258000,11.6,0,7,0.45,0.21,0,0,44,1,0,16,False,True,0,0,54,40,32,3.92,AI is off,AI is off,AI is off,AI is off,Not paired,AI is off,0,0,0
1260000,11.3,0,7,0.45,0.21,0,0,44,1,0,16,False,True,0,0,53,40,31,3.92,AI is off,AI is off,AI is off,AI is off,Not paired,AI is off,0,0,0
1262000,11,0,7,0.44,0.21,0,0,44,1,0,16,False,True,0,0,54,39,32,3.92,AI is off,AI is off,AI is off,AI is off,Not paired,AI is off,0,0,0
1264000,10.8,0,7,0.43,0.21,0,0,44,1,0,16,False,True,0,0,54,39,31,3.92,AI is off,AI is off,AI is off,AI is off,Not paired,AI is off,0,0,0
1266000,10.5,0,7,0.43,0.21,0,0,79,1,0,16,False,True,0,0,54,41,32,3.92,AI is off,AI is off,AI is off,AI is off,Not paired,AI is off,0,0,0
1268000,10.2,0,7,0.42,0.21,0,0,79,1,0,17,False,True,0,0,55,44,35,3.92,AI is off,AI is off,AI is off,AI is off,Not paired,AI is off,0,0,0
1270000,9.8,0,7,0.42,0.21,0,0,79,1,0,17,False,True,0,0,55,41,32,3.92,AI is off,AI is off,AI is off,AI is off,Not paired,AI is off,0,0,0
1272000,9.6,0,6,0.41,0.21,0,0,99,1,0,17,False,True,0,0,56,44,35,3.92,AI is off,AI is off,AI is off,AI is off,Not paired,AI is off,0,0,0
1274000,9.1,0,6,0.4,0.21,0,0,99,1,0,17,False,True,0,0,53,40,30,3.92,AI is off,AI is off,AI is off,AI is off,Not paired,AI is off,0,0,0
1276000,8.8,0,6,0.39,0.21,0,0,99,1,0,17,False,True,0,0,55,41,31,3.92,AI is off,AI is off,AI is off,AI is off,Not paired,AI is off,0,0,0
1278000,8.400001,0,6,0.39,0.21,0,0,99,1,0,17,False,True,0,0,53,40,29,3.91,AI is off,AI is off,AI is off,AI is off,Not paired,AI is off,0,0,0
1280000,8.1,0,6,0.38,0.21,0,0,99,1,0,17,False,True,0,0,54,40,31,3.91,AI is off,AI is off,AI is off,AI is off,Not paired,AI is off,0,0,0
1282000,7.9,0,6,0.37,0.21,0,0,99,1,0,17,False,True,0,0,55,45,35,3.92,AI is off,AI is off,AI is off,AI is off,Not paired,AI is off,0,0,0
1284000,7.7,0,6,0.37,0.21,0,0,99,1,0,17,False,True,0,0,54,42,33,3.92,AI is off,AI is off,AI is off,AI is off,Not paired,AI is off,0,0,0
1286000,7.8,0,6,0.37,0.21,0,0,99,1,0,17,False,True,0,0,55,44,33,3.92,AI is off,AI is off,AI is off,AI is off,Not paired,AI is off,0,0,0
1288000,7.8,0,6,0.37,0.21,0,0,99,1,0,18,False,True,0,0,56,45,34,3.92,AI is off,AI is off,AI is off,AI is off,Not paired,AI is off,0,0,0
1290000,7.7,0,6,0.37,0.21,0,0,99,1,0,18,False,True,0,0,55,42,31,3.92,AI is off,AI is off,AI is off,AI is off,Not paired,AI is off,0,0,0
1292000,7.5,0,6,0.36,0.21,0,0,99,1,0,18,False,True,0,0,54,40,30,3.92,AI is off,AI is off,AI is off,AI is off,Not paired,AI is off,0,0,0
1294000,7.2,0,6,0.36,0.21,0,0,99,1,0,18,False,True,0,0,55,41,32,3.92,AI is off,AI is off,AI is off,AI is off,Not paired,AI is off,0,0,0
1296000,7.1,0,6,0.36,0.21,0,0,99,1,0,18,False,True,0,0,55,42,32,3.92,AI is off,AI is off,AI is off,AI is off,Not paired,AI is off,0,0,0
1298000,6.9,0,6,0.35,0.21,0,0,99,1,0,18,False,True,0,0,56,43,32,3.92,AI is off,AI is off,AI is off,AI is off,Not paired,AI is off,0,0,0
1300000,6.7,0,6,0.35,0.21,0,0,99,1,0,18,False,True,0,0,55,42,31,3.92,AI is off,AI is off,AI is off,AI is off,Not paired,AI is off,0,0,0
1302000,6.7,0,6,0.35,0.21,0,0,99,1,0,18,False,True,0,0,56,45,35,3.92,AI is off,AI is off,AI is off,AI is off,Not paired,AI is off,0,0,0
1304000,6.4,0,6,0.34,0.21,0,0,99,1,0,18,False,True,0,0,56,44,34,3.92,AI is off,AI is off,AI is off,AI is off,Not paired,AI is off,0,0,0
1306000,5.9,0,6,0.33,0.21,0,0,99,1,0,18,False,True,0,0,53,40,30,3.92,AI is off,AI is off,AI is off,AI is off,Not paired,AI is off,0,0,0
1308000,5.5,0,6,0.32,0.21,0,0,99,1,0,18,False,True,0,0,54,40,32,3.92,AI is off,AI is off,AI is off,AI is off,Not paired,AI is off,0,0,0
1310000,5.2,0,6,0.32,0.21,0,0,99,1,0,18,False,True,0,0,55,44,36,3.92,AI is off,AI is off,AI is off,AI is off,Not paired,AI is off,0,0,0
1312000,5,0,6,0.31,0.21,0,0,99,1,0,18,False,True,0,0,54,39,31,3.92,AI is off,AI is off,AI is off,AI is off,Not paired,AI is off,0,0,0
1314000,4.9,0,6,0.31,0.21,0,0,99,1,0,18,False,True,0,0,53,41,29,3.92,AI is off,AI is off,AI is off,AI is off,Not paired,AI is off,0,0,0
1316000,4.8,0,6,0.31,0.21,0,0,99,1,0,18,False,True,0,0,54,41,30,3.92,AI is off,AI is off,AI is off,AI is off,Not paired,AI is off,0,0,0
1318000,4.7,0,6,0.3,0.21,0,0,99,1,0,18,False,True,0,0,55,42,31,3.92,AI is off,AI is off,AI is off,AI is off,Not paired,AI is off,0,0,0
1320000,4.7,0,6,0.31,0.21,0,0,99,1,0,18,False,True,0,0,55,41,30,3.92,AI is off,AI is off,AI is off,AI is off,Not paired,AI is off,0,0,0
1322000,4.5,0,6,0.3,0.21,0,0,99,1,0,18,False,True,0,0,55,41,30,3.92,AI is off,AI is off,AI is off,AI is off,Not paired,AI is off,0,0,0
1324000,4.4,0,6,0.3,0.21,0,0,99,1,0,18,False,True,0,0,53,39,29,3.92,AI is off,AI is off,AI is off,AI is off,Not paired,AI is off,0,0,0
1326000,4.3,0,6,0.3,0.21,0,0,99,1,0,18,False,True,0,0,55,41,29,3.92,AI is off,AI is off,AI is off,AI is off,Not paired,AI is off,0,0,0
1328000,4.4,0,6,0.3,0.21,0,0,99,1,0,18,False,True,0,0,54,42,30,3.91,AI is off,AI is off,AI is off,AI is off,Not paired,AI is off,0,0,0
1330000,4.4,0,6,0.3,0.21,0,0,99,1,0,19,False,True,0,0,56,43,34,3.91,AI is off,AI is off,AI is off,AI is off,Not paired,AI is off,0,0,0
1332000,4.4,0,5,0.3,0.21,0,0,99,1,0,19,False,True,0,0,55,41,31,3.92,AI is off,AI is off,AI is off,AI is off,Not paired,AI is off,0,0,0
1334000,4.3,0,5,0.3,0.21,0,0,99,1,0,19,False,True,0,0,57,44,33,3.91,AI is off,AI is off,AI is off,AI is off,Not paired,AI is off,0,0,0
1336000,4.2,0,5,0.29,0.21,0,0,99,1,0,19,False,True,0,0,57,44,33,3.92,AI is off,AI is off,AI is off,AI is off,Not paired,AI is off,0,0,0
1338000,4,0,5,0.29,0.21,0,0,99,1,0,19,False,True,0,0,56,44,33,3.92,AI is off,AI is off,AI is off,AI is off,Not paired,AI is off,0,0,0
1340000,3.9,0,5,0.29,0.21,0,0,99,1,0,19,False,True,0,0,59,46,35,3.92,AI is off,AI is off,AI is off,AI is off,Not paired,AI is off,0,0,0
1342000,4,0,5,0.29,0.21,0,0,99,1,0,19,False,True,0,0,59,45,36,3.92,AI is off,AI is off,AI is off,AI is off,Not paired,AI is off,0,0,0
1344000,4,0,5,0.29,0.21,0,0,99,1,0,19,False,True,0,0,55,42,31,3.92,AI is off,AI is off,AI is off,AI is off,Not paired,AI is off,0,0,0
1346000,4,0,5,0.29,0.21,0,0,99,1,0,19,False,True,0,0,56,42,32,3.92,AI is off,AI is off,AI is off,AI is off,Not paired,AI is off,0,0,0
1348000,4,0,5,0.29,0.21,0,0,99,1,0,19,False,True,0,0,54,40,29,3.92,AI is off,AI is off,AI is off,AI is off,Not paired,AI is off,0,0,0
1350000,3.9,0,5,0.29,0.21,0,0,99,1,0,19,False,True,0,0,54,39,30,3.92,AI is off,AI is off,AI is off,AI is off,Not paired,AI is off,0,0,0
1352000,3.8,0,5,0.29,0.21,0,0,99,1,0,19,False,True,0,0,55,42,31,3.92,AI is off,AI is off,AI is off,AI is off,Not paired,AI is off,0,0,0
1354000,3.8,0,5,0.29,0.21,0,0,99,1,0,19,False,True,0,0,56,43,33,3.92,AI is off,AI is off,AI is off,AI is off,Not paired,AI is off,0,0,0
1356000,3.8,0,5,0.29,0.21,0,0,99,1,0,19,False,True,0,0,58,46,35,3.92,AI is off,AI is off,AI is off,AI is off,Not paired,AI is off,0,0,0
1358000,3.8,0,5,0.29,0.21,0,0,99,1,0,19,False,True,0,0,60,46,36,3.92,AI is off,AI is off,AI is off,AI is off,Not paired,AI is off,0,0,0
1360000,3.8,0,5,0.29,0.21,0,0,99,1,0,19,False,True,0,0,54,39,29,3.92,AI is off,AI is off,AI is off,AI is off,Not paired,AI is off,0,0,0
1362000,3.7,0,5,0.28,0.21,0,0,99,1,0,19,False,True,0,0,53,41,29,3.92,AI is off,AI is off,AI is off,AI is off,Not paired,AI is off,0,0,0
1364000,3.8,0,5,0.29,0.21,0,0,99,1,0,19,False,True,0,0,57,44,33,3.92,AI is off,AI is off,AI is off,AI is off,Not paired,AI is off,0,0,0
1366000,3.7,0,5,0.28,0.21,0,0,99,1,0,19,False,True,0,0,57,45,33,3.92,AI is off,AI is off,AI is off,AI is off,Not paired,AI is off,0,0,0
1368000,3.8,0,5,0.29,0.21,0,0,99,1,0,19,False,True,0,0,59,47,35,3.92,AI is off,AI is off,AI is off,AI is off,Not paired,AI is off,0,0,0
1370000,4.1,0,5,0.29,0.21,0,0,99,1,0,19,False,True,0,0,56,44,35,3.92,AI is off,AI is off,AI is off,AI is off,Not paired,AI is off,0,0,0
1372000,4.1,0,5,0.29,0.21,0,0,99,1,0,19,False,True,0,0,55,40,29,3.92,AI is off,AI is off,AI is off,AI is off,Not paired,AI is off,0,0,0
1374000,4.3,0,5,0.3,0.21,0,0,99,1,0,19,False,True,0,0,56,42,31,3.92,AI is off,AI is off,AI is off,AI is off,Not paired,AI is off,0,0,0
1376000,4.6,0,5,0.3,0.21,0,0,99,1,0,20,False,True,0,0,54,41,30,3.92,AI is off,AI is off,AI is off,AI is off,Not paired,AI is off,0,0,0
1378000,4.7,0,5,0.3,0.21,0,0,99,1,0,20,False,True,0,0,55,42,32,3.92,AI is off,AI is off,AI is off,AI is off,Not paired,AI is off,0,0,0
1380000,4.8,0,5,0.31,0.21,0,0,99,1,0,20,False,True,0,0,55,42,31,3.92,AI is off,AI is off,AI is off,AI is off,Not paired,AI is off,0,0,0
1382000,4.9,0,5,0.31,0.21,0,0,99,1,0,20,False,True,0,0,55,42,32,3.92,AI is off,AI is off,AI is off,AI is off,Not paired,AI is off,0,0,0
1384000,5.2,0,5,0.31,0.21,0,0,99,1,0,20,False,True,0,0,56,42,32,3.91,AI is off,AI is off,AI is off,AI is off,Not paired,AI is off,0,0,0
1386000,5.3,0,5,0.32,0.21,0,0,99,1,0,20,False,True,0,0,53,39,30,3.92,AI is off,AI is off,AI is off,AI is off,Not paired,AI is off,0,0,0
1388000,5.6,0,5,0.32,0.21,0,0,99,1,0,20,False,True,0,0,55,41,32,3.92,AI is off,AI is off,AI is off,AI is off,Not paired,AI is off,0,0,0
1390000,5.8,0,5,0.33,0.21,0,0,99,1,0,20,False,True,0,0,55,41,30,3.92,AI is off,AI is off,AI is off,AI is off,Not paired,AI is off,0,0,0
1392000,6,0,5,0.33,0.21,0,0,99,1,0,20,False,True,0,0,58,44,34,3.92,AI is off,AI is off,AI is off,AI is off,Not paired,AI is off,0,0,0
1394000,6,0,5,0.33,0.21,0,0,99,1,0,20,False,True,0,0,56,43,32,3.92,AI is off,AI is off,AI is off,AI is off,Not paired,AI is off,0,0,0
1396000,6.1,0,5,0.33,0.21,0,0,99,1,0,20,False,True,0,0,55,41,30,3.92,AI is off,AI is off,AI is off,AI is off,Not paired,AI is off,0,0,0
1398000,6.3,0,5,0.34,0.21,0,0,99,1,0,20,False,True,0,0,55,41,30,3.92,AI is off,AI is off,AI is off,AI is off,Not paired,AI is off,0,0,0
1400000,6.4,0,5,0.34,0.21,0,0,99,1,0,20,False,True,0,0,55,41,30,3.91,AI is off,AI is off,AI is off,AI is off,Not paired,AI is off,0,0,0
1402000,6.5,0,4,0.34,0.21,0,0,99,1,0,20,False,True,0,0,56,42,31,3.91,AI is off,AI is off,AI is off,AI is off,Not paired,AI is off,0,0,0
1404000,6.6,0,4,0.34,0.21,0,0,99,1,0,20,False,True,0,0,55,41,30,3.91,AI is off,AI is off,AI is off,AI is off,Not paired,AI is off,0,0,0
1406000,6.6,0,4,0.34,0.21,0,0,99,1,0,20,False,True,0,0,54,40,29,3.91,AI is off,AI is off,AI is off,AI is off,Not paired,AI is off,0,0,0
1408000,6.6,0,4,0.34,0.21,0,0,99,1,0,20,False,True,0,0,55,42,32,3.91,AI is off,AI is off,AI is off,AI is off,Not paired,AI is off,0,0,0
1410000,6.5,0,4,0.34,0.21,0,0,99,1,0,20,False,True,0,0,58,45,35,3.92,AI is off,AI is off,AI is off,AI is off,Not paired,AI is off,0,0,0
1412000,6.4,0,4,0.34,0.21,0,0,99,1,0,20,False,True,0,0,57,44,34,3.91,AI is off,AI is off,AI is off,AI is off,Not paired,AI is off,0,0,0
1414000,6.3,0,4,0.34,0.21,0,0,99,1,0,20,False,True,0,0,58,45,35,3.91,AI is off,AI is off,AI is off,AI is off,Not paired,AI is off,0,0,0
1416000,6.3,0,4,0.34,0.21,0,0,99,1,0,20,False,True,0,0,55,42,31,3.91,AI is off,AI is off,AI is off,AI is off,Not paired,AI is off,0,0,0
1418000,6.3,0,4,0.34,0.21,0,0,99,1,0,20,False,True,0,0,57,44,34,3.91,AI is off,AI is off,AI is off,AI is off,Not paired,AI is off,0,0,0
1420000,6.2,0,4,0.34,0.21,0,0,99,1,0,20,False,True,0,0,56,43,32,3.91,AI is off,AI is off,AI is off,AI is off,Not paired,AI is off,0,0,0
1422000,6.3,0,4,0.34,0.21,0,0,99,1,0,20,False,True,0,0,57,44,34,3.91,AI is off,AI is off,AI is off,AI is off,Not paired,AI is off,0,0,0
1424000,6.4,0,4,0.34,0.21,0,0,99,1,0,20,False,True,0,0,56,44,34,3.91,AI is off,AI is off,AI is off,AI is off,Not paired,AI is off,0,0,0
1426000,6.4,0,4,0.34,0.21,0,0,99,1,0,20,False,True,0,0,56,43,33,3.91,AI is off,AI is off,AI is off,AI is off,Not paired,AI is off,0,0,0
1428000,6.4,0,4,0.34,0.21,0,0,99,1,0,20,False,True,0,0,56,42,33,3.91,AI is off,AI is off,AI is off,AI is off,Not paired,AI is off,0,0,0
1430000,6.3,0,4,0.34,0.21,0,0,99,1,0,20,False,True,0,0,56,42,32,3.91,AI is off,AI is off,AI is off,AI is off,Not paired,AI is off,0,0,0
1432000,6.2,0,4,0.34,0.21,0,0,99,1,0,20,False,True,0,0,57,45,35,3.91,AI is off,AI is off,AI is off,AI is off,Not paired,AI is off,0,0,0
1434000,6,0,4,0.33,0.21,0,0,99,1,0,20,False,True,0,0,56,44,33,3.91,AI is off,AI is off,AI is off,AI is off,Not paired,AI is off,0,0,0
1436000,6,0,4,0.33,0.21,0,0,99,1,0,20,False,True,0,0,58,45,35,3.92,AI is off,AI is off,AI is off,AI is off,Not paired,AI is off,0,0,0
1438000,6,0,4,0.33,0.21,0,0,99,1,0,20,False,True,0,0,58,44,34,3.92,AI is off,AI is off,AI is off,AI is off,Not paired,AI is off,0,0,0
1440000,6.2,0,4,0.34,0.21,0,0,99,1,0,20,False,True,0,0,56,43,33,3.92,AI is off,AI is off,AI is off,AI is off,Not paired,AI is off,0,0,0
1442000,6.4,0,4,0.34,0.21,0,0,99,1,0,20,False,True,0,0,57,44,33,3.92,AI is off,AI is off,AI is off,AI is off,Not paired,AI is off,0,0,0
1444000,6.5,0,4,0.34,0.21,0,0,99,1,0,20,False,True,0,0,56,42,32,3.92,AI is off,AI is off,AI is off,AI is off,Not paired,AI is off,0,0,0
1446000,6.5,0,4,0.34,0.21,0,0,99,1,0,20,False,True,0,0,56,44,33,3.91,AI is off,AI is off,AI is off,AI is off,Not paired,AI is off,0,0,0
1448000,6.5,0,4,0.34,0.21,0,0,99,1,0,20,False,True,0,0,55,42,31,3.91,AI is off,AI is off,AI is off,AI is off,Not paired,AI is off,0,0,0
1450000,6.4,0,4,0.34,0.21,0,0,99,1,0,20,False,True,0,0,53,40,30,3.91,AI is off,AI is off,AI is off,AI is off,Not paired,AI is off,0,0,0
1452000,6.3,0,4,0.34,0.21,0,0,99,1,0,20,False,True,0,0,55,41,31,3.91,AI is off,AI is off,AI is off,AI is off,Not paired,AI is off,0,0,0
1454000,6.3,0,4,0.34,0.21,0,0,99,1,0,20,False,True,0,0,55,42,31,3.91,AI is off,AI is off,AI is off,AI is off,Not paired,AI is off,0,0,0
1456000,6.2,0,4,0.34,0.21,0,0,99,1,0,20,False,True,0,0,54,41,31,3.91,AI is off,AI is off,AI is off,AI is off,Not paired,AI is off,0,0,0
1458000,6.2,0,4,0.34,0.21,0,0,99,1,0,20,False,True,0,0,55,41,30,3.91,AI is off,AI is off,AI is off,AI is off,Not paired,AI is off,0,0,0
1460000,6.1,0,4,0.33,0.21,0,0,99,1,0,20,False,True,0,0,55,42,30,3.91,AI is off,AI is off,AI is off,AI is off,Not paired,AI is off,0,0,0
1462000,6.1,0,4,0.34,0.21,0,0,99,1,0,20,False,True,0,0,55,41,30,3.91,AI is off,AI is off,AI is off,AI is off,Not paired,AI is off,0,0,0
1464000,5.9,0,3,0.33,0.21,0,0,99,1,0,20,False,True,0,0,57,44,34,3.91,AI is off,AI is off,AI is off,AI is off,Not paired,AI is off,0,0,0
1466000,5.9,0,3,0.33,0.21,0,0,99,1,0,20,False,True,0,0,56,42,32,3.91,AI is off,AI is off,AI is off,AI is off,Not paired,AI is off,0,0,0
1468000,5.7,0,3,0.33,0.21,0,0,99,1,0,20,False,True,0,0,54,41,30,3.91,AI is off,AI is off,AI is off,AI is off,Not paired,AI is off,0,0,0
1470000,5.6,0,3,0.32,0.21,0,0,99,1,0,20,False,True,0,0,54,41,31,3.91,AI is off,AI is off,AI is off,AI is off,Not paired,AI is off,0,0,0
1472000,5.5,0,3,0.32,0.21,0,0,99,1,0,20,False,True,0,0,55,41,29,3.91,AI is off,AI is off,AI is off,AI is off,Not paired,AI is off,0,0,0
1474000,5.3,0,3,0.32,0.21,0,0,99,1,0,20,False,True,0,0,55,42,31,3.91,AI is off,AI is off,AI is off,AI is off,Not paired,AI is off,0,0,0
1476000,5.1,0,3,0.31,0.21,0,0,99,1,0,20,False,True,0,0,55,41,31,3.91,AI is off,AI is off,AI is off,AI is off,Not paired,AI is off,0,0,0
1478000,4.9,0,3,0.31,0.21,0,0,99,1,0,20,False,True,0,0,55,41,30,3.91,AI is off,AI is off,AI is off,AI is off,Not paired,AI is off,0,0,0
1480000,4.8,0,3,0.31,0.21,0,0,99,1,0,20,False,True,0,0,54,39,30,3.91,AI is off,AI is off,AI is off,AI is off,Not paired,AI is off,0,0,0
1482000,4.6,0,3,0.3,0.21,0,0,99,1,0,20,False,True,0,0,55,41,31,3.91,AI is off,AI is off,AI is off,AI is off,Not paired,AI is off,0,0,0
1484000,4.4,0,3,0.3,0.21,0,0,99,1,0,20,False,True,0,0,57,45,34,3.91,AI is off,AI is off,AI is off,AI is off,Not paired,AI is off,0,0,0
1486000,4.3,0,3,0.3,0.21,0,0,99,1,0,20,False,True,0,0,54,41,31,3.91,AI is off,AI is off,AI is off,AI is off,Not paired,AI is off,0,0,0
1488000,4.2,0,3,0.3,0.21,0,0,99,1,0,20,False,True,0,0,53,41,32,3.91,AI is off,AI is off,AI is off,AI is off,Not paired,AI is off,0,0,0
1490000,4,0,3,0.29,0.21,0,0,99,1,0,20,False,True,0,0,54,41,30,3.91,AI is off,AI is off,AI is off,AI is off,Not paired,AI is off,0,0,0
1492000,3.8,0,3,0.29,0.21,0,0,99,1,0,20,False,True,0,0,54,41,31,3.91,AI is off,AI is off,AI is off,AI is off,Not paired,AI is off,0,0,0
1494000,3.5,0,3,0.28,0.21,0,0,99,1,0,20,False,True,0,0,55,40,30,3.91,AI is off,AI is off,AI is off,AI is off,Not paired,AI is off,0,0,0
1496000,3.3,0,3,0.28,0.21,0,0,99,1,0,20,False,True,0,0,57,44,33,3.91,AI is off,AI is off,AI is off,AI is off,Not paired,AI is off,0,0,0
1498000,3.2,0,3,0.27,0.21,0,0,99,1,0,20,False,True,0,0,54,42,31,3.91,AI is off,AI is off,AI is off,AI is off,Not paired,AI is off,0,0,0
1500000,3,0,3,0.27,0.21,0,0,99,1,0,20,False,True,0,0,57,43,34,3.91,AI is off,AI is off,AI is off,AI is off,Not paired,AI is off,0,0,0
1502000,3.2,0,3,0.27,0.21,0,0,99,1,0,20,False,True,0,0,55,43,33,3.91,AI is off,AI is off,AI is off,AI is off,Not paired,AI is off,0,0,0
1504000,3.1,0,3,0.27,0.21,0,0,99,1,0,20,False,True,0,0,58,45,34,3.91,AI is off,AI is off,AI is off,AI is off,Not paired,AI is off,0,0,0
1506000,2.9,0,3,0.27,0.21,0,0,99,1,0,20,False,True,0,0,55,42,31,3.91,AI is off,AI is off,AI is off,AI is off,Not paired,AI is off,0,0,0
1508000,2.9,0,2,0.27,0.21,0,0,99,1,0,20,False,True,0,0,59,45,36,3.91,AI is off,AI is off,AI is off,AI is off,Not paired,AI is off,0,0,0
1510000,2.9,0,2,0.27,0.21,0,0,99,1,0,21,False,True,0,0,57,44,33,3.91,AI is off,AI is off,AI is off,AI is off,Not paired,AI is off,0,0,0
1512000,2.8,0,2,0.27,0.21,0,0,99,1,0,21,False,True,0,0,58,44,34,3.91,AI is off,AI is off,AI is off,AI is off,Not paired,AI is off,0,0,0
1514000,2.6,0,2,0.26,0.21,0,0,99,1,0,21,False,True,0,0,57,44,32,3.91,AI is off,AI is off,AI is off,AI is off,Not paired,AI is off,0,0,0
1516000,2.5,0,2,0.26,0.21,0,0,99,1,0,21,False,True,0,0,57,44,33,3.91,AI is off,AI is off,AI is off,AI is off,Not paired,AI is off,0,0,0
1518000,2.1,0,2,0.25,0.21,0,0,99,1,0,21,False,True,0,0,54,42,31,3.91,AI is off,AI is off,AI is off,AI is off,Not paired,AI is off,0,0,0
1520000,2,0,2,0.25,0.21,0,0,99,1,0,21,False,True,0,0,54,40,29,3.91,AI is off,AI is off,AI is off,AI is off,Not paired,AI is off,0,0,0
1522000,1.9,0,2,0.25,0.21,0,0,99,1,0,21,False,True,0,0,54,40,32,3.91,AI is off,AI is off,AI is off,AI is off,Not paired,AI is off,0,0,0
1524000,1.9,0,2,0.25,0.21,0,0,99,1,0,21,False,True,0,0,55,44,33,3.91,AI is off,AI is off,AI is off,AI is off,Not paired,AI is off,0,0,0
1526000,1.8,0,2,0.25,0.21,0,0,99,1,0,21,False,True,0,0,53,38,29,3.91,AI is off,AI is off,AI is off,AI is off,Not paired,AI is off,0,0,0
1528000,2,0,2,0.25,0.21,0,0,99,1,0,21,False,True,0,0,53,41,31,3.91,AI is off,AI is off,AI is off,AI is off,Not paired,AI is off,0,0,0
1530000,2.1,0,2,0.25,0.21,0,0,99,1,0,21,False,True,0,0,55,44,33,3.91,AI is off,AI is off,AI is off,AI is off,Not paired,AI is off,0,0,0
1532000,2,0,2,0.25,0.21,0,0,99,1,0,21,False,True,0,0,54,42,31,3.91,AI is off,AI is off,AI is off,AI is off,Not paired,AI is off,0,0,0
1534000,1.5,0,2,0.24,0.21,0,0,99,1,0,21,False,True,0,0,56,45,34,3.91,AI is off,AI is off,AI is off,AI is off,Not paired,AI is off,0,0,0
1536000,1,0,2,0.23,0.21,0,0,99,1,0,21,False,True,0,0,57,44,32,3.91,AI is off,AI is off,AI is off,AI is off,Not paired,AI is off,0,0,0
1538000,0,0,2,0.22,0.21,0,0,99,1,0,21,False,True,0,0,58,46,34,3.91,AI is off,AI is off,AI is off,AI is off,Not paired,AI is off,0,0,0
1540000,0,0,2,0.21,0.21,0,0,99,1,0,21,False,True,0,0,59,45,36,3.91,AI is off,AI is off,AI is off,AI is off,Not paired,AI is off,0,0,0
1542000,0,0,2,0.21,0.21,0,0,99,1,0,21,False,True,0,0,55,44,33,3.91,AI is off,AI is off,AI is off,AI is off,Not paired,AI is off,0,0,0
1544000,0,0,2,0.21,0.21,0,0,99,1,0,21,False,True,0,0,54,41,31,3.91,AI is off,AI is off,AI is off,AI is off,Not paired,AI is off,0,0,0
1546000,0,0,2,0.21,0.21,0,0,99,1,0,21,False,True,0,0,58,44,33,3.91,AI is off,AI is off,AI is off,AI is off,Not paired,AI is off,0,0,0
1548000,0,0,2,0.21,0.21,0,0,99,1,0,21,False,True,0,0,62,48,37,3.91,AI is off,AI is off,AI is off,AI is off,Not paired,AI is off,0,0,0
1550000,0,0,2,0.21,0.21,0,0,99,1,0,21,False,True,0,0,55,42,32,3.91,AI is off,AI is off,AI is off,AI is off,Not paired,AI is off,0,0,0
1552000,0,0,2,0.21,0.21,0,0,99,1,0,21,False,True,0,0,68,52,40,3.91,AI is off,AI is off,AI is off,AI is off,Not paired,AI is off,0,0,0
1554000,0,0,2,0.21,0.21,0,0,99,1,0,22,False,True,0,0,62,48,35,3.91,AI is off,AI is off,AI is off,AI is off,Not paired,AI is off,0,0,0
1556000,0,0,2,0.21,0.21,0,0,99,1,0,22,False,True,0,0,57,45,33,3.91,AI is off,AI is off,AI is off,AI is off,Not paired,AI is off,0,0,0
1558000,0,0,2,0.21,0.21,0,0,99,1,0,22,False,True,0,0,55,44,34,3.91,AI is off,AI is off,AI is off,AI is off,Not paired,AI is off,0,0,0
1560000,0,0,2,0.21,0.21,0,0,99,1,0,22,False,True,0,0,55,45,35,3.91,AI is off,AI is off,AI is off,AI is off,Not paired,AI is off,0,0,0
1562000,0,0,2,0.21,0.21,0,0,99,1,0,22,False,True,0,0,56,44,34,3.91,AI is off,AI is off,AI is off,AI is off,Not paired,AI is off,0,0,0
1564000,0,0,2,0.21,0.21,0,0,99,1,0,22,False,True,0,0,64,50,39,3.91,AI is off,AI is off,AI is off,AI is off,Not paired,AI is off,0,0,0
1566000,0,0,2,0.21,0.21,0,0,99,1,0,22,False,True,0,0,55,42,32,3.91,AI is off,AI is off,AI is off,AI is off,Not paired,AI is off,0,0,0
1568000,0,0,2,0.21,0.21,0,0,99,1,0,22,False,True,0,0,55,42,32,3.91,AI is off,AI is off,AI is off,AI is off,Not paired,AI is off,0,0,0
1570000,0,0,2,0.21,0.21,0,0,99,1,0,22,False,True,0,0,55,44,35,3.91,AI is off,AI is off,AI is off,AI is off,Not paired,AI is off,0,0,0
1572000,0,0,2,0.21,0.21,0,0,99,1,0,22,False,True,0,0,72,55,43,3.91,AI is off,AI is off,AI is off,AI is off,Not paired,AI is off,0,0,0
1574000,0,0,2,0.21,0.21,0,0,99,1,0,22,False,True,0,0,54,43,32,3.91,AI is off,AI is off,AI is off,AI is off,Not paired,AI is off,0,0,0
1576000,0,0,2,0.21,0.21,0,0,99,1,0,22,False,True,0,0,55,44,35,3.91,AI is off,AI is off,AI is off,AI is off,Not paired,AI is off,0,0,0
1578000,0,0,2,0.21,0.21,0,0,99,1,0,22,False,True,0,0,55,44,33,3.91,AI is off,AI is off,AI is off,AI is off,Not paired,AI is off,0,0,0
1580000,0,0,2,0.21,0.21,0,0,99,1,0,22,False,True,0,0,55,45,35,3.91,AI is off,AI is off,AI is off,AI is off,Not paired,AI is off,0,0,0
1582000,0,0,2,0.21,0.21,0,0,99,1,0,22,False,True,0,0,55,44,34,3.91,AI is off,AI is off,AI is off,AI is off,Not paired,AI is off,0,0,0
1584000,0,0,2,0.21,0.21,0,0,99,1,0,22,False,True,0,0,69,54,40,3.91,AI is off,AI is off,AI is off,AI is off,Not paired,AI is off,0,0,0
1586000,0,0,2,0.21,0.21,0,0,99,1,0,22,False,True,0,0,54,41,31,3.91,AI is off,AI is off,AI is off,AI is off,Not paired,AI is off,0,0,0
1588000,0,0,2,0.21,0.21,0,0,99,1,0,22,False,True,0,0,63,49,37,3.91,AI is off,AI is off,AI is off,AI is off,Not paired,AI is off,0,0,0
1590000,0,0,2,0.21,0.21,0,0,99,1,0,22,False,True,0,0,54,40,28,3.91,AI is off,AI is off,AI is off,AI is off,Not paired,AI is off,0,0,0
1592000,0,0,2,0.21,0.21,0,0,99,1,0,22,False,True,0,0,54,42,32,3.91,AI is off,AI is off,AI is off,AI is off,Not paired,AI is off,0,0,0
1594000,0,0,2,0.22,0.21,0,0,99,1,0,22,False,True,0,0,55,41,30,3.91,AI is off,AI is off,AI is off,AI is off,Not paired,AI is off,0,0,0
1596000,0,0,2,0.21,0.21,0,0,99,1,0,22,False,True,0,0,56,42,31,3.91,AI is off,AI is off,AI is off,AI is off,Not paired,AI is off,0,0,0