Dive Number,GF Minimum,GF Maximum,Surface Interval (min),Imperial Units,Start Battery Voltage,Start CNS %,Start Date,Start External O2 Sensor Status,Start Low Set Point,Start High Set Point,Computer Firmware Version,Max Depth,Max Time,Error History,End Battery Voltage,End CNS,End Date,End External O2 Sensor Status,End Low Set Point,End High Set Point,Computer Serial Number,Computer Firmware Version,Computer Model,Log Version,Deco Model,VPM-B Conservatism,Start Surface Pressure,End Surface Pressure,Product
113,40,85,132,False,4.1,0,7/19/2024 1:43:14 PM,False,0,1,86,17.3,1475,,4.1,1,7/19/2024 2:07:44 PM,False,0,1,937B0677,86,2,13,GF,40/85,996,996,Peregrine
Time (ms),Depth,First Stop Depth,Time To Surface (min),Average PPO2,Fraction O2,Fraction He,First Stop Time,Current NDL,Current Circuit Mode,Current CCR Mode,Water Temp,Gas Switch Needed,External PPO2,Set Point Type,Circuit Switch Type,External O2 Sensor 1 (mV),External O2 Sensor 2 (mV),External O2 Sensor 3 (mV),Battery Voltage,Tank 1 pressure (PSI),Tank 2 pressure (PSI),Tank 3 pressure (PSI),Tank 4 pressure (PSI),Gas Time Remaining,SAC Rate (2 minute avg),Ascent Rate,Safe Ascent Depth,CO2mbar
0,2,0,1,0.25,0.21,0,0,0,1,0,24,False,True,0,0,56,43,31,4.07,AI is off,AI is off,AI is off,AI is off,Not paired,AI is off,0,0,0
2000,2.1,0,1,0.25,0.21,0,0,0,1,0,24,False,True,0,0,52,37,25,4.08,AI is off,AI is off,AI is off,AI is off,Not paired,AI is off,0,0,0
4000,2.2,0,1,0.25,0.21,0,0,99,1,0,24,False,True,0,0,55,40,29,4.08,AI is off,AI is off,AI is off,AI is off,Not paired,AI is off,0,0,0
6000,1.8,0,1,0.25,0.21,0,0,99,1,0,23,False,True,0,0,64,48,34,4.08,AI is off,AI is off,AI is off,AI is off,Not paired,AI is off,0,0,0
8000,1.9,0,1,0.25,0.21,0,0,99,1,0,23,False,True,0,0,63,46,34,4.08,AI is off,AI is off,AI is off,AI is off,Not paired,AI is off,0,0,0
10000,1.6,0,1,0.24,0.21,0,0,99,1,0,23,False,True,0,0,65,49,35,4.08,AI is off,AI is off,AI is off,AI is off,Not paired,AI is off,0,0,0
12000,1.6,0,1,0.24,0.21,0,0,99,1,0,23,False,True,0,0,56,41,30,4.08,AI is off,AI is off,AI is off,AI is off,Not paired,AI is off,0,0,0
14000,1.6,0,1,0.24,0.21,0,0,99,1,0,23,False,True,0,0,56,43,31,4.08,AI is off,AI is off,AI is off,AI is off,Not paired,AI is off,0,0,0
16000,1.7,0,1,0.24,0.21,0,0,99,1,0,23,False,True,0,0,55,41,30,4.08,AI is off,AI is off,AI is off,AI is off,Not paired,AI is off,0,0,0
18000,1.9,0,1,0.24,0.21,0,0,99,1,0,23,False,True,0,0,56,42,31,4.08,AI is off,AI is off,AI is off,AI is off,Not paired,AI is off,0,0,0
20000,2.3,0,1,0.25,0.21,0,0,99,1,0,23,False,True,0,0,55,41,30,4.08,AI is off,AI is off,AI is off,AI is off,Not paired,AI is off,0,0,0
22000,2.9,0,1,0.27,0.21,0,0,99,1,0,23,False,True,0,0,54,40,28,4.08,AI is off,AI is off,AI is off,AI is off,Not paired,AI is off,0,0,0
24000,3.2,0,1,0.27,0.21,0,0,99,1,0,23,False,True,0,0,54,40,29,4.08,AI is off,AI is off,AI is off,AI is off,Not paired,AI is off,0,0,0
26000,3.7,0,1,0.28,0.21,0,0,99,1,0,23,False,True,0,0,53,39,26,4.08,AI is off,AI is off,AI is off,AI is off,Not paired,AI is off,0,0,0
28000,4.1,0,1,0.29,0.21,0,0,99,1,0,23,False,True,0,0,52,37,26,4.08,AI is off,AI is off,AI is off,AI is off,Not paired,AI is off,0,0,0
30000,4.2,0,1,0.29,0.21,0,0,99,1,0,23,False,True,0,0,57,43,30,4.08,AI is off,AI is off,AI is off,AI is off,Not paired,AI is off,0,0,0
32000,4.2,0,1,0.29,0.21,0,0,99,1,0,23,False,True,0,0,54,39,27,4.08,AI is off,AI is off,AI is off,AI is off,Not paired,AI is off,0,0,0
34000,4.4,0,1,0.3,0.21,0,0,99,1,0,23,False,True,0,0,53,39,27,4.08,AI is off,AI is off,AI is off,AI is off,Not paired,AI is off,0,0,0
36000,4,0,1,0.29,0.21,0,0,99,1,0,23,False,True,0,0,57,43,31,4.08,AI is off,AI is off,AI is off,AI is off,Not paired,AI is off,0,0,0
38000,3.7,0,1,0.28,0.21,0,0,99,1,0,23,False,True,0,0,61,47,34,4.08,AI is off,AI is off,AI is off,AI is off,Not paired,AI is off,0,0,0
40000,3.4,0,1,0.28,0.21,0,0,99,1,0,23,False,True,0,0,56,41,30,4.08,AI is off,AI is off,AI is off,AI is off,Not paired,AI is off,0,0,0
42000,3.4,0,1,0.28,0.21,0,0,99,1,0,23,False,True,0,0,54,40,28,4.08,AI is off,AI is off,AI is off,AI is off,Not paired,AI is off,0,0,0
44000,3.4,0,1,0.28,0.21,0,0,99,1,0,23,False,True,0,0,54,39,27,4.08,AI is off,AI is off,AI is off,AI is off,Not paired,AI is off,0,0,0
46000,3.5,0,1,0.28,0.21,0,0,99,1,0,23,False,True,0,0,53,39,27,4.08,AI is off,AI is off,AI is off,AI is off,Not paired,AI is off,0,0,0
48000,3.6,0,1,0.28,0.21,0,0,99,1,0,23,False,True,0,0,58,44,32,4.08,AI is off,AI is off,AI is off,AI is off,Not paired,AI is off,0,0,0
50000,4,0,1,0.29,0.21,0,0,99,1,0,23,False,True,0,0,57,40,29,4.08,AI is off,AI is off,AI is off,AI is off,Not paired,AI is off,0,0,0
52000,4.1,0,1,0.29,0.21,0,0,99,1,0,23,False,True,0,0,55,40,28,4.08,AI is off,AI is off,AI is off,AI is off,Not paired,AI is off,0,0,0
54000,3.9,0,1,0.29,0.21,0,0,99,1,0,23,False,True,0,0,55,40,28,4.08,AI is off,AI is off,AI is off,AI is off,Not paired,AI is off,0,0,0
56000,3.9,0,1,0.29,0.21,0,0,99,1,0,23,False,True,0,0,56,41,29,4.08,AI is off,AI is off,AI is off,AI is off,Not paired,AI is off,0,0,0
58000,4.1,0,1,0.29,0.21,0,0,99,1,0,23,False,True,0,0,55,40,28,4.08,AI is off,AI is off,AI is off,AI is off,Not paired,AI is off,0,0,0
60000,4.1,0,1,0.29,0.21,0,0,99,1,0,22,False,True,0,0,62,48,34,4.08,AI is off,AI is off,AI is off,AI is off,Not paired,AI is off,0,0,0
62000,4.5,0,1,0.3,0.21,0,0,99,1,0,22,False,True,0,0,61,45,32,4.08,AI is off,AI is off,AI is off,AI is off,Not paired,AI is off,0,0,0
64000,4.9,0,1,0.31,0.21,0,0,99,1,0,22,False,True,0,0,55,41,30,4.08,AI is off,AI is off,AI is off,AI is off,Not paired,AI is off,0,0,0
66000,4.7,0,1,0.3,0.21,0,0,99,1,0,22,False,True,0,0,57,43,32,4.08,AI is off,AI is off,AI is off,AI is off,Not paired,AI is off,0,0,0
68000,5,0,1,0.31,0.21,0,0,99,1,0,22,False,True,0,0,69,52,37,4.08,AI is off,AI is off,AI is off,AI is off,Not paired,AI is off,0,0,0
70000,5.3,0,1,0.32,0.21,0,0,99,1,0,22,False,True,0,0,66,50,37,4.08,AI is off,AI is off,AI is off,AI is off,Not paired,AI is off,0,0,0
72000,5.7,0,1,0.32,0.21,0,0,99,1,0,22,False,True,0,0,57,41,30,4.08,AI is off,AI is off,AI is off,AI is off,Not paired,AI is off,0,0,0
74000,5.9,0,1,0.33,0.21,0,0,99,1,0,22,False,True,0,0,57,41,30,4.08,AI is off,AI is off,AI is off,AI is off,Not paired,AI is off,0,0,0
76000,6.2,0,1,0.33,0.21,0,0,99,1,0,22,False,True,0,0,59,43,31,4.08,AI is off,AI is off,AI is off,AI is off,Not paired,AI is off,0,0,0
78000,6.5,0,1,0.34,0.21,0,0,99,1,0,22,False,True,0,0,56,41,30,4.08,AI is off,AI is off,AI is off,AI is off,Not paired,AI is off,0,0,0
80000,6.5,0,1,0.34,0.21,0,0,99,1,0,22,False,True,0,0,63,47,33,4.08,AI is off,AI is off,AI is off,AI is off,Not paired,AI is off,0,0,0
82000,6.9,0,1,0.35,0.21,0,0,99,1,0,22,False,True,0,0,56,42,31,4.08,AI is off,AI is off,AI is off,AI is off,Not paired,AI is off,0,0,0
84000,7.1,0,1,0.35,0.21,0,0,99,1,0,22,False,True,0,0,56,40,29,4.08,AI is off,AI is off,AI is off,AI is off,Not paired,AI is off,0,0,0
86000,7.4,0,1,0.36,0.21,0,0,99,1,0,22,False,True,0,0,61,45,32,4.08,AI is off,AI is off,AI is off,AI is off,Not paired,AI is off,0,0,0
88000,7.5,0,1,0.36,0.21,0,0,99,1,0,22,False,True,0,0,59,43,33,4.08,AI is off,AI is off,AI is off,AI is off,Not paired,AI is off,0,0,0
90000,8,0,1,0.37,0.21,0,0,99,1,0,22,False,True,0,0,57,43,32,4.08,AI is off,AI is off,AI is off,AI is off,Not paired,AI is off,0,0,0
92000,8.3,0,1,0.38,0.21,0,0,99,1,0,22,False,True,0,0,57,43,31,4.08,AI is off,AI is off,AI is off,AI is off,Not paired,AI is off,0,0,0
94000,8.7,0,1,0.39,0.21,0,0,99,1,0,22,False,True,0,0,55,41,30,4.08,AI is off,AI is off,AI is off,AI is off,Not paired,AI is off,0,0,0
96000,9,0,1,0.39,0.21,0,0,99,1,0,22,False,True,0,0,54,41,30,4.08,AI is off,AI is off,AI is off,AI is off,Not paired,AI is off,0,0,0
98000,8.900001,0,1,0.39,0.21,0,0,99,1,0,21,False,True,0,0,56,43,31,4.08,AI is off,AI is off,AI is off,AI is off,Not paired,AI is off,0,0,0
100000,9,0,1,0.39,0.21,0,0,99,1,0,21,False,True,0,0,56,43,31,4.08,AI is off,AI is off,AI is off,AI is off,Not paired,AI is off,0,0,0
102000,9.3,0,1,0.4,0.21,0,0,99,1,0,21,False,True,0,0,57,43,31,4.08,AI is off,AI is off,AI is off,AI is off,Not paired,AI is off,0,0,0
104000,9.8,0,1,0.41,0.21,0,0,99,1,0,21,False,True,0,0,56,44,31,4.08,AI is off,AI is off,AI is off,AI is off,Not paired,AI is off,0,0,0
106000,10.1,0,1,0.42,0.21,0,0,99,1,0,21,False,True,0,0,57,43,31,4.08,AI is off,AI is off,AI is off,AI is off,Not paired,AI is off,0,0,0
108000,10.4,0,1,0.42,0.21,0,0,99,1,0,21,False,True,0,0,58,44,33,4.08,AI is off,AI is off,AI is off,AI is off,Not paired,AI is off,0,0,0
110000,10.7,0,1,0.43,0.21,0,0,99,1,0,21,False,True,0,0,58,43,33,4.08,AI is off,AI is off,AI is off,AI is off,Not paired,AI is off,0,0,0
112000,10.9,0,1,0.43,0.21,0,0,99,1,0,21,False,True,0,0,56,42,32,4.08,AI is off,AI is off,AI is off,AI is off,Not paired,AI is off,0,0,0
114000,11.1,0,1,0.44,0.21,0,0,99,1,0,21,False,True,0,0,55,40,30,4.08,AI is off,AI is off,AI is off,AI is off,Not paired,AI is off,0,0,0
116000,11.7,0,1,0.45,0.21,0,0,99,1,0,21,False,True,0,0,53,39,27,4.08,AI is off,AI is off,AI is off,AI is off,Not paired,AI is off,0,0,0
118000,12,0,5,0.46,0.21,0,0,99,1,0,21,False,True,0,0,54,40,29,4.08,AI is off,AI is off,AI is off,AI is off,Not paired,AI is off,0,0,0
120000,12.4,0,5,0.46,0.21,0,0,99,1,0,20,False,True,0,0,55,40,29,4.08,AI is off,AI is off,AI is off,AI is off,Not paired,AI is off,0,0,0
122000,12.6,0,5,0.47,0.21,0,0,99,1,0,20,False,True,0,0,56,41,31,4.08,AI is off,AI is off,AI is off,AI is off,Not paired,AI is off,0,0,0
124000,13,0,5,0.48,0.21,0,0,94,1,0,20,False,True,0,0,56,41,30,4.08,AI is off,AI is off,AI is off,AI is off,Not paired,AI is off,0,0,0
126000,13.2,0,5,0.48,0.21,0,0,94,1,0,20,False,True,0,0,54,40,29,4.08,AI is off,AI is off,AI is off,AI is off,Not paired,AI is off,0,0,0
128000,13.6,0,5,0.49,0.21,0,0,94,1,0,20,False,True,0,0,54,40,28,4.08,AI is off,AI is off,AI is off,AI is off,Not paired,AI is off,0,0,0
130000,14,0,5,0.5,0.21,0,0,94,1,0,20,False,True,0,0,53,39,28,4.08,AI is off,AI is off,AI is off,AI is off,Not paired,AI is off,0,0,0
132000,14.3,0,5,0.5,0.21,0,0,94,1,0,20,False,True,0,0,54,40,29,4.08,AI is off,AI is off,AI is off,AI is off,Not paired,AI is off,0,0,0
134000,14.4,0,5,0.51,0.21,0,0,69,1,0,20,False,True,0,0,54,40,28,4.08,AI is off,AI is off,AI is off,AI is off,Not paired,AI is off,0,0,0
136000,14.3,0,5,0.51,0.21,0,0,69,1,0,19,False,True,0,0,53,38,27,4.08,AI is off,AI is off,AI is off,AI is off,Not paired,AI is off,0,0,0
138000,14,0,5,0.5,0.21,0,0,69,1,0,18,False,True,0,0,53,39,28,4.08,AI is off,AI is off,AI is off,AI is off,Not paired,AI is off,0,0,0
140000,14.2,0,5,0.5,0.21,0,0,74,1,0,18,False,True,0,0,54,40,28,4.08,AI is off,AI is off,AI is off,AI is off,Not paired,AI is off,0,0,0
142000,14.4,0,5,0.51,0.21,0,0,74,1,0,18,False,True,0,0,55,40,28,4.08,AI is off,AI is off,AI is off,AI is off,Not paired,AI is off,0,0,0
144000,14.6,0,5,0.51,0.21,0,0,74,1,0,18,False,True,0,0,55,40,28,4.08,AI is off,AI is off,AI is off,AI is off,Not paired,AI is off,0,0,0
146000,14.7,0,5,0.51,0.21,0,0,74,1,0,18,False,True,0,0,55,41,29,4.08,AI is off,AI is off,AI is off,AI is off,Not paired,AI is off,0,0,0
148000,14.8,0,5,0.52,0.21,0,0,74,1,0,18,False,True,0,0,56,41,29,4.08,AI is off,AI is off,AI is off,AI is off,Not paired,AI is off,0,0,0
150000,14.8,0,5,0.52,0.21,0,0,66,1,0,18,False,True,0,0,56,42,30,4.08,AI is off,AI is off,AI is off,AI is off,Not paired,AI is off,0,0,0
152000,14.8,0,5,0.52,0.21,0,0,66,1,0,18,False,True,0,0,55,41,30,4.08,AI is off,AI is off,AI is off,AI is off,Not paired,AI is off,0,0,0
154000,15.1,0,5,0.52,0.21,0,0,63,1,0,18,False,True,0,0,53,40,29,4.08,AI is off,AI is off,AI is off,AI is off,Not paired,AI is off,0,0,0
156000,15.3,0,5,0.53,0.21,0,0,63,1,0,18,False,True,0,0,53,40,28,4.08,AI is off,AI is off,AI is off,AI is off,Not paired,AI is off,0,0,0
158000,15.6,0,5,0.53,0.21,0,0,63,1,0,18,False,True,0,0,53,39,27,4.08,AI is off,AI is off,AI is off,AI is off,Not paired,AI is off,0,0,0
160000,15.7,0,5,0.53,0.21,0,0,63,1,0,18,False,True,0,0,53,40,28,4.08,AI is off,AI is off,AI is off,AI is off,Not paired,AI is off,0,0,0
162000,16.1,0,5,0.54,0.21,0,0,63,1,0,17,False,True,0,0,52,38,26,4.08,AI is off,AI is off,AI is off,AI is off,Not paired,AI is off,0,0,0
164000,16.1,0,5,0.54,0.21,0,0,63,1,0,17,False,True,0,0,53,40,28,4.08,AI is off,AI is off,AI is off,AI is off,Not paired,AI is off,0,0,0
166000,15.9,0,5,0.54,0.21,0,0,54,1,0,17,False,True,0,0,56,42,30,4.08,AI is off,AI is off,AI is off,AI is off,Not paired,AI is off,0,0,0
168000,15.6,0,5,0.53,0.21,0,0,54,1,0,17,False,True,0,0,54,40,28,4.08,AI is off,AI is off,AI is off,AI is off,Not paired,AI is off,0,0,0
170000,15.2,0,5,0.53,0.21,0,0,61,1,0,17,False,True,0,0,55,40,30,4.08,AI is off,AI is off,AI is off,AI is off,Not paired,AI is off,0,0,0
172000,15.1,0,5,0.52,0.21,0,0,61,1,0,17,False,True,0,0,54,41,30,4.08,AI is off,AI is off,AI is off,AI is off,Not paired,AI is off,0,0,0
174000,15.1,0,5,0.52,0.21,0,0,61,1,0,17,False,True,0,0,55,41,31,4.08,AI is off,AI is off,AI is off,AI is off,Not paired,AI is off,0,0,0
176000,15.3,0,5,0.53,0.21,0,0,61,1,0,17,False,True,0,0,56,41,30,4.08,AI is off,AI is off,AI is off,AI is off,Not paired,AI is off,0,0,0
178000,15.3,0,5,0.53,0.21,0,0,61,1,0,17,False,True,0,0,55,41,30,4.08,AI is off,AI is off,AI is off,AI is off,Not paired,AI is off,0,0,0
180000,15.4,0,5,0.53,0.21,0,0,61,1,0,17,False,True,0,0,55,40,29,4.08,AI is off,AI is off,AI is off,AI is off,Not paired,AI is off,0,0,0
182000,15.6,0,5,0.53,0.21,0,0,58,1,0,17,False,True,0,0,54,40,30,4.08,AI is off,AI is off,AI is off,AI is off,Not paired,AI is off,0,0,0
184000,15.7,0,5,0.53,0.21,0,0,58,1,0,17,False,True,0,0,56,41,30,4.08,AI is off,AI is off,AI is off,AI is off,Not paired,AI is off,0,0,0
186000,15.6,0,5,0.53,0.21,0,0,58,1,0,17,False,True,0,0,55,41,31,4.08,AI is off,AI is off,AI is off,AI is off,Not paired,AI is off,0,0,0
188000,15.5,0,5,0.53,0.21,0,0,58,1,0,16,False,True,0,0,55,41,30,4.08,AI is off,AI is off,AI is off,AI is off,Not paired,AI is off,0,0,0
190000,15.6,0,5,0.53,0.21,0,0,58,1,0,16,False,True,0,0,54,40,30,4.08,AI is off,AI is off,AI is off,AI is off,Not paired,AI is off,0,0,0
192000,15.7,0,5,0.54,0.21,0,0,58,1,0,16,False,True,0,0,55,40,29,4.08,AI is off,AI is off,AI is off,AI is off,Not paired,AI is off,0,0,0
194000,15.6,0,5,0.53,0.21,0,0,58,1,0,16,False,True,0,0,54,41,30,4.08,AI is off,AI is off,AI is off,AI is off,Not paired,AI is off,0,0,0
196000,15.6,0,5,0.53,0.21,0,0,58,1,0,16,False,True,0,0,55,41,30,4.08,AI is off,AI is off,AI is off,AI is off,Not paired,AI is off,0,0,0
198000,15.7,0,5,0.54,0.21,0,0,56,1,0,16,False,True,0,0,55,41,31,4.08,AI is off,AI is off,AI is off,AI is off,Not paired,AI is off,0,0,0
200000,15.6,0,5,0.53,0.21,0,0,56,1,0,16,False,True,0,0,54,39,27,4.08,AI is off,AI is off,AI is off,AI is off,Not paired,AI is off,0,0,0
202000,15.7,0,5,0.53,0.21,0,0,56,1,0,16,False,True,0,0,54,40,29,4.08,AI is off,AI is off,AI is off,AI is off,Not paired,AI is off,0,0,0
204000,15.7,0,5,0.54,0.21,0,0,56,1,0,16,False,True,0,0,55,40,28,4.08,AI is off,AI is off,AI is off,AI is off,Not paired,AI is off,0,0,0
206000,15.7,0,5,0.54,0.21,0,0,56,1,0,16,False,True,0,0,55,40,29,4.08,AI is off,AI is off,AI is off,AI is off,Not paired,AI is off,0,0,0
208000,15.7,0,5,0.53,0.21,0,0,56,1,0,16,False,True,0,0,56,43,31,4.08,AI is off,AI is off,AI is off,AI is off,Not paired,AI is off,0,0,0
210000,15.6,0,5,0.53,0.21,0,0,56,1,0,16,False,True,0,0,55,42,30,4.08,AI is off,AI is off,AI is off,AI is off,Not paired,AI is off,0,0,0
212000,15.4,0,5,0.53,0.21,0,0,56,1,0,16,False,True,0,0,56,42,30,4.08,AI is off,AI is off,AI is off,AI is off,Not paired,AI is off,0,0,0
214000,15.4,0,5,0.53,0.21,0,0,59,1,0,16,False,True,0,0,54,41,30,4.08,AI is off,AI is off,AI is off,AI is off,Not paired,AI is off,0,0,0
216000,15.4,0,5,0.53,0.21,0,0,59,1,0,16,False,True,0,0,55,40,29,4.08,AI is off,AI is off,AI is off,AI is off,Not paired,AI is off,0,0,0
218000,15.6,0,5,0.53,0.21,0,0,59,1,0,15,False,True,0,0,55,42,30,4.08,AI is off,AI is off,AI is off,AI is off,Not paired,AI is off,0,0,0
220000,15.7,0,5,0.53,0.21,0,0,56,1,0,15,False,True,0,0,56,42,30,4.08,AI is off,AI is off,AI is off,AI is off,Not paired,AI is off,0,0,0
222000,15.8,0,5,0.54,0.21,0,0,56,1,0,15,False,True,0,0,56,42,31,4.08,AI is off,AI is off,AI is off,AI is off,Not paired,AI is off,0,0,0
224000,16,0,5,0.54,0.21,0,0,56,1,0,15,False,True,0,0,55,41,30,4.08,AI is off,AI is off,AI is off,AI is off,Not paired,AI is off,0,0,0
226000,16.2,0,5,0.54,0.21,0,0,56,1,0,15,False,True,0,0,55,41,29,4.08,AI is off,AI is off,AI is off,AI is off,Not paired,AI is off,0,0,0
228000,16.3,0,5,0.55,0.21,0,0,56,1,0,15,False,True,0,0,55,41,30,4.08,AI is off,AI is off,AI is off,AI is off,Not paired,AI is off,0,0,0
230000,16.4,0,5,0.55,0.21,0,0,56,1,0,15,False,True,0,0,55,41,30,4.08,AI is off,AI is off,AI is off,AI is off,Not paired,AI is off,0,0,0
232000,16.5,0,5,0.55,0.21,0,0,50,1,0,15,False,True,0,0,56,42,31,4.08,AI is off,AI is off,AI is off,AI is off,Not paired,AI is off,0,0,0
234000,16.5,0,5,0.55,0.21,0,0,50,1,0,15,False,True,0,0,56,42,31,4.08,AI is off,AI is off,AI is off,AI is off,Not paired,AI is off,0,0,0
236000,16.6,0,5,0.55,0.21,0,0,49,1,0,15,False,True,0,0,56,42,31,4.08,AI is off,AI is off,AI is off,AI is off,Not paired,AI is off,0,0,0
238000,16.7,0,5,0.56,0.21,0,0,49,1,0,15,False,True,0,0,56,43,33,4.08,AI is off,AI is off,AI is off,AI is off,Not paired,AI is off,0,0,0
240000,16.8,0,5,0.56,0.21,0,0,47,1,0,15,False,True,0,0,54,41,30,4.08,AI is off,AI is off,AI is off,AI is off,Not paired,AI is off,0,0,0
242000,16.9,0,5,0.56,0.21,0,0,47,1,0,15,False,True,0,0,55,41,31,4.08,AI is off,AI is off,AI is off,AI is off,Not paired,AI is off,0,0,0
244000,16.9,0,5,0.56,0.21,0,0,47,1,0,15,False,True,0,0,56,41,31,4.08,AI is off,AI is off,AI is off,AI is off,Not paired,AI is off,0,0,0
246000,16.8,0,5,0.56,0.21,0,0,47,1,0,15,False,True,0,0,55,41,30,4.08,AI is off,AI is off,AI is off,AI is off,Not paired,AI is off,0,0,0
248000,16.7,0,5,0.56,0.21,0,0,47,1,0,15,False,True,0,0,55,40,29,4.08,AI is off,AI is off,AI is off,AI is off,Not paired,AI is off,0,0,0
250000,16.4,0,5,0.55,0.21,0,0,47,1,0,15,False,True,0,0,55,41,30,4.08,AI is off,AI is off,AI is off,AI is off,Not paired,AI is off,0,0,0
252000,16.4,0,5,0.55,0.21,0,0,50,1,0,15,False,True,0,0,55,42,30,4.08,AI is off,AI is off,AI is off,AI is off,Not paired,AI is off,0,0,0
254000,16.6,0,5,0.55,0.21,0,0,50,1,0,15,False,True,0,0,56,42,32,4.08,AI is off,AI is off,AI is off,AI is off,Not paired,AI is off,0,0,0
256000,16.7,0,5,0.56,0.21,0,0,48,1,0,15,False,True,0,0,56,41,30,4.08,AI is off,AI is off,AI is off,AI is off,Not paired,AI is off,0,0,0
258000,16.7,0,5,0.56,0.21,0,0,48,1,0,15,False,True,0,0,55,41,31,4.08,AI is off,AI is off,AI is off,AI is off,Not paired,AI is off,0,0,0
260000,16.7,0,5,0.56,0.21,0,0,48,1,0,15,False,True,0,0,55,40,30,4.08,AI is off,AI is off,AI is off,AI is off,Not paired,AI is off,0,0,0
262000,16.9,0,5,0.56,0.21,0,0,47,1,0,15,False,True,0,0,54,41,30,4.08,AI is off,AI is off,AI is off,AI is off,Not paired,AI is off,0,0,0
264000,16.9,0,5,0.56,0.21,0,0,47,1,0,15,False,True,0,0,56,42,30,4.08,AI is off,AI is off,AI is off,AI is off,Not paired,AI is off,0,0,0
266000,16.9,0,5,0.56,0.21,0,0,47,1,0,15,False,True,0,0,55,42,30,4.08,AI is off,AI is off,AI is off,AI is off,Not paired,AI is off,0,0,0
268000,16.9,0,5,0.56,0.21,0,0,47,1,0,15,False,True,0,0,55,42,30,4.08,AI is off,AI is off,AI is off,AI is off,Not paired,AI is off,0,0,0
270000,16.8,0,5,0.56,0.21,0,0,47,1,0,15,False,True,0,0,55,42,30,4.08,AI is off,AI is off,AI is off,AI is off,Not paired,AI is off,0,0,0
272000,16.8,0,5,0.56,0.21,0,0,47,1,0,14,False,True,0,0,55,42,30,4.08,AI is off,AI is off,AI is off,AI is off,Not paired,AI is off,0,0,0
274000,16.9,0,5,0.56,0.21,0,0,47,1,0,14,False,True,0,0,56,42,30,4.08,AI is off,AI is off,AI is off,AI is off,Not paired,AI is off,0,0,0
276000,16.9,0,5,0.56,0.21,0,0,47,1,0,15,False,True,0,0,55,41,30,4.08,AI is off,AI is off,AI is off,AI is off,Not paired,AI is off,0,0,0
278000,16.7,0,5,0.56,0.21,0,0,47,1,0,14,False,True,0,0,55,41,30,4.08,AI is off,AI is off,AI is off,AI is off,Not paired,AI is off,0,0,0
280000,16.6,0,5,0.56,0.21,0,0,47,1,0,14,False,True,0,0,56,42,30,4.08,AI is off,AI is off,AI is off,AI is off,Not paired,AI is off,0,0,0
282000,16.5,0,5,0.55,0.21,0,0,47,1,0,14,False,True,0,0,54,42,31,4.08,AI is off,AI is off,AI is off,AI is off,Not paired,AI is off,0,0,0
284000,16.4,0,5,0.55,0.21,0,0,47,1,0,14,False,True,0,0,55,41,29,4.08,AI is off,AI is off,AI is off,AI is off,Not paired,AI is off,0,0,0
286000,16.3,0,5,0.55,0.21,0,0,47,1,0,14,False,True,0,0,55,42,31,4.08,AI is off,AI is off,AI is off,AI is off,Not paired,AI is off,0,0,0
288000,16.1,0,5,0.54,0.21,0,0,50,1,0,14,False,True,0,0,54,40,28,4.08,AI is off,AI is off,AI is off,AI is off,Not paired,AI is off,0,0,0
290000,15.9,0,5,0.54,0.21,0,0,50,1,0,14,False,True,0,0,55,40,29,4.08,AI is off,AI is off,AI is off,AI is off,Not paired,AI is off,0,0,0
292000,15.8,0,5,0.54,0.21,0,0,54,1,0,14,False,True,0,0,55,41,29,4.08,AI is off,AI is off,AI is off,AI is off,Not paired,AI is off,0,0,0
294000,15.5,0,5,0.53,0.21,0,0,54,1,0,14,False,True,0,0,55,41,30,4.08,AI is off,AI is off,AI is off,AI is off,Not paired,AI is off,0,0,0
296000,15.4,0,5,0.53,0.21,0,0,54,1,0,14,False,True,0,0,55,42,31,4.08,AI is off,AI is off,AI is off,AI is off,Not paired,AI is off,0,0,0
298000,15.5,0,5,0.53,0.21,0,0,54,1,0,14,False,True,0,0,55,41,31,4.08,AI is off,AI is off,AI is off,AI is off,Not paired,AI is off,0,0,0
300000,15.7,0,5,0.53,0.21,0,0,54,1,0,14,False,True,0,0,56,42,32,4.08,AI is off,AI is off,AI is off,AI is off,Not paired,AI is off,0,0,0
302000,15.9,0,5,0.54,0.21,0,0,54,1,0,14,False,True,0,0,56,42,31,4.08,AI is off,AI is off,AI is off,AI is off,Not paired,AI is off,0,0,0
304000,15.9,0,5,0.54,0.21,0,0,53,1,0,14,False,True,0,0,54,42,32,4.08,AI is off,AI is off,AI is off,AI is off,Not paired,AI is off,0,0,0
306000,16.1,0,5,0.54,0.21,0,0,53,1,0,14,False,True,0,0,55,41,30,4.08,AI is off,AI is off,AI is off,AI is off,Not paired,AI is off,0,0,0
308000,16.2,0,5,0.54,0.21,0,0,50,1,0,14,False,True,0,0,55,41,30,4.08,AI is off,AI is off,AI is off,AI is off,Not paired,AI is off,0,0,0
310000,16.3,0,5,0.55,0.21,0,0,50,1,0,14,False,True,0,0,55,42,32,4.08,AI is off,AI is off,AI is off,AI is off,Not paired,AI is off,0,0,0
312000,16.5,0,5,0.55,0.21,0,0,50,1,0,14,False,True,0,0,55,41,30,4.08,AI is off,AI is off,AI is off,AI is off,Not paired,AI is off,0,0,0
314000,16.8,0,5,0.56,0.21,0,0,47,1,0,14,False,True,0,0,55,41,31,4.08,AI is off,AI is off,AI is off,AI is off,Not paired,AI is off,0,0,0
316000,17.1,0,5,0.56,0.21,0,0,47,1,0,14,False,True,0,0,56,43,31,4.08,AI is off,AI is off,AI is off,AI is off,Not paired,AI is off,0,0,0
318000,17.3,0,5,0.57,0.21,0,0,47,1,0,14,False,True,0,0,55,41,31,4.08,AI is off,AI is off,AI is off,AI is off,Not paired,AI is off,0,0,0
320000,17.3,0,5,0.57,0.21,0,0,47,1,0,14,False,True,0,0,54,41,30,4.08,AI is off,AI is off,AI is off,AI is off,Not paired,AI is off,0,0,0
322000,17.2,0,5,0.57,0.21,0,0,47,1,0,14,False,True,0,0,54,41,31,4.08,AI is off,AI is off,AI is off,AI is off,Not paired,AI is off,0,0,0
324000,16.8,0,5,0.56,0.21,0,0,45,1,0,14,False,True,0,0,54,42,30,4.08,AI is off,AI is off,AI is off,AI is off,Not paired,AI is off,0,0,0
326000,16.6,0,5,0.55,0.21,0,0,45,1,0,14,False,True,0,0,54,41,31,4.08,AI is off,AI is off,AI is off,AI is off,Not paired,AI is off,0,0,0
328000,16.4,0,5,0.55,0.21,0,0,45,1,0,14,False,True,0,0,56,42,31,4.08,AI is off,AI is off,AI is off,AI is off,Not paired,AI is off,0,0,0
330000,16.3,0,5,0.55,0.21,0,0,49,1,0,14,False,True,0,0,56,42,31,4.08,AI is off,AI is off,AI is off,AI is off,Not paired,AI is off,0,0,0
332000,16.3,0,5,0.55,0.21,0,0,49,1,0,14,False,True,0,0,55,42,30,4.08,AI is off,AI is off,AI is off,AI is off,Not paired,AI is off,0,0,0
334000,16.1,0,5,0.55,0.21,0,0,49,1,0,14,False,True,0,0,55,41,29,4.08,AI is off,AI is off,AI is off,AI is off,Not paired,AI is off,0,0,0
336000,15.9,0,5,0.54,0.21,0,0,49,1,0,14,False,True,0,0,55,41,29,4.08,AI is off,AI is off,AI is off,AI is off,Not paired,AI is off,0,0,0
338000,16.1,0,5,0.54,0.21,0,0,49,1,0,14,False,True,0,0,55,41,31,4.08,AI is off,AI is off,AI is off,AI is off,Not paired,AI is off,0,0,0
340000,16.4,0,5,0.55,0.21,0,0,49,1,0,14,False,True,0,0,54,41,30,4.08,AI is off,AI is off,AI is off,AI is off,Not paired,AI is off,0,0,0
342000,16.3,0,5,0.55,0.21,0,0,49,1,0,14,False,True,0,0,55,41,31,4.08,AI is off,AI is off,AI is off,AI is off,Not paired,AI is off,0,0,0
344000,16.1,0,5,0.54,0.21,0,0,49,1,0,14,False,True,0,0,55,42,32,4.08,AI is off,AI is off,AI is off,AI is off,Not paired,AI is off,0,0,0
346000,16.2,0,5,0.54,0.21,0,0,50,1,0,14,False,True,0,0,55,42,33,4.08,AI is off,AI is off,AI is off,AI is off,Not paired,AI is off,0,0,0
348000,16.2,0,5,0.55,0.21,0,0,50,1,0,14,False,True,0,0,55,41,31,4.08,AI is off,AI is off,AI is off,AI is off,Not paired,AI is off,0,0,0
350000,16.1,0,5,0.54,0.21,0,0,50,1,0,14,False,True,0,0,56,42,32,4.08,AI is off,AI is off,AI is off,AI is off,Not paired,AI is off,0,0,0
352000,16.2,0,5,0.55,0.21,0,0,50,1,0,14,False,True,0,0,56,43,33,4.08,AI is off,AI is off,AI is off,AI is off,Not paired,AI is off,0,0,0
354000,16.3,0,5,0.55,0.21,0,0,50,1,0,14,False,True,0,0,57,43,33,4.08,AI is off,AI is off,AI is off,AI is off,Not paired,AI is off,0,0,0
356000,16.3,0,5,0.55,0.21,0,0,50,1,0,14,False,True,0,0,56,44,33,4.08,AI is off,AI is off,AI is off,AI is off,Not paired,AI is off,0,0,0
358000,16.5,0,5,0.55,0.21,0,0,50,1,0,14,False,True,0,0,57,44,33,4.08,AI is off,AI is off,AI is off,AI is off,Not paired,AI is off,0,0,0
360000,16.5,0,5,0.55,0.21,0,0,50,1,0,14,False,True,0,0,56,42,32,4.08,AI is off,AI is off,AI is off,AI is off,Not paired,AI is off,0,0,0
362000,16.4,0,5,0.55,0.21,0,0,47,1,0,14,False,True,0,0,57,44,33,4.08,AI is off,AI is off,AI is off,AI is off,Not paired,AI is off,0,0,0
364000,16.5,0,5,0.55,0.21,0,0,47,1,0,14,False,True,0,0,57,44,33,4.08,AI is off,AI is off,AI is off,AI is off,Not paired,AI is off,0,0,0
366000,16.7,0,5,0.55,0.21,0,0,46,1,0,14,False,True,0,0,54,42,31,4.08,AI is off,AI is off,AI is off,AI is off,Not paired,AI is off,0,0,0
368000,16.6,0,5,0.56,0.21,0,0,46,1,0,14,False,True,0,0,55,42,32,4.08,AI is off,AI is off,AI is off,AI is off,Not paired,AI is off,0,0,0
370000,16.7,0,5,0.56,0.21,0,0,46,1,0,14,False,True,0,0,56,42,32,4.08,AI is off,AI is off,AI is off,AI is off,Not paired,AI is off,0,0,0
372000,16.5,0,5,0.55,0.21,0,0,47,1,0,14,False,True,0,0,55,42,32,4.08,AI is off,AI is off,AI is off,AI is off,Not paired,AI is off,0,0,0
374000,16.7,0,5,0.55,0.21,0,0,47,1,0,14,False,True,0,0,55,41,31,4.08,AI is off,AI is off,AI is off,AI is off,Not paired,AI is off,0,0,0
376000,16.7,0,5,0.56,0.21,0,0,47,1,0,14,False,True,0,0,55,41,31,4.08,AI is off,AI is off,AI is off,AI is off,Not paired,AI is off,0,0,0
378000,16.6,0,5,0.56,0.21,0,0,47,1,0,14,False,True,0,0,55,41,30,4.08,AI is off,AI is off,AI is off,AI is off,Not paired,AI is off,0,0,0
380000,16.6,0,5,0.55,0.21,0,0,47,1,0,14,False,True,0,0,55,42,32,4.08,AI is off,AI is off,AI is off,AI is off,Not paired,AI is off,0,0,0
382000,16.8,0,5,0.56,0.21,0,0,45,1,0,14,False,True,0,0,55,41,31,4.08,AI is off,AI is off,AI is off,AI is off,Not paired,AI is off,0,0,0
384000,16.9,0,5,0.56,0.21,0,0,45,1,0,14,False,True,0,0,55,41,31,4.08,AI is off,AI is off,AI is off,AI is off,Not paired,AI is off,0,0,0
386000,16.8,0,5,0.56,0.21,0,0,45,1,0,14,False,True,0,0,58,45,35,4.08,AI is off,AI is off,AI is off,AI is off,Not paired,AI is off,0,0,0
388000,16.8,0,5,0.56,0.21,0,0,45,1,0,14,False,True,0,0,57,44,34,4.08,AI is off,AI is off,AI is off,AI is off,Not paired,AI is off,0,0,0
390000,16.9,0,5,0.56,0.21,0,0,45,1,0,14,False,True,0,0,56,43,33,4.08,AI is off,AI is off,AI is off,AI is off,Not paired,AI is off,0,0,0
392000,16.9,0,5,0.56,0.21,0,0,45,1,0,14,False,True,0,0,56,42,32,4.08,AI is off,AI is off,AI is off,AI is off,Not paired,AI is off,0,0,0
394000,16.9,0,5,0.56,0.21,0,0,44,1,0,14,False,True,0,0,56,43,33,4.08,AI is off,AI is off,AI is off,AI is off,Not paired,AI is off,0,0,0
396000,16.9,0,5,0.56,0.21,0,0,44,1,0,14,False,True,0,0,55,41,31,4.08,AI is off,AI is off,AI is off,AI is off,Not paired,AI is off,0,0,0
398000,16.8,0,5,0.56,0.21,0,0,44,1,0,14,False,True,0,0,55,41,30,4.08,AI is off,AI is off,AI is off,AI is off,Not paired,AI is off,0,0,0
400000,17,0,5,0.56,0.21,0,0,44,1,0,14,False,True,0,0,55,41,31,4.08,AI is off,AI is off,AI is off,AI is off,Not paired,AI is off,0,0,0
402000,16.9,0,5,0.56,0.21,0,0,44,1,0,14,False,True,0,0,55,41,31,4.08,AI is off,AI is off,AI is off,AI is off,Not paired,AI is off,0,0,0
404000,16.7,0,5,0.56,0.21,0,0,44,1,0,14,False,True,0,0,55,41,31,4.08,AI is off,AI is off,AI is off,AI is off,Not paired,AI is off,0,0,0
406000,16.7,0,5,0.56,0.21,0,0,44,1,0,14,False,True,0,0,56,42,32,4.08,AI is off,AI is off,AI is off,AI is off,Not paired,AI is off,0,0,0
408000,16.7,0,5,0.56,0.21,0,0,45,1,0,14,False,True,0,0,55,42,32,4.08,AI is off,AI is off,AI is off,AI is off,Not paired,AI is off,0,0,0
410000,16.7,0,5,0.56,0.21,0,0,45,1,0,14,False,True,0,0,56,42,32,4.08,AI is off,AI is off,AI is off,AI is off,Not paired,AI is off,0,0,0
412000,16.7,0,5,0.56,0.21,0,0,45,1,0,14,False,True,0,0,57,44,34,4.08,AI is off,AI is off,AI is off,AI is off,Not paired,AI is off,0,0,0
414000,16.7,0,5,0.56,0.21,0,0,45,1,0,14,False,True,0,0,54,42,31,4.08,AI is off,AI is off,AI is off,AI is off,Not paired,AI is off,0,0,0
416000,16.7,0,5,0.56,0.21,0,0,45,1,0,14,False,True,0,0,55,41,31,4.08,AI is off,AI is off,AI is off,AI is off,Not paired,AI is off,0,0,0
418000,16.7,0,5,0.56,0.21,0,0,45,1,0,14,False,True,0,0,56,42,31,4.08,AI is off,AI is off,AI is off,AI is off,Not paired,AI is off,0,0,0
420000,16.6,0,5,0.55,0.21,0,0,45,1,0,14,False,True,0,0,56,42,32,4.08,AI is off,AI is off,AI is off,AI is off,Not paired,AI is off,0,0,0
422000,16.6,0,5,0.55,0.21,0,0,45,1,0,13,False,True,0,0,55,41,30,4.08,AI is off,AI is off,AI is off,AI is off,Not paired,AI is off,0,0,0
424000,16.2,0,5,0.54,0.21,0,0,47,1,0,13,False,True,0,0,54,42,31,4.08,AI is off,AI is off,AI is off,AI is off,Not paired,AI is off,0,0,0
426000,14.9,0,5,0.52,0.21,0,0,47,1,0,13,False,True,0,0,56,43,33,4.08,AI is off,AI is off,AI is off,AI is off,Not paired,AI is off,0,0,0
428000,13.8,0,5,0.5,0.21,0,0,68,1,0,13,False,True,0,0,57,43,33,4.08,AI is off,AI is off,AI is off,AI is off,Not paired,AI is off,0,0,0
430000,12.7,0,5,0.47,0.21,0,0,68,1,0,13,False,True,0,0,57,44,34,4.08,AI is off,AI is off,AI is off,AI is off,Not paired,AI is off,0,0,0
432000,12.4,0,5,0.47,0.21,0,0,68,1,0,13,False,True,0,0,54,42,31,4.08,AI is off,AI is off,AI is off,AI is off,Not paired,AI is off,0,0,0
434000,12.7,0,5,0.47,0.21,0,0,68,1,0,14,False,True,0,0,55,42,31,4.08,AI is off,AI is off,AI is off,AI is off,Not paired,AI is off,0,0,0
436000,13.1,0,5,0.48,0.21,0,0,68,1,0,14,False,True,0,0,55,42,31,4.08,AI is off,AI is off,AI is off,AI is off,Not paired,AI is off,0,0,0
438000,13.8,0,5,0.5,0.21,0,0,68,1,0,14,False,True,0,0,56,43,32,4.08,AI is off,AI is off,AI is off,AI is off,Not paired,AI is off,0,0,0
440000,14.3,0,5,0.5,0.21,0,0,69,1,0,14,False,True,0,0,55,41,31,4.08,AI is off,AI is off,AI is off,AI is off,Not paired,AI is off,0,0,0
442000,14.7,0,5,0.51,0.21,0,0,69,1,0,14,False,True,0,0,56,43,31,4.08,AI is off,AI is off,AI is off,AI is off,Not paired,AI is off,0,0,0
444000,15,0,5,0.52,0.21,0,0,58,1,0,14,False,True,0,0,56,43,33,4.08,AI is off,AI is off,AI is off,AI is off,Not paired,AI is off,0,0,0
446000,15.4,0,5,0.53,0.21,0,0,58,1,0,14,False,True,0,0,55,41,31,4.08,AI is off,AI is off,AI is off,AI is off,Not paired,AI is off,0,0,0
448000,15.7,0,5,0.53,0.21,0,0,58,1,0,14,False,True,0,0,56,43,31,4.08,AI is off,AI is off,AI is off,AI is off,Not paired,AI is off,0,0,0
450000,15.9,0,5,0.54,0.21,0,0,58,1,0,14,False,True,0,0,55,42,31,4.08,AI is off,AI is off,AI is off,AI is off,Not paired,AI is off,0,0,0
452000,16.2,0,5,0.54,0.21,0,0,58,1,0,14,False,True,0,0,55,40,30,4.08,AI is off,AI is off,AI is off,AI is off,Not paired,AI is off,0,0,0
454000,16.3,0,5,0.55,0.21,0,0,58,1,0,14,False,True,0,0,56,42,32,4.08,AI is off,AI is off,AI is off,AI is off,Not paired,AI is off,0,0,0
456000,16.3,0,5,0.55,0.21,0,0,47,1,0,14,False,True,0,0,55,42,31,4.08,AI is off,AI is off,AI is off,AI is off,Not paired,AI is off,0,0,0
458000,16.2,0,5,0.55,0.21,0,0,47,1,0,14,False,True,0,0,54,41,31,4.08,AI is off,AI is off,AI is off,AI is off,Not paired,AI is off,0,0,0
460000,16.1,0,5,0.54,0.21,0,0,49,1,0,14,False,True,0,0,54,41,31,4.08,AI is off,AI is off,AI is off,AI is off,Not paired,AI is off,0,0,0
462000,15.8,0,5,0.54,0.21,0,0,49,1,0,14,False,True,0,0,55,41,31,4.08,AI is off,AI is off,AI is off,AI is off,Not paired,AI is off,0,0,0
464000,15.6,0,5,0.53,0.21,0,0,49,1,0,14,False,True,0,0,56,43,32,4.08,AI is off,AI is off,AI is off,AI is off,Not paired,AI is off,0,0,0
466000,15.7,0,5,0.54,0.21,0,0,52,1,0,13,False,True,0,0,55,41,30,4.08,AI is off,AI is off,AI is off,AI is off,Not paired,AI is off,0,0,0
468000,15.7,0,5,0.54,0.21,0,0,52,1,0,13,False,True,0,0,55,43,32,4.08,AI is off,AI is off,AI is off,AI is off,Not paired,AI is off,0,0,0
470000,15.6,0,5,0.53,0.21,0,0,52,1,0,13,False,True,0,0,57,43,33,4.08,AI is off,AI is off,AI is off,AI is off,Not paired,AI is off,0,0,0
472000,15.6,0,5,0.53,0.21,0,0,52,1,0,13,False,True,0,0,56,43,32,4.08,AI is off,AI is off,AI is off,AI is off,Not paired,AI is off,0,0,0
474000,15.3,0,5,0.53,0.21,0,0,52,1,0,13,False,True,0,0,54,40,31,4.08,AI is off,AI is off,AI is off,AI is off,Not paired,AI is off,0,0,0
476000,15.4,0,5,0.53,0.21,0,0,54,1,0,13,False,True,0,0,55,42,32,4.08,AI is off,AI is off,AI is off,AI is off,Not paired,AI is off,0,0,0
478000,15.5,0,5,0.53,0.21,0,0,54,1,0,13,False,True,0,0,55,42,32,4.08,AI is off,AI is off,AI is off,AI is off,Not paired,AI is off,0,0,0
480000,15.5,0,5,0.53,0.21,0,0,54,1,0,13,False,True,0,0,55,41,31,4.08,AI is off,AI is off,AI is off,AI is off,Not paired,AI is off,0,0,0
482000,15.5,0,5,0.53,0.21,0,0,53,1,0,13,False,True,0,0,55,41,31,4.08,AI is off,AI is off,AI is off,AI is off,Not paired,AI is off,0,0,0
484000,15.6,0,5,0.53,0.21,0,0,53,1,0,13,False,True,0,0,54,41,31,4.08,AI is off,AI is off,AI is off,AI is off,Not paired,AI is off,0,0,0
486000,15.4,0,5,0.53,0.21,0,0,53,1,0,13,False,True,0,0,54,42,32,4.08,AI is off,AI is off,AI is off,AI is off,Not paired,AI is off,0,0,0
488000,15.4,0,5,0.53,0.21,0,0,53,1,0,13,False,True,0,0,54,41,31,4.08,AI is off,AI is off,AI is off,AI is off,Not paired,AI is off,0,0,0
490000,15.4,0,5,0.53,0.21,0,0,53,1,0,13,False,True,0,0,54,41,31,4.08,AI is off,AI is off,AI is off,AI is off,Not paired,AI is off,0,0,0
492000,15.8,0,5,0.53,0.21,0,0,50,1,0,13,False,True,0,0,56,43,33,4.08,AI is off,AI is off,AI is off,AI is off,Not paired,AI is off,0,0,0
494000,16.1,0,5,0.54,0.21,0,0,50,1,0,14,False,True,0,0,54,41,31,4.08,AI is off,AI is off,AI is off,AI is off,Not paired,AI is off,0,0,0
496000,16.3,0,5,0.55,0.21,0,0,50,1,0,13,False,True,0,0,54,41,31,4.08,AI is off,AI is off,AI is off,AI is off,Not paired,AI is off,0,0,0
498000,16.4,0,5,0.55,0.21,0,0,46,1,0,13,False,True,0,0,54,41,30,4.08,AI is off,AI is off,AI is off,AI is off,Not paired,AI is off,0,0,0
500000,16.6,0,5,0.55,0.21,0,0,46,1,0,13,False,True,0,0,56,43,32,4.08,AI is off,AI is off,AI is off,AI is off,Not paired,AI is off,0,0,0
502000,16.7,0,5,0.56,0.21,0,0,46,1,0,13,False,True,0,0,57,44,34,4.08,AI is off,AI is off,AI is off,AI is off,Not paired,AI is off,0,0,0
504000,16.7,0,5,0.56,0.21,0,0,46,1,0,13,False,True,0,0,55,43,33,4.08,AI is off,AI is off,AI is off,AI is off,Not paired,AI is off,0,0,0
506000,16.6,0,5,0.56,0.21,0,0,46,1,0,13,False,True,0,0,56,43,33,4.08,AI is off,AI is off,AI is off,AI is off,Not paired,AI is off,0,0,0
508000,16.4,0,5,0.55,0.21,0,0,45,1,0,13,False,True,0,0,57,43,32,4.08,AI is off,AI is off,AI is off,AI is off,Not paired,AI is off,0,0,0
510000,16.3,0,5,0.55,0.21,0,0,45,1,0,13,False,True,0,0,57,43,32,4.08,AI is off,AI is off,AI is off,AI is off,Not paired,AI is off,0,0,0
512000,16.4,0,5,0.55,0.21,0,0,45,1,0,13,False,True,0,0,54,42,32,4.08,AI is off,AI is off,AI is off,AI is off,Not paired,AI is off,0,0,0
514000,16.4,0,5,0.55,0.21,0,0,45,1,0,13,False,True,0,0,56,43,32,4.08,AI is off,AI is off,AI is off,AI is off,Not paired,AI is off,0,0,0
516000,16.4,0,5,0.55,0.21,0,0,45,1,0,13,False,True,0,0,57,43,32,4.08,AI is off,AI is off,AI is off,AI is off,Not paired,AI is off,0,0,0
518000,16.3,0,5,0.55,0.21,0,0,46,1,0,13,False,True,0,0,56,43,32,4.08,AI is off,AI is off,AI is off,AI is off,Not paired,AI is off,0,0,0
520000,16.4,0,5,0.55,0.21,0,0,46,1,0,13,False,True,0,0,56,43,33,4.08,AI is off,AI is off,AI is off,AI is off,Not paired,AI is off,0,0,0
522000,16.3,0,5,0.55,0.21,0,0,46,1,0,13,False,True,0,0,54,41,30,4.08,AI is off,AI is off,AI is off,AI is off,Not paired,AI is off,0,0,0
524000,16,0,5,0.54,0.21,0,0,46,1,0,13,False,True,0,0,54,41,31,4.08,AI is off,AI is off,AI is off,AI is off,Not paired,AI is off,0,0,0
526000,15.9,0,5,0.54,0.21,0,0,46,1,0,13,False,True,0,0,54,41,30,4.08,AI is off,AI is off,AI is off,AI is off,Not paired,AI is off,0,0,0
528000,15.7,0,5,0.54,0.21,0,0,46,1,0,13,False,True,0,0,57,44,34,4.08,AI is off,AI is off,AI is off,AI is off,Not paired,AI is off,0,0,0
530000,15.6,0,5,0.53,0.21,0,0,51,1,0,13,False,True,0,0,57,43,33,4.08,AI is off,AI is off,AI is off,AI is off,Not paired,AI is off,0,0,0
532000,15.5,0,5,0.53,0.21,0,0,51,1,0,13,False,True,0,0,54,41,32,4.08,AI is off,AI is off,AI is off,AI is off,Not paired,AI is off,0,0,0
534000,15.5,0,5,0.53,0.21,0,0,51,1,0,13,False,True,0,0,56,42,32,4.08,AI is off,AI is off,AI is off,AI is off,Not paired,AI is off,0,0,0
536000,15.5,0,5,0.53,0.21,0,0,52,1,0,13,False,True,0,0,54,41,32,4.08,AI is off,AI is off,AI is off,AI is off,Not paired,AI is off,0,0,0
538000,15.8,0,5,0.54,0.21,0,0,52,1,0,13,False,True,0,0,56,42,32,4.08,AI is off,AI is off,AI is off,AI is off,Not paired,AI is off,0,0,0
540000,15.8,0,5,0.54,0.21,0,0,52,1,0,13,False,True,0,0,55,42,32,4.08,AI is off,AI is off,AI is off,AI is off,Not paired,AI is off,0,0,0
542000,15.7,0,5,0.54,0.21,0,0,52,1,0,13,False,True,0,0,54,41,31,4.08,AI is off,AI is off,AI is off,AI is off,Not paired,AI is off,0,0,0
544000,15.7,0,5,0.53,0.21,0,0,52,1,0,13,False,True,0,0,56,43,32,4.08,AI is off,AI is off,AI is off,AI is off,Not paired,AI is off,0,0,0
546000,15.7,0,5,0.54,0.21,0,0,50,1,0,13,False,True,0,0,55,42,32,4.08,AI is off,AI is off,AI is off,AI is off,Not paired,AI is off,0,0,0
548000,16,0,5,0.54,0.21,0,0,50,1,0,13,False,True,0,0,54,41,30,4.08,AI is off,AI is off,AI is off,AI is off,Not paired,AI is off,0,0,0
550000,15.9,0,5,0.54,0.21,0,0,50,1,0,13,False,True,0,0,55,41,31,4.08,AI is off,AI is off,AI is off,AI is off,Not paired,AI is off,0,0,0
552000,15.7,0,5,0.54,0.21,0,0,49,1,0,13,False,True,0,0,54,41,31,4.08,AI is off,AI is off,AI is off,AI is off,Not paired,AI is off,0,0,0
554000,15.6,0,5,0.53,0.21,0,0,49,1,0,13,False,True,0,0,55,41,31,4.08,AI is off,AI is off,AI is off,AI is off,Not paired,AI is off,0,0,0
556000,15.7,0,5,0.53,0.21,0,0,49,1,0,13,False,True,0,0,56,43,33,4.08,AI is off,AI is off,AI is off,AI is off,Not paired,AI is off,0,0,0
558000,15.5,0,5,0.53,0.21,0,0,49,1,0,13,False,True,0,0,56,42,32,4.08,AI is off,AI is off,AI is off,AI is off,Not paired,AI is off,0,0,0
560000,15.1,0,5,0.52,0.21,0,0,49,1,0,13,False,True,0,0,58,45,35,4.08,AI is off,AI is off,AI is off,AI is off,Not paired,AI is off,0,0,0
562000,14.9,0,5,0.52,0.21,0,0,56,1,0,13,False,True,0,0,56,42,32,4.08,AI is off,AI is off,AI is off,AI is off,Not paired,AI is off,0,0,0
564000,14.7,0,5,0.51,0.21,0,0,56,1,0,13,False,True,0,0,56,43,32,4.08,AI is off,AI is off,AI is off,AI is off,Not paired,AI is off,0,0,0
566000,14.6,0,5,0.51,0.21,0,0,56,1,0,13,False,True,0,0,57,44,34,4.08,AI is off,AI is off,AI is off,AI is off,Not paired,AI is off,0,0,0
568000,14.6,0,5,0.51,0.21,0,0,59,1,0,13,False,True,0,0,57,44,33,4.08,AI is off,AI is off,AI is off,AI is off,Not paired,AI is off,0,0,0
570000,14.5,0,5,0.51,0.21,0,0,59,1,0,13,False,True,0,0,58,45,36,4.08,AI is off,AI is off,AI is off,AI is off,Not paired,AI is off,0,0,0
572000,14.8,0,5,0.51,0.21,0,0,59,1,0,13,False,True,0,0,57,43,34,4.08,AI is off,AI is off,AI is off,AI is off,Not paired,AI is off,0,0,0
574000,14.8,0,5,0.52,0.21,0,0,59,1,0,13,False,True,0,0,57,44,34,4.08,AI is off,AI is off,AI is off,AI is off,Not paired,AI is off,0,0,0
576000,14.7,0,5,0.51,0.21,0,0,59,1,0,13,False,True,0,0,55,42,32,4.08,AI is off,AI is off,AI is off,AI is off,Not paired,AI is off,0,0,0
578000,14.4,0,5,0.51,0.21,0,0,60,1,0,13,False,True,0,0,57,44,34,4.08,AI is off,AI is off,AI is off,AI is off,Not paired,AI is off,0,0,0
580000,14.4,0,5,0.51,0.21,0,0,60,1,0,13,False,True,0,0,56,42,33,4.08,AI is off,AI is off,AI is off,AI is off,Not paired,AI is off,0,0,0
582000,14.4,0,5,0.51,0.21,0,0,60,1,0,13,False,True,0,0,55,41,31,4.08,AI is off,AI is off,AI is off,AI is off,Not paired,AI is off,0,0,0
584000,14.4,0,5,0.51,0.21,0,0,62,1,0,13,False,True,0,0,54,41,30,4.08,AI is off,AI is off,AI is off,AI is off,Not paired,AI is off,0,0,0
586000,14.4,0,5,0.51,0.21,0,0,62,1,0,13,False,True,0,0,55,42,31,4.08,AI is off,AI is off,AI is off,AI is off,Not paired,AI is off,0,0,0
588000,14.4,0,5,0.51,0.21,0,0,62,1,0,14,False,True,0,0,55,42,32,4.08,AI is off,AI is off,AI is off,AI is off,Not paired,AI is off,0,0,0
590000,14.5,0,5,0.51,0.21,0,0,62,1,0,14,False,True,0,0,55,41,31,4.08,AI is off,AI is off,AI is off,AI is off,Not paired,AI is off,0,0,0
592000,14.6,0,5,0.51,0.21,0,0,62,1,0,14,False,True,0,0,55,42,31,4.08,AI is off,AI is off,AI is off,AI is off,Not paired,AI is off,0,0,0
594000,14.6,0,5,0.51,0.21,0,0,59,1,0,14,False,True,0,0,55,42,31,4.08,AI is off,AI is off,AI is off,AI is off,Not paired,AI is off,0,0,0
596000,14.5,0,5,0.51,0.21,0,0,59,1,0,14,False,True,0,0,55,41,31,4.08,AI is off,AI is off,AI is off,AI is off,Not paired,AI is off,0,0,0
598000,14.5,0,5,0.51,0.21,0,0,59,1,0,14,False,True,0,0,56,43,33,4.08,AI is off,AI is off,AI is off,AI is off,Not paired,AI is off,0,0,0
600000,14.6,0,5,0.51,0.21,0,0,59,1,0,14,False,True,0,0,55,41,31,4.08,AI is off,AI is off,AI is off,AI is off,Not paired,AI is off,0,0,0
602000,14.7,0,5,0.51,0.21,0,0,59,1,0,14,False,True,0,0,58,44,34,4.08,AI is off,AI is off,AI is off,AI is off,Not paired,AI is off,0,0,0
604000,14.7,0,5,0.51,0.21,0,0,59,1,0,14,False,True,0,0,56,43,33,4.08,AI is off,AI is off,AI is off,AI is off,Not paired,AI is off,0,0,0
606000,14.8,0,5,0.52,0.21,0,0,59,1,0,14,False,True,0,0,57,43,33,4.08,AI is off,AI is off,AI is off,AI is off,Not paired,AI is off,0,0,0
608000,14.7,0,5,0.52,0.21,0,0,59,1,0,14,False,True,0,0,56,42,33,4.08,AI is off,AI is off,AI is off,AI is off,Not paired,AI is off,0,0,0
610000,14.7,0,5,0.51,0.21,0,0,58,1,0,14,False,True,0,0,56,44,33,4.08,AI is off,AI is off,AI is off,AI is off,Not paired,AI is off,0,0,0
612000,14.7,0,5,0.51,0.21,0,0,58,1,0,14,False,True,0,0,56,43,33,4.08,AI is off,AI is off,AI is off,AI is off,Not paired,AI is off,0,0,0
614000,14.6,0,5,0.51,0.21,0,0,58,1,0,14,False,True,0,0,56,42,31,4.08,AI is off,AI is off,AI is off,AI is off,Not paired,AI is off,0,0,0
616000,14.3,0,5,0.51,0.21,0,0,59,1,0,14,False,True,0,0,55,43,33,4.08,AI is off,AI is off,AI is off,AI is off,Not paired,AI is off,0,0,0
618000,13.9,0,5,0.5,0.21,0,0,59,1,0,14,False,True,0,0,56,43,32,4.08,AI is off,AI is off,AI is off,AI is off,Not paired,AI is off,0,0,0
620000,13.4,0,5,0.49,0.21,0,0,70,1,0,14,False,True,0,0,56,43,32,4.08,AI is off,AI is off,AI is off,AI is off,Not paired,AI is off,0,0,0
622000,12.7,0,5,0.48,0.21,0,0,70,1,0,14,False,True,0,0,56,43,33,4.08,AI is off,AI is off,AI is off,AI is off,Not paired,AI is off,0,0,0
624000,12.4,0,5,0.47,0.21,0,0,70,1,0,14,False,True,0,0,54,41,30,4.08,AI is off,AI is off,AI is off,AI is off,Not paired,AI is off,0,0,0
626000,11.9,0,5,0.46,0.21,0,0,70,1,0,14,False,True,0,0,55,43,32,4.08,AI is off,AI is off,AI is off,AI is off,Not paired,AI is off,0,0,0
628000,11.6,0,5,0.45,0.21,0,0,70,1,0,14,False,True,0,0,55,42,32,4.08,AI is off,AI is off,AI is off,AI is off,Not paired,AI is off,0,0,0
630000,11.6,0,5,0.45,0.21,0,0,70,1,0,14,False,True,0,0,55,42,32,4.08,AI is off,AI is off,AI is off,AI is off,Not paired,AI is off,0,0,0
632000,11.8,0,5,0.45,0.21,0,0,99,1,0,14,False,True,0,0,55,40,30,4.08,AI is off,AI is off,AI is off,AI is off,Not paired,AI is off,0,0,0
634000,12,0,5,0.46,0.21,0,0,99,1,0,14,False,True,0,0,56,43,32,4.08,AI is off,AI is off,AI is off,AI is off,Not paired,AI is off,0,0,0
636000,12.1,0,5,0.46,0.21,0,0,99,1,0,14,False,True,0,0,59,44,34,4.08,AI is off,AI is off,AI is off,AI is off,Not paired,AI is off,0,0,0
638000,12.3,0,5,0.46,0.21,0,0,99,1,0,14,False,True,0,0,58,45,35,4.08,AI is off,AI is off,AI is off,AI is off,Not paired,AI is off,0,0,0
640000,12.8,0,5,0.47,0.21,0,0,99,1,0,14,False,True,0,0,56,43,32,4.08,AI is off,AI is off,AI is off,AI is off,Not paired,AI is off,0,0,0
642000,13.1,0,5,0.48,0.21,0,0,99,1,0,14,False,True,0,0,55,41,31,4.08,AI is off,AI is off,AI is off,AI is off,Not paired,AI is off,0,0,0
644000,13.1,0,5,0.48,0.21,0,0,99,1,0,14,False,True,0,0,55,41,31,4.08,AI is off,AI is off,AI is off,AI is off,Not paired,AI is off,0,0,0
646000,13.5,0,5,0.49,0.21,0,0,99,1,0,15,False,True,0,0,56,43,33,4.08,AI is off,AI is off,AI is off,AI is off,Not paired,AI is off,0,0,0
648000,13.6,0,5,0.49,0.21,0,0,69,1,0,15,False,True,0,0,54,41,30,4.08,AI is off,AI is off,AI is off,AI is off,Not paired,AI is off,0,0,0
650000,13.6,0,5,0.49,0.21,0,0,69,1,0,15,False,True,0,0,56,43,32,4.08,AI is off,AI is off,AI is off,AI is off,Not paired,AI is off,0,0,0
652000,13.5,0,5,0.49,0.21,0,0,69,1,0,14,False,True,0,0,55,41,30,4.08,AI is off,AI is off,AI is off,AI is off,Not paired,AI is off,0,0,0
654000,13.6,0,5,0.49,0.21,0,0,69,1,0,14,False,True,0,0,55,41,31,4.08,AI is off,AI is off,AI is off,AI is off,Not paired,AI is off,0,0,0
656000,13.9,0,5,0.5,0.21,0,0,69,1,0,14,False,True,0,0,55,41,30,4.08,AI is off,AI is off,AI is off,AI is off,Not paired,AI is off,0,0,0
658000,13.9,0,5,0.5,0.21,0,0,69,1,0,14,False,True,0,0,55,42,32,4.08,AI is off,AI is off,AI is off,AI is off,Not paired,AI is off,0,0,0
660000,14.1,0,5,0.5,0.21,0,0,69,1,0,14,False,True,0,0,55,41,31,4.08,AI is off,AI is off,AI is off,AI is off,Not paired,AI is off,0,0,0
662000,14,0,5,0.5,0.21,0,0,69,1,0,14,False,True,0,0,56,43,32,4.08,AI is off,AI is off,AI is off,AI is off,Not paired,AI is off,0,0,0
664000,14.3,0,5,0.51,0.21,0,0,61,1,0,14,False,True,0,0,55,42,32,4.08,AI is off,AI is off,AI is off,AI is off,Not paired,AI is off,0,0,0
666000,14.3,0,5,0.51,0.21,0,0,61,1,0,14,False,True,0,0,55,41,31,4.08,AI is off,AI is off,AI is off,AI is off,Not paired,AI is off,0,0,0
668000,14.4,0,5,0.51,0.21,0,0,61,1,0,14,False,True,0,0,55,42,31,4.08,AI is off,AI is off,AI is off,AI is off,Not paired,AI is off,0,0,0
670000,14.2,0,5,0.51,0.21,0,0,60,1,0,14,False,True,0,0,56,43,32,4.08,AI is off,AI is off,AI is off,AI is off,Not paired,AI is off,0,0,0
672000,14.2,0,5,0.5,0.21,0,0,60,1,0,14,False,True,0,0,55,42,31,4.08,AI is off,AI is off,AI is off,AI is off,Not paired,AI is off,0,0,0
674000,14.1,0,5,0.5,0.21,0,0,60,1,0,14,False,True,0,0,56,43,32,4.08,AI is off,AI is off,AI is off,AI is off,Not paired,AI is off,0,0,0
676000,14.3,0,5,0.51,0.21,0,0,60,1,0,14,False,True,0,0,56,43,32,4.08,AI is off,AI is off,AI is off,AI is off,Not paired,AI is off,0,0,0
678000,14.5,0,5,0.51,0.21,0,0,60,1,0,14,False,True,0,0,55,41,31,4.08,AI is off,AI is off,AI is off,AI is off,Not paired,AI is off,0,0,0
680000,14.7,0,5,0.51,0.21,0,0,58,1,0,14,False,True,0,0,56,42,32,4.08,AI is off,AI is off,AI is off,AI is off,Not paired,AI is off,0,0,0
682000,14.7,0,5,0.51,0.21,0,0,58,1,0,14,False,True,0,0,55,42,32,4.08,AI is off,AI is off,AI is off,AI is off,Not paired,AI is off,0,0,0
684000,14.8,0,5,0.52,0.21,0,0,58,1,0,14,False,True,0,0,56,43,32,4.08,AI is off,AI is off,AI is off,AI is off,Not paired,AI is off,0,0,0
686000,14.6,0,5,0.51,0.21,0,0,56,1,0,14,False,True,0,0,56,42,31,4.07,AI is off,AI is off,AI is off,AI is off,Not paired,AI is off,0,0,0
688000,14.5,0,5,0.51,0.21,0,0,56,1,0,14,False,True,0,0,55,41,31,4.07,AI is off,AI is off,AI is off,AI is off,Not paired,AI is off,0,0,0
690000,14.5,0,5,0.51,0.21,0,0,58,1,0,14,False,True,0,0,57,43,34,4.07,AI is off,AI is off,AI is off,AI is off,Not paired,AI is off,0,0,0
692000,14.5,0,5,0.51,0.21,0,0,58,1,0,14,False,True,0,0,55,42,32,4.07,AI is off,AI is off,AI is off,AI is off,Not paired,AI is off,0,0,0
694000,14.6,0,5,0.51,0.21,0,0,58,1,0,14,False,True,0,0,55,41,30,4.07,AI is off,AI is off,AI is off,AI is off,Not paired,AI is off,0,0,0
696000,14.6,0,5,0.51,0.21,0,0,58,1,0,14,False,True,0,0,55,43,32,4.07,AI is off,AI is off,AI is off,AI is off,Not paired,AI is off,0,0,0
698000,14.6,0,5,0.51,0.21,0,0,58,1,0,14,False,True,0,0,55,41,30,4.07,AI is off,AI is off,AI is off,AI is off,Not paired,AI is off,0,0,0
700000,14.5,0,5,0.51,0.21,0,0,58,1,0,14,False,True,0,0,54,41,31,4.07,AI is off,AI is off,AI is off,AI is off,Not paired,AI is off,0,0,0
702000,14.5,0,5,0.51,0.21,0,0,58,1,0,14,False,True,0,0,55,41,31,4.08,AI is off,AI is off,AI is off,AI is off,Not paired,AI is off,0,0,0
704000,14.4,0,5,0.51,0.21,0,0,59,1,0,14,False,True,0,0,54,41,31,4.08,AI is off,AI is off,AI is off,AI is off,Not paired,AI is off,0,0,0
706000,14.4,0,5,0.51,0.21,0,0,59,1,0,14,False,True,0,0,55,41,31,4.08,AI is off,AI is off,AI is off,AI is off,Not paired,AI is off,0,0,0
708000,14.5,0,5,0.51,0.21,0,0,59,1,0,14,False,True,0,0,55,41,31,4.08,AI is off,AI is off,AI is off,AI is off,Not paired,AI is off,0,0,0
710000,14.5,0,5,0.51,0.21,0,0,58,1,0,14,False,True,0,0,55,41,31,4.07,AI is off,AI is off,AI is off,AI is off,Not paired,AI is off,0,0,0
712000,14.6,0,5,0.51,0.21,0,0,58,1,0,14,False,True,0,0,55,43,32,4.07,AI is off,AI is off,AI is off,AI is off,Not paired,AI is off,0,0,0
714000,14.8,0,5,0.51,0.21,0,0,58,1,0,14,False,True,0,0,56,43,33,4.07,AI is off,AI is off,AI is off,AI is off,Not paired,AI is off,0,0,0
716000,14.8,0,5,0.52,0.21,0,0,58,1,0,14,False,True,0,0,55,42,32,4.07,AI is off,AI is off,AI is off,AI is off,Not paired,AI is off,0,0,0
718000,14.7,0,5,0.51,0.21,0,0,58,1,0,14,False,True,0,0,55,42,31,4.07,AI is off,AI is off,AI is off,AI is off,Not paired,AI is off,0,0,0
720000,14.6,0,5,0.51,0.21,0,0,56,1,0,14,False,True,0,0,56,43,33,4.07,AI is off,AI is off,AI is off,AI is off,Not paired,AI is off,0,0,0
722000,14.5,0,5,0.51,0.21,0,0,56,1,0,14,False,True,0,0,57,44,34,4.07,AI is off,AI is off,AI is off,AI is off,Not paired,AI is off,0,0,0
724000,14.7,0,5,0.51,0.21,0,0,56,1,0,14,False,True,0,0,57,45,35,4.07,AI is off,AI is off,AI is off,AI is off,Not paired,AI is off,0,0,0
726000,14.7,0,5,0.51,0.21,0,0,56,1,0,14,False,True,0,0,58,45,36,4.07,AI is off,AI is off,AI is off,AI is off,Not paired,AI is off,0,0,0
728000,14.8,0,5,0.52,0.21,0,0,56,1,0,14,False,True,0,0,57,44,34,4.07,AI is off,AI is off,AI is off,AI is off,Not paired,AI is off,0,0,0
730000,14.6,0,5,0.51,0.21,0,0,56,1,0,14,False,True,0,0,56,43,32,4.07,AI is off,AI is off,AI is off,AI is off,Not paired,AI is off,0,0,0
732000,14.6,0,5,0.51,0.21,0,0,56,1,0,14,False,True,0,0,56,43,32,4.07,AI is off,AI is off,AI is off,AI is off,Not paired,AI is off,0,0,0
734000,14.7,0,5,0.51,0.21,0,0,56,1,0,14,False,True,0,0,58,45,36,4.08,AI is off,AI is off,AI is off,AI is off,Not paired,AI is off,0,0,0
736000,14.8,0,5,0.52,0.21,0,0,56,1,0,14,False,True,0,0,56,42,32,4.07,AI is off,AI is off,AI is off,AI is off,Not paired,AI is off,0,0,0
738000,14.8,0,5,0.52,0.21,0,0,56,1,0,14,False,True,0,0,57,44,35,4.07,AI is off,AI is off,AI is off,AI is off,Not paired,AI is off,0,0,0
740000,14.8,0,5,0.52,0.21,0,0,56,1,0,14,False,True,0,0,56,44,33,4.07,AI is off,AI is off,AI is off,AI is off,Not paired,AI is off,0,0,0
742000,14.8,0,5,0.52,0.21,0,0,55,1,0,14,False,True,0,0,56,44,33,4.07,AI is off,AI is off,AI is off,AI is off,Not paired,AI is off,0,0,0
744000,14.7,0,5,0.51,0.21,0,0,55,1,0,14,False,True,0,0,56,43,33,4.07,AI is off,AI is off,AI is off,AI is off,Not paired,AI is off,0,0,0
746000,14.9,0,5,0.52,0.21,0,0,54,1,0,14,False,True,0,0,56,44,34,4.07,AI is off,AI is off,AI is off,AI is off,Not paired,AI is off,0,0,0
748000,14.5,0,5,0.51,0.21,0,0,54,1,0,14,False,True,0,0,59,46,36,4.07,AI is off,AI is off,AI is off,AI is off,Not paired,AI is off,0,0,0
750000,14.6,0,5,0.51,0.21,0,0,54,1,0,14,False,True,0,0,58,44,33,4.08,AI is off,AI is off,AI is off,AI is off,Not paired,AI is off,0,0,0
752000,14.7,0,5,0.51,0.21,0,0,56,1,0,14,False,True,0,0,59,45,35,4.07,AI is off,AI is off,AI is off,AI is off,Not paired,AI is off,0,0,0
754000,14.7,0,5,0.51,0.21,0,0,56,1,0,14,False,True,0,0,59,45,36,4.07,AI is off,AI is off,AI is off,AI is off,Not paired,AI is off,0,0,0
756000,14.6,0,5,0.51,0.21,0,0,56,1,0,14,False,True,0,0,59,46,37,4.07,AI is off,AI is off,AI is off,AI is off,Not paired,AI is off,0,0,0
758000,14.7,0,5,0.51,0.21,0,0,56,1,0,14,False,True,0,0,56,44,33,4.07,AI is off,AI is off,AI is off,AI is off,Not paired,AI is off,0,0,0
760000,14.8,0,5,0.51,0.21,0,0,56,1,0,14,False,True,0,0,54,42,31,4.07,AI is off,AI is off,AI is off,AI is off,Not paired,AI is off,0,0,0
762000,14.8,0,5,0.52,0.21,0,0,54,1,0,14,False,True,0,0,56,43,32,4.07,AI is off,AI is off,AI is off,AI is off,Not paired,AI is off,0,0,0
764000,14.7,0,5,0.52,0.21,0,0,54,1,0,14,False,True,0,0,56,43,32,4.07,AI is off,AI is off,AI is off,AI is off,Not paired,AI is off,0,0,0
766000,14.6,0,5,0.51,0.21,0,0,54,1,0,14,False,True,0,0,56,43,33,4.07,AI is off,AI is off,AI is off,AI is off,Not paired,AI is off,0,0,0
768000,14.5,0,5,0.51,0.21,0,0,57,1,0,14,False,True,0,0,55,41,31,4.07,AI is off,AI is off,AI is off,AI is off,Not paired,AI is off,0,0,0
770000,14.6,0,5,0.51,0.21,0,0,57,1,0,14,False,True,0,0,58,44,34,4.07,AI is off,AI is off,AI is off,AI is off,Not paired,AI is off,0,0,0
772000,14.6,0,5,0.51,0.21,0,0,57,1,0,14,False,True,0,0,56,43,32,4.07,AI is off,AI is off,AI is off,AI is off,Not paired,AI is off,0,0,0
774000,14.6,0,5,0.51,0.21,0,0,56,1,0,14,False,True,0,0,57,44,34,4.07,AI is off,AI is off,AI is off,AI is off,Not paired,AI is off,0,0,0
776000,14.7,0,5,0.51,0.21,0,0,56,1,0,14,False,True,0,0,58,45,35,4.07,AI is off,AI is off,AI is off,AI is off,Not paired,AI is off,0,0,0
778000,14.7,0,5,0.51,0.21,0,0,56,1,0,14,False,True,0,0,59,45,35,4.07,AI is off,AI is off,AI is off,AI is off,Not paired,AI is off,0,0,0
780000,14.6,0,5,0.51,0.21,0,0,56,1,0,14,False,True,0,0,58,44,34,4.07,AI is off,AI is off,AI is off,AI is off,Not paired,AI is off,0,0,0
782000,14.6,0,5,0.51,0.21,0,0,56,1,0,14,False,True,0,0,57,45,34,4.07,AI is off,AI is off,AI is off,AI is off,Not paired,AI is off,0,0,0
784000,14.6,0,5,0.51,0.21,0,0,56,1,0,14,False,True,0,0,56,43,32,4.07,AI is off,AI is off,AI is off,AI is off,Not paired,AI is off,0,0,0
786000,14.7,0,5,0.51,0.21,0,0,56,1,0,14,False,True,0,0,56,44,33,4.07,AI is off,AI is off,AI is off,AI is off,Not paired,AI is off,0,0,0
788000,14.8,0,5,0.51,0.21,0,0,55,1,0,14,False,True,0,0,55,42,32,4.07,AI is off,AI is off,AI is off,AI is off,Not paired,AI is off,0,0,0
790000,14.9,0,5,0.52,0.21,0,0,55,1,0,14,False,True,0,0,55,42,32,4.07,AI is off,AI is off,AI is off,AI is off,Not paired,AI is off,0,0,0
792000,14.9,0,5,0.52,0.21,0,0,53,1,0,14,False,True,0,0,55,41,31,4.07,AI is off,AI is off,AI is off,AI is off,Not paired,AI is off,0,0,0
794000,14.8,0,5,0.52,0.21,0,0,53,1,0,14,False,True,0,0,56,43,33,4.07,AI is off,AI is off,AI is off,AI is off,Not paired,AI is off,0,0,0
796000,14.8,0,5,0.52,0.21,0,0,53,1,0,14,False,True,0,0,55,42,32,4.07,AI is off,AI is off,AI is off,AI is off,Not paired,AI is off,0,0,0
798000,14.7,0,5,0.52,0.21,0,0,53,1,0,14,False,True,0,0,55,42,32,4.07,AI is off,AI is off,AI is off,AI is off,Not paired,AI is off,0,0,0
800000,14.3,0,5,0.51,0.21,0,0,53,1,0,14,False,True,0,0,56,43,32,4.07,AI is off,AI is off,AI is off,AI is off,Not paired,AI is off,0,0,0
802000,13.9,0,5,0.5,0.21,0,0,53,1,0,14,False,True,0,0,56,42,32,4.07,AI is off,AI is off,AI is off,AI is off,Not paired,AI is off,0,0,0
804000,13.8,0,5,0.5,0.21,0,0,62,1,0,14,False,True,0,0,55,41,30,4.07,AI is off,AI is off,AI is off,AI is off,Not paired,AI is off,0,0,0
806000,13.7,0,5,0.49,0.21,0,0,62,1,0,14,False,True,0,0,55,41,31,4.07,AI is off,AI is off,AI is off,AI is off,Not paired,AI is off,0,0,0
808000,13.8,0,5,0.49,0.21,0,0,64,1,0,14,False,True,0,0,55,42,31,4.07,AI is off,AI is off,AI is off,AI is off,Not paired,AI is off,0,0,0
810000,13.8,0,5,0.5,0.21,0,0,64,1,0,14,False,True,0,0,55,42,32,4.07,AI is off,AI is off,AI is off,AI is off,Not paired,AI is off,0,0,0
812000,13.8,0,5,0.5,0.21,0,0,64,1,0,14,False,True,0,0,55,42,32,4.07,AI is off,AI is off,AI is off,AI is off,Not paired,AI is off,0,0,0
814000,13.8,0,5,0.49,0.21,0,0,64,1,0,14,False,True,0,0,56,43,34,4.07,AI is off,AI is off,AI is off,AI is off,Not paired,AI is off,0,0,0
816000,13.4,0,5,0.49,0.21,0,0,64,1,0,14,False,True,0,0,56,43,32,4.07,AI is off,AI is off,AI is off,AI is off,Not paired,AI is off,0,0,0
818000,13.1,0,5,0.48,0.21,0,0,64,1,0,14,False,True,0,0,55,42,32,4.07,AI is off,AI is off,AI is off,AI is off,Not paired,AI is off,0,0,0
820000,12.9,0,5,0.48,0.21,0,0,74,1,0,14,False,True,0,0,56,43,33,4.07,AI is off,AI is off,AI is off,AI is off,Not paired,AI is off,0,0,0
822000,11.6,0,5,0.45,0.21,0,0,74,1,0,14,False,True,0,0,56,44,33,4.07,AI is off,AI is off,AI is off,AI is off,Not paired,AI is off,0,0,0
824000,11.2,0,5,0.44,0.21,0,0,74,1,0,14,False,True,0,0,56,43,33,4.07,AI is off,AI is off,AI is off,AI is off,Not paired,AI is off,0,0,0
826000,10.9,0,5,0.44,0.21,0,0,99,1,0,15,False,True,0,0,59,45,34,4.07,AI is off,AI is off,AI is off,AI is off,Not paired,AI is off,0,0,0
828000,10.7,0,5,0.43,0.21,0,0,99,1,0,15,False,True,0,0,57,44,34,4.07,AI is off,AI is off,AI is off,AI is off,Not paired,AI is off,0,0,0
830000,10.7,0,5,0.43,0.21,0,0,99,1,0,15,False,True,0,0,56,44,33,4.07,AI is off,AI is off,AI is off,AI is off,Not paired,AI is off,0,0,0
832000,11,0,5,0.44,0.21,0,0,99,1,0,15,False,True,0,0,56,43,33,4.07,AI is off,AI is off,AI is off,AI is off,Not paired,AI is off,0,0,0
834000,11.1,0,5,0.44,0.21,0,0,99,1,0,15,False,True,0,0,56,43,33,4.07,AI is off,AI is off,AI is off,AI is off,Not paired,AI is off,0,0,0
836000,11.3,0,5,0.44,0.21,0,0,99,1,0,15,False,True,0,0,57,44,35,4.07,AI is off,AI is off,AI is off,AI is off,Not paired,AI is off,0,0,0
838000,11.6,0,5,0.45,0.21,0,0,99,1,0,15,False,True,0,0,57,45,35,4.07,AI is off,AI is off,AI is off,AI is off,Not paired,AI is off,0,0,0
840000,11.8,0,5,0.45,0.21,0,0,99,1,0,15,False,True,0,0,58,45,35,4.07,AI is off,AI is off,AI is off,AI is off,Not paired,AI is off,0,0,0
842000,11.9,0,5,0.46,0.21,0,0,99,1,0,15,False,True,0,0,57,44,34,4.07,AI is off,AI is off,AI is off,AI is off,Not paired,AI is off,0,0,0
844000,11.9,0,5,0.46,0.21,0,0,99,1,0,15,False,True,0,0,58,44,32,4.07,AI is off,AI is off,AI is off,AI is off,Not paired,AI is off,0,0,0
846000,11.9,0,5,0.46,0.21,0,0,99,1,0,15,False,True,0,0,59,46,35,4.07,AI is off,AI is off,AI is off,AI is off,Not paired,AI is off,0,0,0
848000,12,0,5,0.46,0.21,0,0,99,1,0,15,False,True,0,0,57,44,34,4.07,AI is off,AI is off,AI is off,AI is off,Not paired,AI is off,0,0,0
850000,12.2,0,5,0.46,0.21,0,0,99,1,0,15,False,True,0,0,55,41,31,4.07,AI is off,AI is off,AI is off,AI is off,Not paired,AI is off,0,0,0
852000,12.3,0,5,0.47,0.21,0,0,99,1,0,15,False,True,0,0,56,44,34,4.07,AI is off,AI is off,AI is off,AI is off,Not paired,AI is off,0,0,0
854000,12.2,0,5,0.46,0.21,0,0,99,1,0,15,False,True,0,0,55,40,31,4.07,AI is off,AI is off,AI is off,AI is off,Not paired,AI is off,0,0,0
856000,12.3,0,5,0.46,0.21,0,0,89,1,0,15,False,True,0,0,56,43,33,4.07,AI is off,AI is off,AI is off,AI is off,Not paired,AI is off,0,0,0
858000,12.2,0,5,0.46,0.21,0,0,89,1,0,15,False,True,0,0,56,44,33,4.07,AI is off,AI is off,AI is off,AI is off,Not paired,AI is off,0,0,0
860000,12.3,0,5,0.46,0.21,0,0,89,1,0,15,False,True,0,0,56,42,31,4.07,AI is off,AI is off,AI is off,AI is off,Not paired,AI is off,0,0,0
862000,12.3,0,5,0.46,0.21,0,0,88,1,0,15,False,True,0,0,56,43,33,4.07,AI is off,AI is off,AI is off,AI is off,Not paired,AI is off,0,0,0
864000,12.2,0,5,0.46,0.21,0,0,88,1,0,15,False,True,0,0,56,44,33,4.07,AI is off,AI is off,AI is off,AI is off,Not paired,AI is off,0,0,0
866000,12.3,0,5,0.46,0.21,0,0,88,1,0,15,False,True,0,0,56,42,33,4.07,AI is off,AI is off,AI is off,AI is off,Not paired,AI is off,0,0,0
868000,12.1,0,5,0.46,0.21,0,0,88,1,0,15,False,True,0,0,56,44,33,4.07,AI is off,AI is off,AI is off,AI is off,Not paired,AI is off,0,0,0
870000,12,0,5,0.46,0.21,0,0,88,1,0,15,False,True,0,0,57,43,33,4.07,AI is off,AI is off,AI is off,AI is off,Not paired,AI is off,0,0,0
872000,11.2,0,5,0.44,0.21,0,0,99,1,0,15,False,True,0,0,57,44,34,4.07,AI is off,AI is off,AI is off,AI is off,Not paired,AI is off,0,0,0
874000,9.900001,0,5,0.41,0.21,0,0,99,1,0,15,False,True,0,0,56,42,32,4.07,AI is off,AI is off,AI is off,AI is off,Not paired,AI is off,0,0,0
876000,8.5,0,5,0.38,0.21,0,0,99,1,0,15,False,True,0,0,56,44,34,4.07,AI is off,AI is off,AI is off,AI is off,Not paired,AI is off,0,0,0
878000,8,0,4,0.37,0.21,0,0,99,1,0,15,False,True,0,0,56,44,34,4.07,AI is off,AI is off,AI is off,AI is off,Not paired,AI is off,0,0,0
880000,7.7,0,4,0.37,0.21,0,0,99,1,0,16,False,True,0,0,56,43,33,4.07,AI is off,AI is off,AI is off,AI is off,Not paired,AI is off,0,0,0
882000,7.7,0,4,0.37,0.21,0,0,99,1,0,16,False,True,0,0,56,43,33,4.07,AI is off,AI is off,AI is off,AI is off,Not paired,AI is off,0,0,0
884000,8.2,0,4,0.38,0.21,0,0,99,1,0,16,False,True,0,0,55,41,31,4.07,AI is off,AI is off,AI is off,AI is off,Not paired,AI is off,0,0,0
886000,8.900001,0,4,0.39,0.21,0,0,99,1,0,16,False,True,0,0,56,43,33,4.07,AI is off,AI is off,AI is off,AI is off,Not paired,AI is off,0,0,0
888000,9.5,0,4,0.41,0.21,0,0,99,1,0,16,False,True,0,0,55,41,31,4.07,AI is off,AI is off,AI is off,AI is off,Not paired,AI is off,0,0,0
890000,10,0,4,0.42,0.21,0,0,99,1,0,16,False,True,0,0,56,44,34,4.07,AI is off,AI is off,AI is off,AI is off,Not paired,AI is off,0,0,0
892000,10.7,0,4,0.43,0.21,0,0,99,1,0,16,False,True,0,0,56,44,33,4.07,AI is off,AI is off,AI is off,AI is off,Not paired,AI is off,0,0,0
894000,11,0,5,0.44,0.21,0,0,99,1,0,16,False,True,0,0,56,42,33,4.07,AI is off,AI is off,AI is off,AI is off,Not paired,AI is off,0,0,0
896000,11.2,0,5,0.44,0.21,0,0,99,1,0,16,False,True,0,0,59,45,35,4.07,AI is off,AI is off,AI is off,AI is off,Not paired,AI is off,0,0,0
898000,11.4,0,5,0.45,0.21,0,0,99,1,0,16,False,True,0,0,59,45,35,4.07,AI is off,AI is off,AI is off,AI is off,Not paired,AI is off,0,0,0
900000,11.6,0,5,0.45,0.21,0,0,99,1,0,16,False,True,0,0,59,45,35,4.07,AI is off,AI is off,AI is off,AI is off,Not paired,AI is off,0,0,0
902000,11.7,0,5,0.45,0.21,0,0,99,1,0,16,False,True,0,0,55,41,31,4.07,AI is off,AI is off,AI is off,AI is off,Not paired,AI is off,0,0,0
904000,11.9,0,5,0.46,0.21,0,0,99,1,0,15,False,True,0,0,57,44,33,4.07,AI is off,AI is off,AI is off,AI is off,Not paired,AI is off,0,0,0
906000,12.2,0,5,0.46,0.21,0,0,98,1,0,15,False,True,0,0,58,47,36,4.07,AI is off,AI is off,AI is off,AI is off,Not paired,AI is off,0,0,0
908000,12.4,0,5,0.47,0.21,0,0,98,1,0,15,False,True,0,0,55,42,32,4.07,AI is off,AI is off,AI is off,AI is off,Not paired,AI is off,0,0,0
910000,12.7,0,5,0.47,0.21,0,0,80,1,0,15,False,True,0,0,54,41,31,4.07,AI is off,AI is off,AI is off,AI is off,Not paired,AI is off,0,0,0
912000,12.9,0,5,0.48,0.21,0,0,80,1,0,15,False,True,0,0,56,42,32,4.07,AI is off,AI is off,AI is off,AI is off,Not paired,AI is off,0,0,0
914000,13,0,5,0.48,0.21,0,0,80,1,0,15,False,True,0,0,55,42,33,4.07,AI is off,AI is off,AI is off,AI is off,Not paired,AI is off,0,0,0
916000,13,0,5,0.48,0.21,0,0,80,1,0,15,False,True,0,0,56,43,34,4.07,AI is off,AI is off,AI is off,AI is off,Not paired,AI is off,0,0,0
918000,13.1,0,5,0.48,0.21,0,0,80,1,0,15,False,True,0,0,55,40,30,4.07,AI is off,AI is off,AI is off,AI is off,Not paired,AI is off,0,0,0
920000,13.1,0,5,0.48,0.21,0,0,80,1,0,15,False,True,0,0,54,41,31,4.07,AI is off,AI is off,AI is off,AI is off,Not paired,AI is off,0,0,0
922000,13.2,0,5,0.48,0.21,0,0,71,1,0,15,False,True,0,0,55,42,32,4.07,AI is off,AI is off,AI is off,AI is off,Not paired,AI is off,0,0,0
924000,13,0,5,0.48,0.21,0,0,71,1,0,15,False,True,0,0,59,45,35,4.07,AI is off,AI is off,AI is off,AI is off,Not paired,AI is off,0,0,0
926000,12.9,0,5,0.48,0.21,0,0,73,1,0,15,False,True,0,0,58,45,33,4.07,AI is off,AI is off,AI is off,AI is off,Not paired,AI is off,0,0,0
928000,12.9,0,5,0.48,0.21,0,0,73,1,0,15,False,True,0,0,56,43,32,4.07,AI is off,AI is off,AI is off,AI is off,Not paired,AI is off,0,0,0
930000,13.7,0,5,0.49,0.21,0,0,73,1,0,15,False,True,0,0,55,42,32,4.07,AI is off,AI is off,AI is off,AI is off,Not paired,AI is off,0,0,0
932000,14.6,0,5,0.51,0.21,0,0,73,1,0,14,False,True,0,0,57,45,35,4.07,AI is off,AI is off,AI is off,AI is off,Not paired,AI is off,0,0,0
934000,15.6,0,5,0.53,0.21,0,0,73,1,0,14,False,True,0,0,55,41,31,4.07,AI is off,AI is off,AI is off,AI is off,Not paired,AI is off,0,0,0
936000,15.5,0,5,0.53,0.21,0,0,73,1,0,14,False,True,0,0,56,43,32,4.07,AI is off,AI is off,AI is off,AI is off,Not paired,AI is off,0,0,0
938000,15.5,0,5,0.53,0.21,0,0,47,1,0,14,False,True,0,0,55,42,31,4.07,AI is off,AI is off,AI is off,AI is off,Not paired,AI is off,0,0,0
940000,15.2,0,5,0.52,0.21,0,0,47,1,0,14,False,True,0,0,56,43,32,4.07,AI is off,AI is off,AI is off,AI is off,Not paired,AI is off,0,0,0
942000,15,0,5,0.52,0.21,0,0,51,1,0,14,False,True,0,0,58,45,35,4.07,AI is off,AI is off,AI is off,AI is off,Not paired,AI is off,0,0,0
944000,14.7,0,5,0.51,0.21,0,0,51,1,0,14,False,True,0,0,58,45,35,4.07,AI is off,AI is off,AI is off,AI is off,Not paired,AI is off,0,0,0
946000,14.2,0,5,0.5,0.21,0,0,51,1,0,14,False,True,0,0,58,44,33,4.07,AI is off,AI is off,AI is off,AI is off,Not paired,AI is off,0,0,0
948000,13.8,0,5,0.49,0.21,0,0,60,1,0,14,False,True,0,0,58,45,35,4.07,AI is off,AI is off,AI is off,AI is off,Not paired,AI is off,0,0,0
950000,13.4,0,5,0.49,0.21,0,0,60,1,0,14,False,True,0,0,57,45,36,4.07,AI is off,AI is off,AI is off,AI is off,Not paired,AI is off,0,0,0
952000,13.2,0,5,0.48,0.21,0,0,60,1,0,14,False,True,0,0,55,41,31,4.07,AI is off,AI is off,AI is off,AI is off,Not paired,AI is off,0,0,0
954000,13,0,5,0.48,0.21,0,0,60,1,0,14,False,True,0,0,56,43,33,4.07,AI is off,AI is off,AI is off,AI is off,Not paired,AI is off,0,0,0
956000,13,0,5,0.48,0.21,0,0,60,1,0,14,False,True,0,0,58,44,34,4.07,AI is off,AI is off,AI is off,AI is off,Not paired,AI is off,0,0,0
958000,12.7,0,5,0.47,0.21,0,0,76,1,0,14,False,True,0,0,57,44,34,4.07,AI is off,AI is off,AI is off,AI is off,Not paired,AI is off,0,0,0
960000,12.6,0,5,0.47,0.21,0,0,76,1,0,14,False,True,0,0,55,42,32,4.07,AI is off,AI is off,AI is off,AI is off,Not paired,AI is off,0,0,0
962000,12.7,0,5,0.47,0.21,0,0,78,1,0,14,False,True,0,0,55,41,32,4.07,AI is off,AI is off,AI is off,AI is off,Not paired,AI is off,0,0,0
964000,12.5,0,5,0.47,0.21,0,0,78,1,0,14,False,True,0,0,56,43,32,4.07,AI is off,AI is off,AI is off,AI is off,Not paired,AI is off,0,0,0
966000,12.7,0,5,0.47,0.21,0,0,78,1,0,14,False,True,0,0,55,42,32,4.07,AI is off,AI is off,AI is off,AI is off,Not paired,AI is off,0,0,0
968000,12.8,0,5,0.48,0.21,0,0,78,1,0,14,False,True,0,0,56,43,33,4.07,AI is off,AI is off,AI is off,AI is off,Not paired,AI is off,0,0,0
970000,12.8,0,5,0.48,0.21,0,0,78,1,0,14,False,True,0,0,55,42,32,4.07,AI is off,AI is off,AI is off,AI is off,Not paired,AI is off,0,0,0
972000,12.7,0,5,0.47,0.21,0,0,78,1,0,14,False,True,0,0,56,43,33,4.07,AI is off,AI is off,AI is off,AI is off,Not paired,AI is off,0,0,0
974000,12.6,0,5,0.47,0.21,0,0,77,1,0,14,False,True,0,0,56,43,32,4.07,AI is off,AI is off,AI is off,AI is off,Not paired,AI is off,0,0,0
976000,12.8,0,5,0.47,0.21,0,0,77,1,0,14,False,True,0,0,58,45,35,4.07,AI is off,AI is off,AI is off,AI is off,Not paired,AI is off,0,0,0
978000,12.8,0,5,0.48,0.21,0,0,75,1,0,14,False,True,0,0,59,45,35,4.07,AI is off,AI is off,AI is off,AI is off,Not paired,AI is off,0,0,0
980000,13.3,0,5,0.48,0.21,0,0,75,1,0,14,False,True,0,0,56,42,32,4.07,AI is off,AI is off,AI is off,AI is off,Not paired,AI is off,0,0,0
982000,13.5,0,5,0.49,0.21,0,0,75,1,0,14,False,True,0,0,57,44,34,4.07,AI is off,AI is off,AI is off,AI is off,Not paired,AI is off,0,0,0
984000,13.4,0,5,0.49,0.21,0,0,65,1,0,14,False,True,0,0,56,43,33,4.07,AI is off,AI is off,AI is off,AI is off,Not paired,AI is off,0,0,0
986000,13.3,0,5,0.49,0.21,0,0,65,1,0,14,False,True,0,0,56,43,33,4.07,AI is off,AI is off,AI is off,AI is off,Not paired,AI is off,0,0,0
988000,13.2,0,5,0.48,0.21,0,0,65,1,0,14,False,True,0,0,56,43,33,4.07,AI is off,AI is off,AI is off,AI is off,Not paired,AI is off,0,0,0
990000,13.2,0,5,0.48,0.21,0,0,65,1,0,14,False,True,0,0,57,44,34,4.07,AI is off,AI is off,AI is off,AI is off,Not paired,AI is off,0,0,0
992000,13.2,0,5,0.48,0.21,0,0,65,1,0,14,False,True,0,0,57,45,34,4.07,AI is off,AI is off,AI is off,AI is off,Not paired,AI is off,0,0,0
994000,13.1,0,5,0.48,0.21,0,0,65,1,0,14,False,True,0,0,56,43,33,4.07,AI is off,AI is off,AI is off,AI is off,Not paired,AI is off,0,0,0
996000,13,0,5,0.48,0.21,0,0,70,1,0,14,False,True,0,0,56,43,33,4.07,AI is off,AI is off,AI is off,AI is off,Not paired,AI is off,0,0,0
998000,12.8,0,5,0.47,0.21,0,0,70,1,0,14,False,True,0,0,56,43,32,4.07,AI is off,AI is off,AI is off,AI is off,Not paired,AI is off,0,0,0
1000000,12.8,0,5,0.47,0.21,0,0,75,1,0,14,False,True,0,0,55,41,31,4.07,AI is off,AI is off,AI is off,AI is off,Not paired,AI is off,0,0,0
1002000,12.7,0,5,0.47,0.21,0,0,75,1,0,14,False,True,0,0,57,44,34,4.07,AI is off,AI is off,AI is off,AI is off,Not paired,AI is off,0,0,0
1004000,12.7,0,5,0.47,0.21,0,0,78,1,0,14,False,True,0,0,56,42,33,4.07,AI is off,AI is off,AI is off,AI is off,Not paired,AI is off,0,0,0
1006000,12.8,0,5,0.48,0.21,0,0,78,1,0,14,False,True,0,0,56,42,32,4.07,AI is off,AI is off,AI is off,AI is off,Not paired,AI is off,0,0,0
1008000,12.8,0,5,0.47,0.21,0,0,78,1,0,14,False,True,0,0,58,44,34,4.07,AI is off,AI is off,AI is off,AI is off,Not paired,AI is off,0,0,0
1010000,13,0,5,0.48,0.21,0,0,78,1,0,14,False,True,0,0,56,43,32,4.07,AI is off,AI is off,AI is off,AI is off,Not paired,AI is off,0,0,0
1012000,13.1,0,5,0.48,0.21,0,0,78,1,0,14,False,True,0,0,57,44,34,4.07,AI is off,AI is off,AI is off,AI is off,Not paired,AI is off,0,0,0
1014000,13.1,0,5,0.48,0.21,0,0,78,1,0,14,False,True,0,0,56,44,33,4.07,AI is off,AI is off,AI is off,AI is off,Not paired,AI is off,0,0,0
1016000,13.1,0,5,0.48,0.21,0,0,70,1,0,14,False,True,0,0,57,44,34,4.07,AI is off,AI is off,AI is off,AI is off,Not paired,AI is off,0,0,0
1018000,13.3,0,5,0.48,0.21,0,0,70,1,0,14,False,True,0,0,58,45,35,4.07,AI is off,AI is off,AI is off,AI is off,Not paired,AI is off,0,0,0
1020000,13.4,0,5,0.49,0.21,0,0,66,1,0,14,False,True,0,0,59,46,36,4.07,AI is off,AI is off,AI is off,AI is off,Not paired,AI is off,0,0,0
1022000,13.7,0,5,0.49,0.21,0,0,66,1,0,14,False,True,0,0,55,42,32,4.07,AI is off,AI is off,AI is off,AI is off,Not paired,AI is off,0,0,0
1024000,13.4,0,5,0.49,0.21,0,0,66,1,0,14,False,True,0,0,56,43,33,4.07,AI is off,AI is off,AI is off,AI is off,Not paired,AI is off,0,0,0
1026000,13.3,0,5,0.49,0.21,0,0,66,1,0,14,False,True,0,0,56,43,34,4.07,AI is off,AI is off,AI is off,AI is off,Not paired,AI is off,0,0,0
1028000,13.2,0,5,0.48,0.21,0,0,66,1,0,14,False,True,0,0,56,43,33,4.07,AI is off,AI is off,AI is off,AI is off,Not paired,AI is off,0,0,0
1030000,13.2,0,5,0.48,0.21,0,0,66,1,0,14,False,True,0,0,56,44,33,4.07,AI is off,AI is off,AI is off,AI is off,Not paired,AI is off,0,0,0
1032000,13.3,0,5,0.48,0.21,0,0,69,1,0,14,False,True,0,0,58,45,36,4.07,AI is off,AI is off,AI is off,AI is off,Not paired,AI is off,0,0,0
1034000,13.6,0,5,0.49,0.21,0,0,69,1,0,14,False,True,0,0,57,45,35,4.07,AI is off,AI is off,AI is off,AI is off,Not paired,AI is off,0,0,0
1036000,13.6,0,5,0.49,0.21,0,0,69,1,0,14,False,True,0,0,57,45,35,4.07,AI is off,AI is off,AI is off,AI is off,Not paired,AI is off,0,0,0
1038000,13.5,0,5,0.49,0.21,0,0,62,1,0,14,False,True,0,0,56,43,33,4.07,AI is off,AI is off,AI is off,AI is off,Not paired,AI is off,0,0,0
1040000,13.3,0,5,0.49,0.21,0,0,62,1,0,14,False,True,0,0,58,46,36,4.07,AI is off,AI is off,AI is off,AI is off,Not paired,AI is off,0,0,0
1042000,13.4,0,5,0.49,0.21,0,0,62,1,0,14,False,True,0,0,56,44,33,4.07,AI is off,AI is off,AI is off,AI is off,Not paired,AI is off,0,0,0
1044000,13.3,0,5,0.49,0.21,0,0,62,1,0,14,False,True,0,0,59,46,34,4.07,AI is off,AI is off,AI is off,AI is off,Not paired,AI is off,0,0,0
1046000,13.4,0,5,0.48,0.21,0,0,62,1,0,14,False,True,0,0,56,43,33,4.07,AI is off,AI is off,AI is off,AI is off,Not paired,AI is off,0,0,0
1048000,13.6,0,5,0.49,0.21,0,0,64,1,0,14,False,True,0,0,54,41,31,4.07,AI is off,AI is off,AI is off,AI is off,Not paired,AI is off,0,0,0
1050000,13.9,0,5,0.49,0.21,0,0,64,1,0,14,False,True,0,0,56,43,33,4.07,AI is off,AI is off,AI is off,AI is off,Not paired,AI is off,0,0,0
1052000,13.7,0,5,0.5,0.21,0,0,64,1,0,14,False,True,0,0,56,43,33,4.07,AI is off,AI is off,AI is off,AI is off,Not paired,AI is off,0,0,0
1054000,13.4,0,5,0.49,0.21,0,0,62,1,0,14,False,True,0,0,56,43,34,4.07,AI is off,AI is off,AI is off,AI is off,Not paired,AI is off,0,0,0
1056000,13.3,0,5,0.48,0.21,0,0,62,1,0,14,False,True,0,0,57,44,33,4.07,AI is off,AI is off,AI is off,AI is off,Not paired,AI is off,0,0,0
1058000,13,0,5,0.48,0.21,0,0,62,1,0,14,False,True,0,0,58,44,34,4.07,AI is off,AI is off,AI is off,AI is off,Not paired,AI is off,0,0,0
1060000,13,0,5,0.48,0.21,0,0,62,1,0,14,False,True,0,0,58,45,36,4.07,AI is off,AI is off,AI is off,AI is off,Not paired,AI is off,0,0,0
1062000,12.9,0,5,0.48,0.21,0,0,62,1,0,14,False,True,0,0,57,44,35,4.07,AI is off,AI is off,AI is off,AI is off,Not paired,AI is off,0,0,0
1064000,12.7,0,5,0.48,0.21,0,0,73,1,0,14,False,True,0,0,58,44,34,4.07,AI is off,AI is off,AI is off,AI is off,Not paired,AI is off,0,0,0
1066000,12.6,0,5,0.47,0.21,0,0,73,1,0,14,False,True,0,0,58,45,35,4.07,AI is off,AI is off,AI is off,AI is off,Not paired,AI is off,0,0,0
1068000,12.6,0,5,0.47,0.21,0,0,73,1,0,14,False,True,0,0,58,44,34,4.07,AI is off,AI is off,AI is off,AI is off,Not paired,AI is off,0,0,0
1070000,12.5,0,5,0.47,0.21,0,0,78,1,0,14,False,True,0,0,57,44,35,4.07,AI is off,AI is off,AI is off,AI is off,Not paired,AI is off,0,0,0
1072000,12.3,0,5,0.47,0.21,0,0,78,1,0,14,False,True,0,0,57,44,34,4.07,AI is off,AI is off,AI is off,AI is off,Not paired,AI is off,0,0,0
1074000,12.3,0,5,0.47,0.21,0,0,78,1,0,14,False,True,0,0,59,46,36,4.07,AI is off,AI is off,AI is off,AI is off,Not paired,AI is off,0,0,0
1076000,12.2,0,5,0.46,0.21,0,0,78,1,0,14,False,True,0,0,58,44,34,4.07,AI is off,AI is off,AI is off,AI is off,Not paired,AI is off,0,0,0
1078000,11.9,0,5,0.46,0.21,0,0,78,1,0,14,False,True,0,0,58,45,35,4.07,AI is off,AI is off,AI is off,AI is off,Not paired,AI is off,0,0,0
1080000,12.2,0,5,0.46,0.21,0,0,88,1,0,14,False,True,0,0,55,42,32,4.07,AI is off,AI is off,AI is off,AI is off,Not paired,AI is off,0,0,0
1082000,12.2,0,5,0.46,0.21,0,0,88,1,0,14,False,True,0,0,57,45,36,4.07,AI is off,AI is off,AI is off,AI is off,Not paired,AI is off,0,0,0
1084000,12.5,0,5,0.47,0.21,0,0,88,1,0,14,False,True,0,0,57,44,35,4.07,AI is off,AI is off,AI is off,AI is off,Not paired,AI is off,0,0,0
1086000,12.6,0,5,0.47,0.21,0,0,77,1,0,14,False,True,0,0,55,42,32,4.07,AI is off,AI is off,AI is off,AI is off,Not paired,AI is off,0,0,0
1088000,12.4,0,5,0.47,0.21,0,0,77,1,0,14,False,True,0,0,57,44,34,4.07,AI is off,AI is off,AI is off,AI is off,Not paired,AI is off,0,0,0
1090000,12.8,0,5,0.47,0.21,0,0,77,1,0,14,False,True,0,0,57,45,35,4.07,AI is off,AI is off,AI is off,AI is off,Not paired,AI is off,0,0,0
1092000,12.5,0,5,0.47,0.21,0,0,77,1,0,14,False,True,0,0,57,44,34,4.07,AI is off,AI is off,AI is off,AI is off,Not paired,AI is off,0,0,0
1094000,12.3,0,5,0.47,0.21,0,0,77,1,0,14,False,True,0,0,56,44,33,4.07,AI is off,AI is off,AI is off,AI is off,Not paired,AI is off,0,0,0
1096000,12.1,0,5,0.46,0.21,0,0,87,1,0,14,False,True,0,0,59,45,35,4.07,AI is off,AI is off,AI is off,AI is off,Not paired,AI is off,0,0,0
1098000,11.8,0,5,0.46,0.21,0,0,87,1,0,14,False,True,0,0,57,44,34,4.07,AI is off,AI is off,AI is off,AI is off,Not paired,AI is off,0,0,0
1100000,11.6,0,5,0.45,0.21,0,0,87,1,0,14,False,True,0,0,56,43,33,4.07,AI is off,AI is off,AI is off,AI is off,Not paired,AI is off,0,0,0
1102000,11.5,0,5,0.45,0.21,0,0,99,1,0,14,False,True,0,0,59,47,36,4.07,AI is off,AI is off,AI is off,AI is off,Not paired,AI is off,0,0,0
1104000,11.3,0,5,0.44,0.21,0,0,99,1,0,14,False,True,0,0,58,45,35,4.07,AI is off,AI is off,AI is off,AI is off,Not paired,AI is off,0,0,0
1106000,11.1,0,5,0.44,0.21,0,0,99,1,0,14,False,True,0,0,57,45,35,4.07,AI is off,AI is off,AI is off,AI is off,Not paired,AI is off,0,0,0
1108000,11,0,5,0.44,0.21,0,0,99,1,0,15,False,True,0,0,58,44,34,4.07,AI is off,AI is off,AI is off,AI is off,Not paired,AI is off,0,0,0
1110000,10.8,0,5,0.44,0.21,0,0,99,1,0,15,False,True,0,0,57,44,34,4.07,AI is off,AI is off,AI is off,AI is off,Not paired,AI is off,0,0,0
1112000,10.6,0,5,0.43,0.21,0,0,99,1,0,15,False,True,0,0,59,45,35,4.07,AI is off,AI is off,AI is off,AI is off,Not paired,AI is off,0,0,0
1114000,10.3,0,5,0.43,0.21,0,0,99,1,0,15,False,True,0,0,58,45,35,4.07,AI is off,AI is off,AI is off,AI is off,Not paired,AI is off,0,0,0
1116000,10.1,0,5,0.42,0.21,0,0,99,1,0,15,False,True,0,0,58,45,35,4.07,AI is off,AI is off,AI is off,AI is off,Not paired,AI is off,0,0,0
1118000,9.900001,0,4,0.42,0.21,0,0,99,1,0,15,False,True,0,0,57,43,33,4.07,AI is off,AI is off,AI is off,AI is off,Not paired,AI is off,0,0,0
1120000,9.8,0,4,0.41,0.21,0,0,99,1,0,15,False,True,0,0,59,46,35,4.07,AI is off,AI is off,AI is off,AI is off,Not paired,AI is off,0,0,0
1122000,9.7,0,4,0.41,0.21,0,0,99,1,0,15,False,True,0,0,60,46,36,4.07,AI is off,AI is off,AI is off,AI is off,Not paired,AI is off,0,0,0
1124000,9.5,0,4,0.41,0.21,0,0,99,1,0,15,False,True,0,0,58,46,37,4.07,AI is off,AI is off,AI is off,AI is off,Not paired,AI is off,0,0,0
1126000,9.8,0,4,0.41,0.21,0,0,99,1,0,15,False,True,0,0,56,43,32,4.07,AI is off,AI is off,AI is off,AI is off,Not paired,AI is off,0,0,0
1128000,10,0,4,0.42,0.21,0,0,99,1,0,15,False,True,0,0,58,46,34,4.07,AI is off,AI is off,AI is off,AI is off,Not paired,AI is off,0,0,0
1130000,10.1,0,4,0.42,0.21,0,0,99,1,0,15,False,True,0,0,59,46,35,4.07,AI is off,AI is off,AI is off,AI is off,Not paired,AI is off,0,0,0
1132000,10.2,0,4,0.42,0.21,0,0,99,1,0,15,False,True,0,0,60,47,35,4.07,AI is off,AI is off,AI is off,AI is off,Not paired,AI is off,0,0,0
1134000,10.3,0,4,0.42,0.21,0,0,99,1,0,15,False,True,0,0,61,48,39,4.07,AI is off,AI is off,AI is off,AI is off,Not paired,AI is off,0,0,0
1136000,10.2,0,4,0.42,0.21,0,0,99,1,0,15,False,True,0,0,59,47,36,4.07,AI is off,AI is off,AI is off,AI is off,Not paired,AI is off,0,0,0
1138000,10,0,4,0.42,0.21,0,0,99,1,0,15,False,True,0,0,58,45,34,4.07,AI is off,AI is off,AI is off,AI is off,Not paired,AI is off,0,0,0
1140000,9.900001,0,4,0.42,0.21,0,0,99,1,0,15,False,True,0,0,56,43,32,4.07,AI is off,AI is off,AI is off,AI is off,Not paired,AI is off,0,0,0
1142000,9.7,0,4,0.41,0.21,0,0,99,1,0,15,False,True,0,0,55,42,32,4.07,AI is off,AI is off,AI is off,AI is off,Not paired,AI is off,0,0,0
1144000,9.6,0,4,0.41,0.21,0,0,99,1,0,15,False,True,0,0,61,47,37,4.07,AI is off,AI is off,AI is off,AI is off,Not paired,AI is off,0,0,0
1146000,9.3,0,4,0.4,0.21,0,0,99,1,0,15,False,True,0,0,60,46,36,4.07,AI is off,AI is off,AI is off,AI is off,Not paired,AI is off,0,0,0
1148000,8.900001,0,4,0.39,0.21,0,0,99,1,0,15,False,True,0,0,57,43,34,4.07,AI is off,AI is off,AI is off,AI is off,Not paired,AI is off,0,0,0
1150000,8.7,0,4,0.39,0.21,0,0,99,1,0,15,False,True,0,0,55,42,31,4.07,AI is off,AI is off,AI is off,AI is off,Not paired,AI is off,0,0,0
1152000,8.5,0,4,0.39,0.21,0,0,99,1,0,15,False,True,0,0,58,45,34,4.07,AI is off,AI is off,AI is off,AI is off,Not paired,AI is off,0,0,0
1154000,8.2,0,4,0.38,0.21,0,0,99,1,0,15,False,True,0,0,59,45,33,4.07,AI is off,AI is off,AI is off,AI is off,Not paired,AI is off,0,0,0
1156000,7.9,0,4,0.37,0.21,0,0,99,1,0,15,False,True,0,0,57,45,35,4.07,AI is off,AI is off,AI is off,AI is off,Not paired,AI is off,0,0,0
1158000,7.5,0,4,0.37,0.21,0,0,99,1,0,15,False,True,0,0,57,45,34,4.07,AI is off,AI is off,AI is off,AI is off,Not paired,AI is off,0,0,0
1160000,7.2,0,4,0.36,0.21,0,0,99,1,0,16,False,True,0,0,57,44,34,4.07,AI is off,AI is off,AI is off,AI is off,Not paired,AI is off,0,0,0
1162000,7,0,4,0.36,0.21,0,0,99,1,0,16,False,True,0,0,58,45,35,4.07,AI is off,AI is off,AI is off,AI is off,Not paired,AI is off,0,0,0
1164000,6.9,0,4,0.35,0.21,0,0,99,1,0,16,False,True,0,0,61,47,35,4.07,AI is off,AI is off,AI is off,AI is off,Not paired,AI is off,0,0,0
1166000,6.9,0,4,0.35,0.21,0,0,99,1,0,16,False,True,0,0,58,45,35,4.07,AI is off,AI is off,AI is off,AI is off,Not paired,AI is off,0,0,0
1168000,7.2,0,4,0.36,0.21,0,0,99,1,0,16,False,True,0,0,59,46,35,4.07,AI is off,AI is off,AI is off,AI is off,Not paired,AI is off,0,0,0
1170000,7.4,0,4,0.36,0.21,0,0,99,1,0,16,False,True,0,0,62,48,36,4.07,AI is off,AI is off,AI is off,AI is off,Not paired,AI is off,0,0,0
1172000,7.3,0,4,0.36,0.21,0,0,99,1,0,16,False,True,0,0,57,44,34,4.07,AI is off,AI is off,AI is off,AI is off,Not paired,AI is off,0,0,0
1174000,7.2,0,4,0.36,0.21,0,0,99,1,0,16,False,True,0,0,70,53,41,4.07,AI is off,AI is off,AI is off,AI is off,Not paired,AI is off,0,0,0
1176000,7.4,0,4,0.36,0.21,0,0,99,1,0,16,False,True,0,0,58,46,36,4.07,AI is off,AI is off,AI is off,AI is off,Not paired,AI is off,0,0,0
1178000,7.4,0,4,0.36,0.21,0,0,99,1,0,16,False,True,0,0,59,45,36,4.07,AI is off,AI is off,AI is off,AI is off,Not paired,AI is off,0,0,0
1180000,7.3,0,4,0.36,0.21,0,0,99,1,0,16,False,True,0,0,59,46,35,4.07,AI is off,AI is off,AI is off,AI is off,Not paired,AI is off,0,0,0
1182000,7.3,0,4,0.36,0.21,0,0,99,1,0,16,False,True,0,0,73,56,42,4.07,AI is off,AI is off,AI is off,AI is off,Not paired,AI is off,0,0,0
1184000,7.2,0,4,0.36,0.21,0,0,99,1,0,16,False,True,0,0,70,55,43,4.07,AI is off,AI is off,AI is off,AI is off,Not paired,AI is off,0,0,0
1186000,7,0,4,0.35,0.21,0,0,99,1,0,16,False,True,0,0,60,48,37,4.07,AI is off,AI is off,AI is off,AI is off,Not paired,AI is off,0,0,0
1188000,6.8,0,4,0.35,0.21,0,0,99,1,0,16,False,True,0,0,57,44,32,4.07,AI is off,AI is off,AI is off,AI is off,Not paired,AI is off,0,0,0
1190000,6.5,0,4,0.34,0.21,0,0,99,1,0,16,False,True,0,0,58,44,34,4.07,AI is off,AI is off,AI is off,AI is off,Not paired,AI is off,0,0,0
1192000,6.2,0,4,0.34,0.21,0,0,99,1,0,16,False,True,0,0,57,45,33,4.07,AI is off,AI is off,AI is off,AI is off,Not paired,AI is off,0,0,0
1194000,6,0,4,0.33,0.21,0,0,99,1,0,17,False,True,0,0,59,46,35,4.07,AI is off,AI is off,AI is off,AI is off,Not paired,AI is off,0,0,0
1196000,6.1,0,4,0.34,0.21,0,0,99,1,0,17,False,True,0,0,56,43,33,4.07,AI is off,AI is off,AI is off,AI is off,Not paired,AI is off,0,0,0
1198000,5.9,0,4,0.33,0.21,0,0,99,1,0,17,False,True,0,0,57,45,35,4.07,AI is off,AI is off,AI is off,AI is off,Not paired,AI is off,0,0,0
1200000,5.9,0,4,0.33,0.21,0,0,99,1,0,17,False,True,0,0,58,45,36,4.07,AI is off,AI is off,AI is off,AI is off,Not paired,AI is off,0,0,0
1202000,5.8,0,4,0.33,0.21,0,0,99,1,0,17,False,True,0,0,58,45,34,4.07,AI is off,AI is off,AI is off,AI is off,Not paired,AI is off,0,0,0
1204000,6.1,0,4,0.33,0.21,0,0,99,1,0,17,False,True,0,0,58,45,34,4.07,AI is off,AI is off,AI is off,AI is off,Not paired,AI is off,0,0,0
1206000,6.2,0,4,0.34,0.21,0,0,99,1,0,17,False,True,0,0,64,50,38,4.07,AI is off,AI is off,AI is off,AI is off,Not paired,AI is off,0,0,0
1208000,6.1,0,4,0.33,0.21,0,0,99,1,0,17,False,True,0,0,59,46,35,4.07,AI is off,AI is off,AI is off,AI is off,Not paired,AI is off,0,0,0
1210000,5.9,0,4,0.33,0.21,0,0,99,1,0,17,False,True,0,0,59,46,36,4.07,AI is off,AI is off,AI is off,AI is off,Not paired,AI is off,0,0,0
1212000,5.5,0,4,0.32,0.21,0,0,99,1,0,17,False,True,0,0,57,44,35,4.07,AI is off,AI is off,AI is off,AI is off,Not paired,AI is off,0,0,0
1214000,5.1,0,4,0.31,0.21,0,0,99,1,0,17,False,True,0,0,57,45,34,4.07,AI is off,AI is off,AI is off,AI is off,Not paired,AI is off,0,0,0
1216000,4.9,0,4,0.31,0.21,0,0,99,1,0,17,False,True,0,0,58,46,34,4.07,AI is off,AI is off,AI is off,AI is off,Not paired,AI is off,0,0,0
1218000,4.7,0,4,0.31,0.21,0,0,99,1,0,17,False,True,0,0,63,49,37,4.07,AI is off,AI is off,AI is off,AI is off,Not paired,AI is off,0,0,0
1220000,4.6,0,3,0.3,0.21,0,0,99,1,0,17,False,True,0,0,65,50,39,4.07,AI is off,AI is off,AI is off,AI is off,Not paired,AI is off,0,0,0
1222000,4.5,0,3,0.3,0.21,0,0,99,1,0,17,False,True,0,0,60,45,35,4.07,AI is off,AI is off,AI is off,AI is off,Not paired,AI is off,0,0,0
1224000,4.3,0,3,0.3,0.21,0,0,99,1,0,17,False,True,0,0,63,50,37,4.07,AI is off,AI is off,AI is off,AI is off,Not paired,AI is off,0,0,0
1226000,4,0,3,0.29,0.21,0,0,99,1,0,18,False,True,0,0,60,47,35,4.07,AI is off,AI is off,AI is off,AI is off,Not paired,AI is off,0,0,0
1228000,4,0,3,0.29,0.21,0,0,99,1,0,18,False,True,0,0,59,44,32,4.07,AI is off,AI is off,AI is off,AI is off,Not paired,AI is off,0,0,0
1230000,4.1,0,3,0.29,0.21,0,0,99,1,0,18,False,True,0,0,55,42,32,4.07,AI is off,AI is off,AI is off,AI is off,Not paired,AI is off,0,0,0
1232000,3.9,0,3,0.29,0.21,0,0,99,1,0,18,False,True,0,0,59,45,34,4.07,AI is off,AI is off,AI is off,AI is off,Not paired,AI is off,0,0,0
1234000,3.8,0,3,0.28,0.21,0,0,99,1,0,18,False,True,0,0,61,47,36,4.07,AI is off,AI is off,AI is off,AI is off,Not paired,AI is off,0,0,0
1236000,4.1,0,3,0.29,0.21,0,0,99,1,0,18,False,True,0,0,55,41,32,4.07,AI is off,AI is off,AI is off,AI is off,Not paired,AI is off,0,0,0
1238000,4.1,0,3,0.29,0.21,0,0,99,1,0,18,False,True,0,0,55,42,32,4.07,AI is off,AI is off,AI is off,AI is off,Not paired,AI is off,0,0,0
1240000,4,0,3,0.29,0.21,0,0,99,1,0,18,False,True,0,0,63,49,36,4.07,AI is off,AI is off,AI is off,AI is off,Not paired,AI is off,0,0,0
1242000,3.8,0,3,0.29,0.21,0,0,99,1,0,18,False,True,0,0,59,46,35,4.07,AI is off,AI is off,AI is off,AI is off,Not paired,AI is off,0,0,0
1244000,4.1,0,3,0.29,0.21,0,0,99,1,0,18,False,True,0,0,60,46,35,4.07,AI is off,AI is off,AI is off,AI is off,Not paired,AI is off,0,0,0
1246000,4,0,3,0.29,0.21,0,0,99,1,0,18,False,True,0,0,60,45,35,4.07,AI is off,AI is off,AI is off,AI is off,Not paired,AI is off,0,0,0
1248000,4,0,3,0.29,0.21,0,0,99,1,0,18,False,True,0,0,69,55,42,4.07,AI is off,AI is off,AI is off,AI is off,Not paired,AI is off,0,0,0
1250000,4.1,0,3,0.29,0.21,0,0,99,1,0,18,False,True,0,0,61,47,36,4.07,AI is off,AI is off,AI is off,AI is off,Not paired,AI is off,0,0,0
1252000,4.2,0,3,0.29,0.21,0,0,99,1,0,18,False,True,0,0,57,44,34,4.07,AI is off,AI is off,AI is off,AI is off,Not paired,AI is off,0,0,0
1254000,4.3,0,3,0.3,0.21,0,0,99,1,0,18,False,True,0,0,59,46,35,4.07,AI is off,AI is off,AI is off,AI is off,Not paired,AI is off,0,0,0
1256000,4.2,0,3,0.3,0.21,0,0,99,1,0,18,False,True,0,0,59,45,35,4.07,AI is off,AI is off,AI is off,AI is off,Not paired,AI is off,0,0,0
1258000,4.2,0,3,0.3,0.21,0,0,99,1,0,18,False,True,0,0,61,47,36,4.07,AI is off,AI is off,AI is off,AI is off,Not paired,AI is off,0,0,0
1260000,4.2,0,3,0.29,0.21,0,0,99,1,0,18,False,True,0,0,56,43,32,4.07,AI is off,AI is off,AI is off,AI is off,Not paired,AI is off,0,0,0
1262000,4.1,0,3,0.29,0.21,0,0,99,1,0,18,False,True,0,0,56,42,32,4.07,AI is off,AI is off,AI is off,AI is off,Not paired,AI is off,0,0,0
1264000,4.1,0,3,0.29,0.21,0,0,99,1,0,18,False,True,0,0,56,42,31,4.07,AI is off,AI is off,AI is off,AI is off,Not paired,AI is off,0,0,0
1266000,4.1,0,3,0.29,0.21,0,0,99,1,0,18,False,True,0,0,57,43,32,4.07,AI is off,AI is off,AI is off,AI is off,Not paired,AI is off,0,0,0
1268000,4.2,0,3,0.3,0.21,0,0,99,1,0,18,False,True,0,0,57,44,34,4.07,AI is off,AI is off,AI is off,AI is off,Not paired,AI is off,0,0,0
1270000,4.3,0,3,0.3,0.21,0,0,99,1,0,18,False,True,0,0,58,44,33,4.07,AI is off,AI is off,AI is off,AI is off,Not paired,AI is off,0,0,0
1272000,4.2,0,3,0.3,0.21,0,0,99,1,0,18,False,True,0,0,55,41,31,4.07,AI is off,AI is off,AI is off,AI is off,Not paired,AI is off,0,0,0
1274000,4.5,0,3,0.3,0.21,0,0,99,1,0,18,False,True,0,0,56,43,34,4.07,AI is off,AI is off,AI is off,AI is off,Not paired,AI is off,0,0,0
1276000,4.5,0,3,0.3,0.21,0,0,99,1,0,18,False,True,0,0,55,41,31,4.07,AI is off,AI is off,AI is off,AI is off,Not paired,AI is off,0,0,0
1278000,4.4,0,3,0.3,0.21,0,0,99,1,0,18,False,True,0,0,54,41,32,4.07,AI is off,AI is off,AI is off,AI is off,Not paired,AI is off,0,0,0
1280000,4.2,0,3,0.29,0.21,0,0,99,1,0,18,False,True,0,0,54,41,31,4.07,AI is off,AI is off,AI is off,AI is off,Not paired,AI is off,0,0,0
1282000,4,0,3,0.29,0.21,0,0,99,1,0,18,False,True,0,0,55,41,32,4.07,AI is off,AI is off,AI is off,AI is off,Not paired,AI is off,0,0,0
1284000,3.6,0,2,0.28,0.21,0,0,99,1,0,19,False,True,0,0,57,43,33,4.07,AI is off,AI is off,AI is off,AI is off,Not paired,AI is off,0,0,0
1286000,3.2,0,2,0.28,0.21,0,0,99,1,0,19,False,True,0,0,63,49,37,4.07,AI is off,AI is off,AI is off,AI is off,Not paired,AI is off,0,0,0
1288000,3.2,0,2,0.27,0.21,0,0,99,1,0,19,False,True,0,0,56,44,32,4.07,AI is off,AI is off,AI is off,AI is off,Not paired,AI is off,0,0,0
1290000,2.9,0,2,0.27,0.21,0,0,99,1,0,19,False,True,0,0,59,47,36,4.07,AI is off,AI is off,AI is off,AI is off,Not paired,AI is off,0,0,0
1292000,1.7,0,2,0.25,0.21,0,0,99,1,0,19,False,True,0,0,57,45,35,4.07,AI is off,AI is off,AI is off,AI is off,Not paired,AI is off,0,0,0
1294000,1.2,0,2,0.23,0.21,0,0,99,1,0,19,False,True,0,0,55,41,31,4.07,AI is off,AI is off,AI is off,AI is off,Not paired,AI is off,0,0,0
1296000,1.3,0,2,0.23,0.21,0,0,99,1,0,19,False,True,0,0,55,42,31,4.07,AI is off,AI is off,AI is off,AI is off,Not paired,AI is off,0,0,0
1298000,1.5,0,2,0.24,0.21,0,0,99,1,0,19,False,True,0,0,56,44,32,4.07,AI is off,AI is off,AI is off,AI is off,Not paired,AI is off,0,0,0
1300000,2.1,0,2,0.25,0.21,0,0,99,1,0,19,False,True,0,0,55,41,32,4.07,AI is off,AI is off,AI is off,AI is off,Not paired,AI is off,0,0,0
1302000,2.8,0,2,0.26,0.21,0,0,99,1,0,19,False,True,0,0,55,42,32,4.07,AI is off,AI is off,AI is off,AI is off,Not paired,AI is off,0,0,0
1304000,3.6,0,2,0.28,0.21,0,0,99,1,0,19,False,True,0,0,58,44,34,4.07,AI is off,AI is off,AI is off,AI is off,Not paired,AI is off,0,0,0
1306000,4,0,2,0.29,0.21,0,0,99,1,0,19,False,True,0,0,58,45,35,4.07,AI is off,AI is off,AI is off,AI is off,Not paired,AI is off,0,0,0
1308000,4.5,0,2,0.3,0.21,0,0,99,1,0,19,False,True,0,0,63,50,38,4.07,AI is off,AI is off,AI is off,AI is off,Not paired,AI is off,0,0,0
1310000,5.1,0,2,0.31,0.21,0,0,99,1,0,19,False,True,0,0,54,41,31,4.07,AI is off,AI is off,AI is off,AI is off,Not paired,AI is off,0,0,0
1312000,5.6,0,2,0.32,0.21,0,0,99,1,0,19,False,True,0,0,55,41,31,4.07,AI is off,AI is off,AI is off,AI is off,Not paired,AI is off,0,0,0
1314000,5.9,0,2,0.33,0.21,0,0,99,1,0,19,False,True,0,0,56,43,32,4.07,AI is off,AI is off,AI is off,AI is off,Not paired,AI is off,0,0,0
1316000,6.5,0,2,0.34,0.21,0,0,99,1,0,19,False,True,0,0,56,43,32,4.07,AI is off,AI is off,AI is off,AI is off,Not paired,AI is off,0,0,0
1318000,6.8,0,2,0.35,0.21,0,0,99,1,0,19,False,True,0,0,58,44,34,4.07,AI is off,AI is off,AI is off,AI is off,Not paired,AI is off,0,0,0
1320000,7.3,0,2,0.36,0.21,0,0,99,1,0,19,False,True,0,0,56,43,32,4.07,AI is off,AI is off,AI is off,AI is off,Not paired,AI is off,0,0,0
1322000,7.2,0,2,0.36,0.21,0,0,99,1,0,19,False,True,0,0,59,47,35,4.07,AI is off,AI is off,AI is off,AI is off,Not paired,AI is off,0,0,0
1324000,7,0,2,0.36,0.21,0,0,99,1,0,19,False,True,0,0,57,44,35,4.07,AI is off,AI is off,AI is off,AI is off,Not paired,AI is off,0,0,0
1326000,6.8,0,2,0.35,0.21,0,0,99,1,0,19,False,True,0,0,58,45,36,4.07,AI is off,AI is off,AI is off,AI is off,Not paired,AI is off,0,0,0
1328000,6.5,0,2,0.34,0.21,0,0,99,1,0,19,False,True,0,0,59,47,37,4.07,AI is off,AI is off,AI is off,AI is off,Not paired,AI is off,0,0,0
1330000,6.5,0,2,0.34,0.21,0,0,99,1,0,19,False,True,0,0,59,46,35,4.07,AI is off,AI is off,AI is off,AI is off,Not paired,AI is off,0,0,0
1332000,6.7,0,2,0.35,0.21,0,0,99,1,0,19,False,True,0,0,62,49,36,4.07,AI is off,AI is off,AI is off,AI is off,Not paired,AI is off,0,0,0
1334000,7,0,2,0.35,0.21,0,0,99,1,0,19,False,True,0,0,57,42,32,4.07,AI is off,AI is off,AI is off,AI is off,Not paired,AI is off,0,0,0
1336000,7.5,0,2,0.36,0.21,0,0,99,1,0,19,False,True,0,0,56,43,34,4.07,AI is off,AI is off,AI is off,AI is off,Not paired,AI is off,0,0,0
1338000,7.8,0,2,0.37,0.21,0,0,99,1,0,19,False,True,0,0,55,42,32,4.07,AI is off,AI is off,AI is off,AI is off,Not paired,AI is off,0,0,0
1340000,7.7,0,2,0.37,0.21,0,0,99,1,0,19,False,True,0,0,55,42,31,4.07,AI is off,AI is off,AI is off,AI is off,Not paired,AI is off,0,0,0
1342000,7.7,0,2,0.37,0.21,0,0,99,1,0,19,False,True,0,0,56,42,31,4.07,AI is off,AI is off,AI is off,AI is off,Not paired,AI is off,0,0,0
1344000,7.5,0,2,0.36,0.21,0,0,99,1,0,19,False,True,0,0,57,43,33,4.07,AI is off,AI is off,AI is off,AI is off,Not paired,AI is off,0,0,0
1346000,7.3,0,2,0.36,0.21,0,0,99,1,0,19,False,True,0,0,57,44,34,4.07,AI is off,AI is off,AI is off,AI is off,Not paired,AI is off,0,0,0
1348000,7.1,0,2,0.35,0.21,0,0,99,1,0,19,False,True,0,0,56,43,33,4.07,AI is off,AI is off,AI is off,AI is off,Not paired,AI is off,0,0,0
1350000,6.9,0,2,0.35,0.21,0,0,99,1,0,19,False,True,0,0,59,46,36,4.07,AI is off,AI is off,AI is off,AI is off,Not paired,AI is off,0,0,0
1352000,6.5,0,2,0.35,0.21,0,0,99,1,0,19,False,True,0,0,58,45,35,4.07,AI is off,AI is off,AI is off,AI is off,Not paired,AI is off,0,0,0
1354000,6.2,0,2,0.34,0.21,0,0,99,1,0,19,False,True,0,0,59,47,37,4.07,AI is off,AI is off,AI is off,AI is off,Not paired,AI is off,0,0,0
1356000,5.9,0,2,0.33,0.21,0,0,99,1,0,19,False,True,0,0,57,44,33,4.07,AI is off,AI is off,AI is off,AI is off,Not paired,AI is off,0,0,0
1358000,5.6,0,2,0.33,0.21,0,0,99,1,0,19,False,True,0,0,55,41,31,4.07,AI is off,AI is off,AI is off,AI is off,Not paired,AI is off,0,0,0
1360000,5.1,0,2,0.32,0.21,0,0,99,1,0,19,False,True,0,0,59,45,34,4.07,AI is off,AI is off,AI is off,AI is off,Not paired,AI is off,0,0,0
1362000,4.9,0,2,0.31,0.21,0,0,99,1,0,19,False,True,0,0,56,43,33,4.07,AI is off,AI is off,AI is off,AI is off,Not paired,AI is off,0,0,0
1364000,4.7,0,2,0.31,0.21,0,0,99,1,0,19,False,True,0,0,56,43,33,4.07,AI is off,AI is off,AI is off,AI is off,Not paired,AI is off,0,0,0
1366000,4.4,0,1,0.3,0.21,0,0,99,1,0,19,False,True,0,0,58,45,33,4.07,AI is off,AI is off,AI is off,AI is off,Not paired,AI is off,0,0,0
1368000,4.2,0,1,0.29,0.21,0,0,99,1,0,19,False,True,0,0,59,44,35,4.07,AI is off,AI is off,AI is off,AI is off,Not paired,AI is off,0,0,0
1370000,4.3,0,1,0.3,0.21,0,0,99,1,0,19,False,True,0,0,59,44,34,4.07,AI is off,AI is off,AI is off,AI is off,Not paired,AI is off,0,0,0
1372000,4.3,0,1,0.3,0.21,0,0,99,1,0,19,False,True,0,0,60,44,34,4.07,AI is off,AI is off,AI is off,AI is off,Not paired,AI is off,0,0,0
1374000,4.5,0,1,0.3,0.21,0,0,99,1,0,19,False,True,0,0,59,45,34,4.07,AI is off,AI is off,AI is off,AI is off,Not paired,AI is off,0,0,0
1376000,4.6,0,1,0.3,0.21,0,0,99,1,0,19,False,True,0,0,59,46,35,4.07,AI is off,AI is off,AI is off,AI is off,Not paired,AI is off,0,0,0
1378000,4.8,0,1,0.31,0.21,0,0,99,1,0,19,False,True,0,0,56,43,33,4.07,AI is off,AI is off,AI is off,AI is off,Not paired,AI is off,0,0,0
1380000,5,0,1,0.31,0.21,0,0,99,1,0,19,False,True,0,0,58,45,35,4.07,AI is off,AI is off,AI is off,AI is off,Not paired,AI is off,0,0,0
1382000,5.2,0,1,0.32,0.21,0,0,99,1,0,19,False,True,0,0,59,44,33,4.07,AI is off,AI is off,AI is off,AI is off,Not paired,AI is off,0,0,0
1384000,5.4,0,1,0.32,0.21,0,0,99,1,0,19,False,True,0,0,57,45,34,4.07,AI is off,AI is off,AI is off,AI is off,Not paired,AI is off,0,0,0
1386000,5.6,0,1,0.32,0.21,0,0,99,1,0,19,False,True,0,0,58,46,36,4.07,AI is off,AI is off,AI is off,AI is off,Not paired,AI is off,0,0,0
1388000,5.8,0,1,0.33,0.21,0,0,99,1,0,19,False,True,0,0,58,46,35,4.07,AI is off,AI is off,AI is off,AI is off,Not paired,AI is off,0,0,0
1390000,5.9,0,1,0.33,0.21,0,0,99,1,0,19,False,True,0,0,60,47,37,4.07,AI is off,AI is off,AI is off,AI is off,Not paired,AI is off,0,0,0
1392000,6,0,1,0.33,0.21,0,0,99,1,0,19,False,True,0,0,59,46,34,4.07,AI is off,AI is off,AI is off,AI is off,Not paired,AI is off,0,0,0
1394000,6.1,0,1,0.33,0.21,0,0,99,1,0,19,False,True,0,0,60,46,33,4.07,AI is off,AI is off,AI is off,AI is off,Not paired,AI is off,0,0,0
1396000,6,0,1,0.33,0.21,0,0,99,1,0,19,False,True,0,0,59,47,35,4.07,AI is off,AI is off,AI is off,AI is off,Not paired,AI is off,0,0,0
1398000,6,0,1,0.33,0.21,0,0,99,1,0,19,False,True,0,0,59,45,32,4.07,AI is off,AI is off,AI is off,AI is off,Not paired,AI is off,0,0,0
1400000,6,0,1,0.33,0.21,0,0,99,1,0,19,False,True,0,0,61,47,36,4.07,AI is off,AI is off,AI is off,AI is off,Not paired,AI is off,0,0,0
1402000,5.9,0,1,0.33,0.21,0,0,99,1,0,19,False,True,0,0,60,46,34,4.07,AI is off,AI is off,AI is off,AI is off,Not paired,AI is off,0,0,0
1404000,5.7,0,1,0.33,0.21,0,0,99,1,0,19,False,True,0,0,61,46,34,4.07,AI is off,AI is off,AI is off,AI is off,Not paired,AI is off,0,0,0
1406000,5.7,0,1,0.33,0.21,0,0,99,1,0,19,False,True,0,0,61,47,36,4.07,AI is off,AI is off,AI is off,AI is off,Not paired,AI is off,0,0,0
1408000,5.7,0,1,0.33,0.21,0,0,99,1,0,19,False,True,0,0,63,49,37,4.07,AI is off,AI is off,AI is off,AI is off,Not paired,AI is off,0,0,0
1410000,5.7,0,1,0.33,0.21,0,0,99,1,0,19,False,True,0,0,63,50,39,4.07,AI is off,AI is off,AI is off,AI is off,Not paired,AI is off,0,0,0
1412000,5.7,0,1,0.33,0.21,0,0,99,1,0,19,False,True,0,0,61,48,37,4.07,AI is off,AI is off,AI is off,AI is off,Not paired,AI is off,0,0,0
1414000,5.7,0,1,0.33,0.21,0,0,99,1,0,19,False,True,0,0,60,46,33,4.07,AI is off,AI is off,AI is off,AI is off,Not paired,AI is off,0,0,0
1416000,5.8,0,1,0.33,0.21,0,0,99,1,0,19,False,True,0,0,62,48,38,4.07,AI is off,AI is off,AI is off,AI is off,Not paired,AI is off,0,0,0
1418000,5.9,0,1,0.33,0.21,0,0,99,1,0,19,False,True,0,0,60,47,36,4.07,AI is off,AI is off,AI is off,AI is off,Not paired,AI is off,0,0,0
1420000,5.8,0,1,0.33,0.21,0,0,99,1,0,19,False,True,0,0,63,50,39,4.07,AI is off,AI is off,AI is off,AI is off,Not paired,AI is off,0,0,0
1422000,5.8,0,1,0.33,0.21,0,0,99,1,0,19,False,True,0,0,64,50,38,4.07,AI is off,AI is off,AI is off,AI is off,Not paired,AI is off,0,0,0
1424000,5.8,0,1,0.33,0.21,0,0,99,1,0,19,False,True,0,0,65,50,38,4.07,AI is off,AI is off,AI is off,AI is off,Not paired,AI is off,0,0,0
1426000,5.6,0,1,0.33,0.21,0,0,99,1,0,19,False,True,0,0,59,44,33,4.07,AI is off,AI is off,AI is off,AI is off,Not paired,AI is off,0,0,0
1428000,5.3,0,1,0.32,0.21,0,0,99,1,0,19,False,True,0,0,58,44,34,4.07,AI is off,AI is off,AI is off,AI is off,Not paired,AI is off,0,0,0
1430000,5,0,1,0.31,0.21,0,0,99,1,0,19,False,True,0,0,58,45,34,4.07,AI is off,AI is off,AI is off,AI is off,Not paired,AI is off,0,0,0
1432000,4.8,0,1,0.31,0.21,0,0,99,1,0,19,False,True,0,0,63,49,38,4.07,AI is off,AI is off,AI is off,AI is off,Not paired,AI is off,0,0,0
1434000,4.6,0,1,0.3,0.21,0,0,99,1,0,19,False,True,0,0,62,49,37,4.07,AI is off,AI is off,AI is off,AI is off,Not paired,AI is off,0,0,0
1436000,4.6,0,1,0.3,0.21,0,0,99,1,0,19,False,True,0,0,57,44,34,4.07,AI is off,AI is off,AI is off,AI is off,Not paired,AI is off,0,0,0
1438000,4.4,0,1,0.3,0.21,0,0,99,1,0,19,False,True,0,0,65,49,38,4.07,AI is off,AI is off,AI is off,AI is off,Not paired,AI is off,0,0,0
1440000,4.3,0,1,0.3,0.21,0,0,99,1,0,19,False,True,0,0,59,46,35,4.07,AI is off,AI is off,AI is off,AI is off,Not paired,AI is off,0,0,0
1442000,4.3,0,1,0.3,0.21,0,0,99,1,0,19,False,True,0,0,61,47,35,4.07,AI is off,AI is off,AI is off,AI is off,Not paired,AI is off,0,0,0
1444000,4.4,0,1,0.3,0.21,0,0,99,1,0,19,False,True,0,0,60,45,35,4.07,AI is off,AI is off,AI is off,AI is off,Not paired,AI is off,0,0,0
1446000,4.4,0,1,0.3,0.21,0,0,99,1,0,19,False,True,0,0,59,46,35,4.07,AI is off,AI is off,AI is off,AI is off,Not paired,AI is off,0,0,0
1448000,4.5,0,1,0.3,0.21,0,0,99,1,0,19,False,True,0,0,54,42,31,4.07,AI is off,AI is off,AI is off,AI is off,Not paired,AI is off,0,0,0
1450000,4.6,0,1,0.3,0.21,0,0,99,1,0,19,False,True,0,0,56,42,31,4.07,AI is off,AI is off,AI is off,AI is off,Not paired,AI is off,0,0,0
1452000,4.5,0,1,0.3,0.21,0,0,99,1,0,19,False,True,0,0,57,45,35,4.07,AI is off,AI is off,AI is off,AI is off,Not paired,AI is off,0,0,0
1454000,4.5,0,1,0.3,0.21,0,0,99,1,0,19,False,True,0,0,59,43,33,4.07,AI is off,AI is off,AI is off,AI is off,Not paired,AI is off,0,0,0
1456000,4.4,0,1,0.3,0.21,0,0,99,1,0,19,False,True,0,0,59,45,33,4.07,AI is off,AI is off,AI is off,AI is off,Not paired,AI is off,0,0,0
1458000,4.2,0,1,0.3,0.21,0,0,99,1,0,19,False,True,0,0,58,45,34,4.07,AI is off,AI is off,AI is off,AI is off,Not paired,AI is off,0,0,0
1460000,3.8,0,1,0.29,0.21,0,0,99,1,0,19,False,True,0,0,60,47,35,4.07,AI is off,AI is off,AI is off,AI is off,Not paired,AI is off,0,0,0
1462000,3.3,0,1,0.28,0.21,0,0,99,1,0,19,False,True,0,0,58,45,34,4.07,AI is off,AI is off,AI is off,AI is off,Not paired,AI is off,0,0,0
1464000,2.4,0,1,0.26,0.21,0,0,99,1,0,19,False,True,0,0,58,44,34,4.07,AI is off,AI is off,AI is off,AI is off,Not paired,AI is off,0,0,0
1466000,2.1,0,1,0.25,0.21,0,0,99,1,0,19,False,True,0,0,54,42,32,4.07,AI is off,AI is off,AI is off,AI is off,Not paired,AI is off,0,0,0
1468000,1.8,0,1,0.25,0.21,0,0,99,1,0,19,False,True,0,0,55,42,32,4.07,AI is off,AI is off,AI is off,AI is off,Not paired,AI is off,0,0,0
1470000,1.5,0,1,0.24,0.21,0,0,99,1,0,20,False,True,0,0,54,42,30,4.07,AI is off,AI is off,AI is off,AI is off,Not paired,AI is off,0,0,0
1472000,1.2,0,1,0.23,0.21,0,0,99,1,0,20,False,True,0,0,56,43,32,4.07,AI is off,AI is off,AI is off,AI is off,Not paired,AI is off,0,0,0
1474000,0,0,1,0.23,0.21,0,0,99,1,0,20,False,True,0,0,55,41,31,4.07,AI is off,AI is off,AI is off,AI is off,Not paired,AI is off,0,0,0
1476000,0,0,1,0.22,0.21,0,0,99,1,0,20,False,True,0,0,58,45,34,4.07,AI is off,AI is off,AI is off,AI is off,Not paired,AI is off,0,0,0
1478000,0,0,1,0.21,0.21,0,0,99,1,0,20,False,True,0,0,54,42,30,4.07,AI is off,AI is off,AI is off,AI is off,Not paired,AI is off,0,0,0
1480000,0,0,1,0.22,0.21,0,0,99,1,0,20,False,True,0,0,60,45,34,4.07,AI is off,AI is off,AI is off,AI is off,Not paired,AI is off,0,0,0
1482000,0,0,1,0.21,0.21,0,0,99,1,0,20,False,True,0,0,55,41,31,4.07,AI is off,AI is off,AI is off,AI is off,Not paired,AI is off,0,0,0
1484000,0,0,1,0.22,0.21,0,0,99,1,0,20,False,True,0,0,55,42,32,4.07,AI is off,AI is off,AI is off,AI is off,Not paired,AI is off,0,0,0
1486000,0,0,0,0.22,0.21,0,0,99,1,0,20,False,True,0,0,54,42,30,4.07,AI is off,AI is off,AI is off,AI is off,Not paired,AI is off,0,0,0
1488000,0,0,0,0.21,0.21,0,0,99,1,0,20,False,True,0,0,55,43,31,4.07,AI is off,AI is off,AI is off,AI is off,Not paired,AI is off,0,0,0
1490000,0,0,0,0.21,0.21,0,0,99,1,0,20,False,True,0,0,55,43,32,4.07,AI is off,AI is off,AI is off,AI is off,Not paired,AI is off,0,0,0
1492000,0,0,0,0.21,0.21,0,0,99,1,0,20,False,True,0,0,55,41,32,4.07,AI is off,AI is off,AI is off,AI is off,Not paired,AI is off,0,0,0
1494000,0,0,0,0.21,0.21,0,0,99,1,0,20,False,True,0,0,54,41,31,4.07,AI is off,AI is off,AI is off,AI is off,Not paired,AI is off,0,0,0
1496000,0,0,0,0.21,0.21,0,0,99,1,0,20,False,True,0,0,57,44,33,4.07,AI is off,AI is off,AI is off,AI is off,Not paired,AI is off,0,0,0
1498000,0,0,0,0.21,0.21,0,0,99,1,0,20,False,True,0,0,70,54,43,4.07,AI is off,AI is off,AI is off,AI is off,Not paired,AI is off,0,0,0
1500000,0,0,0,0.21,0.21,0,0,99,1,0,20,False,True,0,0,63,48,35,4.07,AI is off,AI is off,AI is off,AI is off,Not paired,AI is off,0,0,0
1502000,0,0,0,0.21,0.21,0,0,99,1,0,20,False,True,0,0,73,58,45,4.07,AI is off,AI is off,AI is off,AI is off,Not paired,AI is off,0,0,0
1504000,0,0,0,0.21,0.21,0,0,99,1,0,20,False,True,0,0,67,51,39,4.07,AI is off,AI is off,AI is off,AI is off,Not paired,AI is off,0,0,0
1506000,0,0,0,0.21,0.21,0,0,99,1,0,20,False,True,0,0,65,49,37,4.07,AI is off,AI is off,AI is off,AI is off,Not paired,AI is off,0,0,0
1508000,0,0,0,0.21,0.21,0,0,99,1,0,20,False,True,0,0,63,47,37,4.07,AI is off,AI is off,AI is off,AI is off,Not paired,AI is off,0,0,0
1510000,0,0,0,0.21,0.21,0,0,99,1,0,20,False,True,0,0,69,54,41,4.07,AI is off,AI is off,AI is off,AI is off,Not paired,AI is off,0,0,0
1512000,0,0,0,0.21,0.21,0,0,99,1,0,21,False,True,0,0,68,54,40,4.07,AI is off,AI is off,AI is off,AI is off,Not paired,AI is off,0,0,0
1514000,0,0,0,0.21,0.21,0,0,99,1,0,21,False,True,0,0,74,60,45,4.07,AI is off,AI is off,AI is off,AI is off,Not paired,AI is off,0,0,0
1516000,0,0,0,0.21,0.21,0,0,99,1,0,21,False,True,0,0,74,59,46,4.07,AI is off,AI is off,AI is off,AI is off,Not paired,AI is off,0,0,0
1518000,0,0,0,0.21,0.21,0,0,99,1,0,21,False,True,0,0,72,54,41,4.07,AI is off,AI is off,AI is off,AI is off,Not paired,AI is off,0,0,0
1520000,0,0,0,0.21,0.21,0,0,99,1,0,21,False,True,0,0,72,54,41,4.07,AI is off,AI is off,AI is off,AI is off,Not paired,AI is off,0,0,0
1522000,0,0,0,0.21,0.21,0,0,99,1,0,21,False,True,0,0,71,54,41,4.07,AI is off,AI is off,AI is off,AI is off,Not paired,AI is off,0,0,0
1524000,0,0,0,0.21,0.21,0,0,99,1,0,21,False,True,0,0,71,55,42,4.07,AI is off,AI is off,AI is off,AI is off,Not paired,AI is off,0,0,0
1526000,0,0,0,0.21,0.21,0,0,99,1,0,21,False,True,0,0,63,48,37,4.07,AI is off,AI is off,AI is off,AI is off,Not paired,AI is off,0,0,0
1528000,0,0,0,0.21,0.21,0,0,99,1,0,21,False,True,0,0,56,44,34,4.07,AI is off,AI is off,AI is off,AI is off,Not paired,AI is off,0,0,0
1530000,0,0,0,0.21,0.21,0,0,99,1,0,21,False,True,0,0,68,54,40,4.07,AI is off,AI is off,AI is off,AI is off,Not paired,AI is off,0,0,0
1532000,0,0,0,0.21,0.21,0,0,99,1,0,21,False,True,0,0,65,50,38,4.07,AI is off,AI is off,AI is off,AI is off,Not paired,AI is off,0,0,0
1534000,0,0,0,0.21,0.21,0,0,99,1,0,21,False,True,0,0,64,50,37,4.07,AI is off,AI is off,AI is off,AI is off,Not paired,AI is off,0,0,0