Dive Number,GF Minimum,GF Maximum,Surface Interval (min),Imperial Units,Start Battery Voltage,Start CNS %,Start Date,Start External O2 Sensor Status,Start Low Set Point,Start High Set Point,Computer Firmware Version,Max Depth,Max Time,Error History,End Battery Voltage,End CNS,End Date,End External O2 Sensor Status,End Low Set Point,End High Set Point,Computer Serial Number,Computer Firmware Version,Computer Model,Log Version,Deco Model,VPM-B Conservatism,Start Surface Pressure,End Surface Pressure,Product
163,40,85,1118,False,3.9,0,8/18/2024 9:20:34 AM,False,0,1,86,17.7,1677,,3.9,2,8/18/2024 9:48:26 AM,False,0,1,937B0677,86,2,13,GF,40/85,1004,1004,Peregrine
Time (ms),Depth,First Stop Depth,Time To Surface (min),Average PPO2,Fraction O2,Fraction He,First Stop Time,Current NDL,Current Circuit Mode,Current CCR Mode,Water Temp,Gas Switch Needed,External PPO2,Set Point Type,Circuit Switch Type,External O2 Sensor 1 (mV),External O2 Sensor 2 (mV),External O2 Sensor 3 (mV),Battery Voltage,Tank 1 pressure (PSI),Tank 2 pressure (PSI),Tank 3 pressure (PSI),Tank 4 pressure (PSI),Gas Time Remaining,SAC Rate (2 minute avg),Ascent Rate,Safe Ascent Depth,CO2mbar
0,3,0,1,0.27,0.21,0,0,0,1,0,25,False,True,0,0,51,39,27,3.89,AI is off,AI is off,AI is off,AI is off,Not paired,AI is off,0,0,0
2000,3.2,0,1,0.27,0.21,0,0,0,1,0,25,False,True,0,0,52,39,27,3.89,AI is off,AI is off,AI is off,AI is off,Not paired,AI is off,0,0,0
4000,3.3,0,1,0.28,0.21,0,0,99,1,0,25,False,True,0,0,52,40,28,3.9,AI is off,AI is off,AI is off,AI is off,Not paired,AI is off,0,0,0
6000,4,0,1,0.29,0.21,0,0,99,1,0,25,False,True,0,0,51,38,26,3.9,AI is off,AI is off,AI is off,AI is off,Not paired,AI is off,0,0,0
8000,4.4,0,1,0.3,0.21,0,0,99,1,0,25,False,True,0,0,52,39,28,3.9,AI is off,AI is off,AI is off,AI is off,Not paired,AI is off,0,0,0
10000,4.7,0,1,0.3,0.21,0,0,99,1,0,25,False,True,0,0,52,39,26,3.9,AI is off,AI is off,AI is off,AI is off,Not paired,AI is off,0,0,0
12000,5,0,1,0.31,0.21,0,0,99,1,0,25,False,True,0,0,53,40,28,3.9,AI is off,AI is off,AI is off,AI is off,Not paired,AI is off,0,0,0
14000,5.1,0,1,0.32,0.21,0,0,99,1,0,25,False,True,0,0,52,40,28,3.9,AI is off,AI is off,AI is off,AI is off,Not paired,AI is off,0,0,0
16000,5.2,0,1,0.32,0.21,0,0,99,1,0,24,False,True,0,0,52,39,26,3.9,AI is off,AI is off,AI is off,AI is off,Not paired,AI is off,0,0,0
18000,5.4,0,1,0.32,0.21,0,0,99,1,0,24,False,True,0,0,52,39,28,3.9,AI is off,AI is off,AI is off,AI is off,Not paired,AI is off,0,0,0
20000,5.8,0,1,0.33,0.21,0,0,99,1,0,24,False,True,0,0,52,40,27,3.9,AI is off,AI is off,AI is off,AI is off,Not paired,AI is off,0,0,0
22000,6.1,0,1,0.33,0.21,0,0,99,1,0,24,False,True,0,0,50,35,24,3.9,AI is off,AI is off,AI is off,AI is off,Not paired,AI is off,0,0,0
24000,6.5,0,1,0.34,0.21,0,0,99,1,0,24,False,True,0,0,53,39,27,3.9,AI is off,AI is off,AI is off,AI is off,Not paired,AI is off,0,0,0
26000,7,0,1,0.35,0.21,0,0,99,1,0,24,False,True,0,0,51,37,26,3.9,AI is off,AI is off,AI is off,AI is off,Not paired,AI is off,0,0,0
28000,7.6,0,1,0.36,0.21,0,0,99,1,0,24,False,True,0,0,53,41,29,3.9,AI is off,AI is off,AI is off,AI is off,Not paired,AI is off,0,0,0
30000,8,0,1,0.37,0.21,0,0,99,1,0,24,False,True,0,0,51,36,25,3.9,AI is off,AI is off,AI is off,AI is off,Not paired,AI is off,0,0,0
32000,8.5,0,1,0.38,0.21,0,0,99,1,0,24,False,True,0,0,50,36,24,3.9,AI is off,AI is off,AI is off,AI is off,Not paired,AI is off,0,0,0
34000,9.1,0,1,0.4,0.21,0,0,99,1,0,24,False,True,0,0,51,38,25,3.9,AI is off,AI is off,AI is off,AI is off,Not paired,AI is off,0,0,0
36000,9.7,0,1,0.41,0.21,0,0,99,1,0,24,False,True,0,0,51,39,27,3.9,AI is off,AI is off,AI is off,AI is off,Not paired,AI is off,0,0,0
38000,10.3,0,1,0.42,0.21,0,0,99,1,0,23,False,True,0,0,54,41,29,3.9,AI is off,AI is off,AI is off,AI is off,Not paired,AI is off,0,0,0
40000,10.8,0,1,0.43,0.21,0,0,99,1,0,23,False,True,0,0,53,41,29,3.9,AI is off,AI is off,AI is off,AI is off,Not paired,AI is off,0,0,0
42000,11.4,0,1,0.44,0.21,0,0,99,1,0,23,False,True,0,0,54,40,29,3.9,AI is off,AI is off,AI is off,AI is off,Not paired,AI is off,0,0,0
44000,12.1,0,1,0.46,0.21,0,0,99,1,0,23,False,True,0,0,53,41,30,3.9,AI is off,AI is off,AI is off,AI is off,Not paired,AI is off,0,0,0
46000,12.6,0,5,0.47,0.21,0,0,99,1,0,23,False,True,0,0,53,40,29,3.9,AI is off,AI is off,AI is off,AI is off,Not paired,AI is off,0,0,0
48000,13.1,0,5,0.48,0.21,0,0,99,1,0,23,False,True,0,0,52,40,27,3.9,AI is off,AI is off,AI is off,AI is off,Not paired,AI is off,0,0,0
50000,13.4,0,5,0.49,0.21,0,0,88,1,0,23,False,True,0,0,51,39,27,3.9,AI is off,AI is off,AI is off,AI is off,Not paired,AI is off,0,0,0
52000,13.6,0,5,0.49,0.21,0,0,88,1,0,22,False,True,0,0,53,40,28,3.9,AI is off,AI is off,AI is off,AI is off,Not paired,AI is off,0,0,0
54000,13.8,0,5,0.5,0.21,0,0,88,1,0,22,False,True,0,0,53,39,27,3.9,AI is off,AI is off,AI is off,AI is off,Not paired,AI is off,0,0,0
56000,14.3,0,5,0.5,0.21,0,0,79,1,0,22,False,True,0,0,52,39,27,3.9,AI is off,AI is off,AI is off,AI is off,Not paired,AI is off,0,0,0
58000,14.6,0,5,0.51,0.21,0,0,79,1,0,22,False,True,0,0,51,39,27,3.9,AI is off,AI is off,AI is off,AI is off,Not paired,AI is off,0,0,0
60000,14.7,0,5,0.52,0.21,0,0,79,1,0,22,False,True,0,0,53,39,27,3.9,AI is off,AI is off,AI is off,AI is off,Not paired,AI is off,0,0,0
62000,14.9,0,5,0.52,0.21,0,0,79,1,0,22,False,True,0,0,53,40,28,3.9,AI is off,AI is off,AI is off,AI is off,Not paired,AI is off,0,0,0
64000,15.2,0,5,0.53,0.21,0,0,64,1,0,22,False,True,0,0,51,38,27,3.9,AI is off,AI is off,AI is off,AI is off,Not paired,AI is off,0,0,0
66000,15,0,5,0.52,0.21,0,0,64,1,0,22,False,True,0,0,52,40,28,3.9,AI is off,AI is off,AI is off,AI is off,Not paired,AI is off,0,0,0
68000,14.6,0,5,0.52,0.21,0,0,64,1,0,22,False,True,0,0,52,39,27,3.9,AI is off,AI is off,AI is off,AI is off,Not paired,AI is off,0,0,0
70000,14.8,0,5,0.52,0.21,0,0,69,1,0,22,False,True,0,0,53,40,28,3.9,AI is off,AI is off,AI is off,AI is off,Not paired,AI is off,0,0,0
72000,14.6,0,5,0.52,0.21,0,0,69,1,0,22,False,True,0,0,53,40,28,3.9,AI is off,AI is off,AI is off,AI is off,Not paired,AI is off,0,0,0
74000,14.5,0,5,0.51,0.21,0,0,69,1,0,21,False,True,0,0,53,40,27,3.9,AI is off,AI is off,AI is off,AI is off,Not paired,AI is off,0,0,0
76000,14.9,0,5,0.52,0.21,0,0,69,1,0,21,False,True,0,0,51,39,27,3.9,AI is off,AI is off,AI is off,AI is off,Not paired,AI is off,0,0,0
78000,14.8,0,5,0.52,0.21,0,0,69,1,0,21,False,True,0,0,51,39,27,3.9,AI is off,AI is off,AI is off,AI is off,Not paired,AI is off,0,0,0
80000,14.5,0,5,0.51,0.21,0,0,70,1,0,21,False,True,0,0,52,40,29,3.9,AI is off,AI is off,AI is off,AI is off,Not paired,AI is off,0,0,0
82000,14.7,0,5,0.51,0.21,0,0,70,1,0,21,False,True,0,0,52,39,27,3.9,AI is off,AI is off,AI is off,AI is off,Not paired,AI is off,0,0,0
84000,14.4,0,5,0.51,0.21,0,0,70,1,0,21,False,True,0,0,51,39,27,3.9,AI is off,AI is off,AI is off,AI is off,Not paired,AI is off,0,0,0
86000,14.2,0,5,0.51,0.21,0,0,71,1,0,21,False,True,0,0,53,40,28,3.9,AI is off,AI is off,AI is off,AI is off,Not paired,AI is off,0,0,0
88000,14,0,5,0.5,0.21,0,0,71,1,0,21,False,True,0,0,53,40,28,3.9,AI is off,AI is off,AI is off,AI is off,Not paired,AI is off,0,0,0
90000,14.1,0,5,0.5,0.21,0,0,71,1,0,21,False,True,0,0,52,40,29,3.9,AI is off,AI is off,AI is off,AI is off,Not paired,AI is off,0,0,0
92000,14,0,5,0.5,0.21,0,0,71,1,0,21,False,True,0,0,52,40,28,3.9,AI is off,AI is off,AI is off,AI is off,Not paired,AI is off,0,0,0
94000,13.9,0,5,0.5,0.21,0,0,71,1,0,21,False,True,0,0,52,41,29,3.9,AI is off,AI is off,AI is off,AI is off,Not paired,AI is off,0,0,0
96000,14.1,0,5,0.5,0.21,0,0,74,1,0,20,False,True,0,0,53,40,28,3.9,AI is off,AI is off,AI is off,AI is off,Not paired,AI is off,0,0,0
98000,14.3,0,5,0.51,0.21,0,0,74,1,0,20,False,True,0,0,54,41,30,3.9,AI is off,AI is off,AI is off,AI is off,Not paired,AI is off,0,0,0
100000,14.2,0,5,0.51,0.21,0,0,74,1,0,20,False,True,0,0,53,41,30,3.9,AI is off,AI is off,AI is off,AI is off,Not paired,AI is off,0,0,0
102000,14.5,0,5,0.51,0.21,0,0,72,1,0,20,False,True,0,0,54,41,30,3.9,AI is off,AI is off,AI is off,AI is off,Not paired,AI is off,0,0,0
104000,14.3,0,5,0.51,0.21,0,0,72,1,0,20,False,True,0,0,52,40,28,3.9,AI is off,AI is off,AI is off,AI is off,Not paired,AI is off,0,0,0
106000,14.2,0,5,0.51,0.21,0,0,72,1,0,20,False,True,0,0,54,40,28,3.9,AI is off,AI is off,AI is off,AI is off,Not paired,AI is off,0,0,0
108000,13.9,0,5,0.5,0.21,0,0,72,1,0,20,False,True,0,0,53,40,28,3.9,AI is off,AI is off,AI is off,AI is off,Not paired,AI is off,0,0,0
110000,14,0,5,0.5,0.21,0,0,72,1,0,20,False,True,0,0,54,41,29,3.9,AI is off,AI is off,AI is off,AI is off,Not paired,AI is off,0,0,0
112000,14,0,5,0.5,0.21,0,0,75,1,0,20,False,True,0,0,53,41,29,3.9,AI is off,AI is off,AI is off,AI is off,Not paired,AI is off,0,0,0
114000,13.7,0,5,0.5,0.21,0,0,75,1,0,20,False,True,0,0,53,41,29,3.9,AI is off,AI is off,AI is off,AI is off,Not paired,AI is off,0,0,0
116000,13.6,0,5,0.49,0.21,0,0,75,1,0,20,False,True,0,0,53,40,29,3.9,AI is off,AI is off,AI is off,AI is off,Not paired,AI is off,0,0,0
118000,13.5,0,5,0.49,0.21,0,0,80,1,0,20,False,True,0,0,52,40,29,3.9,AI is off,AI is off,AI is off,AI is off,Not paired,AI is off,0,0,0
120000,13.5,0,5,0.49,0.21,0,0,80,1,0,19,False,True,0,0,53,40,29,3.9,AI is off,AI is off,AI is off,AI is off,Not paired,AI is off,0,0,0
122000,13.3,0,5,0.49,0.21,0,0,80,1,0,19,False,True,0,0,52,41,30,3.9,AI is off,AI is off,AI is off,AI is off,Not paired,AI is off,0,0,0
124000,13.5,0,5,0.49,0.21,0,0,80,1,0,19,False,True,0,0,53,41,30,3.9,AI is off,AI is off,AI is off,AI is off,Not paired,AI is off,0,0,0
126000,13.5,0,5,0.49,0.21,0,0,80,1,0,19,False,True,0,0,52,40,29,3.9,AI is off,AI is off,AI is off,AI is off,Not paired,AI is off,0,0,0
128000,13.6,0,5,0.49,0.21,0,0,80,1,0,19,False,True,0,0,53,40,29,3.9,AI is off,AI is off,AI is off,AI is off,Not paired,AI is off,0,0,0
130000,14,0,5,0.5,0.21,0,0,80,1,0,19,False,True,0,0,53,40,28,3.9,AI is off,AI is off,AI is off,AI is off,Not paired,AI is off,0,0,0
132000,14,0,5,0.5,0.21,0,0,80,1,0,19,False,True,0,0,52,40,28,3.9,AI is off,AI is off,AI is off,AI is off,Not paired,AI is off,0,0,0
134000,14,0,5,0.5,0.21,0,0,76,1,0,19,False,True,0,0,53,40,29,3.9,AI is off,AI is off,AI is off,AI is off,Not paired,AI is off,0,0,0
136000,14.1,0,5,0.5,0.21,0,0,76,1,0,19,False,True,0,0,53,39,28,3.9,AI is off,AI is off,AI is off,AI is off,Not paired,AI is off,0,0,0
138000,13.9,0,5,0.5,0.21,0,0,76,1,0,19,False,True,0,0,53,40,28,3.9,AI is off,AI is off,AI is off,AI is off,Not paired,AI is off,0,0,0
140000,13.8,0,5,0.5,0.21,0,0,76,1,0,19,False,True,0,0,52,40,28,3.9,AI is off,AI is off,AI is off,AI is off,Not paired,AI is off,0,0,0
142000,13.8,0,5,0.5,0.21,0,0,76,1,0,19,False,True,0,0,53,39,27,3.9,AI is off,AI is off,AI is off,AI is off,Not paired,AI is off,0,0,0
144000,13.7,0,5,0.5,0.21,0,0,76,1,0,19,False,True,0,0,54,42,30,3.9,AI is off,AI is off,AI is off,AI is off,Not paired,AI is off,0,0,0
146000,13.4,0,5,0.49,0.21,0,0,79,1,0,19,False,True,0,0,54,41,29,3.9,AI is off,AI is off,AI is off,AI is off,Not paired,AI is off,0,0,0
148000,13.1,0,5,0.48,0.21,0,0,79,1,0,19,False,True,0,0,53,40,29,3.9,AI is off,AI is off,AI is off,AI is off,Not paired,AI is off,0,0,0
150000,13,0,5,0.48,0.21,0,0,79,1,0,19,False,True,0,0,53,40,29,3.9,AI is off,AI is off,AI is off,AI is off,Not paired,AI is off,0,0,0
152000,12.8,0,5,0.48,0.21,0,0,89,1,0,19,False,True,0,0,53,42,31,3.9,AI is off,AI is off,AI is off,AI is off,Not paired,AI is off,0,0,0
154000,12.5,0,5,0.47,0.21,0,0,89,1,0,19,False,True,0,0,52,41,30,3.9,AI is off,AI is off,AI is off,AI is off,Not paired,AI is off,0,0,0
156000,12.7,0,5,0.47,0.21,0,0,89,1,0,19,False,True,0,0,53,41,30,3.9,AI is off,AI is off,AI is off,AI is off,Not paired,AI is off,0,0,0
158000,12.6,0,5,0.47,0.21,0,0,89,1,0,19,False,True,0,0,52,41,31,3.9,AI is off,AI is off,AI is off,AI is off,Not paired,AI is off,0,0,0
160000,12.2,0,5,0.47,0.21,0,0,89,1,0,19,False,True,0,0,53,42,31,3.9,AI is off,AI is off,AI is off,AI is off,Not paired,AI is off,0,0,0
162000,12.1,0,5,0.46,0.21,0,0,99,1,0,19,False,True,0,0,53,41,30,3.9,AI is off,AI is off,AI is off,AI is off,Not paired,AI is off,0,0,0
164000,12.2,0,5,0.46,0.21,0,0,99,1,0,19,False,True,0,0,52,41,31,3.9,AI is off,AI is off,AI is off,AI is off,Not paired,AI is off,0,0,0
166000,12.3,0,5,0.46,0.21,0,0,99,1,0,19,False,True,0,0,53,40,29,3.9,AI is off,AI is off,AI is off,AI is off,Not paired,AI is off,0,0,0
168000,12.4,0,5,0.47,0.21,0,0,99,1,0,19,False,True,0,0,53,41,30,3.9,AI is off,AI is off,AI is off,AI is off,Not paired,AI is off,0,0,0
170000,12.6,0,5,0.47,0.21,0,0,99,1,0,19,False,True,0,0,53,40,30,3.9,AI is off,AI is off,AI is off,AI is off,Not paired,AI is off,0,0,0
172000,12.4,0,5,0.47,0.21,0,0,99,1,0,19,False,True,0,0,53,41,30,3.9,AI is off,AI is off,AI is off,AI is off,Not paired,AI is off,0,0,0
174000,12.6,0,5,0.47,0.21,0,0,99,1,0,18,False,True,0,0,53,40,29,3.9,AI is off,AI is off,AI is off,AI is off,Not paired,AI is off,0,0,0
176000,12.8,0,5,0.47,0.21,0,0,99,1,0,18,False,True,0,0,53,40,28,3.9,AI is off,AI is off,AI is off,AI is off,Not paired,AI is off,0,0,0
178000,12.8,0,5,0.48,0.21,0,0,93,1,0,18,False,True,0,0,53,40,30,3.9,AI is off,AI is off,AI is off,AI is off,Not paired,AI is off,0,0,0
180000,12.9,0,5,0.48,0.21,0,0,93,1,0,18,False,True,0,0,53,40,29,3.9,AI is off,AI is off,AI is off,AI is off,Not paired,AI is off,0,0,0
182000,13,0,5,0.48,0.21,0,0,90,1,0,18,False,True,0,0,54,42,29,3.9,AI is off,AI is off,AI is off,AI is off,Not paired,AI is off,0,0,0
184000,13.2,0,5,0.48,0.21,0,0,90,1,0,18,False,True,0,0,52,41,30,3.9,AI is off,AI is off,AI is off,AI is off,Not paired,AI is off,0,0,0
186000,13.2,0,5,0.49,0.21,0,0,90,1,0,18,False,True,0,0,53,41,30,3.9,AI is off,AI is off,AI is off,AI is off,Not paired,AI is off,0,0,0
188000,13.1,0,5,0.49,0.21,0,0,85,1,0,18,False,True,0,0,53,41,30,3.9,AI is off,AI is off,AI is off,AI is off,Not paired,AI is off,0,0,0
190000,13.2,0,5,0.48,0.21,0,0,85,1,0,18,False,True,0,0,53,41,31,3.9,AI is off,AI is off,AI is off,AI is off,Not paired,AI is off,0,0,0
192000,13.9,0,5,0.49,0.21,0,0,85,1,0,18,False,True,0,0,52,40,30,3.9,AI is off,AI is off,AI is off,AI is off,Not paired,AI is off,0,0,0
194000,14.1,0,5,0.5,0.21,0,0,85,1,0,18,False,True,0,0,53,40,29,3.9,AI is off,AI is off,AI is off,AI is off,Not paired,AI is off,0,0,0
196000,14.1,0,5,0.5,0.21,0,0,85,1,0,18,False,True,0,0,58,44,33,3.9,AI is off,AI is off,AI is off,AI is off,Not paired,AI is off,0,0,0
198000,14.5,0,5,0.51,0.21,0,0,71,1,0,18,False,True,0,0,53,41,30,3.9,AI is off,AI is off,AI is off,AI is off,Not paired,AI is off,0,0,0
200000,14.6,0,5,0.51,0.21,0,0,71,1,0,18,False,True,0,0,54,40,29,3.9,AI is off,AI is off,AI is off,AI is off,Not paired,AI is off,0,0,0
202000,14.6,0,5,0.51,0.21,0,0,71,1,0,18,False,True,0,0,53,41,30,3.9,AI is off,AI is off,AI is off,AI is off,Not paired,AI is off,0,0,0
204000,14.7,0,5,0.51,0.21,0,0,67,1,0,18,False,True,0,0,54,39,30,3.9,AI is off,AI is off,AI is off,AI is off,Not paired,AI is off,0,0,0
206000,14.9,0,5,0.52,0.21,0,0,67,1,0,18,False,True,0,0,54,41,32,3.9,AI is off,AI is off,AI is off,AI is off,Not paired,AI is off,0,0,0
208000,14.9,0,5,0.52,0.21,0,0,67,1,0,18,False,True,0,0,52,39,26,3.9,AI is off,AI is off,AI is off,AI is off,Not paired,AI is off,0,0,0
210000,15,0,5,0.52,0.21,0,0,67,1,0,18,False,True,0,0,54,39,30,3.9,AI is off,AI is off,AI is off,AI is off,Not paired,AI is off,0,0,0
212000,15.3,0,5,0.53,0.21,0,0,67,1,0,18,False,True,0,0,54,40,30,3.9,AI is off,AI is off,AI is off,AI is off,Not paired,AI is off,0,0,0
214000,15.4,0,5,0.53,0.21,0,0,59,1,0,18,False,True,0,0,53,38,28,3.9,AI is off,AI is off,AI is off,AI is off,Not paired,AI is off,0,0,0
216000,15.3,0,5,0.53,0.21,0,0,59,1,0,18,False,True,0,0,54,39,29,3.9,AI is off,AI is off,AI is off,AI is off,Not paired,AI is off,0,0,0
218000,15.4,0,5,0.53,0.21,0,0,59,1,0,18,False,True,0,0,54,42,31,3.9,AI is off,AI is off,AI is off,AI is off,Not paired,AI is off,0,0,0
220000,15.6,0,5,0.53,0.21,0,0,58,1,0,18,False,True,0,0,53,38,28,3.9,AI is off,AI is off,AI is off,AI is off,Not paired,AI is off,0,0,0
222000,15.6,0,5,0.54,0.21,0,0,58,1,0,18,False,True,0,0,54,42,32,3.9,AI is off,AI is off,AI is off,AI is off,Not paired,AI is off,0,0,0
224000,15.7,0,5,0.53,0.21,0,0,58,1,0,18,False,True,0,0,54,40,30,3.9,AI is off,AI is off,AI is off,AI is off,Not paired,AI is off,0,0,0
226000,15.9,0,5,0.54,0.21,0,0,58,1,0,17,False,True,0,0,55,43,32,3.9,AI is off,AI is off,AI is off,AI is off,Not paired,AI is off,0,0,0
228000,16.1,0,5,0.54,0.21,0,0,58,1,0,18,False,True,0,0,53,41,31,3.9,AI is off,AI is off,AI is off,AI is off,Not paired,AI is off,0,0,0
230000,16.2,0,5,0.55,0.21,0,0,52,1,0,17,False,True,0,0,54,42,31,3.9,AI is off,AI is off,AI is off,AI is off,Not paired,AI is off,0,0,0
232000,16.2,0,5,0.55,0.21,0,0,52,1,0,17,False,True,0,0,53,41,30,3.9,AI is off,AI is off,AI is off,AI is off,Not paired,AI is off,0,0,0
234000,16.3,0,5,0.55,0.21,0,0,52,1,0,17,False,True,0,0,53,41,30,3.9,AI is off,AI is off,AI is off,AI is off,Not paired,AI is off,0,0,0
236000,16.3,0,5,0.55,0.21,0,0,51,1,0,17,False,True,0,0,53,41,30,3.9,AI is off,AI is off,AI is off,AI is off,Not paired,AI is off,0,0,0
238000,16.4,0,5,0.55,0.21,0,0,51,1,0,17,False,True,0,0,53,40,30,3.9,AI is off,AI is off,AI is off,AI is off,Not paired,AI is off,0,0,0
240000,16.5,0,5,0.55,0.21,0,0,51,1,0,17,False,True,0,0,52,41,30,3.9,AI is off,AI is off,AI is off,AI is off,Not paired,AI is off,0,0,0
242000,16,0,5,0.54,0.21,0,0,51,1,0,17,False,True,0,0,54,42,31,3.9,AI is off,AI is off,AI is off,AI is off,Not paired,AI is off,0,0,0
244000,15.9,0,5,0.54,0.21,0,0,51,1,0,17,False,True,0,0,53,41,31,3.9,AI is off,AI is off,AI is off,AI is off,Not paired,AI is off,0,0,0
246000,15.9,0,5,0.54,0.21,0,0,54,1,0,17,False,True,0,0,53,42,31,3.9,AI is off,AI is off,AI is off,AI is off,Not paired,AI is off,0,0,0
248000,15.8,0,5,0.54,0.21,0,0,54,1,0,17,False,True,0,0,53,41,31,3.9,AI is off,AI is off,AI is off,AI is off,Not paired,AI is off,0,0,0
250000,15.9,0,5,0.54,0.21,0,0,54,1,0,17,False,True,0,0,53,41,31,3.9,AI is off,AI is off,AI is off,AI is off,Not paired,AI is off,0,0,0
252000,15.9,0,5,0.54,0.21,0,0,54,1,0,17,False,True,0,0,53,41,32,3.9,AI is off,AI is off,AI is off,AI is off,Not paired,AI is off,0,0,0
254000,15.9,0,5,0.54,0.21,0,0,54,1,0,17,False,True,0,0,52,41,30,3.9,AI is off,AI is off,AI is off,AI is off,Not paired,AI is off,0,0,0
256000,16,0,5,0.54,0.21,0,0,54,1,0,17,False,True,0,0,54,41,31,3.9,AI is off,AI is off,AI is off,AI is off,Not paired,AI is off,0,0,0
258000,16,0,5,0.54,0.21,0,0,54,1,0,17,False,True,0,0,53,42,31,3.9,AI is off,AI is off,AI is off,AI is off,Not paired,AI is off,0,0,0
260000,15.9,0,5,0.54,0.21,0,0,54,1,0,17,False,True,0,0,53,41,30,3.9,AI is off,AI is off,AI is off,AI is off,Not paired,AI is off,0,0,0
262000,15.7,0,5,0.54,0.21,0,0,55,1,0,17,False,True,0,0,53,41,30,3.9,AI is off,AI is off,AI is off,AI is off,Not paired,AI is off,0,0,0
264000,15.8,0,5,0.54,0.21,0,0,55,1,0,17,False,True,0,0,52,41,31,3.9,AI is off,AI is off,AI is off,AI is off,Not paired,AI is off,0,0,0
266000,15.7,0,5,0.54,0.21,0,0,55,1,0,17,False,True,0,0,53,41,30,3.9,AI is off,AI is off,AI is off,AI is off,Not paired,AI is off,0,0,0
268000,15.5,0,5,0.53,0.21,0,0,56,1,0,17,False,True,0,0,52,40,30,3.9,AI is off,AI is off,AI is off,AI is off,Not paired,AI is off,0,0,0
270000,15.6,0,5,0.53,0.21,0,0,56,1,0,17,False,True,0,0,53,41,31,3.9,AI is off,AI is off,AI is off,AI is off,Not paired,AI is off,0,0,0
272000,15.7,0,5,0.54,0.21,0,0,56,1,0,17,False,True,0,0,54,42,32,3.9,AI is off,AI is off,AI is off,AI is off,Not paired,AI is off,0,0,0
274000,15.4,0,5,0.53,0.21,0,0,56,1,0,17,False,True,0,0,54,42,32,3.9,AI is off,AI is off,AI is off,AI is off,Not paired,AI is off,0,0,0
276000,15.5,0,5,0.53,0.21,0,0,56,1,0,17,False,True,0,0,55,43,33,3.9,AI is off,AI is off,AI is off,AI is off,Not paired,AI is off,0,0,0
278000,15.4,0,5,0.53,0.21,0,0,58,1,0,17,False,True,0,0,55,41,31,3.9,AI is off,AI is off,AI is off,AI is off,Not paired,AI is off,0,0,0
280000,15.7,0,5,0.54,0.21,0,0,58,1,0,17,False,True,0,0,53,41,30,3.9,AI is off,AI is off,AI is off,AI is off,Not paired,AI is off,0,0,0
282000,15.9,0,5,0.54,0.21,0,0,58,1,0,17,False,True,0,0,55,43,32,3.9,AI is off,AI is off,AI is off,AI is off,Not paired,AI is off,0,0,0
284000,15.9,0,5,0.54,0.21,0,0,53,1,0,17,False,True,0,0,52,40,30,3.9,AI is off,AI is off,AI is off,AI is off,Not paired,AI is off,0,0,0
286000,15.9,0,5,0.54,0.21,0,0,53,1,0,17,False,True,0,0,53,42,31,3.9,AI is off,AI is off,AI is off,AI is off,Not paired,AI is off,0,0,0
288000,15.7,0,5,0.54,0.21,0,0,53,1,0,17,False,True,0,0,54,42,31,3.9,AI is off,AI is off,AI is off,AI is off,Not paired,AI is off,0,0,0
290000,15.7,0,5,0.54,0.21,0,0,53,1,0,17,False,True,0,0,54,42,32,3.9,AI is off,AI is off,AI is off,AI is off,Not paired,AI is off,0,0,0
292000,15.9,0,5,0.54,0.21,0,0,53,1,0,17,False,True,0,0,53,42,31,3.9,AI is off,AI is off,AI is off,AI is off,Not paired,AI is off,0,0,0
294000,15.9,0,5,0.54,0.21,0,0,53,1,0,17,False,True,0,0,54,42,31,3.9,AI is off,AI is off,AI is off,AI is off,Not paired,AI is off,0,0,0
296000,15.9,0,5,0.54,0.21,0,0,53,1,0,17,False,True,0,0,54,43,32,3.9,AI is off,AI is off,AI is off,AI is off,Not paired,AI is off,0,0,0
298000,16,0,5,0.54,0.21,0,0,53,1,0,17,False,True,0,0,54,42,31,3.9,AI is off,AI is off,AI is off,AI is off,Not paired,AI is off,0,0,0
300000,16.1,0,5,0.55,0.21,0,0,53,1,0,17,False,True,0,0,54,41,30,3.9,AI is off,AI is off,AI is off,AI is off,Not paired,AI is off,0,0,0
302000,16.1,0,5,0.54,0.21,0,0,51,1,0,17,False,True,0,0,52,41,32,3.9,AI is off,AI is off,AI is off,AI is off,Not paired,AI is off,0,0,0
304000,15.9,0,5,0.54,0.21,0,0,51,1,0,17,False,True,0,0,52,41,30,3.9,AI is off,AI is off,AI is off,AI is off,Not paired,AI is off,0,0,0
306000,15.8,0,5,0.54,0.21,0,0,51,1,0,17,False,True,0,0,54,42,31,3.9,AI is off,AI is off,AI is off,AI is off,Not paired,AI is off,0,0,0
308000,15.8,0,5,0.54,0.21,0,0,51,1,0,17,False,True,0,0,53,41,30,3.9,AI is off,AI is off,AI is off,AI is off,Not paired,AI is off,0,0,0
310000,15.6,0,5,0.53,0.21,0,0,55,1,0,17,False,True,0,0,53,42,32,3.9,AI is off,AI is off,AI is off,AI is off,Not paired,AI is off,0,0,0
312000,15.4,0,5,0.53,0.21,0,0,55,1,0,17,False,True,0,0,53,41,30,3.9,AI is off,AI is off,AI is off,AI is off,Not paired,AI is off,0,0,0
314000,15.5,0,5,0.53,0.21,0,0,55,1,0,17,False,True,0,0,53,41,31,3.9,AI is off,AI is off,AI is off,AI is off,Not paired,AI is off,0,0,0
316000,15.5,0,5,0.53,0.21,0,0,56,1,0,17,False,True,0,0,52,42,30,3.9,AI is off,AI is off,AI is off,AI is off,Not paired,AI is off,0,0,0
318000,15.4,0,5,0.53,0.21,0,0,56,1,0,17,False,True,0,0,53,41,30,3.9,AI is off,AI is off,AI is off,AI is off,Not paired,AI is off,0,0,0
320000,15.2,0,5,0.53,0.21,0,0,56,1,0,17,False,True,0,0,53,42,32,3.9,AI is off,AI is off,AI is off,AI is off,Not paired,AI is off,0,0,0
322000,15,0,5,0.52,0.21,0,0,56,1,0,16,False,True,0,0,53,42,32,3.9,AI is off,AI is off,AI is off,AI is off,Not paired,AI is off,0,0,0
324000,14.8,0,5,0.52,0.21,0,0,56,1,0,16,False,True,0,0,52,41,31,3.9,AI is off,AI is off,AI is off,AI is off,Not paired,AI is off,0,0,0
326000,14.8,0,5,0.52,0.21,0,0,56,1,0,16,False,True,0,0,53,42,31,3.9,AI is off,AI is off,AI is off,AI is off,Not paired,AI is off,0,0,0
328000,14.7,0,5,0.52,0.21,0,0,63,1,0,16,False,True,0,0,53,41,31,3.9,AI is off,AI is off,AI is off,AI is off,Not paired,AI is off,0,0,0
330000,14.5,0,5,0.51,0.21,0,0,63,1,0,16,False,True,0,0,54,42,32,3.9,AI is off,AI is off,AI is off,AI is off,Not paired,AI is off,0,0,0
332000,14.6,0,5,0.51,0.21,0,0,65,1,0,16,False,True,0,0,53,40,30,3.9,AI is off,AI is off,AI is off,AI is off,Not paired,AI is off,0,0,0
334000,14.7,0,5,0.52,0.21,0,0,65,1,0,16,False,True,0,0,53,40,30,3.9,AI is off,AI is off,AI is off,AI is off,Not paired,AI is off,0,0,0
336000,14.7,0,5,0.52,0.21,0,0,65,1,0,16,False,True,0,0,54,41,32,3.9,AI is off,AI is off,AI is off,AI is off,Not paired,AI is off,0,0,0
338000,14.7,0,5,0.52,0.21,0,0,65,1,0,16,False,True,0,0,53,41,30,3.9,AI is off,AI is off,AI is off,AI is off,Not paired,AI is off,0,0,0
340000,14.7,0,5,0.52,0.21,0,0,65,1,0,16,False,True,0,0,55,43,32,3.9,AI is off,AI is off,AI is off,AI is off,Not paired,AI is off,0,0,0
342000,14.8,0,5,0.52,0.21,0,0,65,1,0,16,False,True,0,0,53,41,30,3.9,AI is off,AI is off,AI is off,AI is off,Not paired,AI is off,0,0,0
344000,14.7,0,5,0.52,0.21,0,0,63,1,0,16,False,True,0,0,53,41,31,3.9,AI is off,AI is off,AI is off,AI is off,Not paired,AI is off,0,0,0
346000,14.7,0,5,0.52,0.21,0,0,63,1,0,16,False,True,0,0,53,41,30,3.9,AI is off,AI is off,AI is off,AI is off,Not paired,AI is off,0,0,0
348000,14.9,0,5,0.52,0.21,0,0,63,1,0,16,False,True,0,0,54,43,32,3.9,AI is off,AI is off,AI is off,AI is off,Not paired,AI is off,0,0,0
350000,14.7,0,5,0.52,0.21,0,0,63,1,0,16,False,True,0,0,54,42,32,3.9,AI is off,AI is off,AI is off,AI is off,Not paired,AI is off,0,0,0
352000,14.4,0,5,0.51,0.21,0,0,63,1,0,16,False,True,0,0,53,39,30,3.9,AI is off,AI is off,AI is off,AI is off,Not paired,AI is off,0,0,0
354000,14.3,0,5,0.51,0.21,0,0,68,1,0,16,False,True,0,0,53,40,29,3.9,AI is off,AI is off,AI is off,AI is off,Not paired,AI is off,0,0,0
356000,14.3,0,5,0.51,0.21,0,0,68,1,0,16,False,True,0,0,55,40,30,3.9,AI is off,AI is off,AI is off,AI is off,Not paired,AI is off,0,0,0
358000,14.1,0,5,0.5,0.21,0,0,68,1,0,16,False,True,0,0,53,40,29,3.9,AI is off,AI is off,AI is off,AI is off,Not paired,AI is off,0,0,0
360000,14,0,5,0.5,0.21,0,0,68,1,0,16,False,True,0,0,54,40,31,3.9,AI is off,AI is off,AI is off,AI is off,Not paired,AI is off,0,0,0
362000,13.9,0,5,0.5,0.21,0,0,68,1,0,16,False,True,0,0,54,39,30,3.9,AI is off,AI is off,AI is off,AI is off,Not paired,AI is off,0,0,0
364000,13.7,0,5,0.5,0.21,0,0,68,1,0,16,False,True,0,0,54,40,29,3.9,AI is off,AI is off,AI is off,AI is off,Not paired,AI is off,0,0,0
366000,13.6,0,5,0.49,0.21,0,0,74,1,0,16,False,True,0,0,55,40,28,3.9,AI is off,AI is off,AI is off,AI is off,Not paired,AI is off,0,0,0
368000,13.7,0,5,0.5,0.21,0,0,74,1,0,16,False,True,0,0,53,41,30,3.9,AI is off,AI is off,AI is off,AI is off,Not paired,AI is off,0,0,0
370000,13.4,0,5,0.49,0.21,0,0,74,1,0,16,False,True,0,0,55,41,30,3.9,AI is off,AI is off,AI is off,AI is off,Not paired,AI is off,0,0,0
372000,13.4,0,5,0.49,0.21,0,0,74,1,0,16,False,True,0,0,58,45,35,3.9,AI is off,AI is off,AI is off,AI is off,Not paired,AI is off,0,0,0
374000,13.3,0,5,0.49,0.21,0,0,80,1,0,16,False,True,0,0,54,40,31,3.9,AI is off,AI is off,AI is off,AI is off,Not paired,AI is off,0,0,0
376000,13.3,0,5,0.49,0.21,0,0,80,1,0,16,False,True,0,0,54,42,32,3.9,AI is off,AI is off,AI is off,AI is off,Not paired,AI is off,0,0,0
378000,13.7,0,5,0.49,0.21,0,0,80,1,0,16,False,True,0,0,52,42,31,3.9,AI is off,AI is off,AI is off,AI is off,Not paired,AI is off,0,0,0
380000,13.7,0,5,0.49,0.21,0,0,80,1,0,16,False,True,0,0,53,41,30,3.9,AI is off,AI is off,AI is off,AI is off,Not paired,AI is off,0,0,0
382000,13.6,0,5,0.49,0.21,0,0,80,1,0,16,False,True,0,0,54,42,31,3.9,AI is off,AI is off,AI is off,AI is off,Not paired,AI is off,0,0,0
384000,13.7,0,5,0.49,0.21,0,0,80,1,0,16,False,True,0,0,53,41,30,3.9,AI is off,AI is off,AI is off,AI is off,Not paired,AI is off,0,0,0
386000,13.7,0,5,0.5,0.21,0,0,74,1,0,16,False,True,0,0,53,41,30,3.9,AI is off,AI is off,AI is off,AI is off,Not paired,AI is off,0,0,0
388000,13.9,0,5,0.5,0.21,0,0,74,1,0,16,False,True,0,0,54,42,31,3.9,AI is off,AI is off,AI is off,AI is off,Not paired,AI is off,0,0,0
390000,13.9,0,5,0.5,0.21,0,0,71,1,0,16,False,True,0,0,55,42,32,3.9,AI is off,AI is off,AI is off,AI is off,Not paired,AI is off,0,0,0
392000,13.9,0,5,0.5,0.21,0,0,71,1,0,16,False,True,0,0,55,43,33,3.9,AI is off,AI is off,AI is off,AI is off,Not paired,AI is off,0,0,0
394000,14,0,5,0.5,0.21,0,0,71,1,0,16,False,True,0,0,54,42,31,3.9,AI is off,AI is off,AI is off,AI is off,Not paired,AI is off,0,0,0
396000,14,0,5,0.5,0.21,0,0,70,1,0,16,False,True,0,0,54,41,31,3.9,AI is off,AI is off,AI is off,AI is off,Not paired,AI is off,0,0,0
398000,14.1,0,5,0.5,0.21,0,0,70,1,0,16,False,True,0,0,53,42,31,3.9,AI is off,AI is off,AI is off,AI is off,Not paired,AI is off,0,0,0
400000,14.1,0,5,0.5,0.21,0,0,70,1,0,16,False,True,0,0,54,42,32,3.9,AI is off,AI is off,AI is off,AI is off,Not paired,AI is off,0,0,0
402000,14.2,0,5,0.51,0.21,0,0,70,1,0,16,False,True,0,0,54,43,33,3.9,AI is off,AI is off,AI is off,AI is off,Not paired,AI is off,0,0,0
404000,14.4,0,5,0.51,0.21,0,0,70,1,0,16,False,True,0,0,53,41,31,3.9,AI is off,AI is off,AI is off,AI is off,Not paired,AI is off,0,0,0
406000,14.4,0,5,0.51,0.21,0,0,66,1,0,16,False,True,0,0,53,41,31,3.9,AI is off,AI is off,AI is off,AI is off,Not paired,AI is off,0,0,0
408000,14.5,0,5,0.51,0.21,0,0,66,1,0,16,False,True,0,0,53,42,31,3.9,AI is off,AI is off,AI is off,AI is off,Not paired,AI is off,0,0,0
410000,14.6,0,5,0.51,0.21,0,0,66,1,0,16,False,True,0,0,54,43,33,3.9,AI is off,AI is off,AI is off,AI is off,Not paired,AI is off,0,0,0
412000,14.7,0,5,0.52,0.21,0,0,63,1,0,16,False,True,0,0,54,41,31,3.9,AI is off,AI is off,AI is off,AI is off,Not paired,AI is off,0,0,0
414000,14.8,0,5,0.52,0.21,0,0,63,1,0,16,False,True,0,0,53,42,31,3.9,AI is off,AI is off,AI is off,AI is off,Not paired,AI is off,0,0,0
416000,14.9,0,5,0.52,0.21,0,0,63,1,0,16,False,True,0,0,54,43,33,3.9,AI is off,AI is off,AI is off,AI is off,Not paired,AI is off,0,0,0
418000,14.9,0,5,0.52,0.21,0,0,63,1,0,16,False,True,0,0,53,42,31,3.9,AI is off,AI is off,AI is off,AI is off,Not paired,AI is off,0,0,0
420000,15,0,5,0.52,0.21,0,0,63,1,0,16,False,True,0,0,54,43,32,3.9,AI is off,AI is off,AI is off,AI is off,Not paired,AI is off,0,0,0
422000,15,0,5,0.52,0.21,0,0,60,1,0,16,False,True,0,0,54,44,33,3.9,AI is off,AI is off,AI is off,AI is off,Not paired,AI is off,0,0,0
424000,15,0,5,0.52,0.21,0,0,60,1,0,16,False,True,0,0,52,41,31,3.9,AI is off,AI is off,AI is off,AI is off,Not paired,AI is off,0,0,0
426000,15.1,0,5,0.52,0.21,0,0,60,1,0,16,False,True,0,0,54,42,32,3.9,AI is off,AI is off,AI is off,AI is off,Not paired,AI is off,0,0,0
428000,15.2,0,5,0.53,0.21,0,0,59,1,0,16,False,True,0,0,54,43,33,3.9,AI is off,AI is off,AI is off,AI is off,Not paired,AI is off,0,0,0
430000,15.2,0,5,0.53,0.21,0,0,59,1,0,16,False,True,0,0,54,42,32,3.9,AI is off,AI is off,AI is off,AI is off,Not paired,AI is off,0,0,0
432000,15.2,0,5,0.53,0.21,0,0,59,1,0,16,False,True,0,0,55,44,34,3.9,AI is off,AI is off,AI is off,AI is off,Not paired,AI is off,0,0,0
434000,15.3,0,5,0.53,0.21,0,0,59,1,0,16,False,True,0,0,54,42,32,3.9,AI is off,AI is off,AI is off,AI is off,Not paired,AI is off,0,0,0
436000,15.4,0,5,0.53,0.21,0,0,59,1,0,16,False,True,0,0,54,42,32,3.9,AI is off,AI is off,AI is off,AI is off,Not paired,AI is off,0,0,0
438000,15.4,0,5,0.53,0.21,0,0,55,1,0,16,False,True,0,0,53,42,31,3.9,AI is off,AI is off,AI is off,AI is off,Not paired,AI is off,0,0,0
440000,15.5,0,5,0.53,0.21,0,0,55,1,0,16,False,True,0,0,54,41,31,3.9,AI is off,AI is off,AI is off,AI is off,Not paired,AI is off,0,0,0
442000,15.6,0,5,0.54,0.21,0,0,55,1,0,16,False,True,0,0,53,42,31,3.9,AI is off,AI is off,AI is off,AI is off,Not paired,AI is off,0,0,0
444000,15.7,0,5,0.54,0.21,0,0,52,1,0,16,False,True,0,0,53,41,30,3.9,AI is off,AI is off,AI is off,AI is off,Not paired,AI is off,0,0,0
446000,15.7,0,5,0.54,0.21,0,0,52,1,0,16,False,True,0,0,54,42,32,3.9,AI is off,AI is off,AI is off,AI is off,Not paired,AI is off,0,0,0
448000,15.9,0,5,0.54,0.21,0,0,52,1,0,16,False,True,0,0,53,42,32,3.9,AI is off,AI is off,AI is off,AI is off,Not paired,AI is off,0,0,0
450000,16.1,0,5,0.55,0.21,0,0,52,1,0,16,False,True,0,0,54,43,33,3.9,AI is off,AI is off,AI is off,AI is off,Not paired,AI is off,0,0,0
452000,15.9,0,5,0.54,0.21,0,0,52,1,0,16,False,True,0,0,54,42,33,3.9,AI is off,AI is off,AI is off,AI is off,Not paired,AI is off,0,0,0
454000,15.9,0,5,0.54,0.21,0,0,52,1,0,16,False,True,0,0,55,43,34,3.9,AI is off,AI is off,AI is off,AI is off,Not paired,AI is off,0,0,0
456000,16,0,5,0.54,0.21,0,0,51,1,0,16,False,True,0,0,54,42,32,3.9,AI is off,AI is off,AI is off,AI is off,Not paired,AI is off,0,0,0
458000,16,0,5,0.54,0.21,0,0,51,1,0,16,False,True,0,0,54,42,32,3.9,AI is off,AI is off,AI is off,AI is off,Not paired,AI is off,0,0,0
460000,16.1,0,5,0.55,0.21,0,0,49,1,0,16,False,True,0,0,54,41,32,3.9,AI is off,AI is off,AI is off,AI is off,Not paired,AI is off,0,0,0
462000,16.1,0,5,0.55,0.21,0,0,49,1,0,16,False,True,0,0,53,42,32,3.9,AI is off,AI is off,AI is off,AI is off,Not paired,AI is off,0,0,0
464000,16.2,0,5,0.55,0.21,0,0,49,1,0,16,False,True,0,0,53,42,32,3.9,AI is off,AI is off,AI is off,AI is off,Not paired,AI is off,0,0,0
466000,16.1,0,5,0.55,0.21,0,0,49,1,0,16,False,True,0,0,53,40,29,3.9,AI is off,AI is off,AI is off,AI is off,Not paired,AI is off,0,0,0
468000,15.6,0,5,0.54,0.21,0,0,49,1,0,16,False,True,0,0,54,42,32,3.9,AI is off,AI is off,AI is off,AI is off,Not paired,AI is off,0,0,0
470000,15.4,0,5,0.53,0.21,0,0,49,1,0,16,False,True,0,0,54,42,32,3.9,AI is off,AI is off,AI is off,AI is off,Not paired,AI is off,0,0,0
472000,15.3,0,5,0.53,0.21,0,0,55,1,0,16,False,True,0,0,55,44,35,3.9,AI is off,AI is off,AI is off,AI is off,Not paired,AI is off,0,0,0
474000,15.2,0,5,0.53,0.21,0,0,55,1,0,16,False,True,0,0,57,45,35,3.9,AI is off,AI is off,AI is off,AI is off,Not paired,AI is off,0,0,0
476000,15,0,5,0.52,0.21,0,0,55,1,0,16,False,True,0,0,55,44,34,3.9,AI is off,AI is off,AI is off,AI is off,Not paired,AI is off,0,0,0
478000,14.9,0,5,0.52,0.21,0,0,59,1,0,16,False,True,0,0,55,41,31,3.9,AI is off,AI is off,AI is off,AI is off,Not paired,AI is off,0,0,0
480000,15.1,0,5,0.52,0.21,0,0,59,1,0,16,False,True,0,0,53,39,28,3.9,AI is off,AI is off,AI is off,AI is off,Not paired,AI is off,0,0,0
482000,15.5,0,5,0.53,0.21,0,0,59,1,0,16,False,True,0,0,54,43,32,3.9,AI is off,AI is off,AI is off,AI is off,Not paired,AI is off,0,0,0
484000,15.6,0,5,0.54,0.21,0,0,59,1,0,16,False,True,0,0,54,42,32,3.89,AI is off,AI is off,AI is off,AI is off,Not paired,AI is off,0,0,0
486000,15.6,0,5,0.53,0.21,0,0,59,1,0,16,False,True,0,0,53,41,30,3.89,AI is off,AI is off,AI is off,AI is off,Not paired,AI is off,0,0,0
488000,15.7,0,5,0.54,0.21,0,0,52,1,0,16,False,True,0,0,54,42,32,3.89,AI is off,AI is off,AI is off,AI is off,Not paired,AI is off,0,0,0
490000,15.7,0,5,0.54,0.21,0,0,52,1,0,16,False,True,0,0,56,45,35,3.89,AI is off,AI is off,AI is off,AI is off,Not paired,AI is off,0,0,0
492000,15.6,0,5,0.53,0.21,0,0,52,1,0,16,False,True,0,0,55,43,33,3.89,AI is off,AI is off,AI is off,AI is off,Not paired,AI is off,0,0,0
494000,15.7,0,5,0.54,0.21,0,0,53,1,0,16,False,True,0,0,55,43,33,3.9,AI is off,AI is off,AI is off,AI is off,Not paired,AI is off,0,0,0
496000,15.8,0,5,0.54,0.21,0,0,53,1,0,16,False,True,0,0,54,42,33,3.89,AI is off,AI is off,AI is off,AI is off,Not paired,AI is off,0,0,0
498000,15.7,0,5,0.54,0.21,0,0,53,1,0,16,False,True,0,0,55,44,34,3.89,AI is off,AI is off,AI is off,AI is off,Not paired,AI is off,0,0,0
500000,15.7,0,5,0.54,0.21,0,0,53,1,0,16,False,True,0,0,56,44,34,3.89,AI is off,AI is off,AI is off,AI is off,Not paired,AI is off,0,0,0
502000,15.8,0,5,0.54,0.21,0,0,53,1,0,16,False,True,0,0,56,44,35,3.89,AI is off,AI is off,AI is off,AI is off,Not paired,AI is off,0,0,0
504000,15.8,0,5,0.54,0.21,0,0,50,1,0,16,False,True,0,0,55,43,34,3.9,AI is off,AI is off,AI is off,AI is off,Not paired,AI is off,0,0,0
506000,15.7,0,5,0.54,0.21,0,0,50,1,0,16,False,True,0,0,55,44,34,3.9,AI is off,AI is off,AI is off,AI is off,Not paired,AI is off,0,0,0
508000,15.6,0,5,0.54,0.21,0,0,50,1,0,16,False,True,0,0,55,44,34,3.9,AI is off,AI is off,AI is off,AI is off,Not paired,AI is off,0,0,0
510000,15.7,0,5,0.54,0.21,0,0,52,1,0,16,False,True,0,0,55,44,34,3.89,AI is off,AI is off,AI is off,AI is off,Not paired,AI is off,0,0,0
512000,15.8,0,5,0.54,0.21,0,0,52,1,0,16,False,True,0,0,56,45,36,3.89,AI is off,AI is off,AI is off,AI is off,Not paired,AI is off,0,0,0
514000,15.7,0,5,0.54,0.21,0,0,52,1,0,16,False,True,0,0,55,44,33,3.89,AI is off,AI is off,AI is off,AI is off,Not paired,AI is off,0,0,0
516000,15.6,0,5,0.54,0.21,0,0,52,1,0,16,False,True,0,0,56,44,34,3.89,AI is off,AI is off,AI is off,AI is off,Not paired,AI is off,0,0,0
518000,15.7,0,5,0.54,0.21,0,0,52,1,0,16,False,True,0,0,57,44,34,3.9,AI is off,AI is off,AI is off,AI is off,Not paired,AI is off,0,0,0
520000,15.6,0,5,0.53,0.21,0,0,52,1,0,16,False,True,0,0,55,43,33,3.89,AI is off,AI is off,AI is off,AI is off,Not paired,AI is off,0,0,0
522000,15.6,0,5,0.54,0.21,0,0,52,1,0,16,False,True,0,0,55,44,34,3.89,AI is off,AI is off,AI is off,AI is off,Not paired,AI is off,0,0,0
524000,15.7,0,5,0.54,0.21,0,0,52,1,0,16,False,True,0,0,54,43,33,3.89,AI is off,AI is off,AI is off,AI is off,Not paired,AI is off,0,0,0
526000,15.7,0,5,0.54,0.21,0,0,51,1,0,16,False,True,0,0,53,40,30,3.89,AI is off,AI is off,AI is off,AI is off,Not paired,AI is off,0,0,0
528000,15.6,0,5,0.53,0.21,0,0,51,1,0,16,False,True,0,0,54,43,33,3.89,AI is off,AI is off,AI is off,AI is off,Not paired,AI is off,0,0,0
530000,15.8,0,5,0.54,0.21,0,0,51,1,0,16,False,True,0,0,53,41,32,3.89,AI is off,AI is off,AI is off,AI is off,Not paired,AI is off,0,0,0
532000,15.9,0,5,0.54,0.21,0,0,51,1,0,16,False,True,0,0,56,44,34,3.89,AI is off,AI is off,AI is off,AI is off,Not paired,AI is off,0,0,0
534000,16,0,5,0.54,0.21,0,0,51,1,0,16,False,True,0,0,54,39,30,3.89,AI is off,AI is off,AI is off,AI is off,Not paired,AI is off,0,0,0
536000,16.1,0,5,0.54,0.21,0,0,51,1,0,16,False,True,0,0,56,45,35,3.89,AI is off,AI is off,AI is off,AI is off,Not paired,AI is off,0,0,0
538000,15.9,0,5,0.54,0.21,0,0,48,1,0,16,False,True,0,0,54,43,34,3.89,AI is off,AI is off,AI is off,AI is off,Not paired,AI is off,0,0,0
540000,15.9,0,5,0.54,0.21,0,0,48,1,0,16,False,True,0,0,56,45,35,3.89,AI is off,AI is off,AI is off,AI is off,Not paired,AI is off,0,0,0
542000,16,0,5,0.54,0.21,0,0,48,1,0,16,False,True,0,0,55,44,34,3.89,AI is off,AI is off,AI is off,AI is off,Not paired,AI is off,0,0,0
544000,15.9,0,5,0.54,0.21,0,0,48,1,0,16,False,True,0,0,55,43,33,3.89,AI is off,AI is off,AI is off,AI is off,Not paired,AI is off,0,0,0
546000,15.8,0,5,0.54,0.21,0,0,48,1,0,16,False,True,0,0,55,44,34,3.89,AI is off,AI is off,AI is off,AI is off,Not paired,AI is off,0,0,0
548000,15.8,0,5,0.54,0.21,0,0,48,1,0,16,False,True,0,0,55,44,33,3.89,AI is off,AI is off,AI is off,AI is off,Not paired,AI is off,0,0,0
550000,15.8,0,5,0.54,0.21,0,0,48,1,0,16,False,True,0,0,54,39,31,3.89,AI is off,AI is off,AI is off,AI is off,Not paired,AI is off,0,0,0
552000,15.8,0,5,0.54,0.21,0,0,48,1,0,16,False,True,0,0,56,44,34,3.89,AI is off,AI is off,AI is off,AI is off,Not paired,AI is off,0,0,0
554000,15.7,0,5,0.54,0.21,0,0,51,1,0,16,False,True,0,0,55,43,33,3.89,AI is off,AI is off,AI is off,AI is off,Not paired,AI is off,0,0,0
556000,15.8,0,5,0.54,0.21,0,0,51,1,0,16,False,True,0,0,55,44,34,3.89,AI is off,AI is off,AI is off,AI is off,Not paired,AI is off,0,0,0
558000,15.8,0,5,0.54,0.21,0,0,51,1,0,16,False,True,0,0,54,42,33,3.89,AI is off,AI is off,AI is off,AI is off,Not paired,AI is off,0,0,0
560000,15.8,0,5,0.54,0.21,0,0,50,1,0,16,False,True,0,0,54,42,33,3.89,AI is off,AI is off,AI is off,AI is off,Not paired,AI is off,0,0,0
562000,16,0,5,0.54,0.21,0,0,50,1,0,16,False,True,0,0,54,42,32,3.89,AI is off,AI is off,AI is off,AI is off,Not paired,AI is off,0,0,0
564000,15.9,0,5,0.54,0.21,0,0,50,1,0,16,False,True,0,0,56,45,36,3.89,AI is off,AI is off,AI is off,AI is off,Not paired,AI is off,0,0,0
566000,15.8,0,5,0.54,0.21,0,0,50,1,0,16,False,True,0,0,56,45,35,3.89,AI is off,AI is off,AI is off,AI is off,Not paired,AI is off,0,0,0
568000,15.9,0,5,0.54,0.21,0,0,50,1,0,16,False,True,0,0,54,42,32,3.89,AI is off,AI is off,AI is off,AI is off,Not paired,AI is off,0,0,0
570000,16,0,5,0.54,0.21,0,0,48,1,0,16,False,True,0,0,55,43,33,3.89,AI is off,AI is off,AI is off,AI is off,Not paired,AI is off,0,0,0
572000,16.1,0,5,0.55,0.21,0,0,48,1,0,16,False,True,0,0,54,43,33,3.89,AI is off,AI is off,AI is off,AI is off,Not paired,AI is off,0,0,0
574000,16.2,0,5,0.55,0.21,0,0,48,1,0,16,False,True,0,0,54,43,32,3.89,AI is off,AI is off,AI is off,AI is off,Not paired,AI is off,0,0,0
576000,16.2,0,5,0.55,0.21,0,0,46,1,0,16,False,True,0,0,56,44,34,3.89,AI is off,AI is off,AI is off,AI is off,Not paired,AI is off,0,0,0
578000,16.3,0,5,0.55,0.21,0,0,46,1,0,16,False,True,0,0,53,41,30,3.89,AI is off,AI is off,AI is off,AI is off,Not paired,AI is off,0,0,0
580000,16.3,0,5,0.55,0.21,0,0,46,1,0,16,False,True,0,0,54,42,32,3.89,AI is off,AI is off,AI is off,AI is off,Not paired,AI is off,0,0,0
582000,16.3,0,5,0.55,0.21,0,0,46,1,0,16,False,True,0,0,55,44,33,3.89,AI is off,AI is off,AI is off,AI is off,Not paired,AI is off,0,0,0
584000,16.4,0,5,0.55,0.21,0,0,46,1,0,16,False,True,0,0,55,44,34,3.89,AI is off,AI is off,AI is off,AI is off,Not paired,AI is off,0,0,0
586000,16.3,0,5,0.55,0.21,0,0,46,1,0,16,False,True,0,0,55,43,32,3.89,AI is off,AI is off,AI is off,AI is off,Not paired,AI is off,0,0,0
588000,16.4,0,5,0.55,0.21,0,0,45,1,0,16,False,True,0,0,53,41,31,3.89,AI is off,AI is off,AI is off,AI is off,Not paired,AI is off,0,0,0
590000,16.4,0,5,0.55,0.21,0,0,45,1,0,16,False,True,0,0,53,40,30,3.89,AI is off,AI is off,AI is off,AI is off,Not paired,AI is off,0,0,0
592000,16.4,0,5,0.55,0.21,0,0,45,1,0,16,False,True,0,0,54,41,31,3.89,AI is off,AI is off,AI is off,AI is off,Not paired,AI is off,0,0,0
594000,16.6,0,5,0.56,0.21,0,0,45,1,0,16,False,True,0,0,55,43,32,3.89,AI is off,AI is off,AI is off,AI is off,Not paired,AI is off,0,0,0
596000,16.5,0,5,0.55,0.21,0,0,45,1,0,16,False,True,0,0,55,44,34,3.89,AI is off,AI is off,AI is off,AI is off,Not paired,AI is off,0,0,0
598000,16.5,0,5,0.55,0.21,0,0,45,1,0,16,False,True,0,0,54,43,33,3.89,AI is off,AI is off,AI is off,AI is off,Not paired,AI is off,0,0,0
600000,16.6,0,5,0.56,0.21,0,0,45,1,0,16,False,True,0,0,54,41,31,3.89,AI is off,AI is off,AI is off,AI is off,Not paired,AI is off,0,0,0
602000,16.5,0,5,0.55,0.21,0,0,45,1,0,16,False,True,0,0,55,44,33,3.89,AI is off,AI is off,AI is off,AI is off,Not paired,AI is off,0,0,0
604000,16.5,0,5,0.55,0.21,0,0,44,1,0,16,False,True,0,0,55,44,33,3.89,AI is off,AI is off,AI is off,AI is off,Not paired,AI is off,0,0,0
606000,16.6,0,5,0.56,0.21,0,0,44,1,0,16,False,True,0,0,54,43,32,3.89,AI is off,AI is off,AI is off,AI is off,Not paired,AI is off,0,0,0
608000,16.6,0,5,0.56,0.21,0,0,44,1,0,16,False,True,0,0,55,44,33,3.89,AI is off,AI is off,AI is off,AI is off,Not paired,AI is off,0,0,0
610000,16.6,0,5,0.55,0.21,0,0,43,1,0,16,False,True,0,0,54,42,32,3.89,AI is off,AI is off,AI is off,AI is off,Not paired,AI is off,0,0,0
612000,16.6,0,5,0.56,0.21,0,0,43,1,0,16,False,True,0,0,55,43,33,3.89,AI is off,AI is off,AI is off,AI is off,Not paired,AI is off,0,0,0
614000,16.7,0,5,0.56,0.21,0,0,43,1,0,16,False,True,0,0,54,43,33,3.89,AI is off,AI is off,AI is off,AI is off,Not paired,AI is off,0,0,0
616000,16.7,0,5,0.56,0.21,0,0,43,1,0,16,False,True,0,0,55,44,33,3.89,AI is off,AI is off,AI is off,AI is off,Not paired,AI is off,0,0,0
618000,16.8,0,5,0.56,0.21,0,0,43,1,0,16,False,True,0,0,55,44,33,3.89,AI is off,AI is off,AI is off,AI is off,Not paired,AI is off,0,0,0
620000,16.9,0,5,0.56,0.21,0,0,41,1,0,16,False,True,0,0,54,42,32,3.89,AI is off,AI is off,AI is off,AI is off,Not paired,AI is off,0,0,0
622000,16.8,0,5,0.56,0.21,0,0,41,1,0,16,False,True,0,0,55,44,33,3.89,AI is off,AI is off,AI is off,AI is off,Not paired,AI is off,0,0,0
624000,16.8,0,5,0.56,0.21,0,0,41,1,0,16,False,True,0,0,55,44,33,3.89,AI is off,AI is off,AI is off,AI is off,Not paired,AI is off,0,0,0
626000,16.8,0,5,0.56,0.21,0,0,42,1,0,16,False,True,0,0,54,43,32,3.89,AI is off,AI is off,AI is off,AI is off,Not paired,AI is off,0,0,0
628000,16.8,0,5,0.56,0.21,0,0,42,1,0,16,False,True,0,0,54,42,32,3.89,AI is off,AI is off,AI is off,AI is off,Not paired,AI is off,0,0,0
630000,16.8,0,5,0.56,0.21,0,0,42,1,0,16,False,True,0,0,54,42,32,3.89,AI is off,AI is off,AI is off,AI is off,Not paired,AI is off,0,0,0
632000,16.7,0,5,0.56,0.21,0,0,42,1,0,16,False,True,0,0,54,42,33,3.89,AI is off,AI is off,AI is off,AI is off,Not paired,AI is off,0,0,0
634000,16.7,0,5,0.56,0.21,0,0,42,1,0,16,False,True,0,0,54,43,33,3.89,AI is off,AI is off,AI is off,AI is off,Not paired,AI is off,0,0,0
636000,16.7,0,5,0.56,0.21,0,0,42,1,0,16,False,True,0,0,54,42,32,3.89,AI is off,AI is off,AI is off,AI is off,Not paired,AI is off,0,0,0
638000,16.7,0,5,0.56,0.21,0,0,42,1,0,16,False,True,0,0,54,43,33,3.89,AI is off,AI is off,AI is off,AI is off,Not paired,AI is off,0,0,0
640000,16.6,0,5,0.56,0.21,0,0,42,1,0,16,False,True,0,0,54,42,32,3.89,AI is off,AI is off,AI is off,AI is off,Not paired,AI is off,0,0,0
642000,16.6,0,5,0.56,0.21,0,0,43,1,0,16,False,True,0,0,54,42,31,3.89,AI is off,AI is off,AI is off,AI is off,Not paired,AI is off,0,0,0
644000,16.6,0,5,0.56,0.21,0,0,43,1,0,16,False,True,0,0,53,41,31,3.89,AI is off,AI is off,AI is off,AI is off,Not paired,AI is off,0,0,0
646000,16.5,0,5,0.55,0.21,0,0,43,1,0,16,False,True,0,0,53,42,32,3.89,AI is off,AI is off,AI is off,AI is off,Not paired,AI is off,0,0,0
648000,16.4,0,5,0.55,0.21,0,0,43,1,0,16,False,True,0,0,54,42,33,3.89,AI is off,AI is off,AI is off,AI is off,Not paired,AI is off,0,0,0
650000,16.4,0,5,0.55,0.21,0,0,43,1,0,16,False,True,0,0,54,42,32,3.89,AI is off,AI is off,AI is off,AI is off,Not paired,AI is off,0,0,0
652000,16.3,0,5,0.55,0.21,0,0,43,1,0,16,False,True,0,0,54,42,31,3.89,AI is off,AI is off,AI is off,AI is off,Not paired,AI is off,0,0,0
654000,16.3,0,5,0.55,0.21,0,0,44,1,0,16,False,True,0,0,54,43,32,3.89,AI is off,AI is off,AI is off,AI is off,Not paired,AI is off,0,0,0
656000,16.3,0,5,0.55,0.21,0,0,44,1,0,16,False,True,0,0,54,42,31,3.89,AI is off,AI is off,AI is off,AI is off,Not paired,AI is off,0,0,0
658000,16.3,0,5,0.55,0.21,0,0,44,1,0,16,False,True,0,0,55,44,33,3.89,AI is off,AI is off,AI is off,AI is off,Not paired,AI is off,0,0,0
660000,16.2,0,5,0.55,0.21,0,0,44,1,0,16,False,True,0,0,54,42,32,3.89,AI is off,AI is off,AI is off,AI is off,Not paired,AI is off,0,0,0
662000,16.2,0,5,0.55,0.21,0,0,44,1,0,16,False,True,0,0,54,42,32,3.89,AI is off,AI is off,AI is off,AI is off,Not paired,AI is off,0,0,0
664000,16.4,0,5,0.55,0.21,0,0,44,1,0,16,False,True,0,0,54,42,32,3.89,AI is off,AI is off,AI is off,AI is off,Not paired,AI is off,0,0,0
666000,16.4,0,5,0.55,0.21,0,0,44,1,0,16,False,True,0,0,53,41,31,3.89,AI is off,AI is off,AI is off,AI is off,Not paired,AI is off,0,0,0
668000,16.2,0,5,0.55,0.21,0,0,44,1,0,16,False,True,0,0,53,42,32,3.89,AI is off,AI is off,AI is off,AI is off,Not paired,AI is off,0,0,0
670000,16.2,0,5,0.55,0.21,0,0,45,1,0,16,False,True,0,0,55,45,35,3.89,AI is off,AI is off,AI is off,AI is off,Not paired,AI is off,0,0,0
672000,16.3,0,5,0.55,0.21,0,0,45,1,0,15,False,True,0,0,54,43,33,3.89,AI is off,AI is off,AI is off,AI is off,Not paired,AI is off,0,0,0
674000,16.2,0,5,0.55,0.21,0,0,45,1,0,16,False,True,0,0,55,45,35,3.89,AI is off,AI is off,AI is off,AI is off,Not paired,AI is off,0,0,0
676000,16.2,0,5,0.55,0.21,0,0,45,1,0,16,False,True,0,0,54,42,33,3.89,AI is off,AI is off,AI is off,AI is off,Not paired,AI is off,0,0,0
678000,16.3,0,5,0.55,0.21,0,0,45,1,0,16,False,True,0,0,54,42,31,3.89,AI is off,AI is off,AI is off,AI is off,Not paired,AI is off,0,0,0
680000,16.2,0,5,0.55,0.21,0,0,45,1,0,16,False,True,0,0,54,42,32,3.89,AI is off,AI is off,AI is off,AI is off,Not paired,AI is off,0,0,0
682000,16.1,0,5,0.55,0.21,0,0,45,1,0,16,False,True,0,0,54,42,32,3.89,AI is off,AI is off,AI is off,AI is off,Not paired,AI is off,0,0,0
684000,16.2,0,5,0.55,0.21,0,0,45,1,0,16,False,True,0,0,54,42,32,3.89,AI is off,AI is off,AI is off,AI is off,Not paired,AI is off,0,0,0
686000,16,0,5,0.54,0.21,0,0,45,1,0,16,False,True,0,0,55,44,34,3.89,AI is off,AI is off,AI is off,AI is off,Not paired,AI is off,0,0,0
688000,16,0,5,0.54,0.21,0,0,45,1,0,16,False,True,0,0,54,42,32,3.89,AI is off,AI is off,AI is off,AI is off,Not paired,AI is off,0,0,0
690000,15.9,0,5,0.54,0.21,0,0,46,1,0,16,False,True,0,0,54,43,33,3.89,AI is off,AI is off,AI is off,AI is off,Not paired,AI is off,0,0,0
692000,15.9,0,5,0.54,0.21,0,0,46,1,0,16,False,True,0,0,54,43,32,3.89,AI is off,AI is off,AI is off,AI is off,Not paired,AI is off,0,0,0
694000,15.8,0,5,0.54,0.21,0,0,46,1,0,16,False,True,0,0,54,42,33,3.89,AI is off,AI is off,AI is off,AI is off,Not paired,AI is off,0,0,0
696000,15.6,0,5,0.54,0.21,0,0,46,1,0,16,False,True,0,0,55,44,34,3.89,AI is off,AI is off,AI is off,AI is off,Not paired,AI is off,0,0,0
698000,15.9,0,5,0.54,0.21,0,0,46,1,0,15,False,True,0,0,53,42,31,3.89,AI is off,AI is off,AI is off,AI is off,Not paired,AI is off,0,0,0
700000,16,0,5,0.54,0.21,0,0,46,1,0,16,False,True,0,0,53,42,31,3.89,AI is off,AI is off,AI is off,AI is off,Not paired,AI is off,0,0,0
702000,15.9,0,5,0.54,0.21,0,0,46,1,0,15,False,True,0,0,54,42,32,3.89,AI is off,AI is off,AI is off,AI is off,Not paired,AI is off,0,0,0
704000,15.9,0,5,0.54,0.21,0,0,46,1,0,16,False,True,0,0,54,42,32,3.89,AI is off,AI is off,AI is off,AI is off,Not paired,AI is off,0,0,0
706000,15.8,0,5,0.54,0.21,0,0,46,1,0,15,False,True,0,0,55,44,34,3.89,AI is off,AI is off,AI is off,AI is off,Not paired,AI is off,0,0,0
708000,15.7,0,5,0.54,0.21,0,0,47,1,0,15,False,True,0,0,55,44,34,3.89,AI is off,AI is off,AI is off,AI is off,Not paired,AI is off,0,0,0
710000,15.7,0,5,0.54,0.21,0,0,47,1,0,15,False,True,0,0,55,45,35,3.89,AI is off,AI is off,AI is off,AI is off,Not paired,AI is off,0,0,0
712000,15.8,0,5,0.54,0.21,0,0,47,1,0,15,False,True,0,0,55,44,34,3.89,AI is off,AI is off,AI is off,AI is off,Not paired,AI is off,0,0,0
714000,16,0,5,0.54,0.21,0,0,47,1,0,16,False,True,0,0,54,42,32,3.89,AI is off,AI is off,AI is off,AI is off,Not paired,AI is off,0,0,0
716000,16,0,5,0.54,0.21,0,0,47,1,0,15,False,True,0,0,54,42,33,3.89,AI is off,AI is off,AI is off,AI is off,Not paired,AI is off,0,0,0
718000,16,0,5,0.54,0.21,0,0,46,1,0,16,False,True,0,0,54,42,32,3.89,AI is off,AI is off,AI is off,AI is off,Not paired,AI is off,0,0,0
720000,16.1,0,5,0.54,0.21,0,0,46,1,0,15,False,True,0,0,54,42,32,3.89,AI is off,AI is off,AI is off,AI is off,Not paired,AI is off,0,0,0
722000,16.2,0,5,0.55,0.21,0,0,46,1,0,15,False,True,0,0,53,41,32,3.89,AI is off,AI is off,AI is off,AI is off,Not paired,AI is off,0,0,0
724000,16.1,0,5,0.55,0.21,0,0,44,1,0,16,False,True,0,0,53,41,31,3.89,AI is off,AI is off,AI is off,AI is off,Not paired,AI is off,0,0,0
726000,16.2,0,5,0.55,0.21,0,0,44,1,0,15,False,True,0,0,54,42,32,3.89,AI is off,AI is off,AI is off,AI is off,Not paired,AI is off,0,0,0
728000,16.4,0,5,0.55,0.21,0,0,44,1,0,15,False,True,0,0,53,42,32,3.89,AI is off,AI is off,AI is off,AI is off,Not paired,AI is off,0,0,0
730000,16.5,0,5,0.55,0.21,0,0,44,1,0,15,False,True,0,0,54,42,33,3.89,AI is off,AI is off,AI is off,AI is off,Not paired,AI is off,0,0,0
732000,16.4,0,5,0.55,0.21,0,0,44,1,0,15,False,True,0,0,53,41,31,3.89,AI is off,AI is off,AI is off,AI is off,Not paired,AI is off,0,0,0
734000,16.5,0,5,0.55,0.21,0,0,42,1,0,15,False,True,0,0,53,40,30,3.89,AI is off,AI is off,AI is off,AI is off,Not paired,AI is off,0,0,0
736000,16.8,0,5,0.56,0.21,0,0,42,1,0,15,False,True,0,0,53,42,31,3.89,AI is off,AI is off,AI is off,AI is off,Not paired,AI is off,0,0,0
738000,16.7,0,5,0.56,0.21,0,0,42,1,0,15,False,True,0,0,54,42,32,3.89,AI is off,AI is off,AI is off,AI is off,Not paired,AI is off,0,0,0
740000,16.7,0,5,0.56,0.21,0,0,41,1,0,15,False,True,0,0,53,41,32,3.89,AI is off,AI is off,AI is off,AI is off,Not paired,AI is off,0,0,0
742000,17,0,5,0.56,0.21,0,0,41,1,0,15,False,True,0,0,53,40,30,3.89,AI is off,AI is off,AI is off,AI is off,Not paired,AI is off,0,0,0
744000,17,0,5,0.56,0.21,0,0,41,1,0,15,False,True,0,0,53,41,31,3.89,AI is off,AI is off,AI is off,AI is off,Not paired,AI is off,0,0,0
746000,16.9,0,5,0.56,0.21,0,0,41,1,0,15,False,True,0,0,53,41,31,3.89,AI is off,AI is off,AI is off,AI is off,Not paired,AI is off,0,0,0
748000,16.9,0,5,0.56,0.21,0,0,41,1,0,15,False,True,0,0,52,42,31,3.89,AI is off,AI is off,AI is off,AI is off,Not paired,AI is off,0,0,0
750000,17.1,0,5,0.57,0.21,0,0,38,1,0,15,False,True,0,0,53,41,31,3.89,AI is off,AI is off,AI is off,AI is off,Not paired,AI is off,0,0,0
752000,17,0,5,0.56,0.21,0,0,38,1,0,15,False,True,0,0,53,41,30,3.89,AI is off,AI is off,AI is off,AI is off,Not paired,AI is off,0,0,0
754000,16.9,0,5,0.56,0.21,0,0,38,1,0,15,False,True,0,0,54,42,31,3.89,AI is off,AI is off,AI is off,AI is off,Not paired,AI is off,0,0,0
756000,16.8,0,5,0.56,0.21,0,0,39,1,0,15,False,True,0,0,53,41,31,3.89,AI is off,AI is off,AI is off,AI is off,Not paired,AI is off,0,0,0
758000,16.5,0,5,0.55,0.21,0,0,39,1,0,15,False,True,0,0,55,44,34,3.89,AI is off,AI is off,AI is off,AI is off,Not paired,AI is off,0,0,0
760000,16.2,0,5,0.55,0.21,0,0,39,1,0,15,False,True,0,0,53,41,31,3.89,AI is off,AI is off,AI is off,AI is off,Not paired,AI is off,0,0,0
762000,16.2,0,5,0.55,0.21,0,0,39,1,0,15,False,True,0,0,55,44,33,3.89,AI is off,AI is off,AI is off,AI is off,Not paired,AI is off,0,0,0
764000,16.1,0,5,0.55,0.21,0,0,39,1,0,15,False,True,0,0,54,42,32,3.89,AI is off,AI is off,AI is off,AI is off,Not paired,AI is off,0,0,0
766000,16,0,5,0.54,0.21,0,0,39,1,0,15,False,True,0,0,54,42,31,3.89,AI is off,AI is off,AI is off,AI is off,Not paired,AI is off,0,0,0
768000,15.9,0,5,0.54,0.21,0,0,45,1,0,15,False,True,0,0,55,44,34,3.89,AI is off,AI is off,AI is off,AI is off,Not paired,AI is off,0,0,0
770000,16,0,5,0.54,0.21,0,0,45,1,0,15,False,True,0,0,56,44,34,3.89,AI is off,AI is off,AI is off,AI is off,Not paired,AI is off,0,0,0
772000,16.1,0,5,0.54,0.21,0,0,44,1,0,15,False,True,0,0,55,45,35,3.89,AI is off,AI is off,AI is off,AI is off,Not paired,AI is off,0,0,0
774000,16,0,5,0.54,0.21,0,0,44,1,0,15,False,True,0,0,54,42,33,3.89,AI is off,AI is off,AI is off,AI is off,Not paired,AI is off,0,0,0
776000,16.1,0,5,0.55,0.21,0,0,44,1,0,15,False,True,0,0,54,42,32,3.89,AI is off,AI is off,AI is off,AI is off,Not paired,AI is off,0,0,0
778000,16,0,5,0.54,0.21,0,0,44,1,0,15,False,True,0,0,54,43,34,3.89,AI is off,AI is off,AI is off,AI is off,Not paired,AI is off,0,0,0
780000,15.7,0,5,0.54,0.21,0,0,44,1,0,15,False,True,0,0,54,41,31,3.89,AI is off,AI is off,AI is off,AI is off,Not paired,AI is off,0,0,0
782000,15.6,0,5,0.53,0.21,0,0,48,1,0,15,False,True,0,0,54,40,32,3.89,AI is off,AI is off,AI is off,AI is off,Not paired,AI is off,0,0,0
784000,15.6,0,5,0.53,0.21,0,0,48,1,0,15,False,True,0,0,58,46,37,3.89,AI is off,AI is off,AI is off,AI is off,Not paired,AI is off,0,0,0
786000,15.4,0,5,0.53,0.21,0,0,48,1,0,15,False,True,0,0,56,44,34,3.89,AI is off,AI is off,AI is off,AI is off,Not paired,AI is off,0,0,0
788000,15.6,0,5,0.53,0.21,0,0,48,1,0,15,False,True,0,0,54,42,32,3.89,AI is off,AI is off,AI is off,AI is off,Not paired,AI is off,0,0,0
790000,15.7,0,5,0.54,0.21,0,0,48,1,0,15,False,True,0,0,56,44,34,3.89,AI is off,AI is off,AI is off,AI is off,Not paired,AI is off,0,0,0
792000,15.8,0,5,0.54,0.21,0,0,48,1,0,15,False,True,0,0,57,46,36,3.89,AI is off,AI is off,AI is off,AI is off,Not paired,AI is off,0,0,0
794000,16,0,5,0.54,0.21,0,0,45,1,0,15,False,True,0,0,54,42,32,3.89,AI is off,AI is off,AI is off,AI is off,Not paired,AI is off,0,0,0
796000,16.3,0,5,0.55,0.21,0,0,45,1,0,15,False,True,0,0,55,44,34,3.89,AI is off,AI is off,AI is off,AI is off,Not paired,AI is off,0,0,0
798000,16.5,0,5,0.55,0.21,0,0,45,1,0,15,False,True,0,0,53,41,31,3.89,AI is off,AI is off,AI is off,AI is off,Not paired,AI is off,0,0,0
800000,16.8,0,5,0.56,0.21,0,0,45,1,0,15,False,True,0,0,54,42,31,3.89,AI is off,AI is off,AI is off,AI is off,Not paired,AI is off,0,0,0
802000,17,0,5,0.56,0.21,0,0,45,1,0,15,False,True,0,0,54,43,32,3.89,AI is off,AI is off,AI is off,AI is off,Not paired,AI is off,0,0,0
804000,17.2,0,5,0.57,0.21,0,0,37,1,0,15,False,True,0,0,54,42,31,3.89,AI is off,AI is off,AI is off,AI is off,Not paired,AI is off,0,0,0
806000,17.3,0,5,0.57,0.21,0,0,37,1,0,15,False,True,0,0,54,42,31,3.89,AI is off,AI is off,AI is off,AI is off,Not paired,AI is off,0,0,0
808000,17.4,0,5,0.57,0.21,0,0,37,1,0,15,False,True,0,0,54,42,31,3.89,AI is off,AI is off,AI is off,AI is off,Not paired,AI is off,0,0,0
810000,17.6,0,5,0.58,0.21,0,0,35,1,0,15,False,True,0,0,54,42,32,3.89,AI is off,AI is off,AI is off,AI is off,Not paired,AI is off,0,0,0
812000,17.7,0,5,0.58,0.21,0,0,35,1,0,15,False,True,0,0,53,42,32,3.89,AI is off,AI is off,AI is off,AI is off,Not paired,AI is off,0,0,0
814000,17.5,0,5,0.57,0.21,0,0,35,1,0,15,False,True,0,0,53,41,32,3.89,AI is off,AI is off,AI is off,AI is off,Not paired,AI is off,0,0,0
816000,17.5,0,5,0.57,0.21,0,0,35,1,0,15,False,True,0,0,55,44,33,3.89,AI is off,AI is off,AI is off,AI is off,Not paired,AI is off,0,0,0
818000,17.5,0,5,0.57,0.21,0,0,35,1,0,15,False,True,0,0,53,41,32,3.89,AI is off,AI is off,AI is off,AI is off,Not paired,AI is off,0,0,0
820000,17.3,0,5,0.57,0.21,0,0,35,1,0,15,False,True,0,0,54,42,32,3.89,AI is off,AI is off,AI is off,AI is off,Not paired,AI is off,0,0,0
822000,17.5,0,5,0.57,0.21,0,0,35,1,0,15,False,True,0,0,54,42,32,3.89,AI is off,AI is off,AI is off,AI is off,Not paired,AI is off,0,0,0
824000,17.5,0,5,0.57,0.21,0,0,35,1,0,15,False,True,0,0,54,43,33,3.89,AI is off,AI is off,AI is off,AI is off,Not paired,AI is off,0,0,0
826000,17.4,0,5,0.57,0.21,0,0,34,1,0,15,False,True,0,0,54,42,32,3.89,AI is off,AI is off,AI is off,AI is off,Not paired,AI is off,0,0,0
828000,17.4,0,5,0.57,0.21,0,0,34,1,0,15,False,True,0,0,54,42,31,3.89,AI is off,AI is off,AI is off,AI is off,Not paired,AI is off,0,0,0
830000,17.4,0,5,0.57,0.21,0,0,34,1,0,15,False,True,0,0,54,43,32,3.89,AI is off,AI is off,AI is off,AI is off,Not paired,AI is off,0,0,0
832000,17.2,0,5,0.57,0.21,0,0,34,1,0,15,False,True,0,0,54,43,32,3.89,AI is off,AI is off,AI is off,AI is off,Not paired,AI is off,0,0,0
834000,17.5,0,5,0.57,0.21,0,0,34,1,0,15,False,True,0,0,55,44,34,3.89,AI is off,AI is off,AI is off,AI is off,Not paired,AI is off,0,0,0
836000,17.7,0,5,0.58,0.21,0,0,33,1,0,15,False,True,0,0,55,44,33,3.89,AI is off,AI is off,AI is off,AI is off,Not paired,AI is off,0,0,0
838000,17.4,0,5,0.57,0.21,0,0,33,1,0,15,False,True,0,0,55,44,34,3.89,AI is off,AI is off,AI is off,AI is off,Not paired,AI is off,0,0,0
840000,17.5,0,5,0.57,0.21,0,0,33,1,0,15,False,True,0,0,55,44,35,3.89,AI is off,AI is off,AI is off,AI is off,Not paired,AI is off,0,0,0
842000,17.6,0,5,0.58,0.21,0,0,34,1,0,15,False,True,0,0,55,44,34,3.89,AI is off,AI is off,AI is off,AI is off,Not paired,AI is off,0,0,0
844000,17.5,0,5,0.57,0.21,0,0,34,1,0,15,False,True,0,0,54,43,33,3.89,AI is off,AI is off,AI is off,AI is off,Not paired,AI is off,0,0,0
846000,17.5,0,5,0.57,0.21,0,0,34,1,0,15,False,True,0,0,55,43,34,3.89,AI is off,AI is off,AI is off,AI is off,Not paired,AI is off,0,0,0
848000,17.6,0,5,0.58,0.21,0,0,34,1,0,15,False,True,0,0,56,45,35,3.89,AI is off,AI is off,AI is off,AI is off,Not paired,AI is off,0,0,0
850000,17.5,0,5,0.58,0.21,0,0,34,1,0,15,False,True,0,0,55,43,32,3.89,AI is off,AI is off,AI is off,AI is off,Not paired,AI is off,0,0,0
852000,17.3,0,5,0.57,0.21,0,0,34,1,0,15,False,True,0,0,54,43,33,3.89,AI is off,AI is off,AI is off,AI is off,Not paired,AI is off,0,0,0
854000,17.4,0,5,0.57,0.21,0,0,34,1,0,15,False,True,0,0,54,42,32,3.89,AI is off,AI is off,AI is off,AI is off,Not paired,AI is off,0,0,0
856000,17.6,0,5,0.58,0.21,0,0,33,1,0,15,False,True,0,0,53,42,31,3.89,AI is off,AI is off,AI is off,AI is off,Not paired,AI is off,0,0,0
858000,17.3,0,5,0.57,0.21,0,0,33,1,0,15,False,True,0,0,54,42,32,3.89,AI is off,AI is off,AI is off,AI is off,Not paired,AI is off,0,0,0
860000,17.2,0,5,0.57,0.21,0,0,33,1,0,15,False,True,0,0,55,44,34,3.89,AI is off,AI is off,AI is off,AI is off,Not paired,AI is off,0,0,0
862000,17.3,0,5,0.57,0.21,0,0,35,1,0,15,False,True,0,0,55,45,35,3.89,AI is off,AI is off,AI is off,AI is off,Not paired,AI is off,0,0,0
864000,17.1,0,5,0.57,0.21,0,0,35,1,0,15,False,True,0,0,55,44,34,3.89,AI is off,AI is off,AI is off,AI is off,Not paired,AI is off,0,0,0
866000,17,0,5,0.56,0.21,0,0,35,1,0,15,False,True,0,0,54,42,32,3.89,AI is off,AI is off,AI is off,AI is off,Not paired,AI is off,0,0,0
868000,16.9,0,5,0.56,0.21,0,0,35,1,0,15,False,True,0,0,55,45,35,3.89,AI is off,AI is off,AI is off,AI is off,Not paired,AI is off,0,0,0
870000,16.8,0,5,0.56,0.21,0,0,35,1,0,15,False,True,0,0,53,42,31,3.89,AI is off,AI is off,AI is off,AI is off,Not paired,AI is off,0,0,0
872000,16.8,0,5,0.56,0.21,0,0,37,1,0,15,False,True,0,0,54,41,32,3.89,AI is off,AI is off,AI is off,AI is off,Not paired,AI is off,0,0,0
874000,16.7,0,5,0.56,0.21,0,0,37,1,0,15,False,True,0,0,54,42,32,3.89,AI is off,AI is off,AI is off,AI is off,Not paired,AI is off,0,0,0
876000,16.5,0,5,0.55,0.21,0,0,37,1,0,15,False,True,0,0,54,42,32,3.89,AI is off,AI is off,AI is off,AI is off,Not paired,AI is off,0,0,0
878000,16.4,0,5,0.55,0.21,0,0,40,1,0,15,False,True,0,0,54,43,32,3.89,AI is off,AI is off,AI is off,AI is off,Not paired,AI is off,0,0,0
880000,16.6,0,5,0.56,0.21,0,0,40,1,0,15,False,True,0,0,56,44,34,3.89,AI is off,AI is off,AI is off,AI is off,Not paired,AI is off,0,0,0
882000,16.6,0,5,0.56,0.21,0,0,40,1,0,15,False,True,0,0,55,44,35,3.89,AI is off,AI is off,AI is off,AI is off,Not paired,AI is off,0,0,0
884000,16.4,0,5,0.55,0.21,0,0,40,1,0,15,False,True,0,0,55,45,35,3.89,AI is off,AI is off,AI is off,AI is off,Not paired,AI is off,0,0,0
886000,16.5,0,5,0.55,0.21,0,0,40,1,0,15,False,True,0,0,55,43,33,3.89,AI is off,AI is off,AI is off,AI is off,Not paired,AI is off,0,0,0
888000,16.6,0,5,0.56,0.21,0,0,38,1,0,15,False,True,0,0,56,45,35,3.89,AI is off,AI is off,AI is off,AI is off,Not paired,AI is off,0,0,0
890000,16.5,0,5,0.55,0.21,0,0,38,1,0,15,False,True,0,0,55,44,35,3.89,AI is off,AI is off,AI is off,AI is off,Not paired,AI is off,0,0,0
892000,16.5,0,5,0.55,0.21,0,0,38,1,0,15,False,True,0,0,55,44,34,3.89,AI is off,AI is off,AI is off,AI is off,Not paired,AI is off,0,0,0
894000,16.7,0,5,0.56,0.21,0,0,38,1,0,15,False,True,0,0,55,45,35,3.89,AI is off,AI is off,AI is off,AI is off,Not paired,AI is off,0,0,0
896000,16.5,0,5,0.55,0.21,0,0,38,1,0,15,False,True,0,0,55,44,34,3.89,AI is off,AI is off,AI is off,AI is off,Not paired,AI is off,0,0,0
898000,16.4,0,5,0.55,0.21,0,0,38,1,0,15,False,True,0,0,55,45,34,3.89,AI is off,AI is off,AI is off,AI is off,Not paired,AI is off,0,0,0
900000,16.6,0,5,0.55,0.21,0,0,38,1,0,15,False,True,0,0,55,44,34,3.89,AI is off,AI is off,AI is off,AI is off,Not paired,AI is off,0,0,0
902000,16.6,0,5,0.56,0.21,0,0,38,1,0,15,False,True,0,0,53,41,31,3.89,AI is off,AI is off,AI is off,AI is off,Not paired,AI is off,0,0,0
904000,16.4,0,5,0.55,0.21,0,0,38,1,0,15,False,True,0,0,53,41,31,3.89,AI is off,AI is off,AI is off,AI is off,Not paired,AI is off,0,0,0
906000,16.3,0,5,0.55,0.21,0,0,40,1,0,15,False,True,0,0,54,43,32,3.89,AI is off,AI is off,AI is off,AI is off,Not paired,AI is off,0,0,0
908000,16.4,0,5,0.55,0.21,0,0,40,1,0,15,False,True,0,0,53,42,32,3.89,AI is off,AI is off,AI is off,AI is off,Not paired,AI is off,0,0,0
910000,16.1,0,5,0.54,0.21,0,0,41,1,0,15,False,True,0,0,54,42,33,3.89,AI is off,AI is off,AI is off,AI is off,Not paired,AI is off,0,0,0
912000,15.7,0,5,0.54,0.21,0,0,41,1,0,15,False,True,0,0,56,44,34,3.89,AI is off,AI is off,AI is off,AI is off,Not paired,AI is off,0,0,0
914000,15.9,0,5,0.54,0.21,0,0,41,1,0,15,False,True,0,0,55,44,33,3.89,AI is off,AI is off,AI is off,AI is off,Not paired,AI is off,0,0,0
916000,15.8,0,5,0.54,0.21,0,0,41,1,0,15,False,True,0,0,54,43,32,3.89,AI is off,AI is off,AI is off,AI is off,Not paired,AI is off,0,0,0
918000,15.4,0,5,0.53,0.21,0,0,41,1,0,15,False,True,0,0,56,44,33,3.89,AI is off,AI is off,AI is off,AI is off,Not paired,AI is off,0,0,0
920000,15.4,0,5,0.53,0.21,0,0,41,1,0,15,False,True,0,0,55,44,34,3.89,AI is off,AI is off,AI is off,AI is off,Not paired,AI is off,0,0,0
922000,15.7,0,5,0.54,0.21,0,0,46,1,0,15,False,True,0,0,54,43,32,3.89,AI is off,AI is off,AI is off,AI is off,Not paired,AI is off,0,0,0
924000,15.4,0,5,0.53,0.21,0,0,46,1,0,15,False,True,0,0,56,44,34,3.89,AI is off,AI is off,AI is off,AI is off,Not paired,AI is off,0,0,0
926000,15.5,0,5,0.53,0.21,0,0,46,1,0,15,False,True,0,0,55,45,35,3.89,AI is off,AI is off,AI is off,AI is off,Not paired,AI is off,0,0,0
928000,15.7,0,5,0.54,0.21,0,0,46,1,0,15,False,True,0,0,54,43,33,3.89,AI is off,AI is off,AI is off,AI is off,Not paired,AI is off,0,0,0
930000,15.6,0,5,0.53,0.21,0,0,46,1,0,15,False,True,0,0,54,42,31,3.89,AI is off,AI is off,AI is off,AI is off,Not paired,AI is off,0,0,0
932000,15.6,0,5,0.53,0.21,0,0,46,1,0,15,False,True,0,0,56,44,34,3.89,AI is off,AI is off,AI is off,AI is off,Not paired,AI is off,0,0,0
934000,15.6,0,5,0.53,0.21,0,0,46,1,0,15,False,True,0,0,55,43,34,3.89,AI is off,AI is off,AI is off,AI is off,Not paired,AI is off,0,0,0
936000,15.5,0,5,0.53,0.21,0,0,46,1,0,15,False,True,0,0,54,43,33,3.89,AI is off,AI is off,AI is off,AI is off,Not paired,AI is off,0,0,0
938000,15.6,0,5,0.53,0.21,0,0,45,1,0,15,False,True,0,0,54,43,33,3.89,AI is off,AI is off,AI is off,AI is off,Not paired,AI is off,0,0,0
940000,15.6,0,5,0.53,0.21,0,0,45,1,0,15,False,True,0,0,56,45,35,3.89,AI is off,AI is off,AI is off,AI is off,Not paired,AI is off,0,0,0
942000,15.6,0,5,0.53,0.21,0,0,45,1,0,15,False,True,0,0,54,43,32,3.89,AI is off,AI is off,AI is off,AI is off,Not paired,AI is off,0,0,0
944000,15.5,0,5,0.53,0.21,0,0,45,1,0,15,False,True,0,0,55,44,34,3.89,AI is off,AI is off,AI is off,AI is off,Not paired,AI is off,0,0,0
946000,15.4,0,5,0.53,0.21,0,0,45,1,0,15,False,True,0,0,55,43,33,3.89,AI is off,AI is off,AI is off,AI is off,Not paired,AI is off,0,0,0
948000,15.3,0,5,0.53,0.21,0,0,45,1,0,15,False,True,0,0,57,44,34,3.89,AI is off,AI is off,AI is off,AI is off,Not paired,AI is off,0,0,0
950000,15.1,0,5,0.53,0.21,0,0,45,1,0,15,False,True,0,0,56,45,36,3.89,AI is off,AI is off,AI is off,AI is off,Not paired,AI is off,0,0,0
952000,15,0,5,0.52,0.21,0,0,45,1,0,15,False,True,0,0,55,40,30,3.89,AI is off,AI is off,AI is off,AI is off,Not paired,AI is off,0,0,0
954000,15,0,5,0.52,0.21,0,0,50,1,0,15,False,True,0,0,54,40,32,3.89,AI is off,AI is off,AI is off,AI is off,Not paired,AI is off,0,0,0
956000,14.7,0,5,0.52,0.21,0,0,50,1,0,15,False,True,0,0,54,38,30,3.89,AI is off,AI is off,AI is off,AI is off,Not paired,AI is off,0,0,0
958000,14.7,0,5,0.52,0.21,0,0,50,1,0,15,False,True,0,0,54,41,29,3.89,AI is off,AI is off,AI is off,AI is off,Not paired,AI is off,0,0,0
960000,14.8,0,5,0.52,0.21,0,0,53,1,0,15,False,True,0,0,54,41,32,3.89,AI is off,AI is off,AI is off,AI is off,Not paired,AI is off,0,0,0
962000,14.7,0,5,0.52,0.21,0,0,53,1,0,15,False,True,0,0,54,40,30,3.89,AI is off,AI is off,AI is off,AI is off,Not paired,AI is off,0,0,0
964000,14.6,0,5,0.51,0.21,0,0,53,1,0,15,False,True,0,0,54,40,31,3.89,AI is off,AI is off,AI is off,AI is off,Not paired,AI is off,0,0,0
966000,14.7,0,5,0.51,0.21,0,0,53,1,0,15,False,True,0,0,55,40,31,3.89,AI is off,AI is off,AI is off,AI is off,Not paired,AI is off,0,0,0
968000,14.7,0,5,0.52,0.21,0,0,53,1,0,15,False,True,0,0,57,44,34,3.89,AI is off,AI is off,AI is off,AI is off,Not paired,AI is off,0,0,0
970000,14.4,0,5,0.51,0.21,0,0,54,1,0,15,False,True,0,0,54,41,32,3.89,AI is off,AI is off,AI is off,AI is off,Not paired,AI is off,0,0,0
972000,14.4,0,5,0.51,0.21,0,0,54,1,0,15,False,True,0,0,54,40,32,3.89,AI is off,AI is off,AI is off,AI is off,Not paired,AI is off,0,0,0
974000,14.5,0,5,0.51,0.21,0,0,54,1,0,15,False,True,0,0,54,39,31,3.89,AI is off,AI is off,AI is off,AI is off,Not paired,AI is off,0,0,0
976000,14.2,0,5,0.51,0.21,0,0,55,1,0,15,False,True,0,0,55,40,32,3.89,AI is off,AI is off,AI is off,AI is off,Not paired,AI is off,0,0,0
978000,14.1,0,5,0.5,0.21,0,0,55,1,0,15,False,True,0,0,54,40,31,3.89,AI is off,AI is off,AI is off,AI is off,Not paired,AI is off,0,0,0
980000,14.2,0,5,0.51,0.21,0,0,55,1,0,15,False,True,0,0,54,40,31,3.89,AI is off,AI is off,AI is off,AI is off,Not paired,AI is off,0,0,0
982000,14,0,5,0.5,0.21,0,0,55,1,0,15,False,True,0,0,54,39,30,3.89,AI is off,AI is off,AI is off,AI is off,Not paired,AI is off,0,0,0
984000,14,0,5,0.5,0.21,0,0,55,1,0,15,False,True,0,0,57,45,36,3.89,AI is off,AI is off,AI is off,AI is off,Not paired,AI is off,0,0,0
986000,14,0,5,0.5,0.21,0,0,58,1,0,15,False,True,0,0,54,39,30,3.89,AI is off,AI is off,AI is off,AI is off,Not paired,AI is off,0,0,0
988000,14,0,5,0.5,0.21,0,0,58,1,0,15,False,True,0,0,54,41,31,3.89,AI is off,AI is off,AI is off,AI is off,Not paired,AI is off,0,0,0
990000,13.8,0,5,0.5,0.21,0,0,58,1,0,15,False,True,0,0,54,39,31,3.89,AI is off,AI is off,AI is off,AI is off,Not paired,AI is off,0,0,0
992000,13.8,0,5,0.5,0.21,0,0,60,1,0,15,False,True,0,0,54,40,31,3.89,AI is off,AI is off,AI is off,AI is off,Not paired,AI is off,0,0,0
994000,13.8,0,5,0.5,0.21,0,0,60,1,0,15,False,True,0,0,57,45,36,3.89,AI is off,AI is off,AI is off,AI is off,Not paired,AI is off,0,0,0
996000,13.7,0,5,0.5,0.21,0,0,60,1,0,15,False,True,0,0,55,41,31,3.89,AI is off,AI is off,AI is off,AI is off,Not paired,AI is off,0,0,0
998000,13.7,0,5,0.49,0.21,0,0,60,1,0,15,False,True,0,0,54,43,33,3.89,AI is off,AI is off,AI is off,AI is off,Not paired,AI is off,0,0,0
1000000,13.7,0,5,0.49,0.21,0,0,60,1,0,15,False,True,0,0,56,44,34,3.89,AI is off,AI is off,AI is off,AI is off,Not paired,AI is off,0,0,0
1002000,13.7,0,5,0.5,0.21,0,0,60,1,0,15,False,True,0,0,54,41,32,3.89,AI is off,AI is off,AI is off,AI is off,Not paired,AI is off,0,0,0
1004000,13.7,0,5,0.49,0.21,0,0,62,1,0,15,False,True,0,0,54,40,32,3.89,AI is off,AI is off,AI is off,AI is off,Not paired,AI is off,0,0,0
1006000,13.7,0,5,0.5,0.21,0,0,62,1,0,15,False,True,0,0,54,40,32,3.89,AI is off,AI is off,AI is off,AI is off,Not paired,AI is off,0,0,0
1008000,13.6,0,5,0.5,0.21,0,0,62,1,0,15,False,True,0,0,55,41,31,3.89,AI is off,AI is off,AI is off,AI is off,Not paired,AI is off,0,0,0
1010000,13.6,0,5,0.49,0.21,0,0,62,1,0,15,False,True,0,0,55,41,31,3.89,AI is off,AI is off,AI is off,AI is off,Not paired,AI is off,0,0,0
1012000,13.6,0,5,0.49,0.21,0,0,62,1,0,15,False,True,0,0,55,42,31,3.89,AI is off,AI is off,AI is off,AI is off,Not paired,AI is off,0,0,0
1014000,13.4,0,5,0.49,0.21,0,0,62,1,0,15,False,True,0,0,54,40,31,3.89,AI is off,AI is off,AI is off,AI is off,Not paired,AI is off,0,0,0
1016000,13.4,0,5,0.49,0.21,0,0,62,1,0,15,False,True,0,0,53,40,30,3.89,AI is off,AI is off,AI is off,AI is off,Not paired,AI is off,0,0,0
1018000,13.5,0,5,0.49,0.21,0,0,62,1,0,15,False,True,0,0,54,40,30,3.89,AI is off,AI is off,AI is off,AI is off,Not paired,AI is off,0,0,0
1020000,13.4,0,5,0.49,0.21,0,0,64,1,0,15,False,True,0,0,55,41,33,3.89,AI is off,AI is off,AI is off,AI is off,Not paired,AI is off,0,0,0
1022000,13.5,0,5,0.49,0.21,0,0,64,1,0,15,False,True,0,0,54,40,31,3.89,AI is off,AI is off,AI is off,AI is off,Not paired,AI is off,0,0,0
1024000,13.6,0,5,0.49,0.21,0,0,64,1,0,15,False,True,0,0,55,44,35,3.89,AI is off,AI is off,AI is off,AI is off,Not paired,AI is off,0,0,0
1026000,13.5,0,5,0.49,0.21,0,0,62,1,0,16,False,True,0,0,53,39,29,3.89,AI is off,AI is off,AI is off,AI is off,Not paired,AI is off,0,0,0
1028000,13.5,0,5,0.49,0.21,0,0,62,1,0,16,False,True,0,0,55,42,33,3.89,AI is off,AI is off,AI is off,AI is off,Not paired,AI is off,0,0,0
1030000,13.6,0,5,0.49,0.21,0,0,63,1,0,15,False,True,0,0,56,42,31,3.89,AI is off,AI is off,AI is off,AI is off,Not paired,AI is off,0,0,0
1032000,13.7,0,5,0.49,0.21,0,0,63,1,0,16,False,True,0,0,54,40,31,3.89,AI is off,AI is off,AI is off,AI is off,Not paired,AI is off,0,0,0
1034000,13.7,0,5,0.5,0.21,0,0,63,1,0,16,False,True,0,0,54,41,29,3.89,AI is off,AI is off,AI is off,AI is off,Not paired,AI is off,0,0,0
1036000,13.8,0,5,0.5,0.21,0,0,63,1,0,16,False,True,0,0,54,41,33,3.89,AI is off,AI is off,AI is off,AI is off,Not paired,AI is off,0,0,0
1038000,13.8,0,5,0.5,0.21,0,0,63,1,0,16,False,True,0,0,54,40,30,3.89,AI is off,AI is off,AI is off,AI is off,Not paired,AI is off,0,0,0
1040000,13.9,0,5,0.5,0.21,0,0,58,1,0,16,False,True,0,0,56,43,33,3.89,AI is off,AI is off,AI is off,AI is off,Not paired,AI is off,0,0,0
1042000,13.5,0,5,0.5,0.21,0,0,58,1,0,16,False,True,0,0,54,42,31,3.89,AI is off,AI is off,AI is off,AI is off,Not paired,AI is off,0,0,0
1044000,13.1,0,5,0.49,0.21,0,0,58,1,0,16,False,True,0,0,56,44,33,3.89,AI is off,AI is off,AI is off,AI is off,Not paired,AI is off,0,0,0
1046000,12.8,0,5,0.48,0.21,0,0,70,1,0,16,False,True,0,0,55,43,33,3.89,AI is off,AI is off,AI is off,AI is off,Not paired,AI is off,0,0,0
1048000,12.7,0,5,0.48,0.21,0,0,70,1,0,16,False,True,0,0,55,44,33,3.89,AI is off,AI is off,AI is off,AI is off,Not paired,AI is off,0,0,0
1050000,12.6,0,5,0.47,0.21,0,0,70,1,0,16,False,True,0,0,55,43,32,3.89,AI is off,AI is off,AI is off,AI is off,Not paired,AI is off,0,0,0
1052000,12.5,0,5,0.47,0.21,0,0,70,1,0,16,False,True,0,0,55,44,33,3.89,AI is off,AI is off,AI is off,AI is off,Not paired,AI is off,0,0,0
1054000,12.4,0,5,0.47,0.21,0,0,70,1,0,16,False,True,0,0,54,42,32,3.89,AI is off,AI is off,AI is off,AI is off,Not paired,AI is off,0,0,0
1056000,12.3,0,5,0.47,0.21,0,0,83,1,0,16,False,True,0,0,56,44,33,3.89,AI is off,AI is off,AI is off,AI is off,Not paired,AI is off,0,0,0
1058000,12.1,0,5,0.46,0.21,0,0,83,1,0,16,False,True,0,0,55,44,33,3.89,AI is off,AI is off,AI is off,AI is off,Not paired,AI is off,0,0,0
1060000,12.2,0,5,0.46,0.21,0,0,83,1,0,16,False,True,0,0,54,42,32,3.89,AI is off,AI is off,AI is off,AI is off,Not paired,AI is off,0,0,0
1062000,12.3,0,5,0.46,0.21,0,0,85,1,0,16,False,True,0,0,54,42,32,3.89,AI is off,AI is off,AI is off,AI is off,Not paired,AI is off,0,0,0
1064000,12.3,0,5,0.47,0.21,0,0,85,1,0,16,False,True,0,0,56,44,34,3.89,AI is off,AI is off,AI is off,AI is off,Not paired,AI is off,0,0,0
1066000,12.1,0,5,0.46,0.21,0,0,85,1,0,16,False,True,0,0,55,43,33,3.89,AI is off,AI is off,AI is off,AI is off,Not paired,AI is off,0,0,0
1068000,12.1,0,5,0.46,0.21,0,0,85,1,0,16,False,True,0,0,55,42,32,3.89,AI is off,AI is off,AI is off,AI is off,Not paired,AI is off,0,0,0
1070000,12.1,0,5,0.46,0.21,0,0,85,1,0,16,False,True,0,0,57,45,35,3.89,AI is off,AI is off,AI is off,AI is off,Not paired,AI is off,0,0,0
1072000,11.9,0,5,0.46,0.21,0,0,85,1,0,16,False,True,0,0,54,43,33,3.89,AI is off,AI is off,AI is off,AI is off,Not paired,AI is off,0,0,0
1074000,12.1,0,5,0.46,0.21,0,0,94,1,0,16,False,True,0,0,55,42,32,3.89,AI is off,AI is off,AI is off,AI is off,Not paired,AI is off,0,0,0
1076000,12.2,0,5,0.46,0.21,0,0,94,1,0,16,False,True,0,0,56,44,34,3.89,AI is off,AI is off,AI is off,AI is off,Not paired,AI is off,0,0,0
1078000,12,0,5,0.46,0.21,0,0,90,1,0,16,False,True,0,0,54,42,32,3.89,AI is off,AI is off,AI is off,AI is off,Not paired,AI is off,0,0,0
1080000,12,0,5,0.46,0.21,0,0,90,1,0,16,False,True,0,0,55,43,33,3.89,AI is off,AI is off,AI is off,AI is off,Not paired,AI is off,0,0,0
1082000,12,0,5,0.46,0.21,0,0,90,1,0,16,False,True,0,0,53,40,30,3.89,AI is off,AI is off,AI is off,AI is off,Not paired,AI is off,0,0,0
1084000,11.8,0,5,0.46,0.21,0,0,90,1,0,16,False,True,0,0,55,44,34,3.89,AI is off,AI is off,AI is off,AI is off,Not paired,AI is off,0,0,0
1086000,11.5,0,5,0.45,0.21,0,0,90,1,0,16,False,True,0,0,56,44,34,3.89,AI is off,AI is off,AI is off,AI is off,Not paired,AI is off,0,0,0
1088000,11.6,0,5,0.45,0.21,0,0,90,1,0,16,False,True,0,0,57,46,37,3.89,AI is off,AI is off,AI is off,AI is off,Not paired,AI is off,0,0,0
1090000,11.7,0,5,0.45,0.21,0,0,99,1,0,16,False,True,0,0,54,43,32,3.89,AI is off,AI is off,AI is off,AI is off,Not paired,AI is off,0,0,0
1092000,11.6,0,5,0.45,0.21,0,0,99,1,0,16,False,True,0,0,55,44,33,3.89,AI is off,AI is off,AI is off,AI is off,Not paired,AI is off,0,0,0
1094000,11.5,0,5,0.45,0.21,0,0,99,1,0,16,False,True,0,0,56,44,34,3.89,AI is off,AI is off,AI is off,AI is off,Not paired,AI is off,0,0,0
1096000,11.6,0,5,0.45,0.21,0,0,99,1,0,16,False,True,0,0,56,43,33,3.89,AI is off,AI is off,AI is off,AI is off,Not paired,AI is off,0,0,0
1098000,11.8,0,5,0.45,0.21,0,0,99,1,0,16,False,True,0,0,55,42,32,3.89,AI is off,AI is off,AI is off,AI is off,Not paired,AI is off,0,0,0
1100000,11.9,0,5,0.46,0.21,0,0,99,1,0,16,False,True,0,0,53,41,31,3.89,AI is off,AI is off,AI is off,AI is off,Not paired,AI is off,0,0,0
1102000,12,0,5,0.46,0.21,0,0,99,1,0,16,False,True,0,0,57,44,34,3.89,AI is off,AI is off,AI is off,AI is off,Not paired,AI is off,0,0,0
1104000,12,0,5,0.46,0.21,0,0,99,1,0,16,False,True,0,0,54,40,30,3.89,AI is off,AI is off,AI is off,AI is off,Not paired,AI is off,0,0,0
1106000,12,0,5,0.46,0.21,0,0,93,1,0,16,False,True,0,0,54,40,30,3.89,AI is off,AI is off,AI is off,AI is off,Not paired,AI is off,0,0,0
1108000,11.8,0,5,0.46,0.21,0,0,93,1,0,16,False,True,0,0,53,41,30,3.89,AI is off,AI is off,AI is off,AI is off,Not paired,AI is off,0,0,0
1110000,11.5,0,5,0.45,0.21,0,0,93,1,0,16,False,True,0,0,56,44,34,3.89,AI is off,AI is off,AI is off,AI is off,Not paired,AI is off,0,0,0
1112000,11.1,0,5,0.44,0.21,0,0,99,1,0,16,False,True,0,0,54,42,32,3.89,AI is off,AI is off,AI is off,AI is off,Not paired,AI is off,0,0,0
1114000,11.1,0,5,0.44,0.21,0,0,99,1,0,16,False,True,0,0,55,44,33,3.89,AI is off,AI is off,AI is off,AI is off,Not paired,AI is off,0,0,0
1116000,11,0,5,0.44,0.21,0,0,99,1,0,16,False,True,0,0,57,45,35,3.89,AI is off,AI is off,AI is off,AI is off,Not paired,AI is off,0,0,0
1118000,11.1,0,5,0.44,0.21,0,0,99,1,0,16,False,True,0,0,55,43,33,3.89,AI is off,AI is off,AI is off,AI is off,Not paired,AI is off,0,0,0
1120000,11.1,0,5,0.44,0.21,0,0,99,1,0,16,False,True,0,0,55,43,33,3.89,AI is off,AI is off,AI is off,AI is off,Not paired,AI is off,0,0,0
1122000,11.1,0,5,0.44,0.21,0,0,99,1,0,16,False,True,0,0,55,43,33,3.89,AI is off,AI is off,AI is off,AI is off,Not paired,AI is off,0,0,0
1124000,11.1,0,5,0.44,0.21,0,0,99,1,0,16,False,True,0,0,54,42,32,3.89,AI is off,AI is off,AI is off,AI is off,Not paired,AI is off,0,0,0
1126000,11,0,5,0.44,0.21,0,0,99,1,0,16,False,True,0,0,54,42,32,3.89,AI is off,AI is off,AI is off,AI is off,Not paired,AI is off,0,0,0
1128000,11.1,0,5,0.44,0.21,0,0,99,1,0,16,False,True,0,0,55,44,34,3.89,AI is off,AI is off,AI is off,AI is off,Not paired,AI is off,0,0,0
1130000,11.3,0,5,0.44,0.21,0,0,99,1,0,16,False,True,0,0,55,43,33,3.89,AI is off,AI is off,AI is off,AI is off,Not paired,AI is off,0,0,0
1132000,11.4,0,5,0.44,0.21,0,0,99,1,0,16,False,True,0,0,54,42,33,3.89,AI is off,AI is off,AI is off,AI is off,Not paired,AI is off,0,0,0
1134000,11.6,0,5,0.45,0.21,0,0,99,1,0,16,False,True,0,0,56,43,32,3.89,AI is off,AI is off,AI is off,AI is off,Not paired,AI is off,0,0,0
1136000,11.5,0,5,0.45,0.21,0,0,99,1,0,16,False,True,0,0,54,43,33,3.89,AI is off,AI is off,AI is off,AI is off,Not paired,AI is off,0,0,0
1138000,11.6,0,5,0.45,0.21,0,0,99,1,0,16,False,True,0,0,55,44,34,3.89,AI is off,AI is off,AI is off,AI is off,Not paired,AI is off,0,0,0
1140000,11.5,0,5,0.45,0.21,0,0,99,1,0,16,False,True,0,0,55,43,32,3.89,AI is off,AI is off,AI is off,AI is off,Not paired,AI is off,0,0,0
1142000,11.7,0,5,0.45,0.21,0,0,99,1,0,16,False,True,0,0,53,41,31,3.89,AI is off,AI is off,AI is off,AI is off,Not paired,AI is off,0,0,0
1144000,11.6,0,5,0.45,0.21,0,0,99,1,0,16,False,True,0,0,53,41,31,3.89,AI is off,AI is off,AI is off,AI is off,Not paired,AI is off,0,0,0
1146000,11.5,0,5,0.45,0.21,0,0,99,1,0,16,False,True,0,0,55,43,33,3.89,AI is off,AI is off,AI is off,AI is off,Not paired,AI is off,0,0,0
1148000,11.8,0,5,0.45,0.21,0,0,99,1,0,16,False,True,0,0,55,44,34,3.89,AI is off,AI is off,AI is off,AI is off,Not paired,AI is off,0,0,0
1150000,11.7,0,5,0.46,0.21,0,0,99,1,0,16,False,True,0,0,54,42,31,3.89,AI is off,AI is off,AI is off,AI is off,Not paired,AI is off,0,0,0
1152000,11.5,0,5,0.45,0.21,0,0,99,1,0,16,False,True,0,0,55,43,32,3.89,AI is off,AI is off,AI is off,AI is off,Not paired,AI is off,0,0,0
1154000,11.6,0,5,0.45,0.21,0,0,99,1,0,16,False,True,0,0,55,44,33,3.89,AI is off,AI is off,AI is off,AI is off,Not paired,AI is off,0,0,0
1156000,11.6,0,5,0.45,0.21,0,0,99,1,0,16,False,True,0,0,56,43,33,3.89,AI is off,AI is off,AI is off,AI is off,Not paired,AI is off,0,0,0
1158000,11.7,0,5,0.45,0.21,0,0,99,1,0,16,False,True,0,0,55,42,32,3.89,AI is off,AI is off,AI is off,AI is off,Not paired,AI is off,0,0,0
1160000,11.8,0,5,0.45,0.21,0,0,99,1,0,16,False,True,0,0,54,43,32,3.89,AI is off,AI is off,AI is off,AI is off,Not paired,AI is off,0,0,0
1162000,12,0,5,0.46,0.21,0,0,99,1,0,16,False,True,0,0,53,42,32,3.89,AI is off,AI is off,AI is off,AI is off,Not paired,AI is off,0,0,0
1164000,11.9,0,5,0.46,0.21,0,0,99,1,0,16,False,True,0,0,54,42,32,3.89,AI is off,AI is off,AI is off,AI is off,Not paired,AI is off,0,0,0
1166000,12,0,5,0.46,0.21,0,0,99,1,0,16,False,True,0,0,53,42,31,3.89,AI is off,AI is off,AI is off,AI is off,Not paired,AI is off,0,0,0
1168000,12.2,0,5,0.46,0.21,0,0,99,1,0,16,False,True,0,0,53,41,31,3.89,AI is off,AI is off,AI is off,AI is off,Not paired,AI is off,0,0,0
1170000,12.4,0,5,0.47,0.21,0,0,81,1,0,16,False,True,0,0,55,44,33,3.89,AI is off,AI is off,AI is off,AI is off,Not paired,AI is off,0,0,0
1172000,12.4,0,5,0.47,0.21,0,0,81,1,0,16,False,True,0,0,53,41,31,3.89,AI is off,AI is off,AI is off,AI is off,Not paired,AI is off,0,0,0
1174000,12.7,0,5,0.47,0.21,0,0,81,1,0,16,False,True,0,0,53,42,32,3.89,AI is off,AI is off,AI is off,AI is off,Not paired,AI is off,0,0,0
1176000,12.8,0,5,0.48,0.21,0,0,73,1,0,16,False,True,0,0,56,43,33,3.89,AI is off,AI is off,AI is off,AI is off,Not paired,AI is off,0,0,0
1178000,13,0,5,0.48,0.21,0,0,73,1,0,16,False,True,0,0,54,42,32,3.89,AI is off,AI is off,AI is off,AI is off,Not paired,AI is off,0,0,0
1180000,13.2,0,5,0.48,0.21,0,0,73,1,0,16,False,True,0,0,55,43,32,3.89,AI is off,AI is off,AI is off,AI is off,Not paired,AI is off,0,0,0
1182000,13.4,0,5,0.49,0.21,0,0,66,1,0,16,False,True,0,0,54,43,33,3.89,AI is off,AI is off,AI is off,AI is off,Not paired,AI is off,0,0,0
1184000,13.4,0,5,0.49,0.21,0,0,66,1,0,16,False,True,0,0,53,41,31,3.89,AI is off,AI is off,AI is off,AI is off,Not paired,AI is off,0,0,0
1186000,13.3,0,5,0.49,0.21,0,0,66,1,0,16,False,True,0,0,55,44,33,3.89,AI is off,AI is off,AI is off,AI is off,Not paired,AI is off,0,0,0
1188000,13.3,0,5,0.49,0.21,0,0,66,1,0,16,False,True,0,0,53,41,31,3.89,AI is off,AI is off,AI is off,AI is off,Not paired,AI is off,0,0,0
1190000,13.1,0,5,0.48,0.21,0,0,66,1,0,16,False,True,0,0,54,42,32,3.89,AI is off,AI is off,AI is off,AI is off,Not paired,AI is off,0,0,0
1192000,13,0,5,0.48,0.21,0,0,68,1,0,16,False,True,0,0,55,43,32,3.89,AI is off,AI is off,AI is off,AI is off,Not paired,AI is off,0,0,0
1194000,12.9,0,5,0.48,0.21,0,0,68,1,0,16,False,True,0,0,56,45,35,3.89,AI is off,AI is off,AI is off,AI is off,Not paired,AI is off,0,0,0
1196000,12.9,0,5,0.48,0.21,0,0,68,1,0,16,False,True,0,0,55,43,32,3.89,AI is off,AI is off,AI is off,AI is off,Not paired,AI is off,0,0,0
1198000,12.9,0,5,0.48,0.21,0,0,70,1,0,16,False,True,0,0,55,44,33,3.89,AI is off,AI is off,AI is off,AI is off,Not paired,AI is off,0,0,0
1200000,12.9,0,5,0.48,0.21,0,0,70,1,0,16,False,True,0,0,54,42,31,3.89,AI is off,AI is off,AI is off,AI is off,Not paired,AI is off,0,0,0
1202000,12.7,0,5,0.48,0.21,0,0,70,1,0,16,False,True,0,0,55,44,33,3.89,AI is off,AI is off,AI is off,AI is off,Not paired,AI is off,0,0,0
1204000,12.5,0,5,0.47,0.21,0,0,70,1,0,16,False,True,0,0,55,44,34,3.89,AI is off,AI is off,AI is off,AI is off,Not paired,AI is off,0,0,0
1206000,12.6,0,5,0.47,0.21,0,0,70,1,0,16,False,True,0,0,54,42,32,3.89,AI is off,AI is off,AI is off,AI is off,Not paired,AI is off,0,0,0
1208000,12.4,0,5,0.47,0.21,0,0,78,1,0,16,False,True,0,0,54,43,33,3.89,AI is off,AI is off,AI is off,AI is off,Not paired,AI is off,0,0,0
1210000,12.2,0,5,0.46,0.21,0,0,78,1,0,16,False,True,0,0,53,41,30,3.89,AI is off,AI is off,AI is off,AI is off,Not paired,AI is off,0,0,0
1212000,12.3,0,5,0.46,0.21,0,0,83,1,0,16,False,True,0,0,53,41,32,3.89,AI is off,AI is off,AI is off,AI is off,Not paired,AI is off,0,0,0
1214000,12.3,0,5,0.47,0.21,0,0,83,1,0,16,False,True,0,0,53,41,31,3.89,AI is off,AI is off,AI is off,AI is off,Not paired,AI is off,0,0,0
1216000,12.1,0,5,0.46,0.21,0,0,83,1,0,16,False,True,0,0,53,41,30,3.89,AI is off,AI is off,AI is off,AI is off,Not paired,AI is off,0,0,0
1218000,11.9,0,5,0.46,0.21,0,0,92,1,0,16,False,True,0,0,53,42,32,3.89,AI is off,AI is off,AI is off,AI is off,Not paired,AI is off,0,0,0
1220000,11.6,0,5,0.45,0.21,0,0,92,1,0,16,False,True,0,0,52,41,32,3.89,AI is off,AI is off,AI is off,AI is off,Not paired,AI is off,0,0,0
1222000,11.3,0,5,0.45,0.21,0,0,92,1,0,16,False,True,0,0,54,43,32,3.89,AI is off,AI is off,AI is off,AI is off,Not paired,AI is off,0,0,0
1224000,11.2,0,5,0.44,0.21,0,0,92,1,0,16,False,True,0,0,53,39,29,3.89,AI is off,AI is off,AI is off,AI is off,Not paired,AI is off,0,0,0
1226000,11.3,0,5,0.44,0.21,0,0,92,1,0,16,False,True,0,0,54,43,33,3.89,AI is off,AI is off,AI is off,AI is off,Not paired,AI is off,0,0,0
1228000,11.5,0,5,0.45,0.21,0,0,99,1,0,16,False,True,0,0,54,42,31,3.89,AI is off,AI is off,AI is off,AI is off,Not paired,AI is off,0,0,0
1230000,11.6,0,5,0.45,0.21,0,0,99,1,0,16,False,True,0,0,56,43,33,3.89,AI is off,AI is off,AI is off,AI is off,Not paired,AI is off,0,0,0
1232000,11.6,0,5,0.45,0.21,0,0,99,1,0,16,False,True,0,0,56,44,35,3.89,AI is off,AI is off,AI is off,AI is off,Not paired,AI is off,0,0,0
1234000,11.7,0,5,0.45,0.21,0,0,99,1,0,16,False,True,0,0,54,40,30,3.89,AI is off,AI is off,AI is off,AI is off,Not paired,AI is off,0,0,0
1236000,12,0,5,0.46,0.21,0,0,99,1,0,16,False,True,0,0,56,44,35,3.89,AI is off,AI is off,AI is off,AI is off,Not paired,AI is off,0,0,0
1238000,12.1,0,5,0.46,0.21,0,0,87,1,0,16,False,True,0,0,54,42,32,3.89,AI is off,AI is off,AI is off,AI is off,Not paired,AI is off,0,0,0
1240000,12.2,0,5,0.46,0.21,0,0,87,1,0,16,False,True,0,0,53,41,31,3.89,AI is off,AI is off,AI is off,AI is off,Not paired,AI is off,0,0,0
1242000,12.1,0,5,0.46,0.21,0,0,87,1,0,16,False,True,0,0,53,41,31,3.89,AI is off,AI is off,AI is off,AI is off,Not paired,AI is off,0,0,0
1244000,11.9,0,5,0.46,0.21,0,0,87,1,0,16,False,True,0,0,53,40,30,3.89,AI is off,AI is off,AI is off,AI is off,Not paired,AI is off,0,0,0
1246000,11.6,0,5,0.45,0.21,0,0,87,1,0,16,False,True,0,0,54,42,32,3.89,AI is off,AI is off,AI is off,AI is off,Not paired,AI is off,0,0,0
1248000,11.5,0,5,0.45,0.21,0,0,99,1,0,16,False,True,0,0,55,44,34,3.89,AI is off,AI is off,AI is off,AI is off,Not paired,AI is off,0,0,0
1250000,11.2,0,5,0.45,0.21,0,0,99,1,0,16,False,True,0,0,55,43,33,3.89,AI is off,AI is off,AI is off,AI is off,Not paired,AI is off,0,0,0
1252000,10.9,0,5,0.44,0.21,0,0,99,1,0,16,False,True,0,0,55,44,33,3.89,AI is off,AI is off,AI is off,AI is off,Not paired,AI is off,0,0,0
1254000,10.7,0,5,0.43,0.21,0,0,99,1,0,16,False,True,0,0,54,43,32,3.89,AI is off,AI is off,AI is off,AI is off,Not paired,AI is off,0,0,0
1256000,10.4,0,5,0.43,0.21,0,0,99,1,0,16,False,True,0,0,56,44,35,3.89,AI is off,AI is off,AI is off,AI is off,Not paired,AI is off,0,0,0
1258000,10.2,0,5,0.42,0.21,0,0,99,1,0,16,False,True,0,0,56,44,35,3.89,AI is off,AI is off,AI is off,AI is off,Not paired,AI is off,0,0,0
1260000,10,0,5,0.42,0.21,0,0,99,1,0,16,False,True,0,0,65,50,39,3.89,AI is off,AI is off,AI is off,AI is off,Not paired,AI is off,0,0,0
1262000,9.8,0,5,0.41,0.21,0,0,99,1,0,16,False,True,0,0,54,40,30,3.89,AI is off,AI is off,AI is off,AI is off,Not paired,AI is off,0,0,0
1264000,9.6,0,5,0.41,0.21,0,0,99,1,0,16,False,True,0,0,53,39,32,3.89,AI is off,AI is off,AI is off,AI is off,Not paired,AI is off,0,0,0
1266000,9.5,0,4,0.41,0.21,0,0,99,1,0,16,False,True,0,0,54,39,31,3.89,AI is off,AI is off,AI is off,AI is off,Not paired,AI is off,0,0,0
1268000,9.400001,0,4,0.4,0.21,0,0,99,1,0,16,False,True,0,0,56,44,35,3.89,AI is off,AI is off,AI is off,AI is off,Not paired,AI is off,0,0,0
1270000,9.3,0,4,0.4,0.21,0,0,99,1,0,16,False,True,0,0,57,44,35,3.89,AI is off,AI is off,AI is off,AI is off,Not paired,AI is off,0,0,0
1272000,9.400001,0,4,0.4,0.21,0,0,99,1,0,16,False,True,0,0,56,45,35,3.89,AI is off,AI is off,AI is off,AI is off,Not paired,AI is off,0,0,0
1274000,9.3,0,4,0.4,0.21,0,0,99,1,0,16,False,True,0,0,56,45,35,3.89,AI is off,AI is off,AI is off,AI is off,Not paired,AI is off,0,0,0
1276000,9.1,0,4,0.4,0.21,0,0,99,1,0,16,False,True,0,0,59,45,35,3.89,AI is off,AI is off,AI is off,AI is off,Not paired,AI is off,0,0,0
1278000,8.8,0,4,0.4,0.21,0,0,99,1,0,16,False,True,0,0,54,40,32,3.89,AI is off,AI is off,AI is off,AI is off,Not paired,AI is off,0,0,0
1280000,8.7,0,4,0.39,0.21,0,0,99,1,0,16,False,True,0,0,55,43,32,3.89,AI is off,AI is off,AI is off,AI is off,Not paired,AI is off,0,0,0
1282000,8.400001,0,4,0.39,0.21,0,0,99,1,0,16,False,True,0,0,56,45,36,3.89,AI is off,AI is off,AI is off,AI is off,Not paired,AI is off,0,0,0
1284000,8.2,0,4,0.38,0.21,0,0,99,1,0,16,False,True,0,0,55,45,35,3.89,AI is off,AI is off,AI is off,AI is off,Not paired,AI is off,0,0,0
1286000,8.1,0,4,0.38,0.21,0,0,99,1,0,16,False,True,0,0,54,43,32,3.89,AI is off,AI is off,AI is off,AI is off,Not paired,AI is off,0,0,0
1288000,8,0,4,0.37,0.21,0,0,99,1,0,16,False,True,0,0,56,44,34,3.89,AI is off,AI is off,AI is off,AI is off,Not paired,AI is off,0,0,0
1290000,8.1,0,4,0.38,0.21,0,0,99,1,0,16,False,True,0,0,54,42,32,3.89,AI is off,AI is off,AI is off,AI is off,Not paired,AI is off,0,0,0
1292000,7.9,0,4,0.38,0.21,0,0,99,1,0,16,False,True,0,0,54,42,33,3.89,AI is off,AI is off,AI is off,AI is off,Not paired,AI is off,0,0,0
1294000,7.9,0,4,0.37,0.21,0,0,99,1,0,16,False,True,0,0,54,42,32,3.89,AI is off,AI is off,AI is off,AI is off,Not paired,AI is off,0,0,0
1296000,7.7,0,4,0.37,0.21,0,0,99,1,0,16,False,True,0,0,55,44,33,3.89,AI is off,AI is off,AI is off,AI is off,Not paired,AI is off,0,0,0
1298000,7.7,0,4,0.37,0.21,0,0,99,1,0,16,False,True,0,0,55,43,33,3.89,AI is off,AI is off,AI is off,AI is off,Not paired,AI is off,0,0,0
1300000,7.5,0,4,0.37,0.21,0,0,99,1,0,16,False,True,0,0,55,42,32,3.89,AI is off,AI is off,AI is off,AI is off,Not paired,AI is off,0,0,0
1302000,7.4,0,4,0.36,0.21,0,0,99,1,0,16,False,True,0,0,54,41,31,3.89,AI is off,AI is off,AI is off,AI is off,Not paired,AI is off,0,0,0
1304000,7.4,0,4,0.36,0.21,0,0,99,1,0,16,False,True,0,0,56,44,34,3.89,AI is off,AI is off,AI is off,AI is off,Not paired,AI is off,0,0,0
1306000,7.3,0,4,0.36,0.21,0,0,99,1,0,16,False,True,0,0,55,43,33,3.89,AI is off,AI is off,AI is off,AI is off,Not paired,AI is off,0,0,0
1308000,7.1,0,4,0.36,0.21,0,0,99,1,0,16,False,True,0,0,54,41,31,3.89,AI is off,AI is off,AI is off,AI is off,Not paired,AI is off,0,0,0
1310000,7,0,4,0.36,0.21,0,0,99,1,0,16,False,True,0,0,54,43,32,3.89,AI is off,AI is off,AI is off,AI is off,Not paired,AI is off,0,0,0
1312000,6.8,0,4,0.35,0.21,0,0,99,1,0,16,False,True,0,0,56,43,32,3.89,AI is off,AI is off,AI is off,AI is off,Not paired,AI is off,0,0,0
1314000,6.8,0,4,0.35,0.21,0,0,99,1,0,17,False,True,0,0,54,42,32,3.89,AI is off,AI is off,AI is off,AI is off,Not paired,AI is off,0,0,0
1316000,6.7,0,4,0.35,0.21,0,0,99,1,0,17,False,True,0,0,56,44,34,3.89,AI is off,AI is off,AI is off,AI is off,Not paired,AI is off,0,0,0
1318000,6.5,0,4,0.34,0.21,0,0,99,1,0,17,False,True,0,0,56,44,34,3.89,AI is off,AI is off,AI is off,AI is off,Not paired,AI is off,0,0,0
1320000,6.6,0,4,0.35,0.21,0,0,99,1,0,17,False,True,0,0,57,45,36,3.89,AI is off,AI is off,AI is off,AI is off,Not paired,AI is off,0,0,0
1322000,6.4,0,4,0.34,0.21,0,0,99,1,0,17,False,True,0,0,55,41,32,3.88,AI is off,AI is off,AI is off,AI is off,Not paired,AI is off,0,0,0
1324000,6.5,0,4,0.34,0.21,0,0,99,1,0,17,False,True,0,0,56,44,33,3.88,AI is off,AI is off,AI is off,AI is off,Not paired,AI is off,0,0,0
1326000,6.5,0,4,0.34,0.21,0,0,99,1,0,17,False,True,0,0,57,45,35,3.88,AI is off,AI is off,AI is off,AI is off,Not paired,AI is off,0,0,0
1328000,6.5,0,4,0.34,0.21,0,0,99,1,0,17,False,True,0,0,58,46,34,3.89,AI is off,AI is off,AI is off,AI is off,Not paired,AI is off,0,0,0
1330000,6.5,0,4,0.35,0.21,0,0,99,1,0,17,False,True,0,0,54,40,30,3.89,AI is off,AI is off,AI is off,AI is off,Not paired,AI is off,0,0,0
1332000,6.4,0,4,0.34,0.21,0,0,99,1,0,17,False,True,0,0,57,43,33,3.89,AI is off,AI is off,AI is off,AI is off,Not paired,AI is off,0,0,0
1334000,6.3,0,4,0.34,0.21,0,0,99,1,0,17,False,True,0,0,54,40,31,3.89,AI is off,AI is off,AI is off,AI is off,Not paired,AI is off,0,0,0
1336000,6.2,0,4,0.34,0.21,0,0,99,1,0,17,False,True,0,0,57,46,36,3.89,AI is off,AI is off,AI is off,AI is off,Not paired,AI is off,0,0,0
1338000,6.1,0,4,0.34,0.21,0,0,99,1,0,17,False,True,0,0,56,44,34,3.89,AI is off,AI is off,AI is off,AI is off,Not paired,AI is off,0,0,0
1340000,6,0,4,0.33,0.21,0,0,99,1,0,17,False,True,0,0,62,47,36,3.89,AI is off,AI is off,AI is off,AI is off,Not paired,AI is off,0,0,0
1342000,5.9,0,4,0.33,0.21,0,0,99,1,0,17,False,True,0,0,64,49,38,3.89,AI is off,AI is off,AI is off,AI is off,Not paired,AI is off,0,0,0
1344000,5.9,0,4,0.33,0.21,0,0,99,1,0,17,False,True,0,0,59,45,34,3.89,AI is off,AI is off,AI is off,AI is off,Not paired,AI is off,0,0,0
1346000,6,0,4,0.33,0.21,0,0,99,1,0,17,False,True,0,0,53,39,28,3.89,AI is off,AI is off,AI is off,AI is off,Not paired,AI is off,0,0,0
1348000,6.2,0,4,0.34,0.21,0,0,99,1,0,17,False,True,0,0,54,40,30,3.89,AI is off,AI is off,AI is off,AI is off,Not paired,AI is off,0,0,0
1350000,6.2,0,4,0.34,0.21,0,0,99,1,0,18,False,True,0,0,53,40,30,3.89,AI is off,AI is off,AI is off,AI is off,Not paired,AI is off,0,0,0
1352000,6.2,0,4,0.34,0.21,0,0,99,1,0,18,False,True,0,0,54,39,29,3.89,AI is off,AI is off,AI is off,AI is off,Not paired,AI is off,0,0,0
1354000,6.4,0,4,0.34,0.21,0,0,99,1,0,18,False,True,0,0,56,44,35,3.89,AI is off,AI is off,AI is off,AI is off,Not paired,AI is off,0,0,0
1356000,6.5,0,4,0.34,0.21,0,0,99,1,0,18,False,True,0,0,55,43,33,3.88,AI is off,AI is off,AI is off,AI is off,Not paired,AI is off,0,0,0
1358000,6.3,0,4,0.34,0.21,0,0,99,1,0,18,False,True,0,0,56,43,32,3.88,AI is off,AI is off,AI is off,AI is off,Not paired,AI is off,0,0,0
1360000,6.3,0,4,0.34,0.21,0,0,99,1,0,18,False,True,0,0,54,42,30,3.88,AI is off,AI is off,AI is off,AI is off,Not paired,AI is off,0,0,0
1362000,6.4,0,4,0.34,0.21,0,0,99,1,0,18,False,True,0,0,54,40,30,3.88,AI is off,AI is off,AI is off,AI is off,Not paired,AI is off,0,0,0
1364000,6.4,0,4,0.34,0.21,0,0,99,1,0,18,False,True,0,0,55,41,32,3.89,AI is off,AI is off,AI is off,AI is off,Not paired,AI is off,0,0,0
1366000,6.3,0,4,0.34,0.21,0,0,99,1,0,18,False,True,0,0,55,44,34,3.89,AI is off,AI is off,AI is off,AI is off,Not paired,AI is off,0,0,0
1368000,6,0,4,0.34,0.21,0,0,99,1,0,18,False,True,0,0,55,44,35,3.88,AI is off,AI is off,AI is off,AI is off,Not paired,AI is off,0,0,0
1370000,5.7,0,4,0.33,0.21,0,0,99,1,0,18,False,True,0,0,57,46,37,3.88,AI is off,AI is off,AI is off,AI is off,Not paired,AI is off,0,0,0
1372000,5.6,0,4,0.33,0.21,0,0,99,1,0,18,False,True,0,0,57,45,36,3.88,AI is off,AI is off,AI is off,AI is off,Not paired,AI is off,0,0,0
1374000,5.4,0,4,0.32,0.21,0,0,99,1,0,18,False,True,0,0,54,40,31,3.88,AI is off,AI is off,AI is off,AI is off,Not paired,AI is off,0,0,0
1376000,5.5,0,3,0.32,0.21,0,0,99,1,0,18,False,True,0,0,57,45,36,3.88,AI is off,AI is off,AI is off,AI is off,Not paired,AI is off,0,0,0
1378000,5.6,0,3,0.32,0.21,0,0,99,1,0,18,False,True,0,0,54,43,32,3.88,AI is off,AI is off,AI is off,AI is off,Not paired,AI is off,0,0,0
1380000,5.6,0,3,0.33,0.21,0,0,99,1,0,18,False,True,0,0,54,42,32,3.88,AI is off,AI is off,AI is off,AI is off,Not paired,AI is off,0,0,0
1382000,5.6,0,3,0.33,0.21,0,0,99,1,0,18,False,True,0,0,55,40,31,3.88,AI is off,AI is off,AI is off,AI is off,Not paired,AI is off,0,0,0
1384000,5.7,0,3,0.33,0.21,0,0,99,1,0,18,False,True,0,0,54,38,30,3.88,AI is off,AI is off,AI is off,AI is off,Not paired,AI is off,0,0,0
1386000,5.9,0,3,0.33,0.21,0,0,99,1,0,18,False,True,0,0,54,40,32,3.88,AI is off,AI is off,AI is off,AI is off,Not paired,AI is off,0,0,0
1388000,6.2,0,3,0.34,0.21,0,0,99,1,0,18,False,True,0,0,55,44,35,3.88,AI is off,AI is off,AI is off,AI is off,Not paired,AI is off,0,0,0
1390000,6.6,0,3,0.34,0.21,0,0,99,1,0,18,False,True,0,0,54,41,32,3.88,AI is off,AI is off,AI is off,AI is off,Not paired,AI is off,0,0,0
1392000,6.5,0,3,0.35,0.21,0,0,99,1,0,18,False,True,0,0,55,42,31,3.89,AI is off,AI is off,AI is off,AI is off,Not paired,AI is off,0,0,0
1394000,6.4,0,3,0.34,0.21,0,0,99,1,0,18,False,True,0,0,55,41,30,3.89,AI is off,AI is off,AI is off,AI is off,Not paired,AI is off,0,0,0
1396000,6.4,0,3,0.34,0.21,0,0,99,1,0,18,False,True,0,0,55,42,33,3.89,AI is off,AI is off,AI is off,AI is off,Not paired,AI is off,0,0,0
1398000,5.9,0,3,0.33,0.21,0,0,99,1,0,18,False,True,0,0,55,40,32,3.89,AI is off,AI is off,AI is off,AI is off,Not paired,AI is off,0,0,0
1400000,5.7,0,3,0.33,0.21,0,0,99,1,0,18,False,True,0,0,57,43,33,3.89,AI is off,AI is off,AI is off,AI is off,Not paired,AI is off,0,0,0
1402000,5.7,0,3,0.33,0.21,0,0,99,1,0,18,False,True,0,0,55,42,31,3.89,AI is off,AI is off,AI is off,AI is off,Not paired,AI is off,0,0,0
1404000,5.8,0,3,0.33,0.21,0,0,99,1,0,18,False,True,0,0,56,44,33,3.89,AI is off,AI is off,AI is off,AI is off,Not paired,AI is off,0,0,0
1406000,6.1,0,3,0.34,0.21,0,0,99,1,0,18,False,True,0,0,57,44,35,3.88,AI is off,AI is off,AI is off,AI is off,Not paired,AI is off,0,0,0
1408000,6.2,0,3,0.34,0.21,0,0,99,1,0,18,False,True,0,0,56,44,33,3.88,AI is off,AI is off,AI is off,AI is off,Not paired,AI is off,0,0,0
1410000,6.5,0,3,0.34,0.21,0,0,99,1,0,18,False,True,0,0,56,42,33,3.88,AI is off,AI is off,AI is off,AI is off,Not paired,AI is off,0,0,0
1412000,6.6,0,3,0.35,0.21,0,0,99,1,0,18,False,True,0,0,56,43,33,3.88,AI is off,AI is off,AI is off,AI is off,Not paired,AI is off,0,0,0
1414000,6.7,0,3,0.35,0.21,0,0,99,1,0,18,False,True,0,0,56,44,33,3.88,AI is off,AI is off,AI is off,AI is off,Not paired,AI is off,0,0,0
1416000,6.8,0,3,0.35,0.21,0,0,99,1,0,18,False,True,0,0,55,40,31,3.88,AI is off,AI is off,AI is off,AI is off,Not paired,AI is off,0,0,0
1418000,7,0,3,0.35,0.21,0,0,99,1,0,18,False,True,0,0,55,44,33,3.88,AI is off,AI is off,AI is off,AI is off,Not paired,AI is off,0,0,0
1420000,7,0,3,0.36,0.21,0,0,99,1,0,18,False,True,0,0,55,43,32,3.88,AI is off,AI is off,AI is off,AI is off,Not paired,AI is off,0,0,0
1422000,7,0,3,0.36,0.21,0,0,99,1,0,18,False,True,0,0,54,40,30,3.88,AI is off,AI is off,AI is off,AI is off,Not paired,AI is off,0,0,0
1424000,6.9,0,3,0.35,0.21,0,0,99,1,0,18,False,True,0,0,56,44,34,3.88,AI is off,AI is off,AI is off,AI is off,Not paired,AI is off,0,0,0
1426000,6.8,0,3,0.35,0.21,0,0,99,1,0,18,False,True,0,0,55,40,31,3.88,AI is off,AI is off,AI is off,AI is off,Not paired,AI is off,0,0,0
1428000,6.8,0,3,0.35,0.21,0,0,99,1,0,18,False,True,0,0,55,41,31,3.88,AI is off,AI is off,AI is off,AI is off,Not paired,AI is off,0,0,0
1430000,6.7,0,3,0.35,0.21,0,0,99,1,0,18,False,True,0,0,54,40,31,3.88,AI is off,AI is off,AI is off,AI is off,Not paired,AI is off,0,0,0
1432000,6.7,0,3,0.35,0.21,0,0,99,1,0,18,False,True,0,0,56,44,34,3.88,AI is off,AI is off,AI is off,AI is off,Not paired,AI is off,0,0,0
1434000,6.8,0,3,0.35,0.21,0,0,99,1,0,18,False,True,0,0,56,44,33,3.88,AI is off,AI is off,AI is off,AI is off,Not paired,AI is off,0,0,0
1436000,6.8,0,3,0.35,0.21,0,0,99,1,0,18,False,True,0,0,54,40,31,3.88,AI is off,AI is off,AI is off,AI is off,Not paired,AI is off,0,0,0
1438000,6.8,0,3,0.35,0.21,0,0,99,1,0,18,False,True,0,0,55,44,34,3.88,AI is off,AI is off,AI is off,AI is off,Not paired,AI is off,0,0,0
1440000,6.7,0,3,0.35,0.21,0,0,99,1,0,18,False,True,0,0,55,44,34,3.88,AI is off,AI is off,AI is off,AI is off,Not paired,AI is off,0,0,0
1442000,6.7,0,2,0.35,0.21,0,0,99,1,0,18,False,True,0,0,55,44,34,3.88,AI is off,AI is off,AI is off,AI is off,Not paired,AI is off,0,0,0
1444000,6.6,0,2,0.35,0.21,0,0,99,1,0,18,False,True,0,0,54,43,33,3.88,AI is off,AI is off,AI is off,AI is off,Not paired,AI is off,0,0,0
1446000,6.5,0,2,0.34,0.21,0,0,99,1,0,18,False,True,0,0,55,43,33,3.88,AI is off,AI is off,AI is off,AI is off,Not paired,AI is off,0,0,0
1448000,6.3,0,2,0.34,0.21,0,0,99,1,0,18,False,True,0,0,55,43,33,3.88,AI is off,AI is off,AI is off,AI is off,Not paired,AI is off,0,0,0
1450000,6.3,0,2,0.34,0.21,0,0,99,1,0,18,False,True,0,0,54,43,33,3.88,AI is off,AI is off,AI is off,AI is off,Not paired,AI is off,0,0,0
1452000,6.2,0,2,0.34,0.21,0,0,99,1,0,18,False,True,0,0,55,43,33,3.88,AI is off,AI is off,AI is off,AI is off,Not paired,AI is off,0,0,0
1454000,6.1,0,2,0.34,0.21,0,0,99,1,0,18,False,True,0,0,56,45,35,3.88,AI is off,AI is off,AI is off,AI is off,Not paired,AI is off,0,0,0
1456000,5.9,0,2,0.33,0.21,0,0,99,1,0,18,False,True,0,0,54,39,29,3.88,AI is off,AI is off,AI is off,AI is off,Not paired,AI is off,0,0,0
1458000,5.9,0,2,0.33,0.21,0,0,99,1,0,18,False,True,0,0,55,44,34,3.88,AI is off,AI is off,AI is off,AI is off,Not paired,AI is off,0,0,0
1460000,5.7,0,2,0.33,0.21,0,0,99,1,0,18,False,True,0,0,55,43,33,3.88,AI is off,AI is off,AI is off,AI is off,Not paired,AI is off,0,0,0
1462000,5.8,0,2,0.33,0.21,0,0,99,1,0,18,False,True,0,0,52,42,31,3.88,AI is off,AI is off,AI is off,AI is off,Not paired,AI is off,0,0,0
1464000,5.9,0,2,0.33,0.21,0,0,99,1,0,18,False,True,0,0,54,42,32,3.88,AI is off,AI is off,AI is off,AI is off,Not paired,AI is off,0,0,0
1466000,6,0,2,0.33,0.21,0,0,99,1,0,18,False,True,0,0,56,45,35,3.88,AI is off,AI is off,AI is off,AI is off,Not paired,AI is off,0,0,0
1468000,6.2,0,2,0.34,0.21,0,0,99,1,0,18,False,True,0,0,55,43,32,3.88,AI is off,AI is off,AI is off,AI is off,Not paired,AI is off,0,0,0
1470000,6.2,0,2,0.34,0.21,0,0,99,1,0,18,False,True,0,0,57,45,35,3.88,AI is off,AI is off,AI is off,AI is off,Not paired,AI is off,0,0,0
1472000,6.2,0,2,0.34,0.21,0,0,99,1,0,18,False,True,0,0,55,44,34,3.88,AI is off,AI is off,AI is off,AI is off,Not paired,AI is off,0,0,0
1474000,6,0,2,0.33,0.21,0,0,99,1,0,18,False,True,0,0,56,45,35,3.88,AI is off,AI is off,AI is off,AI is off,Not paired,AI is off,0,0,0
1476000,6,0,2,0.33,0.21,0,0,99,1,0,18,False,True,0,0,56,44,34,3.88,AI is off,AI is off,AI is off,AI is off,Not paired,AI is off,0,0,0
1478000,6,0,2,0.33,0.21,0,0,99,1,0,18,False,True,0,0,56,45,35,3.88,AI is off,AI is off,AI is off,AI is off,Not paired,AI is off,0,0,0
1480000,6.1,0,2,0.34,0.21,0,0,99,1,0,18,False,True,0,0,57,45,35,3.88,AI is off,AI is off,AI is off,AI is off,Not paired,AI is off,0,0,0
1482000,6.1,0,2,0.34,0.21,0,0,99,1,0,18,False,True,0,0,54,40,30,3.88,AI is off,AI is off,AI is off,AI is off,Not paired,AI is off,0,0,0
1484000,6.3,0,2,0.34,0.21,0,0,99,1,0,18,False,True,0,0,56,44,35,3.88,AI is off,AI is off,AI is off,AI is off,Not paired,AI is off,0,0,0
1486000,6.3,0,2,0.34,0.21,0,0,99,1,0,18,False,True,0,0,54,40,31,3.88,AI is off,AI is off,AI is off,AI is off,Not paired,AI is off,0,0,0
1488000,6.3,0,2,0.34,0.21,0,0,99,1,0,18,False,True,0,0,53,40,29,3.88,AI is off,AI is off,AI is off,AI is off,Not paired,AI is off,0,0,0
1490000,6.4,0,2,0.34,0.21,0,0,99,1,0,18,False,True,0,0,54,40,32,3.88,AI is off,AI is off,AI is off,AI is off,Not paired,AI is off,0,0,0
1492000,6.4,0,2,0.34,0.21,0,0,99,1,0,18,False,True,0,0,54,40,32,3.88,AI is off,AI is off,AI is off,AI is off,Not paired,AI is off,0,0,0
1494000,6.3,0,2,0.34,0.21,0,0,99,1,0,18,False,True,0,0,54,40,31,3.88,AI is off,AI is off,AI is off,AI is off,Not paired,AI is off,0,0,0
1496000,6.2,0,2,0.34,0.21,0,0,99,1,0,18,False,True,0,0,54,40,33,3.88,AI is off,AI is off,AI is off,AI is off,Not paired,AI is off,0,0,0
1498000,6.2,0,2,0.34,0.21,0,0,99,1,0,18,False,True,0,0,56,44,33,3.88,AI is off,AI is off,AI is off,AI is off,Not paired,AI is off,0,0,0
1500000,6.2,0,2,0.34,0.21,0,0,99,1,0,18,False,True,0,0,53,40,32,3.88,AI is off,AI is off,AI is off,AI is off,Not paired,AI is off,0,0,0
1502000,6.3,0,1,0.34,0.21,0,0,99,1,0,18,False,True,0,0,56,46,37,3.88,AI is off,AI is off,AI is off,AI is off,Not paired,AI is off,0,0,0
1504000,6.4,0,1,0.34,0.21,0,0,99,1,0,18,False,True,0,0,57,46,36,3.88,AI is off,AI is off,AI is off,AI is off,Not paired,AI is off,0,0,0
1506000,6.4,0,1,0.34,0.21,0,0,99,1,0,18,False,True,0,0,52,40,29,3.88,AI is off,AI is off,AI is off,AI is off,Not paired,AI is off,0,0,0
1508000,6.4,0,1,0.34,0.21,0,0,99,1,0,18,False,True,0,0,64,48,36,3.88,AI is off,AI is off,AI is off,AI is off,Not paired,AI is off,0,0,0
1510000,6.4,0,1,0.34,0.21,0,0,99,1,0,18,False,True,0,0,53,42,31,3.88,AI is off,AI is off,AI is off,AI is off,Not paired,AI is off,0,0,0
1512000,6.2,0,1,0.34,0.21,0,0,99,1,0,18,False,True,0,0,54,43,33,3.88,AI is off,AI is off,AI is off,AI is off,Not paired,AI is off,0,0,0
1514000,6,0,1,0.33,0.21,0,0,99,1,0,18,False,True,0,0,54,42,32,3.88,AI is off,AI is off,AI is off,AI is off,Not paired,AI is off,0,0,0
1516000,6,0,1,0.33,0.21,0,0,99,1,0,18,False,True,0,0,57,45,36,3.88,AI is off,AI is off,AI is off,AI is off,Not paired,AI is off,0,0,0
1518000,5.9,0,1,0.33,0.21,0,0,99,1,0,18,False,True,0,0,55,44,34,3.88,AI is off,AI is off,AI is off,AI is off,Not paired,AI is off,0,0,0
1520000,5.8,0,1,0.33,0.21,0,0,99,1,0,18,False,True,0,0,54,41,30,3.88,AI is off,AI is off,AI is off,AI is off,Not paired,AI is off,0,0,0
1522000,5.9,0,1,0.33,0.21,0,0,99,1,0,18,False,True,0,0,59,45,34,3.88,AI is off,AI is off,AI is off,AI is off,Not paired,AI is off,0,0,0
1524000,6,0,1,0.33,0.21,0,0,99,1,0,18,False,True,0,0,52,41,30,3.88,AI is off,AI is off,AI is off,AI is off,Not paired,AI is off,0,0,0
1526000,6.1,0,1,0.34,0.21,0,0,99,1,0,18,False,True,0,0,52,41,31,3.88,AI is off,AI is off,AI is off,AI is off,Not paired,AI is off,0,0,0
1528000,6.1,0,1,0.34,0.21,0,0,99,1,0,18,False,True,0,0,53,42,32,3.88,AI is off,AI is off,AI is off,AI is off,Not paired,AI is off,0,0,0
1530000,6.2,0,1,0.34,0.21,0,0,99,1,0,18,False,True,0,0,52,42,31,3.88,AI is off,AI is off,AI is off,AI is off,Not paired,AI is off,0,0,0
1532000,6.2,0,1,0.34,0.21,0,0,99,1,0,18,False,True,0,0,53,41,31,3.88,AI is off,AI is off,AI is off,AI is off,Not paired,AI is off,0,0,0
1534000,6.3,0,1,0.34,0.21,0,0,99,1,0,18,False,True,0,0,54,43,33,3.88,AI is off,AI is off,AI is off,AI is off,Not paired,AI is off,0,0,0
1536000,6.3,0,1,0.34,0.21,0,0,99,1,0,18,False,True,0,0,54,43,33,3.88,AI is off,AI is off,AI is off,AI is off,Not paired,AI is off,0,0,0
1538000,6.4,0,1,0.34,0.21,0,0,99,1,0,18,False,True,0,0,54,41,31,3.88,AI is off,AI is off,AI is off,AI is off,Not paired,AI is off,0,0,0
1540000,6.5,0,1,0.34,0.21,0,0,99,1,0,18,False,True,0,0,53,41,31,3.88,AI is off,AI is off,AI is off,AI is off,Not paired,AI is off,0,0,0
1542000,6,0,1,0.34,0.21,0,0,99,1,0,18,False,True,0,0,59,44,33,3.88,AI is off,AI is off,AI is off,AI is off,Not paired,AI is off,0,0,0
1544000,5.8,0,1,0.33,0.21,0,0,99,1,0,18,False,True,0,0,54,40,32,3.88,AI is off,AI is off,AI is off,AI is off,Not paired,AI is off,0,0,0
1546000,5.9,0,1,0.33,0.21,0,0,99,1,0,18,False,True,0,0,55,44,33,3.88,AI is off,AI is off,AI is off,AI is off,Not paired,AI is off,0,0,0
1548000,6,0,1,0.33,0.21,0,0,99,1,0,18,False,True,0,0,54,41,31,3.88,AI is off,AI is off,AI is off,AI is off,Not paired,AI is off,0,0,0
1550000,6.2,0,1,0.34,0.21,0,0,99,1,0,18,False,True,0,0,53,41,30,3.88,AI is off,AI is off,AI is off,AI is off,Not paired,AI is off,0,0,0
1552000,6.2,0,1,0.34,0.21,0,0,99,1,0,18,False,True,0,0,53,42,32,3.88,AI is off,AI is off,AI is off,AI is off,Not paired,AI is off,0,0,0
1554000,6.1,0,1,0.34,0.21,0,0,99,1,0,18,False,True,0,0,52,41,31,3.88,AI is off,AI is off,AI is off,AI is off,Not paired,AI is off,0,0,0
1556000,6.1,0,1,0.34,0.21,0,0,99,1,0,18,False,True,0,0,53,41,31,3.88,AI is off,AI is off,AI is off,AI is off,Not paired,AI is off,0,0,0
1558000,6.1,0,1,0.34,0.21,0,0,99,1,0,18,False,True,0,0,52,41,31,3.88,AI is off,AI is off,AI is off,AI is off,Not paired,AI is off,0,0,0
1560000,6,0,1,0.33,0.21,0,0,99,1,0,18,False,True,0,0,53,39,28,3.88,AI is off,AI is off,AI is off,AI is off,Not paired,AI is off,0,0,0
1562000,6.2,0,1,0.34,0.21,0,0,99,1,0,18,False,True,0,0,53,41,32,3.88,AI is off,AI is off,AI is off,AI is off,Not paired,AI is off,0,0,0
1564000,6.2,0,1,0.34,0.21,0,0,99,1,0,18,False,True,0,0,53,41,31,3.88,AI is off,AI is off,AI is off,AI is off,Not paired,AI is off,0,0,0
1566000,5.9,0,1,0.34,0.21,0,0,99,1,0,18,False,True,0,0,54,43,33,3.88,AI is off,AI is off,AI is off,AI is off,Not paired,AI is off,0,0,0
1568000,5.5,0,1,0.33,0.21,0,0,99,1,0,18,False,True,0,0,54,42,33,3.88,AI is off,AI is off,AI is off,AI is off,Not paired,AI is off,0,0,0
1570000,5.3,0,1,0.32,0.21,0,0,99,1,0,18,False,True,0,0,55,43,33,3.88,AI is off,AI is off,AI is off,AI is off,Not paired,AI is off,0,0,0
1572000,5.1,0,1,0.32,0.21,0,0,99,1,0,18,False,True,0,0,55,43,33,3.88,AI is off,AI is off,AI is off,AI is off,Not paired,AI is off,0,0,0
1574000,5.1,0,1,0.31,0.21,0,0,99,1,0,18,False,True,0,0,54,42,32,3.88,AI is off,AI is off,AI is off,AI is off,Not paired,AI is off,0,0,0
1576000,5.1,0,1,0.32,0.21,0,0,99,1,0,18,False,True,0,0,55,43,33,3.88,AI is off,AI is off,AI is off,AI is off,Not paired,AI is off,0,0,0
1578000,5,0,1,0.31,0.21,0,0,99,1,0,18,False,True,0,0,54,40,31,3.88,AI is off,AI is off,AI is off,AI is off,Not paired,AI is off,0,0,0
1580000,5.1,0,1,0.31,0.21,0,0,99,1,0,18,False,True,0,0,54,40,30,3.88,AI is off,AI is off,AI is off,AI is off,Not paired,AI is off,0,0,0
1582000,5.1,0,1,0.31,0.21,0,0,99,1,0,18,False,True,0,0,53,39,30,3.88,AI is off,AI is off,AI is off,AI is off,Not paired,AI is off,0,0,0
1584000,5.1,0,1,0.31,0.21,0,0,99,1,0,18,False,True,0,0,53,39,31,3.88,AI is off,AI is off,AI is off,AI is off,Not paired,AI is off,0,0,0
1586000,5.2,0,1,0.32,0.21,0,0,99,1,0,18,False,True,0,0,54,40,32,3.88,AI is off,AI is off,AI is off,AI is off,Not paired,AI is off,0,0,0
1588000,5.3,0,1,0.32,0.21,0,0,99,1,0,18,False,True,0,0,53,40,29,3.88,AI is off,AI is off,AI is off,AI is off,Not paired,AI is off,0,0,0
1590000,5.3,0,1,0.32,0.21,0,0,99,1,0,18,False,True,0,0,54,42,32,3.88,AI is off,AI is off,AI is off,AI is off,Not paired,AI is off,0,0,0
1592000,5.2,0,1,0.32,0.21,0,0,99,1,0,19,False,True,0,0,56,42,31,3.88,AI is off,AI is off,AI is off,AI is off,Not paired,AI is off,0,0,0
1594000,5.3,0,1,0.32,0.21,0,0,99,1,0,19,False,True,0,0,54,42,31,3.88,AI is off,AI is off,AI is off,AI is off,Not paired,AI is off,0,0,0
1596000,5.5,0,1,0.32,0.21,0,0,99,1,0,19,False,True,0,0,53,41,31,3.88,AI is off,AI is off,AI is off,AI is off,Not paired,AI is off,0,0,0
1598000,5.5,0,1,0.32,0.21,0,0,99,1,0,19,False,True,0,0,56,43,32,3.88,AI is off,AI is off,AI is off,AI is off,Not paired,AI is off,0,0,0
1600000,5.4,0,1,0.32,0.21,0,0,99,1,0,19,False,True,0,0,52,39,30,3.88,AI is off,AI is off,AI is off,AI is off,Not paired,AI is off,0,0,0
1602000,5.5,0,1,0.32,0.21,0,0,99,1,0,19,False,True,0,0,55,40,30,3.88,AI is off,AI is off,AI is off,AI is off,Not paired,AI is off,0,0,0
1604000,5.6,0,1,0.33,0.21,0,0,99,1,0,19,False,True,0,0,55,44,33,3.88,AI is off,AI is off,AI is off,AI is off,Not paired,AI is off,0,0,0
1606000,5.5,0,1,0.32,0.21,0,0,99,1,0,19,False,True,0,0,56,44,34,3.88,AI is off,AI is off,AI is off,AI is off,Not paired,AI is off,0,0,0
1608000,5.4,0,1,0.32,0.21,0,0,99,1,0,19,False,True,0,0,55,44,34,3.88,AI is off,AI is off,AI is off,AI is off,Not paired,AI is off,0,0,0
1610000,5.1,0,1,0.32,0.21,0,0,99,1,0,19,False,True,0,0,54,42,32,3.88,AI is off,AI is off,AI is off,AI is off,Not paired,AI is off,0,0,0
1612000,5.2,0,1,0.32,0.21,0,0,99,1,0,19,False,True,0,0,55,44,33,3.88,AI is off,AI is off,AI is off,AI is off,Not paired,AI is off,0,0,0
1614000,5.3,0,1,0.32,0.21,0,0,99,1,0,19,False,True,0,0,56,44,34,3.88,AI is off,AI is off,AI is off,AI is off,Not paired,AI is off,0,0,0
1616000,5.3,0,1,0.32,0.21,0,0,99,1,0,19,False,True,0,0,53,42,31,3.88,AI is off,AI is off,AI is off,AI is off,Not paired,AI is off,0,0,0
1618000,5,0,1,0.31,0.21,0,0,99,1,0,19,False,True,0,0,54,43,32,3.88,AI is off,AI is off,AI is off,AI is off,Not paired,AI is off,0,0,0
1620000,4.7,0,1,0.31,0.21,0,0,99,1,0,19,False,True,0,0,54,42,31,3.88,AI is off,AI is off,AI is off,AI is off,Not paired,AI is off,0,0,0
1622000,4.4,0,1,0.3,0.21,0,0,99,1,0,19,False,True,0,0,53,41,30,3.88,AI is off,AI is off,AI is off,AI is off,Not paired,AI is off,0,0,0
1624000,4.2,0,1,0.3,0.21,0,0,99,1,0,19,False,True,0,0,54,42,31,3.88,AI is off,AI is off,AI is off,AI is off,Not paired,AI is off,0,0,0
1626000,3.9,0,1,0.29,0.21,0,0,99,1,0,19,False,True,0,0,56,43,33,3.88,AI is off,AI is off,AI is off,AI is off,Not paired,AI is off,0,0,0
1628000,3.8,0,1,0.29,0.21,0,0,99,1,0,19,False,True,0,0,53,42,30,3.88,AI is off,AI is off,AI is off,AI is off,Not paired,AI is off,0,0,0
1630000,3.9,0,1,0.29,0.21,0,0,99,1,0,19,False,True,0,0,60,47,38,3.88,AI is off,AI is off,AI is off,AI is off,Not paired,AI is off,0,0,0
1632000,4.3,0,1,0.3,0.21,0,0,99,1,0,19,False,True,0,0,56,42,32,3.88,AI is off,AI is off,AI is off,AI is off,Not paired,AI is off,0,0,0
1634000,4.4,0,1,0.3,0.21,0,0,99,1,0,19,False,True,0,0,55,44,33,3.88,AI is off,AI is off,AI is off,AI is off,Not paired,AI is off,0,0,0
1636000,4.2,0,1,0.3,0.21,0,0,99,1,0,19,False,True,0,0,53,41,31,3.88,AI is off,AI is off,AI is off,AI is off,Not paired,AI is off,0,0,0
1638000,4,0,1,0.29,0.21,0,0,99,1,0,19,False,True,0,0,54,42,31,3.88,AI is off,AI is off,AI is off,AI is off,Not paired,AI is off,0,0,0
1640000,4,0,1,0.29,0.21,0,0,99,1,0,19,False,True,0,0,55,44,33,3.88,AI is off,AI is off,AI is off,AI is off,Not paired,AI is off,0,0,0
1642000,3.9,0,1,0.29,0.21,0,0,99,1,0,19,False,True,0,0,54,43,33,3.88,AI is off,AI is off,AI is off,AI is off,Not paired,AI is off,0,0,0
1644000,3.4,0,1,0.28,0.21,0,0,99,1,0,19,False,True,0,0,55,41,31,3.88,AI is off,AI is off,AI is off,AI is off,Not paired,AI is off,0,0,0
1646000,3.6,0,1,0.28,0.21,0,0,99,1,0,19,False,True,0,0,54,40,30,3.88,AI is off,AI is off,AI is off,AI is off,Not paired,AI is off,0,0,0
1648000,3.5,0,1,0.28,0.21,0,0,99,1,0,19,False,True,0,0,56,44,34,3.88,AI is off,AI is off,AI is off,AI is off,Not paired,AI is off,0,0,0
1650000,3.2,0,1,0.28,0.21,0,0,99,1,0,19,False,True,0,0,53,39,28,3.88,AI is off,AI is off,AI is off,AI is off,Not paired,AI is off,0,0,0
1652000,2.8,0,1,0.27,0.21,0,0,99,1,0,19,False,True,0,0,59,46,34,3.88,AI is off,AI is off,AI is off,AI is off,Not paired,AI is off,0,0,0
1654000,2.7,0,1,0.27,0.21,0,0,99,1,0,19,False,True,0,0,55,42,31,3.88,AI is off,AI is off,AI is off,AI is off,Not paired,AI is off,0,0,0
1656000,2.5,0,1,0.26,0.21,0,0,99,1,0,19,False,True,0,0,64,50,38,3.88,AI is off,AI is off,AI is off,AI is off,Not paired,AI is off,0,0,0
1658000,2.3,0,1,0.26,0.21,0,0,99,1,0,19,False,True,0,0,55,42,32,3.88,AI is off,AI is off,AI is off,AI is off,Not paired,AI is off,0,0,0
1660000,2.3,0,1,0.26,0.21,0,0,99,1,0,19,False,True,0,0,53,41,30,3.88,AI is off,AI is off,AI is off,AI is off,Not paired,AI is off,0,0,0
1662000,2,0,1,0.25,0.21,0,0,99,1,0,19,False,True,0,0,54,43,32,3.88,AI is off,AI is off,AI is off,AI is off,Not paired,AI is off,0,0,0
1664000,1.9,0,1,0.25,0.21,0,0,99,1,0,19,False,True,0,0,55,44,33,3.88,AI is off,AI is off,AI is off,AI is off,Not paired,AI is off,0,0,0
1666000,1.7,0,1,0.24,0.21,0,0,99,1,0,19,False,True,0,0,54,40,31,3.88,AI is off,AI is off,AI is off,AI is off,Not paired,AI is off,0,0,0
1668000,1.4,0,1,0.24,0.21,0,0,99,1,0,19,False,True,0,0,61,47,34,3.88,AI is off,AI is off,AI is off,AI is off,Not paired,AI is off,0,0,0
1670000,1.3,0,1,0.24,0.21,0,0,99,1,0,19,False,True,0,0,54,41,30,3.88,AI is off,AI is off,AI is off,AI is off,Not paired,AI is off,0,0,0
1672000,1.1,0,1,0.23,0.21,0,0,99,1,0,19,False,True,0,0,59,45,34,3.88,AI is off,AI is off,AI is off,AI is off,Not paired,AI is off,0,0,0
1674000,1.1,0,1,0.23,0.21,0,0,99,1,0,19,False,True,0,0,70,54,40,3.88,AI is off,AI is off,AI is off,AI is off,Not paired,AI is off,0,0,0
1676000,0.9,0,1,0.23,0.21,0,0,99,1,0,19,False,True,0,0,64,49,36,3.88,AI is off,AI is off,AI is off,AI is off,Not paired,AI is off,0,0,0
1678000,0,0,1,0.22,0.21,0,0,99,1,0,19,False,True,0,0,56,42,32,3.88,AI is off,AI is off,AI is off,AI is off,Not paired,AI is off,0,0,0
1680000,0,0,1,0.22,0.21,0,0,99,1,0,19,False,True,0,0,53,40,29,3.88,AI is off,AI is off,AI is off,AI is off,Not paired,AI is off,0,0,0
1682000,0,0,1,0.22,0.21,0,0,99,1,0,20,False,True,0,0,53,38,30,3.88,AI is off,AI is off,AI is off,AI is off,Not paired,AI is off,0,0,0
1684000,0,0,0,0.22,0.21,0,0,99,1,0,20,False,True,0,0,54,40,32,3.88,AI is off,AI is off,AI is off,AI is off,Not paired,AI is off,0,0,0
1686000,0,0,0,0.21,0.21,0,0,99,1,0,20,False,True,0,0,56,44,35,3.88,AI is off,AI is off,AI is off,AI is off,Not paired,AI is off,0,0,0
1688000,0,0,0,0.21,0.21,0,0,99,1,0,20,False,True,0,0,54,41,33,3.88,AI is off,AI is off,AI is off,AI is off,Not paired,AI is off,0,0,0
1690000,0,0,0,0.21,0.21,0,0,99,1,0,20,False,True,0,0,54,42,32,3.88,AI is off,AI is off,AI is off,AI is off,Not paired,AI is off,0,0,0
1692000,0,0,0,0.21,0.21,0,0,99,1,0,20,False,True,0,0,54,40,30,3.88,AI is off,AI is off,AI is off,AI is off,Not paired,AI is off,0,0,0
1694000,0,0,0,0.21,0.21,0,0,99,1,0,20,False,True,0,0,57,45,35,3.88,AI is off,AI is off,AI is off,AI is off,Not paired,AI is off,0,0,0
1696000,0,0,0,0.21,0.21,0,0,99,1,0,20,False,True,0,0,54,41,30,3.88,AI is off,AI is off,AI is off,AI is off,Not paired,AI is off,0,0,0
1698000,0,0,0,0.21,0.21,0,0,99,1,0,20,False,True,0,0,54,41,30,3.88,AI is off,AI is off,AI is off,AI is off,Not paired,AI is off,0,0,0
1700000,0,0,0,0.21,0.21,0,0,99,1,0,20,False,True,0,0,55,41,32,3.88,AI is off,AI is off,AI is off,AI is off,Not paired,AI is off,0,0,0
1702000,0,0,0,0.21,0.21,0,0,99,1,0,20,False,True,0,0,56,43,34,3.88,AI is off,AI is off,AI is off,AI is off,Not paired,AI is off,0,0,0
1704000,0,0,0,0.21,0.21,0,0,99,1,0,21,False,True,0,0,55,41,32,3.88,AI is off,AI is off,AI is off,AI is off,Not paired,AI is off,0,0,0
1706000,0,0,0,0.21,0.21,0,0,99,1,0,21,False,True,0,0,55,43,33,3.88,AI is off,AI is off,AI is off,AI is off,Not paired,AI is off,0,0,0
1708000,0,0,0,0.21,0.21,0,0,99,1,0,21,False,True,0,0,54,40,32,3.88,AI is off,AI is off,AI is off,AI is off,Not paired,AI is off,0,0,0
1710000,0,0,0,0.21,0.21,0,0,99,1,0,21,False,True,0,0,54,39,30,3.88,AI is off,AI is off,AI is off,AI is off,Not paired,AI is off,0,0,0
1712000,0,0,0,0.22,0.21,0,0,99,1,0,21,False,True,0,0,55,43,33,3.88,AI is off,AI is off,AI is off,AI is off,Not paired,AI is off,0,0,0
1714000,0,0,0,0.22,0.21,0,0,99,1,0,21,False,True,0,0,54,42,32,3.88,AI is off,AI is off,AI is off,AI is off,Not paired,AI is off,0,0,0
1716000,0,0,0,0.21,0.21,0,0,99,1,0,21,False,True,0,0,54,41,30,3.88,AI is off,AI is off,AI is off,AI is off,Not paired,AI is off,0,0,0
1718000,0,0,0,0.22,0.21,0,0,99,1,0,21,False,True,0,0,54,39,30,3.88,AI is off,AI is off,AI is off,AI is off,Not paired,AI is off,0,0,0
1720000,0,0,0,0.21,0.21,0,0,99,1,0,21,False,True,0,0,54,40,29,3.88,AI is off,AI is off,AI is off,AI is off,Not paired,AI is off,0,0,0
1722000,0,0,0,0.22,0.21,0,0,99,1,0,21,False,True,0,0,55,42,33,3.88,AI is off,AI is off,AI is off,AI is off,Not paired,AI is off,0,0,0
1724000,0,0,0,0.21,0.21,0,0,99,1,0,21,False,True,0,0,54,41,30,3.88,AI is off,AI is off,AI is off,AI is off,Not paired,AI is off,0,0,0
1726000,0,0,0,0.21,0.21,0,0,99,1,0,21,False,True,0,0,53,40,31,3.88,AI is off,AI is off,AI is off,AI is off,Not paired,AI is off,0,0,0
1728000,0,0,0,0.22,0.21,0,0,99,1,0,21,False,True,0,0,56,44,33,3.88,AI is off,AI is off,AI is off,AI is off,Not paired,AI is off,0,0,0
1730000,0,0,0,0.22,0.21,0,0,99,1,0,21,False,True,0,0,54,43,33,3.88,AI is off,AI is off,AI is off,AI is off,Not paired,AI is off,0,0,0
1732000,0,0,0,0.21,0.21,0,0,99,1,0,21,False,True,0,0,55,44,34,3.88,AI is off,AI is off,AI is off,AI is off,Not paired,AI is off,0,0,0
1734000,0,0,0,0.21,0.21,0,0,99,1,0,22,False,True,0,0,56,43,32,3.88,AI is off,AI is off,AI is off,AI is off,Not paired,AI is off,0,0,0
1736000,0,0,0,0.21,0.21,0,0,99,1,0,22,False,True,0,0,54,43,32,3.88,AI is off,AI is off,AI is off,AI is off,Not paired,AI is off,0,0,0