Dive Number,GF Minimum,GF Maximum,Surface Interval (min),Imperial Units,Start Battery Voltage,Start CNS %,Start Date,Start External O2 Sensor Status,Start Low Set Point,Start High Set Point,Computer Firmware Version,Max Depth,Max Time,Error History,End Battery Voltage,End CNS,End Date,End External O2 Sensor Status,End Low Set Point,End High Set Point,Computer Serial Number,Computer Firmware Version,Computer Model,Log Version,Deco Model,VPM-B Conservatism,Start Surface Pressure,End Surface Pressure,Product
93,40,85,130,False,4,0,7/5/2024 3:16:28 PM,False,0,1,86,18.6,1673,,4,2,7/5/2024 3:44:16 PM,False,0,1,937B0677,86,2,13,GF,40/85,994,994,Peregrine
Time (ms),Depth,First Stop Depth,Time To Surface (min),Average PPO2,Fraction O2,Fraction He,First Stop Time,Current NDL,Current Circuit Mode,Current CCR Mode,Water Temp,Gas Switch Needed,External PPO2,Set Point Type,Circuit Switch Type,External O2 Sensor 1 (mV),External O2 Sensor 2 (mV),External O2 Sensor 3 (mV),Battery Voltage,Tank 1 pressure (PSI),Tank 2 pressure (PSI),Tank 3 pressure (PSI),Tank 4 pressure (PSI),Gas Time Remaining,SAC Rate (2 minute avg),Ascent Rate,Safe Ascent Depth,CO2mbar
0,4.2,0,1,0.29,0.21,0,0,0,1,0,25,False,True,0,0,54,38,28,4,AI is off,AI is off,AI is off,AI is off,Not paired,AI is off,0,0,0
2000,4.7,0,1,0.3,0.21,0,0,0,1,0,25,False,True,0,0,54,39,29,4.01,AI is off,AI is off,AI is off,AI is off,Not paired,AI is off,0,0,0
4000,5.2,0,1,0.31,0.21,0,0,99,1,0,24,False,True,0,0,54,38,28,4.01,AI is off,AI is off,AI is off,AI is off,Not paired,AI is off,0,0,0
6000,5.8,0,1,0.32,0.21,0,0,99,1,0,24,False,True,0,0,53,39,29,4.01,AI is off,AI is off,AI is off,AI is off,Not paired,AI is off,0,0,0
8000,5.9,0,1,0.33,0.21,0,0,99,1,0,24,False,True,0,0,53,38,28,4.01,AI is off,AI is off,AI is off,AI is off,Not paired,AI is off,0,0,0
10000,5.6,0,1,0.33,0.21,0,0,99,1,0,24,False,True,0,0,53,38,27,4.01,AI is off,AI is off,AI is off,AI is off,Not paired,AI is off,0,0,0
12000,5,0,1,0.31,0.21,0,0,99,1,0,24,False,True,0,0,55,39,26,4.01,AI is off,AI is off,AI is off,AI is off,Not paired,AI is off,0,0,0
14000,4.8,0,1,0.31,0.21,0,0,99,1,0,24,False,True,0,0,53,37,26,4.01,AI is off,AI is off,AI is off,AI is off,Not paired,AI is off,0,0,0
16000,4.5,0,1,0.3,0.21,0,0,99,1,0,24,False,True,0,0,56,41,29,4.01,AI is off,AI is off,AI is off,AI is off,Not paired,AI is off,0,0,0
18000,4.6,0,1,0.3,0.21,0,0,99,1,0,24,False,True,0,0,55,40,28,4.01,AI is off,AI is off,AI is off,AI is off,Not paired,AI is off,0,0,0
20000,4.7,0,1,0.3,0.21,0,0,99,1,0,24,False,True,0,0,54,38,27,4.01,AI is off,AI is off,AI is off,AI is off,Not paired,AI is off,0,0,0
22000,4.9,0,1,0.31,0.21,0,0,99,1,0,24,False,True,0,0,54,39,29,4.01,AI is off,AI is off,AI is off,AI is off,Not paired,AI is off,0,0,0
24000,5.2,0,1,0.31,0.21,0,0,99,1,0,23,False,True,0,0,54,38,27,4.01,AI is off,AI is off,AI is off,AI is off,Not paired,AI is off,0,0,0
26000,5.2,0,1,0.32,0.21,0,0,99,1,0,23,False,True,0,0,53,38,27,4.01,AI is off,AI is off,AI is off,AI is off,Not paired,AI is off,0,0,0
28000,5.3,0,1,0.32,0.21,0,0,99,1,0,23,False,True,0,0,54,39,28,4.01,AI is off,AI is off,AI is off,AI is off,Not paired,AI is off,0,0,0
30000,5.2,0,1,0.32,0.21,0,0,99,1,0,23,False,True,0,0,55,42,31,4.01,AI is off,AI is off,AI is off,AI is off,Not paired,AI is off,0,0,0
32000,5.1,0,1,0.31,0.21,0,0,99,1,0,23,False,True,0,0,53,39,26,4.01,AI is off,AI is off,AI is off,AI is off,Not paired,AI is off,0,0,0
34000,4.9,0,1,0.31,0.21,0,0,99,1,0,23,False,True,0,0,55,40,29,4.01,AI is off,AI is off,AI is off,AI is off,Not paired,AI is off,0,0,0
36000,4.8,0,1,0.31,0.21,0,0,99,1,0,23,False,True,0,0,54,40,28,4.01,AI is off,AI is off,AI is off,AI is off,Not paired,AI is off,0,0,0
38000,5.1,0,1,0.31,0.21,0,0,99,1,0,23,False,True,0,0,52,36,24,4.01,AI is off,AI is off,AI is off,AI is off,Not paired,AI is off,0,0,0
40000,5.2,0,1,0.31,0.21,0,0,99,1,0,23,False,True,0,0,53,38,27,4.01,AI is off,AI is off,AI is off,AI is off,Not paired,AI is off,0,0,0
42000,5.3,0,1,0.32,0.21,0,0,99,1,0,23,False,True,0,0,54,38,28,4.01,AI is off,AI is off,AI is off,AI is off,Not paired,AI is off,0,0,0
44000,5.4,0,1,0.32,0.21,0,0,99,1,0,23,False,True,0,0,55,39,30,4.01,AI is off,AI is off,AI is off,AI is off,Not paired,AI is off,0,0,0
46000,5.2,0,1,0.32,0.21,0,0,99,1,0,23,False,True,0,0,54,40,29,4.01,AI is off,AI is off,AI is off,AI is off,Not paired,AI is off,0,0,0
48000,5,0,1,0.31,0.21,0,0,99,1,0,22,False,True,0,0,58,42,31,4.01,AI is off,AI is off,AI is off,AI is off,Not paired,AI is off,0,0,0
50000,4.7,0,1,0.31,0.21,0,0,99,1,0,22,False,True,0,0,54,38,28,4.01,AI is off,AI is off,AI is off,AI is off,Not paired,AI is off,0,0,0
52000,4.6,0,1,0.3,0.21,0,0,99,1,0,22,False,True,0,0,53,39,28,4.01,AI is off,AI is off,AI is off,AI is off,Not paired,AI is off,0,0,0
54000,4.8,0,1,0.31,0.21,0,0,99,1,0,22,False,True,0,0,53,39,27,4.01,AI is off,AI is off,AI is off,AI is off,Not paired,AI is off,0,0,0
56000,5.4,0,1,0.31,0.21,0,0,99,1,0,22,False,True,0,0,56,42,31,4.01,AI is off,AI is off,AI is off,AI is off,Not paired,AI is off,0,0,0
58000,5.7,0,1,0.32,0.21,0,0,99,1,0,22,False,True,0,0,53,38,27,4.01,AI is off,AI is off,AI is off,AI is off,Not paired,AI is off,0,0,0
60000,5.4,0,1,0.32,0.21,0,0,99,1,0,22,False,True,0,0,55,40,30,4.01,AI is off,AI is off,AI is off,AI is off,Not paired,AI is off,0,0,0
62000,4.9,0,1,0.31,0.21,0,0,99,1,0,22,False,True,0,0,53,38,27,4.01,AI is off,AI is off,AI is off,AI is off,Not paired,AI is off,0,0,0
64000,4.7,0,1,0.3,0.21,0,0,99,1,0,22,False,True,0,0,55,39,27,4.01,AI is off,AI is off,AI is off,AI is off,Not paired,AI is off,0,0,0
66000,4.9,0,1,0.31,0.21,0,0,99,1,0,22,False,True,0,0,53,38,28,4.01,AI is off,AI is off,AI is off,AI is off,Not paired,AI is off,0,0,0
68000,4.8,0,1,0.31,0.21,0,0,99,1,0,22,False,True,0,0,54,39,30,4.01,AI is off,AI is off,AI is off,AI is off,Not paired,AI is off,0,0,0
70000,4.4,0,1,0.3,0.21,0,0,99,1,0,22,False,True,0,0,56,43,31,4.01,AI is off,AI is off,AI is off,AI is off,Not paired,AI is off,0,0,0
72000,4.5,0,1,0.3,0.21,0,0,99,1,0,22,False,True,0,0,55,40,29,4.01,AI is off,AI is off,AI is off,AI is off,Not paired,AI is off,0,0,0
74000,4.7,0,1,0.3,0.21,0,0,99,1,0,22,False,True,0,0,55,41,30,4.01,AI is off,AI is off,AI is off,AI is off,Not paired,AI is off,0,0,0
76000,4.7,0,1,0.3,0.21,0,0,99,1,0,22,False,True,0,0,53,38,26,4.01,AI is off,AI is off,AI is off,AI is off,Not paired,AI is off,0,0,0
78000,4.8,0,1,0.3,0.21,0,0,99,1,0,22,False,True,0,0,54,39,27,4.01,AI is off,AI is off,AI is off,AI is off,Not paired,AI is off,0,0,0
80000,4.8,0,1,0.31,0.21,0,0,99,1,0,22,False,True,0,0,53,39,28,4.01,AI is off,AI is off,AI is off,AI is off,Not paired,AI is off,0,0,0
82000,4.8,0,1,0.3,0.21,0,0,99,1,0,22,False,True,0,0,56,42,31,4.01,AI is off,AI is off,AI is off,AI is off,Not paired,AI is off,0,0,0
84000,4.9,0,1,0.31,0.21,0,0,99,1,0,22,False,True,0,0,58,43,32,4.01,AI is off,AI is off,AI is off,AI is off,Not paired,AI is off,0,0,0
86000,5,0,1,0.31,0.21,0,0,99,1,0,22,False,True,0,0,54,41,29,4.01,AI is off,AI is off,AI is off,AI is off,Not paired,AI is off,0,0,0
88000,5.3,0,1,0.31,0.21,0,0,99,1,0,22,False,True,0,0,56,41,30,4.01,AI is off,AI is off,AI is off,AI is off,Not paired,AI is off,0,0,0
90000,5.6,0,1,0.32,0.21,0,0,99,1,0,22,False,True,0,0,55,39,29,4.01,AI is off,AI is off,AI is off,AI is off,Not paired,AI is off,0,0,0
92000,6.2,0,1,0.33,0.21,0,0,99,1,0,22,False,True,0,0,53,37,26,4.01,AI is off,AI is off,AI is off,AI is off,Not paired,AI is off,0,0,0
94000,6.8,0,1,0.35,0.21,0,0,99,1,0,22,False,True,0,0,54,39,29,4.01,AI is off,AI is off,AI is off,AI is off,Not paired,AI is off,0,0,0
96000,7.2,0,1,0.35,0.21,0,0,99,1,0,22,False,True,0,0,54,39,29,4.01,AI is off,AI is off,AI is off,AI is off,Not paired,AI is off,0,0,0
98000,7.5,0,1,0.36,0.21,0,0,99,1,0,21,False,True,0,0,53,38,26,4.01,AI is off,AI is off,AI is off,AI is off,Not paired,AI is off,0,0,0
100000,8,0,1,0.37,0.21,0,0,99,1,0,21,False,True,0,0,53,38,27,4.01,AI is off,AI is off,AI is off,AI is off,Not paired,AI is off,0,0,0
102000,8.6,0,1,0.38,0.21,0,0,99,1,0,21,False,True,0,0,54,39,29,4.01,AI is off,AI is off,AI is off,AI is off,Not paired,AI is off,0,0,0
104000,8.400001,0,1,0.38,0.21,0,0,99,1,0,21,False,True,0,0,54,38,28,4.01,AI is off,AI is off,AI is off,AI is off,Not paired,AI is off,0,0,0
106000,8.3,0,1,0.38,0.21,0,0,99,1,0,21,False,True,0,0,55,39,29,4.01,AI is off,AI is off,AI is off,AI is off,Not paired,AI is off,0,0,0
108000,8.7,0,1,0.38,0.21,0,0,99,1,0,21,False,True,0,0,55,39,30,4.01,AI is off,AI is off,AI is off,AI is off,Not paired,AI is off,0,0,0
110000,9.3,0,1,0.4,0.21,0,0,99,1,0,21,False,True,0,0,54,38,27,4.01,AI is off,AI is off,AI is off,AI is off,Not paired,AI is off,0,0,0
112000,9.5,0,1,0.4,0.21,0,0,99,1,0,21,False,True,0,0,55,39,30,4.01,AI is off,AI is off,AI is off,AI is off,Not paired,AI is off,0,0,0
114000,9.900001,0,1,0.41,0.21,0,0,99,1,0,21,False,True,0,0,55,40,31,4.01,AI is off,AI is off,AI is off,AI is off,Not paired,AI is off,0,0,0
116000,10.4,0,1,0.42,0.21,0,0,99,1,0,21,False,True,0,0,50,37,25,4.01,AI is off,AI is off,AI is off,AI is off,Not paired,AI is off,0,0,0
118000,10.9,0,1,0.43,0.21,0,0,99,1,0,21,False,True,0,0,53,38,28,4.01,AI is off,AI is off,AI is off,AI is off,Not paired,AI is off,0,0,0
120000,11.3,0,1,0.44,0.21,0,0,99,1,0,21,False,True,0,0,53,39,29,4.01,AI is off,AI is off,AI is off,AI is off,Not paired,AI is off,0,0,0
122000,11.5,0,5,0.44,0.21,0,0,99,1,0,21,False,True,0,0,52,37,25,4.01,AI is off,AI is off,AI is off,AI is off,Not paired,AI is off,0,0,0
124000,12.1,0,5,0.46,0.21,0,0,99,1,0,21,False,True,0,0,52,38,27,4.01,AI is off,AI is off,AI is off,AI is off,Not paired,AI is off,0,0,0
126000,12.5,0,5,0.47,0.21,0,0,99,1,0,21,False,True,0,0,55,39,29,4.01,AI is off,AI is off,AI is off,AI is off,Not paired,AI is off,0,0,0
128000,12.8,0,5,0.47,0.21,0,0,99,1,0,21,False,True,0,0,52,37,26,4.01,AI is off,AI is off,AI is off,AI is off,Not paired,AI is off,0,0,0
130000,13.6,0,5,0.48,0.21,0,0,99,1,0,21,False,True,0,0,53,39,30,4.01,AI is off,AI is off,AI is off,AI is off,Not paired,AI is off,0,0,0
132000,14.2,0,5,0.5,0.21,0,0,99,1,0,21,False,True,0,0,52,37,27,4.01,AI is off,AI is off,AI is off,AI is off,Not paired,AI is off,0,0,0
134000,14.3,0,5,0.51,0.21,0,0,70,1,0,21,False,True,0,0,54,39,29,4.01,AI is off,AI is off,AI is off,AI is off,Not paired,AI is off,0,0,0
136000,14.4,0,5,0.51,0.21,0,0,70,1,0,21,False,True,0,0,53,38,27,4.01,AI is off,AI is off,AI is off,AI is off,Not paired,AI is off,0,0,0
138000,14.4,0,5,0.51,0.21,0,0,69,1,0,21,False,True,0,0,52,38,27,4.01,AI is off,AI is off,AI is off,AI is off,Not paired,AI is off,0,0,0
140000,14.5,0,5,0.51,0.21,0,0,69,1,0,21,False,True,0,0,52,38,27,4.01,AI is off,AI is off,AI is off,AI is off,Not paired,AI is off,0,0,0
142000,14.4,0,5,0.51,0.21,0,0,69,1,0,21,False,True,0,0,55,40,30,4.01,AI is off,AI is off,AI is off,AI is off,Not paired,AI is off,0,0,0
144000,14.1,0,5,0.5,0.21,0,0,69,1,0,21,False,True,0,0,53,39,30,4.01,AI is off,AI is off,AI is off,AI is off,Not paired,AI is off,0,0,0
146000,14,0,5,0.5,0.21,0,0,69,1,0,21,False,True,0,0,53,39,27,4.01,AI is off,AI is off,AI is off,AI is off,Not paired,AI is off,0,0,0
148000,13.7,0,5,0.5,0.21,0,0,69,1,0,21,False,True,0,0,53,39,28,4.01,AI is off,AI is off,AI is off,AI is off,Not paired,AI is off,0,0,0
150000,13.8,0,5,0.49,0.21,0,0,77,1,0,21,False,True,0,0,55,39,30,4.01,AI is off,AI is off,AI is off,AI is off,Not paired,AI is off,0,0,0
152000,13.3,0,5,0.49,0.21,0,0,77,1,0,21,False,True,0,0,53,39,29,4.01,AI is off,AI is off,AI is off,AI is off,Not paired,AI is off,0,0,0
154000,12.4,0,5,0.47,0.21,0,0,77,1,0,21,False,True,0,0,54,40,28,4.01,AI is off,AI is off,AI is off,AI is off,Not paired,AI is off,0,0,0
156000,11.8,0,5,0.46,0.21,0,0,99,1,0,21,False,True,0,0,53,39,27,4.01,AI is off,AI is off,AI is off,AI is off,Not paired,AI is off,0,0,0
158000,11.1,0,5,0.44,0.21,0,0,99,1,0,21,False,True,0,0,53,40,28,4.01,AI is off,AI is off,AI is off,AI is off,Not paired,AI is off,0,0,0
160000,10.3,0,5,0.42,0.21,0,0,99,1,0,21,False,True,0,0,55,40,30,4.01,AI is off,AI is off,AI is off,AI is off,Not paired,AI is off,0,0,0
162000,9.5,0,5,0.41,0.21,0,0,99,1,0,21,False,True,0,0,54,39,30,4.01,AI is off,AI is off,AI is off,AI is off,Not paired,AI is off,0,0,0
164000,9,0,5,0.4,0.21,0,0,99,1,0,21,False,True,0,0,55,40,29,4.01,AI is off,AI is off,AI is off,AI is off,Not paired,AI is off,0,0,0
166000,8.6,0,5,0.39,0.21,0,0,99,1,0,21,False,True,0,0,53,39,27,4.01,AI is off,AI is off,AI is off,AI is off,Not paired,AI is off,0,0,0
168000,7.8,0,5,0.37,0.21,0,0,99,1,0,21,False,True,0,0,53,38,28,4.01,AI is off,AI is off,AI is off,AI is off,Not paired,AI is off,0,0,0
170000,6.7,0,4,0.35,0.21,0,0,99,1,0,21,False,True,0,0,54,40,29,4.01,AI is off,AI is off,AI is off,AI is off,Not paired,AI is off,0,0,0
172000,5.8,0,4,0.33,0.21,0,0,99,1,0,21,False,True,0,0,52,38,26,4.01,AI is off,AI is off,AI is off,AI is off,Not paired,AI is off,0,0,0
174000,4.8,0,4,0.31,0.21,0,0,99,1,0,21,False,True,0,0,55,41,30,4.01,AI is off,AI is off,AI is off,AI is off,Not paired,AI is off,0,0,0
176000,3.8,0,4,0.29,0.21,0,0,99,1,0,21,False,True,0,0,55,42,30,4.01,AI is off,AI is off,AI is off,AI is off,Not paired,AI is off,0,0,0
178000,3,0,4,0.27,0.21,0,0,99,1,0,21,False,True,0,0,52,38,27,4.01,AI is off,AI is off,AI is off,AI is off,Not paired,AI is off,0,0,0
180000,2.4,0,4,0.26,0.21,0,0,99,1,0,21,False,True,0,0,53,39,27,4.01,AI is off,AI is off,AI is off,AI is off,Not paired,AI is off,0,0,0
182000,2.5,0,4,0.26,0.21,0,0,99,1,0,21,False,True,0,0,58,44,32,4.01,AI is off,AI is off,AI is off,AI is off,Not paired,AI is off,0,0,0
184000,2.8,0,4,0.26,0.21,0,0,99,1,0,21,False,True,0,0,58,46,33,4.01,AI is off,AI is off,AI is off,AI is off,Not paired,AI is off,0,0,0
186000,3.3,0,4,0.27,0.21,0,0,99,1,0,21,False,True,0,0,56,42,31,4.01,AI is off,AI is off,AI is off,AI is off,Not paired,AI is off,0,0,0
188000,4,0,4,0.29,0.21,0,0,99,1,0,21,False,True,0,0,54,40,28,4.01,AI is off,AI is off,AI is off,AI is off,Not paired,AI is off,0,0,0
190000,4.8,0,4,0.3,0.21,0,0,99,1,0,21,False,True,0,0,54,39,29,4.01,AI is off,AI is off,AI is off,AI is off,Not paired,AI is off,0,0,0
192000,5.5,0,4,0.32,0.21,0,0,99,1,0,21,False,True,0,0,53,39,28,4.01,AI is off,AI is off,AI is off,AI is off,Not paired,AI is off,0,0,0
194000,6.3,0,4,0.33,0.21,0,0,99,1,0,21,False,True,0,0,52,38,27,4.01,AI is off,AI is off,AI is off,AI is off,Not paired,AI is off,0,0,0
196000,6.8,0,4,0.35,0.21,0,0,99,1,0,21,False,True,0,0,54,40,29,4.01,AI is off,AI is off,AI is off,AI is off,Not paired,AI is off,0,0,0
198000,7.5,0,4,0.36,0.21,0,0,99,1,0,21,False,True,0,0,55,40,30,4.01,AI is off,AI is off,AI is off,AI is off,Not paired,AI is off,0,0,0
200000,8.2,0,4,0.38,0.21,0,0,99,1,0,21,False,True,0,0,53,39,30,4.01,AI is off,AI is off,AI is off,AI is off,Not paired,AI is off,0,0,0
202000,9,0,4,0.39,0.21,0,0,99,1,0,21,False,True,0,0,54,39,29,4.01,AI is off,AI is off,AI is off,AI is off,Not paired,AI is off,0,0,0
204000,9.7,0,4,0.41,0.21,0,0,99,1,0,21,False,True,0,0,52,38,27,4.01,AI is off,AI is off,AI is off,AI is off,Not paired,AI is off,0,0,0
206000,10.4,0,4,0.42,0.21,0,0,99,1,0,21,False,True,0,0,53,38,29,4.01,AI is off,AI is off,AI is off,AI is off,Not paired,AI is off,0,0,0
208000,11,0,4,0.43,0.21,0,0,99,1,0,21,False,True,0,0,54,40,30,4.01,AI is off,AI is off,AI is off,AI is off,Not paired,AI is off,0,0,0
210000,11.7,0,5,0.45,0.21,0,0,99,1,0,21,False,True,0,0,54,40,29,4.01,AI is off,AI is off,AI is off,AI is off,Not paired,AI is off,0,0,0
212000,12.3,0,5,0.46,0.21,0,0,99,1,0,21,False,True,0,0,52,38,29,4.01,AI is off,AI is off,AI is off,AI is off,Not paired,AI is off,0,0,0
214000,12.9,0,5,0.47,0.21,0,0,99,1,0,21,False,True,0,0,54,39,29,4.01,AI is off,AI is off,AI is off,AI is off,Not paired,AI is off,0,0,0
216000,13.5,0,5,0.49,0.21,0,0,99,1,0,21,False,True,0,0,54,39,30,4.01,AI is off,AI is off,AI is off,AI is off,Not paired,AI is off,0,0,0
218000,13.8,0,5,0.49,0.21,0,0,99,1,0,21,False,True,0,0,53,39,29,4.01,AI is off,AI is off,AI is off,AI is off,Not paired,AI is off,0,0,0
220000,14.5,0,5,0.51,0.21,0,0,69,1,0,21,False,True,0,0,53,38,28,4.01,AI is off,AI is off,AI is off,AI is off,Not paired,AI is off,0,0,0
222000,15,0,5,0.52,0.21,0,0,69,1,0,21,False,True,0,0,54,38,29,4.01,AI is off,AI is off,AI is off,AI is off,Not paired,AI is off,0,0,0
224000,15.5,0,5,0.53,0.21,0,0,69,1,0,20,False,True,0,0,54,39,29,4.01,AI is off,AI is off,AI is off,AI is off,Not paired,AI is off,0,0,0
226000,15.6,0,5,0.53,0.21,0,0,57,1,0,20,False,True,0,0,52,38,27,4.01,AI is off,AI is off,AI is off,AI is off,Not paired,AI is off,0,0,0
228000,15.9,0,5,0.54,0.21,0,0,57,1,0,20,False,True,0,0,52,38,27,4.01,AI is off,AI is off,AI is off,AI is off,Not paired,AI is off,0,0,0
230000,16.4,0,5,0.55,0.21,0,0,57,1,0,20,False,True,0,0,53,39,30,4.01,AI is off,AI is off,AI is off,AI is off,Not paired,AI is off,0,0,0
232000,16.9,0,5,0.56,0.21,0,0,57,1,0,20,False,True,0,0,54,39,29,4.01,AI is off,AI is off,AI is off,AI is off,Not paired,AI is off,0,0,0
234000,17.1,0,5,0.56,0.21,0,0,57,1,0,20,False,True,0,0,53,39,30,4.01,AI is off,AI is off,AI is off,AI is off,Not paired,AI is off,0,0,0
236000,17.2,0,5,0.57,0.21,0,0,45,1,0,20,False,True,0,0,54,39,30,4.01,AI is off,AI is off,AI is off,AI is off,Not paired,AI is off,0,0,0
238000,17.2,0,5,0.57,0.21,0,0,45,1,0,20,False,True,0,0,53,39,30,4.01,AI is off,AI is off,AI is off,AI is off,Not paired,AI is off,0,0,0
240000,17.1,0,5,0.56,0.21,0,0,45,1,0,20,False,True,0,0,52,38,27,4.01,AI is off,AI is off,AI is off,AI is off,Not paired,AI is off,0,0,0
242000,17.2,0,5,0.56,0.21,0,0,46,1,0,20,False,True,0,0,54,39,30,4.01,AI is off,AI is off,AI is off,AI is off,Not paired,AI is off,0,0,0
244000,17.2,0,5,0.57,0.21,0,0,46,1,0,20,False,True,0,0,53,37,27,4.01,AI is off,AI is off,AI is off,AI is off,Not paired,AI is off,0,0,0
246000,17.1,0,5,0.56,0.21,0,0,46,1,0,20,False,True,0,0,55,39,29,4.01,AI is off,AI is off,AI is off,AI is off,Not paired,AI is off,0,0,0
248000,17,0,5,0.56,0.21,0,0,46,1,0,20,False,True,0,0,54,39,30,4.01,AI is off,AI is off,AI is off,AI is off,Not paired,AI is off,0,0,0
250000,16.8,0,5,0.56,0.21,0,0,46,1,0,20,False,True,0,0,55,40,31,4.01,AI is off,AI is off,AI is off,AI is off,Not paired,AI is off,0,0,0
252000,16.6,0,5,0.55,0.21,0,0,49,1,0,20,False,True,0,0,52,38,26,4.01,AI is off,AI is off,AI is off,AI is off,Not paired,AI is off,0,0,0
254000,16.3,0,5,0.55,0.21,0,0,49,1,0,20,False,True,0,0,52,38,27,4.01,AI is off,AI is off,AI is off,AI is off,Not paired,AI is off,0,0,0
256000,16.3,0,5,0.55,0.21,0,0,49,1,0,20,False,True,0,0,54,39,31,4.01,AI is off,AI is off,AI is off,AI is off,Not paired,AI is off,0,0,0
258000,16.2,0,5,0.55,0.21,0,0,52,1,0,20,False,True,0,0,53,39,29,4.01,AI is off,AI is off,AI is off,AI is off,Not paired,AI is off,0,0,0
260000,16.2,0,5,0.55,0.21,0,0,52,1,0,20,False,True,0,0,52,38,29,4.01,AI is off,AI is off,AI is off,AI is off,Not paired,AI is off,0,0,0
262000,16,0,5,0.54,0.21,0,0,52,1,0,20,False,True,0,0,53,39,28,4.01,AI is off,AI is off,AI is off,AI is off,Not paired,AI is off,0,0,0
264000,16.1,0,5,0.54,0.21,0,0,52,1,0,20,False,True,0,0,54,39,29,4.01,AI is off,AI is off,AI is off,AI is off,Not paired,AI is off,0,0,0
266000,15.9,0,5,0.54,0.21,0,0,52,1,0,20,False,True,0,0,54,38,29,4.01,AI is off,AI is off,AI is off,AI is off,Not paired,AI is off,0,0,0
268000,16,0,5,0.54,0.21,0,0,52,1,0,20,False,True,0,0,53,39,28,4.01,AI is off,AI is off,AI is off,AI is off,Not paired,AI is off,0,0,0
270000,16,0,5,0.54,0.21,0,0,52,1,0,20,False,True,0,0,54,39,29,4.01,AI is off,AI is off,AI is off,AI is off,Not paired,AI is off,0,0,0
272000,16.1,0,5,0.54,0.21,0,0,52,1,0,20,False,True,0,0,52,37,26,4.01,AI is off,AI is off,AI is off,AI is off,Not paired,AI is off,0,0,0
274000,16.1,0,5,0.54,0.21,0,0,52,1,0,20,False,True,0,0,54,40,30,4.01,AI is off,AI is off,AI is off,AI is off,Not paired,AI is off,0,0,0
276000,15.9,0,5,0.54,0.21,0,0,52,1,0,20,False,True,0,0,53,38,28,4.01,AI is off,AI is off,AI is off,AI is off,Not paired,AI is off,0,0,0
278000,15.9,0,5,0.54,0.21,0,0,52,1,0,20,False,True,0,0,55,40,31,4.01,AI is off,AI is off,AI is off,AI is off,Not paired,AI is off,0,0,0
280000,15.8,0,5,0.54,0.21,0,0,52,1,0,20,False,True,0,0,54,39,28,4.01,AI is off,AI is off,AI is off,AI is off,Not paired,AI is off,0,0,0
282000,15.9,0,5,0.54,0.21,0,0,52,1,0,20,False,True,0,0,53,37,27,4.01,AI is off,AI is off,AI is off,AI is off,Not paired,AI is off,0,0,0
284000,16.1,0,5,0.54,0.21,0,0,52,1,0,20,False,True,0,0,53,39,28,4.01,AI is off,AI is off,AI is off,AI is off,Not paired,AI is off,0,0,0
286000,16.2,0,5,0.54,0.21,0,0,52,1,0,20,False,True,0,0,55,39,29,4.01,AI is off,AI is off,AI is off,AI is off,Not paired,AI is off,0,0,0
288000,16.1,0,5,0.54,0.21,0,0,52,1,0,20,False,True,0,0,53,39,30,4.01,AI is off,AI is off,AI is off,AI is off,Not paired,AI is off,0,0,0
290000,16.1,0,5,0.54,0.21,0,0,51,1,0,20,False,True,0,0,54,39,29,4.01,AI is off,AI is off,AI is off,AI is off,Not paired,AI is off,0,0,0
292000,16.2,0,5,0.55,0.21,0,0,51,1,0,20,False,True,0,0,54,39,30,4.01,AI is off,AI is off,AI is off,AI is off,Not paired,AI is off,0,0,0
294000,16.1,0,5,0.54,0.21,0,0,51,1,0,20,False,True,0,0,52,38,26,4.01,AI is off,AI is off,AI is off,AI is off,Not paired,AI is off,0,0,0
296000,16.5,0,5,0.55,0.21,0,0,51,1,0,20,False,True,0,0,52,38,27,4.01,AI is off,AI is off,AI is off,AI is off,Not paired,AI is off,0,0,0
298000,16.5,0,5,0.55,0.21,0,0,51,1,0,20,False,True,0,0,53,40,29,4.01,AI is off,AI is off,AI is off,AI is off,Not paired,AI is off,0,0,0
300000,16.5,0,5,0.55,0.21,0,0,51,1,0,20,False,True,0,0,54,39,29,4.01,AI is off,AI is off,AI is off,AI is off,Not paired,AI is off,0,0,0
302000,16.6,0,5,0.55,0.21,0,0,48,1,0,20,False,True,0,0,53,39,30,4.01,AI is off,AI is off,AI is off,AI is off,Not paired,AI is off,0,0,0
304000,16.5,0,5,0.55,0.21,0,0,48,1,0,20,False,True,0,0,54,39,30,4.01,AI is off,AI is off,AI is off,AI is off,Not paired,AI is off,0,0,0
306000,16.2,0,5,0.55,0.21,0,0,48,1,0,20,False,True,0,0,52,38,27,4.01,AI is off,AI is off,AI is off,AI is off,Not paired,AI is off,0,0,0
308000,16.1,0,5,0.54,0.21,0,0,51,1,0,20,False,True,0,0,53,39,30,4.01,AI is off,AI is off,AI is off,AI is off,Not paired,AI is off,0,0,0
310000,16.1,0,5,0.54,0.21,0,0,51,1,0,20,False,True,0,0,53,39,30,4.01,AI is off,AI is off,AI is off,AI is off,Not paired,AI is off,0,0,0
312000,16.2,0,5,0.54,0.21,0,0,51,1,0,20,False,True,0,0,54,40,31,4.01,AI is off,AI is off,AI is off,AI is off,Not paired,AI is off,0,0,0
314000,16.3,0,5,0.55,0.21,0,0,51,1,0,20,False,True,0,0,52,38,29,4.01,AI is off,AI is off,AI is off,AI is off,Not paired,AI is off,0,0,0
316000,16.4,0,5,0.55,0.21,0,0,51,1,0,20,False,True,0,0,53,39,29,4.01,AI is off,AI is off,AI is off,AI is off,Not paired,AI is off,0,0,0
318000,16.5,0,5,0.55,0.21,0,0,49,1,0,20,False,True,0,0,52,39,29,4.01,AI is off,AI is off,AI is off,AI is off,Not paired,AI is off,0,0,0
320000,16.5,0,5,0.55,0.21,0,0,49,1,0,20,False,True,0,0,54,39,30,4.01,AI is off,AI is off,AI is off,AI is off,Not paired,AI is off,0,0,0
322000,16.5,0,5,0.55,0.21,0,0,49,1,0,20,False,True,0,0,53,40,29,4.01,AI is off,AI is off,AI is off,AI is off,Not paired,AI is off,0,0,0
324000,16.6,0,5,0.55,0.21,0,0,48,1,0,20,False,True,0,0,52,38,25,4.01,AI is off,AI is off,AI is off,AI is off,Not paired,AI is off,0,0,0
326000,16.6,0,5,0.55,0.21,0,0,48,1,0,20,False,True,0,0,53,40,29,4.01,AI is off,AI is off,AI is off,AI is off,Not paired,AI is off,0,0,0
328000,16.7,0,5,0.56,0.21,0,0,48,1,0,20,False,True,0,0,53,39,30,4.01,AI is off,AI is off,AI is off,AI is off,Not paired,AI is off,0,0,0
330000,16.6,0,5,0.55,0.21,0,0,48,1,0,20,False,True,0,0,53,39,29,4.01,AI is off,AI is off,AI is off,AI is off,Not paired,AI is off,0,0,0
332000,16.3,0,5,0.55,0.21,0,0,48,1,0,19,False,True,0,0,54,39,28,4.01,AI is off,AI is off,AI is off,AI is off,Not paired,AI is off,0,0,0
334000,16.5,0,5,0.55,0.21,0,0,48,1,0,19,False,True,0,0,52,39,26,4.01,AI is off,AI is off,AI is off,AI is off,Not paired,AI is off,0,0,0
336000,16.8,0,5,0.56,0.21,0,0,48,1,0,19,False,True,0,0,53,39,27,4.01,AI is off,AI is off,AI is off,AI is off,Not paired,AI is off,0,0,0
338000,16.7,0,5,0.56,0.21,0,0,48,1,0,19,False,True,0,0,52,38,26,4.01,AI is off,AI is off,AI is off,AI is off,Not paired,AI is off,0,0,0
340000,16.8,0,5,0.56,0.21,0,0,46,1,0,19,False,True,0,0,53,40,29,4.01,AI is off,AI is off,AI is off,AI is off,Not paired,AI is off,0,0,0
342000,16.9,0,5,0.56,0.21,0,0,46,1,0,19,False,True,0,0,52,39,27,4.01,AI is off,AI is off,AI is off,AI is off,Not paired,AI is off,0,0,0
344000,17,0,5,0.56,0.21,0,0,46,1,0,19,False,True,0,0,52,38,26,4.01,AI is off,AI is off,AI is off,AI is off,Not paired,AI is off,0,0,0
346000,17,0,5,0.56,0.21,0,0,46,1,0,19,False,True,0,0,53,39,30,4.01,AI is off,AI is off,AI is off,AI is off,Not paired,AI is off,0,0,0
348000,17,0,5,0.56,0.21,0,0,46,1,0,19,False,True,0,0,55,40,30,4.01,AI is off,AI is off,AI is off,AI is off,Not paired,AI is off,0,0,0
350000,16.9,0,5,0.56,0.21,0,0,45,1,0,19,False,True,0,0,54,39,30,4.01,AI is off,AI is off,AI is off,AI is off,Not paired,AI is off,0,0,0
352000,16.8,0,5,0.56,0.21,0,0,45,1,0,19,False,True,0,0,53,39,29,4.01,AI is off,AI is off,AI is off,AI is off,Not paired,AI is off,0,0,0
354000,16.7,0,5,0.56,0.21,0,0,45,1,0,19,False,True,0,0,52,39,27,4.01,AI is off,AI is off,AI is off,AI is off,Not paired,AI is off,0,0,0
356000,16.7,0,5,0.55,0.21,0,0,47,1,0,19,False,True,0,0,53,39,28,4.01,AI is off,AI is off,AI is off,AI is off,Not paired,AI is off,0,0,0
358000,16.5,0,5,0.55,0.21,0,0,47,1,0,19,False,True,0,0,52,38,26,4.01,AI is off,AI is off,AI is off,AI is off,Not paired,AI is off,0,0,0
360000,16.5,0,5,0.55,0.21,0,0,48,1,0,19,False,True,0,0,52,38,27,4.01,AI is off,AI is off,AI is off,AI is off,Not paired,AI is off,0,0,0
362000,16.5,0,5,0.55,0.21,0,0,48,1,0,19,False,True,0,0,52,39,27,4.01,AI is off,AI is off,AI is off,AI is off,Not paired,AI is off,0,0,0
364000,16.4,0,5,0.55,0.21,0,0,48,1,0,19,False,True,0,0,53,40,31,4.01,AI is off,AI is off,AI is off,AI is off,Not paired,AI is off,0,0,0
366000,16.2,0,5,0.55,0.21,0,0,48,1,0,19,False,True,0,0,52,39,26,4.01,AI is off,AI is off,AI is off,AI is off,Not paired,AI is off,0,0,0
368000,16.1,0,5,0.54,0.21,0,0,48,1,0,19,False,True,0,0,52,39,27,4.01,AI is off,AI is off,AI is off,AI is off,Not paired,AI is off,0,0,0
370000,16.2,0,5,0.55,0.21,0,0,48,1,0,19,False,True,0,0,53,39,28,4.01,AI is off,AI is off,AI is off,AI is off,Not paired,AI is off,0,0,0
372000,16.1,0,5,0.54,0.21,0,0,50,1,0,19,False,True,0,0,53,40,28,4.01,AI is off,AI is off,AI is off,AI is off,Not paired,AI is off,0,0,0
374000,15.9,0,5,0.54,0.21,0,0,50,1,0,19,False,True,0,0,54,40,29,4.01,AI is off,AI is off,AI is off,AI is off,Not paired,AI is off,0,0,0
376000,15.9,0,5,0.54,0.21,0,0,52,1,0,19,False,True,0,0,52,39,27,4.01,AI is off,AI is off,AI is off,AI is off,Not paired,AI is off,0,0,0
378000,15.8,0,5,0.54,0.21,0,0,52,1,0,19,False,True,0,0,53,40,29,4.01,AI is off,AI is off,AI is off,AI is off,Not paired,AI is off,0,0,0
380000,15.8,0,5,0.54,0.21,0,0,52,1,0,19,False,True,0,0,54,40,31,4.01,AI is off,AI is off,AI is off,AI is off,Not paired,AI is off,0,0,0
382000,15.7,0,5,0.54,0.21,0,0,52,1,0,19,False,True,0,0,55,41,30,4.01,AI is off,AI is off,AI is off,AI is off,Not paired,AI is off,0,0,0
384000,15.8,0,5,0.54,0.21,0,0,52,1,0,19,False,True,0,0,54,40,32,4.01,AI is off,AI is off,AI is off,AI is off,Not paired,AI is off,0,0,0
386000,15.8,0,5,0.54,0.21,0,0,52,1,0,19,False,True,0,0,53,39,29,4.01,AI is off,AI is off,AI is off,AI is off,Not paired,AI is off,0,0,0
388000,15.5,0,5,0.53,0.21,0,0,53,1,0,19,False,True,0,0,53,40,29,4.01,AI is off,AI is off,AI is off,AI is off,Not paired,AI is off,0,0,0
390000,15.8,0,5,0.54,0.21,0,0,53,1,0,19,False,True,0,0,53,39,27,4.01,AI is off,AI is off,AI is off,AI is off,Not paired,AI is off,0,0,0
392000,16,0,5,0.54,0.21,0,0,53,1,0,19,False,True,0,0,53,40,29,4.01,AI is off,AI is off,AI is off,AI is off,Not paired,AI is off,0,0,0
394000,16.2,0,5,0.54,0.21,0,0,50,1,0,19,False,True,0,0,53,39,28,4.01,AI is off,AI is off,AI is off,AI is off,Not paired,AI is off,0,0,0
396000,16.3,0,5,0.55,0.21,0,0,50,1,0,19,False,True,0,0,53,39,28,4.01,AI is off,AI is off,AI is off,AI is off,Not paired,AI is off,0,0,0
398000,16.4,0,5,0.55,0.21,0,0,50,1,0,19,False,True,0,0,53,39,28,4.01,AI is off,AI is off,AI is off,AI is off,Not paired,AI is off,0,0,0
400000,16.5,0,5,0.55,0.21,0,0,50,1,0,19,False,True,0,0,53,39,29,4.01,AI is off,AI is off,AI is off,AI is off,Not paired,AI is off,0,0,0
402000,16.6,0,5,0.55,0.21,0,0,50,1,0,19,False,True,0,0,53,39,29,4.01,AI is off,AI is off,AI is off,AI is off,Not paired,AI is off,0,0,0
404000,16.4,0,5,0.55,0.21,0,0,47,1,0,19,False,True,0,0,52,38,27,4.01,AI is off,AI is off,AI is off,AI is off,Not paired,AI is off,0,0,0
406000,16.4,0,5,0.55,0.21,0,0,47,1,0,19,False,True,0,0,53,39,27,4.01,AI is off,AI is off,AI is off,AI is off,Not paired,AI is off,0,0,0
408000,16.3,0,5,0.55,0.21,0,0,47,1,0,19,False,True,0,0,53,39,28,4.01,AI is off,AI is off,AI is off,AI is off,Not paired,AI is off,0,0,0
410000,16.2,0,5,0.55,0.21,0,0,49,1,0,19,False,True,0,0,54,41,29,4.01,AI is off,AI is off,AI is off,AI is off,Not paired,AI is off,0,0,0
412000,16.1,0,5,0.54,0.21,0,0,49,1,0,19,False,True,0,0,53,40,28,4.01,AI is off,AI is off,AI is off,AI is off,Not paired,AI is off,0,0,0
414000,16,0,5,0.54,0.21,0,0,49,1,0,19,False,True,0,0,53,39,27,4.01,AI is off,AI is off,AI is off,AI is off,Not paired,AI is off,0,0,0
416000,15.8,0,5,0.54,0.21,0,0,49,1,0,19,False,True,0,0,53,39,27,4.01,AI is off,AI is off,AI is off,AI is off,Not paired,AI is off,0,0,0
418000,15.6,0,5,0.53,0.21,0,0,49,1,0,19,False,True,0,0,53,39,28,4.01,AI is off,AI is off,AI is off,AI is off,Not paired,AI is off,0,0,0
420000,15.6,0,5,0.53,0.21,0,0,53,1,0,19,False,True,0,0,53,40,28,4.01,AI is off,AI is off,AI is off,AI is off,Not paired,AI is off,0,0,0
422000,15.7,0,5,0.53,0.21,0,0,53,1,0,19,False,True,0,0,53,39,27,4.01,AI is off,AI is off,AI is off,AI is off,Not paired,AI is off,0,0,0
424000,15.5,0,5,0.53,0.21,0,0,53,1,0,19,False,True,0,0,54,39,27,4.01,AI is off,AI is off,AI is off,AI is off,Not paired,AI is off,0,0,0
426000,15.6,0,5,0.53,0.21,0,0,53,1,0,19,False,True,0,0,53,39,27,4.01,AI is off,AI is off,AI is off,AI is off,Not paired,AI is off,0,0,0
428000,15.8,0,5,0.54,0.21,0,0,53,1,0,19,False,True,0,0,54,39,27,4.01,AI is off,AI is off,AI is off,AI is off,Not paired,AI is off,0,0,0
430000,15.8,0,5,0.54,0.21,0,0,53,1,0,19,False,True,0,0,54,39,28,4.01,AI is off,AI is off,AI is off,AI is off,Not paired,AI is off,0,0,0
432000,15.8,0,5,0.54,0.21,0,0,53,1,0,19,False,True,0,0,54,38,29,4.01,AI is off,AI is off,AI is off,AI is off,Not paired,AI is off,0,0,0
434000,15.7,0,5,0.54,0.21,0,0,53,1,0,19,False,True,0,0,52,39,28,4.01,AI is off,AI is off,AI is off,AI is off,Not paired,AI is off,0,0,0
436000,15.8,0,5,0.54,0.21,0,0,53,1,0,19,False,True,0,0,55,41,30,4.01,AI is off,AI is off,AI is off,AI is off,Not paired,AI is off,0,0,0
438000,15.7,0,5,0.53,0.21,0,0,52,1,0,19,False,True,0,0,54,41,29,4.01,AI is off,AI is off,AI is off,AI is off,Not paired,AI is off,0,0,0
440000,15.6,0,5,0.53,0.21,0,0,52,1,0,19,False,True,0,0,54,41,29,4.01,AI is off,AI is off,AI is off,AI is off,Not paired,AI is off,0,0,0
442000,15.5,0,5,0.53,0.21,0,0,54,1,0,19,False,True,0,0,54,40,28,4.01,AI is off,AI is off,AI is off,AI is off,Not paired,AI is off,0,0,0
444000,15.5,0,5,0.53,0.21,0,0,54,1,0,19,False,True,0,0,53,39,28,4.01,AI is off,AI is off,AI is off,AI is off,Not paired,AI is off,0,0,0
446000,15.6,0,5,0.53,0.21,0,0,54,1,0,19,False,True,0,0,54,39,28,4.01,AI is off,AI is off,AI is off,AI is off,Not paired,AI is off,0,0,0
448000,15.6,0,5,0.53,0.21,0,0,54,1,0,19,False,True,0,0,53,39,28,4.01,AI is off,AI is off,AI is off,AI is off,Not paired,AI is off,0,0,0
450000,15.6,0,5,0.53,0.21,0,0,54,1,0,19,False,True,0,0,54,39,28,4.01,AI is off,AI is off,AI is off,AI is off,Not paired,AI is off,0,0,0
452000,15.5,0,5,0.53,0.21,0,0,54,1,0,19,False,True,0,0,53,39,28,4.01,AI is off,AI is off,AI is off,AI is off,Not paired,AI is off,0,0,0
454000,15.6,0,5,0.53,0.21,0,0,53,1,0,19,False,True,0,0,53,40,29,4.01,AI is off,AI is off,AI is off,AI is off,Not paired,AI is off,0,0,0
456000,15.5,0,5,0.53,0.21,0,0,53,1,0,19,False,True,0,0,54,39,28,4.01,AI is off,AI is off,AI is off,AI is off,Not paired,AI is off,0,0,0
458000,15.6,0,5,0.53,0.21,0,0,53,1,0,19,False,True,0,0,52,39,28,4.01,AI is off,AI is off,AI is off,AI is off,Not paired,AI is off,0,0,0
460000,15.5,0,5,0.53,0.21,0,0,53,1,0,19,False,True,0,0,53,39,28,4.01,AI is off,AI is off,AI is off,AI is off,Not paired,AI is off,0,0,0
462000,15.3,0,5,0.53,0.21,0,0,53,1,0,19,False,True,0,0,54,40,31,4.01,AI is off,AI is off,AI is off,AI is off,Not paired,AI is off,0,0,0
464000,15.5,0,5,0.53,0.21,0,0,53,1,0,19,False,True,0,0,53,40,28,4.01,AI is off,AI is off,AI is off,AI is off,Not paired,AI is off,0,0,0
466000,15.7,0,5,0.53,0.21,0,0,53,1,0,19,False,True,0,0,53,39,28,4.01,AI is off,AI is off,AI is off,AI is off,Not paired,AI is off,0,0,0
468000,15.8,0,5,0.54,0.21,0,0,53,1,0,19,False,True,0,0,54,40,29,4.01,AI is off,AI is off,AI is off,AI is off,Not paired,AI is off,0,0,0
470000,15.8,0,5,0.54,0.21,0,0,51,1,0,19,False,True,0,0,53,40,28,4.01,AI is off,AI is off,AI is off,AI is off,Not paired,AI is off,0,0,0
472000,15.8,0,5,0.54,0.21,0,0,51,1,0,19,False,True,0,0,54,40,28,4.01,AI is off,AI is off,AI is off,AI is off,Not paired,AI is off,0,0,0
474000,15.8,0,5,0.54,0.21,0,0,51,1,0,19,False,True,0,0,53,41,29,4.01,AI is off,AI is off,AI is off,AI is off,Not paired,AI is off,0,0,0
476000,15.7,0,5,0.54,0.21,0,0,52,1,0,19,False,True,0,0,54,40,28,4.01,AI is off,AI is off,AI is off,AI is off,Not paired,AI is off,0,0,0
478000,15.6,0,5,0.53,0.21,0,0,52,1,0,19,False,True,0,0,54,41,29,4.01,AI is off,AI is off,AI is off,AI is off,Not paired,AI is off,0,0,0
480000,15.6,0,5,0.53,0.21,0,0,52,1,0,19,False,True,0,0,53,39,28,4.01,AI is off,AI is off,AI is off,AI is off,Not paired,AI is off,0,0,0
482000,15.5,0,5,0.53,0.21,0,0,52,1,0,19,False,True,0,0,54,41,30,4.01,AI is off,AI is off,AI is off,AI is off,Not paired,AI is off,0,0,0
484000,15.3,0,5,0.53,0.21,0,0,52,1,0,19,False,True,0,0,54,41,30,4.01,AI is off,AI is off,AI is off,AI is off,Not paired,AI is off,0,0,0
486000,15.1,0,5,0.52,0.21,0,0,57,1,0,19,False,True,0,0,54,39,28,4.01,AI is off,AI is off,AI is off,AI is off,Not paired,AI is off,0,0,0
488000,15.1,0,5,0.52,0.21,0,0,57,1,0,19,False,True,0,0,55,40,30,4.01,AI is off,AI is off,AI is off,AI is off,Not paired,AI is off,0,0,0
490000,14.6,0,5,0.52,0.21,0,0,57,1,0,19,False,True,0,0,54,40,30,4.01,AI is off,AI is off,AI is off,AI is off,Not paired,AI is off,0,0,0
492000,14.4,0,5,0.51,0.21,0,0,63,1,0,19,False,True,0,0,54,40,29,4.01,AI is off,AI is off,AI is off,AI is off,Not paired,AI is off,0,0,0
494000,14.2,0,5,0.5,0.21,0,0,63,1,0,19,False,True,0,0,54,40,28,4.01,AI is off,AI is off,AI is off,AI is off,Not paired,AI is off,0,0,0
496000,14.2,0,5,0.5,0.21,0,0,63,1,0,19,False,True,0,0,53,39,30,4.01,AI is off,AI is off,AI is off,AI is off,Not paired,AI is off,0,0,0
498000,14.2,0,5,0.51,0.21,0,0,63,1,0,19,False,True,0,0,53,40,29,4.01,AI is off,AI is off,AI is off,AI is off,Not paired,AI is off,0,0,0
500000,14.1,0,5,0.5,0.21,0,0,63,1,0,19,False,True,0,0,54,39,31,4.01,AI is off,AI is off,AI is off,AI is off,Not paired,AI is off,0,0,0
502000,14,0,5,0.5,0.21,0,0,67,1,0,19,False,True,0,0,54,40,31,4.01,AI is off,AI is off,AI is off,AI is off,Not paired,AI is off,0,0,0
504000,14.1,0,5,0.5,0.21,0,0,67,1,0,19,False,True,0,0,53,39,30,4.01,AI is off,AI is off,AI is off,AI is off,Not paired,AI is off,0,0,0
506000,14.3,0,5,0.5,0.21,0,0,67,1,0,19,False,True,0,0,53,40,31,4.01,AI is off,AI is off,AI is off,AI is off,Not paired,AI is off,0,0,0
508000,14.6,0,5,0.51,0.21,0,0,61,1,0,19,False,True,0,0,54,39,30,4.01,AI is off,AI is off,AI is off,AI is off,Not paired,AI is off,0,0,0
510000,14.7,0,5,0.51,0.21,0,0,61,1,0,19,False,True,0,0,54,39,30,4.01,AI is off,AI is off,AI is off,AI is off,Not paired,AI is off,0,0,0
512000,14.9,0,5,0.52,0.21,0,0,61,1,0,19,False,True,0,0,53,40,30,4.01,AI is off,AI is off,AI is off,AI is off,Not paired,AI is off,0,0,0
514000,15.1,0,5,0.52,0.21,0,0,61,1,0,19,False,True,0,0,54,39,31,4.01,AI is off,AI is off,AI is off,AI is off,Not paired,AI is off,0,0,0
516000,15.3,0,5,0.53,0.21,0,0,61,1,0,19,False,True,0,0,54,40,31,4.01,AI is off,AI is off,AI is off,AI is off,Not paired,AI is off,0,0,0
518000,15.5,0,5,0.53,0.21,0,0,53,1,0,19,False,True,0,0,54,40,30,4.01,AI is off,AI is off,AI is off,AI is off,Not paired,AI is off,0,0,0
520000,15.5,0,5,0.53,0.21,0,0,53,1,0,19,False,True,0,0,55,40,29,4.01,AI is off,AI is off,AI is off,AI is off,Not paired,AI is off,0,0,0
522000,15.8,0,5,0.54,0.21,0,0,53,1,0,19,False,True,0,0,54,39,30,4.01,AI is off,AI is off,AI is off,AI is off,Not paired,AI is off,0,0,0
524000,15.9,0,5,0.54,0.21,0,0,50,1,0,19,False,True,0,0,54,40,30,4.01,AI is off,AI is off,AI is off,AI is off,Not paired,AI is off,0,0,0
526000,16.3,0,5,0.54,0.21,0,0,50,1,0,19,False,True,0,0,53,40,29,4.01,AI is off,AI is off,AI is off,AI is off,Not paired,AI is off,0,0,0
528000,16.6,0,5,0.55,0.21,0,0,50,1,0,19,False,True,0,0,53,40,29,4.01,AI is off,AI is off,AI is off,AI is off,Not paired,AI is off,0,0,0
530000,16.5,0,5,0.55,0.21,0,0,50,1,0,19,False,True,0,0,53,38,27,4.01,AI is off,AI is off,AI is off,AI is off,Not paired,AI is off,0,0,0
532000,16.5,0,5,0.55,0.21,0,0,50,1,0,19,False,True,0,0,54,40,29,4.01,AI is off,AI is off,AI is off,AI is off,Not paired,AI is off,0,0,0
534000,16.5,0,5,0.55,0.21,0,0,50,1,0,19,False,True,0,0,52,38,26,4.01,AI is off,AI is off,AI is off,AI is off,Not paired,AI is off,0,0,0
536000,16.6,0,5,0.55,0.21,0,0,45,1,0,19,False,True,0,0,54,40,31,4.01,AI is off,AI is off,AI is off,AI is off,Not paired,AI is off,0,0,0
538000,16.6,0,5,0.55,0.21,0,0,45,1,0,19,False,True,0,0,52,39,28,4.01,AI is off,AI is off,AI is off,AI is off,Not paired,AI is off,0,0,0
540000,16.7,0,5,0.55,0.21,0,0,44,1,0,19,False,True,0,0,53,39,28,4.01,AI is off,AI is off,AI is off,AI is off,Not paired,AI is off,0,0,0
542000,16.7,0,5,0.56,0.21,0,0,44,1,0,19,False,True,0,0,54,40,28,4.01,AI is off,AI is off,AI is off,AI is off,Not paired,AI is off,0,0,0
544000,16.8,0,5,0.56,0.21,0,0,44,1,0,19,False,True,0,0,52,38,28,4.01,AI is off,AI is off,AI is off,AI is off,Not paired,AI is off,0,0,0
546000,16.7,0,5,0.56,0.21,0,0,44,1,0,19,False,True,0,0,52,38,26,4.01,AI is off,AI is off,AI is off,AI is off,Not paired,AI is off,0,0,0
548000,16.7,0,5,0.55,0.21,0,0,44,1,0,19,False,True,0,0,53,38,28,4.01,AI is off,AI is off,AI is off,AI is off,Not paired,AI is off,0,0,0
550000,16.8,0,5,0.56,0.21,0,0,44,1,0,19,False,True,0,0,53,40,31,4.01,AI is off,AI is off,AI is off,AI is off,Not paired,AI is off,0,0,0
552000,16.7,0,5,0.56,0.21,0,0,43,1,0,19,False,True,0,0,54,40,32,4.01,AI is off,AI is off,AI is off,AI is off,Not paired,AI is off,0,0,0
554000,16.6,0,5,0.55,0.21,0,0,43,1,0,19,False,True,0,0,53,39,30,4.01,AI is off,AI is off,AI is off,AI is off,Not paired,AI is off,0,0,0
556000,16.7,0,5,0.56,0.21,0,0,43,1,0,19,False,True,0,0,54,40,30,4.01,AI is off,AI is off,AI is off,AI is off,Not paired,AI is off,0,0,0
558000,16.6,0,5,0.55,0.21,0,0,43,1,0,19,False,True,0,0,53,39,31,4.01,AI is off,AI is off,AI is off,AI is off,Not paired,AI is off,0,0,0
560000,16.5,0,5,0.55,0.21,0,0,43,1,0,19,False,True,0,0,54,40,30,4.01,AI is off,AI is off,AI is off,AI is off,Not paired,AI is off,0,0,0
562000,16.4,0,5,0.55,0.21,0,0,43,1,0,19,False,True,0,0,52,38,28,4.01,AI is off,AI is off,AI is off,AI is off,Not paired,AI is off,0,0,0
564000,16.3,0,5,0.55,0.21,0,0,43,1,0,19,False,True,0,0,54,40,31,4.01,AI is off,AI is off,AI is off,AI is off,Not paired,AI is off,0,0,0
566000,16.3,0,5,0.55,0.21,0,0,43,1,0,19,False,True,0,0,53,39,29,4.01,AI is off,AI is off,AI is off,AI is off,Not paired,AI is off,0,0,0
568000,16.2,0,5,0.55,0.21,0,0,46,1,0,19,False,True,0,0,53,39,28,4.01,AI is off,AI is off,AI is off,AI is off,Not paired,AI is off,0,0,0
570000,16.1,0,5,0.54,0.21,0,0,46,1,0,19,False,True,0,0,54,40,31,4.01,AI is off,AI is off,AI is off,AI is off,Not paired,AI is off,0,0,0
572000,16,0,5,0.54,0.21,0,0,46,1,0,19,False,True,0,0,54,40,30,4.01,AI is off,AI is off,AI is off,AI is off,Not paired,AI is off,0,0,0
574000,15.9,0,5,0.54,0.21,0,0,48,1,0,19,False,True,0,0,54,40,30,4.01,AI is off,AI is off,AI is off,AI is off,Not paired,AI is off,0,0,0
576000,15.9,0,5,0.54,0.21,0,0,48,1,0,19,False,True,0,0,53,40,28,4.01,AI is off,AI is off,AI is off,AI is off,Not paired,AI is off,0,0,0
578000,16,0,5,0.54,0.21,0,0,48,1,0,19,False,True,0,0,53,39,28,4.01,AI is off,AI is off,AI is off,AI is off,Not paired,AI is off,0,0,0
580000,16,0,5,0.54,0.21,0,0,48,1,0,19,False,True,0,0,53,40,29,4.01,AI is off,AI is off,AI is off,AI is off,Not paired,AI is off,0,0,0
582000,16,0,5,0.54,0.21,0,0,48,1,0,19,False,True,0,0,56,41,30,4.01,AI is off,AI is off,AI is off,AI is off,Not paired,AI is off,0,0,0
584000,16.1,0,5,0.54,0.21,0,0,47,1,0,19,False,True,0,0,54,40,29,4.01,AI is off,AI is off,AI is off,AI is off,Not paired,AI is off,0,0,0
586000,16.1,0,5,0.54,0.21,0,0,47,1,0,19,False,True,0,0,55,41,29,4.01,AI is off,AI is off,AI is off,AI is off,Not paired,AI is off,0,0,0
588000,16.2,0,5,0.54,0.21,0,0,47,1,0,19,False,True,0,0,54,40,28,4.01,AI is off,AI is off,AI is off,AI is off,Not paired,AI is off,0,0,0
590000,16.2,0,5,0.55,0.21,0,0,46,1,0,19,False,True,0,0,53,40,29,4.01,AI is off,AI is off,AI is off,AI is off,Not paired,AI is off,0,0,0
592000,16.3,0,5,0.55,0.21,0,0,46,1,0,19,False,True,0,0,53,39,28,4.01,AI is off,AI is off,AI is off,AI is off,Not paired,AI is off,0,0,0
594000,16.4,0,5,0.55,0.21,0,0,46,1,0,19,False,True,0,0,54,40,29,4.01,AI is off,AI is off,AI is off,AI is off,Not paired,AI is off,0,0,0
596000,16.4,0,5,0.55,0.21,0,0,46,1,0,19,False,True,0,0,54,40,28,4.01,AI is off,AI is off,AI is off,AI is off,Not paired,AI is off,0,0,0
598000,16.5,0,5,0.55,0.21,0,0,46,1,0,19,False,True,0,0,53,40,28,4.01,AI is off,AI is off,AI is off,AI is off,Not paired,AI is off,0,0,0
600000,16.6,0,5,0.55,0.21,0,0,43,1,0,19,False,True,0,0,53,39,29,4.01,AI is off,AI is off,AI is off,AI is off,Not paired,AI is off,0,0,0
602000,16.6,0,5,0.55,0.21,0,0,43,1,0,19,False,True,0,0,55,41,29,4.01,AI is off,AI is off,AI is off,AI is off,Not paired,AI is off,0,0,0
604000,16.6,0,5,0.55,0.21,0,0,43,1,0,19,False,True,0,0,54,40,29,4.01,AI is off,AI is off,AI is off,AI is off,Not paired,AI is off,0,0,0
606000,16.7,0,5,0.56,0.21,0,0,42,1,0,19,False,True,0,0,54,40,29,4.01,AI is off,AI is off,AI is off,AI is off,Not paired,AI is off,0,0,0
608000,16.9,0,5,0.56,0.21,0,0,42,1,0,19,False,True,0,0,54,40,30,4.01,AI is off,AI is off,AI is off,AI is off,Not paired,AI is off,0,0,0
610000,16.9,0,5,0.56,0.21,0,0,42,1,0,19,False,True,0,0,54,40,30,4.01,AI is off,AI is off,AI is off,AI is off,Not paired,AI is off,0,0,0
612000,17.2,0,5,0.56,0.21,0,0,42,1,0,19,False,True,0,0,53,40,29,4.01,AI is off,AI is off,AI is off,AI is off,Not paired,AI is off,0,0,0
614000,17.3,0,5,0.57,0.21,0,0,42,1,0,19,False,True,0,0,54,40,30,4.01,AI is off,AI is off,AI is off,AI is off,Not paired,AI is off,0,0,0
616000,17.3,0,5,0.57,0.21,0,0,38,1,0,19,False,True,0,0,54,40,32,4.01,AI is off,AI is off,AI is off,AI is off,Not paired,AI is off,0,0,0
618000,17.5,0,5,0.57,0.21,0,0,38,1,0,19,False,True,0,0,53,39,27,4.01,AI is off,AI is off,AI is off,AI is off,Not paired,AI is off,0,0,0
620000,17.4,0,5,0.57,0.21,0,0,38,1,0,19,False,True,0,0,53,40,29,4.01,AI is off,AI is off,AI is off,AI is off,Not paired,AI is off,0,0,0
622000,17.3,0,5,0.57,0.21,0,0,39,1,0,19,False,True,0,0,53,41,30,4.01,AI is off,AI is off,AI is off,AI is off,Not paired,AI is off,0,0,0
624000,17.2,0,5,0.57,0.21,0,0,39,1,0,19,False,True,0,0,52,38,28,4.01,AI is off,AI is off,AI is off,AI is off,Not paired,AI is off,0,0,0
626000,17.2,0,5,0.57,0.21,0,0,39,1,0,19,False,True,0,0,52,39,28,4.01,AI is off,AI is off,AI is off,AI is off,Not paired,AI is off,0,0,0
628000,17.1,0,5,0.56,0.21,0,0,39,1,0,19,False,True,0,0,54,40,29,4.01,AI is off,AI is off,AI is off,AI is off,Not paired,AI is off,0,0,0
630000,17,0,5,0.56,0.21,0,0,39,1,0,19,False,True,0,0,54,40,31,4.01,AI is off,AI is off,AI is off,AI is off,Not paired,AI is off,0,0,0
632000,17,0,5,0.56,0.21,0,0,39,1,0,19,False,True,0,0,53,40,29,4.01,AI is off,AI is off,AI is off,AI is off,Not paired,AI is off,0,0,0
634000,17,0,5,0.56,0.21,0,0,40,1,0,19,False,True,0,0,54,39,30,4.01,AI is off,AI is off,AI is off,AI is off,Not paired,AI is off,0,0,0
636000,16.8,0,5,0.56,0.21,0,0,40,1,0,19,False,True,0,0,54,40,31,4.01,AI is off,AI is off,AI is off,AI is off,Not paired,AI is off,0,0,0
638000,16.8,0,5,0.56,0.21,0,0,42,1,0,19,False,True,0,0,53,38,29,4.01,AI is off,AI is off,AI is off,AI is off,Not paired,AI is off,0,0,0
640000,16.8,0,5,0.56,0.21,0,0,42,1,0,19,False,True,0,0,53,39,28,4.01,AI is off,AI is off,AI is off,AI is off,Not paired,AI is off,0,0,0
642000,16.7,0,5,0.56,0.21,0,0,42,1,0,19,False,True,0,0,54,41,30,4.01,AI is off,AI is off,AI is off,AI is off,Not paired,AI is off,0,0,0
644000,16.7,0,5,0.56,0.21,0,0,42,1,0,19,False,True,0,0,53,40,28,4.01,AI is off,AI is off,AI is off,AI is off,Not paired,AI is off,0,0,0
646000,16.8,0,5,0.56,0.21,0,0,42,1,0,19,False,True,0,0,54,40,30,4.01,AI is off,AI is off,AI is off,AI is off,Not paired,AI is off,0,0,0
648000,16.4,0,5,0.55,0.21,0,0,42,1,0,19,False,True,0,0,54,40,29,4.01,AI is off,AI is off,AI is off,AI is off,Not paired,AI is off,0,0,0
650000,16.3,0,5,0.55,0.21,0,0,45,1,0,19,False,True,0,0,54,39,31,4.01,AI is off,AI is off,AI is off,AI is off,Not paired,AI is off,0,0,0
652000,16.4,0,5,0.55,0.21,0,0,45,1,0,19,False,True,0,0,52,38,27,4.01,AI is off,AI is off,AI is off,AI is off,Not paired,AI is off,0,0,0
654000,16.6,0,5,0.55,0.21,0,0,45,1,0,19,False,True,0,0,53,39,28,4.01,AI is off,AI is off,AI is off,AI is off,Not paired,AI is off,0,0,0
656000,16.8,0,5,0.56,0.21,0,0,42,1,0,19,False,True,0,0,55,41,31,4.01,AI is off,AI is off,AI is off,AI is off,Not paired,AI is off,0,0,0
658000,17,0,5,0.56,0.21,0,0,42,1,0,19,False,True,0,0,52,38,26,4.01,AI is off,AI is off,AI is off,AI is off,Not paired,AI is off,0,0,0
660000,16.9,0,5,0.56,0.21,0,0,42,1,0,19,False,True,0,0,52,39,27,4.01,AI is off,AI is off,AI is off,AI is off,Not paired,AI is off,0,0,0
662000,16.8,0,5,0.56,0.21,0,0,42,1,0,19,False,True,0,0,53,39,28,4.01,AI is off,AI is off,AI is off,AI is off,Not paired,AI is off,0,0,0
664000,16.8,0,5,0.56,0.21,0,0,42,1,0,19,False,True,0,0,52,38,26,4.01,AI is off,AI is off,AI is off,AI is off,Not paired,AI is off,0,0,0
666000,16.9,0,5,0.56,0.21,0,0,41,1,0,19,False,True,0,0,52,39,27,4.01,AI is off,AI is off,AI is off,AI is off,Not paired,AI is off,0,0,0
668000,16.9,0,5,0.56,0.21,0,0,41,1,0,19,False,True,0,0,53,39,29,4.01,AI is off,AI is off,AI is off,AI is off,Not paired,AI is off,0,0,0
670000,17,0,5,0.56,0.21,0,0,41,1,0,19,False,True,0,0,53,39,30,4.01,AI is off,AI is off,AI is off,AI is off,Not paired,AI is off,0,0,0
672000,17,0,5,0.56,0.21,0,0,40,1,0,19,False,True,0,0,53,40,29,4.01,AI is off,AI is off,AI is off,AI is off,Not paired,AI is off,0,0,0
674000,17,0,5,0.56,0.21,0,0,40,1,0,19,False,True,0,0,53,38,30,4.01,AI is off,AI is off,AI is off,AI is off,Not paired,AI is off,0,0,0
676000,16.9,0,5,0.56,0.21,0,0,40,1,0,19,False,True,0,0,53,39,27,4.01,AI is off,AI is off,AI is off,AI is off,Not paired,AI is off,0,0,0
678000,17,0,5,0.56,0.21,0,0,40,1,0,19,False,True,0,0,53,39,27,4.01,AI is off,AI is off,AI is off,AI is off,Not paired,AI is off,0,0,0
680000,17.1,0,5,0.56,0.21,0,0,40,1,0,19,False,True,0,0,54,40,29,4.01,AI is off,AI is off,AI is off,AI is off,Not paired,AI is off,0,0,0
682000,17.1,0,5,0.56,0.21,0,0,40,1,0,19,False,True,0,0,54,39,31,4.01,AI is off,AI is off,AI is off,AI is off,Not paired,AI is off,0,0,0
684000,17,0,5,0.56,0.21,0,0,40,1,0,19,False,True,0,0,52,38,26,4.01,AI is off,AI is off,AI is off,AI is off,Not paired,AI is off,0,0,0
686000,17.2,0,5,0.57,0.21,0,0,38,1,0,19,False,True,0,0,54,40,28,4.01,AI is off,AI is off,AI is off,AI is off,Not paired,AI is off,0,0,0
688000,17.1,0,5,0.56,0.21,0,0,38,1,0,19,False,True,0,0,52,39,27,4.01,AI is off,AI is off,AI is off,AI is off,Not paired,AI is off,0,0,0
690000,17.4,0,5,0.57,0.21,0,0,38,1,0,19,False,True,0,0,54,40,29,4.01,AI is off,AI is off,AI is off,AI is off,Not paired,AI is off,0,0,0
692000,17.5,0,5,0.57,0.21,0,0,38,1,0,19,False,True,0,0,53,40,30,4.01,AI is off,AI is off,AI is off,AI is off,Not paired,AI is off,0,0,0
694000,17.4,0,5,0.57,0.21,0,0,38,1,0,19,False,True,0,0,53,39,28,4.01,AI is off,AI is off,AI is off,AI is off,Not paired,AI is off,0,0,0
696000,17.2,0,5,0.57,0.21,0,0,38,1,0,19,False,True,0,0,54,39,30,4.01,AI is off,AI is off,AI is off,AI is off,Not paired,AI is off,0,0,0
698000,17,0,5,0.56,0.21,0,0,38,1,0,19,False,True,0,0,52,38,27,4.01,AI is off,AI is off,AI is off,AI is off,Not paired,AI is off,0,0,0
700000,16.8,0,5,0.56,0.21,0,0,38,1,0,19,False,True,0,0,54,40,31,4.01,AI is off,AI is off,AI is off,AI is off,Not paired,AI is off,0,0,0
702000,16.5,0,5,0.55,0.21,0,0,42,1,0,19,False,True,0,0,53,40,29,4.01,AI is off,AI is off,AI is off,AI is off,Not paired,AI is off,0,0,0
704000,16.3,0,5,0.55,0.21,0,0,42,1,0,19,False,True,0,0,54,40,30,4.01,AI is off,AI is off,AI is off,AI is off,Not paired,AI is off,0,0,0
706000,16.2,0,5,0.55,0.21,0,0,42,1,0,19,False,True,0,0,54,41,30,4.01,AI is off,AI is off,AI is off,AI is off,Not paired,AI is off,0,0,0
708000,16.2,0,5,0.55,0.21,0,0,42,1,0,19,False,True,0,0,53,40,29,4.01,AI is off,AI is off,AI is off,AI is off,Not paired,AI is off,0,0,0
710000,16.2,0,5,0.55,0.21,0,0,42,1,0,19,False,True,0,0,54,41,30,4.01,AI is off,AI is off,AI is off,AI is off,Not paired,AI is off,0,0,0
712000,16.3,0,5,0.55,0.21,0,0,42,1,0,19,False,True,0,0,54,40,30,4.01,AI is off,AI is off,AI is off,AI is off,Not paired,AI is off,0,0,0
714000,16.1,0,5,0.54,0.21,0,0,44,1,0,19,False,True,0,0,54,40,30,4.01,AI is off,AI is off,AI is off,AI is off,Not paired,AI is off,0,0,0
716000,16.3,0,5,0.55,0.21,0,0,44,1,0,19,False,True,0,0,54,40,31,4.01,AI is off,AI is off,AI is off,AI is off,Not paired,AI is off,0,0,0
718000,16.2,0,5,0.55,0.21,0,0,44,1,0,19,False,True,0,0,54,39,30,4.01,AI is off,AI is off,AI is off,AI is off,Not paired,AI is off,0,0,0
720000,16.1,0,5,0.54,0.21,0,0,44,1,0,19,False,True,0,0,54,41,31,4.01,AI is off,AI is off,AI is off,AI is off,Not paired,AI is off,0,0,0
722000,16.2,0,5,0.55,0.21,0,0,44,1,0,19,False,True,0,0,54,40,30,4.01,AI is off,AI is off,AI is off,AI is off,Not paired,AI is off,0,0,0
724000,16.1,0,5,0.54,0.21,0,0,44,1,0,19,False,True,0,0,53,41,29,4.01,AI is off,AI is off,AI is off,AI is off,Not paired,AI is off,0,0,0
726000,16.1,0,5,0.54,0.21,0,0,44,1,0,19,False,True,0,0,54,41,29,4.01,AI is off,AI is off,AI is off,AI is off,Not paired,AI is off,0,0,0
728000,16.4,0,5,0.55,0.21,0,0,44,1,0,19,False,True,0,0,54,40,28,4.01,AI is off,AI is off,AI is off,AI is off,Not paired,AI is off,0,0,0
730000,16.2,0,5,0.55,0.21,0,0,43,1,0,19,False,True,0,0,54,40,31,4.01,AI is off,AI is off,AI is off,AI is off,Not paired,AI is off,0,0,0
732000,15.9,0,5,0.54,0.21,0,0,43,1,0,19,False,True,0,0,54,40,30,4.01,AI is off,AI is off,AI is off,AI is off,Not paired,AI is off,0,0,0
734000,15.6,0,5,0.53,0.21,0,0,43,1,0,19,False,True,0,0,54,40,29,4.01,AI is off,AI is off,AI is off,AI is off,Not paired,AI is off,0,0,0
736000,15.6,0,5,0.53,0.21,0,0,48,1,0,19,False,True,0,0,54,40,29,4.01,AI is off,AI is off,AI is off,AI is off,Not paired,AI is off,0,0,0
738000,15.6,0,5,0.53,0.21,0,0,48,1,0,19,False,True,0,0,53,40,30,4.01,AI is off,AI is off,AI is off,AI is off,Not paired,AI is off,0,0,0
740000,15.7,0,5,0.53,0.21,0,0,48,1,0,19,False,True,0,0,54,39,30,4.01,AI is off,AI is off,AI is off,AI is off,Not paired,AI is off,0,0,0
742000,15.8,0,5,0.54,0.21,0,0,48,1,0,19,False,True,0,0,54,39,30,4.01,AI is off,AI is off,AI is off,AI is off,Not paired,AI is off,0,0,0
744000,15.9,0,5,0.54,0.21,0,0,48,1,0,19,False,True,0,0,54,40,31,4.01,AI is off,AI is off,AI is off,AI is off,Not paired,AI is off,0,0,0
746000,15.8,0,5,0.54,0.21,0,0,46,1,0,19,False,True,0,0,54,39,30,4.01,AI is off,AI is off,AI is off,AI is off,Not paired,AI is off,0,0,0
748000,15.6,0,5,0.53,0.21,0,0,46,1,0,19,False,True,0,0,53,39,27,4.01,AI is off,AI is off,AI is off,AI is off,Not paired,AI is off,0,0,0
750000,15.6,0,5,0.53,0.21,0,0,46,1,0,19,False,True,0,0,53,39,28,4.01,AI is off,AI is off,AI is off,AI is off,Not paired,AI is off,0,0,0
752000,15.6,0,5,0.53,0.21,0,0,48,1,0,19,False,True,0,0,54,40,30,4.01,AI is off,AI is off,AI is off,AI is off,Not paired,AI is off,0,0,0
754000,15.4,0,5,0.53,0.21,0,0,48,1,0,19,False,True,0,0,54,40,28,4.01,AI is off,AI is off,AI is off,AI is off,Not paired,AI is off,0,0,0
756000,15.1,0,5,0.53,0.21,0,0,48,1,0,19,False,True,0,0,55,41,29,4.01,AI is off,AI is off,AI is off,AI is off,Not paired,AI is off,0,0,0
758000,15.2,0,5,0.52,0.21,0,0,48,1,0,19,False,True,0,0,53,40,28,4.01,AI is off,AI is off,AI is off,AI is off,Not paired,AI is off,0,0,0
760000,15.2,0,5,0.52,0.21,0,0,48,1,0,19,False,True,0,0,52,38,27,4.01,AI is off,AI is off,AI is off,AI is off,Not paired,AI is off,0,0,0
762000,15.3,0,5,0.53,0.21,0,0,48,1,0,19,False,True,0,0,54,40,29,4.01,AI is off,AI is off,AI is off,AI is off,Not paired,AI is off,0,0,0
764000,15.4,0,5,0.53,0.21,0,0,50,1,0,19,False,True,0,0,53,39,28,4.01,AI is off,AI is off,AI is off,AI is off,Not paired,AI is off,0,0,0
766000,15.2,0,5,0.53,0.21,0,0,50,1,0,19,False,True,0,0,54,41,30,4.01,AI is off,AI is off,AI is off,AI is off,Not paired,AI is off,0,0,0
768000,15,0,5,0.52,0.21,0,0,52,1,0,19,False,True,0,0,53,41,31,4.01,AI is off,AI is off,AI is off,AI is off,Not paired,AI is off,0,0,0
770000,15.2,0,5,0.52,0.21,0,0,52,1,0,19,False,True,0,0,53,39,27,4.01,AI is off,AI is off,AI is off,AI is off,Not paired,AI is off,0,0,0
772000,15.6,0,5,0.53,0.21,0,0,52,1,0,19,False,True,0,0,53,39,30,4.01,AI is off,AI is off,AI is off,AI is off,Not paired,AI is off,0,0,0
774000,15.7,0,5,0.54,0.21,0,0,52,1,0,19,False,True,0,0,52,38,26,4.01,AI is off,AI is off,AI is off,AI is off,Not paired,AI is off,0,0,0
776000,15.7,0,5,0.53,0.21,0,0,52,1,0,19,False,True,0,0,53,39,29,4.01,AI is off,AI is off,AI is off,AI is off,Not paired,AI is off,0,0,0
778000,15.8,0,5,0.54,0.21,0,0,52,1,0,19,False,True,0,0,53,40,29,4.01,AI is off,AI is off,AI is off,AI is off,Not paired,AI is off,0,0,0
780000,15.9,0,5,0.54,0.21,0,0,46,1,0,19,False,True,0,0,53,40,29,4.01,AI is off,AI is off,AI is off,AI is off,Not paired,AI is off,0,0,0
782000,16.1,0,5,0.54,0.21,0,0,46,1,0,19,False,True,0,0,52,39,28,4.01,AI is off,AI is off,AI is off,AI is off,Not paired,AI is off,0,0,0
784000,15.9,0,5,0.54,0.21,0,0,46,1,0,19,False,True,0,0,53,38,28,4.01,AI is off,AI is off,AI is off,AI is off,Not paired,AI is off,0,0,0
786000,15.7,0,5,0.53,0.21,0,0,44,1,0,19,False,True,0,0,54,41,30,4.01,AI is off,AI is off,AI is off,AI is off,Not paired,AI is off,0,0,0
788000,15.9,0,5,0.54,0.21,0,0,44,1,0,19,False,True,0,0,55,41,30,4.01,AI is off,AI is off,AI is off,AI is off,Not paired,AI is off,0,0,0
790000,16,0,5,0.54,0.21,0,0,44,1,0,19,False,True,0,0,53,40,29,4.01,AI is off,AI is off,AI is off,AI is off,Not paired,AI is off,0,0,0
792000,15.8,0,5,0.54,0.21,0,0,44,1,0,19,False,True,0,0,56,42,31,4.01,AI is off,AI is off,AI is off,AI is off,Not paired,AI is off,0,0,0
794000,15.8,0,5,0.54,0.21,0,0,44,1,0,19,False,True,0,0,53,38,28,4.01,AI is off,AI is off,AI is off,AI is off,Not paired,AI is off,0,0,0
796000,15.8,0,5,0.54,0.21,0,0,46,1,0,19,False,True,0,0,52,38,27,4.01,AI is off,AI is off,AI is off,AI is off,Not paired,AI is off,0,0,0
798000,15.8,0,5,0.54,0.21,0,0,46,1,0,19,False,True,0,0,54,40,30,4.01,AI is off,AI is off,AI is off,AI is off,Not paired,AI is off,0,0,0
800000,15.8,0,5,0.54,0.21,0,0,45,1,0,19,False,True,0,0,53,40,29,4.01,AI is off,AI is off,AI is off,AI is off,Not paired,AI is off,0,0,0
802000,15.7,0,5,0.53,0.21,0,0,45,1,0,19,False,True,0,0,52,39,27,4.01,AI is off,AI is off,AI is off,AI is off,Not paired,AI is off,0,0,0
804000,15.7,0,5,0.53,0.21,0,0,45,1,0,19,False,True,0,0,53,38,28,4.01,AI is off,AI is off,AI is off,AI is off,Not paired,AI is off,0,0,0
806000,15.8,0,5,0.54,0.21,0,0,46,1,0,19,False,True,0,0,54,39,29,4.01,AI is off,AI is off,AI is off,AI is off,Not paired,AI is off,0,0,0
808000,15.8,0,5,0.54,0.21,0,0,46,1,0,19,False,True,0,0,52,39,27,4.01,AI is off,AI is off,AI is off,AI is off,Not paired,AI is off,0,0,0
810000,15.6,0,5,0.53,0.21,0,0,46,1,0,19,False,True,0,0,52,38,27,4.01,AI is off,AI is off,AI is off,AI is off,Not paired,AI is off,0,0,0
812000,15.1,0,5,0.53,0.21,0,0,46,1,0,19,False,True,0,0,55,41,30,4.01,AI is off,AI is off,AI is off,AI is off,Not paired,AI is off,0,0,0
814000,15.2,0,5,0.52,0.21,0,0,46,1,0,19,False,True,0,0,54,39,28,4.01,AI is off,AI is off,AI is off,AI is off,Not paired,AI is off,0,0,0
816000,15.3,0,5,0.52,0.21,0,0,50,1,0,19,False,True,0,0,54,40,28,4.01,AI is off,AI is off,AI is off,AI is off,Not paired,AI is off,0,0,0
818000,15.2,0,5,0.52,0.21,0,0,50,1,0,19,False,True,0,0,53,40,28,4.01,AI is off,AI is off,AI is off,AI is off,Not paired,AI is off,0,0,0
820000,15.1,0,5,0.52,0.21,0,0,50,1,0,19,False,True,0,0,53,40,28,4.01,AI is off,AI is off,AI is off,AI is off,Not paired,AI is off,0,0,0
822000,15.1,0,5,0.52,0.21,0,0,51,1,0,19,False,True,0,0,53,40,30,4.01,AI is off,AI is off,AI is off,AI is off,Not paired,AI is off,0,0,0
824000,15.2,0,5,0.52,0.21,0,0,51,1,0,19,False,True,0,0,54,40,28,4.01,AI is off,AI is off,AI is off,AI is off,Not paired,AI is off,0,0,0
826000,15.2,0,5,0.52,0.21,0,0,51,1,0,19,False,True,0,0,53,39,28,4.01,AI is off,AI is off,AI is off,AI is off,Not paired,AI is off,0,0,0
828000,15.1,0,5,0.52,0.21,0,0,51,1,0,19,False,True,0,0,54,40,30,4.01,AI is off,AI is off,AI is off,AI is off,Not paired,AI is off,0,0,0
830000,15.1,0,5,0.52,0.21,0,0,51,1,0,19,False,True,0,0,54,40,30,4.01,AI is off,AI is off,AI is off,AI is off,Not paired,AI is off,0,0,0
832000,15,0,5,0.52,0.21,0,0,51,1,0,19,False,True,0,0,54,41,30,4.01,AI is off,AI is off,AI is off,AI is off,Not paired,AI is off,0,0,0
834000,15,0,5,0.52,0.21,0,0,51,1,0,19,False,True,0,0,55,41,30,4.01,AI is off,AI is off,AI is off,AI is off,Not paired,AI is off,0,0,0
836000,15.1,0,5,0.52,0.21,0,0,51,1,0,19,False,True,0,0,53,41,30,4.01,AI is off,AI is off,AI is off,AI is off,Not paired,AI is off,0,0,0
838000,15.1,0,5,0.52,0.21,0,0,51,1,0,19,False,True,0,0,54,39,28,4.01,AI is off,AI is off,AI is off,AI is off,Not paired,AI is off,0,0,0
840000,15.1,0,5,0.52,0.21,0,0,51,1,0,19,False,True,0,0,53,40,28,4.01,AI is off,AI is off,AI is off,AI is off,Not paired,AI is off,0,0,0
842000,15,0,5,0.52,0.21,0,0,51,1,0,19,False,True,0,0,53,39,27,4.01,AI is off,AI is off,AI is off,AI is off,Not paired,AI is off,0,0,0
844000,15.1,0,5,0.52,0.21,0,0,51,1,0,19,False,True,0,0,53,39,28,4.01,AI is off,AI is off,AI is off,AI is off,Not paired,AI is off,0,0,0
846000,15.1,0,5,0.52,0.21,0,0,51,1,0,19,False,True,0,0,53,39,30,4.01,AI is off,AI is off,AI is off,AI is off,Not paired,AI is off,0,0,0
848000,15.1,0,5,0.52,0.21,0,0,51,1,0,19,False,True,0,0,55,40,30,4.01,AI is off,AI is off,AI is off,AI is off,Not paired,AI is off,0,0,0
850000,15.1,0,5,0.52,0.21,0,0,51,1,0,19,False,True,0,0,54,39,27,4.01,AI is off,AI is off,AI is off,AI is off,Not paired,AI is off,0,0,0
852000,15.1,0,5,0.52,0.21,0,0,51,1,0,19,False,True,0,0,55,42,31,4.01,AI is off,AI is off,AI is off,AI is off,Not paired,AI is off,0,0,0
854000,15.1,0,5,0.52,0.21,0,0,50,1,0,19,False,True,0,0,54,39,28,4.01,AI is off,AI is off,AI is off,AI is off,Not paired,AI is off,0,0,0
856000,15,0,5,0.52,0.21,0,0,50,1,0,19,False,True,0,0,55,42,31,4.01,AI is off,AI is off,AI is off,AI is off,Not paired,AI is off,0,0,0
858000,15.1,0,5,0.52,0.21,0,0,50,1,0,19,False,True,0,0,54,41,30,4.01,AI is off,AI is off,AI is off,AI is off,Not paired,AI is off,0,0,0
860000,15.1,0,5,0.52,0.21,0,0,50,1,0,19,False,True,0,0,53,39,28,4.01,AI is off,AI is off,AI is off,AI is off,Not paired,AI is off,0,0,0
862000,15.1,0,5,0.52,0.21,0,0,50,1,0,19,False,True,0,0,54,39,29,4.01,AI is off,AI is off,AI is off,AI is off,Not paired,AI is off,0,0,0
864000,15.4,0,5,0.53,0.21,0,0,48,1,0,19,False,True,0,0,53,40,28,4.01,AI is off,AI is off,AI is off,AI is off,Not paired,AI is off,0,0,0
866000,15.6,0,5,0.53,0.21,0,0,48,1,0,19,False,True,0,0,53,39,28,4.01,AI is off,AI is off,AI is off,AI is off,Not paired,AI is off,0,0,0
868000,15.7,0,5,0.53,0.21,0,0,48,1,0,19,False,True,0,0,53,40,28,4.01,AI is off,AI is off,AI is off,AI is off,Not paired,AI is off,0,0,0
870000,15.7,0,5,0.53,0.21,0,0,45,1,0,19,False,True,0,0,53,39,29,4.01,AI is off,AI is off,AI is off,AI is off,Not paired,AI is off,0,0,0
872000,15.6,0,5,0.53,0.21,0,0,45,1,0,19,False,True,0,0,52,39,27,4.01,AI is off,AI is off,AI is off,AI is off,Not paired,AI is off,0,0,0
874000,15.6,0,5,0.53,0.21,0,0,45,1,0,19,False,True,0,0,54,39,30,4.01,AI is off,AI is off,AI is off,AI is off,Not paired,AI is off,0,0,0
876000,15.5,0,5,0.53,0.21,0,0,45,1,0,19,False,True,0,0,54,40,29,4.01,AI is off,AI is off,AI is off,AI is off,Not paired,AI is off,0,0,0
878000,15.3,0,5,0.53,0.21,0,0,45,1,0,19,False,True,0,0,54,40,30,4.01,AI is off,AI is off,AI is off,AI is off,Not paired,AI is off,0,0,0
880000,15.3,0,5,0.53,0.21,0,0,48,1,0,19,False,True,0,0,53,40,28,4.01,AI is off,AI is off,AI is off,AI is off,Not paired,AI is off,0,0,0
882000,15,0,5,0.52,0.21,0,0,48,1,0,19,False,True,0,0,53,40,29,4.01,AI is off,AI is off,AI is off,AI is off,Not paired,AI is off,0,0,0
884000,14.8,0,5,0.52,0.21,0,0,48,1,0,19,False,True,0,0,55,42,30,4.01,AI is off,AI is off,AI is off,AI is off,Not paired,AI is off,0,0,0
886000,14.7,0,5,0.51,0.21,0,0,53,1,0,19,False,True,0,0,54,40,29,4.01,AI is off,AI is off,AI is off,AI is off,Not paired,AI is off,0,0,0
888000,14.9,0,5,0.52,0.21,0,0,53,1,0,19,False,True,0,0,53,40,29,4.01,AI is off,AI is off,AI is off,AI is off,Not paired,AI is off,0,0,0
890000,15,0,5,0.52,0.21,0,0,53,1,0,19,False,True,0,0,53,40,29,4.01,AI is off,AI is off,AI is off,AI is off,Not paired,AI is off,0,0,0
892000,14.9,0,5,0.52,0.21,0,0,53,1,0,19,False,True,0,0,52,39,28,4.01,AI is off,AI is off,AI is off,AI is off,Not paired,AI is off,0,0,0
894000,14.8,0,5,0.51,0.21,0,0,53,1,0,19,False,True,0,0,53,38,28,4.01,AI is off,AI is off,AI is off,AI is off,Not paired,AI is off,0,0,0
896000,14.7,0,5,0.52,0.21,0,0,52,1,0,19,False,True,0,0,53,39,28,4.01,AI is off,AI is off,AI is off,AI is off,Not paired,AI is off,0,0,0
898000,14.6,0,5,0.51,0.21,0,0,52,1,0,19,False,True,0,0,52,39,27,4.01,AI is off,AI is off,AI is off,AI is off,Not paired,AI is off,0,0,0
900000,14.5,0,5,0.51,0.21,0,0,52,1,0,19,False,True,0,0,54,40,29,4.01,AI is off,AI is off,AI is off,AI is off,Not paired,AI is off,0,0,0
902000,14.8,0,5,0.51,0.21,0,0,53,1,0,19,False,True,0,0,53,40,29,4.01,AI is off,AI is off,AI is off,AI is off,Not paired,AI is off,0,0,0
904000,14.9,0,5,0.52,0.21,0,0,53,1,0,19,False,True,0,0,52,39,28,4.01,AI is off,AI is off,AI is off,AI is off,Not paired,AI is off,0,0,0
906000,14.9,0,5,0.52,0.21,0,0,53,1,0,19,False,True,0,0,53,40,29,4.01,AI is off,AI is off,AI is off,AI is off,Not paired,AI is off,0,0,0
908000,15,0,5,0.52,0.21,0,0,53,1,0,19,False,True,0,0,52,38,27,4.01,AI is off,AI is off,AI is off,AI is off,Not paired,AI is off,0,0,0
910000,14.9,0,5,0.52,0.21,0,0,53,1,0,19,False,True,0,0,53,38,28,4.01,AI is off,AI is off,AI is off,AI is off,Not paired,AI is off,0,0,0
912000,15,0,5,0.52,0.21,0,0,50,1,0,19,False,True,0,0,52,39,28,4.01,AI is off,AI is off,AI is off,AI is off,Not paired,AI is off,0,0,0
914000,15,0,5,0.52,0.21,0,0,50,1,0,19,False,True,0,0,54,40,29,4.01,AI is off,AI is off,AI is off,AI is off,Not paired,AI is off,0,0,0
916000,15.2,0,5,0.52,0.21,0,0,50,1,0,19,False,True,0,0,53,39,31,4.01,AI is off,AI is off,AI is off,AI is off,Not paired,AI is off,0,0,0
918000,15.3,0,5,0.53,0.21,0,0,48,1,0,19,False,True,0,0,53,39,30,4.01,AI is off,AI is off,AI is off,AI is off,Not paired,AI is off,0,0,0
920000,15.2,0,5,0.52,0.21,0,0,48,1,0,19,False,True,0,0,54,40,28,4.01,AI is off,AI is off,AI is off,AI is off,Not paired,AI is off,0,0,0
922000,15.5,0,5,0.53,0.21,0,0,48,1,0,19,False,True,0,0,53,40,29,4.01,AI is off,AI is off,AI is off,AI is off,Not paired,AI is off,0,0,0
924000,15.7,0,5,0.54,0.21,0,0,48,1,0,19,False,True,0,0,54,40,29,4.01,AI is off,AI is off,AI is off,AI is off,Not paired,AI is off,0,0,0
926000,15.9,0,5,0.54,0.21,0,0,48,1,0,19,False,True,0,0,54,40,29,4.01,AI is off,AI is off,AI is off,AI is off,Not paired,AI is off,0,0,0
928000,16.3,0,5,0.55,0.21,0,0,40,1,0,19,False,True,0,0,53,38,27,4.01,AI is off,AI is off,AI is off,AI is off,Not paired,AI is off,0,0,0
930000,16.4,0,5,0.55,0.21,0,0,40,1,0,19,False,True,0,0,54,39,30,4.01,AI is off,AI is off,AI is off,AI is off,Not paired,AI is off,0,0,0
932000,16.6,0,5,0.55,0.21,0,0,40,1,0,19,False,True,0,0,52,38,26,4.01,AI is off,AI is off,AI is off,AI is off,Not paired,AI is off,0,0,0
934000,16.5,0,5,0.55,0.21,0,0,38,1,0,19,False,True,0,0,53,39,28,4.01,AI is off,AI is off,AI is off,AI is off,Not paired,AI is off,0,0,0
936000,16.4,0,5,0.55,0.21,0,0,38,1,0,19,False,True,0,0,52,38,27,4.01,AI is off,AI is off,AI is off,AI is off,Not paired,AI is off,0,0,0
938000,16.4,0,5,0.55,0.21,0,0,38,1,0,19,False,True,0,0,52,38,27,4.01,AI is off,AI is off,AI is off,AI is off,Not paired,AI is off,0,0,0
940000,16.5,0,5,0.55,0.21,0,0,38,1,0,19,False,True,0,0,54,39,31,4.01,AI is off,AI is off,AI is off,AI is off,Not paired,AI is off,0,0,0
942000,16.5,0,5,0.55,0.21,0,0,38,1,0,19,False,True,0,0,53,39,30,4.01,AI is off,AI is off,AI is off,AI is off,Not paired,AI is off,0,0,0
944000,16.5,0,5,0.55,0.21,0,0,38,1,0,19,False,True,0,0,53,40,31,4.01,AI is off,AI is off,AI is off,AI is off,Not paired,AI is off,0,0,0
946000,16.5,0,5,0.55,0.21,0,0,39,1,0,19,False,True,0,0,52,39,27,4.01,AI is off,AI is off,AI is off,AI is off,Not paired,AI is off,0,0,0
948000,16.5,0,5,0.55,0.21,0,0,39,1,0,19,False,True,0,0,53,40,32,4.01,AI is off,AI is off,AI is off,AI is off,Not paired,AI is off,0,0,0
950000,16.5,0,5,0.55,0.21,0,0,38,1,0,19,False,True,0,0,53,39,31,4.01,AI is off,AI is off,AI is off,AI is off,Not paired,AI is off,0,0,0
952000,16.6,0,5,0.55,0.21,0,0,38,1,0,19,False,True,0,0,53,40,31,4.01,AI is off,AI is off,AI is off,AI is off,Not paired,AI is off,0,0,0
954000,16.6,0,5,0.55,0.21,0,0,38,1,0,19,False,True,0,0,53,40,31,4.01,AI is off,AI is off,AI is off,AI is off,Not paired,AI is off,0,0,0
956000,16.7,0,5,0.55,0.21,0,0,38,1,0,19,False,True,0,0,53,40,32,4.01,AI is off,AI is off,AI is off,AI is off,Not paired,AI is off,0,0,0
958000,16.8,0,5,0.56,0.21,0,0,38,1,0,19,False,True,0,0,53,40,32,4.01,AI is off,AI is off,AI is off,AI is off,Not paired,AI is off,0,0,0
960000,16.9,0,5,0.56,0.21,0,0,38,1,0,19,False,True,0,0,53,39,31,4.01,AI is off,AI is off,AI is off,AI is off,Not paired,AI is off,0,0,0
962000,17.1,0,5,0.56,0.21,0,0,36,1,0,19,False,True,0,0,53,39,30,4.01,AI is off,AI is off,AI is off,AI is off,Not paired,AI is off,0,0,0
964000,17.3,0,5,0.57,0.21,0,0,36,1,0,19,False,True,0,0,53,38,28,4.01,AI is off,AI is off,AI is off,AI is off,Not paired,AI is off,0,0,0
966000,17.5,0,5,0.57,0.21,0,0,36,1,0,19,False,True,0,0,53,40,31,4.01,AI is off,AI is off,AI is off,AI is off,Not paired,AI is off,0,0,0
968000,17.4,0,5,0.57,0.21,0,0,32,1,0,19,False,True,0,0,53,39,29,4.01,AI is off,AI is off,AI is off,AI is off,Not paired,AI is off,0,0,0
970000,17.4,0,5,0.57,0.21,0,0,32,1,0,19,False,True,0,0,56,42,30,4.01,AI is off,AI is off,AI is off,AI is off,Not paired,AI is off,0,0,0
972000,17.4,0,5,0.57,0.21,0,0,32,1,0,19,False,True,0,0,54,40,29,4.01,AI is off,AI is off,AI is off,AI is off,Not paired,AI is off,0,0,0
974000,17.6,0,5,0.57,0.21,0,0,32,1,0,19,False,True,0,0,53,40,29,4.01,AI is off,AI is off,AI is off,AI is off,Not paired,AI is off,0,0,0
976000,17.7,0,5,0.58,0.21,0,0,32,1,0,19,False,True,0,0,54,39,30,4.01,AI is off,AI is off,AI is off,AI is off,Not paired,AI is off,0,0,0
978000,17.7,0,5,0.58,0.21,0,0,31,1,0,19,False,True,0,0,53,40,29,4.01,AI is off,AI is off,AI is off,AI is off,Not paired,AI is off,0,0,0
980000,17.8,0,5,0.58,0.21,0,0,31,1,0,19,False,True,0,0,54,40,29,4.01,AI is off,AI is off,AI is off,AI is off,Not paired,AI is off,0,0,0
982000,17.7,0,5,0.58,0.21,0,0,30,1,0,19,False,True,0,0,53,40,30,4.01,AI is off,AI is off,AI is off,AI is off,Not paired,AI is off,0,0,0
984000,17.8,0,5,0.58,0.21,0,0,30,1,0,19,False,True,0,0,53,40,29,4.01,AI is off,AI is off,AI is off,AI is off,Not paired,AI is off,0,0,0
986000,17.6,0,5,0.58,0.21,0,0,30,1,0,19,False,True,0,0,53,40,28,4.01,AI is off,AI is off,AI is off,AI is off,Not paired,AI is off,0,0,0
988000,17.5,0,5,0.57,0.21,0,0,31,1,0,19,False,True,0,0,53,38,29,4.01,AI is off,AI is off,AI is off,AI is off,Not paired,AI is off,0,0,0
990000,17.7,0,5,0.58,0.21,0,0,31,1,0,19,False,True,0,0,54,39,31,4.01,AI is off,AI is off,AI is off,AI is off,Not paired,AI is off,0,0,0
992000,17.8,0,5,0.58,0.21,0,0,31,1,0,19,False,True,0,0,54,39,31,4.01,AI is off,AI is off,AI is off,AI is off,Not paired,AI is off,0,0,0
994000,17.9,0,5,0.58,0.21,0,0,31,1,0,19,False,True,0,0,54,39,30,4.01,AI is off,AI is off,AI is off,AI is off,Not paired,AI is off,0,0,0
996000,18,0,5,0.58,0.21,0,0,31,1,0,19,False,True,0,0,54,39,31,4.01,AI is off,AI is off,AI is off,AI is off,Not paired,AI is off,0,0,0
998000,18.1,0,5,0.58,0.21,0,0,29,1,0,19,False,True,0,0,53,40,31,4.01,AI is off,AI is off,AI is off,AI is off,Not paired,AI is off,0,0,0
1000000,18.1,0,5,0.59,0.21,0,0,29,1,0,19,False,True,0,0,53,40,30,4.01,AI is off,AI is off,AI is off,AI is off,Not paired,AI is off,0,0,0
1002000,18.2,0,5,0.59,0.21,0,0,29,1,0,19,False,True,0,0,54,40,29,4.01,AI is off,AI is off,AI is off,AI is off,Not paired,AI is off,0,0,0
1004000,18.3,0,5,0.59,0.21,0,0,28,1,0,19,False,True,0,0,52,39,28,4.01,AI is off,AI is off,AI is off,AI is off,Not paired,AI is off,0,0,0
1006000,18.2,0,5,0.59,0.21,0,0,28,1,0,19,False,True,0,0,53,40,28,4.01,AI is off,AI is off,AI is off,AI is off,Not paired,AI is off,0,0,0
1008000,18.1,0,5,0.59,0.21,0,0,28,1,0,19,False,True,0,0,54,40,29,4.01,AI is off,AI is off,AI is off,AI is off,Not paired,AI is off,0,0,0
1010000,18.1,0,5,0.58,0.21,0,0,28,1,0,19,False,True,0,0,53,40,29,4.01,AI is off,AI is off,AI is off,AI is off,Not paired,AI is off,0,0,0
1012000,18,0,5,0.58,0.21,0,0,28,1,0,19,False,True,0,0,54,40,30,4.01,AI is off,AI is off,AI is off,AI is off,Not paired,AI is off,0,0,0
1014000,18,0,5,0.58,0.21,0,0,28,1,0,19,False,True,0,0,54,40,28,4.01,AI is off,AI is off,AI is off,AI is off,Not paired,AI is off,0,0,0
1016000,18.2,0,5,0.59,0.21,0,0,29,1,0,19,False,True,0,0,53,40,29,4.01,AI is off,AI is off,AI is off,AI is off,Not paired,AI is off,0,0,0
1018000,18.3,0,5,0.59,0.21,0,0,29,1,0,19,False,True,0,0,54,40,28,4.01,AI is off,AI is off,AI is off,AI is off,Not paired,AI is off,0,0,0
1020000,18.4,0,5,0.59,0.21,0,0,27,1,0,19,False,True,0,0,53,39,28,4.01,AI is off,AI is off,AI is off,AI is off,Not paired,AI is off,0,0,0
1022000,18.4,0,5,0.59,0.21,0,0,27,1,0,19,False,True,0,0,53,40,29,4.01,AI is off,AI is off,AI is off,AI is off,Not paired,AI is off,0,0,0
1024000,18.4,0,5,0.59,0.21,0,0,27,1,0,19,False,True,0,0,53,40,29,4.01,AI is off,AI is off,AI is off,AI is off,Not paired,AI is off,0,0,0
1026000,18.2,0,5,0.59,0.21,0,0,27,1,0,19,False,True,0,0,54,39,28,4.01,AI is off,AI is off,AI is off,AI is off,Not paired,AI is off,0,0,0
1028000,17.8,0,5,0.58,0.21,0,0,27,1,0,19,False,True,0,0,54,40,29,4.01,AI is off,AI is off,AI is off,AI is off,Not paired,AI is off,0,0,0
1030000,17.6,0,5,0.58,0.21,0,0,27,1,0,19,False,True,0,0,53,39,28,4.01,AI is off,AI is off,AI is off,AI is off,Not paired,AI is off,0,0,0
1032000,17.4,0,5,0.57,0.21,0,0,31,1,0,19,False,True,0,0,53,38,28,4.01,AI is off,AI is off,AI is off,AI is off,Not paired,AI is off,0,0,0
1034000,17.1,0,5,0.57,0.21,0,0,31,1,0,18,False,True,0,0,54,41,29,4.01,AI is off,AI is off,AI is off,AI is off,Not paired,AI is off,0,0,0
1036000,17.1,0,5,0.56,0.21,0,0,33,1,0,18,False,True,0,0,54,40,29,4.01,AI is off,AI is off,AI is off,AI is off,Not paired,AI is off,0,0,0
1038000,17.3,0,5,0.57,0.21,0,0,33,1,0,18,False,True,0,0,54,41,30,4.01,AI is off,AI is off,AI is off,AI is off,Not paired,AI is off,0,0,0
1040000,17.4,0,5,0.57,0.21,0,0,33,1,0,18,False,True,0,0,54,40,29,4.01,AI is off,AI is off,AI is off,AI is off,Not paired,AI is off,0,0,0
1042000,17.3,0,5,0.57,0.21,0,0,33,1,0,18,False,True,0,0,55,41,30,4.01,AI is off,AI is off,AI is off,AI is off,Not paired,AI is off,0,0,0
1044000,17.2,0,5,0.57,0.21,0,0,33,1,0,19,False,True,0,0,54,40,30,4.01,AI is off,AI is off,AI is off,AI is off,Not paired,AI is off,0,0,0
1046000,16.9,0,5,0.56,0.21,0,0,33,1,0,19,False,True,0,0,55,42,30,4.01,AI is off,AI is off,AI is off,AI is off,Not paired,AI is off,0,0,0
1048000,16.8,0,5,0.56,0.21,0,0,35,1,0,19,False,True,0,0,55,41,31,4.01,AI is off,AI is off,AI is off,AI is off,Not paired,AI is off,0,0,0
1050000,16.6,0,5,0.55,0.21,0,0,35,1,0,19,False,True,0,0,54,40,29,4.01,AI is off,AI is off,AI is off,AI is off,Not paired,AI is off,0,0,0
1052000,16.6,0,5,0.55,0.21,0,0,35,1,0,19,False,True,0,0,53,41,30,4.01,AI is off,AI is off,AI is off,AI is off,Not paired,AI is off,0,0,0
1054000,16.6,0,5,0.55,0.21,0,0,36,1,0,19,False,True,0,0,53,39,29,4.01,AI is off,AI is off,AI is off,AI is off,Not paired,AI is off,0,0,0
1056000,16.6,0,5,0.55,0.21,0,0,36,1,0,19,False,True,0,0,53,40,29,4.01,AI is off,AI is off,AI is off,AI is off,Not paired,AI is off,0,0,0
1058000,16.6,0,5,0.55,0.21,0,0,36,1,0,19,False,True,0,0,53,40,31,4.01,AI is off,AI is off,AI is off,AI is off,Not paired,AI is off,0,0,0
1060000,16.6,0,5,0.55,0.21,0,0,36,1,0,19,False,True,0,0,53,40,29,4.01,AI is off,AI is off,AI is off,AI is off,Not paired,AI is off,0,0,0
1062000,16.4,0,5,0.55,0.21,0,0,36,1,0,19,False,True,0,0,52,38,27,4.01,AI is off,AI is off,AI is off,AI is off,Not paired,AI is off,0,0,0
1064000,16.3,0,5,0.55,0.21,0,0,37,1,0,19,False,True,0,0,54,40,31,4.01,AI is off,AI is off,AI is off,AI is off,Not paired,AI is off,0,0,0
1066000,16.2,0,5,0.55,0.21,0,0,37,1,0,19,False,True,0,0,52,39,28,4.01,AI is off,AI is off,AI is off,AI is off,Not paired,AI is off,0,0,0
1068000,16.1,0,5,0.54,0.21,0,0,37,1,0,19,False,True,0,0,54,40,31,4.01,AI is off,AI is off,AI is off,AI is off,Not paired,AI is off,0,0,0
1070000,16,0,5,0.54,0.21,0,0,39,1,0,19,False,True,0,0,54,40,30,4.01,AI is off,AI is off,AI is off,AI is off,Not paired,AI is off,0,0,0
1072000,15.8,0,5,0.54,0.21,0,0,39,1,0,19,False,True,0,0,53,40,30,4.01,AI is off,AI is off,AI is off,AI is off,Not paired,AI is off,0,0,0
1074000,15.7,0,5,0.54,0.21,0,0,39,1,0,19,False,True,0,0,55,40,33,4.01,AI is off,AI is off,AI is off,AI is off,Not paired,AI is off,0,0,0
1076000,15.5,0,5,0.53,0.21,0,0,39,1,0,19,False,True,0,0,54,40,30,4.01,AI is off,AI is off,AI is off,AI is off,Not paired,AI is off,0,0,0
1078000,15.5,0,5,0.53,0.21,0,0,39,1,0,19,False,True,0,0,53,40,30,4.01,AI is off,AI is off,AI is off,AI is off,Not paired,AI is off,0,0,0
1080000,15.4,0,5,0.53,0.21,0,0,43,1,0,19,False,True,0,0,53,40,32,4.01,AI is off,AI is off,AI is off,AI is off,Not paired,AI is off,0,0,0
1082000,15.4,0,5,0.53,0.21,0,0,43,1,0,19,False,True,0,0,54,40,31,4.01,AI is off,AI is off,AI is off,AI is off,Not paired,AI is off,0,0,0
1084000,15.6,0,5,0.53,0.21,0,0,43,1,0,19,False,True,0,0,54,39,31,4.01,AI is off,AI is off,AI is off,AI is off,Not paired,AI is off,0,0,0
1086000,15.6,0,5,0.53,0.21,0,0,42,1,0,19,False,True,0,0,54,40,31,4.01,AI is off,AI is off,AI is off,AI is off,Not paired,AI is off,0,0,0
1088000,15.4,0,5,0.53,0.21,0,0,42,1,0,19,False,True,0,0,54,41,29,4.01,AI is off,AI is off,AI is off,AI is off,Not paired,AI is off,0,0,0
1090000,15.5,0,5,0.53,0.21,0,0,42,1,0,19,False,True,0,0,54,40,30,4.01,AI is off,AI is off,AI is off,AI is off,Not paired,AI is off,0,0,0
1092000,15.5,0,5,0.53,0.21,0,0,42,1,0,19,False,True,0,0,53,40,30,4.01,AI is off,AI is off,AI is off,AI is off,Not paired,AI is off,0,0,0
1094000,15.5,0,5,0.53,0.21,0,0,42,1,0,19,False,True,0,0,54,40,30,4.01,AI is off,AI is off,AI is off,AI is off,Not paired,AI is off,0,0,0
1096000,15.5,0,5,0.53,0.21,0,0,42,1,0,19,False,True,0,0,54,41,30,4.01,AI is off,AI is off,AI is off,AI is off,Not paired,AI is off,0,0,0
1098000,15.4,0,5,0.53,0.21,0,0,43,1,0,19,False,True,0,0,54,39,30,4.01,AI is off,AI is off,AI is off,AI is off,Not paired,AI is off,0,0,0
1100000,15.4,0,5,0.53,0.21,0,0,43,1,0,19,False,True,0,0,53,41,30,4.01,AI is off,AI is off,AI is off,AI is off,Not paired,AI is off,0,0,0
1102000,15.3,0,5,0.53,0.21,0,0,44,1,0,19,False,True,0,0,53,40,30,4.01,AI is off,AI is off,AI is off,AI is off,Not paired,AI is off,0,0,0
1104000,15.3,0,5,0.53,0.21,0,0,44,1,0,19,False,True,0,0,53,40,28,4.01,AI is off,AI is off,AI is off,AI is off,Not paired,AI is off,0,0,0
1106000,15.3,0,5,0.53,0.21,0,0,44,1,0,19,False,True,0,0,53,39,29,4.01,AI is off,AI is off,AI is off,AI is off,Not paired,AI is off,0,0,0
1108000,15.3,0,5,0.53,0.21,0,0,44,1,0,19,False,True,0,0,54,40,31,4.01,AI is off,AI is off,AI is off,AI is off,Not paired,AI is off,0,0,0
1110000,15.2,0,5,0.52,0.21,0,0,44,1,0,19,False,True,0,0,53,40,30,4.01,AI is off,AI is off,AI is off,AI is off,Not paired,AI is off,0,0,0
1112000,15.6,0,5,0.53,0.21,0,0,44,1,0,19,False,True,0,0,53,40,30,4.01,AI is off,AI is off,AI is off,AI is off,Not paired,AI is off,0,0,0
1114000,15.8,0,5,0.54,0.21,0,0,41,1,0,19,False,True,0,0,54,40,32,4.01,AI is off,AI is off,AI is off,AI is off,Not paired,AI is off,0,0,0
1116000,15.9,0,5,0.54,0.21,0,0,41,1,0,19,False,True,0,0,54,40,29,4.01,AI is off,AI is off,AI is off,AI is off,Not paired,AI is off,0,0,0
1118000,15.9,0,5,0.54,0.21,0,0,41,1,0,19,False,True,0,0,53,39,29,4.01,AI is off,AI is off,AI is off,AI is off,Not paired,AI is off,0,0,0
1120000,15.7,0,5,0.54,0.21,0,0,39,1,0,19,False,True,0,0,52,39,27,4.01,AI is off,AI is off,AI is off,AI is off,Not paired,AI is off,0,0,0
1122000,15.4,0,5,0.53,0.21,0,0,39,1,0,19,False,True,0,0,53,40,29,4.01,AI is off,AI is off,AI is off,AI is off,Not paired,AI is off,0,0,0
1124000,15.5,0,5,0.53,0.21,0,0,39,1,0,19,False,True,0,0,53,40,30,4.01,AI is off,AI is off,AI is off,AI is off,Not paired,AI is off,0,0,0
1126000,15.4,0,5,0.53,0.21,0,0,39,1,0,19,False,True,0,0,54,39,30,4.01,AI is off,AI is off,AI is off,AI is off,Not paired,AI is off,0,0,0
1128000,15.1,0,5,0.52,0.21,0,0,39,1,0,19,False,True,0,0,52,38,26,4.01,AI is off,AI is off,AI is off,AI is off,Not paired,AI is off,0,0,0
1130000,14.8,0,5,0.52,0.21,0,0,46,1,0,19,False,True,0,0,54,41,31,4.01,AI is off,AI is off,AI is off,AI is off,Not paired,AI is off,0,0,0
1132000,15.1,0,5,0.52,0.21,0,0,46,1,0,19,False,True,0,0,53,40,30,4.01,AI is off,AI is off,AI is off,AI is off,Not paired,AI is off,0,0,0
1134000,15.2,0,5,0.52,0.21,0,0,46,1,0,19,False,True,0,0,53,40,29,4.01,AI is off,AI is off,AI is off,AI is off,Not paired,AI is off,0,0,0
1136000,15.2,0,5,0.52,0.21,0,0,44,1,0,19,False,True,0,0,54,39,30,4.01,AI is off,AI is off,AI is off,AI is off,Not paired,AI is off,0,0,0
1138000,15.2,0,5,0.52,0.21,0,0,44,1,0,19,False,True,0,0,53,40,32,4.01,AI is off,AI is off,AI is off,AI is off,Not paired,AI is off,0,0,0
1140000,15.1,0,5,0.52,0.21,0,0,44,1,0,19,False,True,0,0,53,40,29,4.01,AI is off,AI is off,AI is off,AI is off,Not paired,AI is off,0,0,0
1142000,15,0,5,0.52,0.21,0,0,44,1,0,19,False,True,0,0,53,39,30,4.01,AI is off,AI is off,AI is off,AI is off,Not paired,AI is off,0,0,0
1144000,15.1,0,5,0.52,0.21,0,0,44,1,0,19,False,True,0,0,53,40,29,4.01,AI is off,AI is off,AI is off,AI is off,Not paired,AI is off,0,0,0
1146000,15.2,0,5,0.52,0.21,0,0,44,1,0,19,False,True,0,0,54,40,32,4.01,AI is off,AI is off,AI is off,AI is off,Not paired,AI is off,0,0,0
1148000,15.1,0,5,0.52,0.21,0,0,44,1,0,19,False,True,0,0,53,39,30,4.01,AI is off,AI is off,AI is off,AI is off,Not paired,AI is off,0,0,0
1150000,15.1,0,5,0.52,0.21,0,0,44,1,0,19,False,True,0,0,54,40,29,4.01,AI is off,AI is off,AI is off,AI is off,Not paired,AI is off,0,0,0
1152000,15.2,0,5,0.52,0.21,0,0,44,1,0,19,False,True,0,0,53,40,30,4.01,AI is off,AI is off,AI is off,AI is off,Not paired,AI is off,0,0,0
1154000,15.3,0,5,0.53,0.21,0,0,44,1,0,19,False,True,0,0,54,40,31,4.01,AI is off,AI is off,AI is off,AI is off,Not paired,AI is off,0,0,0
1156000,15.4,0,5,0.53,0.21,0,0,44,1,0,19,False,True,0,0,54,39,30,4.01,AI is off,AI is off,AI is off,AI is off,Not paired,AI is off,0,0,0
1158000,15.4,0,5,0.53,0.21,0,0,44,1,0,19,False,True,0,0,53,40,32,4.01,AI is off,AI is off,AI is off,AI is off,Not paired,AI is off,0,0,0
1160000,15.5,0,5,0.53,0.21,0,0,44,1,0,19,False,True,0,0,52,39,28,4.01,AI is off,AI is off,AI is off,AI is off,Not paired,AI is off,0,0,0
1162000,15.6,0,5,0.53,0.21,0,0,44,1,0,19,False,True,0,0,53,40,32,4.01,AI is off,AI is off,AI is off,AI is off,Not paired,AI is off,0,0,0
1164000,15.8,0,5,0.54,0.21,0,0,41,1,0,19,False,True,0,0,53,40,31,4.01,AI is off,AI is off,AI is off,AI is off,Not paired,AI is off,0,0,0
1166000,15.9,0,5,0.54,0.21,0,0,41,1,0,19,False,True,0,0,54,40,30,4.01,AI is off,AI is off,AI is off,AI is off,Not paired,AI is off,0,0,0
1168000,16.1,0,5,0.54,0.21,0,0,37,1,0,19,False,True,0,0,53,40,30,4.01,AI is off,AI is off,AI is off,AI is off,Not paired,AI is off,0,0,0
1170000,16.2,0,5,0.55,0.21,0,0,37,1,0,19,False,True,0,0,54,40,31,4.01,AI is off,AI is off,AI is off,AI is off,Not paired,AI is off,0,0,0
1172000,16.2,0,5,0.55,0.21,0,0,37,1,0,19,False,True,0,0,54,40,30,4.01,AI is off,AI is off,AI is off,AI is off,Not paired,AI is off,0,0,0
1174000,16.1,0,5,0.54,0.21,0,0,37,1,0,19,False,True,0,0,53,39,28,4.01,AI is off,AI is off,AI is off,AI is off,Not paired,AI is off,0,0,0
1176000,16.2,0,5,0.55,0.21,0,0,37,1,0,19,False,True,0,0,54,40,29,4.01,AI is off,AI is off,AI is off,AI is off,Not paired,AI is off,0,0,0
1178000,16.3,0,5,0.55,0.21,0,0,37,1,0,19,False,True,0,0,53,40,31,4.01,AI is off,AI is off,AI is off,AI is off,Not paired,AI is off,0,0,0
1180000,16.3,0,5,0.55,0.21,0,0,36,1,0,19,False,True,0,0,53,40,30,4.01,AI is off,AI is off,AI is off,AI is off,Not paired,AI is off,0,0,0
1182000,16.1,0,5,0.55,0.21,0,0,36,1,0,19,False,True,0,0,53,40,30,4.01,AI is off,AI is off,AI is off,AI is off,Not paired,AI is off,0,0,0
1184000,16,0,5,0.54,0.21,0,0,36,1,0,19,False,True,0,0,54,40,31,4.01,AI is off,AI is off,AI is off,AI is off,Not paired,AI is off,0,0,0
1186000,15.9,0,5,0.54,0.21,0,0,38,1,0,19,False,True,0,0,54,40,32,4.01,AI is off,AI is off,AI is off,AI is off,Not paired,AI is off,0,0,0
1188000,16.1,0,5,0.54,0.21,0,0,38,1,0,19,False,True,0,0,54,40,31,4.01,AI is off,AI is off,AI is off,AI is off,Not paired,AI is off,0,0,0
1190000,16.1,0,5,0.54,0.21,0,0,38,1,0,19,False,True,0,0,54,40,30,4.01,AI is off,AI is off,AI is off,AI is off,Not paired,AI is off,0,0,0
1192000,16,0,5,0.54,0.21,0,0,38,1,0,19,False,True,0,0,53,39,28,4.01,AI is off,AI is off,AI is off,AI is off,Not paired,AI is off,0,0,0
1194000,15.8,0,5,0.54,0.21,0,0,38,1,0,19,False,True,0,0,53,40,30,4.01,AI is off,AI is off,AI is off,AI is off,Not paired,AI is off,0,0,0
1196000,15.7,0,5,0.53,0.21,0,0,39,1,0,19,False,True,0,0,53,40,31,4.01,AI is off,AI is off,AI is off,AI is off,Not paired,AI is off,0,0,0
1198000,15.7,0,5,0.54,0.21,0,0,39,1,0,19,False,True,0,0,54,40,31,4.01,AI is off,AI is off,AI is off,AI is off,Not paired,AI is off,0,0,0
1200000,15.8,0,5,0.54,0.21,0,0,39,1,0,19,False,True,0,0,54,40,30,4.01,AI is off,AI is off,AI is off,AI is off,Not paired,AI is off,0,0,0
1202000,15.8,0,5,0.54,0.21,0,0,39,1,0,19,False,True,0,0,54,40,31,4.01,AI is off,AI is off,AI is off,AI is off,Not paired,AI is off,0,0,0
1204000,15.9,0,5,0.54,0.21,0,0,39,1,0,19,False,True,0,0,54,39,31,4.01,AI is off,AI is off,AI is off,AI is off,Not paired,AI is off,0,0,0
1206000,15.9,0,5,0.54,0.21,0,0,39,1,0,19,False,True,0,0,53,39,28,4.01,AI is off,AI is off,AI is off,AI is off,Not paired,AI is off,0,0,0
1208000,16.1,0,5,0.54,0.21,0,0,39,1,0,19,False,True,0,0,53,40,28,4.01,AI is off,AI is off,AI is off,AI is off,Not paired,AI is off,0,0,0
1210000,16.1,0,5,0.54,0.21,0,0,39,1,0,19,False,True,0,0,53,40,30,4.01,AI is off,AI is off,AI is off,AI is off,Not paired,AI is off,0,0,0
1212000,16.2,0,5,0.55,0.21,0,0,35,1,0,19,False,True,0,0,54,39,28,4,AI is off,AI is off,AI is off,AI is off,Not paired,AI is off,0,0,0
1214000,16.4,0,5,0.55,0.21,0,0,35,1,0,19,False,True,0,0,54,40,30,4,AI is off,AI is off,AI is off,AI is off,Not paired,AI is off,0,0,0
1216000,16.6,0,5,0.55,0.21,0,0,35,1,0,19,False,True,0,0,53,40,29,4,AI is off,AI is off,AI is off,AI is off,Not paired,AI is off,0,0,0
1218000,16.5,0,5,0.55,0.21,0,0,34,1,0,19,False,True,0,0,53,40,29,4.01,AI is off,AI is off,AI is off,AI is off,Not paired,AI is off,0,0,0
1220000,16.8,0,5,0.56,0.21,0,0,34,1,0,19,False,True,0,0,54,39,28,4,AI is off,AI is off,AI is off,AI is off,Not paired,AI is off,0,0,0
1222000,16.9,0,5,0.56,0.21,0,0,34,1,0,19,False,True,0,0,53,40,30,4.01,AI is off,AI is off,AI is off,AI is off,Not paired,AI is off,0,0,0
1224000,17.1,0,5,0.56,0.21,0,0,34,1,0,19,False,True,0,0,54,39,29,4,AI is off,AI is off,AI is off,AI is off,Not paired,AI is off,0,0,0
1226000,17.4,0,5,0.57,0.21,0,0,34,1,0,19,False,True,0,0,53,40,32,4,AI is off,AI is off,AI is off,AI is off,Not paired,AI is off,0,0,0
1228000,17.5,0,5,0.57,0.21,0,0,34,1,0,19,False,True,0,0,54,39,31,4.01,AI is off,AI is off,AI is off,AI is off,Not paired,AI is off,0,0,0
1230000,17.5,0,5,0.57,0.21,0,0,28,1,0,19,False,True,0,0,53,39,28,4,AI is off,AI is off,AI is off,AI is off,Not paired,AI is off,0,0,0
1232000,17.6,0,5,0.58,0.21,0,0,28,1,0,19,False,True,0,0,54,40,32,4,AI is off,AI is off,AI is off,AI is off,Not paired,AI is off,0,0,0
1234000,17.7,0,5,0.58,0.21,0,0,27,1,0,19,False,True,0,0,54,40,30,4,AI is off,AI is off,AI is off,AI is off,Not paired,AI is off,0,0,0
1236000,17.8,0,5,0.58,0.21,0,0,27,1,0,19,False,True,0,0,53,40,31,4,AI is off,AI is off,AI is off,AI is off,Not paired,AI is off,0,0,0
1238000,17.8,0,5,0.58,0.21,0,0,27,1,0,19,False,True,0,0,53,39,31,4,AI is off,AI is off,AI is off,AI is off,Not paired,AI is off,0,0,0
1240000,18,0,5,0.58,0.21,0,0,27,1,0,19,False,True,0,0,55,40,31,4,AI is off,AI is off,AI is off,AI is off,Not paired,AI is off,0,0,0
1242000,18.1,0,5,0.58,0.21,0,0,27,1,0,19,False,True,0,0,53,40,29,4,AI is off,AI is off,AI is off,AI is off,Not paired,AI is off,0,0,0
1244000,18.2,0,5,0.59,0.21,0,0,27,1,0,19,False,True,0,0,53,40,30,4.01,AI is off,AI is off,AI is off,AI is off,Not paired,AI is off,0,0,0
1246000,18.2,0,5,0.59,0.21,0,0,25,1,0,19,False,True,0,0,53,40,30,4.01,AI is off,AI is off,AI is off,AI is off,Not paired,AI is off,0,0,0
1248000,18.2,0,5,0.59,0.21,0,0,25,1,0,19,False,True,0,0,53,40,30,4.01,AI is off,AI is off,AI is off,AI is off,Not paired,AI is off,0,0,0
1250000,18.2,0,5,0.59,0.21,0,0,25,1,0,19,False,True,0,0,53,40,29,4.01,AI is off,AI is off,AI is off,AI is off,Not paired,AI is off,0,0,0
1252000,18.2,0,5,0.59,0.21,0,0,25,1,0,19,False,True,0,0,53,38,28,4.01,AI is off,AI is off,AI is off,AI is off,Not paired,AI is off,0,0,0
1254000,18.5,0,5,0.59,0.21,0,0,25,1,0,19,False,True,0,0,53,40,31,4.01,AI is off,AI is off,AI is off,AI is off,Not paired,AI is off,0,0,0
1256000,18.6,0,5,0.59,0.21,0,0,25,1,0,19,False,True,0,0,54,39,30,4.01,AI is off,AI is off,AI is off,AI is off,Not paired,AI is off,0,0,0
1258000,18.5,0,5,0.59,0.21,0,0,25,1,0,19,False,True,0,0,54,40,32,4.01,AI is off,AI is off,AI is off,AI is off,Not paired,AI is off,0,0,0
1260000,18.3,0,5,0.59,0.21,0,0,25,1,0,19,False,True,0,0,53,40,30,4.01,AI is off,AI is off,AI is off,AI is off,Not paired,AI is off,0,0,0
1262000,18.3,0,5,0.59,0.21,0,0,24,1,0,19,False,True,0,0,52,40,28,4.01,AI is off,AI is off,AI is off,AI is off,Not paired,AI is off,0,0,0
1264000,18.1,0,5,0.59,0.21,0,0,24,1,0,19,False,True,0,0,53,40,29,4.01,AI is off,AI is off,AI is off,AI is off,Not paired,AI is off,0,0,0
1266000,18.1,0,5,0.59,0.21,0,0,24,1,0,19,False,True,0,0,54,39,27,4,AI is off,AI is off,AI is off,AI is off,Not paired,AI is off,0,0,0
1268000,18.1,0,5,0.59,0.21,0,0,25,1,0,19,False,True,0,0,52,39,27,4,AI is off,AI is off,AI is off,AI is off,Not paired,AI is off,0,0,0
1270000,18.1,0,5,0.59,0.21,0,0,25,1,0,19,False,True,0,0,54,39,31,4,AI is off,AI is off,AI is off,AI is off,Not paired,AI is off,0,0,0
1272000,18.2,0,5,0.59,0.21,0,0,25,1,0,19,False,True,0,0,53,39,29,4,AI is off,AI is off,AI is off,AI is off,Not paired,AI is off,0,0,0
1274000,18.2,0,5,0.59,0.21,0,0,25,1,0,19,False,True,0,0,53,39,28,4,AI is off,AI is off,AI is off,AI is off,Not paired,AI is off,0,0,0
1276000,18.1,0,5,0.59,0.21,0,0,25,1,0,19,False,True,0,0,53,40,29,4,AI is off,AI is off,AI is off,AI is off,Not paired,AI is off,0,0,0
1278000,18,0,5,0.58,0.21,0,0,25,1,0,19,False,True,0,0,54,40,30,4,AI is off,AI is off,AI is off,AI is off,Not paired,AI is off,0,0,0
1280000,17.8,0,5,0.58,0.21,0,0,25,1,0,19,False,True,0,0,53,40,28,4,AI is off,AI is off,AI is off,AI is off,Not paired,AI is off,0,0,0
1282000,17.7,0,5,0.58,0.21,0,0,25,1,0,19,False,True,0,0,53,40,28,4,AI is off,AI is off,AI is off,AI is off,Not paired,AI is off,0,0,0
1284000,17.7,0,5,0.58,0.21,0,0,26,1,0,19,False,True,0,0,53,40,29,4,AI is off,AI is off,AI is off,AI is off,Not paired,AI is off,0,0,0
1286000,17.7,0,5,0.58,0.21,0,0,26,1,0,19,False,True,0,0,53,40,31,4,AI is off,AI is off,AI is off,AI is off,Not paired,AI is off,0,0,0
1288000,17.5,0,5,0.57,0.21,0,0,26,1,0,19,False,True,0,0,54,40,31,4,AI is off,AI is off,AI is off,AI is off,Not paired,AI is off,0,0,0
1290000,17.3,0,5,0.57,0.21,0,0,26,1,0,19,False,True,0,0,52,39,29,4,AI is off,AI is off,AI is off,AI is off,Not paired,AI is off,0,0,0
1292000,17.2,0,5,0.57,0.21,0,0,26,1,0,19,False,True,0,0,53,39,28,4,AI is off,AI is off,AI is off,AI is off,Not paired,AI is off,0,0,0
1294000,17,0,5,0.56,0.21,0,0,26,1,0,19,False,True,0,0,54,40,30,4,AI is off,AI is off,AI is off,AI is off,Not paired,AI is off,0,0,0
1296000,17,0,5,0.56,0.21,0,0,30,1,0,19,False,True,0,0,53,39,28,4,AI is off,AI is off,AI is off,AI is off,Not paired,AI is off,0,0,0
1298000,17.4,0,5,0.57,0.21,0,0,30,1,0,19,False,True,0,0,53,41,30,4,AI is off,AI is off,AI is off,AI is off,Not paired,AI is off,0,0,0
1300000,17.4,0,5,0.57,0.21,0,0,27,1,0,19,False,True,0,0,54,40,31,4,AI is off,AI is off,AI is off,AI is off,Not paired,AI is off,0,0,0
1302000,17.1,0,5,0.57,0.21,0,0,27,1,0,19,False,True,0,0,55,41,30,4,AI is off,AI is off,AI is off,AI is off,Not paired,AI is off,0,0,0
1304000,17.3,0,5,0.57,0.21,0,0,27,1,0,19,False,True,0,0,53,40,28,4,AI is off,AI is off,AI is off,AI is off,Not paired,AI is off,0,0,0
1306000,17.3,0,5,0.57,0.21,0,0,27,1,0,19,False,True,0,0,54,41,30,4,AI is off,AI is off,AI is off,AI is off,Not paired,AI is off,0,0,0
1308000,17.2,0,5,0.57,0.21,0,0,27,1,0,19,False,True,0,0,53,39,27,4,AI is off,AI is off,AI is off,AI is off,Not paired,AI is off,0,0,0
1310000,17.2,0,5,0.57,0.21,0,0,27,1,0,19,False,True,0,0,54,40,32,4,AI is off,AI is off,AI is off,AI is off,Not paired,AI is off,0,0,0
1312000,17.1,0,5,0.56,0.21,0,0,29,1,0,19,False,True,0,0,53,40,29,4,AI is off,AI is off,AI is off,AI is off,Not paired,AI is off,0,0,0
1314000,16.8,0,5,0.56,0.21,0,0,29,1,0,19,False,True,0,0,55,42,31,4,AI is off,AI is off,AI is off,AI is off,Not paired,AI is off,0,0,0
1316000,16.8,0,5,0.56,0.21,0,0,29,1,0,19,False,True,0,0,53,39,28,4,AI is off,AI is off,AI is off,AI is off,Not paired,AI is off,0,0,0
1318000,16.8,0,5,0.56,0.21,0,0,31,1,0,19,False,True,0,0,53,40,30,4,AI is off,AI is off,AI is off,AI is off,Not paired,AI is off,0,0,0
1320000,16.8,0,5,0.56,0.21,0,0,31,1,0,19,False,True,0,0,53,40,30,4,AI is off,AI is off,AI is off,AI is off,Not paired,AI is off,0,0,0
1322000,16.7,0,5,0.56,0.21,0,0,31,1,0,19,False,True,0,0,53,40,29,4,AI is off,AI is off,AI is off,AI is off,Not paired,AI is off,0,0,0
1324000,16.5,0,5,0.55,0.21,0,0,31,1,0,19,False,True,0,0,54,40,31,4,AI is off,AI is off,AI is off,AI is off,Not paired,AI is off,0,0,0
1326000,16.3,0,5,0.55,0.21,0,0,31,1,0,19,False,True,0,0,53,40,29,4,AI is off,AI is off,AI is off,AI is off,Not paired,AI is off,0,0,0
1328000,16.1,0,5,0.54,0.21,0,0,34,1,0,19,False,True,0,0,53,40,29,4,AI is off,AI is off,AI is off,AI is off,Not paired,AI is off,0,0,0
1330000,15.4,0,5,0.53,0.21,0,0,34,1,0,19,False,True,0,0,55,41,30,4,AI is off,AI is off,AI is off,AI is off,Not paired,AI is off,0,0,0
1332000,15.6,0,5,0.53,0.21,0,0,34,1,0,19,False,True,0,0,54,40,32,4,AI is off,AI is off,AI is off,AI is off,Not paired,AI is off,0,0,0
1334000,15.4,0,5,0.53,0.21,0,0,37,1,0,19,False,True,0,0,55,41,30,4,AI is off,AI is off,AI is off,AI is off,Not paired,AI is off,0,0,0
1336000,15.2,0,5,0.52,0.21,0,0,37,1,0,19,False,True,0,0,55,42,31,4,AI is off,AI is off,AI is off,AI is off,Not paired,AI is off,0,0,0
1338000,15.1,0,5,0.52,0.21,0,0,37,1,0,19,False,True,0,0,54,40,29,4,AI is off,AI is off,AI is off,AI is off,Not paired,AI is off,0,0,0
1340000,14.7,0,5,0.52,0.21,0,0,37,1,0,19,False,True,0,0,54,39,30,4,AI is off,AI is off,AI is off,AI is off,Not paired,AI is off,0,0,0
1342000,14.4,0,5,0.51,0.21,0,0,37,1,0,19,False,True,0,0,54,39,28,4,AI is off,AI is off,AI is off,AI is off,Not paired,AI is off,0,0,0
1344000,14.4,0,5,0.51,0.21,0,0,46,1,0,19,False,True,0,0,54,40,29,4,AI is off,AI is off,AI is off,AI is off,Not paired,AI is off,0,0,0
1346000,14.4,0,5,0.51,0.21,0,0,46,1,0,19,False,True,0,0,57,43,33,4,AI is off,AI is off,AI is off,AI is off,Not paired,AI is off,0,0,0
1348000,14.3,0,5,0.51,0.21,0,0,46,1,0,19,False,True,0,0,55,41,31,4,AI is off,AI is off,AI is off,AI is off,Not paired,AI is off,0,0,0
1350000,14.2,0,5,0.5,0.21,0,0,48,1,0,19,False,True,0,0,55,42,31,4,AI is off,AI is off,AI is off,AI is off,Not paired,AI is off,0,0,0
1352000,14,0,5,0.5,0.21,0,0,48,1,0,19,False,True,0,0,55,41,30,4,AI is off,AI is off,AI is off,AI is off,Not paired,AI is off,0,0,0
1354000,13.8,0,5,0.49,0.21,0,0,48,1,0,19,False,True,0,0,56,43,33,4.01,AI is off,AI is off,AI is off,AI is off,Not paired,AI is off,0,0,0
1356000,13.7,0,5,0.49,0.21,0,0,48,1,0,19,False,True,0,0,57,43,32,4.01,AI is off,AI is off,AI is off,AI is off,Not paired,AI is off,0,0,0
1358000,13.4,0,5,0.49,0.21,0,0,48,1,0,19,False,True,0,0,55,41,31,4,AI is off,AI is off,AI is off,AI is off,Not paired,AI is off,0,0,0
1360000,13.2,0,5,0.48,0.21,0,0,48,1,0,19,False,True,0,0,58,45,35,4,AI is off,AI is off,AI is off,AI is off,Not paired,AI is off,0,0,0
1362000,13,0,5,0.48,0.21,0,0,58,1,0,19,False,True,0,0,54,40,29,4,AI is off,AI is off,AI is off,AI is off,Not paired,AI is off,0,0,0
1364000,13.1,0,5,0.48,0.21,0,0,58,1,0,19,False,True,0,0,53,39,28,4,AI is off,AI is off,AI is off,AI is off,Not paired,AI is off,0,0,0
1366000,12.8,0,5,0.48,0.21,0,0,63,1,0,19,False,True,0,0,58,44,33,4,AI is off,AI is off,AI is off,AI is off,Not paired,AI is off,0,0,0
1368000,12.7,0,5,0.47,0.21,0,0,63,1,0,19,False,True,0,0,59,45,35,4,AI is off,AI is off,AI is off,AI is off,Not paired,AI is off,0,0,0
1370000,12.7,0,5,0.47,0.21,0,0,63,1,0,19,False,True,0,0,54,41,30,4,AI is off,AI is off,AI is off,AI is off,Not paired,AI is off,0,0,0
1372000,12.4,0,5,0.47,0.21,0,0,63,1,0,19,False,True,0,0,54,41,31,4,AI is off,AI is off,AI is off,AI is off,Not paired,AI is off,0,0,0
1374000,12.2,0,5,0.46,0.21,0,0,63,1,0,19,False,True,0,0,55,40,29,4,AI is off,AI is off,AI is off,AI is off,Not paired,AI is off,0,0,0
1376000,11.9,0,5,0.46,0.21,0,0,63,1,0,19,False,True,0,0,54,40,30,4,AI is off,AI is off,AI is off,AI is off,Not paired,AI is off,0,0,0
1378000,11.6,0,5,0.45,0.21,0,0,88,1,0,19,False,True,0,0,57,43,33,4,AI is off,AI is off,AI is off,AI is off,Not paired,AI is off,0,0,0
1380000,11.2,0,5,0.44,0.21,0,0,88,1,0,19,False,True,0,0,54,41,30,4,AI is off,AI is off,AI is off,AI is off,Not paired,AI is off,0,0,0
1382000,11,0,5,0.44,0.21,0,0,88,1,0,19,False,True,0,0,57,44,33,4,AI is off,AI is off,AI is off,AI is off,Not paired,AI is off,0,0,0
1384000,10.6,0,5,0.43,0.21,0,0,99,1,0,19,False,True,0,0,57,44,34,4,AI is off,AI is off,AI is off,AI is off,Not paired,AI is off,0,0,0
1386000,10.1,0,5,0.42,0.21,0,0,99,1,0,19,False,True,0,0,57,43,32,4,AI is off,AI is off,AI is off,AI is off,Not paired,AI is off,0,0,0
1388000,9.7,0,5,0.41,0.21,0,0,99,1,0,19,False,True,0,0,58,44,34,4,AI is off,AI is off,AI is off,AI is off,Not paired,AI is off,0,0,0
1390000,9.2,0,5,0.4,0.21,0,0,99,1,0,19,False,True,0,0,57,44,33,4,AI is off,AI is off,AI is off,AI is off,Not paired,AI is off,0,0,0
1392000,8.7,0,5,0.39,0.21,0,0,99,1,0,19,False,True,0,0,59,44,34,4,AI is off,AI is off,AI is off,AI is off,Not paired,AI is off,0,0,0
1394000,8.1,0,4,0.38,0.21,0,0,99,1,0,19,False,True,0,0,54,40,30,4,AI is off,AI is off,AI is off,AI is off,Not paired,AI is off,0,0,0
1396000,8.1,0,4,0.38,0.21,0,0,99,1,0,19,False,True,0,0,53,40,30,4,AI is off,AI is off,AI is off,AI is off,Not paired,AI is off,0,0,0
1398000,7.7,0,4,0.37,0.21,0,0,99,1,0,19,False,True,0,0,56,43,33,4,AI is off,AI is off,AI is off,AI is off,Not paired,AI is off,0,0,0
1400000,7.2,0,4,0.36,0.21,0,0,99,1,0,19,False,True,0,0,55,41,32,4,AI is off,AI is off,AI is off,AI is off,Not paired,AI is off,0,0,0
1402000,6.8,0,4,0.35,0.21,0,0,99,1,0,19,False,True,0,0,55,42,31,4,AI is off,AI is off,AI is off,AI is off,Not paired,AI is off,0,0,0
1404000,6.4,0,4,0.34,0.21,0,0,99,1,0,19,False,True,0,0,54,41,30,4,AI is off,AI is off,AI is off,AI is off,Not paired,AI is off,0,0,0
1406000,6.2,0,4,0.33,0.21,0,0,99,1,0,19,False,True,0,0,57,43,34,4,AI is off,AI is off,AI is off,AI is off,Not paired,AI is off,0,0,0
1408000,6.3,0,4,0.34,0.21,0,0,99,1,0,19,False,True,0,0,53,40,30,4,AI is off,AI is off,AI is off,AI is off,Not paired,AI is off,0,0,0
1410000,6.6,0,4,0.34,0.21,0,0,99,1,0,19,False,True,0,0,54,40,28,4,AI is off,AI is off,AI is off,AI is off,Not paired,AI is off,0,0,0
1412000,6.4,0,4,0.34,0.21,0,0,99,1,0,20,False,True,0,0,57,44,34,4,AI is off,AI is off,AI is off,AI is off,Not paired,AI is off,0,0,0
1414000,6.4,0,4,0.34,0.21,0,0,99,1,0,20,False,True,0,0,56,43,34,4,AI is off,AI is off,AI is off,AI is off,Not paired,AI is off,0,0,0
1416000,6.2,0,4,0.34,0.21,0,0,99,1,0,20,False,True,0,0,54,39,29,4,AI is off,AI is off,AI is off,AI is off,Not paired,AI is off,0,0,0
1418000,5.9,0,4,0.33,0.21,0,0,99,1,0,20,False,True,0,0,54,41,30,4,AI is off,AI is off,AI is off,AI is off,Not paired,AI is off,0,0,0
1420000,5.5,0,4,0.32,0.21,0,0,99,1,0,20,False,True,0,0,55,41,31,4,AI is off,AI is off,AI is off,AI is off,Not paired,AI is off,0,0,0
1422000,5.2,0,4,0.32,0.21,0,0,99,1,0,20,False,True,0,0,54,41,31,4,AI is off,AI is off,AI is off,AI is off,Not paired,AI is off,0,0,0
1424000,4.9,0,4,0.31,0.21,0,0,99,1,0,20,False,True,0,0,59,44,34,4,AI is off,AI is off,AI is off,AI is off,Not paired,AI is off,0,0,0
1426000,5,0,4,0.31,0.21,0,0,99,1,0,20,False,True,0,0,57,44,33,4,AI is off,AI is off,AI is off,AI is off,Not paired,AI is off,0,0,0
1428000,5.6,0,4,0.32,0.21,0,0,99,1,0,20,False,True,0,0,52,39,27,4,AI is off,AI is off,AI is off,AI is off,Not paired,AI is off,0,0,0
1430000,6.2,0,4,0.33,0.21,0,0,99,1,0,20,False,True,0,0,54,40,30,4,AI is off,AI is off,AI is off,AI is off,Not paired,AI is off,0,0,0
1432000,6.4,0,4,0.34,0.21,0,0,99,1,0,20,False,True,0,0,54,41,30,4,AI is off,AI is off,AI is off,AI is off,Not paired,AI is off,0,0,0
1434000,6.5,0,4,0.34,0.21,0,0,99,1,0,20,False,True,0,0,55,42,31,4,AI is off,AI is off,AI is off,AI is off,Not paired,AI is off,0,0,0
1436000,6.4,0,4,0.34,0.21,0,0,99,1,0,20,False,True,0,0,55,41,30,4,AI is off,AI is off,AI is off,AI is off,Not paired,AI is off,0,0,0
1438000,6.5,0,4,0.34,0.21,0,0,99,1,0,20,False,True,0,0,55,40,30,4,AI is off,AI is off,AI is off,AI is off,Not paired,AI is off,0,0,0
1440000,6.5,0,4,0.34,0.21,0,0,99,1,0,20,False,True,0,0,55,41,31,4,AI is off,AI is off,AI is off,AI is off,Not paired,AI is off,0,0,0
1442000,6.4,0,4,0.34,0.21,0,0,99,1,0,20,False,True,0,0,55,41,31,4,AI is off,AI is off,AI is off,AI is off,Not paired,AI is off,0,0,0
1444000,6.3,0,4,0.34,0.21,0,0,99,1,0,20,False,True,0,0,54,39,27,4,AI is off,AI is off,AI is off,AI is off,Not paired,AI is off,0,0,0
1446000,6.4,0,4,0.34,0.21,0,0,99,1,0,20,False,True,0,0,55,40,30,4,AI is off,AI is off,AI is off,AI is off,Not paired,AI is off,0,0,0
1448000,6.7,0,4,0.34,0.21,0,0,99,1,0,20,False,True,0,0,55,42,30,4,AI is off,AI is off,AI is off,AI is off,Not paired,AI is off,0,0,0
1450000,6.9,0,4,0.35,0.21,0,0,99,1,0,20,False,True,0,0,55,42,31,4,AI is off,AI is off,AI is off,AI is off,Not paired,AI is off,0,0,0
1452000,7,0,4,0.35,0.21,0,0,99,1,0,20,False,True,0,0,55,41,30,4,AI is off,AI is off,AI is off,AI is off,Not paired,AI is off,0,0,0
1454000,7.1,0,4,0.35,0.21,0,0,99,1,0,20,False,True,0,0,55,41,31,4,AI is off,AI is off,AI is off,AI is off,Not paired,AI is off,0,0,0
1456000,7,0,4,0.35,0.21,0,0,99,1,0,20,False,True,0,0,55,40,30,4,AI is off,AI is off,AI is off,AI is off,Not paired,AI is off,0,0,0
1458000,7.1,0,4,0.35,0.21,0,0,99,1,0,20,False,True,0,0,55,41,30,4,AI is off,AI is off,AI is off,AI is off,Not paired,AI is off,0,0,0
1460000,7,0,3,0.35,0.21,0,0,99,1,0,20,False,True,0,0,54,42,31,4,AI is off,AI is off,AI is off,AI is off,Not paired,AI is off,0,0,0
1462000,6.9,0,3,0.35,0.21,0,0,99,1,0,20,False,True,0,0,54,40,30,4,AI is off,AI is off,AI is off,AI is off,Not paired,AI is off,0,0,0
1464000,6.9,0,3,0.35,0.21,0,0,99,1,0,20,False,True,0,0,54,41,31,4,AI is off,AI is off,AI is off,AI is off,Not paired,AI is off,0,0,0
1466000,6.9,0,3,0.35,0.21,0,0,99,1,0,20,False,True,0,0,54,41,31,4,AI is off,AI is off,AI is off,AI is off,Not paired,AI is off,0,0,0
1468000,6.9,0,3,0.35,0.21,0,0,99,1,0,20,False,True,0,0,55,42,31,4,AI is off,AI is off,AI is off,AI is off,Not paired,AI is off,0,0,0
1470000,6.6,0,3,0.35,0.21,0,0,99,1,0,20,False,True,0,0,55,41,31,4,AI is off,AI is off,AI is off,AI is off,Not paired,AI is off,0,0,0
1472000,6.4,0,3,0.34,0.21,0,0,99,1,0,20,False,True,0,0,54,41,31,4,AI is off,AI is off,AI is off,AI is off,Not paired,AI is off,0,0,0
1474000,6.3,0,3,0.34,0.21,0,0,99,1,0,20,False,True,0,0,55,42,32,4,AI is off,AI is off,AI is off,AI is off,Not paired,AI is off,0,0,0
1476000,6.1,0,3,0.33,0.21,0,0,99,1,0,20,False,True,0,0,56,42,32,4,AI is off,AI is off,AI is off,AI is off,Not paired,AI is off,0,0,0
1478000,6.1,0,3,0.33,0.21,0,0,99,1,0,20,False,True,0,0,57,43,33,4,AI is off,AI is off,AI is off,AI is off,Not paired,AI is off,0,0,0
1480000,6.2,0,3,0.34,0.21,0,0,99,1,0,20,False,True,0,0,54,41,30,4,AI is off,AI is off,AI is off,AI is off,Not paired,AI is off,0,0,0
1482000,6.1,0,3,0.34,0.21,0,0,99,1,0,20,False,True,0,0,56,42,32,4,AI is off,AI is off,AI is off,AI is off,Not paired,AI is off,0,0,0
1484000,6,0,3,0.33,0.21,0,0,99,1,0,20,False,True,0,0,56,43,33,4,AI is off,AI is off,AI is off,AI is off,Not paired,AI is off,0,0,0
1486000,6,0,3,0.33,0.21,0,0,99,1,0,20,False,True,0,0,56,43,33,4,AI is off,AI is off,AI is off,AI is off,Not paired,AI is off,0,0,0
1488000,6.1,0,3,0.33,0.21,0,0,99,1,0,20,False,True,0,0,56,43,32,4,AI is off,AI is off,AI is off,AI is off,Not paired,AI is off,0,0,0
1490000,6.1,0,3,0.33,0.21,0,0,99,1,0,20,False,True,0,0,56,43,32,4,AI is off,AI is off,AI is off,AI is off,Not paired,AI is off,0,0,0
1492000,6.3,0,3,0.34,0.21,0,0,99,1,0,20,False,True,0,0,56,42,32,4,AI is off,AI is off,AI is off,AI is off,Not paired,AI is off,0,0,0
1494000,6.4,0,3,0.34,0.21,0,0,99,1,0,20,False,True,0,0,57,44,33,4,AI is off,AI is off,AI is off,AI is off,Not paired,AI is off,0,0,0
1496000,6.4,0,3,0.34,0.21,0,0,99,1,0,20,False,True,0,0,56,42,33,4,AI is off,AI is off,AI is off,AI is off,Not paired,AI is off,0,0,0
1498000,6.4,0,3,0.34,0.21,0,0,99,1,0,20,False,True,0,0,55,41,31,4,AI is off,AI is off,AI is off,AI is off,Not paired,AI is off,0,0,0
1500000,6.4,0,3,0.34,0.21,0,0,99,1,0,20,False,True,0,0,55,41,31,4,AI is off,AI is off,AI is off,AI is off,Not paired,AI is off,0,0,0
1502000,6.4,0,3,0.34,0.21,0,0,99,1,0,20,False,True,0,0,58,44,34,4,AI is off,AI is off,AI is off,AI is off,Not paired,AI is off,0,0,0
1504000,6.6,0,3,0.34,0.21,0,0,99,1,0,20,False,True,0,0,55,41,31,4,AI is off,AI is off,AI is off,AI is off,Not paired,AI is off,0,0,0
1506000,6.8,0,3,0.35,0.21,0,0,99,1,0,20,False,True,0,0,55,41,31,4,AI is off,AI is off,AI is off,AI is off,Not paired,AI is off,0,0,0
1508000,6.9,0,3,0.35,0.21,0,0,99,1,0,20,False,True,0,0,55,42,31,4,AI is off,AI is off,AI is off,AI is off,Not paired,AI is off,0,0,0
1510000,7,0,3,0.35,0.21,0,0,99,1,0,20,False,True,0,0,56,42,31,4,AI is off,AI is off,AI is off,AI is off,Not paired,AI is off,0,0,0
1512000,7.2,0,3,0.36,0.21,0,0,99,1,0,20,False,True,0,0,55,41,30,4,AI is off,AI is off,AI is off,AI is off,Not paired,AI is off,0,0,0
1514000,7.4,0,3,0.36,0.21,0,0,99,1,0,20,False,True,0,0,55,41,30,4,AI is off,AI is off,AI is off,AI is off,Not paired,AI is off,0,0,0
1516000,7.5,0,3,0.36,0.21,0,0,99,1,0,20,False,True,0,0,56,43,31,4,AI is off,AI is off,AI is off,AI is off,Not paired,AI is off,0,0,0
1518000,7.4,0,3,0.36,0.21,0,0,99,1,0,20,False,True,0,0,54,41,30,4,AI is off,AI is off,AI is off,AI is off,Not paired,AI is off,0,0,0
1520000,7.4,0,3,0.36,0.21,0,0,99,1,0,20,False,True,0,0,55,41,31,4,AI is off,AI is off,AI is off,AI is off,Not paired,AI is off,0,0,0
1522000,7.5,0,3,0.36,0.21,0,0,99,1,0,20,False,True,0,0,56,42,32,4,AI is off,AI is off,AI is off,AI is off,Not paired,AI is off,0,0,0
1524000,7.4,0,3,0.36,0.21,0,0,99,1,0,20,False,True,0,0,56,42,32,4,AI is off,AI is off,AI is off,AI is off,Not paired,AI is off,0,0,0
1526000,7.3,0,3,0.36,0.21,0,0,99,1,0,20,False,True,0,0,55,40,30,4,AI is off,AI is off,AI is off,AI is off,Not paired,AI is off,0,0,0
1528000,7.1,0,2,0.36,0.21,0,0,99,1,0,20,False,True,0,0,55,42,32,4,AI is off,AI is off,AI is off,AI is off,Not paired,AI is off,0,0,0
1530000,7,0,2,0.35,0.21,0,0,99,1,0,20,False,True,0,0,55,41,30,4,AI is off,AI is off,AI is off,AI is off,Not paired,AI is off,0,0,0
1532000,6.8,0,2,0.35,0.21,0,0,99,1,0,20,False,True,0,0,55,42,31,4,AI is off,AI is off,AI is off,AI is off,Not paired,AI is off,0,0,0
1534000,6.7,0,2,0.35,0.21,0,0,99,1,0,20,False,True,0,0,56,42,32,4,AI is off,AI is off,AI is off,AI is off,Not paired,AI is off,0,0,0
1536000,6.7,0,2,0.35,0.21,0,0,99,1,0,20,False,True,0,0,55,40,30,4,AI is off,AI is off,AI is off,AI is off,Not paired,AI is off,0,0,0
1538000,6.7,0,2,0.35,0.21,0,0,99,1,0,20,False,True,0,0,56,42,31,4,AI is off,AI is off,AI is off,AI is off,Not paired,AI is off,0,0,0
1540000,6.6,0,2,0.34,0.21,0,0,99,1,0,20,False,True,0,0,54,41,30,4,AI is off,AI is off,AI is off,AI is off,Not paired,AI is off,0,0,0
1542000,6.7,0,2,0.35,0.21,0,0,99,1,0,20,False,True,0,0,56,42,32,4,AI is off,AI is off,AI is off,AI is off,Not paired,AI is off,0,0,0
1544000,6.6,0,2,0.35,0.21,0,0,99,1,0,20,False,True,0,0,58,44,33,4,AI is off,AI is off,AI is off,AI is off,Not paired,AI is off,0,0,0
1546000,6.7,0,2,0.35,0.21,0,0,99,1,0,20,False,True,0,0,55,41,31,4,AI is off,AI is off,AI is off,AI is off,Not paired,AI is off,0,0,0
1548000,6.5,0,2,0.34,0.21,0,0,99,1,0,20,False,True,0,0,55,42,32,4,AI is off,AI is off,AI is off,AI is off,Not paired,AI is off,0,0,0
1550000,6.4,0,2,0.34,0.21,0,0,99,1,0,20,False,True,0,0,57,44,34,4,AI is off,AI is off,AI is off,AI is off,Not paired,AI is off,0,0,0
1552000,6.3,0,2,0.34,0.21,0,0,99,1,0,20,False,True,0,0,56,43,32,4,AI is off,AI is off,AI is off,AI is off,Not paired,AI is off,0,0,0
1554000,6.3,0,2,0.34,0.21,0,0,99,1,0,20,False,True,0,0,53,39,30,4,AI is off,AI is off,AI is off,AI is off,Not paired,AI is off,0,0,0
1556000,6.3,0,2,0.34,0.21,0,0,99,1,0,20,False,True,0,0,55,40,32,4,AI is off,AI is off,AI is off,AI is off,Not paired,AI is off,0,0,0
1558000,6.3,0,2,0.34,0.21,0,0,99,1,0,20,False,True,0,0,54,41,30,4,AI is off,AI is off,AI is off,AI is off,Not paired,AI is off,0,0,0
1560000,6.3,0,2,0.34,0.21,0,0,99,1,0,20,False,True,0,0,55,42,30,4,AI is off,AI is off,AI is off,AI is off,Not paired,AI is off,0,0,0
1562000,6.2,0,2,0.34,0.21,0,0,99,1,0,20,False,True,0,0,57,44,33,4,AI is off,AI is off,AI is off,AI is off,Not paired,AI is off,0,0,0
1564000,6.1,0,2,0.33,0.21,0,0,99,1,0,20,False,True,0,0,55,42,29,4,AI is off,AI is off,AI is off,AI is off,Not paired,AI is off,0,0,0
1566000,6.2,0,2,0.34,0.21,0,0,99,1,0,20,False,True,0,0,57,44,33,4,AI is off,AI is off,AI is off,AI is off,Not paired,AI is off,0,0,0
1568000,6.3,0,2,0.34,0.21,0,0,99,1,0,20,False,True,0,0,57,44,33,4,AI is off,AI is off,AI is off,AI is off,Not paired,AI is off,0,0,0
1570000,6.7,0,2,0.34,0.21,0,0,99,1,0,20,False,True,0,0,57,44,33,4,AI is off,AI is off,AI is off,AI is off,Not paired,AI is off,0,0,0
1572000,6.8,0,2,0.35,0.21,0,0,99,1,0,20,False,True,0,0,56,42,31,4,AI is off,AI is off,AI is off,AI is off,Not paired,AI is off,0,0,0
1574000,7,0,2,0.35,0.21,0,0,99,1,0,20,False,True,0,0,57,43,33,4,AI is off,AI is off,AI is off,AI is off,Not paired,AI is off,0,0,0
1576000,6.8,0,2,0.35,0.21,0,0,99,1,0,20,False,True,0,0,54,39,30,4,AI is off,AI is off,AI is off,AI is off,Not paired,AI is off,0,0,0
1578000,6.8,0,2,0.35,0.21,0,0,99,1,0,20,False,True,0,0,55,42,31,4,AI is off,AI is off,AI is off,AI is off,Not paired,AI is off,0,0,0
1580000,6.2,0,2,0.34,0.21,0,0,99,1,0,20,False,True,0,0,54,40,29,4,AI is off,AI is off,AI is off,AI is off,Not paired,AI is off,0,0,0
1582000,6.2,0,1,0.34,0.21,0,0,99,1,0,20,False,True,0,0,53,40,30,4,AI is off,AI is off,AI is off,AI is off,Not paired,AI is off,0,0,0
1584000,6.2,0,1,0.34,0.21,0,0,99,1,0,20,False,True,0,0,56,43,32,4,AI is off,AI is off,AI is off,AI is off,Not paired,AI is off,0,0,0
1586000,6.1,0,1,0.33,0.21,0,0,99,1,0,20,False,True,0,0,54,40,30,4,AI is off,AI is off,AI is off,AI is off,Not paired,AI is off,0,0,0
1588000,6.2,0,1,0.33,0.21,0,0,99,1,0,20,False,True,0,0,57,44,33,4,AI is off,AI is off,AI is off,AI is off,Not paired,AI is off,0,0,0
1590000,6.1,0,1,0.33,0.21,0,0,99,1,0,20,False,True,0,0,58,44,34,4,AI is off,AI is off,AI is off,AI is off,Not paired,AI is off,0,0,0
1592000,6.2,0,1,0.33,0.21,0,0,99,1,0,20,False,True,0,0,55,43,31,4,AI is off,AI is off,AI is off,AI is off,Not paired,AI is off,0,0,0
1594000,6.5,0,1,0.34,0.21,0,0,99,1,0,20,False,True,0,0,54,40,29,4,AI is off,AI is off,AI is off,AI is off,Not paired,AI is off,0,0,0
1596000,6.8,0,1,0.35,0.21,0,0,99,1,0,20,False,True,0,0,54,40,29,4,AI is off,AI is off,AI is off,AI is off,Not paired,AI is off,0,0,0
1598000,6.8,0,1,0.35,0.21,0,0,99,1,0,20,False,True,0,0,55,40,30,4,AI is off,AI is off,AI is off,AI is off,Not paired,AI is off,0,0,0
1600000,6.9,0,1,0.35,0.21,0,0,99,1,0,20,False,True,0,0,53,40,29,4,AI is off,AI is off,AI is off,AI is off,Not paired,AI is off,0,0,0
1602000,6.7,0,1,0.35,0.21,0,0,99,1,0,20,False,True,0,0,53,40,29,4,AI is off,AI is off,AI is off,AI is off,Not paired,AI is off,0,0,0
1604000,6.5,0,1,0.34,0.21,0,0,99,1,0,20,False,True,0,0,54,40,29,4,AI is off,AI is off,AI is off,AI is off,Not paired,AI is off,0,0,0
1606000,6.2,0,1,0.34,0.21,0,0,99,1,0,20,False,True,0,0,53,39,28,4,AI is off,AI is off,AI is off,AI is off,Not paired,AI is off,0,0,0
1608000,5.9,0,1,0.33,0.21,0,0,99,1,0,20,False,True,0,0,54,39,28,4,AI is off,AI is off,AI is off,AI is off,Not paired,AI is off,0,0,0
1610000,5.5,0,1,0.32,0.21,0,0,99,1,0,20,False,True,0,0,55,41,31,4,AI is off,AI is off,AI is off,AI is off,Not paired,AI is off,0,0,0
1612000,5.1,0,1,0.31,0.21,0,0,99,1,0,20,False,True,0,0,58,44,34,4,AI is off,AI is off,AI is off,AI is off,Not paired,AI is off,0,0,0
1614000,5,0,1,0.31,0.21,0,0,99,1,0,20,False,True,0,0,56,43,31,4,AI is off,AI is off,AI is off,AI is off,Not paired,AI is off,0,0,0
1616000,4.6,0,1,0.3,0.21,0,0,99,1,0,20,False,True,0,0,56,42,32,4,AI is off,AI is off,AI is off,AI is off,Not paired,AI is off,0,0,0
1618000,4.2,0,1,0.3,0.21,0,0,99,1,0,20,False,True,0,0,56,42,33,4,AI is off,AI is off,AI is off,AI is off,Not paired,AI is off,0,0,0
1620000,3.8,0,1,0.29,0.21,0,0,99,1,0,20,False,True,0,0,55,41,31,4,AI is off,AI is off,AI is off,AI is off,Not paired,AI is off,0,0,0
1622000,3.4,0,1,0.28,0.21,0,0,99,1,0,20,False,True,0,0,57,44,33,4,AI is off,AI is off,AI is off,AI is off,Not paired,AI is off,0,0,0
1624000,3,0,1,0.27,0.21,0,0,99,1,0,20,False,True,0,0,54,40,30,4,AI is off,AI is off,AI is off,AI is off,Not paired,AI is off,0,0,0
1626000,2.6,0,1,0.26,0.21,0,0,99,1,0,20,False,True,0,0,55,42,32,4,AI is off,AI is off,AI is off,AI is off,Not paired,AI is off,0,0,0
1628000,2,0,1,0.25,0.21,0,0,99,1,0,20,False,True,0,0,57,43,33,4,AI is off,AI is off,AI is off,AI is off,Not paired,AI is off,0,0,0
1630000,1.4,0,1,0.24,0.21,0,0,99,1,0,20,False,True,0,0,59,45,35,4,AI is off,AI is off,AI is off,AI is off,Not paired,AI is off,0,0,0
1632000,0,0,1,0.22,0.21,0,0,99,1,0,20,False,True,0,0,60,46,34,4,AI is off,AI is off,AI is off,AI is off,Not paired,AI is off,0,0,0
1634000,0,0,1,0.21,0.21,0,0,99,1,0,21,False,True,0,0,55,42,31,4,AI is off,AI is off,AI is off,AI is off,Not paired,AI is off,0,0,0
1636000,0,0,1,0.21,0.21,0,0,99,1,0,21,False,True,0,0,55,41,29,4,AI is off,AI is off,AI is off,AI is off,Not paired,AI is off,0,0,0
1638000,0,0,0,0.21,0.21,0,0,99,1,0,21,False,True,0,0,52,39,27,4,AI is off,AI is off,AI is off,AI is off,Not paired,AI is off,0,0,0
1640000,0,0,0,0.21,0.21,0,0,99,1,0,21,False,True,0,0,54,38,30,4,AI is off,AI is off,AI is off,AI is off,Not paired,AI is off,0,0,0
1642000,0,0,0,0.21,0.21,0,0,99,1,0,21,False,True,0,0,53,39,28,4,AI is off,AI is off,AI is off,AI is off,Not paired,AI is off,0,0,0
1644000,0,0,0,0.21,0.21,0,0,99,1,0,21,False,True,0,0,53,39,27,4,AI is off,AI is off,AI is off,AI is off,Not paired,AI is off,0,0,0
1646000,0,0,0,0.21,0.21,0,0,99,1,0,21,False,True,0,0,53,40,29,4,AI is off,AI is off,AI is off,AI is off,Not paired,AI is off,0,0,0
1648000,0,0,0,0.21,0.21,0,0,99,1,0,21,False,True,0,0,54,40,29,4,AI is off,AI is off,AI is off,AI is off,Not paired,AI is off,0,0,0
1650000,0,0,0,0.21,0.21,0,0,99,1,0,21,False,True,0,0,56,42,30,4,AI is off,AI is off,AI is off,AI is off,Not paired,AI is off,0,0,0
1652000,0,0,0,0.21,0.21,0,0,99,1,0,21,False,True,0,0,57,42,32,4,AI is off,AI is off,AI is off,AI is off,Not paired,AI is off,0,0,0
1654000,0,0,0,0.21,0.21,0,0,99,1,0,21,False,True,0,0,56,43,32,4,AI is off,AI is off,AI is off,AI is off,Not paired,AI is off,0,0,0
1656000,0,0,0,0.21,0.21,0,0,99,1,0,21,False,True,0,0,57,44,33,4,AI is off,AI is off,AI is off,AI is off,Not paired,AI is off,0,0,0
1658000,0,0,0,0.21,0.21,0,0,99,1,0,21,False,True,0,0,58,45,34,4,AI is off,AI is off,AI is off,AI is off,Not paired,AI is off,0,0,0
1660000,0,0,1,0.22,0.21,0,0,99,1,0,21,False,True,0,0,54,39,30,4,AI is off,AI is off,AI is off,AI is off,Not paired,AI is off,0,0,0
1662000,0,0,1,0.21,0.21,0,0,99,1,0,21,False,True,0,0,57,45,33,4,AI is off,AI is off,AI is off,AI is off,Not paired,AI is off,0,0,0
1664000,0,0,1,0.22,0.21,0,0,99,1,0,21,False,True,0,0,54,40,29,4,AI is off,AI is off,AI is off,AI is off,Not paired,AI is off,0,0,0
1666000,0,0,1,0.21,0.21,0,0,99,1,0,21,False,True,0,0,58,45,34,4,AI is off,AI is off,AI is off,AI is off,Not paired,AI is off,0,0,0
1668000,0,0,1,0.21,0.21,0,0,99,1,0,21,False,True,0,0,59,44,33,4,AI is off,AI is off,AI is off,AI is off,Not paired,AI is off,0,0,0
1670000,0,0,1,0.21,0.21,0,0,99,1,0,21,False,True,0,0,57,44,33,4,AI is off,AI is off,AI is off,AI is off,Not paired,AI is off,0,0,0
1672000,0,0,1,0.23,0.21,0,0,99,1,0,21,False,True,0,0,53,40,28,4,AI is off,AI is off,AI is off,AI is off,Not paired,AI is off,0,0,0
1674000,0,0,1,0.22,0.21,0,0,99,1,0,21,False,True,0,0,58,45,34,4,AI is off,AI is off,AI is off,AI is off,Not paired,AI is off,0,0,0
1676000,0,0,1,0.22,0.21,0,0,99,1,0,21,False,True,0,0,57,44,33,4,AI is off,AI is off,AI is off,AI is off,Not paired,AI is off,0,0,0
1678000,0,0,0,0.22,0.21,0,0,99,1,0,21,False,True,0,0,54,40,30,4,AI is off,AI is off,AI is off,AI is off,Not paired,AI is off,0,0,0
1680000,0,0,0,0.22,0.21,0,0,99,1,0,21,False,True,0,0,52,38,27,4,AI is off,AI is off,AI is off,AI is off,Not paired,AI is off,0,0,0
1682000,0,0,0,0.22,0.21,0,0,99,1,0,21,False,True,0,0,52,38,27,4,AI is off,AI is off,AI is off,AI is off,Not paired,AI is off,0,0,0
1684000,0,0,0,0.22,0.21,0,0,99,1,0,21,False,True,0,0,51,38,26,4,AI is off,AI is off,AI is off,AI is off,Not paired,AI is off,0,0,0
1686000,0,0,0,0.22,0.21,0,0,99,1,0,21,False,True,0,0,52,39,27,4,AI is off,AI is off,AI is off,AI is off,Not paired,AI is off,0,0,0
1688000,0,0,1,0.22,0.21,0,0,99,1,0,21,False,True,0,0,52,38,25,4,AI is off,AI is off,AI is off,AI is off,Not paired,AI is off,0,0,0
1690000,0,0,1,0.22,0.21,0,0,99,1,0,21,False,True,0,0,53,39,29,4,AI is off,AI is off,AI is off,AI is off,Not paired,AI is off,0,0,0
1692000,0,0,1,0.22,0.21,0,0,99,1,0,21,False,True,0,0,53,39,29,4,AI is off,AI is off,AI is off,AI is off,Not paired,AI is off,0,0,0
1694000,0,0,1,0.22,0.21,0,0,99,1,0,21,False,True,0,0,52,39,27,4,AI is off,AI is off,AI is off,AI is off,Not paired,AI is off,0,0,0
1696000,0,0,1,0.22,0.21,0,0,99,1,0,21,False,True,0,0,53,39,28,4,AI is off,AI is off,AI is off,AI is off,Not paired,AI is off,0,0,0
1698000,0,0,1,0.22,0.21,0,0,99,1,0,21,False,True,0,0,52,38,28,4,AI is off,AI is off,AI is off,AI is off,Not paired,AI is off,0,0,0
1700000,0,0,1,0.22,0.21,0,0,99,1,0,21,False,True,0,0,52,38,26,4,AI is off,AI is off,AI is off,AI is off,Not paired,AI is off,0,0,0
1702000,0,0,1,0.22,0.21,0,0,99,1,0,21,False,True,0,0,52,39,27,4,AI is off,AI is off,AI is off,AI is off,Not paired,AI is off,0,0,0
1704000,0,0,1,0.22,0.21,0,0,99,1,0,21,False,True,0,0,52,39,27,4,AI is off,AI is off,AI is off,AI is off,Not paired,AI is off,0,0,0
1706000,0,0,1,0.22,0.21,0,0,99,1,0,21,False,True,0,0,54,39,30,4,AI is off,AI is off,AI is off,AI is off,Not paired,AI is off,0,0,0
1708000,0,0,1,0.22,0.21,0,0,99,1,0,21,False,True,0,0,52,38,28,4,AI is off,AI is off,AI is off,AI is off,Not paired,AI is off,0,0,0
1710000,0,0,1,0.22,0.21,0,0,99,1,0,21,False,True,0,0,53,39,28,4,AI is off,AI is off,AI is off,AI is off,Not paired,AI is off,0,0,0
1712000,0,0,1,0.22,0.21,0,0,99,1,0,21,False,True,0,0,52,39,28,4,AI is off,AI is off,AI is off,AI is off,Not paired,AI is off,0,0,0
1714000,0,0,1,0.22,0.21,0,0,99,1,0,21,False,True,0,0,52,38,27,4,AI is off,AI is off,AI is off,AI is off,Not paired,AI is off,0,0,0
1716000,0,0,1,0.22,0.21,0,0,99,1,0,21,False,True,0,0,52,39,28,4,AI is off,AI is off,AI is off,AI is off,Not paired,AI is off,0,0,0
1718000,0,0,1,0.22,0.21,0,0,99,1,0,21,False,True,0,0,51,38,26,4,AI is off,AI is off,AI is off,AI is off,Not paired,AI is off,0,0,0
1720000,0,0,1,0.21,0.21,0,0,99,1,0,21,False,True,0,0,59,44,34,4,AI is off,AI is off,AI is off,AI is off,Not paired,AI is off,0,0,0
1722000,0,0,0,0.21,0.21,0,0,99,1,0,21,False,True,0,0,54,42,31,4,AI is off,AI is off,AI is off,AI is off,Not paired,AI is off,0,0,0
1724000,0,0,0,0.21,0.21,0,0,99,1,0,21,False,True,0,0,58,43,33,4,AI is off,AI is off,AI is off,AI is off,Not paired,AI is off,0,0,0
1726000,0,0,0,0.21,0.21,0,0,99,1,0,21,False,True,0,0,59,44,33,4,AI is off,AI is off,AI is off,AI is off,Not paired,AI is off,0,0,0
1728000,0,0,0,0.21,0.21,0,0,99,1,0,21,False,True,0,0,54,41,30,4,AI is off,AI is off,AI is off,AI is off,Not paired,AI is off,0,0,0
1730000,0,0,0,0.21,0.21,0,0,99,1,0,21,False,True,0,0,60,44,34,4,AI is off,AI is off,AI is off,AI is off,Not paired,AI is off,0,0,0
1732000,0,0,0,0.21,0.21,0,0,99,1,0,21,False,True,0,0,57,44,32,4,AI is off,AI is off,AI is off,AI is off,Not paired,AI is off,0,0,0