Dive Number,GF Minimum,GF Maximum,Surface Interval (min),Imperial Units,Start Battery Voltage,Start CNS %,Start Date,Start External O2 Sensor Status,Start Low Set Point,Start High Set Point,Computer Firmware Version,Max Depth,Max Time,Error History,End Battery Voltage,End CNS,End Date,End External O2 Sensor Status,End Low Set Point,End High Set Point,Computer Serial Number,Computer Firmware Version,Computer Model,Log Version,Deco Model,VPM-B Conservatism,Start Surface Pressure,End Surface Pressure,Product
90,40,85,123,False,3.9,0,6/29/2024 1:47:40 PM,False,0,1,86,18.5,2086,,3.9,3,6/29/2024 2:22:21 PM,False,0,1,937B0677,86,2,13,GF,40/85,999,999,Peregrine
Time (ms),Depth,First Stop Depth,Time To Surface (min),Average PPO2,Fraction O2,Fraction He,First Stop Time,Current NDL,Current Circuit Mode,Current CCR Mode,Water Temp,Gas Switch Needed,External PPO2,Set Point Type,Circuit Switch Type,External O2 Sensor 1 (mV),External O2 Sensor 2 (mV),External O2 Sensor 3 (mV),Battery Voltage,Tank 1 pressure (PSI),Tank 2 pressure (PSI),Tank 3 pressure (PSI),Tank 4 pressure (PSI),Gas Time Remaining,SAC Rate (2 minute avg),Ascent Rate,Safe Ascent Depth,CO2mbar
0,3.1,0,1,0.27,0.21,0,0,0,1,0,26,False,True,0,0,54,39,27,3.93,AI is off,AI is off,AI is off,AI is off,Not paired,AI is off,0,0,0
2000,3.8,0,1,0.28,0.21,0,0,0,1,0,25,False,True,0,0,60,44,32,3.93,AI is off,AI is off,AI is off,AI is off,Not paired,AI is off,0,0,0
4000,4.3,0,1,0.29,0.21,0,0,99,1,0,25,False,True,0,0,54,40,28,3.94,AI is off,AI is off,AI is off,AI is off,Not paired,AI is off,0,0,0
6000,5,0,1,0.31,0.21,0,0,99,1,0,25,False,True,0,0,51,35,25,3.94,AI is off,AI is off,AI is off,AI is off,Not paired,AI is off,0,0,0
8000,5.8,0,1,0.33,0.21,0,0,99,1,0,25,False,True,0,0,51,35,25,3.94,AI is off,AI is off,AI is off,AI is off,Not paired,AI is off,0,0,0
10000,6.4,0,1,0.34,0.21,0,0,99,1,0,25,False,True,0,0,52,39,28,3.94,AI is off,AI is off,AI is off,AI is off,Not paired,AI is off,0,0,0
12000,7.1,0,1,0.35,0.21,0,0,99,1,0,25,False,True,0,0,51,38,27,3.94,AI is off,AI is off,AI is off,AI is off,Not paired,AI is off,0,0,0
14000,7.5,0,1,0.36,0.21,0,0,99,1,0,25,False,True,0,0,52,40,29,3.94,AI is off,AI is off,AI is off,AI is off,Not paired,AI is off,0,0,0
16000,8.1,0,1,0.37,0.21,0,0,99,1,0,25,False,True,0,0,55,39,30,3.94,AI is off,AI is off,AI is off,AI is off,Not paired,AI is off,0,0,0
18000,8.900001,0,1,0.39,0.21,0,0,99,1,0,25,False,True,0,0,52,37,27,3.94,AI is off,AI is off,AI is off,AI is off,Not paired,AI is off,0,0,0
20000,9.5,0,1,0.4,0.21,0,0,99,1,0,25,False,True,0,0,51,35,25,3.94,AI is off,AI is off,AI is off,AI is off,Not paired,AI is off,0,0,0
22000,10.1,0,1,0.41,0.21,0,0,99,1,0,25,False,True,0,0,52,41,30,3.94,AI is off,AI is off,AI is off,AI is off,Not paired,AI is off,0,0,0
24000,10.8,0,1,0.43,0.21,0,0,99,1,0,25,False,True,0,0,50,34,24,3.94,AI is off,AI is off,AI is off,AI is off,Not paired,AI is off,0,0,0
26000,11.4,0,2,0.44,0.21,0,0,99,1,0,24,False,True,0,0,52,41,30,3.94,AI is off,AI is off,AI is off,AI is off,Not paired,AI is off,0,0,0
28000,11.8,0,2,0.45,0.21,0,0,99,1,0,24,False,True,0,0,51,38,27,3.94,AI is off,AI is off,AI is off,AI is off,Not paired,AI is off,0,0,0
30000,12.1,0,5,0.46,0.21,0,0,99,1,0,24,False,True,0,0,53,41,29,3.94,AI is off,AI is off,AI is off,AI is off,Not paired,AI is off,0,0,0
32000,12.2,0,5,0.46,0.21,0,0,99,1,0,24,False,True,0,0,54,38,28,3.94,AI is off,AI is off,AI is off,AI is off,Not paired,AI is off,0,0,0
34000,12.3,0,5,0.47,0.21,0,0,99,1,0,24,False,True,0,0,54,41,30,3.94,AI is off,AI is off,AI is off,AI is off,Not paired,AI is off,0,0,0
36000,12.7,0,5,0.47,0.21,0,0,99,1,0,24,False,True,0,0,53,39,27,3.94,AI is off,AI is off,AI is off,AI is off,Not paired,AI is off,0,0,0
38000,13,0,5,0.48,0.21,0,0,99,1,0,24,False,True,0,0,53,40,28,3.94,AI is off,AI is off,AI is off,AI is off,Not paired,AI is off,0,0,0
40000,13.4,0,5,0.49,0.21,0,0,99,1,0,24,False,True,0,0,53,40,30,3.94,AI is off,AI is off,AI is off,AI is off,Not paired,AI is off,0,0,0
42000,13.7,0,5,0.49,0.21,0,0,80,1,0,24,False,True,0,0,52,37,26,3.94,AI is off,AI is off,AI is off,AI is off,Not paired,AI is off,0,0,0
44000,14,0,5,0.5,0.21,0,0,80,1,0,23,False,True,0,0,52,41,29,3.94,AI is off,AI is off,AI is off,AI is off,Not paired,AI is off,0,0,0
46000,14.3,0,5,0.5,0.21,0,0,71,1,0,23,False,True,0,0,52,40,28,3.94,AI is off,AI is off,AI is off,AI is off,Not paired,AI is off,0,0,0
48000,14.6,0,5,0.51,0.21,0,0,71,1,0,23,False,True,0,0,53,40,28,3.94,AI is off,AI is off,AI is off,AI is off,Not paired,AI is off,0,0,0
50000,14.6,0,5,0.51,0.21,0,0,71,1,0,23,False,True,0,0,52,40,29,3.94,AI is off,AI is off,AI is off,AI is off,Not paired,AI is off,0,0,0
52000,14.6,0,5,0.51,0.21,0,0,71,1,0,23,False,True,0,0,53,41,29,3.94,AI is off,AI is off,AI is off,AI is off,Not paired,AI is off,0,0,0
54000,14.6,0,5,0.51,0.21,0,0,71,1,0,23,False,True,0,0,52,40,29,3.94,AI is off,AI is off,AI is off,AI is off,Not paired,AI is off,0,0,0
56000,14.6,0,5,0.51,0.21,0,0,71,1,0,23,False,True,0,0,54,41,29,3.94,AI is off,AI is off,AI is off,AI is off,Not paired,AI is off,0,0,0
58000,14.7,0,5,0.51,0.21,0,0,67,1,0,23,False,True,0,0,53,40,29,3.94,AI is off,AI is off,AI is off,AI is off,Not paired,AI is off,0,0,0
60000,14.6,0,5,0.51,0.21,0,0,67,1,0,23,False,True,0,0,54,40,28,3.94,AI is off,AI is off,AI is off,AI is off,Not paired,AI is off,0,0,0
62000,14.6,0,5,0.51,0.21,0,0,67,1,0,23,False,True,0,0,53,41,29,3.94,AI is off,AI is off,AI is off,AI is off,Not paired,AI is off,0,0,0
64000,14.6,0,5,0.51,0.21,0,0,67,1,0,23,False,True,0,0,54,41,30,3.94,AI is off,AI is off,AI is off,AI is off,Not paired,AI is off,0,0,0
66000,14.7,0,5,0.51,0.21,0,0,67,1,0,23,False,True,0,0,54,40,29,3.94,AI is off,AI is off,AI is off,AI is off,Not paired,AI is off,0,0,0
68000,14.7,0,5,0.52,0.21,0,0,65,1,0,23,False,True,0,0,54,41,29,3.94,AI is off,AI is off,AI is off,AI is off,Not paired,AI is off,0,0,0
70000,14.7,0,5,0.51,0.21,0,0,65,1,0,22,False,True,0,0,54,41,29,3.94,AI is off,AI is off,AI is off,AI is off,Not paired,AI is off,0,0,0
72000,14.8,0,5,0.51,0.21,0,0,65,1,0,22,False,True,0,0,53,40,29,3.94,AI is off,AI is off,AI is off,AI is off,Not paired,AI is off,0,0,0
74000,14.7,0,5,0.52,0.21,0,0,65,1,0,22,False,True,0,0,54,41,30,3.94,AI is off,AI is off,AI is off,AI is off,Not paired,AI is off,0,0,0
76000,14.6,0,5,0.51,0.21,0,0,65,1,0,22,False,True,0,0,51,36,26,3.94,AI is off,AI is off,AI is off,AI is off,Not paired,AI is off,0,0,0
78000,14.5,0,5,0.51,0.21,0,0,67,1,0,22,False,True,0,0,51,36,25,3.94,AI is off,AI is off,AI is off,AI is off,Not paired,AI is off,0,0,0
80000,14.6,0,5,0.51,0.21,0,0,67,1,0,22,False,True,0,0,51,35,25,3.94,AI is off,AI is off,AI is off,AI is off,Not paired,AI is off,0,0,0
82000,14.7,0,5,0.51,0.21,0,0,67,1,0,22,False,True,0,0,52,38,28,3.94,AI is off,AI is off,AI is off,AI is off,Not paired,AI is off,0,0,0
84000,14.8,0,5,0.52,0.21,0,0,65,1,0,22,False,True,0,0,51,37,27,3.94,AI is off,AI is off,AI is off,AI is off,Not paired,AI is off,0,0,0
86000,14.9,0,5,0.52,0.21,0,0,65,1,0,22,False,True,0,0,51,35,25,3.94,AI is off,AI is off,AI is off,AI is off,Not paired,AI is off,0,0,0
88000,14.9,0,5,0.52,0.21,0,0,65,1,0,22,False,True,0,0,53,38,29,3.94,AI is off,AI is off,AI is off,AI is off,Not paired,AI is off,0,0,0
90000,15,0,5,0.52,0.21,0,0,65,1,0,22,False,True,0,0,51,36,25,3.94,AI is off,AI is off,AI is off,AI is off,Not paired,AI is off,0,0,0
92000,15.1,0,5,0.52,0.21,0,0,65,1,0,22,False,True,0,0,51,36,25,3.94,AI is off,AI is off,AI is off,AI is off,Not paired,AI is off,0,0,0
94000,15.2,0,5,0.53,0.21,0,0,62,1,0,22,False,True,0,0,53,40,29,3.94,AI is off,AI is off,AI is off,AI is off,Not paired,AI is off,0,0,0
96000,15.3,0,5,0.53,0.21,0,0,62,1,0,22,False,True,0,0,53,41,30,3.94,AI is off,AI is off,AI is off,AI is off,Not paired,AI is off,0,0,0
98000,15.5,0,5,0.53,0.21,0,0,62,1,0,21,False,True,0,0,53,41,30,3.94,AI is off,AI is off,AI is off,AI is off,Not paired,AI is off,0,0,0
100000,15.5,0,5,0.53,0.21,0,0,59,1,0,21,False,True,0,0,53,39,28,3.94,AI is off,AI is off,AI is off,AI is off,Not paired,AI is off,0,0,0
102000,15.5,0,5,0.53,0.21,0,0,59,1,0,21,False,True,0,0,53,39,28,3.94,AI is off,AI is off,AI is off,AI is off,Not paired,AI is off,0,0,0
104000,15.6,0,5,0.53,0.21,0,0,59,1,0,21,False,True,0,0,53,40,29,3.94,AI is off,AI is off,AI is off,AI is off,Not paired,AI is off,0,0,0
106000,15.7,0,5,0.54,0.21,0,0,59,1,0,21,False,True,0,0,53,41,30,3.94,AI is off,AI is off,AI is off,AI is off,Not paired,AI is off,0,0,0
108000,15.7,0,5,0.54,0.21,0,0,59,1,0,21,False,True,0,0,54,41,30,3.94,AI is off,AI is off,AI is off,AI is off,Not paired,AI is off,0,0,0
110000,15.8,0,5,0.54,0.21,0,0,56,1,0,21,False,True,0,0,53,41,29,3.94,AI is off,AI is off,AI is off,AI is off,Not paired,AI is off,0,0,0
112000,16,0,5,0.54,0.21,0,0,56,1,0,21,False,True,0,0,54,41,30,3.94,AI is off,AI is off,AI is off,AI is off,Not paired,AI is off,0,0,0
114000,16,0,5,0.54,0.21,0,0,56,1,0,21,False,True,0,0,54,41,30,3.94,AI is off,AI is off,AI is off,AI is off,Not paired,AI is off,0,0,0
116000,16.1,0,5,0.55,0.21,0,0,54,1,0,21,False,True,0,0,54,40,29,3.94,AI is off,AI is off,AI is off,AI is off,Not paired,AI is off,0,0,0
118000,16.2,0,5,0.55,0.21,0,0,54,1,0,21,False,True,0,0,55,43,31,3.94,AI is off,AI is off,AI is off,AI is off,Not paired,AI is off,0,0,0
120000,16.1,0,5,0.54,0.21,0,0,54,1,0,21,False,True,0,0,51,36,26,3.94,AI is off,AI is off,AI is off,AI is off,Not paired,AI is off,0,0,0
122000,16.1,0,5,0.54,0.21,0,0,54,1,0,21,False,True,0,0,54,40,31,3.94,AI is off,AI is off,AI is off,AI is off,Not paired,AI is off,0,0,0
124000,16.1,0,5,0.54,0.21,0,0,54,1,0,21,False,True,0,0,53,39,29,3.94,AI is off,AI is off,AI is off,AI is off,Not paired,AI is off,0,0,0
126000,16.3,0,5,0.55,0.21,0,0,52,1,0,21,False,True,0,0,53,41,30,3.94,AI is off,AI is off,AI is off,AI is off,Not paired,AI is off,0,0,0
128000,16.4,0,5,0.55,0.21,0,0,52,1,0,21,False,True,0,0,54,41,30,3.94,AI is off,AI is off,AI is off,AI is off,Not paired,AI is off,0,0,0
130000,16.6,0,5,0.55,0.21,0,0,52,1,0,21,False,True,0,0,54,41,30,3.94,AI is off,AI is off,AI is off,AI is off,Not paired,AI is off,0,0,0
132000,16.6,0,5,0.56,0.21,0,0,49,1,0,21,False,True,0,0,54,41,31,3.94,AI is off,AI is off,AI is off,AI is off,Not paired,AI is off,0,0,0
134000,16.7,0,5,0.56,0.21,0,0,49,1,0,21,False,True,0,0,53,41,30,3.94,AI is off,AI is off,AI is off,AI is off,Not paired,AI is off,0,0,0
136000,16.8,0,5,0.56,0.21,0,0,49,1,0,21,False,True,0,0,53,41,31,3.94,AI is off,AI is off,AI is off,AI is off,Not paired,AI is off,0,0,0
138000,16.8,0,5,0.56,0.21,0,0,49,1,0,21,False,True,0,0,53,41,31,3.94,AI is off,AI is off,AI is off,AI is off,Not paired,AI is off,0,0,0
140000,16.9,0,5,0.56,0.21,0,0,49,1,0,21,False,True,0,0,54,41,31,3.94,AI is off,AI is off,AI is off,AI is off,Not paired,AI is off,0,0,0
142000,16.9,0,5,0.56,0.21,0,0,47,1,0,21,False,True,0,0,54,41,29,3.94,AI is off,AI is off,AI is off,AI is off,Not paired,AI is off,0,0,0
144000,16.9,0,5,0.56,0.21,0,0,47,1,0,21,False,True,0,0,54,39,29,3.94,AI is off,AI is off,AI is off,AI is off,Not paired,AI is off,0,0,0
146000,17,0,5,0.56,0.21,0,0,47,1,0,20,False,True,0,0,54,41,30,3.94,AI is off,AI is off,AI is off,AI is off,Not paired,AI is off,0,0,0
148000,17,0,5,0.56,0.21,0,0,47,1,0,20,False,True,0,0,52,41,31,3.94,AI is off,AI is off,AI is off,AI is off,Not paired,AI is off,0,0,0
150000,17.2,0,5,0.57,0.21,0,0,47,1,0,20,False,True,0,0,53,42,31,3.94,AI is off,AI is off,AI is off,AI is off,Not paired,AI is off,0,0,0
152000,17.1,0,5,0.57,0.21,0,0,47,1,0,20,False,True,0,0,52,41,31,3.94,AI is off,AI is off,AI is off,AI is off,Not paired,AI is off,0,0,0
154000,17.1,0,5,0.57,0.21,0,0,47,1,0,20,False,True,0,0,53,42,31,3.94,AI is off,AI is off,AI is off,AI is off,Not paired,AI is off,0,0,0
156000,16.9,0,5,0.56,0.21,0,0,47,1,0,20,False,True,0,0,54,42,31,3.94,AI is off,AI is off,AI is off,AI is off,Not paired,AI is off,0,0,0
158000,17,0,5,0.56,0.21,0,0,47,1,0,20,False,True,0,0,53,41,30,3.94,AI is off,AI is off,AI is off,AI is off,Not paired,AI is off,0,0,0
160000,17,0,5,0.56,0.21,0,0,47,1,0,20,False,True,0,0,54,42,30,3.94,AI is off,AI is off,AI is off,AI is off,Not paired,AI is off,0,0,0
162000,17,0,5,0.56,0.21,0,0,47,1,0,20,False,True,0,0,54,42,30,3.94,AI is off,AI is off,AI is off,AI is off,Not paired,AI is off,0,0,0
164000,17,0,5,0.56,0.21,0,0,46,1,0,20,False,True,0,0,55,42,31,3.94,AI is off,AI is off,AI is off,AI is off,Not paired,AI is off,0,0,0
166000,16.8,0,5,0.56,0.21,0,0,46,1,0,20,False,True,0,0,53,41,31,3.94,AI is off,AI is off,AI is off,AI is off,Not paired,AI is off,0,0,0
168000,16.8,0,5,0.56,0.21,0,0,46,1,0,20,False,True,0,0,53,41,30,3.94,AI is off,AI is off,AI is off,AI is off,Not paired,AI is off,0,0,0
170000,16.7,0,5,0.56,0.21,0,0,46,1,0,20,False,True,0,0,53,41,30,3.94,AI is off,AI is off,AI is off,AI is off,Not paired,AI is off,0,0,0
172000,16.5,0,5,0.55,0.21,0,0,46,1,0,20,False,True,0,0,53,40,29,3.94,AI is off,AI is off,AI is off,AI is off,Not paired,AI is off,0,0,0
174000,16.4,0,5,0.55,0.21,0,0,50,1,0,20,False,True,0,0,52,41,31,3.94,AI is off,AI is off,AI is off,AI is off,Not paired,AI is off,0,0,0
176000,16.4,0,5,0.55,0.21,0,0,50,1,0,20,False,True,0,0,53,41,31,3.94,AI is off,AI is off,AI is off,AI is off,Not paired,AI is off,0,0,0
178000,16.4,0,5,0.55,0.21,0,0,50,1,0,20,False,True,0,0,53,40,30,3.94,AI is off,AI is off,AI is off,AI is off,Not paired,AI is off,0,0,0
180000,16.3,0,5,0.55,0.21,0,0,50,1,0,20,False,True,0,0,53,41,30,3.94,AI is off,AI is off,AI is off,AI is off,Not paired,AI is off,0,0,0
182000,16.3,0,5,0.55,0.21,0,0,50,1,0,20,False,True,0,0,52,40,30,3.94,AI is off,AI is off,AI is off,AI is off,Not paired,AI is off,0,0,0
184000,16.2,0,5,0.55,0.21,0,0,50,1,0,20,False,True,0,0,53,41,31,3.94,AI is off,AI is off,AI is off,AI is off,Not paired,AI is off,0,0,0
186000,16.2,0,5,0.55,0.21,0,0,50,1,0,20,False,True,0,0,53,41,31,3.94,AI is off,AI is off,AI is off,AI is off,Not paired,AI is off,0,0,0
188000,16.2,0,5,0.55,0.21,0,0,50,1,0,20,False,True,0,0,53,41,31,3.94,AI is off,AI is off,AI is off,AI is off,Not paired,AI is off,0,0,0
190000,16,0,5,0.54,0.21,0,0,52,1,0,20,False,True,0,0,53,41,30,3.94,AI is off,AI is off,AI is off,AI is off,Not paired,AI is off,0,0,0
192000,16,0,5,0.54,0.21,0,0,52,1,0,20,False,True,0,0,54,41,31,3.94,AI is off,AI is off,AI is off,AI is off,Not paired,AI is off,0,0,0
194000,15.9,0,5,0.54,0.21,0,0,52,1,0,20,False,True,0,0,54,41,31,3.94,AI is off,AI is off,AI is off,AI is off,Not paired,AI is off,0,0,0
196000,15.9,0,5,0.54,0.21,0,0,53,1,0,20,False,True,0,0,53,41,31,3.94,AI is off,AI is off,AI is off,AI is off,Not paired,AI is off,0,0,0
198000,15.8,0,5,0.54,0.21,0,0,53,1,0,20,False,True,0,0,54,42,32,3.94,AI is off,AI is off,AI is off,AI is off,Not paired,AI is off,0,0,0
200000,15.8,0,5,0.54,0.21,0,0,54,1,0,20,False,True,0,0,54,39,30,3.94,AI is off,AI is off,AI is off,AI is off,Not paired,AI is off,0,0,0
202000,15.9,0,5,0.54,0.21,0,0,54,1,0,20,False,True,0,0,53,40,31,3.94,AI is off,AI is off,AI is off,AI is off,Not paired,AI is off,0,0,0
204000,15.9,0,5,0.54,0.21,0,0,54,1,0,20,False,True,0,0,53,39,29,3.94,AI is off,AI is off,AI is off,AI is off,Not paired,AI is off,0,0,0
206000,16,0,5,0.54,0.21,0,0,54,1,0,19,False,True,0,0,52,41,31,3.94,AI is off,AI is off,AI is off,AI is off,Not paired,AI is off,0,0,0
208000,16,0,5,0.54,0.21,0,0,54,1,0,19,False,True,0,0,53,39,30,3.94,AI is off,AI is off,AI is off,AI is off,Not paired,AI is off,0,0,0
210000,16,0,5,0.54,0.21,0,0,54,1,0,19,False,True,0,0,52,38,28,3.94,AI is off,AI is off,AI is off,AI is off,Not paired,AI is off,0,0,0
212000,16,0,5,0.54,0.21,0,0,52,1,0,19,False,True,0,0,52,38,28,3.94,AI is off,AI is off,AI is off,AI is off,Not paired,AI is off,0,0,0
214000,16.1,0,5,0.54,0.21,0,0,52,1,0,19,False,True,0,0,54,42,32,3.94,AI is off,AI is off,AI is off,AI is off,Not paired,AI is off,0,0,0
216000,16.2,0,5,0.55,0.21,0,0,51,1,0,20,False,True,0,0,55,44,33,3.94,AI is off,AI is off,AI is off,AI is off,Not paired,AI is off,0,0,0
218000,16.1,0,5,0.55,0.21,0,0,51,1,0,19,False,True,0,0,53,41,30,3.94,AI is off,AI is off,AI is off,AI is off,Not paired,AI is off,0,0,0
220000,16.1,0,5,0.54,0.21,0,0,51,1,0,20,False,True,0,0,54,42,32,3.94,AI is off,AI is off,AI is off,AI is off,Not paired,AI is off,0,0,0
222000,16.1,0,5,0.54,0.21,0,0,51,1,0,19,False,True,0,0,53,42,31,3.94,AI is off,AI is off,AI is off,AI is off,Not paired,AI is off,0,0,0
224000,16.2,0,5,0.55,0.21,0,0,51,1,0,19,False,True,0,0,53,42,31,3.94,AI is off,AI is off,AI is off,AI is off,Not paired,AI is off,0,0,0
226000,16.2,0,5,0.55,0.21,0,0,51,1,0,19,False,True,0,0,55,43,31,3.94,AI is off,AI is off,AI is off,AI is off,Not paired,AI is off,0,0,0
228000,16.2,0,5,0.55,0.21,0,0,51,1,0,19,False,True,0,0,54,42,30,3.94,AI is off,AI is off,AI is off,AI is off,Not paired,AI is off,0,0,0
230000,16.2,0,5,0.55,0.21,0,0,51,1,0,19,False,True,0,0,55,43,32,3.94,AI is off,AI is off,AI is off,AI is off,Not paired,AI is off,0,0,0
232000,16.3,0,5,0.55,0.21,0,0,50,1,0,19,False,True,0,0,54,42,31,3.94,AI is off,AI is off,AI is off,AI is off,Not paired,AI is off,0,0,0
234000,16.2,0,5,0.55,0.21,0,0,50,1,0,19,False,True,0,0,53,42,32,3.94,AI is off,AI is off,AI is off,AI is off,Not paired,AI is off,0,0,0
236000,16.2,0,5,0.55,0.21,0,0,50,1,0,19,False,True,0,0,52,41,30,3.94,AI is off,AI is off,AI is off,AI is off,Not paired,AI is off,0,0,0
238000,16.1,0,5,0.54,0.21,0,0,50,1,0,19,False,True,0,0,53,41,30,3.94,AI is off,AI is off,AI is off,AI is off,Not paired,AI is off,0,0,0
240000,16,0,5,0.54,0.21,0,0,50,1,0,19,False,True,0,0,53,42,31,3.94,AI is off,AI is off,AI is off,AI is off,Not paired,AI is off,0,0,0
242000,15.9,0,5,0.54,0.21,0,0,52,1,0,19,False,True,0,0,53,41,30,3.94,AI is off,AI is off,AI is off,AI is off,Not paired,AI is off,0,0,0
244000,15.9,0,5,0.54,0.21,0,0,52,1,0,19,False,True,0,0,53,42,32,3.94,AI is off,AI is off,AI is off,AI is off,Not paired,AI is off,0,0,0
246000,15.9,0,5,0.54,0.21,0,0,52,1,0,19,False,True,0,0,53,41,31,3.94,AI is off,AI is off,AI is off,AI is off,Not paired,AI is off,0,0,0
248000,16,0,5,0.54,0.21,0,0,52,1,0,19,False,True,0,0,53,42,31,3.94,AI is off,AI is off,AI is off,AI is off,Not paired,AI is off,0,0,0
250000,15.9,0,5,0.54,0.21,0,0,52,1,0,19,False,True,0,0,53,41,30,3.94,AI is off,AI is off,AI is off,AI is off,Not paired,AI is off,0,0,0
252000,15.9,0,5,0.54,0.21,0,0,52,1,0,19,False,True,0,0,53,42,32,3.94,AI is off,AI is off,AI is off,AI is off,Not paired,AI is off,0,0,0
254000,15.9,0,5,0.54,0.21,0,0,52,1,0,19,False,True,0,0,53,42,32,3.94,AI is off,AI is off,AI is off,AI is off,Not paired,AI is off,0,0,0
256000,15.9,0,5,0.54,0.21,0,0,52,1,0,19,False,True,0,0,54,42,32,3.94,AI is off,AI is off,AI is off,AI is off,Not paired,AI is off,0,0,0
258000,15.9,0,5,0.54,0.21,0,0,52,1,0,19,False,True,0,0,54,41,31,3.94,AI is off,AI is off,AI is off,AI is off,Not paired,AI is off,0,0,0
260000,16,0,5,0.54,0.21,0,0,52,1,0,19,False,True,0,0,53,40,30,3.94,AI is off,AI is off,AI is off,AI is off,Not paired,AI is off,0,0,0
262000,16,0,5,0.54,0.21,0,0,52,1,0,19,False,True,0,0,54,41,30,3.94,AI is off,AI is off,AI is off,AI is off,Not paired,AI is off,0,0,0
264000,16,0,5,0.54,0.21,0,0,51,1,0,19,False,True,0,0,54,43,32,3.94,AI is off,AI is off,AI is off,AI is off,Not paired,AI is off,0,0,0
266000,16.2,0,5,0.55,0.21,0,0,51,1,0,19,False,True,0,0,54,41,31,3.94,AI is off,AI is off,AI is off,AI is off,Not paired,AI is off,0,0,0
268000,16.4,0,5,0.55,0.21,0,0,48,1,0,19,False,True,0,0,53,41,31,3.94,AI is off,AI is off,AI is off,AI is off,Not paired,AI is off,0,0,0
270000,16.4,0,5,0.55,0.21,0,0,48,1,0,19,False,True,0,0,54,41,30,3.94,AI is off,AI is off,AI is off,AI is off,Not paired,AI is off,0,0,0
272000,16.4,0,5,0.55,0.21,0,0,48,1,0,19,False,True,0,0,54,42,31,3.94,AI is off,AI is off,AI is off,AI is off,Not paired,AI is off,0,0,0
274000,16.4,0,5,0.55,0.21,0,0,48,1,0,19,False,True,0,0,55,40,30,3.94,AI is off,AI is off,AI is off,AI is off,Not paired,AI is off,0,0,0
276000,16.6,0,5,0.55,0.21,0,0,48,1,0,19,False,True,0,0,54,42,33,3.94,AI is off,AI is off,AI is off,AI is off,Not paired,AI is off,0,0,0
278000,16.6,0,5,0.56,0.21,0,0,48,1,0,19,False,True,0,0,55,43,32,3.94,AI is off,AI is off,AI is off,AI is off,Not paired,AI is off,0,0,0
280000,16.7,0,5,0.56,0.21,0,0,47,1,0,19,False,True,0,0,54,42,33,3.94,AI is off,AI is off,AI is off,AI is off,Not paired,AI is off,0,0,0
282000,16.8,0,5,0.56,0.21,0,0,47,1,0,19,False,True,0,0,55,44,32,3.94,AI is off,AI is off,AI is off,AI is off,Not paired,AI is off,0,0,0
284000,16.8,0,5,0.56,0.21,0,0,45,1,0,19,False,True,0,0,55,43,32,3.94,AI is off,AI is off,AI is off,AI is off,Not paired,AI is off,0,0,0
286000,16.7,0,5,0.56,0.21,0,0,45,1,0,19,False,True,0,0,54,42,31,3.94,AI is off,AI is off,AI is off,AI is off,Not paired,AI is off,0,0,0
288000,16.7,0,5,0.56,0.21,0,0,45,1,0,19,False,True,0,0,54,42,32,3.94,AI is off,AI is off,AI is off,AI is off,Not paired,AI is off,0,0,0
290000,16.9,0,5,0.56,0.21,0,0,46,1,0,19,False,True,0,0,55,44,33,3.94,AI is off,AI is off,AI is off,AI is off,Not paired,AI is off,0,0,0
292000,17,0,5,0.56,0.21,0,0,46,1,0,19,False,True,0,0,55,43,32,3.94,AI is off,AI is off,AI is off,AI is off,Not paired,AI is off,0,0,0
294000,16.7,0,5,0.56,0.21,0,0,46,1,0,19,False,True,0,0,54,42,32,3.94,AI is off,AI is off,AI is off,AI is off,Not paired,AI is off,0,0,0
296000,16.7,0,5,0.56,0.21,0,0,46,1,0,19,False,True,0,0,53,38,29,3.94,AI is off,AI is off,AI is off,AI is off,Not paired,AI is off,0,0,0
298000,16.8,0,5,0.56,0.21,0,0,46,1,0,19,False,True,0,0,53,38,29,3.94,AI is off,AI is off,AI is off,AI is off,Not paired,AI is off,0,0,0
300000,17,0,5,0.56,0.21,0,0,45,1,0,19,False,True,0,0,52,37,27,3.94,AI is off,AI is off,AI is off,AI is off,Not paired,AI is off,0,0,0
302000,17.1,0,5,0.57,0.21,0,0,45,1,0,19,False,True,0,0,55,42,32,3.94,AI is off,AI is off,AI is off,AI is off,Not paired,AI is off,0,0,0
304000,17.2,0,5,0.57,0.21,0,0,45,1,0,19,False,True,0,0,54,42,31,3.94,AI is off,AI is off,AI is off,AI is off,Not paired,AI is off,0,0,0
306000,17.2,0,5,0.57,0.21,0,0,43,1,0,19,False,True,0,0,54,39,29,3.94,AI is off,AI is off,AI is off,AI is off,Not paired,AI is off,0,0,0
308000,17.2,0,5,0.57,0.21,0,0,43,1,0,19,False,True,0,0,53,39,30,3.94,AI is off,AI is off,AI is off,AI is off,Not paired,AI is off,0,0,0
310000,17.3,0,5,0.57,0.21,0,0,42,1,0,19,False,True,0,0,54,42,32,3.94,AI is off,AI is off,AI is off,AI is off,Not paired,AI is off,0,0,0
312000,17.3,0,5,0.57,0.21,0,0,42,1,0,19,False,True,0,0,55,44,33,3.94,AI is off,AI is off,AI is off,AI is off,Not paired,AI is off,0,0,0
314000,17.3,0,5,0.57,0.21,0,0,42,1,0,19,False,True,0,0,54,42,31,3.94,AI is off,AI is off,AI is off,AI is off,Not paired,AI is off,0,0,0
316000,17.5,0,5,0.57,0.21,0,0,42,1,0,19,False,True,0,0,54,42,32,3.94,AI is off,AI is off,AI is off,AI is off,Not paired,AI is off,0,0,0
318000,17.6,0,5,0.58,0.21,0,0,42,1,0,19,False,True,0,0,54,42,31,3.94,AI is off,AI is off,AI is off,AI is off,Not paired,AI is off,0,0,0
320000,17.6,0,5,0.58,0.21,0,0,40,1,0,19,False,True,0,0,54,41,32,3.94,AI is off,AI is off,AI is off,AI is off,Not paired,AI is off,0,0,0
322000,17.4,0,5,0.57,0.21,0,0,40,1,0,19,False,True,0,0,54,43,32,3.94,AI is off,AI is off,AI is off,AI is off,Not paired,AI is off,0,0,0
324000,17.2,0,5,0.57,0.21,0,0,40,1,0,19,False,True,0,0,54,42,31,3.94,AI is off,AI is off,AI is off,AI is off,Not paired,AI is off,0,0,0
326000,17.1,0,5,0.56,0.21,0,0,43,1,0,19,False,True,0,0,54,41,31,3.94,AI is off,AI is off,AI is off,AI is off,Not paired,AI is off,0,0,0
328000,17.1,0,5,0.57,0.21,0,0,43,1,0,19,False,True,0,0,53,40,30,3.94,AI is off,AI is off,AI is off,AI is off,Not paired,AI is off,0,0,0
330000,17.1,0,5,0.57,0.21,0,0,43,1,0,19,False,True,0,0,53,40,30,3.94,AI is off,AI is off,AI is off,AI is off,Not paired,AI is off,0,0,0
332000,17.1,0,5,0.57,0.21,0,0,43,1,0,19,False,True,0,0,54,41,30,3.94,AI is off,AI is off,AI is off,AI is off,Not paired,AI is off,0,0,0
334000,17.2,0,5,0.57,0.21,0,0,43,1,0,19,False,True,0,0,53,41,31,3.94,AI is off,AI is off,AI is off,AI is off,Not paired,AI is off,0,0,0
336000,17.3,0,5,0.57,0.21,0,0,42,1,0,19,False,True,0,0,54,41,30,3.94,AI is off,AI is off,AI is off,AI is off,Not paired,AI is off,0,0,0
338000,17.4,0,5,0.57,0.21,0,0,42,1,0,19,False,True,0,0,53,42,32,3.94,AI is off,AI is off,AI is off,AI is off,Not paired,AI is off,0,0,0
340000,17.5,0,5,0.57,0.21,0,0,42,1,0,19,False,True,0,0,53,41,31,3.94,AI is off,AI is off,AI is off,AI is off,Not paired,AI is off,0,0,0
342000,17.5,0,5,0.57,0.21,0,0,40,1,0,19,False,True,0,0,54,41,31,3.94,AI is off,AI is off,AI is off,AI is off,Not paired,AI is off,0,0,0
344000,17.6,0,5,0.57,0.21,0,0,40,1,0,19,False,True,0,0,54,41,30,3.94,AI is off,AI is off,AI is off,AI is off,Not paired,AI is off,0,0,0
346000,17.6,0,5,0.58,0.21,0,0,39,1,0,19,False,True,0,0,52,41,31,3.94,AI is off,AI is off,AI is off,AI is off,Not paired,AI is off,0,0,0
348000,17.5,0,5,0.57,0.21,0,0,39,1,0,19,False,True,0,0,54,42,32,3.94,AI is off,AI is off,AI is off,AI is off,Not paired,AI is off,0,0,0
350000,17.5,0,5,0.57,0.21,0,0,39,1,0,19,False,True,0,0,54,41,30,3.94,AI is off,AI is off,AI is off,AI is off,Not paired,AI is off,0,0,0
352000,17.7,0,5,0.58,0.21,0,0,39,1,0,19,False,True,0,0,54,43,32,3.94,AI is off,AI is off,AI is off,AI is off,Not paired,AI is off,0,0,0
354000,17.7,0,5,0.58,0.21,0,0,39,1,0,19,False,True,0,0,53,41,30,3.94,AI is off,AI is off,AI is off,AI is off,Not paired,AI is off,0,0,0
356000,17.7,0,5,0.58,0.21,0,0,39,1,0,19,False,True,0,0,53,41,30,3.94,AI is off,AI is off,AI is off,AI is off,Not paired,AI is off,0,0,0
358000,17.7,0,5,0.58,0.21,0,0,39,1,0,19,False,True,0,0,53,40,29,3.94,AI is off,AI is off,AI is off,AI is off,Not paired,AI is off,0,0,0
360000,17.8,0,5,0.58,0.21,0,0,39,1,0,19,False,True,0,0,54,43,32,3.94,AI is off,AI is off,AI is off,AI is off,Not paired,AI is off,0,0,0
362000,17.9,0,5,0.58,0.21,0,0,38,1,0,19,False,True,0,0,53,42,31,3.94,AI is off,AI is off,AI is off,AI is off,Not paired,AI is off,0,0,0
364000,17.7,0,5,0.58,0.21,0,0,38,1,0,19,False,True,0,0,54,41,31,3.94,AI is off,AI is off,AI is off,AI is off,Not paired,AI is off,0,0,0
366000,18,0,5,0.58,0.21,0,0,38,1,0,19,False,True,0,0,55,43,32,3.94,AI is off,AI is off,AI is off,AI is off,Not paired,AI is off,0,0,0
368000,18,0,5,0.58,0.21,0,0,38,1,0,19,False,True,0,0,55,44,33,3.94,AI is off,AI is off,AI is off,AI is off,Not paired,AI is off,0,0,0
370000,17.9,0,5,0.58,0.21,0,0,38,1,0,19,False,True,0,0,54,42,32,3.94,AI is off,AI is off,AI is off,AI is off,Not paired,AI is off,0,0,0
372000,17.8,0,5,0.58,0.21,0,0,38,1,0,19,False,True,0,0,55,43,33,3.94,AI is off,AI is off,AI is off,AI is off,Not paired,AI is off,0,0,0
374000,17.5,0,5,0.58,0.21,0,0,38,1,0,19,False,True,0,0,56,44,34,3.94,AI is off,AI is off,AI is off,AI is off,Not paired,AI is off,0,0,0
376000,17.4,0,5,0.57,0.21,0,0,38,1,0,19,False,True,0,0,55,43,34,3.94,AI is off,AI is off,AI is off,AI is off,Not paired,AI is off,0,0,0
378000,17.3,0,5,0.57,0.21,0,0,41,1,0,19,False,True,0,0,55,42,32,3.94,AI is off,AI is off,AI is off,AI is off,Not paired,AI is off,0,0,0
380000,17.3,0,5,0.57,0.21,0,0,41,1,0,19,False,True,0,0,55,43,33,3.94,AI is off,AI is off,AI is off,AI is off,Not paired,AI is off,0,0,0
382000,17.3,0,5,0.57,0.21,0,0,41,1,0,19,False,True,0,0,55,44,34,3.94,AI is off,AI is off,AI is off,AI is off,Not paired,AI is off,0,0,0
384000,17.4,0,5,0.57,0.21,0,0,41,1,0,19,False,True,0,0,54,42,31,3.94,AI is off,AI is off,AI is off,AI is off,Not paired,AI is off,0,0,0
386000,17.2,0,5,0.57,0.21,0,0,41,1,0,19,False,True,0,0,54,42,31,3.94,AI is off,AI is off,AI is off,AI is off,Not paired,AI is off,0,0,0
388000,17.2,0,5,0.57,0.21,0,0,41,1,0,19,False,True,0,0,54,42,31,3.94,AI is off,AI is off,AI is off,AI is off,Not paired,AI is off,0,0,0
390000,17.1,0,5,0.56,0.21,0,0,41,1,0,19,False,True,0,0,55,43,33,3.94,AI is off,AI is off,AI is off,AI is off,Not paired,AI is off,0,0,0
392000,17.2,0,5,0.57,0.21,0,0,41,1,0,19,False,True,0,0,54,42,32,3.94,AI is off,AI is off,AI is off,AI is off,Not paired,AI is off,0,0,0
394000,17.2,0,5,0.57,0.21,0,0,42,1,0,19,False,True,0,0,56,44,34,3.94,AI is off,AI is off,AI is off,AI is off,Not paired,AI is off,0,0,0
396000,17.2,0,5,0.57,0.21,0,0,42,1,0,19,False,True,0,0,56,44,33,3.94,AI is off,AI is off,AI is off,AI is off,Not paired,AI is off,0,0,0
398000,17.3,0,5,0.57,0.21,0,0,42,1,0,19,False,True,0,0,56,44,33,3.94,AI is off,AI is off,AI is off,AI is off,Not paired,AI is off,0,0,0
400000,17.2,0,5,0.57,0.21,0,0,41,1,0,19,False,True,0,0,53,39,29,3.94,AI is off,AI is off,AI is off,AI is off,Not paired,AI is off,0,0,0
402000,17.5,0,5,0.57,0.21,0,0,41,1,0,19,False,True,0,0,54,43,32,3.94,AI is off,AI is off,AI is off,AI is off,Not paired,AI is off,0,0,0
404000,17.5,0,5,0.57,0.21,0,0,39,1,0,19,False,True,0,0,55,43,33,3.94,AI is off,AI is off,AI is off,AI is off,Not paired,AI is off,0,0,0
406000,17.5,0,5,0.57,0.21,0,0,39,1,0,19,False,True,0,0,54,42,31,3.94,AI is off,AI is off,AI is off,AI is off,Not paired,AI is off,0,0,0
408000,17.4,0,5,0.57,0.21,0,0,39,1,0,19,False,True,0,0,55,45,34,3.94,AI is off,AI is off,AI is off,AI is off,Not paired,AI is off,0,0,0
410000,17.3,0,5,0.57,0.21,0,0,39,1,0,19,False,True,0,0,53,41,31,3.94,AI is off,AI is off,AI is off,AI is off,Not paired,AI is off,0,0,0
412000,17.3,0,5,0.57,0.21,0,0,39,1,0,19,False,True,0,0,54,42,31,3.94,AI is off,AI is off,AI is off,AI is off,Not paired,AI is off,0,0,0
414000,17.3,0,5,0.57,0.21,0,0,39,1,0,19,False,True,0,0,54,41,31,3.94,AI is off,AI is off,AI is off,AI is off,Not paired,AI is off,0,0,0
416000,17.2,0,5,0.57,0.21,0,0,40,1,0,19,False,True,0,0,54,42,32,3.94,AI is off,AI is off,AI is off,AI is off,Not paired,AI is off,0,0,0
418000,17.1,0,5,0.57,0.21,0,0,40,1,0,19,False,True,0,0,54,41,31,3.94,AI is off,AI is off,AI is off,AI is off,Not paired,AI is off,0,0,0
420000,17.1,0,5,0.56,0.21,0,0,42,1,0,19,False,True,0,0,54,42,32,3.94,AI is off,AI is off,AI is off,AI is off,Not paired,AI is off,0,0,0
422000,17.1,0,5,0.57,0.21,0,0,42,1,0,19,False,True,0,0,55,44,33,3.94,AI is off,AI is off,AI is off,AI is off,Not paired,AI is off,0,0,0
424000,17.2,0,5,0.57,0.21,0,0,42,1,0,19,False,True,0,0,55,44,33,3.94,AI is off,AI is off,AI is off,AI is off,Not paired,AI is off,0,0,0
426000,17.1,0,5,0.57,0.21,0,0,42,1,0,19,False,True,0,0,57,44,34,3.94,AI is off,AI is off,AI is off,AI is off,Not paired,AI is off,0,0,0
428000,17.1,0,5,0.57,0.21,0,0,42,1,0,19,False,True,0,0,55,43,33,3.94,AI is off,AI is off,AI is off,AI is off,Not paired,AI is off,0,0,0
430000,17.1,0,5,0.57,0.21,0,0,42,1,0,19,False,True,0,0,54,42,32,3.94,AI is off,AI is off,AI is off,AI is off,Not paired,AI is off,0,0,0
432000,17.2,0,5,0.57,0.21,0,0,42,1,0,19,False,True,0,0,54,42,32,3.94,AI is off,AI is off,AI is off,AI is off,Not paired,AI is off,0,0,0
434000,17,0,5,0.56,0.21,0,0,42,1,0,19,False,True,0,0,57,44,34,3.94,AI is off,AI is off,AI is off,AI is off,Not paired,AI is off,0,0,0
436000,17.1,0,5,0.56,0.21,0,0,42,1,0,19,False,True,0,0,56,44,33,3.94,AI is off,AI is off,AI is off,AI is off,Not paired,AI is off,0,0,0
438000,17.2,0,5,0.57,0.21,0,0,42,1,0,19,False,True,0,0,54,42,32,3.94,AI is off,AI is off,AI is off,AI is off,Not paired,AI is off,0,0,0
440000,17.2,0,5,0.57,0.21,0,0,40,1,0,19,False,True,0,0,54,42,32,3.94,AI is off,AI is off,AI is off,AI is off,Not paired,AI is off,0,0,0
442000,17,0,5,0.56,0.21,0,0,40,1,0,19,False,True,0,0,54,41,32,3.93,AI is off,AI is off,AI is off,AI is off,Not paired,AI is off,0,0,0
444000,16.8,0,5,0.56,0.21,0,0,40,1,0,19,False,True,0,0,54,41,30,3.93,AI is off,AI is off,AI is off,AI is off,Not paired,AI is off,0,0,0
446000,16.6,0,5,0.56,0.21,0,0,40,1,0,19,False,True,0,0,54,42,31,3.94,AI is off,AI is off,AI is off,AI is off,Not paired,AI is off,0,0,0
448000,16.4,0,5,0.55,0.21,0,0,40,1,0,19,False,True,0,0,54,42,32,3.93,AI is off,AI is off,AI is off,AI is off,Not paired,AI is off,0,0,0
450000,16.3,0,5,0.55,0.21,0,0,40,1,0,19,False,True,0,0,54,42,32,3.94,AI is off,AI is off,AI is off,AI is off,Not paired,AI is off,0,0,0
452000,16.2,0,5,0.55,0.21,0,0,46,1,0,19,False,True,0,0,54,42,33,3.93,AI is off,AI is off,AI is off,AI is off,Not paired,AI is off,0,0,0
454000,16.1,0,5,0.54,0.21,0,0,46,1,0,19,False,True,0,0,55,44,34,3.93,AI is off,AI is off,AI is off,AI is off,Not paired,AI is off,0,0,0
456000,15.9,0,5,0.54,0.21,0,0,48,1,0,19,False,True,0,0,56,44,34,3.93,AI is off,AI is off,AI is off,AI is off,Not paired,AI is off,0,0,0
458000,15.8,0,5,0.54,0.21,0,0,48,1,0,19,False,True,0,0,56,44,34,3.93,AI is off,AI is off,AI is off,AI is off,Not paired,AI is off,0,0,0
460000,15.5,0,5,0.53,0.21,0,0,48,1,0,19,False,True,0,0,54,40,30,3.93,AI is off,AI is off,AI is off,AI is off,Not paired,AI is off,0,0,0
462000,15.4,0,5,0.53,0.21,0,0,48,1,0,19,False,True,0,0,54,40,30,3.93,AI is off,AI is off,AI is off,AI is off,Not paired,AI is off,0,0,0
464000,15.4,0,5,0.53,0.21,0,0,48,1,0,19,False,True,0,0,54,39,30,3.93,AI is off,AI is off,AI is off,AI is off,Not paired,AI is off,0,0,0
466000,15.5,0,5,0.53,0.21,0,0,48,1,0,19,False,True,0,0,54,43,33,3.94,AI is off,AI is off,AI is off,AI is off,Not paired,AI is off,0,0,0
468000,15.5,0,5,0.53,0.21,0,0,52,1,0,19,False,True,0,0,54,42,32,3.93,AI is off,AI is off,AI is off,AI is off,Not paired,AI is off,0,0,0
470000,15.5,0,5,0.53,0.21,0,0,52,1,0,19,False,True,0,0,52,38,27,3.93,AI is off,AI is off,AI is off,AI is off,Not paired,AI is off,0,0,0
472000,15.4,0,5,0.53,0.21,0,0,52,1,0,19,False,True,0,0,54,40,29,3.94,AI is off,AI is off,AI is off,AI is off,Not paired,AI is off,0,0,0
474000,15.5,0,5,0.53,0.21,0,0,52,1,0,19,False,True,0,0,54,41,31,3.93,AI is off,AI is off,AI is off,AI is off,Not paired,AI is off,0,0,0
476000,15.5,0,5,0.53,0.21,0,0,52,1,0,19,False,True,0,0,54,42,32,3.94,AI is off,AI is off,AI is off,AI is off,Not paired,AI is off,0,0,0
478000,15.7,0,5,0.53,0.21,0,0,52,1,0,19,False,True,0,0,53,41,30,3.93,AI is off,AI is off,AI is off,AI is off,Not paired,AI is off,0,0,0
480000,16,0,5,0.54,0.21,0,0,52,1,0,19,False,True,0,0,55,43,33,3.93,AI is off,AI is off,AI is off,AI is off,Not paired,AI is off,0,0,0
482000,16.4,0,5,0.55,0.21,0,0,52,1,0,19,False,True,0,0,54,43,33,3.93,AI is off,AI is off,AI is off,AI is off,Not paired,AI is off,0,0,0
484000,16.6,0,5,0.55,0.21,0,0,44,1,0,19,False,True,0,0,54,42,33,3.93,AI is off,AI is off,AI is off,AI is off,Not paired,AI is off,0,0,0
486000,16.9,0,5,0.56,0.21,0,0,44,1,0,19,False,True,0,0,54,42,32,3.93,AI is off,AI is off,AI is off,AI is off,Not paired,AI is off,0,0,0
488000,17,0,5,0.56,0.21,0,0,41,1,0,19,False,True,0,0,55,43,33,3.93,AI is off,AI is off,AI is off,AI is off,Not paired,AI is off,0,0,0
490000,17,0,5,0.56,0.21,0,0,41,1,0,19,False,True,0,0,55,43,33,3.94,AI is off,AI is off,AI is off,AI is off,Not paired,AI is off,0,0,0
492000,17.2,0,5,0.57,0.21,0,0,41,1,0,19,False,True,0,0,54,42,32,3.94,AI is off,AI is off,AI is off,AI is off,Not paired,AI is off,0,0,0
494000,17.2,0,5,0.57,0.21,0,0,40,1,0,19,False,True,0,0,54,41,31,3.94,AI is off,AI is off,AI is off,AI is off,Not paired,AI is off,0,0,0
496000,17.2,0,5,0.57,0.21,0,0,40,1,0,19,False,True,0,0,54,41,30,3.93,AI is off,AI is off,AI is off,AI is off,Not paired,AI is off,0,0,0
498000,17.1,0,5,0.57,0.21,0,0,40,1,0,19,False,True,0,0,55,45,34,3.93,AI is off,AI is off,AI is off,AI is off,Not paired,AI is off,0,0,0
500000,17.1,0,5,0.56,0.21,0,0,40,1,0,19,False,True,0,0,55,44,33,3.93,AI is off,AI is off,AI is off,AI is off,Not paired,AI is off,0,0,0
502000,17.1,0,5,0.56,0.21,0,0,40,1,0,19,False,True,0,0,54,43,33,3.93,AI is off,AI is off,AI is off,AI is off,Not paired,AI is off,0,0,0
504000,17.1,0,5,0.57,0.21,0,0,40,1,0,19,False,True,0,0,55,45,35,3.93,AI is off,AI is off,AI is off,AI is off,Not paired,AI is off,0,0,0
506000,16.8,0,5,0.56,0.21,0,0,40,1,0,19,False,True,0,0,54,39,29,3.93,AI is off,AI is off,AI is off,AI is off,Not paired,AI is off,0,0,0
508000,16.7,0,5,0.56,0.21,0,0,40,1,0,19,False,True,0,0,56,42,32,3.93,AI is off,AI is off,AI is off,AI is off,Not paired,AI is off,0,0,0
510000,16.7,0,5,0.56,0.21,0,0,42,1,0,19,False,True,0,0,54,39,29,3.93,AI is off,AI is off,AI is off,AI is off,Not paired,AI is off,0,0,0
512000,16.6,0,5,0.56,0.21,0,0,42,1,0,19,False,True,0,0,53,40,31,3.93,AI is off,AI is off,AI is off,AI is off,Not paired,AI is off,0,0,0
514000,16.6,0,5,0.56,0.21,0,0,42,1,0,19,False,True,0,0,55,42,32,3.93,AI is off,AI is off,AI is off,AI is off,Not paired,AI is off,0,0,0
516000,16.6,0,5,0.56,0.21,0,0,42,1,0,19,False,True,0,0,56,45,35,3.93,AI is off,AI is off,AI is off,AI is off,Not paired,AI is off,0,0,0
518000,16.6,0,5,0.56,0.21,0,0,42,1,0,19,False,True,0,0,56,45,35,3.93,AI is off,AI is off,AI is off,AI is off,Not paired,AI is off,0,0,0
520000,16.7,0,5,0.56,0.21,0,0,42,1,0,19,False,True,0,0,55,43,33,3.93,AI is off,AI is off,AI is off,AI is off,Not paired,AI is off,0,0,0
522000,16.7,0,5,0.56,0.21,0,0,42,1,0,19,False,True,0,0,54,40,31,3.93,AI is off,AI is off,AI is off,AI is off,Not paired,AI is off,0,0,0
524000,16.9,0,5,0.56,0.21,0,0,42,1,0,19,False,True,0,0,53,38,29,3.93,AI is off,AI is off,AI is off,AI is off,Not paired,AI is off,0,0,0
526000,17.1,0,5,0.56,0.21,0,0,41,1,0,19,False,True,0,0,55,44,33,3.93,AI is off,AI is off,AI is off,AI is off,Not paired,AI is off,0,0,0
528000,17,0,5,0.56,0.21,0,0,41,1,0,19,False,True,0,0,56,44,33,3.93,AI is off,AI is off,AI is off,AI is off,Not paired,AI is off,0,0,0
530000,17.1,0,5,0.56,0.21,0,0,41,1,0,19,False,True,0,0,54,39,30,3.93,AI is off,AI is off,AI is off,AI is off,Not paired,AI is off,0,0,0
532000,17.1,0,5,0.56,0.21,0,0,41,1,0,19,False,True,0,0,56,45,36,3.93,AI is off,AI is off,AI is off,AI is off,Not paired,AI is off,0,0,0
534000,17.1,0,5,0.56,0.21,0,0,41,1,0,19,False,True,0,0,55,43,33,3.93,AI is off,AI is off,AI is off,AI is off,Not paired,AI is off,0,0,0
536000,17.1,0,5,0.57,0.21,0,0,40,1,0,19,False,True,0,0,54,43,32,3.93,AI is off,AI is off,AI is off,AI is off,Not paired,AI is off,0,0,0
538000,17,0,5,0.56,0.21,0,0,40,1,0,19,False,True,0,0,56,45,35,3.93,AI is off,AI is off,AI is off,AI is off,Not paired,AI is off,0,0,0
540000,16.8,0,5,0.56,0.21,0,0,41,1,0,19,False,True,0,0,54,40,31,3.93,AI is off,AI is off,AI is off,AI is off,Not paired,AI is off,0,0,0
542000,17.1,0,5,0.56,0.21,0,0,41,1,0,19,False,True,0,0,54,39,29,3.93,AI is off,AI is off,AI is off,AI is off,Not paired,AI is off,0,0,0
544000,17.1,0,5,0.56,0.21,0,0,41,1,0,19,False,True,0,0,55,42,33,3.93,AI is off,AI is off,AI is off,AI is off,Not paired,AI is off,0,0,0
546000,17.2,0,5,0.57,0.21,0,0,39,1,0,19,False,True,0,0,53,38,29,3.93,AI is off,AI is off,AI is off,AI is off,Not paired,AI is off,0,0,0
548000,17.2,0,5,0.57,0.21,0,0,39,1,0,19,False,True,0,0,53,40,31,3.93,AI is off,AI is off,AI is off,AI is off,Not paired,AI is off,0,0,0
550000,17.4,0,5,0.57,0.21,0,0,39,1,0,19,False,True,0,0,54,40,30,3.93,AI is off,AI is off,AI is off,AI is off,Not paired,AI is off,0,0,0
552000,17.4,0,5,0.57,0.21,0,0,39,1,0,19,False,True,0,0,56,45,35,3.93,AI is off,AI is off,AI is off,AI is off,Not paired,AI is off,0,0,0
554000,17.4,0,5,0.57,0.21,0,0,39,1,0,19,False,True,0,0,54,42,31,3.93,AI is off,AI is off,AI is off,AI is off,Not paired,AI is off,0,0,0
556000,17.8,0,5,0.58,0.21,0,0,36,1,0,19,False,True,0,0,55,44,33,3.93,AI is off,AI is off,AI is off,AI is off,Not paired,AI is off,0,0,0
558000,18,0,5,0.58,0.21,0,0,36,1,0,19,False,True,0,0,55,44,34,3.93,AI is off,AI is off,AI is off,AI is off,Not paired,AI is off,0,0,0
560000,18.1,0,5,0.58,0.21,0,0,36,1,0,19,False,True,0,0,54,42,32,3.93,AI is off,AI is off,AI is off,AI is off,Not paired,AI is off,0,0,0
562000,17.9,0,5,0.58,0.21,0,0,34,1,0,19,False,True,0,0,55,43,33,3.93,AI is off,AI is off,AI is off,AI is off,Not paired,AI is off,0,0,0
564000,17.9,0,5,0.58,0.21,0,0,34,1,0,19,False,True,0,0,54,41,31,3.93,AI is off,AI is off,AI is off,AI is off,Not paired,AI is off,0,0,0
566000,17.9,0,5,0.58,0.21,0,0,34,1,0,19,False,True,0,0,53,40,30,3.93,AI is off,AI is off,AI is off,AI is off,Not paired,AI is off,0,0,0
568000,17.7,0,5,0.58,0.21,0,0,34,1,0,19,False,True,0,0,54,41,31,3.93,AI is off,AI is off,AI is off,AI is off,Not paired,AI is off,0,0,0
570000,17.7,0,5,0.58,0.21,0,0,34,1,0,19,False,True,0,0,54,41,31,3.93,AI is off,AI is off,AI is off,AI is off,Not paired,AI is off,0,0,0
572000,17.6,0,5,0.58,0.21,0,0,34,1,0,19,False,True,0,0,53,41,30,3.93,AI is off,AI is off,AI is off,AI is off,Not paired,AI is off,0,0,0
574000,17.5,0,5,0.57,0.21,0,0,34,1,0,19,False,True,0,0,54,42,31,3.93,AI is off,AI is off,AI is off,AI is off,Not paired,AI is off,0,0,0
576000,17.5,0,5,0.57,0.21,0,0,34,1,0,19,False,True,0,0,55,43,33,3.93,AI is off,AI is off,AI is off,AI is off,Not paired,AI is off,0,0,0
578000,17.4,0,5,0.57,0.21,0,0,36,1,0,19,False,True,0,0,57,45,34,3.93,AI is off,AI is off,AI is off,AI is off,Not paired,AI is off,0,0,0
580000,17.7,0,5,0.58,0.21,0,0,36,1,0,19,False,True,0,0,55,44,34,3.93,AI is off,AI is off,AI is off,AI is off,Not paired,AI is off,0,0,0
582000,17.8,0,5,0.58,0.21,0,0,34,1,0,19,False,True,0,0,54,42,32,3.93,AI is off,AI is off,AI is off,AI is off,Not paired,AI is off,0,0,0
584000,17.7,0,5,0.58,0.21,0,0,34,1,0,19,False,True,0,0,55,43,32,3.93,AI is off,AI is off,AI is off,AI is off,Not paired,AI is off,0,0,0
586000,17.9,0,5,0.58,0.21,0,0,34,1,0,19,False,True,0,0,55,44,34,3.93,AI is off,AI is off,AI is off,AI is off,Not paired,AI is off,0,0,0
588000,18.2,0,5,0.59,0.21,0,0,33,1,0,19,False,True,0,0,54,41,31,3.93,AI is off,AI is off,AI is off,AI is off,Not paired,AI is off,0,0,0
590000,18.3,0,5,0.59,0.21,0,0,33,1,0,19,False,True,0,0,54,42,32,3.93,AI is off,AI is off,AI is off,AI is off,Not paired,AI is off,0,0,0
592000,18.3,0,5,0.59,0.21,0,0,33,1,0,19,False,True,0,0,54,42,32,3.93,AI is off,AI is off,AI is off,AI is off,Not paired,AI is off,0,0,0
594000,18.5,0,5,0.59,0.21,0,0,33,1,0,19,False,True,0,0,54,43,32,3.93,AI is off,AI is off,AI is off,AI is off,Not paired,AI is off,0,0,0
596000,18.4,0,5,0.59,0.21,0,0,33,1,0,19,False,True,0,0,55,43,32,3.93,AI is off,AI is off,AI is off,AI is off,Not paired,AI is off,0,0,0
598000,18.4,0,5,0.59,0.21,0,0,31,1,0,19,False,True,0,0,55,44,33,3.93,AI is off,AI is off,AI is off,AI is off,Not paired,AI is off,0,0,0
600000,18.4,0,5,0.59,0.21,0,0,31,1,0,19,False,True,0,0,54,43,32,3.93,AI is off,AI is off,AI is off,AI is off,Not paired,AI is off,0,0,0
602000,18.4,0,5,0.59,0.21,0,0,31,1,0,19,False,True,0,0,54,42,32,3.93,AI is off,AI is off,AI is off,AI is off,Not paired,AI is off,0,0,0
604000,18.3,0,5,0.59,0.21,0,0,31,1,0,19,False,True,0,0,55,44,33,3.93,AI is off,AI is off,AI is off,AI is off,Not paired,AI is off,0,0,0
606000,18.4,0,5,0.59,0.21,0,0,31,1,0,19,False,True,0,0,55,43,32,3.93,AI is off,AI is off,AI is off,AI is off,Not paired,AI is off,0,0,0
608000,18.2,0,5,0.59,0.21,0,0,31,1,0,19,False,True,0,0,55,43,32,3.93,AI is off,AI is off,AI is off,AI is off,Not paired,AI is off,0,0,0
610000,18.4,0,5,0.59,0.21,0,0,31,1,0,19,False,True,0,0,55,44,33,3.93,AI is off,AI is off,AI is off,AI is off,Not paired,AI is off,0,0,0
612000,18.4,0,5,0.59,0.21,0,0,31,1,0,19,False,True,0,0,56,44,34,3.93,AI is off,AI is off,AI is off,AI is off,Not paired,AI is off,0,0,0
614000,18.4,0,5,0.59,0.21,0,0,31,1,0,19,False,True,0,0,55,44,33,3.93,AI is off,AI is off,AI is off,AI is off,Not paired,AI is off,0,0,0
616000,18.3,0,5,0.59,0.21,0,0,31,1,0,19,False,True,0,0,55,44,33,3.93,AI is off,AI is off,AI is off,AI is off,Not paired,AI is off,0,0,0
618000,18.3,0,5,0.59,0.21,0,0,31,1,0,19,False,True,0,0,56,44,34,3.93,AI is off,AI is off,AI is off,AI is off,Not paired,AI is off,0,0,0
620000,18.3,0,5,0.59,0.21,0,0,31,1,0,19,False,True,0,0,55,44,33,3.93,AI is off,AI is off,AI is off,AI is off,Not paired,AI is off,0,0,0
622000,18.3,0,5,0.59,0.21,0,0,31,1,0,19,False,True,0,0,56,44,34,3.93,AI is off,AI is off,AI is off,AI is off,Not paired,AI is off,0,0,0
624000,18.2,0,5,0.59,0.21,0,0,32,1,0,19,False,True,0,0,55,44,33,3.93,AI is off,AI is off,AI is off,AI is off,Not paired,AI is off,0,0,0
626000,18.2,0,5,0.59,0.21,0,0,32,1,0,19,False,True,0,0,55,44,32,3.93,AI is off,AI is off,AI is off,AI is off,Not paired,AI is off,0,0,0
628000,18.2,0,5,0.59,0.21,0,0,32,1,0,19,False,True,0,0,55,44,34,3.93,AI is off,AI is off,AI is off,AI is off,Not paired,AI is off,0,0,0
630000,18.2,0,5,0.59,0.21,0,0,32,1,0,19,False,True,0,0,56,44,33,3.93,AI is off,AI is off,AI is off,AI is off,Not paired,AI is off,0,0,0
632000,18.3,0,5,0.59,0.21,0,0,32,1,0,19,False,True,0,0,55,44,33,3.93,AI is off,AI is off,AI is off,AI is off,Not paired,AI is off,0,0,0
634000,18.4,0,5,0.59,0.21,0,0,32,1,0,19,False,True,0,0,55,44,33,3.93,AI is off,AI is off,AI is off,AI is off,Not paired,AI is off,0,0,0
636000,18.4,0,5,0.59,0.21,0,0,30,1,0,19,False,True,0,0,55,43,33,3.93,AI is off,AI is off,AI is off,AI is off,Not paired,AI is off,0,0,0
638000,18.5,0,5,0.59,0.21,0,0,30,1,0,19,False,True,0,0,56,44,33,3.93,AI is off,AI is off,AI is off,AI is off,Not paired,AI is off,0,0,0
640000,18.5,0,5,0.59,0.21,0,0,30,1,0,19,False,True,0,0,55,44,34,3.93,AI is off,AI is off,AI is off,AI is off,Not paired,AI is off,0,0,0
642000,18.4,0,5,0.59,0.21,0,0,30,1,0,19,False,True,0,0,55,43,32,3.93,AI is off,AI is off,AI is off,AI is off,Not paired,AI is off,0,0,0
644000,18.4,0,5,0.59,0.21,0,0,30,1,0,19,False,True,0,0,55,44,33,3.93,AI is off,AI is off,AI is off,AI is off,Not paired,AI is off,0,0,0
646000,18.4,0,5,0.59,0.21,0,0,30,1,0,19,False,True,0,0,55,43,33,3.93,AI is off,AI is off,AI is off,AI is off,Not paired,AI is off,0,0,0
648000,18.3,0,5,0.59,0.21,0,0,30,1,0,19,False,True,0,0,55,44,33,3.93,AI is off,AI is off,AI is off,AI is off,Not paired,AI is off,0,0,0
650000,18.2,0,5,0.59,0.21,0,0,30,1,0,19,False,True,0,0,55,44,33,3.93,AI is off,AI is off,AI is off,AI is off,Not paired,AI is off,0,0,0
652000,18.2,0,5,0.59,0.21,0,0,31,1,0,19,False,True,0,0,55,43,32,3.93,AI is off,AI is off,AI is off,AI is off,Not paired,AI is off,0,0,0
654000,18.1,0,5,0.59,0.21,0,0,31,1,0,19,False,True,0,0,55,44,33,3.93,AI is off,AI is off,AI is off,AI is off,Not paired,AI is off,0,0,0
656000,17.9,0,5,0.58,0.21,0,0,31,1,0,19,False,True,0,0,55,44,34,3.93,AI is off,AI is off,AI is off,AI is off,Not paired,AI is off,0,0,0
658000,17.7,0,5,0.58,0.21,0,0,33,1,0,19,False,True,0,0,55,44,34,3.93,AI is off,AI is off,AI is off,AI is off,Not paired,AI is off,0,0,0
660000,17.4,0,5,0.57,0.21,0,0,33,1,0,19,False,True,0,0,56,43,33,3.93,AI is off,AI is off,AI is off,AI is off,Not paired,AI is off,0,0,0
662000,17.2,0,5,0.57,0.21,0,0,33,1,0,19,False,True,0,0,56,44,34,3.93,AI is off,AI is off,AI is off,AI is off,Not paired,AI is off,0,0,0
664000,17.2,0,5,0.57,0.21,0,0,33,1,0,19,False,True,0,0,55,44,34,3.93,AI is off,AI is off,AI is off,AI is off,Not paired,AI is off,0,0,0
666000,17.2,0,5,0.57,0.21,0,0,33,1,0,19,False,True,0,0,56,43,32,3.93,AI is off,AI is off,AI is off,AI is off,Not paired,AI is off,0,0,0
668000,17.1,0,5,0.57,0.21,0,0,37,1,0,19,False,True,0,0,55,44,34,3.93,AI is off,AI is off,AI is off,AI is off,Not paired,AI is off,0,0,0
670000,17.1,0,5,0.57,0.21,0,0,37,1,0,19,False,True,0,0,55,44,34,3.93,AI is off,AI is off,AI is off,AI is off,Not paired,AI is off,0,0,0
672000,17.2,0,5,0.57,0.21,0,0,37,1,0,19,False,True,0,0,55,43,34,3.93,AI is off,AI is off,AI is off,AI is off,Not paired,AI is off,0,0,0
674000,17.2,0,5,0.57,0.21,0,0,36,1,0,19,False,True,0,0,55,44,33,3.93,AI is off,AI is off,AI is off,AI is off,Not paired,AI is off,0,0,0
676000,17.3,0,5,0.57,0.21,0,0,36,1,0,19,False,True,0,0,56,44,34,3.93,AI is off,AI is off,AI is off,AI is off,Not paired,AI is off,0,0,0
678000,17.3,0,5,0.57,0.21,0,0,36,1,0,19,False,True,0,0,57,44,34,3.93,AI is off,AI is off,AI is off,AI is off,Not paired,AI is off,0,0,0
680000,17.3,0,5,0.57,0.21,0,0,36,1,0,19,False,True,0,0,55,44,34,3.93,AI is off,AI is off,AI is off,AI is off,Not paired,AI is off,0,0,0
682000,17.3,0,5,0.57,0.21,0,0,36,1,0,19,False,True,0,0,54,42,33,3.93,AI is off,AI is off,AI is off,AI is off,Not paired,AI is off,0,0,0
684000,17.3,0,5,0.57,0.21,0,0,36,1,0,19,False,True,0,0,55,44,33,3.93,AI is off,AI is off,AI is off,AI is off,Not paired,AI is off,0,0,0
686000,17.3,0,5,0.57,0.21,0,0,36,1,0,19,False,True,0,0,55,44,33,3.93,AI is off,AI is off,AI is off,AI is off,Not paired,AI is off,0,0,0
688000,17.3,0,5,0.57,0.21,0,0,36,1,0,19,False,True,0,0,54,40,31,3.93,AI is off,AI is off,AI is off,AI is off,Not paired,AI is off,0,0,0
690000,17.3,0,5,0.57,0.21,0,0,36,1,0,19,False,True,0,0,54,41,31,3.93,AI is off,AI is off,AI is off,AI is off,Not paired,AI is off,0,0,0
692000,17.2,0,5,0.57,0.21,0,0,36,1,0,19,False,True,0,0,54,39,31,3.93,AI is off,AI is off,AI is off,AI is off,Not paired,AI is off,0,0,0
694000,17.3,0,5,0.57,0.21,0,0,36,1,0,19,False,True,0,0,54,39,29,3.93,AI is off,AI is off,AI is off,AI is off,Not paired,AI is off,0,0,0
696000,17.4,0,5,0.57,0.21,0,0,36,1,0,19,False,True,0,0,54,40,32,3.93,AI is off,AI is off,AI is off,AI is off,Not paired,AI is off,0,0,0
698000,17.4,0,5,0.57,0.21,0,0,36,1,0,19,False,True,0,0,55,41,32,3.93,AI is off,AI is off,AI is off,AI is off,Not paired,AI is off,0,0,0
700000,17.3,0,5,0.57,0.21,0,0,36,1,0,19,False,True,0,0,53,39,31,3.93,AI is off,AI is off,AI is off,AI is off,Not paired,AI is off,0,0,0
702000,17.4,0,5,0.57,0.21,0,0,36,1,0,19,False,True,0,0,54,38,29,3.93,AI is off,AI is off,AI is off,AI is off,Not paired,AI is off,0,0,0
704000,17.4,0,5,0.57,0.21,0,0,34,1,0,19,False,True,0,0,55,42,33,3.93,AI is off,AI is off,AI is off,AI is off,Not paired,AI is off,0,0,0
706000,17.4,0,5,0.57,0.21,0,0,34,1,0,19,False,True,0,0,54,38,28,3.93,AI is off,AI is off,AI is off,AI is off,Not paired,AI is off,0,0,0
708000,17.4,0,5,0.57,0.21,0,0,34,1,0,19,False,True,0,0,54,38,28,3.93,AI is off,AI is off,AI is off,AI is off,Not paired,AI is off,0,0,0
710000,17.4,0,5,0.57,0.21,0,0,35,1,0,19,False,True,0,0,54,40,30,3.93,AI is off,AI is off,AI is off,AI is off,Not paired,AI is off,0,0,0
712000,17.5,0,5,0.57,0.21,0,0,35,1,0,19,False,True,0,0,56,44,34,3.93,AI is off,AI is off,AI is off,AI is off,Not paired,AI is off,0,0,0
714000,17.5,0,5,0.57,0.21,0,0,35,1,0,19,False,True,0,0,54,40,31,3.93,AI is off,AI is off,AI is off,AI is off,Not paired,AI is off,0,0,0
716000,17.4,0,5,0.57,0.21,0,0,35,1,0,19,False,True,0,0,55,44,34,3.93,AI is off,AI is off,AI is off,AI is off,Not paired,AI is off,0,0,0
718000,17.5,0,5,0.57,0.21,0,0,35,1,0,19,False,True,0,0,55,44,34,3.93,AI is off,AI is off,AI is off,AI is off,Not paired,AI is off,0,0,0
720000,17.7,0,5,0.58,0.21,0,0,33,1,0,19,False,True,0,0,54,39,31,3.93,AI is off,AI is off,AI is off,AI is off,Not paired,AI is off,0,0,0
722000,17.6,0,5,0.58,0.21,0,0,33,1,0,19,False,True,0,0,53,39,30,3.93,AI is off,AI is off,AI is off,AI is off,Not paired,AI is off,0,0,0
724000,17.7,0,5,0.58,0.21,0,0,33,1,0,19,False,True,0,0,54,38,29,3.93,AI is off,AI is off,AI is off,AI is off,Not paired,AI is off,0,0,0
726000,17.8,0,5,0.58,0.21,0,0,32,1,0,19,False,True,0,0,57,44,33,3.93,AI is off,AI is off,AI is off,AI is off,Not paired,AI is off,0,0,0
728000,17.8,0,5,0.58,0.21,0,0,32,1,0,19,False,True,0,0,55,44,33,3.93,AI is off,AI is off,AI is off,AI is off,Not paired,AI is off,0,0,0
730000,17.7,0,5,0.58,0.21,0,0,32,1,0,19,False,True,0,0,55,45,35,3.93,AI is off,AI is off,AI is off,AI is off,Not paired,AI is off,0,0,0
732000,17.6,0,5,0.58,0.21,0,0,32,1,0,19,False,True,0,0,57,44,34,3.93,AI is off,AI is off,AI is off,AI is off,Not paired,AI is off,0,0,0
734000,17.5,0,5,0.57,0.21,0,0,32,1,0,19,False,True,0,0,55,40,29,3.93,AI is off,AI is off,AI is off,AI is off,Not paired,AI is off,0,0,0
736000,17.6,0,5,0.58,0.21,0,0,33,1,0,19,False,True,0,0,56,44,34,3.93,AI is off,AI is off,AI is off,AI is off,Not paired,AI is off,0,0,0
738000,17.6,0,5,0.58,0.21,0,0,33,1,0,19,False,True,0,0,57,44,33,3.93,AI is off,AI is off,AI is off,AI is off,Not paired,AI is off,0,0,0
740000,17.6,0,5,0.58,0.21,0,0,33,1,0,19,False,True,0,0,55,41,30,3.93,AI is off,AI is off,AI is off,AI is off,Not paired,AI is off,0,0,0
742000,17.6,0,5,0.58,0.21,0,0,33,1,0,19,False,True,0,0,54,39,29,3.93,AI is off,AI is off,AI is off,AI is off,Not paired,AI is off,0,0,0
744000,17.7,0,5,0.58,0.21,0,0,33,1,0,19,False,True,0,0,56,43,34,3.93,AI is off,AI is off,AI is off,AI is off,Not paired,AI is off,0,0,0
746000,17.7,0,5,0.58,0.21,0,0,33,1,0,19,False,True,0,0,55,44,34,3.93,AI is off,AI is off,AI is off,AI is off,Not paired,AI is off,0,0,0
748000,17.5,0,5,0.57,0.21,0,0,33,1,0,19,False,True,0,0,55,44,34,3.93,AI is off,AI is off,AI is off,AI is off,Not paired,AI is off,0,0,0
750000,17.6,0,5,0.57,0.21,0,0,33,1,0,19,False,True,0,0,55,43,32,3.93,AI is off,AI is off,AI is off,AI is off,Not paired,AI is off,0,0,0
752000,17.5,0,5,0.57,0.21,0,0,33,1,0,19,False,True,0,0,54,40,31,3.93,AI is off,AI is off,AI is off,AI is off,Not paired,AI is off,0,0,0
754000,17.4,0,5,0.57,0.21,0,0,33,1,0,19,False,True,0,0,53,40,32,3.93,AI is off,AI is off,AI is off,AI is off,Not paired,AI is off,0,0,0
756000,17.3,0,5,0.57,0.21,0,0,33,1,0,19,False,True,0,0,53,40,32,3.93,AI is off,AI is off,AI is off,AI is off,Not paired,AI is off,0,0,0
758000,17.2,0,5,0.57,0.21,0,0,35,1,0,19,False,True,0,0,55,40,32,3.93,AI is off,AI is off,AI is off,AI is off,Not paired,AI is off,0,0,0
760000,17,0,5,0.56,0.21,0,0,35,1,0,19,False,True,0,0,54,39,30,3.93,AI is off,AI is off,AI is off,AI is off,Not paired,AI is off,0,0,0
762000,16.9,0,5,0.56,0.21,0,0,35,1,0,19,False,True,0,0,53,39,29,3.93,AI is off,AI is off,AI is off,AI is off,Not paired,AI is off,0,0,0
764000,16.8,0,5,0.56,0.21,0,0,35,1,0,19,False,True,0,0,56,43,34,3.93,AI is off,AI is off,AI is off,AI is off,Not paired,AI is off,0,0,0
766000,16.9,0,5,0.56,0.21,0,0,35,1,0,19,False,True,0,0,54,39,31,3.93,AI is off,AI is off,AI is off,AI is off,Not paired,AI is off,0,0,0
768000,16.9,0,5,0.56,0.21,0,0,35,1,0,19,False,True,0,0,54,40,30,3.93,AI is off,AI is off,AI is off,AI is off,Not paired,AI is off,0,0,0
770000,16.8,0,5,0.56,0.21,0,0,37,1,0,19,False,True,0,0,54,39,31,3.93,AI is off,AI is off,AI is off,AI is off,Not paired,AI is off,0,0,0
772000,16.8,0,5,0.56,0.21,0,0,37,1,0,19,False,True,0,0,53,39,30,3.93,AI is off,AI is off,AI is off,AI is off,Not paired,AI is off,0,0,0
774000,16.9,0,5,0.56,0.21,0,0,37,1,0,19,False,True,0,0,54,40,31,3.93,AI is off,AI is off,AI is off,AI is off,Not paired,AI is off,0,0,0
776000,17.4,0,5,0.57,0.21,0,0,37,1,0,19,False,True,0,0,55,45,34,3.93,AI is off,AI is off,AI is off,AI is off,Not paired,AI is off,0,0,0
778000,17.6,0,5,0.57,0.21,0,0,37,1,0,19,False,True,0,0,55,44,33,3.93,AI is off,AI is off,AI is off,AI is off,Not paired,AI is off,0,0,0
780000,17.4,0,5,0.57,0.21,0,0,37,1,0,19,False,True,0,0,55,44,34,3.93,AI is off,AI is off,AI is off,AI is off,Not paired,AI is off,0,0,0
782000,17.2,0,5,0.57,0.21,0,0,37,1,0,19,False,True,0,0,55,42,31,3.93,AI is off,AI is off,AI is off,AI is off,Not paired,AI is off,0,0,0
784000,17.1,0,5,0.57,0.21,0,0,37,1,0,19,False,True,0,0,56,44,34,3.93,AI is off,AI is off,AI is off,AI is off,Not paired,AI is off,0,0,0
786000,17,0,5,0.56,0.21,0,0,36,1,0,19,False,True,0,0,54,39,30,3.93,AI is off,AI is off,AI is off,AI is off,Not paired,AI is off,0,0,0
788000,17.1,0,5,0.56,0.21,0,0,36,1,0,19,False,True,0,0,54,40,30,3.93,AI is off,AI is off,AI is off,AI is off,Not paired,AI is off,0,0,0
790000,17.3,0,5,0.57,0.21,0,0,36,1,0,19,False,True,0,0,54,42,32,3.93,AI is off,AI is off,AI is off,AI is off,Not paired,AI is off,0,0,0
792000,17.2,0,5,0.57,0.21,0,0,34,1,0,19,False,True,0,0,54,42,33,3.93,AI is off,AI is off,AI is off,AI is off,Not paired,AI is off,0,0,0
794000,17.1,0,5,0.56,0.21,0,0,34,1,0,19,False,True,0,0,54,43,33,3.93,AI is off,AI is off,AI is off,AI is off,Not paired,AI is off,0,0,0
796000,16.9,0,5,0.56,0.21,0,0,34,1,0,19,False,True,0,0,54,43,33,3.93,AI is off,AI is off,AI is off,AI is off,Not paired,AI is off,0,0,0
798000,16.8,0,5,0.56,0.21,0,0,34,1,0,19,False,True,0,0,55,43,34,3.93,AI is off,AI is off,AI is off,AI is off,Not paired,AI is off,0,0,0
800000,16.5,0,5,0.55,0.21,0,0,34,1,0,19,False,True,0,0,55,44,33,3.93,AI is off,AI is off,AI is off,AI is off,Not paired,AI is off,0,0,0
802000,16.4,0,5,0.55,0.21,0,0,38,1,0,19,False,True,0,0,56,44,35,3.93,AI is off,AI is off,AI is off,AI is off,Not paired,AI is off,0,0,0
804000,16.5,0,5,0.55,0.21,0,0,38,1,0,19,False,True,0,0,55,43,33,3.93,AI is off,AI is off,AI is off,AI is off,Not paired,AI is off,0,0,0
806000,16.5,0,5,0.55,0.21,0,0,38,1,0,19,False,True,0,0,55,45,35,3.93,AI is off,AI is off,AI is off,AI is off,Not paired,AI is off,0,0,0
808000,16.4,0,5,0.55,0.21,0,0,38,1,0,19,False,True,0,0,54,42,32,3.93,AI is off,AI is off,AI is off,AI is off,Not paired,AI is off,0,0,0
810000,16.5,0,5,0.55,0.21,0,0,38,1,0,19,False,True,0,0,55,45,35,3.93,AI is off,AI is off,AI is off,AI is off,Not paired,AI is off,0,0,0
812000,16.6,0,5,0.55,0.21,0,0,38,1,0,19,False,True,0,0,54,42,33,3.93,AI is off,AI is off,AI is off,AI is off,Not paired,AI is off,0,0,0
814000,16.3,0,5,0.55,0.21,0,0,38,1,0,19,False,True,0,0,55,44,34,3.93,AI is off,AI is off,AI is off,AI is off,Not paired,AI is off,0,0,0
816000,16.4,0,5,0.55,0.21,0,0,38,1,0,19,False,True,0,0,56,44,34,3.93,AI is off,AI is off,AI is off,AI is off,Not paired,AI is off,0,0,0
818000,16.6,0,5,0.55,0.21,0,0,38,1,0,19,False,True,0,0,57,44,33,3.93,AI is off,AI is off,AI is off,AI is off,Not paired,AI is off,0,0,0
820000,16.9,0,5,0.56,0.21,0,0,38,1,0,19,False,True,0,0,55,45,35,3.93,AI is off,AI is off,AI is off,AI is off,Not paired,AI is off,0,0,0
822000,17.1,0,5,0.57,0.21,0,0,38,1,0,19,False,True,0,0,55,43,33,3.93,AI is off,AI is off,AI is off,AI is off,Not paired,AI is off,0,0,0
824000,17.2,0,5,0.57,0.21,0,0,35,1,0,19,False,True,0,0,54,42,32,3.93,AI is off,AI is off,AI is off,AI is off,Not paired,AI is off,0,0,0
826000,17.3,0,5,0.57,0.21,0,0,35,1,0,19,False,True,0,0,55,43,33,3.93,AI is off,AI is off,AI is off,AI is off,Not paired,AI is off,0,0,0
828000,17.6,0,5,0.57,0.21,0,0,35,1,0,19,False,True,0,0,56,44,34,3.93,AI is off,AI is off,AI is off,AI is off,Not paired,AI is off,0,0,0
830000,17.9,0,5,0.58,0.21,0,0,35,1,0,19,False,True,0,0,55,44,34,3.93,AI is off,AI is off,AI is off,AI is off,Not paired,AI is off,0,0,0
832000,18.1,0,5,0.59,0.21,0,0,35,1,0,19,False,True,0,0,55,40,30,3.93,AI is off,AI is off,AI is off,AI is off,Not paired,AI is off,0,0,0
834000,18.1,0,5,0.59,0.21,0,0,29,1,0,19,False,True,0,0,54,41,32,3.93,AI is off,AI is off,AI is off,AI is off,Not paired,AI is off,0,0,0
836000,18.1,0,5,0.59,0.21,0,0,29,1,0,19,False,True,0,0,54,42,33,3.93,AI is off,AI is off,AI is off,AI is off,Not paired,AI is off,0,0,0
838000,18.1,0,5,0.59,0.21,0,0,29,1,0,19,False,True,0,0,54,42,33,3.93,AI is off,AI is off,AI is off,AI is off,Not paired,AI is off,0,0,0
840000,18,0,5,0.58,0.21,0,0,29,1,0,19,False,True,0,0,55,44,34,3.93,AI is off,AI is off,AI is off,AI is off,Not paired,AI is off,0,0,0
842000,18.2,0,5,0.59,0.21,0,0,29,1,0,19,False,True,0,0,55,45,35,3.93,AI is off,AI is off,AI is off,AI is off,Not paired,AI is off,0,0,0
844000,18.2,0,5,0.59,0.21,0,0,29,1,0,19,False,True,0,0,55,43,33,3.93,AI is off,AI is off,AI is off,AI is off,Not paired,AI is off,0,0,0
846000,18.2,0,5,0.59,0.21,0,0,29,1,0,19,False,True,0,0,54,42,33,3.93,AI is off,AI is off,AI is off,AI is off,Not paired,AI is off,0,0,0
848000,18.2,0,5,0.59,0.21,0,0,29,1,0,19,False,True,0,0,55,43,32,3.93,AI is off,AI is off,AI is off,AI is off,Not paired,AI is off,0,0,0
850000,18.3,0,5,0.59,0.21,0,0,29,1,0,19,False,True,0,0,55,44,35,3.93,AI is off,AI is off,AI is off,AI is off,Not paired,AI is off,0,0,0
852000,18.1,0,5,0.59,0.21,0,0,28,1,0,18,False,True,0,0,55,43,33,3.93,AI is off,AI is off,AI is off,AI is off,Not paired,AI is off,0,0,0
854000,17.9,0,5,0.58,0.21,0,0,28,1,0,19,False,True,0,0,56,45,35,3.93,AI is off,AI is off,AI is off,AI is off,Not paired,AI is off,0,0,0
856000,17.7,0,5,0.58,0.21,0,0,30,1,0,19,False,True,0,0,55,44,33,3.93,AI is off,AI is off,AI is off,AI is off,Not paired,AI is off,0,0,0
858000,17.7,0,5,0.58,0.21,0,0,30,1,0,19,False,True,0,0,56,44,34,3.93,AI is off,AI is off,AI is off,AI is off,Not paired,AI is off,0,0,0
860000,18.1,0,5,0.59,0.21,0,0,30,1,0,19,False,True,0,0,55,44,33,3.93,AI is off,AI is off,AI is off,AI is off,Not paired,AI is off,0,0,0
862000,18.1,0,5,0.59,0.21,0,0,30,1,0,18,False,True,0,0,54,43,33,3.93,AI is off,AI is off,AI is off,AI is off,Not paired,AI is off,0,0,0
864000,18.2,0,5,0.59,0.21,0,0,30,1,0,18,False,True,0,0,55,44,34,3.93,AI is off,AI is off,AI is off,AI is off,Not paired,AI is off,0,0,0
866000,18.3,0,5,0.59,0.21,0,0,30,1,0,18,False,True,0,0,54,42,33,3.93,AI is off,AI is off,AI is off,AI is off,Not paired,AI is off,0,0,0
868000,18.1,0,5,0.59,0.21,0,0,28,1,0,18,False,True,0,0,54,42,32,3.93,AI is off,AI is off,AI is off,AI is off,Not paired,AI is off,0,0,0
870000,18.2,0,5,0.59,0.21,0,0,28,1,0,18,False,True,0,0,55,43,33,3.93,AI is off,AI is off,AI is off,AI is off,Not paired,AI is off,0,0,0
872000,18.2,0,5,0.59,0.21,0,0,28,1,0,18,False,True,0,0,54,43,33,3.93,AI is off,AI is off,AI is off,AI is off,Not paired,AI is off,0,0,0
874000,18.2,0,5,0.59,0.21,0,0,28,1,0,18,False,True,0,0,55,43,32,3.93,AI is off,AI is off,AI is off,AI is off,Not paired,AI is off,0,0,0
876000,18.3,0,5,0.59,0.21,0,0,28,1,0,18,False,True,0,0,55,43,33,3.93,AI is off,AI is off,AI is off,AI is off,Not paired,AI is off,0,0,0
878000,18.3,0,5,0.59,0.21,0,0,28,1,0,18,False,True,0,0,55,43,33,3.93,AI is off,AI is off,AI is off,AI is off,Not paired,AI is off,0,0,0
880000,18.3,0,5,0.59,0.21,0,0,28,1,0,18,False,True,0,0,54,43,32,3.93,AI is off,AI is off,AI is off,AI is off,Not paired,AI is off,0,0,0
882000,18.2,0,5,0.59,0.21,0,0,28,1,0,18,False,True,0,0,54,43,33,3.93,AI is off,AI is off,AI is off,AI is off,Not paired,AI is off,0,0,0
884000,18.2,0,5,0.59,0.21,0,0,27,1,0,18,False,True,0,0,54,42,33,3.93,AI is off,AI is off,AI is off,AI is off,Not paired,AI is off,0,0,0
886000,18.3,0,5,0.59,0.21,0,0,27,1,0,18,False,True,0,0,54,42,32,3.93,AI is off,AI is off,AI is off,AI is off,Not paired,AI is off,0,0,0
888000,18.1,0,5,0.59,0.21,0,0,27,1,0,18,False,True,0,0,56,45,35,3.93,AI is off,AI is off,AI is off,AI is off,Not paired,AI is off,0,0,0
890000,18,0,5,0.58,0.21,0,0,28,1,0,18,False,True,0,0,56,45,36,3.93,AI is off,AI is off,AI is off,AI is off,Not paired,AI is off,0,0,0
892000,18,0,5,0.58,0.21,0,0,28,1,0,18,False,True,0,0,55,44,34,3.93,AI is off,AI is off,AI is off,AI is off,Not paired,AI is off,0,0,0
894000,17.9,0,5,0.58,0.21,0,0,28,1,0,18,False,True,0,0,55,45,35,3.93,AI is off,AI is off,AI is off,AI is off,Not paired,AI is off,0,0,0
896000,18,0,5,0.58,0.21,0,0,28,1,0,18,False,True,0,0,55,43,32,3.93,AI is off,AI is off,AI is off,AI is off,Not paired,AI is off,0,0,0
898000,17.9,0,5,0.58,0.21,0,0,28,1,0,18,False,True,0,0,55,43,32,3.93,AI is off,AI is off,AI is off,AI is off,Not paired,AI is off,0,0,0
900000,17.8,0,5,0.58,0.21,0,0,29,1,0,18,False,True,0,0,54,42,33,3.93,AI is off,AI is off,AI is off,AI is off,Not paired,AI is off,0,0,0
902000,17.6,0,5,0.58,0.21,0,0,29,1,0,18,False,True,0,0,54,42,33,3.93,AI is off,AI is off,AI is off,AI is off,Not paired,AI is off,0,0,0
904000,17.7,0,5,0.58,0.21,0,0,29,1,0,18,False,True,0,0,54,42,33,3.93,AI is off,AI is off,AI is off,AI is off,Not paired,AI is off,0,0,0
906000,17.8,0,5,0.58,0.21,0,0,29,1,0,18,False,True,0,0,56,44,33,3.93,AI is off,AI is off,AI is off,AI is off,Not paired,AI is off,0,0,0
908000,17.7,0,5,0.58,0.21,0,0,29,1,0,18,False,True,0,0,55,44,33,3.93,AI is off,AI is off,AI is off,AI is off,Not paired,AI is off,0,0,0
910000,17.7,0,5,0.58,0.21,0,0,29,1,0,18,False,True,0,0,55,44,34,3.93,AI is off,AI is off,AI is off,AI is off,Not paired,AI is off,0,0,0
912000,17.4,0,5,0.58,0.21,0,0,29,1,0,18,False,True,0,0,55,44,34,3.93,AI is off,AI is off,AI is off,AI is off,Not paired,AI is off,0,0,0
914000,17,0,5,0.57,0.21,0,0,29,1,0,18,False,True,0,0,54,40,31,3.93,AI is off,AI is off,AI is off,AI is off,Not paired,AI is off,0,0,0
916000,16.9,0,5,0.56,0.21,0,0,34,1,0,18,False,True,0,0,55,43,32,3.93,AI is off,AI is off,AI is off,AI is off,Not paired,AI is off,0,0,0
918000,16.8,0,5,0.56,0.21,0,0,34,1,0,18,False,True,0,0,55,43,33,3.93,AI is off,AI is off,AI is off,AI is off,Not paired,AI is off,0,0,0
920000,16.6,0,5,0.56,0.21,0,0,34,1,0,18,False,True,0,0,55,44,34,3.93,AI is off,AI is off,AI is off,AI is off,Not paired,AI is off,0,0,0
922000,16.6,0,5,0.56,0.21,0,0,35,1,0,18,False,True,0,0,55,45,35,3.93,AI is off,AI is off,AI is off,AI is off,Not paired,AI is off,0,0,0
924000,16.5,0,5,0.56,0.21,0,0,35,1,0,18,False,True,0,0,55,44,34,3.93,AI is off,AI is off,AI is off,AI is off,Not paired,AI is off,0,0,0
926000,16.7,0,5,0.55,0.21,0,0,35,1,0,18,False,True,0,0,55,44,34,3.93,AI is off,AI is off,AI is off,AI is off,Not paired,AI is off,0,0,0
928000,16.7,0,5,0.56,0.21,0,0,35,1,0,18,False,True,0,0,55,44,34,3.93,AI is off,AI is off,AI is off,AI is off,Not paired,AI is off,0,0,0
930000,16.7,0,5,0.56,0.21,0,0,35,1,0,18,False,True,0,0,54,42,32,3.93,AI is off,AI is off,AI is off,AI is off,Not paired,AI is off,0,0,0
932000,16.8,0,5,0.56,0.21,0,0,34,1,0,18,False,True,0,0,55,44,34,3.93,AI is off,AI is off,AI is off,AI is off,Not paired,AI is off,0,0,0
934000,16.8,0,5,0.56,0.21,0,0,34,1,0,18,False,True,0,0,54,43,32,3.93,AI is off,AI is off,AI is off,AI is off,Not paired,AI is off,0,0,0
936000,16.8,0,5,0.56,0.21,0,0,34,1,0,18,False,True,0,0,56,44,34,3.93,AI is off,AI is off,AI is off,AI is off,Not paired,AI is off,0,0,0
938000,16.8,0,5,0.56,0.21,0,0,34,1,0,18,False,True,0,0,55,44,33,3.93,AI is off,AI is off,AI is off,AI is off,Not paired,AI is off,0,0,0
940000,16.8,0,5,0.56,0.21,0,0,34,1,0,18,False,True,0,0,54,42,32,3.93,AI is off,AI is off,AI is off,AI is off,Not paired,AI is off,0,0,0
942000,16.9,0,5,0.56,0.21,0,0,34,1,0,18,False,True,0,0,54,42,32,3.93,AI is off,AI is off,AI is off,AI is off,Not paired,AI is off,0,0,0
944000,17,0,5,0.56,0.21,0,0,34,1,0,18,False,True,0,0,54,42,33,3.93,AI is off,AI is off,AI is off,AI is off,Not paired,AI is off,0,0,0
946000,17.1,0,5,0.56,0.21,0,0,34,1,0,18,False,True,0,0,54,42,32,3.93,AI is off,AI is off,AI is off,AI is off,Not paired,AI is off,0,0,0
948000,17.2,0,5,0.57,0.21,0,0,34,1,0,18,False,True,0,0,55,43,33,3.93,AI is off,AI is off,AI is off,AI is off,Not paired,AI is off,0,0,0
950000,17.2,0,5,0.57,0.21,0,0,32,1,0,18,False,True,0,0,54,42,32,3.93,AI is off,AI is off,AI is off,AI is off,Not paired,AI is off,0,0,0
952000,17.2,0,5,0.57,0.21,0,0,32,1,0,18,False,True,0,0,55,44,34,3.93,AI is off,AI is off,AI is off,AI is off,Not paired,AI is off,0,0,0
954000,17.2,0,5,0.57,0.21,0,0,32,1,0,18,False,True,0,0,55,44,34,3.93,AI is off,AI is off,AI is off,AI is off,Not paired,AI is off,0,0,0
956000,17.1,0,5,0.56,0.21,0,0,32,1,0,18,False,True,0,0,55,44,34,3.93,AI is off,AI is off,AI is off,AI is off,Not paired,AI is off,0,0,0
958000,17.2,0,5,0.57,0.21,0,0,32,1,0,18,False,True,0,0,56,44,34,3.93,AI is off,AI is off,AI is off,AI is off,Not paired,AI is off,0,0,0
960000,17.2,0,5,0.57,0.21,0,0,32,1,0,18,False,True,0,0,56,44,34,3.93,AI is off,AI is off,AI is off,AI is off,Not paired,AI is off,0,0,0
962000,17.1,0,5,0.57,0.21,0,0,32,1,0,18,False,True,0,0,56,45,35,3.93,AI is off,AI is off,AI is off,AI is off,Not paired,AI is off,0,0,0
964000,17,0,5,0.56,0.21,0,0,33,1,0,18,False,True,0,0,56,44,33,3.93,AI is off,AI is off,AI is off,AI is off,Not paired,AI is off,0,0,0
966000,16.8,0,5,0.56,0.21,0,0,33,1,0,18,False,True,0,0,54,40,31,3.93,AI is off,AI is off,AI is off,AI is off,Not paired,AI is off,0,0,0
968000,16.7,0,5,0.56,0.21,0,0,33,1,0,18,False,True,0,0,56,44,34,3.93,AI is off,AI is off,AI is off,AI is off,Not paired,AI is off,0,0,0
970000,16.9,0,5,0.56,0.21,0,0,33,1,0,18,False,True,0,0,55,43,33,3.93,AI is off,AI is off,AI is off,AI is off,Not paired,AI is off,0,0,0
972000,16.9,0,5,0.56,0.21,0,0,33,1,0,18,False,True,0,0,55,43,32,3.93,AI is off,AI is off,AI is off,AI is off,Not paired,AI is off,0,0,0
974000,17,0,5,0.56,0.21,0,0,33,1,0,18,False,True,0,0,55,43,33,3.93,AI is off,AI is off,AI is off,AI is off,Not paired,AI is off,0,0,0
976000,16.9,0,5,0.56,0.21,0,0,33,1,0,18,False,True,0,0,54,39,31,3.93,AI is off,AI is off,AI is off,AI is off,Not paired,AI is off,0,0,0
978000,17,0,5,0.56,0.21,0,0,33,1,0,18,False,True,0,0,54,39,31,3.93,AI is off,AI is off,AI is off,AI is off,Not paired,AI is off,0,0,0
980000,17.3,0,5,0.57,0.21,0,0,33,1,0,18,False,True,0,0,57,44,34,3.93,AI is off,AI is off,AI is off,AI is off,Not paired,AI is off,0,0,0
982000,17.5,0,5,0.57,0.21,0,0,33,1,0,18,False,True,0,0,54,43,32,3.93,AI is off,AI is off,AI is off,AI is off,Not paired,AI is off,0,0,0
984000,17.7,0,5,0.58,0.21,0,0,33,1,0,18,False,True,0,0,55,43,32,3.93,AI is off,AI is off,AI is off,AI is off,Not paired,AI is off,0,0,0
986000,17.8,0,5,0.58,0.21,0,0,28,1,0,18,False,True,0,0,55,43,33,3.93,AI is off,AI is off,AI is off,AI is off,Not paired,AI is off,0,0,0
988000,18,0,5,0.58,0.21,0,0,28,1,0,18,False,True,0,0,55,43,32,3.93,AI is off,AI is off,AI is off,AI is off,Not paired,AI is off,0,0,0
990000,18,0,5,0.58,0.21,0,0,28,1,0,18,False,True,0,0,55,43,32,3.93,AI is off,AI is off,AI is off,AI is off,Not paired,AI is off,0,0,0
992000,18,0,5,0.58,0.21,0,0,27,1,0,18,False,True,0,0,55,45,35,3.93,AI is off,AI is off,AI is off,AI is off,Not paired,AI is off,0,0,0
994000,17.9,0,5,0.58,0.21,0,0,27,1,0,18,False,True,0,0,55,42,32,3.93,AI is off,AI is off,AI is off,AI is off,Not paired,AI is off,0,0,0
996000,18,0,5,0.58,0.21,0,0,27,1,0,18,False,True,0,0,54,42,32,3.93,AI is off,AI is off,AI is off,AI is off,Not paired,AI is off,0,0,0
998000,18,0,5,0.58,0.21,0,0,27,1,0,18,False,True,0,0,56,43,33,3.93,AI is off,AI is off,AI is off,AI is off,Not paired,AI is off,0,0,0
1000000,18,0,5,0.58,0.21,0,0,27,1,0,18,False,True,0,0,55,44,34,3.93,AI is off,AI is off,AI is off,AI is off,Not paired,AI is off,0,0,0
1002000,18.3,0,5,0.59,0.21,0,0,25,1,0,18,False,True,0,0,57,45,35,3.93,AI is off,AI is off,AI is off,AI is off,Not paired,AI is off,0,0,0
1004000,18.5,0,5,0.6,0.21,0,0,25,1,0,18,False,True,0,0,55,43,33,3.93,AI is off,AI is off,AI is off,AI is off,Not paired,AI is off,0,0,0
1006000,18.4,0,5,0.59,0.21,0,0,25,1,0,18,False,True,0,0,55,43,33,3.93,AI is off,AI is off,AI is off,AI is off,Not paired,AI is off,0,0,0
1008000,18.3,0,5,0.59,0.21,0,0,26,1,0,18,False,True,0,0,55,44,34,3.93,AI is off,AI is off,AI is off,AI is off,Not paired,AI is off,0,0,0
1010000,18.4,0,5,0.59,0.21,0,0,26,1,0,18,False,True,0,0,55,44,34,3.93,AI is off,AI is off,AI is off,AI is off,Not paired,AI is off,0,0,0
1012000,18.4,0,5,0.59,0.21,0,0,26,1,0,18,False,True,0,0,54,43,32,3.93,AI is off,AI is off,AI is off,AI is off,Not paired,AI is off,0,0,0
1014000,18.4,0,5,0.59,0.21,0,0,26,1,0,18,False,True,0,0,55,43,33,3.93,AI is off,AI is off,AI is off,AI is off,Not paired,AI is off,0,0,0
1016000,18.4,0,5,0.59,0.21,0,0,26,1,0,18,False,True,0,0,55,42,32,3.93,AI is off,AI is off,AI is off,AI is off,Not paired,AI is off,0,0,0
1018000,18.4,0,5,0.59,0.21,0,0,26,1,0,18,False,True,0,0,55,44,34,3.93,AI is off,AI is off,AI is off,AI is off,Not paired,AI is off,0,0,0
1020000,18.4,0,5,0.59,0.21,0,0,24,1,0,18,False,True,0,0,56,43,34,3.93,AI is off,AI is off,AI is off,AI is off,Not paired,AI is off,0,0,0
1022000,18.3,0,5,0.59,0.21,0,0,24,1,0,18,False,True,0,0,54,43,33,3.93,AI is off,AI is off,AI is off,AI is off,Not paired,AI is off,0,0,0
1024000,18.4,0,5,0.59,0.21,0,0,24,1,0,18,False,True,0,0,55,44,34,3.93,AI is off,AI is off,AI is off,AI is off,Not paired,AI is off,0,0,0
1026000,18.3,0,5,0.59,0.21,0,0,24,1,0,18,False,True,0,0,55,42,32,3.93,AI is off,AI is off,AI is off,AI is off,Not paired,AI is off,0,0,0
1028000,18.2,0,5,0.59,0.21,0,0,24,1,0,18,False,True,0,0,56,43,33,3.93,AI is off,AI is off,AI is off,AI is off,Not paired,AI is off,0,0,0
1030000,18,0,5,0.58,0.21,0,0,24,1,0,18,False,True,0,0,55,43,32,3.93,AI is off,AI is off,AI is off,AI is off,Not paired,AI is off,0,0,0
1032000,18,0,5,0.58,0.21,0,0,24,1,0,18,False,True,0,0,54,42,32,3.93,AI is off,AI is off,AI is off,AI is off,Not paired,AI is off,0,0,0
1034000,17.9,0,5,0.58,0.21,0,0,24,1,0,18,False,True,0,0,54,42,32,3.93,AI is off,AI is off,AI is off,AI is off,Not paired,AI is off,0,0,0
1036000,17.9,0,5,0.58,0.21,0,0,26,1,0,18,False,True,0,0,55,42,33,3.93,AI is off,AI is off,AI is off,AI is off,Not paired,AI is off,0,0,0
1038000,17.8,0,5,0.58,0.21,0,0,26,1,0,18,False,True,0,0,54,42,32,3.93,AI is off,AI is off,AI is off,AI is off,Not paired,AI is off,0,0,0
1040000,17.5,0,5,0.58,0.21,0,0,28,1,0,18,False,True,0,0,56,43,32,3.93,AI is off,AI is off,AI is off,AI is off,Not paired,AI is off,0,0,0
1042000,17.4,0,5,0.57,0.21,0,0,28,1,0,18,False,True,0,0,56,44,33,3.93,AI is off,AI is off,AI is off,AI is off,Not paired,AI is off,0,0,0
1044000,17.2,0,5,0.57,0.21,0,0,28,1,0,18,False,True,0,0,55,43,33,3.93,AI is off,AI is off,AI is off,AI is off,Not paired,AI is off,0,0,0
1046000,17.1,0,5,0.57,0.21,0,0,28,1,0,18,False,True,0,0,54,43,33,3.93,AI is off,AI is off,AI is off,AI is off,Not paired,AI is off,0,0,0
1048000,17,0,5,0.56,0.21,0,0,28,1,0,18,False,True,0,0,54,40,31,3.93,AI is off,AI is off,AI is off,AI is off,Not paired,AI is off,0,0,0
1050000,16.9,0,5,0.56,0.21,0,0,28,1,0,18,False,True,0,0,53,40,31,3.93,AI is off,AI is off,AI is off,AI is off,Not paired,AI is off,0,0,0
1052000,16.8,0,5,0.56,0.21,0,0,32,1,0,18,False,True,0,0,54,39,31,3.93,AI is off,AI is off,AI is off,AI is off,Not paired,AI is off,0,0,0
1054000,16.7,0,5,0.56,0.21,0,0,32,1,0,18,False,True,0,0,54,38,29,3.93,AI is off,AI is off,AI is off,AI is off,Not paired,AI is off,0,0,0
1056000,16.7,0,5,0.56,0.21,0,0,32,1,0,18,False,True,0,0,55,43,33,3.93,AI is off,AI is off,AI is off,AI is off,Not paired,AI is off,0,0,0
1058000,16.4,0,5,0.55,0.21,0,0,33,1,0,18,False,True,0,0,55,41,32,3.93,AI is off,AI is off,AI is off,AI is off,Not paired,AI is off,0,0,0
1060000,16.3,0,5,0.55,0.21,0,0,33,1,0,18,False,True,0,0,56,42,32,3.93,AI is off,AI is off,AI is off,AI is off,Not paired,AI is off,0,0,0
1062000,16.1,0,5,0.55,0.21,0,0,33,1,0,18,False,True,0,0,54,40,30,3.93,AI is off,AI is off,AI is off,AI is off,Not paired,AI is off,0,0,0
1064000,16.1,0,5,0.54,0.21,0,0,33,1,0,18,False,True,0,0,54,39,31,3.93,AI is off,AI is off,AI is off,AI is off,Not paired,AI is off,0,0,0
1066000,16,0,5,0.54,0.21,0,0,33,1,0,18,False,True,0,0,53,40,32,3.93,AI is off,AI is off,AI is off,AI is off,Not paired,AI is off,0,0,0
1068000,16,0,5,0.54,0.21,0,0,37,1,0,18,False,True,0,0,54,40,32,3.93,AI is off,AI is off,AI is off,AI is off,Not paired,AI is off,0,0,0
1070000,16,0,5,0.54,0.21,0,0,37,1,0,18,False,True,0,0,54,39,30,3.93,AI is off,AI is off,AI is off,AI is off,Not paired,AI is off,0,0,0
1072000,15.9,0,5,0.54,0.21,0,0,37,1,0,18,False,True,0,0,52,38,30,3.93,AI is off,AI is off,AI is off,AI is off,Not paired,AI is off,0,0,0
1074000,16,0,5,0.54,0.21,0,0,37,1,0,18,False,True,0,0,57,45,36,3.93,AI is off,AI is off,AI is off,AI is off,Not paired,AI is off,0,0,0
1076000,16,0,5,0.54,0.21,0,0,37,1,0,18,False,True,0,0,54,40,30,3.93,AI is off,AI is off,AI is off,AI is off,Not paired,AI is off,0,0,0
1078000,16,0,5,0.54,0.21,0,0,37,1,0,18,False,True,0,0,54,39,31,3.93,AI is off,AI is off,AI is off,AI is off,Not paired,AI is off,0,0,0
1080000,15.9,0,5,0.54,0.21,0,0,37,1,0,18,False,True,0,0,54,40,31,3.93,AI is off,AI is off,AI is off,AI is off,Not paired,AI is off,0,0,0
1082000,15.8,0,5,0.54,0.21,0,0,37,1,0,18,False,True,0,0,54,39,29,3.93,AI is off,AI is off,AI is off,AI is off,Not paired,AI is off,0,0,0
1084000,15.8,0,5,0.54,0.21,0,0,37,1,0,18,False,True,0,0,54,39,30,3.93,AI is off,AI is off,AI is off,AI is off,Not paired,AI is off,0,0,0
1086000,15.8,0,5,0.54,0.21,0,0,37,1,0,18,False,True,0,0,56,45,35,3.93,AI is off,AI is off,AI is off,AI is off,Not paired,AI is off,0,0,0
1088000,16,0,5,0.54,0.21,0,0,37,1,0,18,False,True,0,0,56,44,33,3.93,AI is off,AI is off,AI is off,AI is off,Not paired,AI is off,0,0,0
1090000,15.8,0,5,0.54,0.21,0,0,36,1,0,18,False,True,0,0,54,39,31,3.93,AI is off,AI is off,AI is off,AI is off,Not paired,AI is off,0,0,0
1092000,15.7,0,5,0.54,0.21,0,0,36,1,0,18,False,True,0,0,54,39,30,3.93,AI is off,AI is off,AI is off,AI is off,Not paired,AI is off,0,0,0
1094000,15.8,0,5,0.54,0.21,0,0,36,1,0,18,False,True,0,0,53,40,31,3.93,AI is off,AI is off,AI is off,AI is off,Not paired,AI is off,0,0,0
1096000,16,0,5,0.54,0.21,0,0,36,1,0,19,False,True,0,0,53,40,31,3.93,AI is off,AI is off,AI is off,AI is off,Not paired,AI is off,0,0,0
1098000,16.1,0,5,0.54,0.21,0,0,36,1,0,19,False,True,0,0,53,40,29,3.93,AI is off,AI is off,AI is off,AI is off,Not paired,AI is off,0,0,0
1100000,16.1,0,5,0.54,0.21,0,0,36,1,0,18,False,True,0,0,54,40,31,3.93,AI is off,AI is off,AI is off,AI is off,Not paired,AI is off,0,0,0
1102000,16.3,0,5,0.55,0.21,0,0,35,1,0,19,False,True,0,0,55,43,33,3.93,AI is off,AI is off,AI is off,AI is off,Not paired,AI is off,0,0,0
1104000,16.2,0,5,0.55,0.21,0,0,35,1,0,19,False,True,0,0,54,42,32,3.93,AI is off,AI is off,AI is off,AI is off,Not paired,AI is off,0,0,0
1106000,16.3,0,5,0.55,0.21,0,0,34,1,0,19,False,True,0,0,55,43,32,3.93,AI is off,AI is off,AI is off,AI is off,Not paired,AI is off,0,0,0
1108000,16.4,0,5,0.55,0.21,0,0,34,1,0,19,False,True,0,0,55,44,34,3.93,AI is off,AI is off,AI is off,AI is off,Not paired,AI is off,0,0,0
1110000,16.4,0,5,0.55,0.21,0,0,34,1,0,19,False,True,0,0,54,39,30,3.93,AI is off,AI is off,AI is off,AI is off,Not paired,AI is off,0,0,0
1112000,16.4,0,5,0.55,0.21,0,0,34,1,0,18,False,True,0,0,56,44,34,3.93,AI is off,AI is off,AI is off,AI is off,Not paired,AI is off,0,0,0
1114000,16.5,0,5,0.55,0.21,0,0,34,1,0,18,False,True,0,0,57,45,35,3.93,AI is off,AI is off,AI is off,AI is off,Not paired,AI is off,0,0,0
1116000,16.5,0,5,0.55,0.21,0,0,34,1,0,18,False,True,0,0,54,38,29,3.93,AI is off,AI is off,AI is off,AI is off,Not paired,AI is off,0,0,0
1118000,16.5,0,5,0.55,0.21,0,0,32,1,0,18,False,True,0,0,54,39,30,3.93,AI is off,AI is off,AI is off,AI is off,Not paired,AI is off,0,0,0
1120000,16.6,0,5,0.55,0.21,0,0,32,1,0,19,False,True,0,0,54,38,29,3.93,AI is off,AI is off,AI is off,AI is off,Not paired,AI is off,0,0,0
1122000,16.5,0,5,0.55,0.21,0,0,32,1,0,18,False,True,0,0,57,45,36,3.93,AI is off,AI is off,AI is off,AI is off,Not paired,AI is off,0,0,0
1124000,16.5,0,5,0.55,0.21,0,0,32,1,0,18,False,True,0,0,54,38,29,3.93,AI is off,AI is off,AI is off,AI is off,Not paired,AI is off,0,0,0
1126000,16.6,0,5,0.55,0.21,0,0,32,1,0,19,False,True,0,0,57,46,36,3.93,AI is off,AI is off,AI is off,AI is off,Not paired,AI is off,0,0,0
1128000,16.6,0,5,0.55,0.21,0,0,32,1,0,18,False,True,0,0,56,45,35,3.93,AI is off,AI is off,AI is off,AI is off,Not paired,AI is off,0,0,0
1130000,16.6,0,5,0.55,0.21,0,0,32,1,0,18,False,True,0,0,56,44,35,3.93,AI is off,AI is off,AI is off,AI is off,Not paired,AI is off,0,0,0
1132000,16.7,0,5,0.56,0.21,0,0,32,1,0,18,False,True,0,0,54,38,30,3.93,AI is off,AI is off,AI is off,AI is off,Not paired,AI is off,0,0,0
1134000,16.8,0,5,0.56,0.21,0,0,31,1,0,18,False,True,0,0,55,44,33,3.93,AI is off,AI is off,AI is off,AI is off,Not paired,AI is off,0,0,0
1136000,16.8,0,5,0.56,0.21,0,0,31,1,0,19,False,True,0,0,54,42,32,3.93,AI is off,AI is off,AI is off,AI is off,Not paired,AI is off,0,0,0
1138000,16.5,0,5,0.55,0.21,0,0,31,1,0,18,False,True,0,0,56,44,34,3.93,AI is off,AI is off,AI is off,AI is off,Not paired,AI is off,0,0,0
1140000,16.3,0,5,0.55,0.21,0,0,33,1,0,18,False,True,0,0,55,42,32,3.93,AI is off,AI is off,AI is off,AI is off,Not paired,AI is off,0,0,0
1142000,16.3,0,5,0.55,0.21,0,0,33,1,0,18,False,True,0,0,55,43,32,3.93,AI is off,AI is off,AI is off,AI is off,Not paired,AI is off,0,0,0
1144000,16.3,0,5,0.55,0.21,0,0,33,1,0,18,False,True,0,0,57,45,36,3.93,AI is off,AI is off,AI is off,AI is off,Not paired,AI is off,0,0,0
1146000,16.4,0,5,0.55,0.21,0,0,33,1,0,18,False,True,0,0,56,44,34,3.93,AI is off,AI is off,AI is off,AI is off,Not paired,AI is off,0,0,0
1148000,16.3,0,5,0.55,0.21,0,0,33,1,0,18,False,True,0,0,56,44,33,3.93,AI is off,AI is off,AI is off,AI is off,Not paired,AI is off,0,0,0
1150000,16.2,0,5,0.55,0.21,0,0,34,1,0,18,False,True,0,0,57,45,35,3.93,AI is off,AI is off,AI is off,AI is off,Not paired,AI is off,0,0,0
1152000,16.2,0,5,0.55,0.21,0,0,34,1,0,18,False,True,0,0,56,44,34,3.93,AI is off,AI is off,AI is off,AI is off,Not paired,AI is off,0,0,0
1154000,16,0,5,0.54,0.21,0,0,34,1,0,18,False,True,0,0,57,44,35,3.93,AI is off,AI is off,AI is off,AI is off,Not paired,AI is off,0,0,0
1156000,16,0,5,0.54,0.21,0,0,34,1,0,18,False,True,0,0,56,43,32,3.93,AI is off,AI is off,AI is off,AI is off,Not paired,AI is off,0,0,0
1158000,16,0,5,0.54,0.21,0,0,34,1,0,18,False,True,0,0,56,44,34,3.93,AI is off,AI is off,AI is off,AI is off,Not paired,AI is off,0,0,0
1160000,15.8,0,5,0.54,0.21,0,0,34,1,0,18,False,True,0,0,54,42,32,3.93,AI is off,AI is off,AI is off,AI is off,Not paired,AI is off,0,0,0
1162000,15.8,0,5,0.54,0.21,0,0,34,1,0,18,False,True,0,0,56,43,33,3.93,AI is off,AI is off,AI is off,AI is off,Not paired,AI is off,0,0,0
1164000,15.8,0,5,0.54,0.21,0,0,34,1,0,18,False,True,0,0,54,42,32,3.93,AI is off,AI is off,AI is off,AI is off,Not paired,AI is off,0,0,0
1166000,15.6,0,5,0.53,0.21,0,0,38,1,0,18,False,True,0,0,54,39,31,3.93,AI is off,AI is off,AI is off,AI is off,Not paired,AI is off,0,0,0
1168000,15.6,0,5,0.53,0.21,0,0,38,1,0,18,False,True,0,0,53,39,29,3.93,AI is off,AI is off,AI is off,AI is off,Not paired,AI is off,0,0,0
1170000,15.7,0,5,0.53,0.21,0,0,38,1,0,18,False,True,0,0,53,39,30,3.93,AI is off,AI is off,AI is off,AI is off,Not paired,AI is off,0,0,0
1172000,15.9,0,5,0.54,0.21,0,0,36,1,0,19,False,True,0,0,54,40,31,3.93,AI is off,AI is off,AI is off,AI is off,Not paired,AI is off,0,0,0
1174000,15.9,0,5,0.54,0.21,0,0,36,1,0,19,False,True,0,0,54,40,30,3.93,AI is off,AI is off,AI is off,AI is off,Not paired,AI is off,0,0,0
1176000,16.1,0,5,0.54,0.21,0,0,36,1,0,19,False,True,0,0,55,40,30,3.93,AI is off,AI is off,AI is off,AI is off,Not paired,AI is off,0,0,0
1178000,16.1,0,5,0.54,0.21,0,0,36,1,0,19,False,True,0,0,54,42,32,3.93,AI is off,AI is off,AI is off,AI is off,Not paired,AI is off,0,0,0
1180000,16.2,0,5,0.54,0.21,0,0,36,1,0,19,False,True,0,0,55,44,34,3.93,AI is off,AI is off,AI is off,AI is off,Not paired,AI is off,0,0,0
1182000,16.1,0,5,0.55,0.21,0,0,36,1,0,19,False,True,0,0,56,42,32,3.93,AI is off,AI is off,AI is off,AI is off,Not paired,AI is off,0,0,0
1184000,16.4,0,5,0.55,0.21,0,0,34,1,0,19,False,True,0,0,57,44,34,3.93,AI is off,AI is off,AI is off,AI is off,Not paired,AI is off,0,0,0
1186000,16.6,0,5,0.55,0.21,0,0,34,1,0,19,False,True,0,0,55,43,32,3.93,AI is off,AI is off,AI is off,AI is off,Not paired,AI is off,0,0,0
1188000,16.6,0,5,0.56,0.21,0,0,31,1,0,19,False,True,0,0,54,42,33,3.93,AI is off,AI is off,AI is off,AI is off,Not paired,AI is off,0,0,0
1190000,16.5,0,5,0.55,0.21,0,0,31,1,0,19,False,True,0,0,55,43,32,3.93,AI is off,AI is off,AI is off,AI is off,Not paired,AI is off,0,0,0
1192000,16.5,0,5,0.55,0.21,0,0,31,1,0,19,False,True,0,0,55,44,34,3.93,AI is off,AI is off,AI is off,AI is off,Not paired,AI is off,0,0,0
1194000,16.6,0,5,0.55,0.21,0,0,31,1,0,19,False,True,0,0,56,43,33,3.93,AI is off,AI is off,AI is off,AI is off,Not paired,AI is off,0,0,0
1196000,16.3,0,5,0.55,0.21,0,0,31,1,0,19,False,True,0,0,56,42,34,3.93,AI is off,AI is off,AI is off,AI is off,Not paired,AI is off,0,0,0
1198000,16.3,0,5,0.55,0.21,0,0,31,1,0,19,False,True,0,0,54,39,30,3.93,AI is off,AI is off,AI is off,AI is off,Not paired,AI is off,0,0,0
1200000,16.2,0,5,0.55,0.21,0,0,32,1,0,19,False,True,0,0,54,41,31,3.93,AI is off,AI is off,AI is off,AI is off,Not paired,AI is off,0,0,0
1202000,16.3,0,5,0.55,0.21,0,0,32,1,0,19,False,True,0,0,54,39,30,3.93,AI is off,AI is off,AI is off,AI is off,Not paired,AI is off,0,0,0
1204000,16.2,0,5,0.55,0.21,0,0,32,1,0,19,False,True,0,0,53,39,30,3.93,AI is off,AI is off,AI is off,AI is off,Not paired,AI is off,0,0,0
1206000,16,0,5,0.54,0.21,0,0,33,1,0,19,False,True,0,0,54,40,30,3.93,AI is off,AI is off,AI is off,AI is off,Not paired,AI is off,0,0,0
1208000,15.9,0,5,0.54,0.21,0,0,33,1,0,19,False,True,0,0,54,39,31,3.93,AI is off,AI is off,AI is off,AI is off,Not paired,AI is off,0,0,0
1210000,15.8,0,5,0.54,0.21,0,0,33,1,0,19,False,True,0,0,53,40,31,3.93,AI is off,AI is off,AI is off,AI is off,Not paired,AI is off,0,0,0
1212000,15.5,0,5,0.53,0.21,0,0,33,1,0,19,False,True,0,0,54,39,31,3.93,AI is off,AI is off,AI is off,AI is off,Not paired,AI is off,0,0,0
1214000,15.5,0,5,0.53,0.21,0,0,33,1,0,19,False,True,0,0,54,38,29,3.93,AI is off,AI is off,AI is off,AI is off,Not paired,AI is off,0,0,0
1216000,15.5,0,5,0.53,0.21,0,0,37,1,0,19,False,True,0,0,57,45,35,3.93,AI is off,AI is off,AI is off,AI is off,Not paired,AI is off,0,0,0
1218000,15.3,0,5,0.53,0.21,0,0,37,1,0,19,False,True,0,0,53,39,30,3.93,AI is off,AI is off,AI is off,AI is off,Not paired,AI is off,0,0,0
1220000,15.2,0,5,0.53,0.21,0,0,37,1,0,19,False,True,0,0,54,40,29,3.93,AI is off,AI is off,AI is off,AI is off,Not paired,AI is off,0,0,0
1222000,15.3,0,5,0.53,0.21,0,0,39,1,0,19,False,True,0,0,55,43,32,3.93,AI is off,AI is off,AI is off,AI is off,Not paired,AI is off,0,0,0
1224000,15.3,0,5,0.53,0.21,0,0,39,1,0,19,False,True,0,0,55,43,33,3.93,AI is off,AI is off,AI is off,AI is off,Not paired,AI is off,0,0,0
1226000,15.2,0,5,0.53,0.21,0,0,39,1,0,19,False,True,0,0,57,46,36,3.93,AI is off,AI is off,AI is off,AI is off,Not paired,AI is off,0,0,0
1228000,15.4,0,5,0.53,0.21,0,0,39,1,0,19,False,True,0,0,55,40,32,3.93,AI is off,AI is off,AI is off,AI is off,Not paired,AI is off,0,0,0
1230000,15.7,0,5,0.53,0.21,0,0,39,1,0,19,False,True,0,0,54,39,31,3.93,AI is off,AI is off,AI is off,AI is off,Not paired,AI is off,0,0,0
1232000,15.9,0,5,0.54,0.21,0,0,35,1,0,19,False,True,0,0,55,41,31,3.93,AI is off,AI is off,AI is off,AI is off,Not paired,AI is off,0,0,0
1234000,16,0,5,0.54,0.21,0,0,35,1,0,19,False,True,0,0,54,40,31,3.93,AI is off,AI is off,AI is off,AI is off,Not paired,AI is off,0,0,0
1236000,16,0,5,0.54,0.21,0,0,35,1,0,19,False,True,0,0,54,39,31,3.93,AI is off,AI is off,AI is off,AI is off,Not paired,AI is off,0,0,0
1238000,16.2,0,5,0.55,0.21,0,0,33,1,0,19,False,True,0,0,56,45,34,3.93,AI is off,AI is off,AI is off,AI is off,Not paired,AI is off,0,0,0
1240000,16.3,0,5,0.55,0.21,0,0,33,1,0,19,False,True,0,0,54,43,32,3.93,AI is off,AI is off,AI is off,AI is off,Not paired,AI is off,0,0,0
1242000,16.3,0,5,0.55,0.21,0,0,33,1,0,19,False,True,0,0,57,45,36,3.93,AI is off,AI is off,AI is off,AI is off,Not paired,AI is off,0,0,0
1244000,16.4,0,5,0.55,0.21,0,0,33,1,0,19,False,True,0,0,55,43,33,3.93,AI is off,AI is off,AI is off,AI is off,Not paired,AI is off,0,0,0
1246000,16.5,0,5,0.55,0.21,0,0,33,1,0,19,False,True,0,0,55,44,33,3.93,AI is off,AI is off,AI is off,AI is off,Not paired,AI is off,0,0,0
1248000,16.6,0,5,0.56,0.21,0,0,33,1,0,19,False,True,0,0,54,43,32,3.93,AI is off,AI is off,AI is off,AI is off,Not paired,AI is off,0,0,0
1250000,16.6,0,5,0.56,0.21,0,0,30,1,0,19,False,True,0,0,54,42,32,3.93,AI is off,AI is off,AI is off,AI is off,Not paired,AI is off,0,0,0
1252000,16.6,0,5,0.56,0.21,0,0,30,1,0,19,False,True,0,0,55,43,33,3.93,AI is off,AI is off,AI is off,AI is off,Not paired,AI is off,0,0,0
1254000,16.6,0,5,0.55,0.21,0,0,30,1,0,19,False,True,0,0,54,42,32,3.93,AI is off,AI is off,AI is off,AI is off,Not paired,AI is off,0,0,0
1256000,16.5,0,5,0.55,0.21,0,0,30,1,0,19,False,True,0,0,55,43,32,3.93,AI is off,AI is off,AI is off,AI is off,Not paired,AI is off,0,0,0
1258000,16.2,0,5,0.55,0.21,0,0,30,1,0,19,False,True,0,0,55,44,33,3.93,AI is off,AI is off,AI is off,AI is off,Not paired,AI is off,0,0,0
1260000,16.1,0,5,0.54,0.21,0,0,30,1,0,19,False,True,0,0,55,40,30,3.93,AI is off,AI is off,AI is off,AI is off,Not paired,AI is off,0,0,0
1262000,16.1,0,5,0.54,0.21,0,0,30,1,0,19,False,True,0,0,53,40,29,3.93,AI is off,AI is off,AI is off,AI is off,Not paired,AI is off,0,0,0
1264000,16,0,5,0.54,0.21,0,0,30,1,0,19,False,True,0,0,54,40,32,3.93,AI is off,AI is off,AI is off,AI is off,Not paired,AI is off,0,0,0
1266000,16,0,5,0.54,0.21,0,0,33,1,0,19,False,True,0,0,54,40,31,3.93,AI is off,AI is off,AI is off,AI is off,Not paired,AI is off,0,0,0
1268000,15.9,0,5,0.54,0.21,0,0,33,1,0,19,False,True,0,0,53,39,29,3.93,AI is off,AI is off,AI is off,AI is off,Not paired,AI is off,0,0,0
1270000,15.8,0,5,0.54,0.21,0,0,33,1,0,19,False,True,0,0,54,39,30,3.93,AI is off,AI is off,AI is off,AI is off,Not paired,AI is off,0,0,0
1272000,15.8,0,5,0.54,0.21,0,0,34,1,0,19,False,True,0,0,53,38,30,3.93,AI is off,AI is off,AI is off,AI is off,Not paired,AI is off,0,0,0
1274000,15.8,0,5,0.54,0.21,0,0,34,1,0,19,False,True,0,0,53,40,30,3.93,AI is off,AI is off,AI is off,AI is off,Not paired,AI is off,0,0,0
1276000,15.6,0,5,0.53,0.21,0,0,34,1,0,19,False,True,0,0,54,39,31,3.93,AI is off,AI is off,AI is off,AI is off,Not paired,AI is off,0,0,0
1278000,15.4,0,5,0.53,0.21,0,0,34,1,0,19,False,True,0,0,54,40,31,3.93,AI is off,AI is off,AI is off,AI is off,Not paired,AI is off,0,0,0
1280000,15.3,0,5,0.53,0.21,0,0,34,1,0,19,False,True,0,0,52,39,27,3.93,AI is off,AI is off,AI is off,AI is off,Not paired,AI is off,0,0,0
1282000,15.4,0,5,0.53,0.21,0,0,37,1,0,19,False,True,0,0,53,39,31,3.93,AI is off,AI is off,AI is off,AI is off,Not paired,AI is off,0,0,0
1284000,15.4,0,5,0.53,0.21,0,0,37,1,0,19,False,True,0,0,54,39,30,3.93,AI is off,AI is off,AI is off,AI is off,Not paired,AI is off,0,0,0
1286000,15.2,0,5,0.53,0.21,0,0,37,1,0,19,False,True,0,0,55,43,32,3.93,AI is off,AI is off,AI is off,AI is off,Not paired,AI is off,0,0,0
1288000,14.9,0,5,0.52,0.21,0,0,39,1,0,19,False,True,0,0,56,44,33,3.93,AI is off,AI is off,AI is off,AI is off,Not paired,AI is off,0,0,0
1290000,14.6,0,5,0.51,0.21,0,0,39,1,0,19,False,True,0,0,55,43,33,3.93,AI is off,AI is off,AI is off,AI is off,Not paired,AI is off,0,0,0
1292000,14.7,0,5,0.52,0.21,0,0,39,1,0,19,False,True,0,0,57,45,35,3.93,AI is off,AI is off,AI is off,AI is off,Not paired,AI is off,0,0,0
1294000,14.6,0,5,0.51,0.21,0,0,39,1,0,19,False,True,0,0,54,39,32,3.93,AI is off,AI is off,AI is off,AI is off,Not paired,AI is off,0,0,0
1296000,14.5,0,5,0.51,0.21,0,0,39,1,0,19,False,True,0,0,55,44,33,3.93,AI is off,AI is off,AI is off,AI is off,Not paired,AI is off,0,0,0
1298000,14.6,0,5,0.51,0.21,0,0,42,1,0,19,False,True,0,0,54,40,29,3.93,AI is off,AI is off,AI is off,AI is off,Not paired,AI is off,0,0,0
1300000,14.4,0,5,0.51,0.21,0,0,42,1,0,19,False,True,0,0,55,41,30,3.93,AI is off,AI is off,AI is off,AI is off,Not paired,AI is off,0,0,0
1302000,14.5,0,5,0.51,0.21,0,0,42,1,0,19,False,True,0,0,55,41,31,3.93,AI is off,AI is off,AI is off,AI is off,Not paired,AI is off,0,0,0
1304000,14.5,0,5,0.51,0.21,0,0,43,1,0,19,False,True,0,0,54,41,29,3.93,AI is off,AI is off,AI is off,AI is off,Not paired,AI is off,0,0,0
1306000,14.5,0,5,0.51,0.21,0,0,43,1,0,19,False,True,0,0,54,43,32,3.93,AI is off,AI is off,AI is off,AI is off,Not paired,AI is off,0,0,0
1308000,14.5,0,5,0.51,0.21,0,0,43,1,0,19,False,True,0,0,55,43,32,3.93,AI is off,AI is off,AI is off,AI is off,Not paired,AI is off,0,0,0
1310000,14.3,0,5,0.51,0.21,0,0,43,1,0,19,False,True,0,0,54,41,31,3.93,AI is off,AI is off,AI is off,AI is off,Not paired,AI is off,0,0,0
1312000,14.1,0,5,0.5,0.21,0,0,43,1,0,19,False,True,0,0,55,43,32,3.93,AI is off,AI is off,AI is off,AI is off,Not paired,AI is off,0,0,0
1314000,14.1,0,5,0.5,0.21,0,0,46,1,0,19,False,True,0,0,55,42,32,3.93,AI is off,AI is off,AI is off,AI is off,Not paired,AI is off,0,0,0
1316000,14.1,0,5,0.5,0.21,0,0,46,1,0,19,False,True,0,0,54,41,30,3.93,AI is off,AI is off,AI is off,AI is off,Not paired,AI is off,0,0,0
1318000,13.9,0,5,0.5,0.21,0,0,46,1,0,19,False,True,0,0,55,41,30,3.93,AI is off,AI is off,AI is off,AI is off,Not paired,AI is off,0,0,0
1320000,13.9,0,5,0.5,0.21,0,0,48,1,0,19,False,True,0,0,54,39,30,3.93,AI is off,AI is off,AI is off,AI is off,Not paired,AI is off,0,0,0
1322000,13.9,0,5,0.5,0.21,0,0,48,1,0,19,False,True,0,0,54,39,31,3.93,AI is off,AI is off,AI is off,AI is off,Not paired,AI is off,0,0,0
1324000,13.8,0,5,0.5,0.21,0,0,48,1,0,19,False,True,0,0,54,40,31,3.93,AI is off,AI is off,AI is off,AI is off,Not paired,AI is off,0,0,0
1326000,13.5,0,5,0.49,0.21,0,0,48,1,0,19,False,True,0,0,54,40,30,3.93,AI is off,AI is off,AI is off,AI is off,Not paired,AI is off,0,0,0
1328000,13.5,0,5,0.49,0.21,0,0,48,1,0,19,False,True,0,0,54,40,29,3.93,AI is off,AI is off,AI is off,AI is off,Not paired,AI is off,0,0,0
1330000,13.4,0,5,0.49,0.21,0,0,48,1,0,19,False,True,0,0,52,39,29,3.93,AI is off,AI is off,AI is off,AI is off,Not paired,AI is off,0,0,0
1332000,13.2,0,5,0.48,0.21,0,0,53,1,0,19,False,True,0,0,55,42,31,3.93,AI is off,AI is off,AI is off,AI is off,Not paired,AI is off,0,0,0
1334000,13.3,0,5,0.49,0.21,0,0,53,1,0,19,False,True,0,0,54,40,29,3.93,AI is off,AI is off,AI is off,AI is off,Not paired,AI is off,0,0,0
1336000,13.4,0,5,0.49,0.21,0,0,52,1,0,19,False,True,0,0,54,42,33,3.93,AI is off,AI is off,AI is off,AI is off,Not paired,AI is off,0,0,0
1338000,13.6,0,5,0.49,0.21,0,0,52,1,0,19,False,True,0,0,55,43,33,3.93,AI is off,AI is off,AI is off,AI is off,Not paired,AI is off,0,0,0
1340000,13.3,0,5,0.49,0.21,0,0,52,1,0,19,False,True,0,0,55,44,33,3.93,AI is off,AI is off,AI is off,AI is off,Not paired,AI is off,0,0,0
1342000,13.3,0,5,0.49,0.21,0,0,52,1,0,19,False,True,0,0,55,43,32,3.93,AI is off,AI is off,AI is off,AI is off,Not paired,AI is off,0,0,0
1344000,13.4,0,5,0.49,0.21,0,0,52,1,0,19,False,True,0,0,55,42,32,3.93,AI is off,AI is off,AI is off,AI is off,Not paired,AI is off,0,0,0
1346000,13.4,0,5,0.49,0.21,0,0,52,1,0,19,False,True,0,0,55,44,34,3.93,AI is off,AI is off,AI is off,AI is off,Not paired,AI is off,0,0,0
1348000,13.3,0,5,0.49,0.21,0,0,52,1,0,19,False,True,0,0,55,40,31,3.93,AI is off,AI is off,AI is off,AI is off,Not paired,AI is off,0,0,0
1350000,13.3,0,5,0.49,0.21,0,0,52,1,0,19,False,True,0,0,55,40,31,3.93,AI is off,AI is off,AI is off,AI is off,Not paired,AI is off,0,0,0
1352000,13.4,0,5,0.49,0.21,0,0,52,1,0,19,False,True,0,0,56,44,34,3.93,AI is off,AI is off,AI is off,AI is off,Not paired,AI is off,0,0,0
1354000,13.5,0,5,0.49,0.21,0,0,52,1,0,19,False,True,0,0,54,42,32,3.93,AI is off,AI is off,AI is off,AI is off,Not paired,AI is off,0,0,0
1356000,13.8,0,5,0.49,0.21,0,0,52,1,0,19,False,True,0,0,56,44,33,3.93,AI is off,AI is off,AI is off,AI is off,Not paired,AI is off,0,0,0
1358000,13.9,0,5,0.5,0.21,0,0,52,1,0,19,False,True,0,0,56,43,32,3.93,AI is off,AI is off,AI is off,AI is off,Not paired,AI is off,0,0,0
1360000,14.1,0,5,0.5,0.21,0,0,52,1,0,19,False,True,0,0,56,44,34,3.93,AI is off,AI is off,AI is off,AI is off,Not paired,AI is off,0,0,0
1362000,14.2,0,5,0.5,0.21,0,0,52,1,0,19,False,True,0,0,56,44,34,3.93,AI is off,AI is off,AI is off,AI is off,Not paired,AI is off,0,0,0
1364000,14.4,0,5,0.51,0.21,0,0,44,1,0,19,False,True,0,0,56,43,32,3.93,AI is off,AI is off,AI is off,AI is off,Not paired,AI is off,0,0,0
1366000,14.4,0,5,0.51,0.21,0,0,44,1,0,19,False,True,0,0,55,44,34,3.93,AI is off,AI is off,AI is off,AI is off,Not paired,AI is off,0,0,0
1368000,14.5,0,5,0.51,0.21,0,0,44,1,0,19,False,True,0,0,56,44,34,3.93,AI is off,AI is off,AI is off,AI is off,Not paired,AI is off,0,0,0
1370000,14.6,0,5,0.51,0.21,0,0,42,1,0,19,False,True,0,0,55,43,32,3.93,AI is off,AI is off,AI is off,AI is off,Not paired,AI is off,0,0,0
1372000,14.6,0,5,0.51,0.21,0,0,42,1,0,19,False,True,0,0,56,44,34,3.93,AI is off,AI is off,AI is off,AI is off,Not paired,AI is off,0,0,0
1374000,14.6,0,5,0.51,0.21,0,0,42,1,0,19,False,True,0,0,54,42,32,3.93,AI is off,AI is off,AI is off,AI is off,Not paired,AI is off,0,0,0
1376000,14.7,0,5,0.52,0.21,0,0,42,1,0,19,False,True,0,0,55,44,34,3.93,AI is off,AI is off,AI is off,AI is off,Not paired,AI is off,0,0,0
1378000,14.5,0,5,0.51,0.21,0,0,42,1,0,19,False,True,0,0,55,42,32,3.93,AI is off,AI is off,AI is off,AI is off,Not paired,AI is off,0,0,0
1380000,15,0,5,0.52,0.21,0,0,41,1,0,19,False,True,0,0,54,43,33,3.93,AI is off,AI is off,AI is off,AI is off,Not paired,AI is off,0,0,0
1382000,14.9,0,5,0.52,0.21,0,0,41,1,0,19,False,True,0,0,56,44,33,3.93,AI is off,AI is off,AI is off,AI is off,Not paired,AI is off,0,0,0
1384000,15,0,5,0.52,0.21,0,0,38,1,0,19,False,True,0,0,54,42,32,3.93,AI is off,AI is off,AI is off,AI is off,Not paired,AI is off,0,0,0
1386000,15.1,0,5,0.52,0.21,0,0,38,1,0,19,False,True,0,0,55,44,33,3.93,AI is off,AI is off,AI is off,AI is off,Not paired,AI is off,0,0,0
1388000,15,0,5,0.52,0.21,0,0,38,1,0,19,False,True,0,0,55,44,33,3.93,AI is off,AI is off,AI is off,AI is off,Not paired,AI is off,0,0,0
1390000,15,0,5,0.52,0.21,0,0,38,1,0,19,False,True,0,0,56,45,34,3.93,AI is off,AI is off,AI is off,AI is off,Not paired,AI is off,0,0,0
1392000,15.1,0,5,0.52,0.21,0,0,38,1,0,19,False,True,0,0,54,42,33,3.93,AI is off,AI is off,AI is off,AI is off,Not paired,AI is off,0,0,0
1394000,15.1,0,5,0.52,0.21,0,0,38,1,0,19,False,True,0,0,57,45,35,3.93,AI is off,AI is off,AI is off,AI is off,Not paired,AI is off,0,0,0
1396000,15.2,0,5,0.53,0.21,0,0,38,1,0,19,False,True,0,0,55,44,33,3.93,AI is off,AI is off,AI is off,AI is off,Not paired,AI is off,0,0,0
1398000,15.2,0,5,0.53,0.21,0,0,38,1,0,19,False,True,0,0,55,44,33,3.93,AI is off,AI is off,AI is off,AI is off,Not paired,AI is off,0,0,0
1400000,15.4,0,5,0.53,0.21,0,0,38,1,0,19,False,True,0,0,55,42,33,3.93,AI is off,AI is off,AI is off,AI is off,Not paired,AI is off,0,0,0
1402000,15.5,0,5,0.53,0.21,0,0,35,1,0,19,False,True,0,0,54,42,32,3.93,AI is off,AI is off,AI is off,AI is off,Not paired,AI is off,0,0,0
1404000,15.6,0,5,0.53,0.21,0,0,35,1,0,19,False,True,0,0,54,42,32,3.93,AI is off,AI is off,AI is off,AI is off,Not paired,AI is off,0,0,0
1406000,15.6,0,5,0.53,0.21,0,0,34,1,0,19,False,True,0,0,55,43,33,3.93,AI is off,AI is off,AI is off,AI is off,Not paired,AI is off,0,0,0
1408000,15.7,0,5,0.54,0.21,0,0,34,1,0,19,False,True,0,0,56,44,33,3.93,AI is off,AI is off,AI is off,AI is off,Not paired,AI is off,0,0,0
1410000,15.7,0,5,0.54,0.21,0,0,34,1,0,19,False,True,0,0,55,44,34,3.93,AI is off,AI is off,AI is off,AI is off,Not paired,AI is off,0,0,0
1412000,15.7,0,5,0.54,0.21,0,0,34,1,0,19,False,True,0,0,55,43,32,3.93,AI is off,AI is off,AI is off,AI is off,Not paired,AI is off,0,0,0
1414000,15.8,0,5,0.54,0.21,0,0,34,1,0,19,False,True,0,0,54,42,31,3.93,AI is off,AI is off,AI is off,AI is off,Not paired,AI is off,0,0,0
1416000,15.8,0,5,0.54,0.21,0,0,34,1,0,19,False,True,0,0,53,41,31,3.93,AI is off,AI is off,AI is off,AI is off,Not paired,AI is off,0,0,0
1418000,15.7,0,5,0.54,0.21,0,0,32,1,0,19,False,True,0,0,53,41,31,3.93,AI is off,AI is off,AI is off,AI is off,Not paired,AI is off,0,0,0
1420000,15.6,0,5,0.53,0.21,0,0,32,1,0,19,False,True,0,0,54,42,31,3.93,AI is off,AI is off,AI is off,AI is off,Not paired,AI is off,0,0,0
1422000,15.7,0,5,0.53,0.21,0,0,32,1,0,19,False,True,0,0,53,41,31,3.93,AI is off,AI is off,AI is off,AI is off,Not paired,AI is off,0,0,0
1424000,15.7,0,5,0.54,0.21,0,0,33,1,0,19,False,True,0,0,54,41,31,3.93,AI is off,AI is off,AI is off,AI is off,Not paired,AI is off,0,0,0
1426000,15.7,0,5,0.54,0.21,0,0,33,1,0,19,False,True,0,0,54,41,31,3.93,AI is off,AI is off,AI is off,AI is off,Not paired,AI is off,0,0,0
1428000,15.7,0,5,0.54,0.21,0,0,33,1,0,19,False,True,0,0,54,41,31,3.93,AI is off,AI is off,AI is off,AI is off,Not paired,AI is off,0,0,0
1430000,15.7,0,5,0.54,0.21,0,0,33,1,0,19,False,True,0,0,53,41,30,3.93,AI is off,AI is off,AI is off,AI is off,Not paired,AI is off,0,0,0
1432000,15.7,0,5,0.54,0.21,0,0,33,1,0,19,False,True,0,0,54,41,31,3.93,AI is off,AI is off,AI is off,AI is off,Not paired,AI is off,0,0,0
1434000,15.7,0,5,0.54,0.21,0,0,32,1,0,19,False,True,0,0,54,41,31,3.93,AI is off,AI is off,AI is off,AI is off,Not paired,AI is off,0,0,0
1436000,15.7,0,5,0.54,0.21,0,0,32,1,0,19,False,True,0,0,54,42,31,3.93,AI is off,AI is off,AI is off,AI is off,Not paired,AI is off,0,0,0
1438000,15.6,0,5,0.53,0.21,0,0,32,1,0,19,False,True,0,0,54,42,32,3.93,AI is off,AI is off,AI is off,AI is off,Not paired,AI is off,0,0,0
1440000,15.6,0,5,0.53,0.21,0,0,33,1,0,19,False,True,0,0,55,44,34,3.93,AI is off,AI is off,AI is off,AI is off,Not paired,AI is off,0,0,0
1442000,15.8,0,5,0.54,0.21,0,0,33,1,0,19,False,True,0,0,56,45,35,3.93,AI is off,AI is off,AI is off,AI is off,Not paired,AI is off,0,0,0
1444000,15.9,0,5,0.54,0.21,0,0,33,1,0,19,False,True,0,0,55,44,33,3.93,AI is off,AI is off,AI is off,AI is off,Not paired,AI is off,0,0,0
1446000,15.6,0,5,0.54,0.21,0,0,33,1,0,19,False,True,0,0,56,45,34,3.93,AI is off,AI is off,AI is off,AI is off,Not paired,AI is off,0,0,0
1448000,15.6,0,5,0.53,0.21,0,0,33,1,0,19,False,True,0,0,56,44,33,3.93,AI is off,AI is off,AI is off,AI is off,Not paired,AI is off,0,0,0
1450000,15.7,0,5,0.54,0.21,0,0,32,1,0,19,False,True,0,0,54,42,32,3.93,AI is off,AI is off,AI is off,AI is off,Not paired,AI is off,0,0,0
1452000,15.6,0,5,0.53,0.21,0,0,32,1,0,19,False,True,0,0,55,43,33,3.93,AI is off,AI is off,AI is off,AI is off,Not paired,AI is off,0,0,0
1454000,15.6,0,5,0.53,0.21,0,0,32,1,0,19,False,True,0,0,55,44,34,3.93,AI is off,AI is off,AI is off,AI is off,Not paired,AI is off,0,0,0
1456000,15.5,0,5,0.53,0.21,0,0,33,1,0,19,False,True,0,0,55,44,34,3.93,AI is off,AI is off,AI is off,AI is off,Not paired,AI is off,0,0,0
1458000,15.5,0,5,0.53,0.21,0,0,33,1,0,19,False,True,0,0,55,43,33,3.93,AI is off,AI is off,AI is off,AI is off,Not paired,AI is off,0,0,0
1460000,15.7,0,5,0.53,0.21,0,0,33,1,0,19,False,True,0,0,56,44,34,3.93,AI is off,AI is off,AI is off,AI is off,Not paired,AI is off,0,0,0
1462000,15.7,0,5,0.54,0.21,0,0,33,1,0,19,False,True,0,0,56,44,33,3.93,AI is off,AI is off,AI is off,AI is off,Not paired,AI is off,0,0,0
1464000,15.7,0,5,0.54,0.21,0,0,33,1,0,19,False,True,0,0,56,45,35,3.93,AI is off,AI is off,AI is off,AI is off,Not paired,AI is off,0,0,0
1466000,15.7,0,5,0.54,0.21,0,0,32,1,0,19,False,True,0,0,57,44,34,3.93,AI is off,AI is off,AI is off,AI is off,Not paired,AI is off,0,0,0
1468000,15.6,0,5,0.53,0.21,0,0,32,1,0,19,False,True,0,0,56,44,34,3.93,AI is off,AI is off,AI is off,AI is off,Not paired,AI is off,0,0,0
1470000,15.5,0,5,0.53,0.21,0,0,32,1,0,19,False,True,0,0,55,44,33,3.93,AI is off,AI is off,AI is off,AI is off,Not paired,AI is off,0,0,0
1472000,15.5,0,5,0.53,0.21,0,0,33,1,0,19,False,True,0,0,57,45,35,3.93,AI is off,AI is off,AI is off,AI is off,Not paired,AI is off,0,0,0
1474000,15.4,0,5,0.53,0.21,0,0,33,1,0,19,False,True,0,0,57,45,35,3.93,AI is off,AI is off,AI is off,AI is off,Not paired,AI is off,0,0,0
1476000,15.3,0,5,0.53,0.21,0,0,33,1,0,19,False,True,0,0,57,45,35,3.93,AI is off,AI is off,AI is off,AI is off,Not paired,AI is off,0,0,0
1478000,15.2,0,5,0.53,0.21,0,0,33,1,0,19,False,True,0,0,55,41,31,3.93,AI is off,AI is off,AI is off,AI is off,Not paired,AI is off,0,0,0
1480000,15.1,0,5,0.52,0.21,0,0,33,1,0,19,False,True,0,0,54,39,30,3.93,AI is off,AI is off,AI is off,AI is off,Not paired,AI is off,0,0,0
1482000,15.1,0,5,0.52,0.21,0,0,33,1,0,19,False,True,0,0,57,45,36,3.93,AI is off,AI is off,AI is off,AI is off,Not paired,AI is off,0,0,0
1484000,15,0,5,0.52,0.21,0,0,36,1,0,19,False,True,0,0,57,45,35,3.93,AI is off,AI is off,AI is off,AI is off,Not paired,AI is off,0,0,0
1486000,15.1,0,5,0.52,0.21,0,0,36,1,0,19,False,True,0,0,57,45,34,3.93,AI is off,AI is off,AI is off,AI is off,Not paired,AI is off,0,0,0
1488000,15,0,5,0.52,0.21,0,0,37,1,0,19,False,True,0,0,56,45,35,3.93,AI is off,AI is off,AI is off,AI is off,Not paired,AI is off,0,0,0
1490000,15,0,5,0.52,0.21,0,0,37,1,0,19,False,True,0,0,56,44,34,3.93,AI is off,AI is off,AI is off,AI is off,Not paired,AI is off,0,0,0
1492000,15,0,5,0.52,0.21,0,0,37,1,0,19,False,True,0,0,55,43,33,3.93,AI is off,AI is off,AI is off,AI is off,Not paired,AI is off,0,0,0
1494000,15.1,0,5,0.52,0.21,0,0,37,1,0,19,False,True,0,0,54,42,33,3.93,AI is off,AI is off,AI is off,AI is off,Not paired,AI is off,0,0,0
1496000,15,0,5,0.52,0.21,0,0,37,1,0,19,False,True,0,0,54,40,31,3.93,AI is off,AI is off,AI is off,AI is off,Not paired,AI is off,0,0,0
1498000,15,0,5,0.52,0.21,0,0,37,1,0,19,False,True,0,0,55,43,32,3.93,AI is off,AI is off,AI is off,AI is off,Not paired,AI is off,0,0,0
1500000,14.9,0,5,0.52,0.21,0,0,37,1,0,19,False,True,0,0,55,43,33,3.93,AI is off,AI is off,AI is off,AI is off,Not paired,AI is off,0,0,0
1502000,14.9,0,5,0.52,0.21,0,0,37,1,0,19,False,True,0,0,56,43,32,3.93,AI is off,AI is off,AI is off,AI is off,Not paired,AI is off,0,0,0
1504000,15,0,5,0.52,0.21,0,0,37,1,0,19,False,True,0,0,54,42,33,3.93,AI is off,AI is off,AI is off,AI is off,Not paired,AI is off,0,0,0
1506000,14.9,0,5,0.52,0.21,0,0,36,1,0,19,False,True,0,0,55,43,33,3.93,AI is off,AI is off,AI is off,AI is off,Not paired,AI is off,0,0,0
1508000,14.8,0,5,0.52,0.21,0,0,36,1,0,19,False,True,0,0,56,44,34,3.93,AI is off,AI is off,AI is off,AI is off,Not paired,AI is off,0,0,0
1510000,14.8,0,5,0.52,0.21,0,0,36,1,0,19,False,True,0,0,56,44,34,3.93,AI is off,AI is off,AI is off,AI is off,Not paired,AI is off,0,0,0
1512000,14.7,0,5,0.51,0.21,0,0,36,1,0,19,False,True,0,0,54,39,31,3.93,AI is off,AI is off,AI is off,AI is off,Not paired,AI is off,0,0,0
1514000,14.8,0,5,0.52,0.21,0,0,36,1,0,19,False,True,0,0,57,45,35,3.93,AI is off,AI is off,AI is off,AI is off,Not paired,AI is off,0,0,0
1516000,14.8,0,5,0.52,0.21,0,0,37,1,0,19,False,True,0,0,56,45,34,3.93,AI is off,AI is off,AI is off,AI is off,Not paired,AI is off,0,0,0
1518000,15,0,5,0.52,0.21,0,0,37,1,0,19,False,True,0,0,56,45,35,3.93,AI is off,AI is off,AI is off,AI is off,Not paired,AI is off,0,0,0
1520000,15.1,0,5,0.52,0.21,0,0,37,1,0,19,False,True,0,0,56,44,33,3.93,AI is off,AI is off,AI is off,AI is off,Not paired,AI is off,0,0,0
1522000,15.1,0,5,0.52,0.21,0,0,35,1,0,19,False,True,0,0,55,43,33,3.93,AI is off,AI is off,AI is off,AI is off,Not paired,AI is off,0,0,0
1524000,15.2,0,5,0.52,0.21,0,0,35,1,0,19,False,True,0,0,54,42,32,3.93,AI is off,AI is off,AI is off,AI is off,Not paired,AI is off,0,0,0
1526000,15.2,0,5,0.53,0.21,0,0,35,1,0,19,False,True,0,0,56,44,33,3.93,AI is off,AI is off,AI is off,AI is off,Not paired,AI is off,0,0,0
1528000,15.1,0,5,0.52,0.21,0,0,35,1,0,19,False,True,0,0,55,43,33,3.93,AI is off,AI is off,AI is off,AI is off,Not paired,AI is off,0,0,0
1530000,15.1,0,5,0.52,0.21,0,0,35,1,0,19,False,True,0,0,54,42,33,3.93,AI is off,AI is off,AI is off,AI is off,Not paired,AI is off,0,0,0
1532000,15,0,5,0.52,0.21,0,0,35,1,0,19,False,True,0,0,57,44,35,3.93,AI is off,AI is off,AI is off,AI is off,Not paired,AI is off,0,0,0
1534000,15.1,0,5,0.52,0.21,0,0,35,1,0,19,False,True,0,0,57,45,35,3.93,AI is off,AI is off,AI is off,AI is off,Not paired,AI is off,0,0,0
1536000,15.1,0,5,0.52,0.21,0,0,35,1,0,19,False,True,0,0,56,44,33,3.93,AI is off,AI is off,AI is off,AI is off,Not paired,AI is off,0,0,0
1538000,15.1,0,5,0.52,0.21,0,0,35,1,0,19,False,True,0,0,56,44,34,3.93,AI is off,AI is off,AI is off,AI is off,Not paired,AI is off,0,0,0
1540000,15.1,0,5,0.52,0.21,0,0,35,1,0,19,False,True,0,0,54,43,32,3.93,AI is off,AI is off,AI is off,AI is off,Not paired,AI is off,0,0,0
1542000,15.2,0,5,0.52,0.21,0,0,35,1,0,19,False,True,0,0,55,44,34,3.93,AI is off,AI is off,AI is off,AI is off,Not paired,AI is off,0,0,0
1544000,15.2,0,5,0.52,0.21,0,0,35,1,0,19,False,True,0,0,56,43,33,3.93,AI is off,AI is off,AI is off,AI is off,Not paired,AI is off,0,0,0
1546000,15,0,5,0.52,0.21,0,0,35,1,0,19,False,True,0,0,54,40,30,3.93,AI is off,AI is off,AI is off,AI is off,Not paired,AI is off,0,0,0
1548000,15,0,5,0.52,0.21,0,0,35,1,0,19,False,True,0,0,57,44,34,3.93,AI is off,AI is off,AI is off,AI is off,Not paired,AI is off,0,0,0
1550000,15,0,5,0.52,0.21,0,0,35,1,0,19,False,True,0,0,54,38,29,3.93,AI is off,AI is off,AI is off,AI is off,Not paired,AI is off,0,0,0
1552000,14.9,0,5,0.52,0.21,0,0,35,1,0,19,False,True,0,0,54,39,30,3.93,AI is off,AI is off,AI is off,AI is off,Not paired,AI is off,0,0,0
1554000,14.9,0,5,0.52,0.21,0,0,36,1,0,19,False,True,0,0,54,38,29,3.93,AI is off,AI is off,AI is off,AI is off,Not paired,AI is off,0,0,0
1556000,14.9,0,5,0.52,0.21,0,0,36,1,0,19,False,True,0,0,54,39,29,3.93,AI is off,AI is off,AI is off,AI is off,Not paired,AI is off,0,0,0
1558000,14.8,0,5,0.52,0.21,0,0,36,1,0,19,False,True,0,0,53,39,31,3.93,AI is off,AI is off,AI is off,AI is off,Not paired,AI is off,0,0,0
1560000,14.8,0,5,0.52,0.21,0,0,36,1,0,19,False,True,0,0,54,40,32,3.93,AI is off,AI is off,AI is off,AI is off,Not paired,AI is off,0,0,0
1562000,14.8,0,5,0.52,0.21,0,0,36,1,0,19,False,True,0,0,54,39,30,3.93,AI is off,AI is off,AI is off,AI is off,Not paired,AI is off,0,0,0
1564000,14.7,0,5,0.52,0.21,0,0,36,1,0,19,False,True,0,0,54,39,29,3.93,AI is off,AI is off,AI is off,AI is off,Not paired,AI is off,0,0,0
1566000,14.6,0,5,0.51,0.21,0,0,37,1,0,19,False,True,0,0,57,45,35,3.93,AI is off,AI is off,AI is off,AI is off,Not paired,AI is off,0,0,0
1568000,14.7,0,5,0.51,0.21,0,0,37,1,0,19,False,True,0,0,56,44,33,3.93,AI is off,AI is off,AI is off,AI is off,Not paired,AI is off,0,0,0
1570000,14.6,0,5,0.51,0.21,0,0,37,1,0,19,False,True,0,0,56,45,34,3.93,AI is off,AI is off,AI is off,AI is off,Not paired,AI is off,0,0,0
1572000,14.6,0,5,0.51,0.21,0,0,37,1,0,19,False,True,0,0,56,44,34,3.93,AI is off,AI is off,AI is off,AI is off,Not paired,AI is off,0,0,0
1574000,14.6,0,5,0.51,0.21,0,0,37,1,0,19,False,True,0,0,56,44,34,3.93,AI is off,AI is off,AI is off,AI is off,Not paired,AI is off,0,0,0
1576000,14.8,0,5,0.52,0.21,0,0,37,1,0,19,False,True,0,0,56,44,34,3.93,AI is off,AI is off,AI is off,AI is off,Not paired,AI is off,0,0,0
1578000,14.8,0,5,0.52,0.21,0,0,37,1,0,19,False,True,0,0,55,45,33,3.93,AI is off,AI is off,AI is off,AI is off,Not paired,AI is off,0,0,0
1580000,14.8,0,5,0.52,0.21,0,0,37,1,0,19,False,True,0,0,56,44,33,3.93,AI is off,AI is off,AI is off,AI is off,Not paired,AI is off,0,0,0
1582000,14.6,0,5,0.51,0.21,0,0,36,1,0,19,False,True,0,0,55,44,33,3.93,AI is off,AI is off,AI is off,AI is off,Not paired,AI is off,0,0,0
1584000,14.4,0,5,0.51,0.21,0,0,36,1,0,19,False,True,0,0,55,42,32,3.93,AI is off,AI is off,AI is off,AI is off,Not paired,AI is off,0,0,0
1586000,14.3,0,5,0.51,0.21,0,0,36,1,0,19,False,True,0,0,54,39,30,3.93,AI is off,AI is off,AI is off,AI is off,Not paired,AI is off,0,0,0
1588000,14.1,0,5,0.5,0.21,0,0,40,1,0,19,False,True,0,0,54,40,30,3.93,AI is off,AI is off,AI is off,AI is off,Not paired,AI is off,0,0,0
1590000,13.9,0,5,0.5,0.21,0,0,40,1,0,19,False,True,0,0,54,40,30,3.93,AI is off,AI is off,AI is off,AI is off,Not paired,AI is off,0,0,0
1592000,14,0,5,0.5,0.21,0,0,40,1,0,19,False,True,0,0,54,42,32,3.93,AI is off,AI is off,AI is off,AI is off,Not paired,AI is off,0,0,0
1594000,14.1,0,5,0.5,0.21,0,0,40,1,0,19,False,True,0,0,54,39,31,3.93,AI is off,AI is off,AI is off,AI is off,Not paired,AI is off,0,0,0
1596000,14.1,0,5,0.5,0.21,0,0,40,1,0,19,False,True,0,0,54,40,32,3.93,AI is off,AI is off,AI is off,AI is off,Not paired,AI is off,0,0,0
1598000,14.2,0,5,0.5,0.21,0,0,40,1,0,19,False,True,0,0,54,40,31,3.93,AI is off,AI is off,AI is off,AI is off,Not paired,AI is off,0,0,0
1600000,14.2,0,5,0.5,0.21,0,0,40,1,0,19,False,True,0,0,52,39,28,3.93,AI is off,AI is off,AI is off,AI is off,Not paired,AI is off,0,0,0
1602000,14.2,0,5,0.5,0.21,0,0,40,1,0,19,False,True,0,0,55,41,31,3.93,AI is off,AI is off,AI is off,AI is off,Not paired,AI is off,0,0,0
1604000,14.3,0,5,0.51,0.21,0,0,39,1,0,19,False,True,0,0,58,45,34,3.93,AI is off,AI is off,AI is off,AI is off,Not paired,AI is off,0,0,0
1606000,14.6,0,5,0.51,0.21,0,0,39,1,0,19,False,True,0,0,55,42,32,3.93,AI is off,AI is off,AI is off,AI is off,Not paired,AI is off,0,0,0
1608000,14.8,0,5,0.52,0.21,0,0,39,1,0,19,False,True,0,0,55,43,32,3.93,AI is off,AI is off,AI is off,AI is off,Not paired,AI is off,0,0,0
1610000,14.6,0,5,0.51,0.21,0,0,39,1,0,19,False,True,0,0,53,40,30,3.93,AI is off,AI is off,AI is off,AI is off,Not paired,AI is off,0,0,0
1612000,14.5,0,5,0.51,0.21,0,0,39,1,0,19,False,True,0,0,56,44,34,3.93,AI is off,AI is off,AI is off,AI is off,Not paired,AI is off,0,0,0
1614000,14.5,0,5,0.51,0.21,0,0,38,1,0,19,False,True,0,0,54,42,32,3.93,AI is off,AI is off,AI is off,AI is off,Not paired,AI is off,0,0,0
1616000,14.6,0,5,0.51,0.21,0,0,38,1,0,19,False,True,0,0,55,43,32,3.93,AI is off,AI is off,AI is off,AI is off,Not paired,AI is off,0,0,0
1618000,14.6,0,5,0.51,0.21,0,0,38,1,0,19,False,True,0,0,54,43,32,3.93,AI is off,AI is off,AI is off,AI is off,Not paired,AI is off,0,0,0
1620000,14.6,0,5,0.51,0.21,0,0,37,1,0,19,False,True,0,0,55,43,32,3.93,AI is off,AI is off,AI is off,AI is off,Not paired,AI is off,0,0,0
1622000,14.7,0,5,0.51,0.21,0,0,37,1,0,19,False,True,0,0,56,43,32,3.93,AI is off,AI is off,AI is off,AI is off,Not paired,AI is off,0,0,0
1624000,14.6,0,5,0.51,0.21,0,0,37,1,0,19,False,True,0,0,56,45,35,3.93,AI is off,AI is off,AI is off,AI is off,Not paired,AI is off,0,0,0
1626000,14.5,0,5,0.51,0.21,0,0,37,1,0,19,False,True,0,0,57,45,35,3.93,AI is off,AI is off,AI is off,AI is off,Not paired,AI is off,0,0,0
1628000,14.5,0,5,0.51,0.21,0,0,37,1,0,19,False,True,0,0,56,43,33,3.93,AI is off,AI is off,AI is off,AI is off,Not paired,AI is off,0,0,0
1630000,14.6,0,5,0.51,0.21,0,0,37,1,0,19,False,True,0,0,54,43,32,3.93,AI is off,AI is off,AI is off,AI is off,Not paired,AI is off,0,0,0
1632000,14.5,0,5,0.51,0.21,0,0,37,1,0,19,False,True,0,0,56,44,33,3.93,AI is off,AI is off,AI is off,AI is off,Not paired,AI is off,0,0,0
1634000,14.4,0,5,0.51,0.21,0,0,37,1,0,19,False,True,0,0,56,44,34,3.93,AI is off,AI is off,AI is off,AI is off,Not paired,AI is off,0,0,0
1636000,14.4,0,5,0.51,0.21,0,0,38,1,0,19,False,True,0,0,55,41,31,3.93,AI is off,AI is off,AI is off,AI is off,Not paired,AI is off,0,0,0
1638000,14.3,0,5,0.51,0.21,0,0,38,1,0,19,False,True,0,0,55,44,35,3.93,AI is off,AI is off,AI is off,AI is off,Not paired,AI is off,0,0,0
1640000,14.2,0,5,0.5,0.21,0,0,39,1,0,19,False,True,0,0,54,40,29,3.93,AI is off,AI is off,AI is off,AI is off,Not paired,AI is off,0,0,0
1642000,14.2,0,5,0.5,0.21,0,0,39,1,0,19,False,True,0,0,56,43,32,3.93,AI is off,AI is off,AI is off,AI is off,Not paired,AI is off,0,0,0
1644000,14.1,0,5,0.5,0.21,0,0,39,1,0,19,False,True,0,0,57,43,33,3.93,AI is off,AI is off,AI is off,AI is off,Not paired,AI is off,0,0,0
1646000,14,0,5,0.5,0.21,0,0,39,1,0,19,False,True,0,0,54,40,29,3.93,AI is off,AI is off,AI is off,AI is off,Not paired,AI is off,0,0,0
1648000,14,0,5,0.5,0.21,0,0,39,1,0,19,False,True,0,0,55,41,31,3.93,AI is off,AI is off,AI is off,AI is off,Not paired,AI is off,0,0,0
1650000,14.2,0,5,0.5,0.21,0,0,39,1,0,19,False,True,0,0,55,41,31,3.93,AI is off,AI is off,AI is off,AI is off,Not paired,AI is off,0,0,0
1652000,14.2,0,5,0.5,0.21,0,0,39,1,0,19,False,True,0,0,53,40,30,3.93,AI is off,AI is off,AI is off,AI is off,Not paired,AI is off,0,0,0
1654000,14.2,0,5,0.5,0.21,0,0,39,1,0,19,False,True,0,0,55,41,30,3.93,AI is off,AI is off,AI is off,AI is off,Not paired,AI is off,0,0,0
1656000,14.1,0,5,0.5,0.21,0,0,39,1,0,19,False,True,0,0,55,41,30,3.93,AI is off,AI is off,AI is off,AI is off,Not paired,AI is off,0,0,0
1658000,14.1,0,5,0.5,0.21,0,0,40,1,0,19,False,True,0,0,55,42,31,3.93,AI is off,AI is off,AI is off,AI is off,Not paired,AI is off,0,0,0
1660000,14,0,5,0.5,0.21,0,0,40,1,0,19,False,True,0,0,55,41,30,3.93,AI is off,AI is off,AI is off,AI is off,Not paired,AI is off,0,0,0
1662000,14,0,5,0.5,0.21,0,0,40,1,0,19,False,True,0,0,55,42,31,3.93,AI is off,AI is off,AI is off,AI is off,Not paired,AI is off,0,0,0
1664000,14,0,5,0.5,0.21,0,0,40,1,0,19,False,True,0,0,54,41,30,3.93,AI is off,AI is off,AI is off,AI is off,Not paired,AI is off,0,0,0
1666000,13.9,0,5,0.5,0.21,0,0,40,1,0,19,False,True,0,0,54,40,30,3.93,AI is off,AI is off,AI is off,AI is off,Not paired,AI is off,0,0,0
1668000,13.7,0,5,0.5,0.21,0,0,41,1,0,19,False,True,0,0,56,43,34,3.93,AI is off,AI is off,AI is off,AI is off,Not paired,AI is off,0,0,0
1670000,13.7,0,5,0.49,0.21,0,0,41,1,0,19,False,True,0,0,56,44,33,3.93,AI is off,AI is off,AI is off,AI is off,Not paired,AI is off,0,0,0
1672000,13.8,0,5,0.5,0.21,0,0,41,1,0,19,False,True,0,0,55,41,30,3.93,AI is off,AI is off,AI is off,AI is off,Not paired,AI is off,0,0,0
1674000,13.9,0,5,0.5,0.21,0,0,42,1,0,19,False,True,0,0,53,40,32,3.93,AI is off,AI is off,AI is off,AI is off,Not paired,AI is off,0,0,0
1676000,14.1,0,5,0.5,0.21,0,0,42,1,0,19,False,True,0,0,55,43,33,3.93,AI is off,AI is off,AI is off,AI is off,Not paired,AI is off,0,0,0
1678000,14.1,0,5,0.5,0.21,0,0,42,1,0,19,False,True,0,0,52,38,28,3.93,AI is off,AI is off,AI is off,AI is off,Not paired,AI is off,0,0,0
1680000,14.1,0,5,0.5,0.21,0,0,42,1,0,19,False,True,0,0,56,42,30,3.93,AI is off,AI is off,AI is off,AI is off,Not paired,AI is off,0,0,0
1682000,14.1,0,5,0.5,0.21,0,0,42,1,0,19,False,True,0,0,54,39,31,3.93,AI is off,AI is off,AI is off,AI is off,Not paired,AI is off,0,0,0
1684000,14.3,0,5,0.51,0.21,0,0,38,1,0,19,False,True,0,0,55,41,32,3.93,AI is off,AI is off,AI is off,AI is off,Not paired,AI is off,0,0,0
1686000,14.4,0,5,0.51,0.21,0,0,38,1,0,19,False,True,0,0,54,43,33,3.93,AI is off,AI is off,AI is off,AI is off,Not paired,AI is off,0,0,0
1688000,14.5,0,5,0.51,0.21,0,0,38,1,0,19,False,True,0,0,55,43,33,3.93,AI is off,AI is off,AI is off,AI is off,Not paired,AI is off,0,0,0
1690000,14.1,0,5,0.5,0.21,0,0,37,1,0,19,False,True,0,0,54,42,33,3.93,AI is off,AI is off,AI is off,AI is off,Not paired,AI is off,0,0,0
1692000,13.8,0,5,0.5,0.21,0,0,37,1,0,19,False,True,0,0,55,43,34,3.93,AI is off,AI is off,AI is off,AI is off,Not paired,AI is off,0,0,0
1694000,13.5,0,5,0.49,0.21,0,0,37,1,0,19,False,True,0,0,54,42,31,3.93,AI is off,AI is off,AI is off,AI is off,Not paired,AI is off,0,0,0
1696000,13.2,0,5,0.48,0.21,0,0,37,1,0,19,False,True,0,0,55,42,31,3.93,AI is off,AI is off,AI is off,AI is off,Not paired,AI is off,0,0,0
1698000,13,0,5,0.48,0.21,0,0,37,1,0,19,False,True,0,0,55,41,30,3.93,AI is off,AI is off,AI is off,AI is off,Not paired,AI is off,0,0,0
1700000,13.1,0,5,0.48,0.21,0,0,50,1,0,19,False,True,0,0,56,44,34,3.93,AI is off,AI is off,AI is off,AI is off,Not paired,AI is off,0,0,0
1702000,13,0,5,0.48,0.21,0,0,50,1,0,19,False,True,0,0,54,39,31,3.93,AI is off,AI is off,AI is off,AI is off,Not paired,AI is off,0,0,0
1704000,12.8,0,5,0.48,0.21,0,0,53,1,0,19,False,True,0,0,54,39,31,3.93,AI is off,AI is off,AI is off,AI is off,Not paired,AI is off,0,0,0
1706000,12.9,0,5,0.48,0.21,0,0,53,1,0,19,False,True,0,0,54,40,31,3.93,AI is off,AI is off,AI is off,AI is off,Not paired,AI is off,0,0,0
1708000,12.9,0,5,0.48,0.21,0,0,53,1,0,19,False,True,0,0,54,40,31,3.93,AI is off,AI is off,AI is off,AI is off,Not paired,AI is off,0,0,0
1710000,13,0,5,0.48,0.21,0,0,51,1,0,19,False,True,0,0,54,40,31,3.93,AI is off,AI is off,AI is off,AI is off,Not paired,AI is off,0,0,0
1712000,12.9,0,5,0.48,0.21,0,0,51,1,0,19,False,True,0,0,55,40,31,3.93,AI is off,AI is off,AI is off,AI is off,Not paired,AI is off,0,0,0
1714000,12.8,0,5,0.48,0.21,0,0,51,1,0,19,False,True,0,0,54,41,31,3.93,AI is off,AI is off,AI is off,AI is off,Not paired,AI is off,0,0,0
1716000,13,0,5,0.48,0.21,0,0,51,1,0,19,False,True,0,0,55,43,32,3.93,AI is off,AI is off,AI is off,AI is off,Not paired,AI is off,0,0,0
1718000,13,0,5,0.48,0.21,0,0,51,1,0,19,False,True,0,0,54,42,32,3.93,AI is off,AI is off,AI is off,AI is off,Not paired,AI is off,0,0,0
1720000,12.9,0,5,0.48,0.21,0,0,51,1,0,19,False,True,0,0,55,43,33,3.93,AI is off,AI is off,AI is off,AI is off,Not paired,AI is off,0,0,0
1722000,13,0,5,0.48,0.21,0,0,51,1,0,19,False,True,0,0,55,44,33,3.93,AI is off,AI is off,AI is off,AI is off,Not paired,AI is off,0,0,0
1724000,13,0,5,0.48,0.21,0,0,51,1,0,19,False,True,0,0,54,42,32,3.93,AI is off,AI is off,AI is off,AI is off,Not paired,AI is off,0,0,0
1726000,12.9,0,5,0.48,0.21,0,0,52,1,0,19,False,True,0,0,56,43,34,3.93,AI is off,AI is off,AI is off,AI is off,Not paired,AI is off,0,0,0
1728000,12.9,0,5,0.48,0.21,0,0,52,1,0,19,False,True,0,0,53,39,30,3.93,AI is off,AI is off,AI is off,AI is off,Not paired,AI is off,0,0,0
1730000,13.2,0,5,0.48,0.21,0,0,52,1,0,19,False,True,0,0,54,40,30,3.93,AI is off,AI is off,AI is off,AI is off,Not paired,AI is off,0,0,0
1732000,13.4,0,5,0.49,0.21,0,0,52,1,0,19,False,True,0,0,54,42,32,3.93,AI is off,AI is off,AI is off,AI is off,Not paired,AI is off,0,0,0
1734000,13.6,0,5,0.49,0.21,0,0,52,1,0,19,False,True,0,0,56,44,33,3.93,AI is off,AI is off,AI is off,AI is off,Not paired,AI is off,0,0,0
1736000,13.7,0,5,0.49,0.21,0,0,52,1,0,19,False,True,0,0,56,44,34,3.93,AI is off,AI is off,AI is off,AI is off,Not paired,AI is off,0,0,0
1738000,13.6,0,5,0.49,0.21,0,0,42,1,0,19,False,True,0,0,56,44,34,3.93,AI is off,AI is off,AI is off,AI is off,Not paired,AI is off,0,0,0
1740000,13.6,0,5,0.49,0.21,0,0,42,1,0,19,False,True,0,0,55,43,32,3.93,AI is off,AI is off,AI is off,AI is off,Not paired,AI is off,0,0,0
1742000,13.8,0,5,0.5,0.21,0,0,42,1,0,19,False,True,0,0,55,43,32,3.93,AI is off,AI is off,AI is off,AI is off,Not paired,AI is off,0,0,0
1744000,13.9,0,5,0.5,0.21,0,0,40,1,0,19,False,True,0,0,55,43,33,3.93,AI is off,AI is off,AI is off,AI is off,Not paired,AI is off,0,0,0
1746000,13.9,0,5,0.5,0.21,0,0,40,1,0,19,False,True,0,0,54,42,33,3.93,AI is off,AI is off,AI is off,AI is off,Not paired,AI is off,0,0,0
1748000,14,0,5,0.5,0.21,0,0,40,1,0,19,False,True,0,0,55,43,33,3.93,AI is off,AI is off,AI is off,AI is off,Not paired,AI is off,0,0,0
1750000,13.9,0,5,0.5,0.21,0,0,40,1,0,19,False,True,0,0,55,44,34,3.93,AI is off,AI is off,AI is off,AI is off,Not paired,AI is off,0,0,0
1752000,13.7,0,5,0.49,0.21,0,0,40,1,0,19,False,True,0,0,57,45,34,3.93,AI is off,AI is off,AI is off,AI is off,Not paired,AI is off,0,0,0
1754000,13.7,0,5,0.49,0.21,0,0,42,1,0,19,False,True,0,0,57,45,35,3.93,AI is off,AI is off,AI is off,AI is off,Not paired,AI is off,0,0,0
1756000,13.7,0,5,0.49,0.21,0,0,42,1,0,19,False,True,0,0,55,43,33,3.93,AI is off,AI is off,AI is off,AI is off,Not paired,AI is off,0,0,0
1758000,13.7,0,5,0.49,0.21,0,0,42,1,0,19,False,True,0,0,54,40,31,3.93,AI is off,AI is off,AI is off,AI is off,Not paired,AI is off,0,0,0
1760000,13.8,0,5,0.49,0.21,0,0,41,1,0,19,False,True,0,0,54,40,31,3.93,AI is off,AI is off,AI is off,AI is off,Not paired,AI is off,0,0,0
1762000,13.9,0,5,0.5,0.21,0,0,41,1,0,19,False,True,0,0,55,43,33,3.93,AI is off,AI is off,AI is off,AI is off,Not paired,AI is off,0,0,0
1764000,13.9,0,5,0.5,0.21,0,0,41,1,0,19,False,True,0,0,56,44,34,3.93,AI is off,AI is off,AI is off,AI is off,Not paired,AI is off,0,0,0
1766000,13.9,0,5,0.5,0.21,0,0,41,1,0,19,False,True,0,0,54,42,32,3.93,AI is off,AI is off,AI is off,AI is off,Not paired,AI is off,0,0,0
1768000,13.9,0,5,0.5,0.21,0,0,41,1,0,19,False,True,0,0,56,44,33,3.93,AI is off,AI is off,AI is off,AI is off,Not paired,AI is off,0,0,0
1770000,13.7,0,5,0.5,0.21,0,0,41,1,0,19,False,True,0,0,54,42,32,3.93,AI is off,AI is off,AI is off,AI is off,Not paired,AI is off,0,0,0
1772000,13.7,0,5,0.49,0.21,0,0,41,1,0,19,False,True,0,0,55,43,33,3.93,AI is off,AI is off,AI is off,AI is off,Not paired,AI is off,0,0,0
1774000,13.7,0,5,0.49,0.21,0,0,41,1,0,19,False,True,0,0,55,44,34,3.93,AI is off,AI is off,AI is off,AI is off,Not paired,AI is off,0,0,0
1776000,13.7,0,5,0.49,0.21,0,0,41,1,0,19,False,True,0,0,55,44,33,3.93,AI is off,AI is off,AI is off,AI is off,Not paired,AI is off,0,0,0
1778000,13.8,0,5,0.49,0.21,0,0,41,1,0,19,False,True,0,0,55,42,32,3.93,AI is off,AI is off,AI is off,AI is off,Not paired,AI is off,0,0,0
1780000,13.7,0,5,0.49,0.21,0,0,41,1,0,19,False,True,0,0,54,42,32,3.93,AI is off,AI is off,AI is off,AI is off,Not paired,AI is off,0,0,0
1782000,13.8,0,5,0.5,0.21,0,0,41,1,0,19,False,True,0,0,54,42,32,3.93,AI is off,AI is off,AI is off,AI is off,Not paired,AI is off,0,0,0
1784000,14,0,5,0.5,0.21,0,0,41,1,0,19,False,True,0,0,54,43,33,3.93,AI is off,AI is off,AI is off,AI is off,Not paired,AI is off,0,0,0
1786000,14.1,0,5,0.5,0.21,0,0,38,1,0,19,False,True,0,0,54,41,31,3.93,AI is off,AI is off,AI is off,AI is off,Not paired,AI is off,0,0,0
1788000,14,0,5,0.5,0.21,0,0,38,1,0,19,False,True,0,0,56,44,34,3.93,AI is off,AI is off,AI is off,AI is off,Not paired,AI is off,0,0,0
1790000,13.6,0,5,0.5,0.21,0,0,38,1,0,19,False,True,0,0,55,43,33,3.93,AI is off,AI is off,AI is off,AI is off,Not paired,AI is off,0,0,0
1792000,13.1,0,5,0.48,0.21,0,0,46,1,0,19,False,True,0,0,55,42,32,3.93,AI is off,AI is off,AI is off,AI is off,Not paired,AI is off,0,0,0
1794000,12.9,0,5,0.48,0.21,0,0,46,1,0,19,False,True,0,0,56,43,33,3.93,AI is off,AI is off,AI is off,AI is off,Not paired,AI is off,0,0,0
1796000,13,0,5,0.48,0.21,0,0,46,1,0,19,False,True,0,0,53,40,31,3.93,AI is off,AI is off,AI is off,AI is off,Not paired,AI is off,0,0,0
1798000,12.9,0,5,0.48,0.21,0,0,46,1,0,19,False,True,0,0,54,40,30,3.93,AI is off,AI is off,AI is off,AI is off,Not paired,AI is off,0,0,0
1800000,12.7,0,5,0.47,0.21,0,0,46,1,0,19,False,True,0,0,54,39,29,3.93,AI is off,AI is off,AI is off,AI is off,Not paired,AI is off,0,0,0
1802000,12.6,0,5,0.47,0.21,0,0,46,1,0,19,False,True,0,0,54,38,30,3.93,AI is off,AI is off,AI is off,AI is off,Not paired,AI is off,0,0,0
1804000,12.3,0,5,0.47,0.21,0,0,56,1,0,19,False,True,0,0,57,44,34,3.93,AI is off,AI is off,AI is off,AI is off,Not paired,AI is off,0,0,0
1806000,12.4,0,5,0.47,0.21,0,0,56,1,0,19,False,True,0,0,56,42,32,3.93,AI is off,AI is off,AI is off,AI is off,Not paired,AI is off,0,0,0
1808000,12.1,0,5,0.46,0.21,0,0,64,1,0,19,False,True,0,0,55,42,30,3.93,AI is off,AI is off,AI is off,AI is off,Not paired,AI is off,0,0,0
1810000,12,0,5,0.46,0.21,0,0,64,1,0,19,False,True,0,0,54,40,29,3.93,AI is off,AI is off,AI is off,AI is off,Not paired,AI is off,0,0,0
1812000,11.6,0,5,0.45,0.21,0,0,64,1,0,19,False,True,0,0,55,42,31,3.93,AI is off,AI is off,AI is off,AI is off,Not paired,AI is off,0,0,0
1814000,11.2,0,5,0.44,0.21,0,0,64,1,0,19,False,True,0,0,53,40,29,3.93,AI is off,AI is off,AI is off,AI is off,Not paired,AI is off,0,0,0
1816000,10.7,0,5,0.44,0.21,0,0,64,1,0,19,False,True,0,0,53,40,29,3.93,AI is off,AI is off,AI is off,AI is off,Not paired,AI is off,0,0,0
1818000,10.3,0,5,0.43,0.21,0,0,64,1,0,19,False,True,0,0,55,41,30,3.93,AI is off,AI is off,AI is off,AI is off,Not paired,AI is off,0,0,0
1820000,10,0,4,0.42,0.21,0,0,99,1,0,19,False,True,0,0,61,47,36,3.93,AI is off,AI is off,AI is off,AI is off,Not paired,AI is off,0,0,0
1822000,10,0,4,0.42,0.21,0,0,99,1,0,19,False,True,0,0,60,47,35,3.93,AI is off,AI is off,AI is off,AI is off,Not paired,AI is off,0,0,0
1824000,10,0,4,0.42,0.21,0,0,99,1,0,19,False,True,0,0,59,47,35,3.93,AI is off,AI is off,AI is off,AI is off,Not paired,AI is off,0,0,0
1826000,10.2,0,4,0.42,0.21,0,0,99,1,0,19,False,True,0,0,58,43,34,3.93,AI is off,AI is off,AI is off,AI is off,Not paired,AI is off,0,0,0
1828000,10.3,0,4,0.42,0.21,0,0,99,1,0,19,False,True,0,0,59,47,36,3.93,AI is off,AI is off,AI is off,AI is off,Not paired,AI is off,0,0,0
1830000,10.2,0,4,0.43,0.21,0,0,99,1,0,19,False,True,0,0,57,43,32,3.93,AI is off,AI is off,AI is off,AI is off,Not paired,AI is off,0,0,0
1832000,10,0,4,0.42,0.21,0,0,99,1,0,19,False,True,0,0,55,42,32,3.93,AI is off,AI is off,AI is off,AI is off,Not paired,AI is off,0,0,0
1834000,9.900001,0,4,0.41,0.21,0,0,99,1,0,19,False,True,0,0,57,44,33,3.93,AI is off,AI is off,AI is off,AI is off,Not paired,AI is off,0,0,0
1836000,9.7,0,4,0.41,0.21,0,0,99,1,0,19,False,True,0,0,60,45,34,3.93,AI is off,AI is off,AI is off,AI is off,Not paired,AI is off,0,0,0
1838000,9.2,0,4,0.4,0.21,0,0,99,1,0,19,False,True,0,0,57,45,32,3.93,AI is off,AI is off,AI is off,AI is off,Not paired,AI is off,0,0,0
1840000,9.1,0,4,0.4,0.21,0,0,99,1,0,19,False,True,0,0,58,45,33,3.93,AI is off,AI is off,AI is off,AI is off,Not paired,AI is off,0,0,0
1842000,8.900001,0,4,0.4,0.21,0,0,99,1,0,19,False,True,0,0,58,43,32,3.93,AI is off,AI is off,AI is off,AI is off,Not paired,AI is off,0,0,0
1844000,8.5,0,4,0.39,0.21,0,0,99,1,0,19,False,True,0,0,60,46,34,3.93,AI is off,AI is off,AI is off,AI is off,Not paired,AI is off,0,0,0
1846000,8.3,0,4,0.38,0.21,0,0,99,1,0,19,False,True,0,0,59,44,34,3.93,AI is off,AI is off,AI is off,AI is off,Not paired,AI is off,0,0,0
1848000,8.1,0,4,0.38,0.21,0,0,99,1,0,19,False,True,0,0,60,44,33,3.93,AI is off,AI is off,AI is off,AI is off,Not paired,AI is off,0,0,0
1850000,7.9,0,4,0.37,0.21,0,0,99,1,0,19,False,True,0,0,59,45,33,3.93,AI is off,AI is off,AI is off,AI is off,Not paired,AI is off,0,0,0
1852000,7.8,0,4,0.37,0.21,0,0,99,1,0,19,False,True,0,0,59,45,34,3.93,AI is off,AI is off,AI is off,AI is off,Not paired,AI is off,0,0,0
1854000,7.6,0,4,0.37,0.21,0,0,99,1,0,19,False,True,0,0,53,40,30,3.93,AI is off,AI is off,AI is off,AI is off,Not paired,AI is off,0,0,0
1856000,6.8,0,4,0.36,0.21,0,0,99,1,0,19,False,True,0,0,62,47,35,3.93,AI is off,AI is off,AI is off,AI is off,Not paired,AI is off,0,0,0
1858000,6.3,0,4,0.34,0.21,0,0,99,1,0,19,False,True,0,0,64,49,38,3.93,AI is off,AI is off,AI is off,AI is off,Not paired,AI is off,0,0,0
1860000,6.2,0,4,0.34,0.21,0,0,99,1,0,20,False,True,0,0,70,53,39,3.93,AI is off,AI is off,AI is off,AI is off,Not paired,AI is off,0,0,0
1862000,6.1,0,4,0.34,0.21,0,0,99,1,0,20,False,True,0,0,66,51,39,3.93,AI is off,AI is off,AI is off,AI is off,Not paired,AI is off,0,0,0
1864000,6.1,0,4,0.33,0.21,0,0,99,1,0,20,False,True,0,0,63,48,37,3.93,AI is off,AI is off,AI is off,AI is off,Not paired,AI is off,0,0,0
1866000,6,0,4,0.33,0.21,0,0,99,1,0,20,False,True,0,0,60,44,34,3.93,AI is off,AI is off,AI is off,AI is off,Not paired,AI is off,0,0,0
1868000,5.9,0,4,0.33,0.21,0,0,99,1,0,20,False,True,0,0,56,44,34,3.93,AI is off,AI is off,AI is off,AI is off,Not paired,AI is off,0,0,0
1870000,5.8,0,4,0.33,0.21,0,0,99,1,0,20,False,True,0,0,54,40,31,3.93,AI is off,AI is off,AI is off,AI is off,Not paired,AI is off,0,0,0
1872000,5.5,0,4,0.32,0.21,0,0,99,1,0,20,False,True,0,0,57,43,31,3.93,AI is off,AI is off,AI is off,AI is off,Not paired,AI is off,0,0,0
1874000,5.4,0,4,0.32,0.21,0,0,99,1,0,20,False,True,0,0,56,43,32,3.93,AI is off,AI is off,AI is off,AI is off,Not paired,AI is off,0,0,0
1876000,5.3,0,4,0.32,0.21,0,0,99,1,0,20,False,True,0,0,56,42,32,3.93,AI is off,AI is off,AI is off,AI is off,Not paired,AI is off,0,0,0
1878000,5.5,0,4,0.32,0.21,0,0,99,1,0,20,False,True,0,0,57,45,35,3.93,AI is off,AI is off,AI is off,AI is off,Not paired,AI is off,0,0,0
1880000,5.7,0,4,0.33,0.21,0,0,99,1,0,20,False,True,0,0,55,44,33,3.93,AI is off,AI is off,AI is off,AI is off,Not paired,AI is off,0,0,0
1882000,5.6,0,4,0.32,0.21,0,0,99,1,0,20,False,True,0,0,54,40,30,3.93,AI is off,AI is off,AI is off,AI is off,Not paired,AI is off,0,0,0
1884000,5.5,0,4,0.32,0.21,0,0,99,1,0,20,False,True,0,0,61,46,35,3.93,AI is off,AI is off,AI is off,AI is off,Not paired,AI is off,0,0,0
1886000,5.5,0,4,0.32,0.21,0,0,99,1,0,20,False,True,0,0,54,41,32,3.93,AI is off,AI is off,AI is off,AI is off,Not paired,AI is off,0,0,0
1888000,5.2,0,4,0.32,0.21,0,0,99,1,0,20,False,True,0,0,57,43,33,3.93,AI is off,AI is off,AI is off,AI is off,Not paired,AI is off,0,0,0
1890000,5,0,4,0.31,0.21,0,0,99,1,0,20,False,True,0,0,72,56,43,3.93,AI is off,AI is off,AI is off,AI is off,Not paired,AI is off,0,0,0
1892000,4.8,0,4,0.31,0.21,0,0,99,1,0,20,False,True,0,0,54,41,30,3.93,AI is off,AI is off,AI is off,AI is off,Not paired,AI is off,0,0,0
1894000,4.7,0,4,0.31,0.21,0,0,99,1,0,20,False,True,0,0,55,42,31,3.93,AI is off,AI is off,AI is off,AI is off,Not paired,AI is off,0,0,0
1896000,4.8,0,4,0.31,0.21,0,0,99,1,0,20,False,True,0,0,53,38,29,3.93,AI is off,AI is off,AI is off,AI is off,Not paired,AI is off,0,0,0
1898000,4.9,0,4,0.31,0.21,0,0,99,1,0,20,False,True,0,0,54,39,30,3.93,AI is off,AI is off,AI is off,AI is off,Not paired,AI is off,0,0,0
1900000,4.9,0,4,0.31,0.21,0,0,99,1,0,20,False,True,0,0,53,40,31,3.93,AI is off,AI is off,AI is off,AI is off,Not paired,AI is off,0,0,0
1902000,4.9,0,3,0.31,0.21,0,0,99,1,0,20,False,True,0,0,56,44,34,3.93,AI is off,AI is off,AI is off,AI is off,Not paired,AI is off,0,0,0
1904000,4.9,0,3,0.31,0.21,0,0,99,1,0,20,False,True,0,0,55,43,33,3.93,AI is off,AI is off,AI is off,AI is off,Not paired,AI is off,0,0,0
1906000,5.1,0,3,0.31,0.21,0,0,99,1,0,20,False,True,0,0,56,42,33,3.93,AI is off,AI is off,AI is off,AI is off,Not paired,AI is off,0,0,0
1908000,5.1,0,3,0.31,0.21,0,0,99,1,0,20,False,True,0,0,56,44,33,3.93,AI is off,AI is off,AI is off,AI is off,Not paired,AI is off,0,0,0
1910000,5.4,0,3,0.32,0.21,0,0,99,1,0,20,False,True,0,0,53,39,32,3.93,AI is off,AI is off,AI is off,AI is off,Not paired,AI is off,0,0,0
1912000,5.4,0,3,0.32,0.21,0,0,99,1,0,20,False,True,0,0,55,43,32,3.93,AI is off,AI is off,AI is off,AI is off,Not paired,AI is off,0,0,0
1914000,5.4,0,3,0.32,0.21,0,0,99,1,0,20,False,True,0,0,72,56,42,3.93,AI is off,AI is off,AI is off,AI is off,Not paired,AI is off,0,0,0
1916000,5.5,0,3,0.32,0.21,0,0,99,1,0,20,False,True,0,0,64,48,37,3.93,AI is off,AI is off,AI is off,AI is off,Not paired,AI is off,0,0,0
1918000,5.7,0,3,0.33,0.21,0,0,99,1,0,20,False,True,0,0,56,43,31,3.93,AI is off,AI is off,AI is off,AI is off,Not paired,AI is off,0,0,0
1920000,5.8,0,3,0.33,0.21,0,0,99,1,0,20,False,True,0,0,55,40,29,3.93,AI is off,AI is off,AI is off,AI is off,Not paired,AI is off,0,0,0
1922000,5.9,0,3,0.33,0.21,0,0,99,1,0,20,False,True,0,0,59,45,34,3.93,AI is off,AI is off,AI is off,AI is off,Not paired,AI is off,0,0,0
1924000,5.9,0,3,0.33,0.21,0,0,99,1,0,20,False,True,0,0,58,43,32,3.93,AI is off,AI is off,AI is off,AI is off,Not paired,AI is off,0,0,0
1926000,5.9,0,3,0.33,0.21,0,0,99,1,0,20,False,True,0,0,56,42,31,3.93,AI is off,AI is off,AI is off,AI is off,Not paired,AI is off,0,0,0
1928000,5.8,0,3,0.33,0.21,0,0,99,1,0,20,False,True,0,0,53,39,28,3.93,AI is off,AI is off,AI is off,AI is off,Not paired,AI is off,0,0,0
1930000,5.5,0,3,0.32,0.21,0,0,99,1,0,21,False,True,0,0,54,40,30,3.93,AI is off,AI is off,AI is off,AI is off,Not paired,AI is off,0,0,0
1932000,5.3,0,3,0.32,0.21,0,0,99,1,0,20,False,True,0,0,54,40,29,3.93,AI is off,AI is off,AI is off,AI is off,Not paired,AI is off,0,0,0
1934000,4.9,0,3,0.31,0.21,0,0,99,1,0,21,False,True,0,0,54,39,28,3.93,AI is off,AI is off,AI is off,AI is off,Not paired,AI is off,0,0,0
1936000,4.9,0,3,0.31,0.21,0,0,99,1,0,21,False,True,0,0,54,40,31,3.93,AI is off,AI is off,AI is off,AI is off,Not paired,AI is off,0,0,0
1938000,4.7,0,3,0.31,0.21,0,0,99,1,0,21,False,True,0,0,61,47,38,3.93,AI is off,AI is off,AI is off,AI is off,Not paired,AI is off,0,0,0
1940000,4.9,0,3,0.31,0.21,0,0,99,1,0,21,False,True,0,0,56,44,34,3.93,AI is off,AI is off,AI is off,AI is off,Not paired,AI is off,0,0,0
1942000,5,0,3,0.31,0.21,0,0,99,1,0,21,False,True,0,0,53,40,29,3.93,AI is off,AI is off,AI is off,AI is off,Not paired,AI is off,0,0,0
1944000,5.2,0,3,0.32,0.21,0,0,99,1,0,21,False,True,0,0,57,42,33,3.93,AI is off,AI is off,AI is off,AI is off,Not paired,AI is off,0,0,0
1946000,5.2,0,3,0.32,0.21,0,0,99,1,0,21,False,True,0,0,55,41,32,3.93,AI is off,AI is off,AI is off,AI is off,Not paired,AI is off,0,0,0
1948000,5.2,0,3,0.32,0.21,0,0,99,1,0,21,False,True,0,0,55,44,34,3.93,AI is off,AI is off,AI is off,AI is off,Not paired,AI is off,0,0,0
1950000,4.8,0,3,0.31,0.21,0,0,99,1,0,21,False,True,0,0,55,40,31,3.93,AI is off,AI is off,AI is off,AI is off,Not paired,AI is off,0,0,0
1952000,4.5,0,2,0.3,0.21,0,0,99,1,0,21,False,True,0,0,69,53,40,3.93,AI is off,AI is off,AI is off,AI is off,Not paired,AI is off,0,0,0
1954000,4.5,0,2,0.3,0.21,0,0,99,1,0,21,False,True,0,0,56,43,32,3.93,AI is off,AI is off,AI is off,AI is off,Not paired,AI is off,0,0,0
1956000,4.5,0,2,0.3,0.21,0,0,99,1,0,21,False,True,0,0,72,57,42,3.93,AI is off,AI is off,AI is off,AI is off,Not paired,AI is off,0,0,0
1958000,4.4,0,2,0.3,0.21,0,0,99,1,0,21,False,True,0,0,57,44,33,3.93,AI is off,AI is off,AI is off,AI is off,Not paired,AI is off,0,0,0
1960000,4.2,0,2,0.3,0.21,0,0,99,1,0,21,False,True,0,0,56,43,32,3.93,AI is off,AI is off,AI is off,AI is off,Not paired,AI is off,0,0,0
1962000,4.3,0,2,0.3,0.21,0,0,99,1,0,21,False,True,0,0,54,40,31,3.93,AI is off,AI is off,AI is off,AI is off,Not paired,AI is off,0,0,0
1964000,4.2,0,2,0.3,0.21,0,0,99,1,0,21,False,True,0,0,58,46,34,3.93,AI is off,AI is off,AI is off,AI is off,Not paired,AI is off,0,0,0
1966000,4.4,0,2,0.3,0.21,0,0,99,1,0,21,False,True,0,0,54,41,32,3.93,AI is off,AI is off,AI is off,AI is off,Not paired,AI is off,0,0,0
1968000,4.4,0,2,0.3,0.21,0,0,99,1,0,21,False,True,0,0,62,48,36,3.93,AI is off,AI is off,AI is off,AI is off,Not paired,AI is off,0,0,0
1970000,4.3,0,2,0.3,0.21,0,0,99,1,0,21,False,True,0,0,55,40,30,3.93,AI is off,AI is off,AI is off,AI is off,Not paired,AI is off,0,0,0
1972000,3.7,0,2,0.29,0.21,0,0,99,1,0,21,False,True,0,0,55,40,30,3.93,AI is off,AI is off,AI is off,AI is off,Not paired,AI is off,0,0,0
1974000,3.4,0,2,0.28,0.21,0,0,99,1,0,21,False,True,0,0,54,39,30,3.93,AI is off,AI is off,AI is off,AI is off,Not paired,AI is off,0,0,0
1976000,3.2,0,2,0.27,0.21,0,0,99,1,0,21,False,True,0,0,57,44,33,3.93,AI is off,AI is off,AI is off,AI is off,Not paired,AI is off,0,0,0
1978000,3.2,0,2,0.27,0.21,0,0,99,1,0,21,False,True,0,0,55,41,31,3.93,AI is off,AI is off,AI is off,AI is off,Not paired,AI is off,0,0,0
1980000,3.2,0,2,0.27,0.21,0,0,99,1,0,21,False,True,0,0,54,40,31,3.93,AI is off,AI is off,AI is off,AI is off,Not paired,AI is off,0,0,0
1982000,3.3,0,2,0.28,0.21,0,0,99,1,0,21,False,True,0,0,54,40,29,3.93,AI is off,AI is off,AI is off,AI is off,Not paired,AI is off,0,0,0
1984000,3.4,0,2,0.28,0.21,0,0,99,1,0,21,False,True,0,0,59,45,34,3.93,AI is off,AI is off,AI is off,AI is off,Not paired,AI is off,0,0,0
1986000,3.8,0,2,0.28,0.21,0,0,99,1,0,21,False,True,0,0,53,40,31,3.93,AI is off,AI is off,AI is off,AI is off,Not paired,AI is off,0,0,0
1988000,4.2,0,2,0.29,0.21,0,0,99,1,0,21,False,True,0,0,57,43,32,3.93,AI is off,AI is off,AI is off,AI is off,Not paired,AI is off,0,0,0
1990000,4.6,0,2,0.3,0.21,0,0,99,1,0,21,False,True,0,0,54,41,32,3.93,AI is off,AI is off,AI is off,AI is off,Not paired,AI is off,0,0,0
1992000,5,0,2,0.31,0.21,0,0,99,1,0,21,False,True,0,0,53,38,29,3.93,AI is off,AI is off,AI is off,AI is off,Not paired,AI is off,0,0,0
1994000,5,0,2,0.31,0.21,0,0,99,1,0,21,False,True,0,0,53,39,29,3.93,AI is off,AI is off,AI is off,AI is off,Not paired,AI is off,0,0,0
1996000,5.5,0,2,0.32,0.21,0,0,99,1,0,21,False,True,0,0,55,44,34,3.93,AI is off,AI is off,AI is off,AI is off,Not paired,AI is off,0,0,0
1998000,5.8,0,2,0.33,0.21,0,0,99,1,0,21,False,True,0,0,60,45,34,3.93,AI is off,AI is off,AI is off,AI is off,Not paired,AI is off,0,0,0
2000000,6.3,0,2,0.34,0.21,0,0,99,1,0,21,False,True,0,0,53,41,31,3.93,AI is off,AI is off,AI is off,AI is off,Not paired,AI is off,0,0,0
2002000,6.4,0,2,0.34,0.21,0,0,99,1,0,21,False,True,0,0,54,41,30,3.93,AI is off,AI is off,AI is off,AI is off,Not paired,AI is off,0,0,0
2004000,6.4,0,2,0.34,0.21,0,0,99,1,0,21,False,True,0,0,55,44,33,3.93,AI is off,AI is off,AI is off,AI is off,Not paired,AI is off,0,0,0
2006000,6.4,0,2,0.34,0.21,0,0,99,1,0,21,False,True,0,0,55,43,33,3.93,AI is off,AI is off,AI is off,AI is off,Not paired,AI is off,0,0,0
2008000,6.2,0,2,0.34,0.21,0,0,99,1,0,21,False,True,0,0,53,39,29,3.93,AI is off,AI is off,AI is off,AI is off,Not paired,AI is off,0,0,0
2010000,6.2,0,2,0.34,0.21,0,0,99,1,0,21,False,True,0,0,62,49,36,3.93,AI is off,AI is off,AI is off,AI is off,Not paired,AI is off,0,0,0
2012000,6.1,0,2,0.33,0.21,0,0,99,1,0,21,False,True,0,0,57,44,34,3.93,AI is off,AI is off,AI is off,AI is off,Not paired,AI is off,0,0,0
2014000,6.1,0,2,0.34,0.21,0,0,99,1,0,21,False,True,0,0,54,40,28,3.93,AI is off,AI is off,AI is off,AI is off,Not paired,AI is off,0,0,0
2016000,5.8,0,2,0.33,0.21,0,0,99,1,0,21,False,True,0,0,56,42,32,3.93,AI is off,AI is off,AI is off,AI is off,Not paired,AI is off,0,0,0
2018000,5.7,0,1,0.33,0.21,0,0,99,1,0,21,False,True,0,0,57,44,32,3.93,AI is off,AI is off,AI is off,AI is off,Not paired,AI is off,0,0,0
2020000,5.6,0,1,0.33,0.21,0,0,99,1,0,21,False,True,0,0,55,42,31,3.93,AI is off,AI is off,AI is off,AI is off,Not paired,AI is off,0,0,0
2022000,5.4,0,1,0.32,0.21,0,0,99,1,0,21,False,True,0,0,55,41,31,3.93,AI is off,AI is off,AI is off,AI is off,Not paired,AI is off,0,0,0
2024000,5.4,0,1,0.32,0.21,0,0,99,1,0,21,False,True,0,0,58,45,33,3.93,AI is off,AI is off,AI is off,AI is off,Not paired,AI is off,0,0,0
2026000,5.3,0,1,0.32,0.21,0,0,99,1,0,21,False,True,0,0,55,41,30,3.93,AI is off,AI is off,AI is off,AI is off,Not paired,AI is off,0,0,0
2028000,5.3,0,1,0.32,0.21,0,0,99,1,0,21,False,True,0,0,54,40,30,3.93,AI is off,AI is off,AI is off,AI is off,Not paired,AI is off,0,0,0
2030000,5.5,0,1,0.32,0.21,0,0,99,1,0,21,False,True,0,0,56,42,32,3.93,AI is off,AI is off,AI is off,AI is off,Not paired,AI is off,0,0,0
2032000,5.7,0,1,0.33,0.21,0,0,99,1,0,21,False,True,0,0,54,42,33,3.93,AI is off,AI is off,AI is off,AI is off,Not paired,AI is off,0,0,0
2034000,5.7,0,1,0.33,0.21,0,0,99,1,0,21,False,True,0,0,54,39,29,3.93,AI is off,AI is off,AI is off,AI is off,Not paired,AI is off,0,0,0
2036000,5.7,0,1,0.33,0.21,0,0,99,1,0,21,False,True,0,0,53,39,30,3.93,AI is off,AI is off,AI is off,AI is off,Not paired,AI is off,0,0,0
2038000,5.8,0,1,0.33,0.21,0,0,99,1,0,21,False,True,0,0,55,41,30,3.93,AI is off,AI is off,AI is off,AI is off,Not paired,AI is off,0,0,0
2040000,5.9,0,1,0.33,0.21,0,0,99,1,0,21,False,True,0,0,55,41,30,3.93,AI is off,AI is off,AI is off,AI is off,Not paired,AI is off,0,0,0
2042000,5.7,0,1,0.33,0.21,0,0,99,1,0,21,False,True,0,0,54,41,30,3.93,AI is off,AI is off,AI is off,AI is off,Not paired,AI is off,0,0,0
2044000,5.5,0,1,0.32,0.21,0,0,99,1,0,21,False,True,0,0,53,40,28,3.93,AI is off,AI is off,AI is off,AI is off,Not paired,AI is off,0,0,0
2046000,5.2,0,1,0.32,0.21,0,0,99,1,0,21,False,True,0,0,55,41,31,3.93,AI is off,AI is off,AI is off,AI is off,Not paired,AI is off,0,0,0
2048000,4.9,0,1,0.31,0.21,0,0,99,1,0,21,False,True,0,0,56,42,32,3.93,AI is off,AI is off,AI is off,AI is off,Not paired,AI is off,0,0,0
2050000,4.8,0,1,0.31,0.21,0,0,99,1,0,21,False,True,0,0,56,42,31,3.93,AI is off,AI is off,AI is off,AI is off,Not paired,AI is off,0,0,0
2052000,4.6,0,1,0.3,0.21,0,0,99,1,0,21,False,True,0,0,64,49,35,3.93,AI is off,AI is off,AI is off,AI is off,Not paired,AI is off,0,0,0
2054000,4.7,0,1,0.31,0.21,0,0,99,1,0,21,False,True,0,0,56,42,31,3.93,AI is off,AI is off,AI is off,AI is off,Not paired,AI is off,0,0,0
2056000,4.7,0,1,0.31,0.21,0,0,99,1,0,21,False,True,0,0,56,44,33,3.93,AI is off,AI is off,AI is off,AI is off,Not paired,AI is off,0,0,0
2058000,4.6,0,1,0.3,0.21,0,0,99,1,0,21,False,True,0,0,58,45,35,3.93,AI is off,AI is off,AI is off,AI is off,Not paired,AI is off,0,0,0
2060000,4.6,0,1,0.3,0.21,0,0,99,1,0,21,False,True,0,0,54,40,29,3.93,AI is off,AI is off,AI is off,AI is off,Not paired,AI is off,0,0,0
2062000,4.3,0,1,0.3,0.21,0,0,99,1,0,21,False,True,0,0,59,47,35,3.93,AI is off,AI is off,AI is off,AI is off,Not paired,AI is off,0,0,0
2064000,4.2,0,1,0.3,0.21,0,0,99,1,0,21,False,True,0,0,59,43,32,3.93,AI is off,AI is off,AI is off,AI is off,Not paired,AI is off,0,0,0
2066000,4,0,1,0.29,0.21,0,0,99,1,0,21,False,True,0,0,72,55,42,3.93,AI is off,AI is off,AI is off,AI is off,Not paired,AI is off,0,0,0
2068000,3.9,0,1,0.29,0.21,0,0,99,1,0,21,False,True,0,0,64,49,37,3.93,AI is off,AI is off,AI is off,AI is off,Not paired,AI is off,0,0,0
2070000,3.4,0,1,0.28,0.21,0,0,99,1,0,21,False,True,0,0,59,45,33,3.93,AI is off,AI is off,AI is off,AI is off,Not paired,AI is off,0,0,0
2072000,3,0,1,0.27,0.21,0,0,99,1,0,21,False,True,0,0,67,53,40,3.93,AI is off,AI is off,AI is off,AI is off,Not paired,AI is off,0,0,0
2074000,2.7,0,1,0.26,0.21,0,0,99,1,0,21,False,True,0,0,66,50,37,3.93,AI is off,AI is off,AI is off,AI is off,Not paired,AI is off,0,0,0
2076000,2.4,0,1,0.26,0.21,0,0,99,1,0,21,False,True,0,0,65,50,37,3.93,AI is off,AI is off,AI is off,AI is off,Not paired,AI is off,0,0,0
2078000,2.1,0,1,0.25,0.21,0,0,99,1,0,21,False,True,0,0,55,41,31,3.93,AI is off,AI is off,AI is off,AI is off,Not paired,AI is off,0,0,0
2080000,1.9,0,1,0.25,0.21,0,0,99,1,0,21,False,True,0,0,72,56,42,3.93,AI is off,AI is off,AI is off,AI is off,Not paired,AI is off,0,0,0
2082000,1.5,0,1,0.24,0.21,0,0,99,1,0,21,False,True,0,0,69,52,38,3.93,AI is off,AI is off,AI is off,AI is off,Not paired,AI is off,0,0,0
2084000,1.2,0,1,0.24,0.21,0,0,99,1,0,21,False,True,0,0,67,52,39,3.93,AI is off,AI is off,AI is off,AI is off,Not paired,AI is off,0,0,0
2086000,0.9,0,1,0.23,0.21,0,0,99,1,0,21,False,True,0,0,69,53,41,3.93,AI is off,AI is off,AI is off,AI is off,Not paired,AI is off,0,0,0
2088000,0,0,1,0.22,0.21,0,0,99,1,0,21,False,True,0,0,63,50,38,3.93,AI is off,AI is off,AI is off,AI is off,Not paired,AI is off,0,0,0
2090000,0,0,1,0.22,0.21,0,0,99,1,0,21,False,True,0,0,71,55,42,3.93,AI is off,AI is off,AI is off,AI is off,Not paired,AI is off,0,0,0
2092000,0,0,1,0.22,0.21,0,0,99,1,0,21,False,True,0,0,63,48,36,3.93,AI is off,AI is off,AI is off,AI is off,Not paired,AI is off,0,0,0
2094000,0,0,0,0.22,0.21,0,0,99,1,0,21,False,True,0,0,63,48,37,3.93,AI is off,AI is off,AI is off,AI is off,Not paired,AI is off,0,0,0
2096000,0,0,0,0.22,0.21,0,0,99,1,0,21,False,True,0,0,57,44,34,3.93,AI is off,AI is off,AI is off,AI is off,Not paired,AI is off,0,0,0
2098000,0,0,0,0.21,0.21,0,0,99,1,0,21,False,True,0,0,55,42,30,3.93,AI is off,AI is off,AI is off,AI is off,Not paired,AI is off,0,0,0
2100000,0,0,0,0.21,0.21,0,0,99,1,0,21,False,True,0,0,55,41,31,3.93,AI is off,AI is off,AI is off,AI is off,Not paired,AI is off,0,0,0
2102000,0,0,0,0.21,0.21,0,0,99,1,0,21,False,True,0,0,53,40,30,3.93,AI is off,AI is off,AI is off,AI is off,Not paired,AI is off,0,0,0
2104000,0,0,0,0.21,0.21,0,0,99,1,0,21,False,True,0,0,53,40,30,3.93,AI is off,AI is off,AI is off,AI is off,Not paired,AI is off,0,0,0
2106000,0,0,0,0.21,0.21,0,0,99,1,0,21,False,True,0,0,53,39,30,3.93,AI is off,AI is off,AI is off,AI is off,Not paired,AI is off,0,0,0
2108000,0,0,0,0.21,0.21,0,0,99,1,0,22,False,True,0,0,52,38,27,3.93,AI is off,AI is off,AI is off,AI is off,Not paired,AI is off,0,0,0
2110000,0,0,0,0.21,0.21,0,0,99,1,0,22,False,True,0,0,56,43,32,3.93,AI is off,AI is off,AI is off,AI is off,Not paired,AI is off,0,0,0
2112000,0,0,0,0.21,0.21,0,0,99,1,0,22,False,True,0,0,56,41,30,3.93,AI is off,AI is off,AI is off,AI is off,Not paired,AI is off,0,0,0
2114000,0,0,0,0.21,0.21,0,0,99,1,0,22,False,True,0,0,53,39,29,3.93,AI is off,AI is off,AI is off,AI is off,Not paired,AI is off,0,0,0
2116000,0,0,0,0.21,0.21,0,0,99,1,0,22,False,True,0,0,54,40,29,3.93,AI is off,AI is off,AI is off,AI is off,Not paired,AI is off,0,0,0
2118000,0,0,0,0.21,0.21,0,0,99,1,0,22,False,True,0,0,57,44,34,3.93,AI is off,AI is off,AI is off,AI is off,Not paired,AI is off,0,0,0
2120000,0,0,0,0.21,0.21,0,0,99,1,0,22,False,True,0,0,54,41,30,3.93,AI is off,AI is off,AI is off,AI is off,Not paired,AI is off,0,0,0
2122000,0,0,0,0.21,0.21,0,0,99,1,0,22,False,True,0,0,54,41,30,3.93,AI is off,AI is off,AI is off,AI is off,Not paired,AI is off,0,0,0
2124000,0,0,0,0.21,0.21,0,0,99,1,0,22,False,True,0,0,62,47,36,3.93,AI is off,AI is off,AI is off,AI is off,Not paired,AI is off,0,0,0
2126000,0,0,0,0.21,0.21,0,0,99,1,0,22,False,True,0,0,62,47,34,3.93,AI is off,AI is off,AI is off,AI is off,Not paired,AI is off,0,0,0
2128000,0,0,0,0.21,0.21,0,0,99,1,0,22,False,True,0,0,59,44,32,3.93,AI is off,AI is off,AI is off,AI is off,Not paired,AI is off,0,0,0
2130000,0,0,0,0.21,0.21,0,0,99,1,0,22,False,True,0,0,55,41,29,3.93,AI is off,AI is off,AI is off,AI is off,Not paired,AI is off,0,0,0
2132000,0,0,0,0.21,0.21,0,0,99,1,0,22,False,True,0,0,60,45,33,3.93,AI is off,AI is off,AI is off,AI is off,Not paired,AI is off,0,0,0
2134000,0,0,0,0.21,0.21,0,0,99,1,0,22,False,True,0,0,63,49,37,3.93,AI is off,AI is off,AI is off,AI is off,Not paired,AI is off,0,0,0
2136000,0,0,0,0.21,0.21,0,0,99,1,0,22,False,True,0,0,55,42,30,3.93,AI is off,AI is off,AI is off,AI is off,Not paired,AI is off,0,0,0
2138000,0,0,0,0.21,0.21,0,0,99,1,0,22,False,True,0,0,54,39,30,3.93,AI is off,AI is off,AI is off,AI is off,Not paired,AI is off,0,0,0
2140000,0,0,0,0.22,0.21,0,0,99,1,0,22,False,True,0,0,54,40,30,3.93,AI is off,AI is off,AI is off,AI is off,Not paired,AI is off,0,0,0
2142000,0,0,0,0.21,0.21,0,0,99,1,0,22,False,True,0,0,68,52,40,3.93,AI is off,AI is off,AI is off,AI is off,Not paired,AI is off,0,0,0
2144000,0,0,0,0.21,0.21,0,0,99,1,0,22,False,True,0,0,62,47,36,3.93,AI is off,AI is off,AI is off,AI is off,Not paired,AI is off,0,0,0