Dive Number,GF Minimum,GF Maximum,Surface Interval (min),Imperial Units,Start Battery Voltage,Start CNS %,Start Date,Start External O2 Sensor Status,Start Low Set Point,Start High Set Point,Computer Firmware Version,Max Depth,Max Time,Error History,End Battery Voltage,End CNS,End Date,End External O2 Sensor Status,End Low Set Point,End High Set Point,Computer Serial Number,Computer Firmware Version,Computer Model,Log Version,Deco Model,VPM-B Conservatism,Start Surface Pressure,End Surface Pressure,Product
125,40,85,127,False,3.9,2,7/27/2024 1:55:45 PM,False,0,1,86,28.5,1482,,3.9,5,7/27/2024 2:20:22 PM,False,0,1,937B0677,86,2,13,GF,40/85,1006,1006,Peregrine
Time (ms),Depth,First Stop Depth,Time To Surface (min),Average PPO2,Fraction O2,Fraction He,First Stop Time,Current NDL,Current Circuit Mode,Current CCR Mode,Water Temp,Gas Switch Needed,External PPO2,Set Point Type,Circuit Switch Type,External O2 Sensor 1 (mV),External O2 Sensor 2 (mV),External O2 Sensor 3 (mV),Battery Voltage,Tank 1 pressure (PSI),Tank 2 pressure (PSI),Tank 3 pressure (PSI),Tank 4 pressure (PSI),Gas Time Remaining,SAC Rate (2 minute avg),Ascent Rate,Safe Ascent Depth,CO2mbar
0,4.5,0,1,0.3,0.21,0,0,0,1,0,26,False,True,0,0,53,40,28,3.91,AI is off,AI is off,AI is off,AI is off,Not paired,AI is off,0,0,0
2000,4.8,0,1,0.31,0.21,0,0,0,1,0,26,False,True,0,0,53,40,29,3.91,AI is off,AI is off,AI is off,AI is off,Not paired,AI is off,0,0,0
4000,5,0,1,0.31,0.21,0,0,99,1,0,26,False,True,0,0,52,40,28,3.91,AI is off,AI is off,AI is off,AI is off,Not paired,AI is off,0,0,0
6000,5.5,0,1,0.32,0.21,0,0,99,1,0,26,False,True,0,0,52,38,27,3.92,AI is off,AI is off,AI is off,AI is off,Not paired,AI is off,0,0,0
8000,6,0,1,0.33,0.21,0,0,99,1,0,26,False,True,0,0,52,37,27,3.92,AI is off,AI is off,AI is off,AI is off,Not paired,AI is off,0,0,0
10000,6.7,0,1,0.34,0.21,0,0,99,1,0,26,False,True,0,0,51,36,26,3.92,AI is off,AI is off,AI is off,AI is off,Not paired,AI is off,0,0,0
12000,7,0,1,0.35,0.21,0,0,99,1,0,26,False,True,0,0,52,38,26,3.92,AI is off,AI is off,AI is off,AI is off,Not paired,AI is off,0,0,0
14000,7.6,0,1,0.36,0.21,0,0,99,1,0,26,False,True,0,0,56,43,30,3.92,AI is off,AI is off,AI is off,AI is off,Not paired,AI is off,0,0,0
16000,8.2,0,1,0.38,0.21,0,0,99,1,0,26,False,True,0,0,53,40,29,3.92,AI is off,AI is off,AI is off,AI is off,Not paired,AI is off,0,0,0
18000,8.5,0,1,0.39,0.21,0,0,99,1,0,26,False,True,0,0,54,41,30,3.92,AI is off,AI is off,AI is off,AI is off,Not paired,AI is off,0,0,0
20000,9,0,1,0.4,0.21,0,0,99,1,0,26,False,True,0,0,57,42,31,3.92,AI is off,AI is off,AI is off,AI is off,Not paired,AI is off,0,0,0
22000,9.5,0,1,0.4,0.21,0,0,99,1,0,26,False,True,0,0,53,38,28,3.92,AI is off,AI is off,AI is off,AI is off,Not paired,AI is off,0,0,0
24000,9.900001,0,1,0.41,0.21,0,0,99,1,0,26,False,True,0,0,55,39,30,3.92,AI is off,AI is off,AI is off,AI is off,Not paired,AI is off,0,0,0
26000,10.6,0,1,0.43,0.21,0,0,99,1,0,25,False,True,0,0,53,40,28,3.92,AI is off,AI is off,AI is off,AI is off,Not paired,AI is off,0,0,0
28000,10.8,0,1,0.43,0.21,0,0,99,1,0,25,False,True,0,0,51,39,28,3.92,AI is off,AI is off,AI is off,AI is off,Not paired,AI is off,0,0,0
30000,11,0,2,0.44,0.21,0,0,99,1,0,25,False,True,0,0,50,34,24,3.92,AI is off,AI is off,AI is off,AI is off,Not paired,AI is off,0,0,0
32000,11.3,0,2,0.44,0.21,0,0,99,1,0,25,False,True,0,0,52,37,26,3.92,AI is off,AI is off,AI is off,AI is off,Not paired,AI is off,0,0,0
34000,11.6,0,2,0.45,0.21,0,0,99,1,0,25,False,True,0,0,51,38,27,3.92,AI is off,AI is off,AI is off,AI is off,Not paired,AI is off,0,0,0
36000,12,0,5,0.46,0.21,0,0,99,1,0,25,False,True,0,0,52,40,28,3.92,AI is off,AI is off,AI is off,AI is off,Not paired,AI is off,0,0,0
38000,12.3,0,5,0.46,0.21,0,0,99,1,0,24,False,True,0,0,54,40,29,3.91,AI is off,AI is off,AI is off,AI is off,Not paired,AI is off,0,0,0
40000,12.6,0,5,0.47,0.21,0,0,99,1,0,24,False,True,0,0,53,40,29,3.91,AI is off,AI is off,AI is off,AI is off,Not paired,AI is off,0,0,0
42000,13.2,0,5,0.48,0.21,0,0,99,1,0,24,False,True,0,0,53,40,28,3.91,AI is off,AI is off,AI is off,AI is off,Not paired,AI is off,0,0,0
44000,13.6,0,5,0.49,0.21,0,0,99,1,0,24,False,True,0,0,52,40,28,3.91,AI is off,AI is off,AI is off,AI is off,Not paired,AI is off,0,0,0
46000,14.1,0,5,0.5,0.21,0,0,72,1,0,24,False,True,0,0,52,40,28,3.91,AI is off,AI is off,AI is off,AI is off,Not paired,AI is off,0,0,0
48000,14.8,0,5,0.51,0.21,0,0,72,1,0,24,False,True,0,0,54,41,29,3.91,AI is off,AI is off,AI is off,AI is off,Not paired,AI is off,0,0,0
50000,15.5,0,5,0.53,0.21,0,0,72,1,0,23,False,True,0,0,52,40,27,3.91,AI is off,AI is off,AI is off,AI is off,Not paired,AI is off,0,0,0
52000,16,0,5,0.54,0.21,0,0,56,1,0,23,False,True,0,0,53,39,27,3.91,AI is off,AI is off,AI is off,AI is off,Not paired,AI is off,0,0,0
54000,16.6,0,5,0.55,0.21,0,0,56,1,0,23,False,True,0,0,52,40,28,3.91,AI is off,AI is off,AI is off,AI is off,Not paired,AI is off,0,0,0
56000,17.3,0,5,0.57,0.21,0,0,56,1,0,23,False,True,0,0,53,40,29,3.91,AI is off,AI is off,AI is off,AI is off,Not paired,AI is off,0,0,0
58000,18,0,5,0.58,0.21,0,0,56,1,0,23,False,True,0,0,52,39,29,3.91,AI is off,AI is off,AI is off,AI is off,Not paired,AI is off,0,0,0
60000,18.7,0,5,0.6,0.21,0,0,56,1,0,23,False,True,0,0,53,40,28,3.91,AI is off,AI is off,AI is off,AI is off,Not paired,AI is off,0,0,0
62000,19.3,0,5,0.61,0.21,0,0,56,1,0,23,False,True,0,0,53,41,29,3.91,AI is off,AI is off,AI is off,AI is off,Not paired,AI is off,0,0,0
64000,20,0,5,0.62,0.21,0,0,35,1,0,23,False,True,0,0,53,41,29,3.91,AI is off,AI is off,AI is off,AI is off,Not paired,AI is off,0,0,0
66000,20.7,0,5,0.64,0.21,0,0,35,1,0,23,False,True,0,0,52,40,29,3.91,AI is off,AI is off,AI is off,AI is off,Not paired,AI is off,0,0,0
68000,21.5,0,6,0.65,0.21,0,0,29,1,0,22,False,True,0,0,53,41,29,3.91,AI is off,AI is off,AI is off,AI is off,Not paired,AI is off,0,0,0
70000,22.2,0,6,0.67,0.21,0,0,29,1,0,22,False,True,0,0,51,39,26,3.91,AI is off,AI is off,AI is off,AI is off,Not paired,AI is off,0,0,0
72000,22.8,0,6,0.68,0.21,0,0,23,1,0,22,False,True,0,0,51,39,27,3.91,AI is off,AI is off,AI is off,AI is off,Not paired,AI is off,0,0,0
74000,23.4,0,6,0.69,0.21,0,0,23,1,0,21,False,True,0,0,52,40,27,3.91,AI is off,AI is off,AI is off,AI is off,Not paired,AI is off,0,0,0
76000,24,0,6,0.71,0.21,0,0,23,1,0,21,False,True,0,0,52,40,28,3.91,AI is off,AI is off,AI is off,AI is off,Not paired,AI is off,0,0,0
78000,24.6,0,6,0.72,0.21,0,0,23,1,0,21,False,True,0,0,52,40,27,3.91,AI is off,AI is off,AI is off,AI is off,Not paired,AI is off,0,0,0
80000,25.2,0,6,0.73,0.21,0,0,23,1,0,20,False,True,0,0,52,40,28,3.91,AI is off,AI is off,AI is off,AI is off,Not paired,AI is off,0,0,0
82000,25.8,0,6,0.75,0.21,0,0,23,1,0,20,False,True,0,0,52,40,28,3.91,AI is off,AI is off,AI is off,AI is off,Not paired,AI is off,0,0,0
84000,26.2,0,6,0.76,0.21,0,0,17,1,0,20,False,True,0,0,52,40,29,3.91,AI is off,AI is off,AI is off,AI is off,Not paired,AI is off,0,0,0
86000,26.7,0,6,0.76,0.21,0,0,17,1,0,20,False,True,0,0,52,40,28,3.91,AI is off,AI is off,AI is off,AI is off,Not paired,AI is off,0,0,0
88000,27,0,6,0.77,0.21,0,0,17,1,0,19,False,True,0,0,52,41,29,3.91,AI is off,AI is off,AI is off,AI is off,Not paired,AI is off,0,0,0
90000,27.2,0,6,0.78,0.21,0,0,15,1,0,19,False,True,0,0,52,40,29,3.91,AI is off,AI is off,AI is off,AI is off,Not paired,AI is off,0,0,0
92000,27.1,0,6,0.78,0.21,0,0,15,1,0,19,False,True,0,0,53,40,28,3.91,AI is off,AI is off,AI is off,AI is off,Not paired,AI is off,0,0,0
94000,26.9,0,6,0.77,0.21,0,0,15,1,0,19,False,True,0,0,52,40,29,3.91,AI is off,AI is off,AI is off,AI is off,Not paired,AI is off,0,0,0
96000,27.1,0,6,0.78,0.21,0,0,15,1,0,18,False,True,0,0,54,41,30,3.91,AI is off,AI is off,AI is off,AI is off,Not paired,AI is off,0,0,0
98000,27,0,6,0.77,0.21,0,0,15,1,0,18,False,True,0,0,52,39,27,3.91,AI is off,AI is off,AI is off,AI is off,Not paired,AI is off,0,0,0
100000,26.7,0,6,0.77,0.21,0,0,16,1,0,18,False,True,0,0,53,40,29,3.91,AI is off,AI is off,AI is off,AI is off,Not paired,AI is off,0,0,0
102000,26.7,0,6,0.77,0.21,0,0,16,1,0,17,False,True,0,0,54,41,29,3.91,AI is off,AI is off,AI is off,AI is off,Not paired,AI is off,0,0,0
104000,26.7,0,6,0.77,0.21,0,0,16,1,0,17,False,True,0,0,53,41,30,3.91,AI is off,AI is off,AI is off,AI is off,Not paired,AI is off,0,0,0
106000,27,0,6,0.77,0.21,0,0,15,1,0,17,False,True,0,0,53,40,29,3.91,AI is off,AI is off,AI is off,AI is off,Not paired,AI is off,0,0,0
108000,27.2,0,6,0.78,0.21,0,0,15,1,0,17,False,True,0,0,54,41,30,3.91,AI is off,AI is off,AI is off,AI is off,Not paired,AI is off,0,0,0
110000,27.6,0,6,0.79,0.21,0,0,15,1,0,17,False,True,0,0,53,40,28,3.91,AI is off,AI is off,AI is off,AI is off,Not paired,AI is off,0,0,0
112000,27.8,0,6,0.79,0.21,0,0,15,1,0,17,False,True,0,0,53,40,29,3.91,AI is off,AI is off,AI is off,AI is off,Not paired,AI is off,0,0,0
114000,27.8,0,6,0.79,0.21,0,0,15,1,0,16,False,True,0,0,53,40,28,3.91,AI is off,AI is off,AI is off,AI is off,Not paired,AI is off,0,0,0
116000,27.8,0,6,0.79,0.21,0,0,14,1,0,16,False,True,0,0,52,40,29,3.91,AI is off,AI is off,AI is off,AI is off,Not paired,AI is off,0,0,0
118000,27.8,0,6,0.79,0.21,0,0,14,1,0,16,False,True,0,0,54,41,30,3.91,AI is off,AI is off,AI is off,AI is off,Not paired,AI is off,0,0,0
120000,27.9,0,6,0.79,0.21,0,0,14,1,0,16,False,True,0,0,53,41,29,3.91,AI is off,AI is off,AI is off,AI is off,Not paired,AI is off,0,0,0
122000,28,0,6,0.79,0.21,0,0,14,1,0,16,False,True,0,0,53,41,31,3.91,AI is off,AI is off,AI is off,AI is off,Not paired,AI is off,0,0,0
124000,28,0,6,0.79,0.21,0,0,14,1,0,16,False,True,0,0,54,41,30,3.91,AI is off,AI is off,AI is off,AI is off,Not paired,AI is off,0,0,0
126000,28.2,0,6,0.8,0.21,0,0,14,1,0,16,False,True,0,0,54,41,29,3.91,AI is off,AI is off,AI is off,AI is off,Not paired,AI is off,0,0,0
128000,28.3,0,6,0.8,0.21,0,0,14,1,0,15,False,True,0,0,54,40,29,3.91,AI is off,AI is off,AI is off,AI is off,Not paired,AI is off,0,0,0
130000,28.4,0,6,0.8,0.21,0,0,14,1,0,15,False,True,0,0,54,42,29,3.91,AI is off,AI is off,AI is off,AI is off,Not paired,AI is off,0,0,0
132000,28.5,0,6,0.8,0.21,0,0,13,1,0,15,False,True,0,0,53,39,28,3.91,AI is off,AI is off,AI is off,AI is off,Not paired,AI is off,0,0,0
134000,28.4,0,6,0.8,0.21,0,0,13,1,0,15,False,True,0,0,53,42,30,3.91,AI is off,AI is off,AI is off,AI is off,Not paired,AI is off,0,0,0
136000,28.4,0,6,0.8,0.21,0,0,13,1,0,15,False,True,0,0,53,40,29,3.91,AI is off,AI is off,AI is off,AI is off,Not paired,AI is off,0,0,0
138000,28.3,0,6,0.8,0.21,0,0,13,1,0,15,False,True,0,0,53,40,29,3.91,AI is off,AI is off,AI is off,AI is off,Not paired,AI is off,0,0,0
140000,28.1,0,6,0.8,0.21,0,0,13,1,0,15,False,True,0,0,53,41,30,3.91,AI is off,AI is off,AI is off,AI is off,Not paired,AI is off,0,0,0
142000,28.1,0,6,0.8,0.21,0,0,13,1,0,15,False,True,0,0,52,41,30,3.91,AI is off,AI is off,AI is off,AI is off,Not paired,AI is off,0,0,0
144000,27.9,0,6,0.79,0.21,0,0,13,1,0,14,False,True,0,0,54,41,31,3.91,AI is off,AI is off,AI is off,AI is off,Not paired,AI is off,0,0,0
146000,27.7,0,6,0.79,0.21,0,0,13,1,0,14,False,True,0,0,54,41,31,3.91,AI is off,AI is off,AI is off,AI is off,Not paired,AI is off,0,0,0
148000,27.6,0,6,0.79,0.21,0,0,13,1,0,14,False,True,0,0,53,41,31,3.91,AI is off,AI is off,AI is off,AI is off,Not paired,AI is off,0,0,0
150000,27.4,0,6,0.78,0.21,0,0,14,1,0,14,False,True,0,0,54,42,31,3.91,AI is off,AI is off,AI is off,AI is off,Not paired,AI is off,0,0,0
152000,27.3,0,6,0.78,0.21,0,0,14,1,0,14,False,True,0,0,54,42,30,3.91,AI is off,AI is off,AI is off,AI is off,Not paired,AI is off,0,0,0
154000,27.4,0,6,0.78,0.21,0,0,14,1,0,14,False,True,0,0,53,41,30,3.91,AI is off,AI is off,AI is off,AI is off,Not paired,AI is off,0,0,0
156000,27.2,0,6,0.78,0.21,0,0,14,1,0,14,False,True,0,0,53,40,29,3.91,AI is off,AI is off,AI is off,AI is off,Not paired,AI is off,0,0,0
158000,27.2,0,6,0.78,0.21,0,0,14,1,0,14,False,True,0,0,54,41,30,3.91,AI is off,AI is off,AI is off,AI is off,Not paired,AI is off,0,0,0
160000,27.2,0,6,0.78,0.21,0,0,14,1,0,14,False,True,0,0,52,41,30,3.91,AI is off,AI is off,AI is off,AI is off,Not paired,AI is off,0,0,0
162000,27.4,0,6,0.78,0.21,0,0,14,1,0,13,False,True,0,0,54,42,30,3.91,AI is off,AI is off,AI is off,AI is off,Not paired,AI is off,0,0,0
164000,27.2,0,6,0.78,0.21,0,0,14,1,0,13,False,True,0,0,53,41,30,3.91,AI is off,AI is off,AI is off,AI is off,Not paired,AI is off,0,0,0
166000,27.3,0,6,0.78,0.21,0,0,14,1,0,13,False,True,0,0,53,42,30,3.91,AI is off,AI is off,AI is off,AI is off,Not paired,AI is off,0,0,0
168000,27.3,0,6,0.78,0.21,0,0,14,1,0,13,False,True,0,0,53,42,31,3.91,AI is off,AI is off,AI is off,AI is off,Not paired,AI is off,0,0,0
170000,27.3,0,6,0.78,0.21,0,0,14,1,0,13,False,True,0,0,54,42,31,3.91,AI is off,AI is off,AI is off,AI is off,Not paired,AI is off,0,0,0
172000,27.2,0,6,0.78,0.21,0,0,14,1,0,13,False,True,0,0,54,41,30,3.91,AI is off,AI is off,AI is off,AI is off,Not paired,AI is off,0,0,0
174000,27,0,6,0.78,0.21,0,0,14,1,0,13,False,True,0,0,54,41,31,3.91,AI is off,AI is off,AI is off,AI is off,Not paired,AI is off,0,0,0
176000,26.8,0,6,0.77,0.21,0,0,14,1,0,13,False,True,0,0,55,43,32,3.91,AI is off,AI is off,AI is off,AI is off,Not paired,AI is off,0,0,0
178000,26.6,0,6,0.77,0.21,0,0,14,1,0,13,False,True,0,0,54,42,31,3.91,AI is off,AI is off,AI is off,AI is off,Not paired,AI is off,0,0,0
180000,26.5,0,6,0.76,0.21,0,0,14,1,0,13,False,True,0,0,54,42,33,3.91,AI is off,AI is off,AI is off,AI is off,Not paired,AI is off,0,0,0
182000,26.5,0,6,0.76,0.21,0,0,14,1,0,13,False,True,0,0,54,43,31,3.91,AI is off,AI is off,AI is off,AI is off,Not paired,AI is off,0,0,0
184000,26.6,0,6,0.76,0.21,0,0,14,1,0,12,False,True,0,0,53,41,31,3.91,AI is off,AI is off,AI is off,AI is off,Not paired,AI is off,0,0,0
186000,26.6,0,6,0.76,0.21,0,0,14,1,0,12,False,True,0,0,53,41,29,3.91,AI is off,AI is off,AI is off,AI is off,Not paired,AI is off,0,0,0
188000,26.5,0,6,0.76,0.21,0,0,14,1,0,12,False,True,0,0,53,41,30,3.91,AI is off,AI is off,AI is off,AI is off,Not paired,AI is off,0,0,0
190000,26.5,0,6,0.76,0.21,0,0,14,1,0,12,False,True,0,0,53,41,31,3.91,AI is off,AI is off,AI is off,AI is off,Not paired,AI is off,0,0,0
192000,26.6,0,6,0.77,0.21,0,0,14,1,0,12,False,True,0,0,52,42,31,3.91,AI is off,AI is off,AI is off,AI is off,Not paired,AI is off,0,0,0
194000,26.7,0,6,0.77,0.21,0,0,14,1,0,12,False,True,0,0,53,42,31,3.91,AI is off,AI is off,AI is off,AI is off,Not paired,AI is off,0,0,0
196000,26.8,0,6,0.77,0.21,0,0,14,1,0,12,False,True,0,0,52,42,31,3.91,AI is off,AI is off,AI is off,AI is off,Not paired,AI is off,0,0,0
198000,26.8,0,6,0.77,0.21,0,0,14,1,0,12,False,True,0,0,54,42,31,3.91,AI is off,AI is off,AI is off,AI is off,Not paired,AI is off,0,0,0
200000,26.7,0,6,0.77,0.21,0,0,14,1,0,12,False,True,0,0,53,42,31,3.91,AI is off,AI is off,AI is off,AI is off,Not paired,AI is off,0,0,0
202000,26.5,0,6,0.76,0.21,0,0,14,1,0,12,False,True,0,0,53,41,31,3.91,AI is off,AI is off,AI is off,AI is off,Not paired,AI is off,0,0,0
204000,26.2,0,6,0.76,0.21,0,0,14,1,0,12,False,True,0,0,53,41,30,3.91,AI is off,AI is off,AI is off,AI is off,Not paired,AI is off,0,0,0
206000,26,0,6,0.75,0.21,0,0,14,1,0,12,False,True,0,0,53,41,31,3.91,AI is off,AI is off,AI is off,AI is off,Not paired,AI is off,0,0,0
208000,26,0,6,0.75,0.21,0,0,14,1,0,12,False,True,0,0,53,40,30,3.91,AI is off,AI is off,AI is off,AI is off,Not paired,AI is off,0,0,0
210000,26,0,6,0.75,0.21,0,0,14,1,0,12,False,True,0,0,53,40,30,3.91,AI is off,AI is off,AI is off,AI is off,Not paired,AI is off,0,0,0
212000,26,0,6,0.75,0.21,0,0,14,1,0,12,False,True,0,0,54,41,30,3.91,AI is off,AI is off,AI is off,AI is off,Not paired,AI is off,0,0,0
214000,26,0,6,0.75,0.21,0,0,14,1,0,12,False,True,0,0,54,43,33,3.91,AI is off,AI is off,AI is off,AI is off,Not paired,AI is off,0,0,0
216000,26.3,0,6,0.76,0.21,0,0,15,1,0,12,False,True,0,0,52,40,30,3.91,AI is off,AI is off,AI is off,AI is off,Not paired,AI is off,0,0,0
218000,26.4,0,6,0.76,0.21,0,0,15,1,0,12,False,True,0,0,54,41,31,3.91,AI is off,AI is off,AI is off,AI is off,Not paired,AI is off,0,0,0
220000,26.3,0,6,0.76,0.21,0,0,14,1,0,12,False,True,0,0,55,44,34,3.91,AI is off,AI is off,AI is off,AI is off,Not paired,AI is off,0,0,0
222000,26.2,0,6,0.76,0.21,0,0,14,1,0,12,False,True,0,0,54,42,32,3.91,AI is off,AI is off,AI is off,AI is off,Not paired,AI is off,0,0,0
224000,26,0,6,0.75,0.21,0,0,14,1,0,12,False,True,0,0,54,43,32,3.91,AI is off,AI is off,AI is off,AI is off,Not paired,AI is off,0,0,0
226000,26.1,0,6,0.75,0.21,0,0,14,1,0,12,False,True,0,0,54,41,31,3.91,AI is off,AI is off,AI is off,AI is off,Not paired,AI is off,0,0,0
228000,26.2,0,6,0.76,0.21,0,0,14,1,0,12,False,True,0,0,54,41,31,3.91,AI is off,AI is off,AI is off,AI is off,Not paired,AI is off,0,0,0
230000,26.4,0,6,0.76,0.21,0,0,14,1,0,12,False,True,0,0,53,41,31,3.91,AI is off,AI is off,AI is off,AI is off,Not paired,AI is off,0,0,0
232000,26.5,0,6,0.76,0.21,0,0,14,1,0,11,False,True,0,0,53,41,31,3.91,AI is off,AI is off,AI is off,AI is off,Not paired,AI is off,0,0,0
234000,26.6,0,6,0.76,0.21,0,0,14,1,0,11,False,True,0,0,54,42,32,3.91,AI is off,AI is off,AI is off,AI is off,Not paired,AI is off,0,0,0
236000,26.7,0,6,0.77,0.21,0,0,14,1,0,11,False,True,0,0,54,43,32,3.91,AI is off,AI is off,AI is off,AI is off,Not paired,AI is off,0,0,0
238000,26.6,0,6,0.77,0.21,0,0,13,1,0,11,False,True,0,0,55,44,33,3.91,AI is off,AI is off,AI is off,AI is off,Not paired,AI is off,0,0,0
240000,26.7,0,6,0.77,0.21,0,0,13,1,0,11,False,True,0,0,54,42,32,3.91,AI is off,AI is off,AI is off,AI is off,Not paired,AI is off,0,0,0
242000,26.6,0,6,0.77,0.21,0,0,13,1,0,11,False,True,0,0,54,43,32,3.91,AI is off,AI is off,AI is off,AI is off,Not paired,AI is off,0,0,0
244000,26.6,0,6,0.77,0.21,0,0,13,1,0,11,False,True,0,0,55,44,33,3.91,AI is off,AI is off,AI is off,AI is off,Not paired,AI is off,0,0,0
246000,26.5,0,6,0.76,0.21,0,0,13,1,0,11,False,True,0,0,54,42,32,3.91,AI is off,AI is off,AI is off,AI is off,Not paired,AI is off,0,0,0
248000,26.5,0,6,0.76,0.21,0,0,13,1,0,11,False,True,0,0,54,43,32,3.91,AI is off,AI is off,AI is off,AI is off,Not paired,AI is off,0,0,0
250000,26.6,0,6,0.77,0.21,0,0,13,1,0,11,False,True,0,0,54,42,31,3.91,AI is off,AI is off,AI is off,AI is off,Not paired,AI is off,0,0,0
252000,26.6,0,6,0.76,0.21,0,0,13,1,0,11,False,True,0,0,54,43,33,3.91,AI is off,AI is off,AI is off,AI is off,Not paired,AI is off,0,0,0
254000,26.4,0,6,0.76,0.21,0,0,13,1,0,11,False,True,0,0,54,43,33,3.91,AI is off,AI is off,AI is off,AI is off,Not paired,AI is off,0,0,0
256000,26.1,0,6,0.76,0.21,0,0,13,1,0,11,False,True,0,0,54,43,32,3.91,AI is off,AI is off,AI is off,AI is off,Not paired,AI is off,0,0,0
258000,25.9,0,6,0.75,0.21,0,0,13,1,0,11,False,True,0,0,54,43,32,3.91,AI is off,AI is off,AI is off,AI is off,Not paired,AI is off,0,0,0
260000,25.8,0,6,0.75,0.21,0,0,13,1,0,11,False,True,0,0,54,42,31,3.91,AI is off,AI is off,AI is off,AI is off,Not paired,AI is off,0,0,0
262000,25.6,0,6,0.75,0.21,0,0,13,1,0,11,False,True,0,0,53,41,31,3.91,AI is off,AI is off,AI is off,AI is off,Not paired,AI is off,0,0,0
264000,25.4,0,6,0.74,0.21,0,0,15,1,0,11,False,True,0,0,56,45,35,3.91,AI is off,AI is off,AI is off,AI is off,Not paired,AI is off,0,0,0
266000,25.5,0,6,0.74,0.21,0,0,15,1,0,11,False,True,0,0,55,43,32,3.91,AI is off,AI is off,AI is off,AI is off,Not paired,AI is off,0,0,0
268000,25.6,0,6,0.74,0.21,0,0,15,1,0,11,False,True,0,0,55,44,33,3.91,AI is off,AI is off,AI is off,AI is off,Not paired,AI is off,0,0,0
270000,25.6,0,6,0.75,0.21,0,0,14,1,0,11,False,True,0,0,54,42,32,3.91,AI is off,AI is off,AI is off,AI is off,Not paired,AI is off,0,0,0
272000,25.3,0,6,0.74,0.21,0,0,14,1,0,11,False,True,0,0,54,42,32,3.91,AI is off,AI is off,AI is off,AI is off,Not paired,AI is off,0,0,0
274000,25,0,6,0.73,0.21,0,0,14,1,0,11,False,True,0,0,54,43,33,3.91,AI is off,AI is off,AI is off,AI is off,Not paired,AI is off,0,0,0
276000,24.9,0,6,0.73,0.21,0,0,14,1,0,11,False,True,0,0,54,43,33,3.91,AI is off,AI is off,AI is off,AI is off,Not paired,AI is off,0,0,0
278000,25.1,0,6,0.73,0.21,0,0,14,1,0,11,False,True,0,0,54,43,33,3.91,AI is off,AI is off,AI is off,AI is off,Not paired,AI is off,0,0,0
280000,25.1,0,6,0.74,0.21,0,0,14,1,0,11,False,True,0,0,55,43,32,3.91,AI is off,AI is off,AI is off,AI is off,Not paired,AI is off,0,0,0
282000,25,0,6,0.73,0.21,0,0,15,1,0,11,False,True,0,0,54,43,33,3.91,AI is off,AI is off,AI is off,AI is off,Not paired,AI is off,0,0,0
284000,24.9,0,6,0.73,0.21,0,0,15,1,0,11,False,True,0,0,55,44,33,3.91,AI is off,AI is off,AI is off,AI is off,Not paired,AI is off,0,0,0
286000,24.9,0,6,0.73,0.21,0,0,15,1,0,11,False,True,0,0,55,44,34,3.91,AI is off,AI is off,AI is off,AI is off,Not paired,AI is off,0,0,0
288000,25,0,6,0.73,0.21,0,0,15,1,0,11,False,True,0,0,54,42,32,3.91,AI is off,AI is off,AI is off,AI is off,Not paired,AI is off,0,0,0
290000,24.9,0,6,0.73,0.21,0,0,15,1,0,11,False,True,0,0,55,44,33,3.91,AI is off,AI is off,AI is off,AI is off,Not paired,AI is off,0,0,0
292000,24.8,0,6,0.73,0.21,0,0,15,1,0,11,False,True,0,0,55,44,34,3.91,AI is off,AI is off,AI is off,AI is off,Not paired,AI is off,0,0,0
294000,24.7,0,6,0.73,0.21,0,0,15,1,0,11,False,True,0,0,54,43,33,3.91,AI is off,AI is off,AI is off,AI is off,Not paired,AI is off,0,0,0
296000,24.5,0,6,0.72,0.21,0,0,15,1,0,11,False,True,0,0,55,44,34,3.91,AI is off,AI is off,AI is off,AI is off,Not paired,AI is off,0,0,0
298000,24.3,0,6,0.72,0.21,0,0,16,1,0,11,False,True,0,0,56,44,33,3.91,AI is off,AI is off,AI is off,AI is off,Not paired,AI is off,0,0,0
300000,24.4,0,6,0.72,0.21,0,0,16,1,0,11,False,True,0,0,54,43,32,3.91,AI is off,AI is off,AI is off,AI is off,Not paired,AI is off,0,0,0
302000,24.3,0,6,0.72,0.21,0,0,16,1,0,11,False,True,0,0,56,44,33,3.91,AI is off,AI is off,AI is off,AI is off,Not paired,AI is off,0,0,0
304000,24.3,0,6,0.72,0.21,0,0,16,1,0,11,False,True,0,0,56,44,33,3.91,AI is off,AI is off,AI is off,AI is off,Not paired,AI is off,0,0,0
306000,24.2,0,6,0.72,0.21,0,0,16,1,0,11,False,True,0,0,56,44,33,3.91,AI is off,AI is off,AI is off,AI is off,Not paired,AI is off,0,0,0
308000,24.1,0,6,0.71,0.21,0,0,16,1,0,11,False,True,0,0,55,44,34,3.91,AI is off,AI is off,AI is off,AI is off,Not paired,AI is off,0,0,0
310000,24.3,0,6,0.72,0.21,0,0,16,1,0,11,False,True,0,0,56,44,33,3.91,AI is off,AI is off,AI is off,AI is off,Not paired,AI is off,0,0,0
312000,24.4,0,6,0.72,0.21,0,0,16,1,0,11,False,True,0,0,55,44,34,3.91,AI is off,AI is off,AI is off,AI is off,Not paired,AI is off,0,0,0
314000,24.4,0,6,0.72,0.21,0,0,15,1,0,11,False,True,0,0,57,44,34,3.91,AI is off,AI is off,AI is off,AI is off,Not paired,AI is off,0,0,0
316000,24.5,0,6,0.72,0.21,0,0,15,1,0,11,False,True,0,0,55,43,32,3.91,AI is off,AI is off,AI is off,AI is off,Not paired,AI is off,0,0,0
318000,24.6,0,6,0.72,0.21,0,0,15,1,0,11,False,True,0,0,55,44,34,3.91,AI is off,AI is off,AI is off,AI is off,Not paired,AI is off,0,0,0
320000,24.6,0,6,0.72,0.21,0,0,15,1,0,11,False,True,0,0,55,44,34,3.91,AI is off,AI is off,AI is off,AI is off,Not paired,AI is off,0,0,0
322000,24.5,0,6,0.72,0.21,0,0,15,1,0,11,False,True,0,0,56,45,35,3.91,AI is off,AI is off,AI is off,AI is off,Not paired,AI is off,0,0,0
324000,24.4,0,6,0.72,0.21,0,0,15,1,0,11,False,True,0,0,55,45,34,3.91,AI is off,AI is off,AI is off,AI is off,Not paired,AI is off,0,0,0
326000,24.3,0,6,0.72,0.21,0,0,15,1,0,11,False,True,0,0,57,45,36,3.91,AI is off,AI is off,AI is off,AI is off,Not paired,AI is off,0,0,0
328000,24.4,0,6,0.72,0.21,0,0,15,1,0,11,False,True,0,0,56,45,36,3.91,AI is off,AI is off,AI is off,AI is off,Not paired,AI is off,0,0,0
330000,24.6,0,6,0.72,0.21,0,0,15,1,0,11,False,True,0,0,54,43,32,3.91,AI is off,AI is off,AI is off,AI is off,Not paired,AI is off,0,0,0
332000,24.8,0,6,0.73,0.21,0,0,15,1,0,11,False,True,0,0,55,43,31,3.91,AI is off,AI is off,AI is off,AI is off,Not paired,AI is off,0,0,0
334000,25,0,6,0.73,0.21,0,0,15,1,0,11,False,True,0,0,55,43,32,3.91,AI is off,AI is off,AI is off,AI is off,Not paired,AI is off,0,0,0
336000,25.1,0,6,0.73,0.21,0,0,14,1,0,11,False,True,0,0,55,43,32,3.91,AI is off,AI is off,AI is off,AI is off,Not paired,AI is off,0,0,0
338000,25.1,0,6,0.74,0.21,0,0,14,1,0,11,False,True,0,0,55,43,33,3.91,AI is off,AI is off,AI is off,AI is off,Not paired,AI is off,0,0,0
340000,25.2,0,6,0.74,0.21,0,0,14,1,0,11,False,True,0,0,54,42,31,3.91,AI is off,AI is off,AI is off,AI is off,Not paired,AI is off,0,0,0
342000,25.2,0,6,0.74,0.21,0,0,14,1,0,11,False,True,0,0,54,43,33,3.91,AI is off,AI is off,AI is off,AI is off,Not paired,AI is off,0,0,0
344000,25.1,0,6,0.74,0.21,0,0,14,1,0,11,False,True,0,0,56,44,34,3.91,AI is off,AI is off,AI is off,AI is off,Not paired,AI is off,0,0,0
346000,25,0,6,0.73,0.21,0,0,14,1,0,11,False,True,0,0,57,46,36,3.91,AI is off,AI is off,AI is off,AI is off,Not paired,AI is off,0,0,0
348000,25.2,0,6,0.73,0.21,0,0,14,1,0,11,False,True,0,0,57,46,37,3.91,AI is off,AI is off,AI is off,AI is off,Not paired,AI is off,0,0,0
350000,25.1,0,6,0.73,0.21,0,0,14,1,0,11,False,True,0,0,56,45,34,3.91,AI is off,AI is off,AI is off,AI is off,Not paired,AI is off,0,0,0
352000,25.1,0,6,0.73,0.21,0,0,14,1,0,11,False,True,0,0,55,44,34,3.91,AI is off,AI is off,AI is off,AI is off,Not paired,AI is off,0,0,0
354000,25.1,0,6,0.74,0.21,0,0,14,1,0,11,False,True,0,0,55,44,33,3.91,AI is off,AI is off,AI is off,AI is off,Not paired,AI is off,0,0,0
356000,25.1,0,6,0.73,0.21,0,0,14,1,0,11,False,True,0,0,55,44,33,3.91,AI is off,AI is off,AI is off,AI is off,Not paired,AI is off,0,0,0
358000,25.1,0,6,0.73,0.21,0,0,14,1,0,11,False,True,0,0,56,45,35,3.91,AI is off,AI is off,AI is off,AI is off,Not paired,AI is off,0,0,0
360000,25.2,0,6,0.74,0.21,0,0,14,1,0,11,False,True,0,0,56,45,35,3.91,AI is off,AI is off,AI is off,AI is off,Not paired,AI is off,0,0,0
362000,25.2,0,6,0.74,0.21,0,0,14,1,0,11,False,True,0,0,55,44,33,3.91,AI is off,AI is off,AI is off,AI is off,Not paired,AI is off,0,0,0
364000,25.3,0,6,0.74,0.21,0,0,14,1,0,11,False,True,0,0,55,44,34,3.91,AI is off,AI is off,AI is off,AI is off,Not paired,AI is off,0,0,0
366000,25.2,0,6,0.74,0.21,0,0,14,1,0,11,False,True,0,0,56,45,35,3.91,AI is off,AI is off,AI is off,AI is off,Not paired,AI is off,0,0,0
368000,25.3,0,6,0.74,0.21,0,0,14,1,0,11,False,True,0,0,56,44,35,3.91,AI is off,AI is off,AI is off,AI is off,Not paired,AI is off,0,0,0
370000,25.3,0,6,0.74,0.21,0,0,13,1,0,11,False,True,0,0,56,45,35,3.91,AI is off,AI is off,AI is off,AI is off,Not paired,AI is off,0,0,0
372000,25.4,0,6,0.74,0.21,0,0,13,1,0,11,False,True,0,0,55,44,34,3.91,AI is off,AI is off,AI is off,AI is off,Not paired,AI is off,0,0,0
374000,25.5,0,6,0.74,0.21,0,0,13,1,0,11,False,True,0,0,55,44,33,3.91,AI is off,AI is off,AI is off,AI is off,Not paired,AI is off,0,0,0
376000,25.5,0,6,0.74,0.21,0,0,13,1,0,11,False,True,0,0,55,44,34,3.91,AI is off,AI is off,AI is off,AI is off,Not paired,AI is off,0,0,0
378000,25.6,0,6,0.74,0.21,0,0,13,1,0,11,False,True,0,0,56,45,34,3.91,AI is off,AI is off,AI is off,AI is off,Not paired,AI is off,0,0,0
380000,25.7,0,6,0.75,0.21,0,0,13,1,0,11,False,True,0,0,57,46,36,3.91,AI is off,AI is off,AI is off,AI is off,Not paired,AI is off,0,0,0
382000,26,0,6,0.75,0.21,0,0,13,1,0,11,False,True,0,0,56,46,36,3.91,AI is off,AI is off,AI is off,AI is off,Not paired,AI is off,0,0,0
384000,26.2,0,6,0.76,0.21,0,0,13,1,0,11,False,True,0,0,58,47,36,3.91,AI is off,AI is off,AI is off,AI is off,Not paired,AI is off,0,0,0
386000,26.2,0,6,0.76,0.21,0,0,12,1,0,11,False,True,0,0,56,44,35,3.91,AI is off,AI is off,AI is off,AI is off,Not paired,AI is off,0,0,0
388000,26.2,0,6,0.76,0.21,0,0,12,1,0,11,False,True,0,0,57,46,35,3.91,AI is off,AI is off,AI is off,AI is off,Not paired,AI is off,0,0,0
390000,26.2,0,6,0.76,0.21,0,0,12,1,0,11,False,True,0,0,55,44,34,3.91,AI is off,AI is off,AI is off,AI is off,Not paired,AI is off,0,0,0
392000,26,0,6,0.75,0.21,0,0,12,1,0,11,False,True,0,0,55,44,34,3.91,AI is off,AI is off,AI is off,AI is off,Not paired,AI is off,0,0,0
394000,25.9,0,6,0.75,0.21,0,0,12,1,0,11,False,True,0,0,57,45,35,3.91,AI is off,AI is off,AI is off,AI is off,Not paired,AI is off,0,0,0
396000,26,0,6,0.75,0.21,0,0,12,1,0,11,False,True,0,0,55,44,34,3.91,AI is off,AI is off,AI is off,AI is off,Not paired,AI is off,0,0,0
398000,25.8,0,6,0.75,0.21,0,0,12,1,0,11,False,True,0,0,54,43,33,3.91,AI is off,AI is off,AI is off,AI is off,Not paired,AI is off,0,0,0
400000,25.7,0,6,0.75,0.21,0,0,12,1,0,11,False,True,0,0,55,44,34,3.91,AI is off,AI is off,AI is off,AI is off,Not paired,AI is off,0,0,0
402000,25.4,0,6,0.74,0.21,0,0,13,1,0,11,False,True,0,0,55,44,34,3.91,AI is off,AI is off,AI is off,AI is off,Not paired,AI is off,0,0,0
404000,25.3,0,6,0.74,0.21,0,0,13,1,0,11,False,True,0,0,55,44,34,3.91,AI is off,AI is off,AI is off,AI is off,Not paired,AI is off,0,0,0
406000,25.3,0,6,0.74,0.21,0,0,13,1,0,11,False,True,0,0,55,44,34,3.91,AI is off,AI is off,AI is off,AI is off,Not paired,AI is off,0,0,0
408000,25.3,0,6,0.74,0.21,0,0,13,1,0,11,False,True,0,0,55,44,34,3.91,AI is off,AI is off,AI is off,AI is off,Not paired,AI is off,0,0,0
410000,25.4,0,6,0.74,0.21,0,0,13,1,0,11,False,True,0,0,55,44,34,3.91,AI is off,AI is off,AI is off,AI is off,Not paired,AI is off,0,0,0
412000,25.5,0,6,0.74,0.21,0,0,13,1,0,11,False,True,0,0,55,44,35,3.91,AI is off,AI is off,AI is off,AI is off,Not paired,AI is off,0,0,0
414000,25.8,0,6,0.75,0.21,0,0,12,1,0,11,False,True,0,0,54,43,33,3.91,AI is off,AI is off,AI is off,AI is off,Not paired,AI is off,0,0,0
416000,25.9,0,6,0.75,0.21,0,0,12,1,0,11,False,True,0,0,55,44,34,3.91,AI is off,AI is off,AI is off,AI is off,Not paired,AI is off,0,0,0
418000,25.9,0,6,0.75,0.21,0,0,12,1,0,11,False,True,0,0,54,42,33,3.91,AI is off,AI is off,AI is off,AI is off,Not paired,AI is off,0,0,0
420000,26,0,6,0.75,0.21,0,0,12,1,0,11,False,True,0,0,55,44,35,3.91,AI is off,AI is off,AI is off,AI is off,Not paired,AI is off,0,0,0
422000,26.1,0,6,0.76,0.21,0,0,12,1,0,11,False,True,0,0,55,45,35,3.91,AI is off,AI is off,AI is off,AI is off,Not paired,AI is off,0,0,0
424000,26.1,0,6,0.76,0.21,0,0,12,1,0,11,False,True,0,0,55,45,35,3.91,AI is off,AI is off,AI is off,AI is off,Not paired,AI is off,0,0,0
426000,26.2,0,6,0.76,0.21,0,0,12,1,0,11,False,True,0,0,56,45,35,3.91,AI is off,AI is off,AI is off,AI is off,Not paired,AI is off,0,0,0
428000,26.4,0,6,0.76,0.21,0,0,12,1,0,11,False,True,0,0,55,45,35,3.91,AI is off,AI is off,AI is off,AI is off,Not paired,AI is off,0,0,0
430000,26.7,0,6,0.77,0.21,0,0,11,1,0,11,False,True,0,0,54,43,33,3.91,AI is off,AI is off,AI is off,AI is off,Not paired,AI is off,0,0,0
432000,26.7,0,6,0.77,0.21,0,0,11,1,0,11,False,True,0,0,54,43,32,3.91,AI is off,AI is off,AI is off,AI is off,Not paired,AI is off,0,0,0
434000,26.6,0,6,0.77,0.21,0,0,11,1,0,11,False,True,0,0,56,45,34,3.91,AI is off,AI is off,AI is off,AI is off,Not paired,AI is off,0,0,0
436000,26.6,0,6,0.76,0.21,0,0,10,1,0,11,False,True,0,0,56,45,35,3.91,AI is off,AI is off,AI is off,AI is off,Not paired,AI is off,0,0,0
438000,26.5,0,6,0.76,0.21,0,0,10,1,0,11,False,True,0,0,56,45,35,3.91,AI is off,AI is off,AI is off,AI is off,Not paired,AI is off,0,0,0
440000,26.6,0,6,0.77,0.21,0,0,10,1,0,11,False,True,0,0,56,45,36,3.91,AI is off,AI is off,AI is off,AI is off,Not paired,AI is off,0,0,0
442000,26.6,0,6,0.77,0.21,0,0,10,1,0,11,False,True,0,0,55,44,34,3.91,AI is off,AI is off,AI is off,AI is off,Not paired,AI is off,0,0,0
444000,26.6,0,6,0.77,0.21,0,0,10,1,0,11,False,True,0,0,55,44,34,3.91,AI is off,AI is off,AI is off,AI is off,Not paired,AI is off,0,0,0
446000,26.6,0,6,0.77,0.21,0,0,10,1,0,11,False,True,0,0,54,43,32,3.91,AI is off,AI is off,AI is off,AI is off,Not paired,AI is off,0,0,0
448000,26.5,0,6,0.76,0.21,0,0,10,1,0,11,False,True,0,0,55,45,35,3.91,AI is off,AI is off,AI is off,AI is off,Not paired,AI is off,0,0,0
450000,26.3,0,6,0.76,0.21,0,0,10,1,0,11,False,True,0,0,55,44,33,3.91,AI is off,AI is off,AI is off,AI is off,Not paired,AI is off,0,0,0
452000,26,0,6,0.76,0.21,0,0,11,1,0,11,False,True,0,0,56,44,35,3.91,AI is off,AI is off,AI is off,AI is off,Not paired,AI is off,0,0,0
454000,25.9,0,6,0.75,0.21,0,0,11,1,0,11,False,True,0,0,57,44,35,3.91,AI is off,AI is off,AI is off,AI is off,Not paired,AI is off,0,0,0
456000,25.8,0,6,0.75,0.21,0,0,11,1,0,11,False,True,0,0,56,44,34,3.91,AI is off,AI is off,AI is off,AI is off,Not paired,AI is off,0,0,0
458000,25.8,0,6,0.75,0.21,0,0,11,1,0,11,False,True,0,0,56,45,35,3.91,AI is off,AI is off,AI is off,AI is off,Not paired,AI is off,0,0,0
460000,25.7,0,6,0.75,0.21,0,0,11,1,0,11,False,True,0,0,56,45,36,3.91,AI is off,AI is off,AI is off,AI is off,Not paired,AI is off,0,0,0
462000,25.6,0,6,0.74,0.21,0,0,11,1,0,11,False,True,0,0,57,45,36,3.91,AI is off,AI is off,AI is off,AI is off,Not paired,AI is off,0,0,0
464000,25.5,0,6,0.74,0.21,0,0,11,1,0,11,False,True,0,0,57,45,35,3.91,AI is off,AI is off,AI is off,AI is off,Not paired,AI is off,0,0,0
466000,25.3,0,6,0.74,0.21,0,0,11,1,0,11,False,True,0,0,57,45,35,3.91,AI is off,AI is off,AI is off,AI is off,Not paired,AI is off,0,0,0
468000,25.2,0,6,0.74,0.21,0,0,12,1,0,11,False,True,0,0,56,46,37,3.91,AI is off,AI is off,AI is off,AI is off,Not paired,AI is off,0,0,0
470000,25.1,0,6,0.74,0.21,0,0,12,1,0,11,False,True,0,0,56,45,35,3.91,AI is off,AI is off,AI is off,AI is off,Not paired,AI is off,0,0,0
472000,25,0,6,0.73,0.21,0,0,12,1,0,11,False,True,0,0,55,44,33,3.91,AI is off,AI is off,AI is off,AI is off,Not paired,AI is off,0,0,0
474000,25,0,6,0.73,0.21,0,0,12,1,0,11,False,True,0,0,56,44,34,3.91,AI is off,AI is off,AI is off,AI is off,Not paired,AI is off,0,0,0
476000,25.1,0,6,0.73,0.21,0,0,12,1,0,11,False,True,0,0,55,44,34,3.91,AI is off,AI is off,AI is off,AI is off,Not paired,AI is off,0,0,0
478000,25,0,6,0.73,0.21,0,0,12,1,0,11,False,True,0,0,54,43,33,3.91,AI is off,AI is off,AI is off,AI is off,Not paired,AI is off,0,0,0
480000,25,0,6,0.73,0.21,0,0,12,1,0,11,False,True,0,0,56,44,34,3.91,AI is off,AI is off,AI is off,AI is off,Not paired,AI is off,0,0,0
482000,25.1,0,6,0.73,0.21,0,0,12,1,0,11,False,True,0,0,55,44,33,3.91,AI is off,AI is off,AI is off,AI is off,Not paired,AI is off,0,0,0
484000,25.2,0,6,0.73,0.21,0,0,12,1,0,11,False,True,0,0,55,43,33,3.91,AI is off,AI is off,AI is off,AI is off,Not paired,AI is off,0,0,0
486000,25.1,0,6,0.73,0.21,0,0,12,1,0,11,False,True,0,0,56,45,35,3.91,AI is off,AI is off,AI is off,AI is off,Not paired,AI is off,0,0,0
488000,25.1,0,6,0.73,0.21,0,0,12,1,0,11,False,True,0,0,55,43,33,3.91,AI is off,AI is off,AI is off,AI is off,Not paired,AI is off,0,0,0
490000,25.2,0,6,0.74,0.21,0,0,11,1,0,11,False,True,0,0,56,44,34,3.91,AI is off,AI is off,AI is off,AI is off,Not paired,AI is off,0,0,0
492000,25,0,6,0.73,0.21,0,0,11,1,0,11,False,True,0,0,56,44,34,3.91,AI is off,AI is off,AI is off,AI is off,Not paired,AI is off,0,0,0
494000,24.9,0,6,0.73,0.21,0,0,11,1,0,11,False,True,0,0,57,45,35,3.91,AI is off,AI is off,AI is off,AI is off,Not paired,AI is off,0,0,0
496000,25,0,6,0.73,0.21,0,0,11,1,0,11,False,True,0,0,56,45,36,3.91,AI is off,AI is off,AI is off,AI is off,Not paired,AI is off,0,0,0
498000,25.1,0,6,0.73,0.21,0,0,11,1,0,11,False,True,0,0,56,43,33,3.91,AI is off,AI is off,AI is off,AI is off,Not paired,AI is off,0,0,0
500000,25.1,0,6,0.73,0.21,0,0,11,1,0,11,False,True,0,0,56,44,34,3.91,AI is off,AI is off,AI is off,AI is off,Not paired,AI is off,0,0,0
502000,25,0,6,0.73,0.21,0,0,11,1,0,11,False,True,0,0,56,45,35,3.91,AI is off,AI is off,AI is off,AI is off,Not paired,AI is off,0,0,0
504000,25.1,0,6,0.73,0.21,0,0,11,1,0,11,False,True,0,0,56,44,34,3.91,AI is off,AI is off,AI is off,AI is off,Not paired,AI is off,0,0,0
506000,25.1,0,6,0.73,0.21,0,0,11,1,0,11,False,True,0,0,56,44,35,3.91,AI is off,AI is off,AI is off,AI is off,Not paired,AI is off,0,0,0
508000,25.3,0,6,0.74,0.21,0,0,11,1,0,11,False,True,0,0,55,43,33,3.91,AI is off,AI is off,AI is off,AI is off,Not paired,AI is off,0,0,0
510000,25.3,0,6,0.74,0.21,0,0,11,1,0,11,False,True,0,0,55,44,35,3.91,AI is off,AI is off,AI is off,AI is off,Not paired,AI is off,0,0,0
512000,25.4,0,6,0.74,0.21,0,0,11,1,0,11,False,True,0,0,55,43,33,3.91,AI is off,AI is off,AI is off,AI is off,Not paired,AI is off,0,0,0
514000,25.4,0,6,0.74,0.21,0,0,11,1,0,11,False,True,0,0,55,44,33,3.91,AI is off,AI is off,AI is off,AI is off,Not paired,AI is off,0,0,0
516000,25.5,0,6,0.74,0.21,0,0,11,1,0,11,False,True,0,0,56,43,33,3.91,AI is off,AI is off,AI is off,AI is off,Not paired,AI is off,0,0,0
518000,25.4,0,6,0.74,0.21,0,0,11,1,0,11,False,True,0,0,56,44,35,3.91,AI is off,AI is off,AI is off,AI is off,Not paired,AI is off,0,0,0
520000,25.5,0,6,0.74,0.21,0,0,11,1,0,11,False,True,0,0,55,43,32,3.91,AI is off,AI is off,AI is off,AI is off,Not paired,AI is off,0,0,0
522000,25.5,0,6,0.74,0.21,0,0,10,1,0,11,False,True,0,0,56,43,33,3.91,AI is off,AI is off,AI is off,AI is off,Not paired,AI is off,0,0,0
524000,25.4,0,6,0.74,0.21,0,0,10,1,0,11,False,True,0,0,56,44,33,3.91,AI is off,AI is off,AI is off,AI is off,Not paired,AI is off,0,0,0
526000,25.4,0,6,0.74,0.21,0,0,10,1,0,11,False,True,0,0,56,44,34,3.91,AI is off,AI is off,AI is off,AI is off,Not paired,AI is off,0,0,0
528000,25.3,0,6,0.74,0.21,0,0,10,1,0,11,False,True,0,0,57,45,36,3.91,AI is off,AI is off,AI is off,AI is off,Not paired,AI is off,0,0,0
530000,25.4,0,6,0.74,0.21,0,0,10,1,0,11,False,True,0,0,57,45,36,3.91,AI is off,AI is off,AI is off,AI is off,Not paired,AI is off,0,0,0
532000,25.4,0,6,0.74,0.21,0,0,10,1,0,11,False,True,0,0,57,45,36,3.91,AI is off,AI is off,AI is off,AI is off,Not paired,AI is off,0,0,0
534000,25.6,0,6,0.74,0.21,0,0,10,1,0,11,False,True,0,0,56,44,35,3.91,AI is off,AI is off,AI is off,AI is off,Not paired,AI is off,0,0,0
536000,25.8,0,6,0.75,0.21,0,0,10,1,0,11,False,True,0,0,55,44,35,3.91,AI is off,AI is off,AI is off,AI is off,Not paired,AI is off,0,0,0
538000,25.9,0,6,0.75,0.21,0,0,10,1,0,11,False,True,0,0,55,44,34,3.91,AI is off,AI is off,AI is off,AI is off,Not paired,AI is off,0,0,0
540000,25.8,0,6,0.75,0.21,0,0,10,1,0,11,False,True,0,0,57,46,37,3.91,AI is off,AI is off,AI is off,AI is off,Not paired,AI is off,0,0,0
542000,25.8,0,6,0.75,0.21,0,0,10,1,0,11,False,True,0,0,57,44,34,3.91,AI is off,AI is off,AI is off,AI is off,Not paired,AI is off,0,0,0
544000,25.9,0,6,0.75,0.21,0,0,10,1,0,11,False,True,0,0,57,44,34,3.91,AI is off,AI is off,AI is off,AI is off,Not paired,AI is off,0,0,0
546000,26.1,0,6,0.75,0.21,0,0,10,1,0,11,False,True,0,0,57,46,37,3.91,AI is off,AI is off,AI is off,AI is off,Not paired,AI is off,0,0,0
548000,26.2,0,6,0.76,0.21,0,0,10,1,0,11,False,True,0,0,57,46,37,3.91,AI is off,AI is off,AI is off,AI is off,Not paired,AI is off,0,0,0
550000,26.3,0,6,0.76,0.21,0,0,9,1,0,11,False,True,0,0,57,46,37,3.91,AI is off,AI is off,AI is off,AI is off,Not paired,AI is off,0,0,0
552000,26.5,0,6,0.76,0.21,0,0,9,1,0,11,False,True,0,0,58,46,36,3.91,AI is off,AI is off,AI is off,AI is off,Not paired,AI is off,0,0,0
554000,26.7,0,6,0.77,0.21,0,0,9,1,0,11,False,True,0,0,57,46,37,3.91,AI is off,AI is off,AI is off,AI is off,Not paired,AI is off,0,0,0
556000,26.8,0,6,0.77,0.21,0,0,8,1,0,11,False,True,0,0,57,46,37,3.91,AI is off,AI is off,AI is off,AI is off,Not paired,AI is off,0,0,0
558000,26.8,0,6,0.77,0.21,0,0,8,1,0,11,False,True,0,0,57,45,37,3.91,AI is off,AI is off,AI is off,AI is off,Not paired,AI is off,0,0,0
560000,26.9,0,6,0.77,0.21,0,0,8,1,0,11,False,True,0,0,57,45,36,3.91,AI is off,AI is off,AI is off,AI is off,Not paired,AI is off,0,0,0
562000,27,0,6,0.77,0.21,0,0,8,1,0,11,False,True,0,0,57,45,36,3.91,AI is off,AI is off,AI is off,AI is off,Not paired,AI is off,0,0,0
564000,27.1,0,6,0.77,0.21,0,0,8,1,0,11,False,True,0,0,57,44,34,3.91,AI is off,AI is off,AI is off,AI is off,Not paired,AI is off,0,0,0
566000,27.2,0,6,0.78,0.21,0,0,8,1,0,11,False,True,0,0,56,44,34,3.91,AI is off,AI is off,AI is off,AI is off,Not paired,AI is off,0,0,0
568000,27.3,0,6,0.78,0.21,0,0,8,1,0,11,False,True,0,0,56,45,36,3.91,AI is off,AI is off,AI is off,AI is off,Not paired,AI is off,0,0,0
570000,27.3,0,6,0.78,0.21,0,0,8,1,0,11,False,True,0,0,56,45,36,3.91,AI is off,AI is off,AI is off,AI is off,Not paired,AI is off,0,0,0
572000,27.4,0,6,0.78,0.21,0,0,7,1,0,11,False,True,0,0,55,44,34,3.91,AI is off,AI is off,AI is off,AI is off,Not paired,AI is off,0,0,0
574000,27.4,0,6,0.78,0.21,0,0,7,1,0,11,False,True,0,0,55,44,33,3.91,AI is off,AI is off,AI is off,AI is off,Not paired,AI is off,0,0,0
576000,27.1,0,6,0.78,0.21,0,0,7,1,0,11,False,True,0,0,56,45,36,3.91,AI is off,AI is off,AI is off,AI is off,Not paired,AI is off,0,0,0
578000,26.9,0,6,0.77,0.21,0,0,7,1,0,11,False,True,0,0,58,46,36,3.91,AI is off,AI is off,AI is off,AI is off,Not paired,AI is off,0,0,0
580000,26.7,0,6,0.77,0.21,0,0,7,1,0,11,False,True,0,0,56,44,34,3.91,AI is off,AI is off,AI is off,AI is off,Not paired,AI is off,0,0,0
582000,26.5,0,6,0.76,0.21,0,0,8,1,0,11,False,True,0,0,57,45,35,3.91,AI is off,AI is off,AI is off,AI is off,Not paired,AI is off,0,0,0
584000,26.6,0,6,0.77,0.21,0,0,8,1,0,11,False,True,0,0,57,46,36,3.91,AI is off,AI is off,AI is off,AI is off,Not paired,AI is off,0,0,0
586000,26.6,0,6,0.77,0.21,0,0,8,1,0,10,False,True,0,0,58,46,36,3.91,AI is off,AI is off,AI is off,AI is off,Not paired,AI is off,0,0,0
588000,26.5,0,6,0.76,0.21,0,0,8,1,0,10,False,True,0,0,55,44,34,3.91,AI is off,AI is off,AI is off,AI is off,Not paired,AI is off,0,0,0
590000,26.5,0,6,0.76,0.21,0,0,8,1,0,10,False,True,0,0,57,45,35,3.91,AI is off,AI is off,AI is off,AI is off,Not paired,AI is off,0,0,0
592000,26.5,0,6,0.76,0.21,0,0,8,1,0,10,False,True,0,0,56,45,35,3.91,AI is off,AI is off,AI is off,AI is off,Not paired,AI is off,0,0,0
594000,26.5,0,6,0.76,0.21,0,0,8,1,0,10,False,True,0,0,56,44,34,3.91,AI is off,AI is off,AI is off,AI is off,Not paired,AI is off,0,0,0
596000,26.5,0,6,0.76,0.21,0,0,8,1,0,10,False,True,0,0,56,44,35,3.91,AI is off,AI is off,AI is off,AI is off,Not paired,AI is off,0,0,0
598000,26.4,0,6,0.76,0.21,0,0,8,1,0,10,False,True,0,0,56,45,36,3.91,AI is off,AI is off,AI is off,AI is off,Not paired,AI is off,0,0,0
600000,26.3,0,6,0.76,0.21,0,0,8,1,0,10,False,True,0,0,57,46,36,3.91,AI is off,AI is off,AI is off,AI is off,Not paired,AI is off,0,0,0
602000,26.3,0,6,0.76,0.21,0,0,8,1,0,10,False,True,0,0,56,45,36,3.91,AI is off,AI is off,AI is off,AI is off,Not paired,AI is off,0,0,0
604000,26.5,0,6,0.76,0.21,0,0,8,1,0,10,False,True,0,0,55,45,35,3.91,AI is off,AI is off,AI is off,AI is off,Not paired,AI is off,0,0,0
606000,26.5,0,6,0.76,0.21,0,0,8,1,0,10,False,True,0,0,58,46,37,3.91,AI is off,AI is off,AI is off,AI is off,Not paired,AI is off,0,0,0
608000,26.4,0,6,0.76,0.21,0,0,8,1,0,10,False,True,0,0,57,45,34,3.91,AI is off,AI is off,AI is off,AI is off,Not paired,AI is off,0,0,0
610000,26.4,0,6,0.76,0.21,0,0,8,1,0,10,False,True,0,0,57,46,35,3.91,AI is off,AI is off,AI is off,AI is off,Not paired,AI is off,0,0,0
612000,26.4,0,6,0.76,0.21,0,0,8,1,0,10,False,True,0,0,55,44,34,3.91,AI is off,AI is off,AI is off,AI is off,Not paired,AI is off,0,0,0
614000,26.5,0,6,0.76,0.21,0,0,8,1,0,10,False,True,0,0,55,44,35,3.91,AI is off,AI is off,AI is off,AI is off,Not paired,AI is off,0,0,0
616000,26.6,0,6,0.77,0.21,0,0,8,1,0,10,False,True,0,0,56,45,36,3.91,AI is off,AI is off,AI is off,AI is off,Not paired,AI is off,0,0,0
618000,26.8,0,6,0.77,0.21,0,0,8,1,0,10,False,True,0,0,55,44,34,3.91,AI is off,AI is off,AI is off,AI is off,Not paired,AI is off,0,0,0
620000,26.7,0,6,0.77,0.21,0,0,7,1,0,10,False,True,0,0,55,44,35,3.91,AI is off,AI is off,AI is off,AI is off,Not paired,AI is off,0,0,0
622000,26.7,0,6,0.77,0.21,0,0,7,1,0,10,False,True,0,0,55,45,36,3.91,AI is off,AI is off,AI is off,AI is off,Not paired,AI is off,0,0,0
624000,26.8,0,6,0.77,0.21,0,0,7,1,0,10,False,True,0,0,57,44,35,3.91,AI is off,AI is off,AI is off,AI is off,Not paired,AI is off,0,0,0
626000,26.9,0,6,0.77,0.21,0,0,7,1,0,10,False,True,0,0,57,45,35,3.91,AI is off,AI is off,AI is off,AI is off,Not paired,AI is off,0,0,0
628000,27.1,0,6,0.78,0.21,0,0,7,1,0,10,False,True,0,0,57,44,35,3.91,AI is off,AI is off,AI is off,AI is off,Not paired,AI is off,0,0,0
630000,27.3,0,6,0.78,0.21,0,0,7,1,0,10,False,True,0,0,55,45,36,3.91,AI is off,AI is off,AI is off,AI is off,Not paired,AI is off,0,0,0
632000,27.4,0,6,0.78,0.21,0,0,7,1,0,10,False,True,0,0,56,45,36,3.91,AI is off,AI is off,AI is off,AI is off,Not paired,AI is off,0,0,0
634000,27.6,0,6,0.79,0.21,0,0,7,1,0,10,False,True,0,0,55,45,36,3.91,AI is off,AI is off,AI is off,AI is off,Not paired,AI is off,0,0,0
636000,27.7,0,6,0.79,0.21,0,0,6,1,0,10,False,True,0,0,56,45,36,3.91,AI is off,AI is off,AI is off,AI is off,Not paired,AI is off,0,0,0
638000,27.8,0,6,0.79,0.21,0,0,6,1,0,10,False,True,0,0,57,44,35,3.91,AI is off,AI is off,AI is off,AI is off,Not paired,AI is off,0,0,0
640000,27.9,0,6,0.79,0.21,0,0,6,1,0,10,False,True,0,0,57,45,34,3.91,AI is off,AI is off,AI is off,AI is off,Not paired,AI is off,0,0,0
642000,28,0,6,0.8,0.21,0,0,6,1,0,10,False,True,0,0,56,44,34,3.91,AI is off,AI is off,AI is off,AI is off,Not paired,AI is off,0,0,0
644000,28.4,0,6,0.8,0.21,0,0,6,1,0,10,False,True,0,0,55,44,33,3.91,AI is off,AI is off,AI is off,AI is off,Not paired,AI is off,0,0,0
646000,28.1,0,6,0.8,0.21,0,0,6,1,0,10,False,True,0,0,55,44,34,3.91,AI is off,AI is off,AI is off,AI is off,Not paired,AI is off,0,0,0
648000,27.9,0,6,0.79,0.21,0,0,6,1,0,10,False,True,0,0,55,44,34,3.91,AI is off,AI is off,AI is off,AI is off,Not paired,AI is off,0,0,0
650000,27.7,0,6,0.79,0.21,0,0,6,1,0,10,False,True,0,0,55,44,34,3.91,AI is off,AI is off,AI is off,AI is off,Not paired,AI is off,0,0,0
652000,27,0,6,0.77,0.21,0,0,6,1,0,10,False,True,0,0,55,45,35,3.91,AI is off,AI is off,AI is off,AI is off,Not paired,AI is off,0,0,0
654000,26.4,0,6,0.76,0.21,0,0,7,1,0,10,False,True,0,0,57,46,36,3.91,AI is off,AI is off,AI is off,AI is off,Not paired,AI is off,0,0,0
656000,26.6,0,6,0.77,0.21,0,0,7,1,0,10,False,True,0,0,55,45,35,3.91,AI is off,AI is off,AI is off,AI is off,Not paired,AI is off,0,0,0
658000,26.6,0,6,0.77,0.21,0,0,7,1,0,10,False,True,0,0,55,44,33,3.91,AI is off,AI is off,AI is off,AI is off,Not paired,AI is off,0,0,0
660000,26.5,0,6,0.76,0.21,0,0,7,1,0,10,False,True,0,0,56,45,36,3.91,AI is off,AI is off,AI is off,AI is off,Not paired,AI is off,0,0,0
662000,26.5,0,6,0.76,0.21,0,0,7,1,0,10,False,True,0,0,55,44,34,3.91,AI is off,AI is off,AI is off,AI is off,Not paired,AI is off,0,0,0
664000,26.5,0,6,0.76,0.21,0,0,7,1,0,10,False,True,0,0,55,45,36,3.91,AI is off,AI is off,AI is off,AI is off,Not paired,AI is off,0,0,0
666000,26.3,0,6,0.76,0.21,0,0,7,1,0,10,False,True,0,0,56,45,36,3.91,AI is off,AI is off,AI is off,AI is off,Not paired,AI is off,0,0,0
668000,26.2,0,6,0.76,0.21,0,0,7,1,0,10,False,True,0,0,57,46,35,3.91,AI is off,AI is off,AI is off,AI is off,Not paired,AI is off,0,0,0
670000,26.1,0,6,0.76,0.21,0,0,7,1,0,10,False,True,0,0,56,45,34,3.91,AI is off,AI is off,AI is off,AI is off,Not paired,AI is off,0,0,0
672000,26.2,0,6,0.76,0.21,0,0,7,1,0,10,False,True,0,0,57,46,36,3.91,AI is off,AI is off,AI is off,AI is off,Not paired,AI is off,0,0,0
674000,26.3,0,6,0.76,0.21,0,0,7,1,0,10,False,True,0,0,56,45,36,3.91,AI is off,AI is off,AI is off,AI is off,Not paired,AI is off,0,0,0
676000,26.5,0,6,0.76,0.21,0,0,7,1,0,10,False,True,0,0,56,44,35,3.91,AI is off,AI is off,AI is off,AI is off,Not paired,AI is off,0,0,0
678000,26.4,0,6,0.76,0.21,0,0,7,1,0,10,False,True,0,0,56,44,34,3.91,AI is off,AI is off,AI is off,AI is off,Not paired,AI is off,0,0,0
680000,26.4,0,6,0.76,0.21,0,0,7,1,0,10,False,True,0,0,55,45,35,3.91,AI is off,AI is off,AI is off,AI is off,Not paired,AI is off,0,0,0
682000,26.3,0,6,0.76,0.21,0,0,7,1,0,10,False,True,0,0,56,45,36,3.91,AI is off,AI is off,AI is off,AI is off,Not paired,AI is off,0,0,0
684000,25.6,0,6,0.75,0.21,0,0,7,1,0,10,False,True,0,0,56,44,35,3.91,AI is off,AI is off,AI is off,AI is off,Not paired,AI is off,0,0,0
686000,26.2,0,6,0.76,0.21,0,0,7,1,0,10,False,True,0,0,55,45,35,3.91,AI is off,AI is off,AI is off,AI is off,Not paired,AI is off,0,0,0
688000,26.3,0,6,0.76,0.21,0,0,7,1,0,10,False,True,0,0,55,45,35,3.91,AI is off,AI is off,AI is off,AI is off,Not paired,AI is off,0,0,0
690000,26.2,0,6,0.76,0.21,0,0,7,1,0,10,False,True,0,0,56,46,37,3.91,AI is off,AI is off,AI is off,AI is off,Not paired,AI is off,0,0,0
692000,26.3,0,6,0.76,0.21,0,0,7,1,0,10,False,True,0,0,57,45,35,3.91,AI is off,AI is off,AI is off,AI is off,Not paired,AI is off,0,0,0
694000,26.4,0,6,0.76,0.21,0,0,7,1,0,10,False,True,0,0,56,46,37,3.91,AI is off,AI is off,AI is off,AI is off,Not paired,AI is off,0,0,0
696000,26.7,0,6,0.77,0.21,0,0,7,1,0,10,False,True,0,0,56,46,36,3.91,AI is off,AI is off,AI is off,AI is off,Not paired,AI is off,0,0,0
698000,26.7,0,6,0.77,0.21,0,0,6,1,0,10,False,True,0,0,56,46,36,3.91,AI is off,AI is off,AI is off,AI is off,Not paired,AI is off,0,0,0
700000,26.8,0,6,0.77,0.21,0,0,6,1,0,10,False,True,0,0,57,46,36,3.91,AI is off,AI is off,AI is off,AI is off,Not paired,AI is off,0,0,0
702000,26.8,0,6,0.77,0.21,0,0,6,1,0,10,False,True,0,0,56,44,35,3.91,AI is off,AI is off,AI is off,AI is off,Not paired,AI is off,0,0,0
704000,26.8,0,6,0.77,0.21,0,0,6,1,0,10,False,True,0,0,55,44,34,3.91,AI is off,AI is off,AI is off,AI is off,Not paired,AI is off,0,0,0
706000,26.7,0,6,0.77,0.21,0,0,6,1,0,10,False,True,0,0,56,45,35,3.91,AI is off,AI is off,AI is off,AI is off,Not paired,AI is off,0,0,0
708000,26.7,0,6,0.77,0.21,0,0,6,1,0,10,False,True,0,0,56,45,36,3.91,AI is off,AI is off,AI is off,AI is off,Not paired,AI is off,0,0,0
710000,26.3,0,6,0.76,0.21,0,0,6,1,0,10,False,True,0,0,56,46,37,3.91,AI is off,AI is off,AI is off,AI is off,Not paired,AI is off,0,0,0
712000,26.2,0,6,0.76,0.21,0,0,6,1,0,10,False,True,0,0,57,45,34,3.91,AI is off,AI is off,AI is off,AI is off,Not paired,AI is off,0,0,0
714000,25.9,0,6,0.75,0.21,0,0,6,1,0,10,False,True,0,0,56,45,36,3.91,AI is off,AI is off,AI is off,AI is off,Not paired,AI is off,0,0,0
716000,25.4,0,6,0.74,0.21,0,0,6,1,0,10,False,True,0,0,56,44,35,3.91,AI is off,AI is off,AI is off,AI is off,Not paired,AI is off,0,0,0
718000,25.3,0,6,0.74,0.21,0,0,6,1,0,10,False,True,0,0,56,44,34,3.91,AI is off,AI is off,AI is off,AI is off,Not paired,AI is off,0,0,0
720000,25.1,0,6,0.73,0.21,0,0,7,1,0,10,False,True,0,0,56,46,37,3.91,AI is off,AI is off,AI is off,AI is off,Not paired,AI is off,0,0,0
722000,25,0,6,0.73,0.21,0,0,7,1,0,10,False,True,0,0,56,44,35,3.91,AI is off,AI is off,AI is off,AI is off,Not paired,AI is off,0,0,0
724000,25.1,0,6,0.73,0.21,0,0,7,1,0,10,False,True,0,0,56,45,35,3.91,AI is off,AI is off,AI is off,AI is off,Not paired,AI is off,0,0,0
726000,25,0,6,0.73,0.21,0,0,7,1,0,10,False,True,0,0,56,43,33,3.91,AI is off,AI is off,AI is off,AI is off,Not paired,AI is off,0,0,0
728000,24.9,0,6,0.73,0.21,0,0,7,1,0,10,False,True,0,0,55,45,36,3.91,AI is off,AI is off,AI is off,AI is off,Not paired,AI is off,0,0,0
730000,24.8,0,6,0.73,0.21,0,0,7,1,0,10,False,True,0,0,55,44,34,3.91,AI is off,AI is off,AI is off,AI is off,Not paired,AI is off,0,0,0
732000,24.7,0,6,0.73,0.21,0,0,7,1,0,10,False,True,0,0,56,45,35,3.91,AI is off,AI is off,AI is off,AI is off,Not paired,AI is off,0,0,0
734000,24.8,0,6,0.73,0.21,0,0,7,1,0,10,False,True,0,0,57,46,35,3.91,AI is off,AI is off,AI is off,AI is off,Not paired,AI is off,0,0,0
736000,24.8,0,6,0.73,0.21,0,0,7,1,0,10,False,True,0,0,55,44,34,3.91,AI is off,AI is off,AI is off,AI is off,Not paired,AI is off,0,0,0
738000,24.8,0,6,0.73,0.21,0,0,7,1,0,10,False,True,0,0,55,44,34,3.91,AI is off,AI is off,AI is off,AI is off,Not paired,AI is off,0,0,0
740000,24.8,0,6,0.73,0.21,0,0,7,1,0,10,False,True,0,0,55,43,33,3.91,AI is off,AI is off,AI is off,AI is off,Not paired,AI is off,0,0,0
742000,24.9,0,6,0.73,0.21,0,0,7,1,0,10,False,True,0,0,57,47,37,3.91,AI is off,AI is off,AI is off,AI is off,Not paired,AI is off,0,0,0
744000,24.9,0,6,0.73,0.21,0,0,7,1,0,10,False,True,0,0,55,44,34,3.91,AI is off,AI is off,AI is off,AI is off,Not paired,AI is off,0,0,0
746000,25,0,6,0.73,0.21,0,0,7,1,0,10,False,True,0,0,55,44,34,3.91,AI is off,AI is off,AI is off,AI is off,Not paired,AI is off,0,0,0
748000,25,0,6,0.73,0.21,0,0,7,1,0,10,False,True,0,0,56,45,34,3.91,AI is off,AI is off,AI is off,AI is off,Not paired,AI is off,0,0,0
750000,25.1,0,6,0.73,0.21,0,0,7,1,0,10,False,True,0,0,55,44,34,3.91,AI is off,AI is off,AI is off,AI is off,Not paired,AI is off,0,0,0
752000,25.1,0,6,0.73,0.21,0,0,7,1,0,10,False,True,0,0,56,45,35,3.91,AI is off,AI is off,AI is off,AI is off,Not paired,AI is off,0,0,0
754000,24.8,0,6,0.73,0.21,0,0,7,1,0,10,False,True,0,0,56,44,34,3.91,AI is off,AI is off,AI is off,AI is off,Not paired,AI is off,0,0,0
756000,24.5,0,6,0.73,0.21,0,0,7,1,0,10,False,True,0,0,55,45,35,3.91,AI is off,AI is off,AI is off,AI is off,Not paired,AI is off,0,0,0
758000,24.3,0,6,0.72,0.21,0,0,7,1,0,10,False,True,0,0,56,45,35,3.91,AI is off,AI is off,AI is off,AI is off,Not paired,AI is off,0,0,0
760000,24.3,0,6,0.72,0.21,0,0,7,1,0,10,False,True,0,0,55,45,36,3.91,AI is off,AI is off,AI is off,AI is off,Not paired,AI is off,0,0,0
762000,24.4,0,6,0.72,0.21,0,0,7,1,0,10,False,True,0,0,56,44,35,3.91,AI is off,AI is off,AI is off,AI is off,Not paired,AI is off,0,0,0
764000,24.4,0,6,0.72,0.21,0,0,7,1,0,10,False,True,0,0,56,45,34,3.91,AI is off,AI is off,AI is off,AI is off,Not paired,AI is off,0,0,0
766000,24.5,0,6,0.72,0.21,0,0,7,1,0,10,False,True,0,0,56,45,34,3.91,AI is off,AI is off,AI is off,AI is off,Not paired,AI is off,0,0,0
768000,24.6,0,6,0.72,0.21,0,0,7,1,0,10,False,True,0,0,56,45,35,3.91,AI is off,AI is off,AI is off,AI is off,Not paired,AI is off,0,0,0
770000,24.7,0,6,0.72,0.21,0,0,7,1,0,10,False,True,0,0,55,44,35,3.91,AI is off,AI is off,AI is off,AI is off,Not paired,AI is off,0,0,0
772000,24.7,0,6,0.73,0.21,0,0,7,1,0,10,False,True,0,0,56,44,35,3.91,AI is off,AI is off,AI is off,AI is off,Not paired,AI is off,0,0,0
774000,24.6,0,6,0.73,0.21,0,0,7,1,0,10,False,True,0,0,55,44,34,3.91,AI is off,AI is off,AI is off,AI is off,Not paired,AI is off,0,0,0
776000,24.1,0,6,0.72,0.21,0,0,7,1,0,10,False,True,0,0,56,45,35,3.91,AI is off,AI is off,AI is off,AI is off,Not paired,AI is off,0,0,0
778000,24.1,0,6,0.71,0.21,0,0,7,1,0,10,False,True,0,0,56,44,34,3.91,AI is off,AI is off,AI is off,AI is off,Not paired,AI is off,0,0,0
780000,24.1,0,6,0.71,0.21,0,0,7,1,0,11,False,True,0,0,55,45,35,3.91,AI is off,AI is off,AI is off,AI is off,Not paired,AI is off,0,0,0
782000,24.1,0,6,0.71,0.21,0,0,7,1,0,11,False,True,0,0,55,45,36,3.91,AI is off,AI is off,AI is off,AI is off,Not paired,AI is off,0,0,0
784000,24.3,0,6,0.72,0.21,0,0,7,1,0,11,False,True,0,0,55,45,35,3.91,AI is off,AI is off,AI is off,AI is off,Not paired,AI is off,0,0,0
786000,24.1,0,6,0.72,0.21,0,0,7,1,0,11,False,True,0,0,56,45,34,3.91,AI is off,AI is off,AI is off,AI is off,Not paired,AI is off,0,0,0
788000,24,0,6,0.71,0.21,0,0,7,1,0,11,False,True,0,0,56,45,34,3.91,AI is off,AI is off,AI is off,AI is off,Not paired,AI is off,0,0,0
790000,23.8,0,6,0.71,0.21,0,0,7,1,0,11,False,True,0,0,56,44,35,3.91,AI is off,AI is off,AI is off,AI is off,Not paired,AI is off,0,0,0
792000,23.9,0,6,0.71,0.21,0,0,7,1,0,11,False,True,0,0,56,45,35,3.91,AI is off,AI is off,AI is off,AI is off,Not paired,AI is off,0,0,0
794000,23.8,0,6,0.71,0.21,0,0,7,1,0,11,False,True,0,0,56,46,35,3.91,AI is off,AI is off,AI is off,AI is off,Not paired,AI is off,0,0,0
796000,23.7,0,6,0.71,0.21,0,0,7,1,0,11,False,True,0,0,57,46,35,3.91,AI is off,AI is off,AI is off,AI is off,Not paired,AI is off,0,0,0
798000,23.6,0,6,0.7,0.21,0,0,7,1,0,11,False,True,0,0,57,45,35,3.91,AI is off,AI is off,AI is off,AI is off,Not paired,AI is off,0,0,0
800000,23.5,0,6,0.7,0.21,0,0,7,1,0,11,False,True,0,0,56,44,34,3.91,AI is off,AI is off,AI is off,AI is off,Not paired,AI is off,0,0,0
802000,23.6,0,6,0.7,0.21,0,0,7,1,0,11,False,True,0,0,56,45,35,3.91,AI is off,AI is off,AI is off,AI is off,Not paired,AI is off,0,0,0
804000,23.5,0,6,0.7,0.21,0,0,7,1,0,11,False,True,0,0,56,44,34,3.91,AI is off,AI is off,AI is off,AI is off,Not paired,AI is off,0,0,0
806000,23.4,0,6,0.7,0.21,0,0,7,1,0,11,False,True,0,0,55,43,33,3.91,AI is off,AI is off,AI is off,AI is off,Not paired,AI is off,0,0,0
808000,23.3,0,6,0.7,0.21,0,0,7,1,0,11,False,True,0,0,56,45,35,3.91,AI is off,AI is off,AI is off,AI is off,Not paired,AI is off,0,0,0
810000,23.2,0,6,0.7,0.21,0,0,7,1,0,11,False,True,0,0,56,44,34,3.91,AI is off,AI is off,AI is off,AI is off,Not paired,AI is off,0,0,0
812000,23.2,0,6,0.7,0.21,0,0,7,1,0,11,False,True,0,0,56,43,34,3.91,AI is off,AI is off,AI is off,AI is off,Not paired,AI is off,0,0,0
814000,23.1,0,6,0.69,0.21,0,0,8,1,0,11,False,True,0,0,57,45,36,3.91,AI is off,AI is off,AI is off,AI is off,Not paired,AI is off,0,0,0
816000,22.9,0,6,0.69,0.21,0,0,8,1,0,11,False,True,0,0,55,44,33,3.91,AI is off,AI is off,AI is off,AI is off,Not paired,AI is off,0,0,0
818000,22.7,0,6,0.69,0.21,0,0,8,1,0,11,False,True,0,0,57,45,36,3.91,AI is off,AI is off,AI is off,AI is off,Not paired,AI is off,0,0,0
820000,22.3,0,6,0.68,0.21,0,0,8,1,0,11,False,True,0,0,57,45,36,3.91,AI is off,AI is off,AI is off,AI is off,Not paired,AI is off,0,0,0
822000,22.1,0,6,0.67,0.21,0,0,8,1,0,11,False,True,0,0,57,45,34,3.91,AI is off,AI is off,AI is off,AI is off,Not paired,AI is off,0,0,0
824000,22,0,6,0.67,0.21,0,0,8,1,0,11,False,True,0,0,56,44,33,3.91,AI is off,AI is off,AI is off,AI is off,Not paired,AI is off,0,0,0
826000,21.7,0,6,0.67,0.21,0,0,8,1,0,11,False,True,0,0,56,44,34,3.91,AI is off,AI is off,AI is off,AI is off,Not paired,AI is off,0,0,0
828000,21.5,0,6,0.66,0.21,0,0,8,1,0,11,False,True,0,0,56,45,35,3.91,AI is off,AI is off,AI is off,AI is off,Not paired,AI is off,0,0,0
830000,21.6,0,6,0.66,0.21,0,0,10,1,0,11,False,True,0,0,56,44,35,3.91,AI is off,AI is off,AI is off,AI is off,Not paired,AI is off,0,0,0
832000,21.6,0,6,0.66,0.21,0,0,10,1,0,11,False,True,0,0,56,45,35,3.91,AI is off,AI is off,AI is off,AI is off,Not paired,AI is off,0,0,0
834000,21.5,0,6,0.66,0.21,0,0,10,1,0,11,False,True,0,0,55,44,34,3.91,AI is off,AI is off,AI is off,AI is off,Not paired,AI is off,0,0,0
836000,21.6,0,6,0.66,0.21,0,0,10,1,0,11,False,True,0,0,55,44,34,3.91,AI is off,AI is off,AI is off,AI is off,Not paired,AI is off,0,0,0
838000,21.4,0,6,0.66,0.21,0,0,10,1,0,11,False,True,0,0,56,44,34,3.91,AI is off,AI is off,AI is off,AI is off,Not paired,AI is off,0,0,0
840000,21.1,0,6,0.65,0.21,0,0,10,1,0,11,False,True,0,0,56,45,35,3.91,AI is off,AI is off,AI is off,AI is off,Not paired,AI is off,0,0,0
842000,21.1,0,6,0.65,0.21,0,0,10,1,0,11,False,True,0,0,56,44,34,3.91,AI is off,AI is off,AI is off,AI is off,Not paired,AI is off,0,0,0
844000,21.2,0,6,0.65,0.21,0,0,10,1,0,11,False,True,0,0,57,45,35,3.91,AI is off,AI is off,AI is off,AI is off,Not paired,AI is off,0,0,0
846000,21.1,0,6,0.65,0.21,0,0,10,1,0,11,False,True,0,0,55,45,35,3.91,AI is off,AI is off,AI is off,AI is off,Not paired,AI is off,0,0,0
848000,21,0,6,0.65,0.21,0,0,10,1,0,11,False,True,0,0,56,44,34,3.91,AI is off,AI is off,AI is off,AI is off,Not paired,AI is off,0,0,0
850000,21.1,0,6,0.65,0.21,0,0,10,1,0,12,False,True,0,0,56,44,35,3.91,AI is off,AI is off,AI is off,AI is off,Not paired,AI is off,0,0,0
852000,21.2,0,6,0.65,0.21,0,0,10,1,0,11,False,True,0,0,56,45,34,3.91,AI is off,AI is off,AI is off,AI is off,Not paired,AI is off,0,0,0
854000,21.2,0,6,0.65,0.21,0,0,10,1,0,12,False,True,0,0,56,46,36,3.91,AI is off,AI is off,AI is off,AI is off,Not paired,AI is off,0,0,0
856000,21.3,0,6,0.65,0.21,0,0,10,1,0,12,False,True,0,0,56,45,34,3.91,AI is off,AI is off,AI is off,AI is off,Not paired,AI is off,0,0,0
858000,21.4,0,6,0.66,0.21,0,0,10,1,0,12,False,True,0,0,56,45,36,3.91,AI is off,AI is off,AI is off,AI is off,Not paired,AI is off,0,0,0
860000,21.3,0,6,0.65,0.21,0,0,10,1,0,12,False,True,0,0,57,47,37,3.91,AI is off,AI is off,AI is off,AI is off,Not paired,AI is off,0,0,0
862000,21.3,0,6,0.65,0.21,0,0,10,1,0,12,False,True,0,0,56,44,34,3.91,AI is off,AI is off,AI is off,AI is off,Not paired,AI is off,0,0,0
864000,21,0,6,0.65,0.21,0,0,10,1,0,12,False,True,0,0,57,45,34,3.91,AI is off,AI is off,AI is off,AI is off,Not paired,AI is off,0,0,0
866000,20.7,0,6,0.64,0.21,0,0,10,1,0,12,False,True,0,0,56,45,34,3.91,AI is off,AI is off,AI is off,AI is off,Not paired,AI is off,0,0,0
868000,20.6,0,6,0.64,0.21,0,0,11,1,0,12,False,True,0,0,56,45,35,3.91,AI is off,AI is off,AI is off,AI is off,Not paired,AI is off,0,0,0
870000,20.6,0,6,0.64,0.21,0,0,11,1,0,12,False,True,0,0,56,46,37,3.91,AI is off,AI is off,AI is off,AI is off,Not paired,AI is off,0,0,0
872000,20.6,0,6,0.64,0.21,0,0,11,1,0,12,False,True,0,0,56,44,35,3.91,AI is off,AI is off,AI is off,AI is off,Not paired,AI is off,0,0,0
874000,20.6,0,6,0.64,0.21,0,0,11,1,0,12,False,True,0,0,57,45,35,3.91,AI is off,AI is off,AI is off,AI is off,Not paired,AI is off,0,0,0
876000,20.7,0,6,0.64,0.21,0,0,11,1,0,12,False,True,0,0,56,46,37,3.91,AI is off,AI is off,AI is off,AI is off,Not paired,AI is off,0,0,0
878000,20.7,0,6,0.64,0.21,0,0,11,1,0,12,False,True,0,0,56,45,36,3.91,AI is off,AI is off,AI is off,AI is off,Not paired,AI is off,0,0,0
880000,20.8,0,6,0.64,0.21,0,0,11,1,0,12,False,True,0,0,57,46,36,3.91,AI is off,AI is off,AI is off,AI is off,Not paired,AI is off,0,0,0
882000,20.9,0,6,0.65,0.21,0,0,11,1,0,12,False,True,0,0,56,46,36,3.91,AI is off,AI is off,AI is off,AI is off,Not paired,AI is off,0,0,0
884000,21,0,6,0.65,0.21,0,0,10,1,0,12,False,True,0,0,57,46,37,3.91,AI is off,AI is off,AI is off,AI is off,Not paired,AI is off,0,0,0
886000,21,0,6,0.65,0.21,0,0,10,1,0,12,False,True,0,0,56,46,36,3.91,AI is off,AI is off,AI is off,AI is off,Not paired,AI is off,0,0,0
888000,21.1,0,6,0.65,0.21,0,0,10,1,0,12,False,True,0,0,56,45,35,3.91,AI is off,AI is off,AI is off,AI is off,Not paired,AI is off,0,0,0
890000,21.2,0,6,0.65,0.21,0,0,10,1,0,12,False,True,0,0,57,44,34,3.91,AI is off,AI is off,AI is off,AI is off,Not paired,AI is off,0,0,0
892000,21,0,6,0.65,0.21,0,0,10,1,0,12,False,True,0,0,57,45,35,3.91,AI is off,AI is off,AI is off,AI is off,Not paired,AI is off,0,0,0
894000,21,0,6,0.65,0.21,0,0,10,1,0,12,False,True,0,0,56,44,34,3.91,AI is off,AI is off,AI is off,AI is off,Not paired,AI is off,0,0,0
896000,20.9,0,6,0.65,0.21,0,0,10,1,0,12,False,True,0,0,57,45,36,3.91,AI is off,AI is off,AI is off,AI is off,Not paired,AI is off,0,0,0
898000,21,0,6,0.65,0.21,0,0,10,1,0,12,False,True,0,0,57,45,34,3.91,AI is off,AI is off,AI is off,AI is off,Not paired,AI is off,0,0,0
900000,20.8,0,6,0.65,0.21,0,0,10,1,0,12,False,True,0,0,56,46,37,3.91,AI is off,AI is off,AI is off,AI is off,Not paired,AI is off,0,0,0
902000,20.8,0,6,0.64,0.21,0,0,10,1,0,12,False,True,0,0,56,45,36,3.91,AI is off,AI is off,AI is off,AI is off,Not paired,AI is off,0,0,0
904000,20.8,0,6,0.64,0.21,0,0,10,1,0,12,False,True,0,0,56,45,37,3.91,AI is off,AI is off,AI is off,AI is off,Not paired,AI is off,0,0,0
906000,20.7,0,6,0.64,0.21,0,0,10,1,0,12,False,True,0,0,56,44,35,3.91,AI is off,AI is off,AI is off,AI is off,Not paired,AI is off,0,0,0
908000,20.7,0,6,0.64,0.21,0,0,10,1,0,12,False,True,0,0,56,46,38,3.91,AI is off,AI is off,AI is off,AI is off,Not paired,AI is off,0,0,0
910000,20.7,0,6,0.64,0.21,0,0,10,1,0,12,False,True,0,0,57,46,37,3.91,AI is off,AI is off,AI is off,AI is off,Not paired,AI is off,0,0,0
912000,20.8,0,6,0.64,0.21,0,0,10,1,0,12,False,True,0,0,56,46,34,3.91,AI is off,AI is off,AI is off,AI is off,Not paired,AI is off,0,0,0
914000,20.6,0,6,0.64,0.21,0,0,10,1,0,12,False,True,0,0,57,46,36,3.91,AI is off,AI is off,AI is off,AI is off,Not paired,AI is off,0,0,0
916000,20.4,0,6,0.64,0.21,0,0,10,1,0,12,False,True,0,0,57,45,35,3.91,AI is off,AI is off,AI is off,AI is off,Not paired,AI is off,0,0,0
918000,20.1,0,5,0.63,0.21,0,0,11,1,0,12,False,True,0,0,56,44,34,3.91,AI is off,AI is off,AI is off,AI is off,Not paired,AI is off,0,0,0
920000,20,0,5,0.63,0.21,0,0,11,1,0,12,False,True,0,0,57,46,37,3.91,AI is off,AI is off,AI is off,AI is off,Not paired,AI is off,0,0,0
922000,19.7,0,5,0.62,0.21,0,0,11,1,0,12,False,True,0,0,56,45,36,3.91,AI is off,AI is off,AI is off,AI is off,Not paired,AI is off,0,0,0
924000,19.6,0,5,0.62,0.21,0,0,11,1,0,12,False,True,0,0,56,45,36,3.91,AI is off,AI is off,AI is off,AI is off,Not paired,AI is off,0,0,0
926000,19.3,0,5,0.61,0.21,0,0,11,1,0,12,False,True,0,0,56,46,36,3.91,AI is off,AI is off,AI is off,AI is off,Not paired,AI is off,0,0,0
928000,19.3,0,5,0.61,0.21,0,0,14,1,0,12,False,True,0,0,57,46,37,3.91,AI is off,AI is off,AI is off,AI is off,Not paired,AI is off,0,0,0
930000,19.2,0,5,0.61,0.21,0,0,14,1,0,12,False,True,0,0,56,45,36,3.91,AI is off,AI is off,AI is off,AI is off,Not paired,AI is off,0,0,0
932000,19,0,5,0.61,0.21,0,0,14,1,0,12,False,True,0,0,57,45,36,3.91,AI is off,AI is off,AI is off,AI is off,Not paired,AI is off,0,0,0
934000,18.9,0,5,0.6,0.21,0,0,15,1,0,12,False,True,0,0,55,45,35,3.91,AI is off,AI is off,AI is off,AI is off,Not paired,AI is off,0,0,0
936000,18.8,0,5,0.6,0.21,0,0,15,1,0,13,False,True,0,0,57,46,35,3.91,AI is off,AI is off,AI is off,AI is off,Not paired,AI is off,0,0,0
938000,18.5,0,5,0.6,0.21,0,0,15,1,0,13,False,True,0,0,55,45,35,3.91,AI is off,AI is off,AI is off,AI is off,Not paired,AI is off,0,0,0
940000,18.3,0,5,0.59,0.21,0,0,15,1,0,13,False,True,0,0,56,44,35,3.91,AI is off,AI is off,AI is off,AI is off,Not paired,AI is off,0,0,0
942000,17.9,0,5,0.59,0.21,0,0,15,1,0,13,False,True,0,0,56,45,36,3.91,AI is off,AI is off,AI is off,AI is off,Not paired,AI is off,0,0,0
944000,17.5,0,5,0.58,0.21,0,0,19,1,0,13,False,True,0,0,56,46,36,3.91,AI is off,AI is off,AI is off,AI is off,Not paired,AI is off,0,0,0
946000,17.3,0,5,0.57,0.21,0,0,19,1,0,13,False,True,0,0,57,45,35,3.91,AI is off,AI is off,AI is off,AI is off,Not paired,AI is off,0,0,0
948000,17,0,5,0.57,0.21,0,0,19,1,0,13,False,True,0,0,55,42,33,3.91,AI is off,AI is off,AI is off,AI is off,Not paired,AI is off,0,0,0
950000,16.9,0,5,0.56,0.21,0,0,22,1,0,13,False,True,0,0,56,45,36,3.91,AI is off,AI is off,AI is off,AI is off,Not paired,AI is off,0,0,0
952000,16.8,0,5,0.56,0.21,0,0,22,1,0,13,False,True,0,0,56,45,35,3.91,AI is off,AI is off,AI is off,AI is off,Not paired,AI is off,0,0,0
954000,16.6,0,5,0.56,0.21,0,0,22,1,0,13,False,True,0,0,56,46,37,3.91,AI is off,AI is off,AI is off,AI is off,Not paired,AI is off,0,0,0
956000,16.3,0,5,0.55,0.21,0,0,22,1,0,13,False,True,0,0,57,45,35,3.91,AI is off,AI is off,AI is off,AI is off,Not paired,AI is off,0,0,0
958000,16.3,0,5,0.55,0.21,0,0,22,1,0,13,False,True,0,0,57,46,35,3.91,AI is off,AI is off,AI is off,AI is off,Not paired,AI is off,0,0,0
960000,16.1,0,5,0.55,0.21,0,0,22,1,0,13,False,True,0,0,56,46,37,3.91,AI is off,AI is off,AI is off,AI is off,Not paired,AI is off,0,0,0
962000,16,0,5,0.54,0.21,0,0,27,1,0,13,False,True,0,0,56,45,36,3.91,AI is off,AI is off,AI is off,AI is off,Not paired,AI is off,0,0,0
964000,15.8,0,5,0.54,0.21,0,0,27,1,0,13,False,True,0,0,56,46,37,3.91,AI is off,AI is off,AI is off,AI is off,Not paired,AI is off,0,0,0
966000,15.7,0,5,0.54,0.21,0,0,29,1,0,13,False,True,0,0,55,45,36,3.91,AI is off,AI is off,AI is off,AI is off,Not paired,AI is off,0,0,0
968000,15.8,0,5,0.54,0.21,0,0,29,1,0,13,False,True,0,0,57,46,36,3.91,AI is off,AI is off,AI is off,AI is off,Not paired,AI is off,0,0,0
970000,15.9,0,5,0.54,0.21,0,0,29,1,0,13,False,True,0,0,56,45,36,3.91,AI is off,AI is off,AI is off,AI is off,Not paired,AI is off,0,0,0
972000,16,0,5,0.54,0.21,0,0,29,1,0,13,False,True,0,0,56,45,35,3.91,AI is off,AI is off,AI is off,AI is off,Not paired,AI is off,0,0,0
974000,16,0,5,0.54,0.21,0,0,29,1,0,13,False,True,0,0,56,45,35,3.91,AI is off,AI is off,AI is off,AI is off,Not paired,AI is off,0,0,0
976000,16.2,0,5,0.55,0.21,0,0,29,1,0,13,False,True,0,0,56,45,36,3.91,AI is off,AI is off,AI is off,AI is off,Not paired,AI is off,0,0,0
978000,16.1,0,5,0.55,0.21,0,0,26,1,0,13,False,True,0,0,56,45,36,3.91,AI is off,AI is off,AI is off,AI is off,Not paired,AI is off,0,0,0
980000,16.3,0,5,0.55,0.21,0,0,26,1,0,14,False,True,0,0,56,45,36,3.91,AI is off,AI is off,AI is off,AI is off,Not paired,AI is off,0,0,0
982000,16.4,0,5,0.55,0.21,0,0,26,1,0,14,False,True,0,0,55,45,36,3.91,AI is off,AI is off,AI is off,AI is off,Not paired,AI is off,0,0,0
984000,16.6,0,5,0.56,0.21,0,0,25,1,0,14,False,True,0,0,56,44,35,3.91,AI is off,AI is off,AI is off,AI is off,Not paired,AI is off,0,0,0
986000,16.5,0,5,0.55,0.21,0,0,25,1,0,14,False,True,0,0,56,46,36,3.91,AI is off,AI is off,AI is off,AI is off,Not paired,AI is off,0,0,0
988000,16.5,0,5,0.55,0.21,0,0,25,1,0,14,False,True,0,0,56,45,35,3.91,AI is off,AI is off,AI is off,AI is off,Not paired,AI is off,0,0,0
990000,16.8,0,5,0.56,0.21,0,0,25,1,0,14,False,True,0,0,56,44,34,3.91,AI is off,AI is off,AI is off,AI is off,Not paired,AI is off,0,0,0
992000,16.9,0,5,0.56,0.21,0,0,25,1,0,14,False,True,0,0,57,46,36,3.91,AI is off,AI is off,AI is off,AI is off,Not paired,AI is off,0,0,0
994000,17,0,5,0.56,0.21,0,0,22,1,0,14,False,True,0,0,56,45,36,3.91,AI is off,AI is off,AI is off,AI is off,Not paired,AI is off,0,0,0
996000,16.9,0,5,0.56,0.21,0,0,22,1,0,14,False,True,0,0,56,44,34,3.91,AI is off,AI is off,AI is off,AI is off,Not paired,AI is off,0,0,0
998000,16.9,0,5,0.56,0.21,0,0,22,1,0,14,False,True,0,0,55,45,34,3.91,AI is off,AI is off,AI is off,AI is off,Not paired,AI is off,0,0,0
1000000,16.8,0,5,0.56,0.21,0,0,22,1,0,14,False,True,0,0,55,44,35,3.91,AI is off,AI is off,AI is off,AI is off,Not paired,AI is off,0,0,0
1002000,16.6,0,5,0.56,0.21,0,0,22,1,0,14,False,True,0,0,56,45,37,3.91,AI is off,AI is off,AI is off,AI is off,Not paired,AI is off,0,0,0
1004000,16.7,0,5,0.56,0.21,0,0,22,1,0,14,False,True,0,0,57,45,35,3.91,AI is off,AI is off,AI is off,AI is off,Not paired,AI is off,0,0,0
1006000,16.8,0,5,0.56,0.21,0,0,22,1,0,14,False,True,0,0,56,44,34,3.91,AI is off,AI is off,AI is off,AI is off,Not paired,AI is off,0,0,0
1008000,16.8,0,5,0.56,0.21,0,0,22,1,0,14,False,True,0,0,56,45,36,3.9,AI is off,AI is off,AI is off,AI is off,Not paired,AI is off,0,0,0
1010000,16.7,0,5,0.56,0.21,0,0,23,1,0,14,False,True,0,0,57,46,36,3.9,AI is off,AI is off,AI is off,AI is off,Not paired,AI is off,0,0,0
1012000,16.6,0,5,0.56,0.21,0,0,23,1,0,14,False,True,0,0,54,41,31,3.9,AI is off,AI is off,AI is off,AI is off,Not paired,AI is off,0,0,0
1014000,16.5,0,5,0.55,0.21,0,0,23,1,0,14,False,True,0,0,53,40,31,3.9,AI is off,AI is off,AI is off,AI is off,Not paired,AI is off,0,0,0
1016000,16.4,0,5,0.55,0.21,0,0,24,1,0,14,False,True,0,0,56,45,35,3.9,AI is off,AI is off,AI is off,AI is off,Not paired,AI is off,0,0,0
1018000,16.6,0,5,0.55,0.21,0,0,24,1,0,14,False,True,0,0,56,45,36,3.9,AI is off,AI is off,AI is off,AI is off,Not paired,AI is off,0,0,0
1020000,16.7,0,5,0.56,0.21,0,0,24,1,0,14,False,True,0,0,54,43,32,3.9,AI is off,AI is off,AI is off,AI is off,Not paired,AI is off,0,0,0
1022000,16.8,0,5,0.56,0.21,0,0,24,1,0,14,False,True,0,0,54,43,33,3.9,AI is off,AI is off,AI is off,AI is off,Not paired,AI is off,0,0,0
1024000,16.8,0,5,0.56,0.21,0,0,24,1,0,14,False,True,0,0,54,43,32,3.9,AI is off,AI is off,AI is off,AI is off,Not paired,AI is off,0,0,0
1026000,16.7,0,5,0.56,0.21,0,0,24,1,0,14,False,True,0,0,54,42,32,3.9,AI is off,AI is off,AI is off,AI is off,Not paired,AI is off,0,0,0
1028000,16.7,0,5,0.56,0.21,0,0,23,1,0,14,False,True,0,0,54,43,32,3.9,AI is off,AI is off,AI is off,AI is off,Not paired,AI is off,0,0,0
1030000,16.7,0,5,0.56,0.21,0,0,23,1,0,15,False,True,0,0,54,43,33,3.91,AI is off,AI is off,AI is off,AI is off,Not paired,AI is off,0,0,0
1032000,16.8,0,5,0.56,0.21,0,0,22,1,0,15,False,True,0,0,55,43,33,3.91,AI is off,AI is off,AI is off,AI is off,Not paired,AI is off,0,0,0
1034000,17,0,5,0.56,0.21,0,0,22,1,0,15,False,True,0,0,56,44,34,3.91,AI is off,AI is off,AI is off,AI is off,Not paired,AI is off,0,0,0
1036000,17,0,5,0.57,0.21,0,0,22,1,0,15,False,True,0,0,54,43,32,3.91,AI is off,AI is off,AI is off,AI is off,Not paired,AI is off,0,0,0
1038000,17,0,5,0.56,0.21,0,0,22,1,0,15,False,True,0,0,55,44,34,3.91,AI is off,AI is off,AI is off,AI is off,Not paired,AI is off,0,0,0
1040000,17,0,5,0.56,0.21,0,0,22,1,0,15,False,True,0,0,55,44,34,3.91,AI is off,AI is off,AI is off,AI is off,Not paired,AI is off,0,0,0
1042000,16.8,0,5,0.56,0.21,0,0,22,1,0,15,False,True,0,0,56,45,35,3.9,AI is off,AI is off,AI is off,AI is off,Not paired,AI is off,0,0,0
1044000,16.8,0,5,0.56,0.21,0,0,22,1,0,15,False,True,0,0,57,45,35,3.9,AI is off,AI is off,AI is off,AI is off,Not paired,AI is off,0,0,0
1046000,16.9,0,5,0.56,0.21,0,0,22,1,0,15,False,True,0,0,57,45,35,3.9,AI is off,AI is off,AI is off,AI is off,Not paired,AI is off,0,0,0
1048000,17,0,5,0.56,0.21,0,0,22,1,0,15,False,True,0,0,57,46,36,3.9,AI is off,AI is off,AI is off,AI is off,Not paired,AI is off,0,0,0
1050000,17.1,0,5,0.57,0.21,0,0,21,1,0,15,False,True,0,0,57,44,35,3.9,AI is off,AI is off,AI is off,AI is off,Not paired,AI is off,0,0,0
1052000,17.3,0,5,0.57,0.21,0,0,21,1,0,15,False,True,0,0,56,45,35,3.9,AI is off,AI is off,AI is off,AI is off,Not paired,AI is off,0,0,0
1054000,17.4,0,5,0.57,0.21,0,0,21,1,0,15,False,True,0,0,56,45,35,3.9,AI is off,AI is off,AI is off,AI is off,Not paired,AI is off,0,0,0
1056000,17.6,0,5,0.58,0.21,0,0,21,1,0,15,False,True,0,0,55,45,35,3.9,AI is off,AI is off,AI is off,AI is off,Not paired,AI is off,0,0,0
1058000,17.5,0,5,0.58,0.21,0,0,21,1,0,15,False,True,0,0,55,44,33,3.9,AI is off,AI is off,AI is off,AI is off,Not paired,AI is off,0,0,0
1060000,17.2,0,5,0.57,0.21,0,0,19,1,0,15,False,True,0,0,55,43,33,3.9,AI is off,AI is off,AI is off,AI is off,Not paired,AI is off,0,0,0
1062000,17.2,0,5,0.57,0.21,0,0,19,1,0,15,False,True,0,0,57,45,36,3.9,AI is off,AI is off,AI is off,AI is off,Not paired,AI is off,0,0,0
1064000,17.2,0,5,0.57,0.21,0,0,19,1,0,15,False,True,0,0,57,45,35,3.9,AI is off,AI is off,AI is off,AI is off,Not paired,AI is off,0,0,0
1066000,17.3,0,5,0.57,0.21,0,0,19,1,0,15,False,True,0,0,55,43,33,3.9,AI is off,AI is off,AI is off,AI is off,Not paired,AI is off,0,0,0
1068000,17.2,0,5,0.57,0.21,0,0,19,1,0,15,False,True,0,0,55,44,34,3.9,AI is off,AI is off,AI is off,AI is off,Not paired,AI is off,0,0,0
1070000,17.2,0,5,0.57,0.21,0,0,19,1,0,15,False,True,0,0,55,44,34,3.9,AI is off,AI is off,AI is off,AI is off,Not paired,AI is off,0,0,0
1072000,17.2,0,5,0.57,0.21,0,0,19,1,0,15,False,True,0,0,56,44,35,3.9,AI is off,AI is off,AI is off,AI is off,Not paired,AI is off,0,0,0
1074000,17.3,0,5,0.57,0.21,0,0,19,1,0,15,False,True,0,0,55,44,33,3.9,AI is off,AI is off,AI is off,AI is off,Not paired,AI is off,0,0,0
1076000,17.1,0,5,0.57,0.21,0,0,19,1,0,15,False,True,0,0,57,44,35,3.9,AI is off,AI is off,AI is off,AI is off,Not paired,AI is off,0,0,0
1078000,17,0,5,0.56,0.21,0,0,19,1,0,15,False,True,0,0,56,44,35,3.9,AI is off,AI is off,AI is off,AI is off,Not paired,AI is off,0,0,0
1080000,16.7,0,5,0.56,0.21,0,0,22,1,0,15,False,True,0,0,57,45,36,3.9,AI is off,AI is off,AI is off,AI is off,Not paired,AI is off,0,0,0
1082000,16.4,0,5,0.55,0.21,0,0,22,1,0,15,False,True,0,0,56,44,34,3.9,AI is off,AI is off,AI is off,AI is off,Not paired,AI is off,0,0,0
1084000,16.4,0,5,0.55,0.21,0,0,22,1,0,15,False,True,0,0,53,41,32,3.9,AI is off,AI is off,AI is off,AI is off,Not paired,AI is off,0,0,0
1086000,16.2,0,5,0.55,0.21,0,0,24,1,0,15,False,True,0,0,56,44,34,3.9,AI is off,AI is off,AI is off,AI is off,Not paired,AI is off,0,0,0
1088000,16,0,5,0.54,0.21,0,0,24,1,0,15,False,True,0,0,55,44,33,3.9,AI is off,AI is off,AI is off,AI is off,Not paired,AI is off,0,0,0
1090000,15.9,0,5,0.54,0.21,0,0,24,1,0,15,False,True,0,0,56,44,35,3.9,AI is off,AI is off,AI is off,AI is off,Not paired,AI is off,0,0,0
1092000,15.6,0,5,0.53,0.21,0,0,24,1,0,15,False,True,0,0,55,44,33,3.9,AI is off,AI is off,AI is off,AI is off,Not paired,AI is off,0,0,0
1094000,15.2,0,5,0.53,0.21,0,0,24,1,0,15,False,True,0,0,58,46,37,3.9,AI is off,AI is off,AI is off,AI is off,Not paired,AI is off,0,0,0
1096000,14.9,0,5,0.52,0.21,0,0,24,1,0,15,False,True,0,0,56,45,35,3.9,AI is off,AI is off,AI is off,AI is off,Not paired,AI is off,0,0,0
1098000,14.8,0,5,0.52,0.21,0,0,32,1,0,15,False,True,0,0,56,44,34,3.9,AI is off,AI is off,AI is off,AI is off,Not paired,AI is off,0,0,0
1100000,14.6,0,5,0.52,0.21,0,0,32,1,0,15,False,True,0,0,56,44,33,3.9,AI is off,AI is off,AI is off,AI is off,Not paired,AI is off,0,0,0
1102000,14.6,0,5,0.51,0.21,0,0,34,1,0,15,False,True,0,0,55,44,35,3.9,AI is off,AI is off,AI is off,AI is off,Not paired,AI is off,0,0,0
1104000,14.4,0,5,0.51,0.21,0,0,34,1,0,15,False,True,0,0,56,44,35,3.9,AI is off,AI is off,AI is off,AI is off,Not paired,AI is off,0,0,0
1106000,14.1,0,5,0.5,0.21,0,0,34,1,0,15,False,True,0,0,56,44,34,3.9,AI is off,AI is off,AI is off,AI is off,Not paired,AI is off,0,0,0
1108000,14,0,5,0.5,0.21,0,0,34,1,0,15,False,True,0,0,55,45,35,3.9,AI is off,AI is off,AI is off,AI is off,Not paired,AI is off,0,0,0
1110000,13.9,0,5,0.5,0.21,0,0,34,1,0,15,False,True,0,0,56,44,34,3.9,AI is off,AI is off,AI is off,AI is off,Not paired,AI is off,0,0,0
1112000,13.8,0,5,0.5,0.21,0,0,34,1,0,15,False,True,0,0,56,44,33,3.9,AI is off,AI is off,AI is off,AI is off,Not paired,AI is off,0,0,0
1114000,13.7,0,5,0.5,0.21,0,0,39,1,0,15,False,True,0,0,56,44,34,3.9,AI is off,AI is off,AI is off,AI is off,Not paired,AI is off,0,0,0
1116000,13.5,0,5,0.49,0.21,0,0,39,1,0,15,False,True,0,0,54,43,33,3.9,AI is off,AI is off,AI is off,AI is off,Not paired,AI is off,0,0,0
1118000,13.3,0,5,0.49,0.21,0,0,39,1,0,15,False,True,0,0,56,43,33,3.9,AI is off,AI is off,AI is off,AI is off,Not paired,AI is off,0,0,0
1120000,13.2,0,5,0.48,0.21,0,0,45,1,0,15,False,True,0,0,56,44,34,3.9,AI is off,AI is off,AI is off,AI is off,Not paired,AI is off,0,0,0
1122000,13.2,0,5,0.48,0.21,0,0,45,1,0,15,False,True,0,0,55,45,36,3.9,AI is off,AI is off,AI is off,AI is off,Not paired,AI is off,0,0,0
1124000,12.9,0,5,0.48,0.21,0,0,45,1,0,15,False,True,0,0,54,42,32,3.9,AI is off,AI is off,AI is off,AI is off,Not paired,AI is off,0,0,0
1126000,12.7,0,5,0.47,0.21,0,0,45,1,0,16,False,True,0,0,56,43,33,3.9,AI is off,AI is off,AI is off,AI is off,Not paired,AI is off,0,0,0
1128000,12.6,0,5,0.47,0.21,0,0,45,1,0,16,False,True,0,0,56,43,33,3.9,AI is off,AI is off,AI is off,AI is off,Not paired,AI is off,0,0,0
1130000,12.5,0,5,0.47,0.21,0,0,55,1,0,16,False,True,0,0,55,44,33,3.9,AI is off,AI is off,AI is off,AI is off,Not paired,AI is off,0,0,0
1132000,12.5,0,5,0.47,0.21,0,0,55,1,0,16,False,True,0,0,55,43,33,3.9,AI is off,AI is off,AI is off,AI is off,Not paired,AI is off,0,0,0
1134000,12.5,0,5,0.47,0.21,0,0,55,1,0,16,False,True,0,0,54,43,32,3.9,AI is off,AI is off,AI is off,AI is off,Not paired,AI is off,0,0,0
1136000,12.4,0,5,0.47,0.21,0,0,56,1,0,16,False,True,0,0,56,43,32,3.9,AI is off,AI is off,AI is off,AI is off,Not paired,AI is off,0,0,0
1138000,12.2,0,5,0.46,0.21,0,0,56,1,0,16,False,True,0,0,55,44,33,3.9,AI is off,AI is off,AI is off,AI is off,Not paired,AI is off,0,0,0
1140000,12,0,5,0.46,0.21,0,0,56,1,0,16,False,True,0,0,56,45,35,3.9,AI is off,AI is off,AI is off,AI is off,Not paired,AI is off,0,0,0
1142000,11.8,0,5,0.46,0.21,0,0,56,1,0,16,False,True,0,0,56,45,36,3.9,AI is off,AI is off,AI is off,AI is off,Not paired,AI is off,0,0,0
1144000,11.5,0,5,0.45,0.21,0,0,56,1,0,16,False,True,0,0,55,41,33,3.9,AI is off,AI is off,AI is off,AI is off,Not paired,AI is off,0,0,0
1146000,11.4,0,5,0.45,0.21,0,0,81,1,0,16,False,True,0,0,54,41,31,3.9,AI is off,AI is off,AI is off,AI is off,Not paired,AI is off,0,0,0
1148000,11.3,0,5,0.45,0.21,0,0,81,1,0,16,False,True,0,0,53,40,30,3.9,AI is off,AI is off,AI is off,AI is off,Not paired,AI is off,0,0,0
1150000,11.3,0,5,0.44,0.21,0,0,81,1,0,16,False,True,0,0,54,40,32,3.9,AI is off,AI is off,AI is off,AI is off,Not paired,AI is off,0,0,0
1152000,11.2,0,5,0.44,0.21,0,0,85,1,0,16,False,True,0,0,57,45,35,3.9,AI is off,AI is off,AI is off,AI is off,Not paired,AI is off,0,0,0
1154000,11.1,0,5,0.44,0.21,0,0,85,1,0,16,False,True,0,0,55,43,34,3.9,AI is off,AI is off,AI is off,AI is off,Not paired,AI is off,0,0,0
1156000,10.9,0,5,0.44,0.21,0,0,85,1,0,16,False,True,0,0,57,46,36,3.9,AI is off,AI is off,AI is off,AI is off,Not paired,AI is off,0,0,0
1158000,10.5,0,5,0.43,0.21,0,0,85,1,0,16,False,True,0,0,57,45,35,3.9,AI is off,AI is off,AI is off,AI is off,Not paired,AI is off,0,0,0
1160000,10.2,0,5,0.42,0.21,0,0,85,1,0,16,False,True,0,0,54,42,33,3.9,AI is off,AI is off,AI is off,AI is off,Not paired,AI is off,0,0,0
1162000,9.900001,0,5,0.42,0.21,0,0,85,1,0,16,False,True,0,0,54,40,31,3.9,AI is off,AI is off,AI is off,AI is off,Not paired,AI is off,0,0,0
1164000,9.400001,0,4,0.4,0.21,0,0,99,1,0,16,False,True,0,0,55,44,35,3.9,AI is off,AI is off,AI is off,AI is off,Not paired,AI is off,0,0,0
1166000,9,0,4,0.4,0.21,0,0,99,1,0,17,False,True,0,0,56,44,34,3.9,AI is off,AI is off,AI is off,AI is off,Not paired,AI is off,0,0,0
1168000,8.900001,0,4,0.39,0.21,0,0,99,1,0,17,False,True,0,0,54,39,31,3.9,AI is off,AI is off,AI is off,AI is off,Not paired,AI is off,0,0,0
1170000,8.7,0,4,0.39,0.21,0,0,99,1,0,17,False,True,0,0,56,42,31,3.9,AI is off,AI is off,AI is off,AI is off,Not paired,AI is off,0,0,0
1172000,8.7,0,4,0.39,0.21,0,0,99,1,0,17,False,True,0,0,54,41,32,3.9,AI is off,AI is off,AI is off,AI is off,Not paired,AI is off,0,0,0
1174000,8.6,0,4,0.39,0.21,0,0,99,1,0,17,False,True,0,0,54,40,31,3.9,AI is off,AI is off,AI is off,AI is off,Not paired,AI is off,0,0,0
1176000,8.1,0,4,0.38,0.21,0,0,99,1,0,17,False,True,0,0,54,40,30,3.9,AI is off,AI is off,AI is off,AI is off,Not paired,AI is off,0,0,0
1178000,7.8,0,4,0.37,0.21,0,0,99,1,0,17,False,True,0,0,57,45,35,3.9,AI is off,AI is off,AI is off,AI is off,Not paired,AI is off,0,0,0
1180000,7.5,0,4,0.37,0.21,0,0,99,1,0,17,False,True,0,0,56,45,36,3.9,AI is off,AI is off,AI is off,AI is off,Not paired,AI is off,0,0,0
1182000,7.1,0,4,0.36,0.21,0,0,99,1,0,17,False,True,0,0,55,45,35,3.9,AI is off,AI is off,AI is off,AI is off,Not paired,AI is off,0,0,0
1184000,6.6,0,4,0.35,0.21,0,0,99,1,0,17,False,True,0,0,57,45,34,3.9,AI is off,AI is off,AI is off,AI is off,Not paired,AI is off,0,0,0
1186000,6,0,4,0.33,0.21,0,0,99,1,0,17,False,True,0,0,55,41,30,3.9,AI is off,AI is off,AI is off,AI is off,Not paired,AI is off,0,0,0
1188000,5.7,0,4,0.33,0.21,0,0,99,1,0,18,False,True,0,0,57,45,34,3.9,AI is off,AI is off,AI is off,AI is off,Not paired,AI is off,0,0,0
1190000,5.6,0,4,0.33,0.21,0,0,99,1,0,18,False,True,0,0,56,43,32,3.9,AI is off,AI is off,AI is off,AI is off,Not paired,AI is off,0,0,0
1192000,5.8,0,4,0.33,0.21,0,0,99,1,0,18,False,True,0,0,56,45,34,3.9,AI is off,AI is off,AI is off,AI is off,Not paired,AI is off,0,0,0
1194000,5.6,0,4,0.33,0.21,0,0,99,1,0,18,False,True,0,0,56,44,35,3.9,AI is off,AI is off,AI is off,AI is off,Not paired,AI is off,0,0,0
1196000,5.2,0,4,0.32,0.21,0,0,99,1,0,18,False,True,0,0,56,44,33,3.9,AI is off,AI is off,AI is off,AI is off,Not paired,AI is off,0,0,0
1198000,5.1,0,4,0.32,0.21,0,0,99,1,0,18,False,True,0,0,59,46,34,3.9,AI is off,AI is off,AI is off,AI is off,Not paired,AI is off,0,0,0
1200000,5.3,0,4,0.32,0.21,0,0,99,1,0,18,False,True,0,0,55,42,32,3.9,AI is off,AI is off,AI is off,AI is off,Not paired,AI is off,0,0,0
1202000,5.4,0,4,0.32,0.21,0,0,99,1,0,18,False,True,0,0,55,42,30,3.9,AI is off,AI is off,AI is off,AI is off,Not paired,AI is off,0,0,0
1204000,5.3,0,4,0.32,0.21,0,0,99,1,0,19,False,True,0,0,57,45,34,3.9,AI is off,AI is off,AI is off,AI is off,Not paired,AI is off,0,0,0
1206000,5.4,0,4,0.32,0.21,0,0,99,1,0,19,False,True,0,0,59,45,36,3.9,AI is off,AI is off,AI is off,AI is off,Not paired,AI is off,0,0,0
1208000,5.6,0,4,0.33,0.21,0,0,99,1,0,19,False,True,0,0,58,44,34,3.9,AI is off,AI is off,AI is off,AI is off,Not paired,AI is off,0,0,0
1210000,5.7,0,4,0.33,0.21,0,0,99,1,0,19,False,True,0,0,57,44,34,3.9,AI is off,AI is off,AI is off,AI is off,Not paired,AI is off,0,0,0
1212000,5.7,0,4,0.33,0.21,0,0,99,1,0,19,False,True,0,0,54,40,30,3.9,AI is off,AI is off,AI is off,AI is off,Not paired,AI is off,0,0,0
1214000,5.6,0,4,0.33,0.21,0,0,99,1,0,19,False,True,0,0,56,43,34,3.9,AI is off,AI is off,AI is off,AI is off,Not paired,AI is off,0,0,0
1216000,5.5,0,4,0.32,0.21,0,0,99,1,0,19,False,True,0,0,53,40,30,3.9,AI is off,AI is off,AI is off,AI is off,Not paired,AI is off,0,0,0
1218000,5.4,0,4,0.32,0.21,0,0,99,1,0,19,False,True,0,0,54,39,32,3.9,AI is off,AI is off,AI is off,AI is off,Not paired,AI is off,0,0,0
1220000,5.4,0,3,0.32,0.21,0,0,99,1,0,19,False,True,0,0,56,44,35,3.9,AI is off,AI is off,AI is off,AI is off,Not paired,AI is off,0,0,0
1222000,5.2,0,3,0.32,0.21,0,0,99,1,0,19,False,True,0,0,59,48,36,3.9,AI is off,AI is off,AI is off,AI is off,Not paired,AI is off,0,0,0
1224000,5.3,0,3,0.32,0.21,0,0,99,1,0,19,False,True,0,0,54,40,31,3.9,AI is off,AI is off,AI is off,AI is off,Not paired,AI is off,0,0,0
1226000,5.1,0,3,0.32,0.21,0,0,99,1,0,19,False,True,0,0,54,40,30,3.9,AI is off,AI is off,AI is off,AI is off,Not paired,AI is off,0,0,0
1228000,5.3,0,3,0.32,0.21,0,0,99,1,0,20,False,True,0,0,58,44,35,3.9,AI is off,AI is off,AI is off,AI is off,Not paired,AI is off,0,0,0
1230000,5.2,0,3,0.32,0.21,0,0,99,1,0,20,False,True,0,0,58,44,35,3.9,AI is off,AI is off,AI is off,AI is off,Not paired,AI is off,0,0,0
1232000,5.1,0,3,0.32,0.21,0,0,99,1,0,20,False,True,0,0,56,42,32,3.9,AI is off,AI is off,AI is off,AI is off,Not paired,AI is off,0,0,0
1234000,5.2,0,3,0.32,0.21,0,0,99,1,0,20,False,True,0,0,56,43,32,3.9,AI is off,AI is off,AI is off,AI is off,Not paired,AI is off,0,0,0
1236000,5.1,0,3,0.31,0.21,0,0,99,1,0,20,False,True,0,0,54,40,30,3.9,AI is off,AI is off,AI is off,AI is off,Not paired,AI is off,0,0,0
1238000,5.2,0,3,0.32,0.21,0,0,99,1,0,20,False,True,0,0,56,43,33,3.9,AI is off,AI is off,AI is off,AI is off,Not paired,AI is off,0,0,0
1240000,5,0,3,0.31,0.21,0,0,99,1,0,20,False,True,0,0,58,45,36,3.9,AI is off,AI is off,AI is off,AI is off,Not paired,AI is off,0,0,0
1242000,5,0,3,0.31,0.21,0,0,99,1,0,20,False,True,0,0,56,43,33,3.9,AI is off,AI is off,AI is off,AI is off,Not paired,AI is off,0,0,0
1244000,4.8,0,3,0.31,0.21,0,0,99,1,0,20,False,True,0,0,54,39,31,3.9,AI is off,AI is off,AI is off,AI is off,Not paired,AI is off,0,0,0
1246000,4.7,0,3,0.31,0.21,0,0,99,1,0,20,False,True,0,0,55,41,31,3.9,AI is off,AI is off,AI is off,AI is off,Not paired,AI is off,0,0,0
1248000,4.8,0,3,0.31,0.21,0,0,99,1,0,20,False,True,0,0,57,44,34,3.9,AI is off,AI is off,AI is off,AI is off,Not paired,AI is off,0,0,0
1250000,4.9,0,3,0.31,0.21,0,0,99,1,0,20,False,True,0,0,54,42,32,3.9,AI is off,AI is off,AI is off,AI is off,Not paired,AI is off,0,0,0
1252000,5,0,3,0.31,0.21,0,0,99,1,0,20,False,True,0,0,54,41,31,3.9,AI is off,AI is off,AI is off,AI is off,Not paired,AI is off,0,0,0
1254000,5.1,0,3,0.32,0.21,0,0,99,1,0,20,False,True,0,0,53,39,30,3.9,AI is off,AI is off,AI is off,AI is off,Not paired,AI is off,0,0,0
1256000,5.3,0,3,0.32,0.21,0,0,99,1,0,20,False,True,0,0,56,45,35,3.9,AI is off,AI is off,AI is off,AI is off,Not paired,AI is off,0,0,0
1258000,5.4,0,3,0.32,0.21,0,0,99,1,0,21,False,True,0,0,56,44,34,3.9,AI is off,AI is off,AI is off,AI is off,Not paired,AI is off,0,0,0
1260000,5.5,0,3,0.32,0.21,0,0,99,1,0,21,False,True,0,0,56,45,35,3.9,AI is off,AI is off,AI is off,AI is off,Not paired,AI is off,0,0,0
1262000,5.7,0,3,0.33,0.21,0,0,99,1,0,21,False,True,0,0,56,45,35,3.9,AI is off,AI is off,AI is off,AI is off,Not paired,AI is off,0,0,0
1264000,5.6,0,3,0.33,0.21,0,0,99,1,0,21,False,True,0,0,56,42,31,3.9,AI is off,AI is off,AI is off,AI is off,Not paired,AI is off,0,0,0
1266000,5.5,0,3,0.32,0.21,0,0,99,1,0,21,False,True,0,0,56,42,30,3.9,AI is off,AI is off,AI is off,AI is off,Not paired,AI is off,0,0,0
1268000,5.5,0,3,0.32,0.21,0,0,99,1,0,21,False,True,0,0,54,41,30,3.9,AI is off,AI is off,AI is off,AI is off,Not paired,AI is off,0,0,0
1270000,5.6,0,3,0.32,0.21,0,0,99,1,0,21,False,True,0,0,56,43,32,3.9,AI is off,AI is off,AI is off,AI is off,Not paired,AI is off,0,0,0
1272000,5.8,0,3,0.33,0.21,0,0,99,1,0,21,False,True,0,0,54,40,30,3.9,AI is off,AI is off,AI is off,AI is off,Not paired,AI is off,0,0,0
1274000,5.8,0,3,0.33,0.21,0,0,99,1,0,21,False,True,0,0,56,42,32,3.9,AI is off,AI is off,AI is off,AI is off,Not paired,AI is off,0,0,0
1276000,6.2,0,3,0.34,0.21,0,0,99,1,0,21,False,True,0,0,55,44,34,3.9,AI is off,AI is off,AI is off,AI is off,Not paired,AI is off,0,0,0
1278000,6.5,0,3,0.35,0.21,0,0,99,1,0,21,False,True,0,0,56,44,33,3.9,AI is off,AI is off,AI is off,AI is off,Not paired,AI is off,0,0,0
1280000,6.9,0,3,0.35,0.21,0,0,99,1,0,21,False,True,0,0,55,43,33,3.9,AI is off,AI is off,AI is off,AI is off,Not paired,AI is off,0,0,0
1282000,7.1,0,3,0.36,0.21,0,0,99,1,0,21,False,True,0,0,56,44,34,3.9,AI is off,AI is off,AI is off,AI is off,Not paired,AI is off,0,0,0
1284000,7.3,0,3,0.36,0.21,0,0,99,1,0,21,False,True,0,0,54,41,31,3.9,AI is off,AI is off,AI is off,AI is off,Not paired,AI is off,0,0,0
1286000,7.4,0,3,0.36,0.21,0,0,99,1,0,21,False,True,0,0,56,44,35,3.9,AI is off,AI is off,AI is off,AI is off,Not paired,AI is off,0,0,0
1288000,7.4,0,3,0.36,0.21,0,0,99,1,0,21,False,True,0,0,56,44,35,3.9,AI is off,AI is off,AI is off,AI is off,Not paired,AI is off,0,0,0
1290000,7.5,0,3,0.37,0.21,0,0,99,1,0,21,False,True,0,0,56,44,34,3.9,AI is off,AI is off,AI is off,AI is off,Not paired,AI is off,0,0,0
1292000,7.4,0,3,0.36,0.21,0,0,99,1,0,21,False,True,0,0,56,44,34,3.9,AI is off,AI is off,AI is off,AI is off,Not paired,AI is off,0,0,0
1294000,7.5,0,3,0.37,0.21,0,0,99,1,0,21,False,True,0,0,56,44,34,3.9,AI is off,AI is off,AI is off,AI is off,Not paired,AI is off,0,0,0
1296000,7.6,0,2,0.37,0.21,0,0,99,1,0,21,False,True,0,0,53,40,29,3.9,AI is off,AI is off,AI is off,AI is off,Not paired,AI is off,0,0,0
1298000,7.7,0,2,0.37,0.21,0,0,99,1,0,21,False,True,0,0,58,43,32,3.9,AI is off,AI is off,AI is off,AI is off,Not paired,AI is off,0,0,0
1300000,7.7,0,2,0.37,0.21,0,0,99,1,0,21,False,True,0,0,58,45,33,3.9,AI is off,AI is off,AI is off,AI is off,Not paired,AI is off,0,0,0
1302000,7.6,0,2,0.37,0.21,0,0,99,1,0,21,False,True,0,0,59,46,33,3.9,AI is off,AI is off,AI is off,AI is off,Not paired,AI is off,0,0,0
1304000,7.8,0,2,0.37,0.21,0,0,99,1,0,21,False,True,0,0,55,43,34,3.9,AI is off,AI is off,AI is off,AI is off,Not paired,AI is off,0,0,0
1306000,7.8,0,2,0.37,0.21,0,0,99,1,0,21,False,True,0,0,56,44,34,3.9,AI is off,AI is off,AI is off,AI is off,Not paired,AI is off,0,0,0
1308000,7.8,0,2,0.37,0.21,0,0,99,1,0,21,False,True,0,0,55,40,31,3.9,AI is off,AI is off,AI is off,AI is off,Not paired,AI is off,0,0,0
1310000,7.9,0,2,0.37,0.21,0,0,99,1,0,21,False,True,0,0,55,44,34,3.9,AI is off,AI is off,AI is off,AI is off,Not paired,AI is off,0,0,0
1312000,8,0,2,0.38,0.21,0,0,99,1,0,21,False,True,0,0,55,44,33,3.9,AI is off,AI is off,AI is off,AI is off,Not paired,AI is off,0,0,0
1314000,8.1,0,2,0.38,0.21,0,0,99,1,0,21,False,True,0,0,55,44,33,3.9,AI is off,AI is off,AI is off,AI is off,Not paired,AI is off,0,0,0
1316000,8.2,0,2,0.38,0.21,0,0,99,1,0,21,False,True,0,0,55,44,34,3.9,AI is off,AI is off,AI is off,AI is off,Not paired,AI is off,0,0,0
1318000,8.1,0,2,0.38,0.21,0,0,99,1,0,21,False,True,0,0,55,45,35,3.9,AI is off,AI is off,AI is off,AI is off,Not paired,AI is off,0,0,0
1320000,8.1,0,2,0.38,0.21,0,0,99,1,0,22,False,True,0,0,55,45,34,3.9,AI is off,AI is off,AI is off,AI is off,Not paired,AI is off,0,0,0
1322000,8,0,2,0.38,0.21,0,0,99,1,0,22,False,True,0,0,59,44,34,3.9,AI is off,AI is off,AI is off,AI is off,Not paired,AI is off,0,0,0
1324000,7.8,0,2,0.37,0.21,0,0,99,1,0,22,False,True,0,0,58,45,35,3.9,AI is off,AI is off,AI is off,AI is off,Not paired,AI is off,0,0,0
1326000,7.6,0,2,0.37,0.21,0,0,99,1,0,22,False,True,0,0,58,46,34,3.9,AI is off,AI is off,AI is off,AI is off,Not paired,AI is off,0,0,0
1328000,7.5,0,2,0.37,0.21,0,0,99,1,0,22,False,True,0,0,57,44,34,3.9,AI is off,AI is off,AI is off,AI is off,Not paired,AI is off,0,0,0
1330000,7.6,0,2,0.37,0.21,0,0,99,1,0,22,False,True,0,0,55,41,32,3.9,AI is off,AI is off,AI is off,AI is off,Not paired,AI is off,0,0,0
1332000,7.6,0,2,0.37,0.21,0,0,99,1,0,22,False,True,0,0,54,40,32,3.9,AI is off,AI is off,AI is off,AI is off,Not paired,AI is off,0,0,0
1334000,7.6,0,2,0.37,0.21,0,0,99,1,0,22,False,True,0,0,57,45,34,3.9,AI is off,AI is off,AI is off,AI is off,Not paired,AI is off,0,0,0
1336000,7.6,0,2,0.37,0.21,0,0,99,1,0,22,False,True,0,0,54,39,30,3.9,AI is off,AI is off,AI is off,AI is off,Not paired,AI is off,0,0,0
1338000,7.6,0,2,0.37,0.21,0,0,99,1,0,22,False,True,0,0,56,44,33,3.9,AI is off,AI is off,AI is off,AI is off,Not paired,AI is off,0,0,0
1340000,7.6,0,2,0.37,0.21,0,0,99,1,0,22,False,True,0,0,56,44,33,3.9,AI is off,AI is off,AI is off,AI is off,Not paired,AI is off,0,0,0
1342000,7.4,0,2,0.36,0.21,0,0,99,1,0,22,False,True,0,0,56,44,33,3.9,AI is off,AI is off,AI is off,AI is off,Not paired,AI is off,0,0,0
1344000,7.2,0,2,0.36,0.21,0,0,99,1,0,22,False,True,0,0,55,43,33,3.9,AI is off,AI is off,AI is off,AI is off,Not paired,AI is off,0,0,0
1346000,6.8,0,2,0.35,0.21,0,0,99,1,0,22,False,True,0,0,54,41,30,3.9,AI is off,AI is off,AI is off,AI is off,Not paired,AI is off,0,0,0
1348000,6.4,0,2,0.34,0.21,0,0,99,1,0,22,False,True,0,0,55,42,31,3.9,AI is off,AI is off,AI is off,AI is off,Not paired,AI is off,0,0,0
1350000,6.2,0,2,0.34,0.21,0,0,99,1,0,22,False,True,0,0,57,44,34,3.9,AI is off,AI is off,AI is off,AI is off,Not paired,AI is off,0,0,0
1352000,6.1,0,1,0.34,0.21,0,0,99,1,0,22,False,True,0,0,57,45,34,3.9,AI is off,AI is off,AI is off,AI is off,Not paired,AI is off,0,0,0
1354000,6.1,0,1,0.34,0.21,0,0,99,1,0,22,False,True,0,0,56,43,33,3.9,AI is off,AI is off,AI is off,AI is off,Not paired,AI is off,0,0,0
1356000,6,0,1,0.33,0.21,0,0,99,1,0,22,False,True,0,0,56,42,31,3.9,AI is off,AI is off,AI is off,AI is off,Not paired,AI is off,0,0,0
1358000,5.9,0,1,0.33,0.21,0,0,99,1,0,22,False,True,0,0,58,46,33,3.9,AI is off,AI is off,AI is off,AI is off,Not paired,AI is off,0,0,0
1360000,5.7,0,1,0.33,0.21,0,0,99,1,0,22,False,True,0,0,56,44,33,3.9,AI is off,AI is off,AI is off,AI is off,Not paired,AI is off,0,0,0
1362000,5.8,0,1,0.33,0.21,0,0,99,1,0,22,False,True,0,0,55,41,30,3.9,AI is off,AI is off,AI is off,AI is off,Not paired,AI is off,0,0,0
1364000,5.7,0,1,0.33,0.21,0,0,99,1,0,22,False,True,0,0,54,41,30,3.9,AI is off,AI is off,AI is off,AI is off,Not paired,AI is off,0,0,0
1366000,5.5,0,1,0.32,0.21,0,0,99,1,0,22,False,True,0,0,58,46,35,3.9,AI is off,AI is off,AI is off,AI is off,Not paired,AI is off,0,0,0
1368000,5.3,0,1,0.32,0.21,0,0,99,1,0,22,False,True,0,0,53,42,32,3.9,AI is off,AI is off,AI is off,AI is off,Not paired,AI is off,0,0,0
1370000,5.1,0,1,0.32,0.21,0,0,99,1,0,22,False,True,0,0,58,46,34,3.9,AI is off,AI is off,AI is off,AI is off,Not paired,AI is off,0,0,0
1372000,5.1,0,1,0.32,0.21,0,0,99,1,0,22,False,True,0,0,56,42,32,3.9,AI is off,AI is off,AI is off,AI is off,Not paired,AI is off,0,0,0
1374000,5.1,0,1,0.31,0.21,0,0,99,1,0,22,False,True,0,0,56,43,32,3.9,AI is off,AI is off,AI is off,AI is off,Not paired,AI is off,0,0,0
1376000,5,0,1,0.31,0.21,0,0,99,1,0,22,False,True,0,0,55,41,32,3.9,AI is off,AI is off,AI is off,AI is off,Not paired,AI is off,0,0,0
1378000,4.9,0,1,0.31,0.21,0,0,99,1,0,22,False,True,0,0,55,42,30,3.9,AI is off,AI is off,AI is off,AI is off,Not paired,AI is off,0,0,0
1380000,4.7,0,1,0.31,0.21,0,0,99,1,0,22,False,True,0,0,59,46,34,3.9,AI is off,AI is off,AI is off,AI is off,Not paired,AI is off,0,0,0
1382000,4.7,0,1,0.31,0.21,0,0,99,1,0,22,False,True,0,0,56,43,33,3.9,AI is off,AI is off,AI is off,AI is off,Not paired,AI is off,0,0,0
1384000,4.9,0,1,0.31,0.21,0,0,99,1,0,22,False,True,0,0,54,41,31,3.9,AI is off,AI is off,AI is off,AI is off,Not paired,AI is off,0,0,0
1386000,4.7,0,1,0.31,0.21,0,0,99,1,0,22,False,True,0,0,57,45,33,3.9,AI is off,AI is off,AI is off,AI is off,Not paired,AI is off,0,0,0
1388000,4.5,0,1,0.3,0.21,0,0,99,1,0,22,False,True,0,0,60,47,36,3.9,AI is off,AI is off,AI is off,AI is off,Not paired,AI is off,0,0,0
1390000,4.4,0,1,0.3,0.21,0,0,99,1,0,22,False,True,0,0,58,45,35,3.9,AI is off,AI is off,AI is off,AI is off,Not paired,AI is off,0,0,0
1392000,4.3,0,1,0.3,0.21,0,0,99,1,0,22,False,True,0,0,59,44,33,3.9,AI is off,AI is off,AI is off,AI is off,Not paired,AI is off,0,0,0
1394000,4.2,0,1,0.3,0.21,0,0,99,1,0,22,False,True,0,0,60,45,35,3.9,AI is off,AI is off,AI is off,AI is off,Not paired,AI is off,0,0,0
1396000,4,0,1,0.29,0.21,0,0,99,1,0,22,False,True,0,0,60,47,35,3.9,AI is off,AI is off,AI is off,AI is off,Not paired,AI is off,0,0,0
1398000,3.9,0,1,0.29,0.21,0,0,99,1,0,22,False,True,0,0,58,42,33,3.9,AI is off,AI is off,AI is off,AI is off,Not paired,AI is off,0,0,0
1400000,3.9,0,1,0.29,0.21,0,0,99,1,0,22,False,True,0,0,54,40,30,3.9,AI is off,AI is off,AI is off,AI is off,Not paired,AI is off,0,0,0
1402000,3.8,0,1,0.29,0.21,0,0,99,1,0,22,False,True,0,0,56,44,32,3.9,AI is off,AI is off,AI is off,AI is off,Not paired,AI is off,0,0,0
1404000,3.6,0,1,0.28,0.21,0,0,99,1,0,22,False,True,0,0,55,42,31,3.9,AI is off,AI is off,AI is off,AI is off,Not paired,AI is off,0,0,0
1406000,3.4,0,1,0.28,0.21,0,0,99,1,0,22,False,True,0,0,58,44,33,3.9,AI is off,AI is off,AI is off,AI is off,Not paired,AI is off,0,0,0
1408000,3.2,0,1,0.27,0.21,0,0,99,1,0,22,False,True,0,0,58,44,34,3.9,AI is off,AI is off,AI is off,AI is off,Not paired,AI is off,0,0,0
1410000,2.9,0,1,0.27,0.21,0,0,99,1,0,22,False,True,0,0,58,45,33,3.9,AI is off,AI is off,AI is off,AI is off,Not paired,AI is off,0,0,0
1412000,2.6,0,1,0.26,0.21,0,0,99,1,0,23,False,True,0,0,59,44,33,3.9,AI is off,AI is off,AI is off,AI is off,Not paired,AI is off,0,0,0
1414000,2.2,0,1,0.26,0.21,0,0,99,1,0,23,False,True,0,0,58,44,32,3.9,AI is off,AI is off,AI is off,AI is off,Not paired,AI is off,0,0,0
1416000,1.8,0,1,0.25,0.21,0,0,99,1,0,23,False,True,0,0,57,44,32,3.9,AI is off,AI is off,AI is off,AI is off,Not paired,AI is off,0,0,0
1418000,1.6,0,1,0.24,0.21,0,0,99,1,0,23,False,True,0,0,59,47,37,3.9,AI is off,AI is off,AI is off,AI is off,Not paired,AI is off,0,0,0
1420000,1.8,0,1,0.25,0.21,0,0,99,1,0,23,False,True,0,0,58,45,33,3.9,AI is off,AI is off,AI is off,AI is off,Not paired,AI is off,0,0,0
1422000,2,0,1,0.25,0.21,0,0,99,1,0,23,False,True,0,0,58,45,34,3.9,AI is off,AI is off,AI is off,AI is off,Not paired,AI is off,0,0,0
1424000,2.5,0,1,0.26,0.21,0,0,99,1,0,23,False,True,0,0,54,40,30,3.9,AI is off,AI is off,AI is off,AI is off,Not paired,AI is off,0,0,0
1426000,2.8,0,1,0.27,0.21,0,0,99,1,0,23,False,True,0,0,53,39,30,3.9,AI is off,AI is off,AI is off,AI is off,Not paired,AI is off,0,0,0
1428000,2.7,0,1,0.27,0.21,0,0,99,1,0,23,False,True,0,0,53,41,31,3.9,AI is off,AI is off,AI is off,AI is off,Not paired,AI is off,0,0,0
1430000,2.7,0,1,0.27,0.21,0,0,99,1,0,23,False,True,0,0,55,43,33,3.9,AI is off,AI is off,AI is off,AI is off,Not paired,AI is off,0,0,0
1432000,2.6,0,1,0.26,0.21,0,0,99,1,0,23,False,True,0,0,55,44,34,3.9,AI is off,AI is off,AI is off,AI is off,Not paired,AI is off,0,0,0
1434000,2.5,0,1,0.26,0.21,0,0,99,1,0,23,False,True,0,0,54,42,31,3.9,AI is off,AI is off,AI is off,AI is off,Not paired,AI is off,0,0,0
1436000,2.2,0,1,0.25,0.21,0,0,99,1,0,23,False,True,0,0,59,45,33,3.9,AI is off,AI is off,AI is off,AI is off,Not paired,AI is off,0,0,0
1438000,1.9,0,1,0.25,0.21,0,0,99,1,0,23,False,True,0,0,55,41,30,3.9,AI is off,AI is off,AI is off,AI is off,Not paired,AI is off,0,0,0
1440000,1.7,0,1,0.24,0.21,0,0,99,1,0,23,False,True,0,0,59,43,32,3.9,AI is off,AI is off,AI is off,AI is off,Not paired,AI is off,0,0,0
1442000,1.5,0,1,0.24,0.21,0,0,99,1,0,23,False,True,0,0,53,40,29,3.9,AI is off,AI is off,AI is off,AI is off,Not paired,AI is off,0,0,0
1444000,1.4,0,1,0.24,0.21,0,0,99,1,0,23,False,True,0,0,55,42,31,3.9,AI is off,AI is off,AI is off,AI is off,Not paired,AI is off,0,0,0
1446000,1.4,0,1,0.24,0.21,0,0,99,1,0,23,False,True,0,0,56,44,33,3.9,AI is off,AI is off,AI is off,AI is off,Not paired,AI is off,0,0,0
1448000,1.4,0,1,0.24,0.21,0,0,99,1,0,23,False,True,0,0,56,43,30,3.9,AI is off,AI is off,AI is off,AI is off,Not paired,AI is off,0,0,0
1450000,1.5,0,1,0.24,0.21,0,0,99,1,0,23,False,True,0,0,58,44,33,3.9,AI is off,AI is off,AI is off,AI is off,Not paired,AI is off,0,0,0
1452000,1.5,0,1,0.24,0.21,0,0,99,1,0,23,False,True,0,0,60,45,34,3.9,AI is off,AI is off,AI is off,AI is off,Not paired,AI is off,0,0,0
1454000,1.6,0,1,0.24,0.21,0,0,99,1,0,23,False,True,0,0,62,47,34,3.9,AI is off,AI is off,AI is off,AI is off,Not paired,AI is off,0,0,0
1456000,1.7,0,1,0.24,0.21,0,0,99,1,0,23,False,True,0,0,61,47,35,3.9,AI is off,AI is off,AI is off,AI is off,Not paired,AI is off,0,0,0
1458000,1.7,0,1,0.24,0.21,0,0,99,1,0,23,False,True,0,0,58,43,33,3.9,AI is off,AI is off,AI is off,AI is off,Not paired,AI is off,0,0,0
1460000,1.7,0,1,0.24,0.21,0,0,99,1,0,23,False,True,0,0,65,49,37,3.9,AI is off,AI is off,AI is off,AI is off,Not paired,AI is off,0,0,0
1462000,1.7,0,1,0.24,0.21,0,0,99,1,0,24,False,True,0,0,64,49,36,3.9,AI is off,AI is off,AI is off,AI is off,Not paired,AI is off,0,0,0
1464000,1.6,0,1,0.24,0.21,0,0,99,1,0,24,False,True,0,0,63,47,35,3.9,AI is off,AI is off,AI is off,AI is off,Not paired,AI is off,0,0,0
1466000,1.6,0,1,0.24,0.21,0,0,99,1,0,24,False,True,0,0,63,49,36,3.9,AI is off,AI is off,AI is off,AI is off,Not paired,AI is off,0,0,0
1468000,1.8,0,1,0.25,0.21,0,0,99,1,0,24,False,True,0,0,53,39,27,3.9,AI is off,AI is off,AI is off,AI is off,Not paired,AI is off,0,0,0
1470000,1.8,0,1,0.25,0.21,0,0,99,1,0,24,False,True,0,0,53,39,30,3.9,AI is off,AI is off,AI is off,AI is off,Not paired,AI is off,0,0,0
1472000,1.7,0,1,0.24,0.21,0,0,99,1,0,24,False,True,0,0,55,42,32,3.9,AI is off,AI is off,AI is off,AI is off,Not paired,AI is off,0,0,0
1474000,1.6,0,1,0.24,0.21,0,0,99,1,0,24,False,True,0,0,54,40,29,3.9,AI is off,AI is off,AI is off,AI is off,Not paired,AI is off,0,0,0
1476000,1.4,0,1,0.24,0.21,0,0,99,1,0,24,False,True,0,0,61,47,36,3.9,AI is off,AI is off,AI is off,AI is off,Not paired,AI is off,0,0,0
1478000,1.1,0,1,0.23,0.21,0,0,99,1,0,24,False,True,0,0,62,48,35,3.9,AI is off,AI is off,AI is off,AI is off,Not paired,AI is off,0,0,0
1480000,1.1,0,1,0.23,0.21,0,0,99,1,0,24,False,True,0,0,54,41,31,3.9,AI is off,AI is off,AI is off,AI is off,Not paired,AI is off,0,0,0
1482000,0,0,1,0.23,0.21,0,0,99,1,0,24,False,True,0,0,58,43,32,3.9,AI is off,AI is off,AI is off,AI is off,Not paired,AI is off,0,0,0
1484000,0,0,1,0.22,0.21,0,0,99,1,0,24,False,True,0,0,53,41,30,3.9,AI is off,AI is off,AI is off,AI is off,Not paired,AI is off,0,0,0
1486000,0,0,1,0.22,0.21,0,0,99,1,0,24,False,True,0,0,54,42,31,3.9,AI is off,AI is off,AI is off,AI is off,Not paired,AI is off,0,0,0
1488000,0,0,0,0.21,0.21,0,0,99,1,0,24,False,True,0,0,57,44,32,3.9,AI is off,AI is off,AI is off,AI is off,Not paired,AI is off,0,0,0
1490000,0,0,0,0.22,0.21,0,0,99,1,0,24,False,True,0,0,54,41,30,3.9,AI is off,AI is off,AI is off,AI is off,Not paired,AI is off,0,0,0
1492000,0,0,0,0.22,0.21,0,0,99,1,0,24,False,True,0,0,53,42,31,3.9,AI is off,AI is off,AI is off,AI is off,Not paired,AI is off,0,0,0
1494000,0,0,0,0.22,0.21,0,0,99,1,0,24,False,True,0,0,54,42,31,3.9,AI is off,AI is off,AI is off,AI is off,Not paired,AI is off,0,0,0
1496000,0,0,0,0.21,0.21,0,0,99,1,0,24,False,True,0,0,58,45,34,3.9,AI is off,AI is off,AI is off,AI is off,Not paired,AI is off,0,0,0
1498000,0,0,0,0.21,0.21,0,0,99,1,0,24,False,True,0,0,58,44,33,3.9,AI is off,AI is off,AI is off,AI is off,Not paired,AI is off,0,0,0
1500000,0,0,0,0.21,0.21,0,0,99,1,0,24,False,True,0,0,58,44,32,3.9,AI is off,AI is off,AI is off,AI is off,Not paired,AI is off,0,0,0
1502000,0,0,0,0.21,0.21,0,0,99,1,0,24,False,True,0,0,60,45,33,3.9,AI is off,AI is off,AI is off,AI is off,Not paired,AI is off,0,0,0
1504000,0,0,0,0.21,0.21,0,0,99,1,0,24,False,True,0,0,62,48,37,3.9,AI is off,AI is off,AI is off,AI is off,Not paired,AI is off,0,0,0
1506000,0,0,0,0.21,0.21,0,0,99,1,0,24,False,True,0,0,63,49,38,3.9,AI is off,AI is off,AI is off,AI is off,Not paired,AI is off,0,0,0
1508000,0,0,0,0.21,0.21,0,0,99,1,0,24,False,True,0,0,66,50,38,3.9,AI is off,AI is off,AI is off,AI is off,Not paired,AI is off,0,0,0
1510000,0,0,0,0.22,0.21,0,0,99,1,0,24,False,True,0,0,61,46,34,3.9,AI is off,AI is off,AI is off,AI is off,Not paired,AI is off,0,0,0
1512000,0,0,0,0.22,0.21,0,0,99,1,0,24,False,True,0,0,62,48,35,3.9,AI is off,AI is off,AI is off,AI is off,Not paired,AI is off,0,0,0
1514000,0,0,0,0.21,0.21,0,0,99,1,0,24,False,True,0,0,55,42,30,3.9,AI is off,AI is off,AI is off,AI is off,Not paired,AI is off,0,0,0
1516000,0,0,0,0.21,0.21,0,0,99,1,0,24,False,True,0,0,59,45,34,3.9,AI is off,AI is off,AI is off,AI is off,Not paired,AI is off,0,0,0
1518000,0,0,0,0.21,0.21,0,0,99,1,0,24,False,True,0,0,63,48,37,3.9,AI is off,AI is off,AI is off,AI is off,Not paired,AI is off,0,0,0
1520000,0,0,0,0.22,0.21,0,0,99,1,0,24,False,True,0,0,53,41,31,3.9,AI is off,AI is off,AI is off,AI is off,Not paired,AI is off,0,0,0
1522000,0,0,0,0.21,0.21,0,0,99,1,0,24,False,True,0,0,65,50,36,3.9,AI is off,AI is off,AI is off,AI is off,Not paired,AI is off,0,0,0
1524000,0,0,0,0.22,0.21,0,0,99,1,0,24,False,True,0,0,52,41,31,3.9,AI is off,AI is off,AI is off,AI is off,Not paired,AI is off,0,0,0
1526000,0,0,0,0.22,0.21,0,0,99,1,0,24,False,True,0,0,53,42,31,3.9,AI is off,AI is off,AI is off,AI is off,Not paired,AI is off,0,0,0
1528000,0,0,0,0.21,0.21,0,0,99,1,0,24,False,True,0,0,54,41,31,3.9,AI is off,AI is off,AI is off,AI is off,Not paired,AI is off,0,0,0
1530000,0,0,0,0.22,0.21,0,0,99,1,0,24,False,True,0,0,53,41,31,3.9,AI is off,AI is off,AI is off,AI is off,Not paired,AI is off,0,0,0
1532000,0,0,0,0.22,0.21,0,0,99,1,0,24,False,True,0,0,54,40,31,3.9,AI is off,AI is off,AI is off,AI is off,Not paired,AI is off,0,0,0
1534000,0,0,0,0.21,0.21,0,0,99,1,0,25,False,True,0,0,67,51,39,3.9,AI is off,AI is off,AI is off,AI is off,Not paired,AI is off,0,0,0
1536000,0,0,0,0.21,0.21,0,0,99,1,0,25,False,True,0,0,64,50,36,3.9,AI is off,AI is off,AI is off,AI is off,Not paired,AI is off,0,0,0
1538000,0,0,0,0.21,0.21,0,0,99,1,0,25,False,True,0,0,59,45,33,3.9,AI is off,AI is off,AI is off,AI is off,Not paired,AI is off,0,0,0
1540000,0,0,0,0.22,0.21,0,0,99,1,0,25,False,True,0,0,59,44,32,3.9,AI is off,AI is off,AI is off,AI is off,Not paired,AI is off,0,0,0