Dive Number,GF Minimum,GF Maximum,Surface Interval (min),Imperial Units,Start Battery Voltage,Start CNS %,Start Date,Start External O2 Sensor Status,Start Low Set Point,Start High Set Point,Computer Firmware Version,Max Depth,Max Time,Error History,End Battery Voltage,End CNS,End Date,End External O2 Sensor Status,End Low Set Point,End High Set Point,Computer Serial Number,Computer Firmware Version,Computer Model,Log Version,Deco Model,VPM-B Conservatism,Start Surface Pressure,End Surface Pressure,Product
133,40,85,78,False,3.8,0,8/2/2024 12:15:06 PM,False,0,1,86,34.6,1434,,3.8,3,8/2/2024 12:38:55 PM,False,0,1,937B0677,86,2,13,GF,40/85,994,994,Peregrine
Time (ms),Depth,First Stop Depth,Time To Surface (min),Average PPO2,Fraction O2,Fraction He,First Stop Time,Current NDL,Current Circuit Mode,Current CCR Mode,Water Temp,Gas Switch Needed,External PPO2,Set Point Type,Circuit Switch Type,External O2 Sensor 1 (mV),External O2 Sensor 2 (mV),External O2 Sensor 3 (mV),Battery Voltage,Tank 1 pressure (PSI),Tank 2 pressure (PSI),Tank 3 pressure (PSI),Tank 4 pressure (PSI),Gas Time Remaining,SAC Rate (2 minute avg),Ascent Rate,Safe Ascent Depth,CO2mbar
0,3.4,0,1,0.28,0.21,0,0,0,1,0,28,False,True,0,0,51,38,26,3.81,AI is off,AI is off,AI is off,AI is off,Not paired,AI is off,0,0,0
2000,3.5,0,1,0.28,0.21,0,0,0,1,0,28,False,True,0,0,49,35,24,3.81,AI is off,AI is off,AI is off,AI is off,Not paired,AI is off,0,0,0
4000,3.7,0,1,0.28,0.21,0,0,99,1,0,27,False,True,0,0,49,35,24,3.81,AI is off,AI is off,AI is off,AI is off,Not paired,AI is off,0,0,0
6000,3.9,0,1,0.29,0.21,0,0,99,1,0,27,False,True,0,0,51,37,26,3.81,AI is off,AI is off,AI is off,AI is off,Not paired,AI is off,0,0,0
8000,3.8,0,1,0.29,0.21,0,0,99,1,0,27,False,True,0,0,51,37,25,3.81,AI is off,AI is off,AI is off,AI is off,Not paired,AI is off,0,0,0
10000,3.8,0,1,0.28,0.21,0,0,99,1,0,27,False,True,0,0,51,37,26,3.81,AI is off,AI is off,AI is off,AI is off,Not paired,AI is off,0,0,0
12000,4,0,1,0.29,0.21,0,0,99,1,0,27,False,True,0,0,49,35,24,3.81,AI is off,AI is off,AI is off,AI is off,Not paired,AI is off,0,0,0
14000,4,0,1,0.29,0.21,0,0,99,1,0,27,False,True,0,0,51,35,25,3.81,AI is off,AI is off,AI is off,AI is off,Not paired,AI is off,0,0,0
16000,4,0,1,0.29,0.21,0,0,99,1,0,27,False,True,0,0,60,42,29,3.81,AI is off,AI is off,AI is off,AI is off,Not paired,AI is off,0,0,0
18000,4.2,0,1,0.29,0.21,0,0,99,1,0,26,False,True,0,0,52,38,26,3.81,AI is off,AI is off,AI is off,AI is off,Not paired,AI is off,0,0,0
20000,4.4,0,1,0.3,0.21,0,0,99,1,0,26,False,True,0,0,51,38,27,3.81,AI is off,AI is off,AI is off,AI is off,Not paired,AI is off,0,0,0
22000,5,0,1,0.31,0.21,0,0,99,1,0,26,False,True,0,0,49,34,23,3.81,AI is off,AI is off,AI is off,AI is off,Not paired,AI is off,0,0,0
24000,5.4,0,1,0.32,0.21,0,0,99,1,0,26,False,True,0,0,51,37,27,3.81,AI is off,AI is off,AI is off,AI is off,Not paired,AI is off,0,0,0
26000,6,0,1,0.33,0.21,0,0,99,1,0,26,False,True,0,0,51,38,27,3.81,AI is off,AI is off,AI is off,AI is off,Not paired,AI is off,0,0,0
28000,6.3,0,1,0.34,0.21,0,0,99,1,0,26,False,True,0,0,51,38,25,3.81,AI is off,AI is off,AI is off,AI is off,Not paired,AI is off,0,0,0
30000,6.7,0,1,0.34,0.21,0,0,99,1,0,26,False,True,0,0,52,38,28,3.81,AI is off,AI is off,AI is off,AI is off,Not paired,AI is off,0,0,0
32000,6.8,0,1,0.35,0.21,0,0,99,1,0,26,False,True,0,0,52,38,27,3.81,AI is off,AI is off,AI is off,AI is off,Not paired,AI is off,0,0,0
34000,7,0,1,0.35,0.21,0,0,99,1,0,26,False,True,0,0,50,36,26,3.81,AI is off,AI is off,AI is off,AI is off,Not paired,AI is off,0,0,0
36000,7.2,0,1,0.36,0.21,0,0,99,1,0,26,False,True,0,0,51,37,26,3.81,AI is off,AI is off,AI is off,AI is off,Not paired,AI is off,0,0,0
38000,7.3,0,1,0.36,0.21,0,0,99,1,0,26,False,True,0,0,49,36,26,3.81,AI is off,AI is off,AI is off,AI is off,Not paired,AI is off,0,0,0
40000,7.5,0,1,0.36,0.21,0,0,99,1,0,26,False,True,0,0,50,36,26,3.81,AI is off,AI is off,AI is off,AI is off,Not paired,AI is off,0,0,0
42000,7.8,0,1,0.37,0.21,0,0,99,1,0,26,False,True,0,0,51,37,27,3.81,AI is off,AI is off,AI is off,AI is off,Not paired,AI is off,0,0,0
44000,8.1,0,1,0.37,0.21,0,0,99,1,0,26,False,True,0,0,51,38,27,3.81,AI is off,AI is off,AI is off,AI is off,Not paired,AI is off,0,0,0
46000,8.3,0,1,0.38,0.21,0,0,99,1,0,26,False,True,0,0,50,36,26,3.81,AI is off,AI is off,AI is off,AI is off,Not paired,AI is off,0,0,0
48000,8.7,0,1,0.39,0.21,0,0,99,1,0,26,False,True,0,0,52,39,28,3.81,AI is off,AI is off,AI is off,AI is off,Not paired,AI is off,0,0,0
50000,9.1,0,1,0.4,0.21,0,0,99,1,0,26,False,True,0,0,51,37,26,3.81,AI is off,AI is off,AI is off,AI is off,Not paired,AI is off,0,0,0
52000,9.400001,0,1,0.4,0.21,0,0,99,1,0,26,False,True,0,0,51,37,26,3.81,AI is off,AI is off,AI is off,AI is off,Not paired,AI is off,0,0,0
54000,9.7,0,1,0.41,0.21,0,0,99,1,0,25,False,True,0,0,50,36,26,3.81,AI is off,AI is off,AI is off,AI is off,Not paired,AI is off,0,0,0
56000,10.1,0,1,0.42,0.21,0,0,99,1,0,25,False,True,0,0,50,37,25,3.81,AI is off,AI is off,AI is off,AI is off,Not paired,AI is off,0,0,0
58000,10.6,0,1,0.43,0.21,0,0,99,1,0,25,False,True,0,0,52,38,26,3.81,AI is off,AI is off,AI is off,AI is off,Not paired,AI is off,0,0,0
60000,10.9,0,1,0.43,0.21,0,0,99,1,0,25,False,True,0,0,51,38,26,3.81,AI is off,AI is off,AI is off,AI is off,Not paired,AI is off,0,0,0
62000,10.9,0,1,0.43,0.21,0,0,99,1,0,25,False,True,0,0,51,38,28,3.81,AI is off,AI is off,AI is off,AI is off,Not paired,AI is off,0,0,0
64000,11,0,1,0.44,0.21,0,0,99,1,0,25,False,True,0,0,49,35,25,3.81,AI is off,AI is off,AI is off,AI is off,Not paired,AI is off,0,0,0
66000,11,0,5,0.44,0.21,0,0,99,1,0,25,False,True,0,0,50,37,26,3.81,AI is off,AI is off,AI is off,AI is off,Not paired,AI is off,0,0,0
68000,10.6,0,5,0.43,0.21,0,0,99,1,0,25,False,True,0,0,50,37,25,3.81,AI is off,AI is off,AI is off,AI is off,Not paired,AI is off,0,0,0
70000,10.8,0,5,0.43,0.21,0,0,99,1,0,25,False,True,0,0,48,36,24,3.81,AI is off,AI is off,AI is off,AI is off,Not paired,AI is off,0,0,0
72000,11.3,0,5,0.44,0.21,0,0,99,1,0,25,False,True,0,0,50,37,26,3.81,AI is off,AI is off,AI is off,AI is off,Not paired,AI is off,0,0,0
74000,11.8,0,5,0.45,0.21,0,0,99,1,0,24,False,True,0,0,52,37,25,3.81,AI is off,AI is off,AI is off,AI is off,Not paired,AI is off,0,0,0
76000,12.6,0,5,0.47,0.21,0,0,99,1,0,24,False,True,0,0,50,37,27,3.81,AI is off,AI is off,AI is off,AI is off,Not paired,AI is off,0,0,0
78000,13,0,5,0.48,0.21,0,0,99,1,0,24,False,True,0,0,50,37,26,3.81,AI is off,AI is off,AI is off,AI is off,Not paired,AI is off,0,0,0
80000,13.1,0,5,0.48,0.21,0,0,99,1,0,24,False,True,0,0,50,36,25,3.81,AI is off,AI is off,AI is off,AI is off,Not paired,AI is off,0,0,0
82000,13.4,0,5,0.49,0.21,0,0,81,1,0,24,False,True,0,0,50,36,26,3.81,AI is off,AI is off,AI is off,AI is off,Not paired,AI is off,0,0,0
84000,13.6,0,5,0.49,0.21,0,0,81,1,0,24,False,True,0,0,50,37,26,3.81,AI is off,AI is off,AI is off,AI is off,Not paired,AI is off,0,0,0
86000,13.9,0,5,0.5,0.21,0,0,81,1,0,24,False,True,0,0,50,36,26,3.81,AI is off,AI is off,AI is off,AI is off,Not paired,AI is off,0,0,0
88000,14.2,0,5,0.5,0.21,0,0,72,1,0,24,False,True,0,0,50,37,26,3.81,AI is off,AI is off,AI is off,AI is off,Not paired,AI is off,0,0,0
90000,14.5,0,5,0.51,0.21,0,0,72,1,0,23,False,True,0,0,51,37,27,3.81,AI is off,AI is off,AI is off,AI is off,Not paired,AI is off,0,0,0
92000,14,0,5,0.5,0.21,0,0,66,1,0,23,False,True,0,0,51,38,28,3.81,AI is off,AI is off,AI is off,AI is off,Not paired,AI is off,0,0,0
94000,13.9,0,5,0.5,0.21,0,0,66,1,0,23,False,True,0,0,50,37,26,3.81,AI is off,AI is off,AI is off,AI is off,Not paired,AI is off,0,0,0
96000,14.2,0,5,0.5,0.21,0,0,66,1,0,23,False,True,0,0,51,37,27,3.81,AI is off,AI is off,AI is off,AI is off,Not paired,AI is off,0,0,0
98000,14.3,0,5,0.5,0.21,0,0,66,1,0,23,False,True,0,0,51,38,27,3.81,AI is off,AI is off,AI is off,AI is off,Not paired,AI is off,0,0,0
100000,15,0,5,0.52,0.21,0,0,66,1,0,23,False,True,0,0,50,38,26,3.81,AI is off,AI is off,AI is off,AI is off,Not paired,AI is off,0,0,0
102000,15.6,0,5,0.53,0.21,0,0,57,1,0,22,False,True,0,0,51,38,28,3.81,AI is off,AI is off,AI is off,AI is off,Not paired,AI is off,0,0,0
104000,16.1,0,5,0.54,0.21,0,0,57,1,0,22,False,True,0,0,53,38,28,3.81,AI is off,AI is off,AI is off,AI is off,Not paired,AI is off,0,0,0
106000,16.6,0,5,0.55,0.21,0,0,57,1,0,22,False,True,0,0,52,39,27,3.81,AI is off,AI is off,AI is off,AI is off,Not paired,AI is off,0,0,0
108000,17,0,5,0.56,0.21,0,0,49,1,0,22,False,True,0,0,50,38,25,3.81,AI is off,AI is off,AI is off,AI is off,Not paired,AI is off,0,0,0
110000,17.8,0,5,0.57,0.21,0,0,49,1,0,22,False,True,0,0,51,39,29,3.81,AI is off,AI is off,AI is off,AI is off,Not paired,AI is off,0,0,0
112000,18.1,0,5,0.58,0.21,0,0,49,1,0,22,False,True,0,0,50,36,26,3.81,AI is off,AI is off,AI is off,AI is off,Not paired,AI is off,0,0,0
114000,18.5,0,5,0.59,0.21,0,0,49,1,0,21,False,True,0,0,51,38,27,3.81,AI is off,AI is off,AI is off,AI is off,Not paired,AI is off,0,0,0
116000,19,0,5,0.6,0.21,0,0,49,1,0,21,False,True,0,0,51,38,28,3.81,AI is off,AI is off,AI is off,AI is off,Not paired,AI is off,0,0,0
118000,19.3,0,5,0.61,0.21,0,0,34,1,0,21,False,True,0,0,52,38,28,3.81,AI is off,AI is off,AI is off,AI is off,Not paired,AI is off,0,0,0
120000,19.6,0,5,0.61,0.21,0,0,34,1,0,21,False,True,0,0,53,38,29,3.81,AI is off,AI is off,AI is off,AI is off,Not paired,AI is off,0,0,0
122000,20.1,0,5,0.62,0.21,0,0,34,1,0,20,False,True,0,0,51,38,27,3.81,AI is off,AI is off,AI is off,AI is off,Not paired,AI is off,0,0,0
124000,20.4,0,5,0.63,0.21,0,0,31,1,0,20,False,True,0,0,51,37,27,3.81,AI is off,AI is off,AI is off,AI is off,Not paired,AI is off,0,0,0
126000,20.5,0,5,0.63,0.21,0,0,31,1,0,20,False,True,0,0,50,36,26,3.81,AI is off,AI is off,AI is off,AI is off,Not paired,AI is off,0,0,0
128000,20.4,0,5,0.63,0.21,0,0,31,1,0,20,False,True,0,0,51,37,26,3.81,AI is off,AI is off,AI is off,AI is off,Not paired,AI is off,0,0,0
130000,19.9,0,5,0.63,0.21,0,0,31,1,0,20,False,True,0,0,51,38,27,3.81,AI is off,AI is off,AI is off,AI is off,Not paired,AI is off,0,0,0
132000,19.7,0,5,0.62,0.21,0,0,31,1,0,20,False,True,0,0,51,38,26,3.81,AI is off,AI is off,AI is off,AI is off,Not paired,AI is off,0,0,0
134000,19.4,0,5,0.62,0.21,0,0,33,1,0,20,False,True,0,0,50,37,25,3.81,AI is off,AI is off,AI is off,AI is off,Not paired,AI is off,0,0,0
136000,19.2,0,5,0.61,0.21,0,0,33,1,0,19,False,True,0,0,51,38,27,3.81,AI is off,AI is off,AI is off,AI is off,Not paired,AI is off,0,0,0
138000,19.6,0,5,0.61,0.21,0,0,33,1,0,19,False,True,0,0,52,38,28,3.81,AI is off,AI is off,AI is off,AI is off,Not paired,AI is off,0,0,0
140000,19.6,0,5,0.62,0.21,0,0,32,1,0,19,False,True,0,0,52,39,29,3.81,AI is off,AI is off,AI is off,AI is off,Not paired,AI is off,0,0,0
142000,19.8,0,5,0.62,0.21,0,0,32,1,0,19,False,True,0,0,51,39,29,3.81,AI is off,AI is off,AI is off,AI is off,Not paired,AI is off,0,0,0
144000,20.1,0,5,0.62,0.21,0,0,32,1,0,19,False,True,0,0,52,39,29,3.81,AI is off,AI is off,AI is off,AI is off,Not paired,AI is off,0,0,0
146000,20.7,0,5,0.63,0.21,0,0,32,1,0,19,False,True,0,0,51,38,28,3.81,AI is off,AI is off,AI is off,AI is off,Not paired,AI is off,0,0,0
148000,21.3,0,5,0.65,0.21,0,0,32,1,0,19,False,True,0,0,51,38,27,3.81,AI is off,AI is off,AI is off,AI is off,Not paired,AI is off,0,0,0
150000,21.8,0,5,0.66,0.21,0,0,32,1,0,19,False,True,0,0,51,37,26,3.81,AI is off,AI is off,AI is off,AI is off,Not paired,AI is off,0,0,0
152000,22.5,0,6,0.67,0.21,0,0,25,1,0,19,False,True,0,0,52,37,27,3.81,AI is off,AI is off,AI is off,AI is off,Not paired,AI is off,0,0,0
154000,23.1,0,6,0.68,0.21,0,0,25,1,0,19,False,True,0,0,50,37,27,3.81,AI is off,AI is off,AI is off,AI is off,Not paired,AI is off,0,0,0
156000,23.8,0,6,0.7,0.21,0,0,20,1,0,18,False,True,0,0,52,38,28,3.81,AI is off,AI is off,AI is off,AI is off,Not paired,AI is off,0,0,0
158000,24.5,0,6,0.71,0.21,0,0,20,1,0,18,False,True,0,0,51,38,29,3.81,AI is off,AI is off,AI is off,AI is off,Not paired,AI is off,0,0,0
160000,25.1,0,6,0.73,0.21,0,0,20,1,0,18,False,True,0,0,51,37,27,3.81,AI is off,AI is off,AI is off,AI is off,Not paired,AI is off,0,0,0
162000,25.7,0,6,0.74,0.21,0,0,20,1,0,18,False,True,0,0,52,38,28,3.81,AI is off,AI is off,AI is off,AI is off,Not paired,AI is off,0,0,0
164000,26.2,0,6,0.75,0.21,0,0,20,1,0,18,False,True,0,0,52,38,28,3.81,AI is off,AI is off,AI is off,AI is off,Not paired,AI is off,0,0,0
166000,26.9,0,6,0.76,0.21,0,0,20,1,0,18,False,True,0,0,52,38,28,3.81,AI is off,AI is off,AI is off,AI is off,Not paired,AI is off,0,0,0
168000,27.6,0,6,0.78,0.21,0,0,15,1,0,18,False,True,0,0,51,38,28,3.81,AI is off,AI is off,AI is off,AI is off,Not paired,AI is off,0,0,0
170000,28.3,0,6,0.79,0.21,0,0,15,1,0,17,False,True,0,0,52,38,28,3.81,AI is off,AI is off,AI is off,AI is off,Not paired,AI is off,0,0,0
172000,28.7,0,6,0.8,0.21,0,0,15,1,0,17,False,True,0,0,52,39,29,3.81,AI is off,AI is off,AI is off,AI is off,Not paired,AI is off,0,0,0
174000,29,0,6,0.81,0.21,0,0,12,1,0,17,False,True,0,0,52,38,28,3.81,AI is off,AI is off,AI is off,AI is off,Not paired,AI is off,0,0,0
176000,29.1,0,6,0.81,0.21,0,0,12,1,0,17,False,True,0,0,53,39,29,3.81,AI is off,AI is off,AI is off,AI is off,Not paired,AI is off,0,0,0
178000,29.1,0,6,0.81,0.21,0,0,12,1,0,17,False,True,0,0,52,39,30,3.81,AI is off,AI is off,AI is off,AI is off,Not paired,AI is off,0,0,0
180000,29,0,6,0.81,0.21,0,0,12,1,0,17,False,True,0,0,53,40,31,3.81,AI is off,AI is off,AI is off,AI is off,Not paired,AI is off,0,0,0
182000,29,0,6,0.81,0.21,0,0,12,1,0,17,False,True,0,0,53,39,30,3.81,AI is off,AI is off,AI is off,AI is off,Not paired,AI is off,0,0,0
184000,29.1,0,6,0.82,0.21,0,0,12,1,0,17,False,True,0,0,52,38,27,3.81,AI is off,AI is off,AI is off,AI is off,Not paired,AI is off,0,0,0
186000,29.1,0,6,0.82,0.21,0,0,12,1,0,16,False,True,0,0,52,38,28,3.81,AI is off,AI is off,AI is off,AI is off,Not paired,AI is off,0,0,0
188000,29.1,0,6,0.81,0.21,0,0,12,1,0,16,False,True,0,0,52,39,30,3.81,AI is off,AI is off,AI is off,AI is off,Not paired,AI is off,0,0,0
190000,29.1,0,6,0.81,0.21,0,0,12,1,0,16,False,True,0,0,53,39,29,3.81,AI is off,AI is off,AI is off,AI is off,Not paired,AI is off,0,0,0
192000,28.9,0,6,0.81,0.21,0,0,12,1,0,16,False,True,0,0,52,38,28,3.81,AI is off,AI is off,AI is off,AI is off,Not paired,AI is off,0,0,0
194000,28.7,0,6,0.81,0.21,0,0,12,1,0,16,False,True,0,0,52,38,29,3.81,AI is off,AI is off,AI is off,AI is off,Not paired,AI is off,0,0,0
196000,28.6,0,6,0.81,0.21,0,0,12,1,0,16,False,True,0,0,52,39,29,3.81,AI is off,AI is off,AI is off,AI is off,Not paired,AI is off,0,0,0
198000,28.5,0,6,0.8,0.21,0,0,12,1,0,15,False,True,0,0,52,39,30,3.81,AI is off,AI is off,AI is off,AI is off,Not paired,AI is off,0,0,0
200000,28.3,0,6,0.8,0.21,0,0,12,1,0,15,False,True,0,0,52,39,28,3.81,AI is off,AI is off,AI is off,AI is off,Not paired,AI is off,0,0,0
202000,28.5,0,6,0.8,0.21,0,0,12,1,0,15,False,True,0,0,51,38,29,3.81,AI is off,AI is off,AI is off,AI is off,Not paired,AI is off,0,0,0
204000,28.6,0,6,0.8,0.21,0,0,12,1,0,15,False,True,0,0,50,38,28,3.81,AI is off,AI is off,AI is off,AI is off,Not paired,AI is off,0,0,0
206000,28.6,0,6,0.8,0.21,0,0,12,1,0,15,False,True,0,0,53,40,30,3.81,AI is off,AI is off,AI is off,AI is off,Not paired,AI is off,0,0,0
208000,28.5,0,6,0.8,0.21,0,0,12,1,0,15,False,True,0,0,53,40,30,3.81,AI is off,AI is off,AI is off,AI is off,Not paired,AI is off,0,0,0
210000,28.5,0,6,0.8,0.21,0,0,12,1,0,14,False,True,0,0,52,40,31,3.81,AI is off,AI is off,AI is off,AI is off,Not paired,AI is off,0,0,0
212000,28.6,0,6,0.8,0.21,0,0,12,1,0,14,False,True,0,0,53,40,31,3.81,AI is off,AI is off,AI is off,AI is off,Not paired,AI is off,0,0,0
214000,28.7,0,6,0.81,0.21,0,0,12,1,0,14,False,True,0,0,52,38,28,3.81,AI is off,AI is off,AI is off,AI is off,Not paired,AI is off,0,0,0
216000,28.5,0,6,0.8,0.21,0,0,12,1,0,14,False,True,0,0,52,40,30,3.81,AI is off,AI is off,AI is off,AI is off,Not paired,AI is off,0,0,0
218000,28.5,0,6,0.8,0.21,0,0,12,1,0,14,False,True,0,0,51,38,28,3.81,AI is off,AI is off,AI is off,AI is off,Not paired,AI is off,0,0,0
220000,28.6,0,6,0.8,0.21,0,0,12,1,0,14,False,True,0,0,51,39,29,3.81,AI is off,AI is off,AI is off,AI is off,Not paired,AI is off,0,0,0
222000,28.5,0,6,0.8,0.21,0,0,12,1,0,14,False,True,0,0,51,39,31,3.81,AI is off,AI is off,AI is off,AI is off,Not paired,AI is off,0,0,0
224000,28.6,0,6,0.8,0.21,0,0,12,1,0,14,False,True,0,0,51,38,28,3.81,AI is off,AI is off,AI is off,AI is off,Not paired,AI is off,0,0,0
226000,28.7,0,6,0.81,0.21,0,0,12,1,0,14,False,True,0,0,52,39,29,3.81,AI is off,AI is off,AI is off,AI is off,Not paired,AI is off,0,0,0
228000,28.7,0,6,0.81,0.21,0,0,12,1,0,14,False,True,0,0,52,39,30,3.81,AI is off,AI is off,AI is off,AI is off,Not paired,AI is off,0,0,0
230000,28.7,0,6,0.81,0.21,0,0,12,1,0,14,False,True,0,0,54,40,30,3.81,AI is off,AI is off,AI is off,AI is off,Not paired,AI is off,0,0,0
232000,28.6,0,6,0.81,0.21,0,0,12,1,0,14,False,True,0,0,52,39,30,3.81,AI is off,AI is off,AI is off,AI is off,Not paired,AI is off,0,0,0
234000,28.7,0,6,0.81,0.21,0,0,12,1,0,13,False,True,0,0,50,38,27,3.81,AI is off,AI is off,AI is off,AI is off,Not paired,AI is off,0,0,0
236000,28.7,0,6,0.81,0.21,0,0,12,1,0,13,False,True,0,0,50,37,26,3.81,AI is off,AI is off,AI is off,AI is off,Not paired,AI is off,0,0,0
238000,28.7,0,6,0.81,0.21,0,0,12,1,0,13,False,True,0,0,50,38,26,3.81,AI is off,AI is off,AI is off,AI is off,Not paired,AI is off,0,0,0
240000,28.8,0,6,0.81,0.21,0,0,11,1,0,13,False,True,0,0,51,39,29,3.81,AI is off,AI is off,AI is off,AI is off,Not paired,AI is off,0,0,0
242000,28.9,0,6,0.81,0.21,0,0,11,1,0,13,False,True,0,0,50,37,27,3.81,AI is off,AI is off,AI is off,AI is off,Not paired,AI is off,0,0,0
244000,28.9,0,6,0.81,0.21,0,0,11,1,0,13,False,True,0,0,51,38,29,3.81,AI is off,AI is off,AI is off,AI is off,Not paired,AI is off,0,0,0
246000,29,0,6,0.81,0.21,0,0,11,1,0,13,False,True,0,0,50,38,27,3.81,AI is off,AI is off,AI is off,AI is off,Not paired,AI is off,0,0,0
248000,29,0,6,0.81,0.21,0,0,11,1,0,13,False,True,0,0,50,38,26,3.81,AI is off,AI is off,AI is off,AI is off,Not paired,AI is off,0,0,0
250000,29,0,6,0.81,0.21,0,0,11,1,0,13,False,True,0,0,50,38,26,3.81,AI is off,AI is off,AI is off,AI is off,Not paired,AI is off,0,0,0
252000,29,0,6,0.81,0.21,0,0,11,1,0,13,False,True,0,0,50,38,27,3.81,AI is off,AI is off,AI is off,AI is off,Not paired,AI is off,0,0,0
254000,29,0,6,0.81,0.21,0,0,11,1,0,13,False,True,0,0,50,38,26,3.81,AI is off,AI is off,AI is off,AI is off,Not paired,AI is off,0,0,0
256000,29,0,6,0.81,0.21,0,0,11,1,0,13,False,True,0,0,50,39,27,3.81,AI is off,AI is off,AI is off,AI is off,Not paired,AI is off,0,0,0
258000,29,0,6,0.81,0.21,0,0,11,1,0,13,False,True,0,0,50,39,27,3.81,AI is off,AI is off,AI is off,AI is off,Not paired,AI is off,0,0,0
260000,29.1,0,6,0.82,0.21,0,0,11,1,0,13,False,True,0,0,50,39,27,3.81,AI is off,AI is off,AI is off,AI is off,Not paired,AI is off,0,0,0
262000,29,0,6,0.81,0.21,0,0,11,1,0,13,False,True,0,0,51,40,28,3.81,AI is off,AI is off,AI is off,AI is off,Not paired,AI is off,0,0,0
264000,28.8,0,6,0.81,0.21,0,0,11,1,0,13,False,True,0,0,51,39,28,3.81,AI is off,AI is off,AI is off,AI is off,Not paired,AI is off,0,0,0
266000,28.7,0,6,0.81,0.21,0,0,11,1,0,13,False,True,0,0,51,39,29,3.81,AI is off,AI is off,AI is off,AI is off,Not paired,AI is off,0,0,0
268000,28.4,0,6,0.8,0.21,0,0,11,1,0,12,False,True,0,0,51,40,29,3.81,AI is off,AI is off,AI is off,AI is off,Not paired,AI is off,0,0,0
270000,28.2,0,6,0.8,0.21,0,0,11,1,0,12,False,True,0,0,51,41,30,3.81,AI is off,AI is off,AI is off,AI is off,Not paired,AI is off,0,0,0
272000,27.9,0,6,0.79,0.21,0,0,11,1,0,12,False,True,0,0,51,41,29,3.81,AI is off,AI is off,AI is off,AI is off,Not paired,AI is off,0,0,0
274000,27.6,0,6,0.78,0.21,0,0,11,1,0,12,False,True,0,0,51,40,29,3.81,AI is off,AI is off,AI is off,AI is off,Not paired,AI is off,0,0,0
276000,27.4,0,6,0.78,0.21,0,0,11,1,0,12,False,True,0,0,52,40,29,3.81,AI is off,AI is off,AI is off,AI is off,Not paired,AI is off,0,0,0
278000,27.4,0,6,0.78,0.21,0,0,11,1,0,12,False,True,0,0,52,40,30,3.81,AI is off,AI is off,AI is off,AI is off,Not paired,AI is off,0,0,0
280000,27.4,0,6,0.78,0.21,0,0,11,1,0,12,False,True,0,0,51,39,28,3.81,AI is off,AI is off,AI is off,AI is off,Not paired,AI is off,0,0,0
282000,27.4,0,6,0.78,0.21,0,0,11,1,0,12,False,True,0,0,53,40,32,3.81,AI is off,AI is off,AI is off,AI is off,Not paired,AI is off,0,0,0
284000,27.4,0,6,0.78,0.21,0,0,12,1,0,12,False,True,0,0,52,39,28,3.81,AI is off,AI is off,AI is off,AI is off,Not paired,AI is off,0,0,0
286000,27.3,0,6,0.78,0.21,0,0,12,1,0,12,False,True,0,0,51,40,28,3.81,AI is off,AI is off,AI is off,AI is off,Not paired,AI is off,0,0,0
288000,27.4,0,6,0.78,0.21,0,0,12,1,0,12,False,True,0,0,50,38,26,3.81,AI is off,AI is off,AI is off,AI is off,Not paired,AI is off,0,0,0
290000,27.5,0,6,0.78,0.21,0,0,12,1,0,12,False,True,0,0,52,40,29,3.81,AI is off,AI is off,AI is off,AI is off,Not paired,AI is off,0,0,0
292000,27.4,0,6,0.78,0.21,0,0,12,1,0,12,False,True,0,0,51,39,29,3.81,AI is off,AI is off,AI is off,AI is off,Not paired,AI is off,0,0,0
294000,27.3,0,6,0.78,0.21,0,0,12,1,0,12,False,True,0,0,52,40,31,3.81,AI is off,AI is off,AI is off,AI is off,Not paired,AI is off,0,0,0
296000,27.5,0,6,0.78,0.21,0,0,12,1,0,12,False,True,0,0,52,39,29,3.81,AI is off,AI is off,AI is off,AI is off,Not paired,AI is off,0,0,0
298000,27.5,0,6,0.78,0.21,0,0,12,1,0,12,False,True,0,0,51,39,28,3.81,AI is off,AI is off,AI is off,AI is off,Not paired,AI is off,0,0,0
300000,27.6,0,6,0.78,0.21,0,0,12,1,0,12,False,True,0,0,51,40,29,3.81,AI is off,AI is off,AI is off,AI is off,Not paired,AI is off,0,0,0
302000,27.4,0,6,0.78,0.21,0,0,12,1,0,12,False,True,0,0,52,40,29,3.81,AI is off,AI is off,AI is off,AI is off,Not paired,AI is off,0,0,0
304000,27.2,0,6,0.78,0.21,0,0,12,1,0,12,False,True,0,0,51,41,29,3.81,AI is off,AI is off,AI is off,AI is off,Not paired,AI is off,0,0,0
306000,27.2,0,6,0.78,0.21,0,0,12,1,0,12,False,True,0,0,52,41,30,3.81,AI is off,AI is off,AI is off,AI is off,Not paired,AI is off,0,0,0
308000,27.3,0,6,0.78,0.21,0,0,12,1,0,12,False,True,0,0,52,40,30,3.81,AI is off,AI is off,AI is off,AI is off,Not paired,AI is off,0,0,0
310000,27.4,0,6,0.78,0.21,0,0,12,1,0,12,False,True,0,0,52,40,30,3.81,AI is off,AI is off,AI is off,AI is off,Not paired,AI is off,0,0,0
312000,27.4,0,6,0.78,0.21,0,0,12,1,0,12,False,True,0,0,51,39,29,3.81,AI is off,AI is off,AI is off,AI is off,Not paired,AI is off,0,0,0
314000,27.4,0,6,0.78,0.21,0,0,12,1,0,12,False,True,0,0,51,39,28,3.81,AI is off,AI is off,AI is off,AI is off,Not paired,AI is off,0,0,0
316000,27.5,0,6,0.78,0.21,0,0,11,1,0,12,False,True,0,0,52,39,30,3.81,AI is off,AI is off,AI is off,AI is off,Not paired,AI is off,0,0,0
318000,27.5,0,6,0.78,0.21,0,0,11,1,0,12,False,True,0,0,52,39,29,3.81,AI is off,AI is off,AI is off,AI is off,Not paired,AI is off,0,0,0
320000,27.7,0,6,0.79,0.21,0,0,11,1,0,12,False,True,0,0,52,40,29,3.81,AI is off,AI is off,AI is off,AI is off,Not paired,AI is off,0,0,0
322000,27.8,0,6,0.79,0.21,0,0,11,1,0,12,False,True,0,0,51,41,29,3.81,AI is off,AI is off,AI is off,AI is off,Not paired,AI is off,0,0,0
324000,27.8,0,6,0.79,0.21,0,0,11,1,0,12,False,True,0,0,52,40,31,3.81,AI is off,AI is off,AI is off,AI is off,Not paired,AI is off,0,0,0
326000,27.9,0,6,0.79,0.21,0,0,11,1,0,12,False,True,0,0,51,39,29,3.81,AI is off,AI is off,AI is off,AI is off,Not paired,AI is off,0,0,0
328000,27.9,0,6,0.79,0.21,0,0,11,1,0,12,False,True,0,0,52,41,30,3.81,AI is off,AI is off,AI is off,AI is off,Not paired,AI is off,0,0,0
330000,28,0,6,0.79,0.21,0,0,11,1,0,12,False,True,0,0,53,40,31,3.81,AI is off,AI is off,AI is off,AI is off,Not paired,AI is off,0,0,0
332000,28.2,0,6,0.8,0.21,0,0,10,1,0,12,False,True,0,0,52,40,29,3.81,AI is off,AI is off,AI is off,AI is off,Not paired,AI is off,0,0,0
334000,28.1,0,6,0.79,0.21,0,0,10,1,0,12,False,True,0,0,53,40,31,3.81,AI is off,AI is off,AI is off,AI is off,Not paired,AI is off,0,0,0
336000,28,0,6,0.79,0.21,0,0,10,1,0,11,False,True,0,0,52,40,29,3.81,AI is off,AI is off,AI is off,AI is off,Not paired,AI is off,0,0,0
338000,28,0,6,0.79,0.21,0,0,10,1,0,11,False,True,0,0,52,40,28,3.81,AI is off,AI is off,AI is off,AI is off,Not paired,AI is off,0,0,0
340000,28,0,6,0.79,0.21,0,0,10,1,0,11,False,True,0,0,52,40,29,3.81,AI is off,AI is off,AI is off,AI is off,Not paired,AI is off,0,0,0
342000,28.1,0,6,0.8,0.21,0,0,10,1,0,11,False,True,0,0,51,40,29,3.81,AI is off,AI is off,AI is off,AI is off,Not paired,AI is off,0,0,0
344000,28.2,0,6,0.8,0.21,0,0,10,1,0,11,False,True,0,0,51,40,29,3.81,AI is off,AI is off,AI is off,AI is off,Not paired,AI is off,0,0,0
346000,28.3,0,6,0.8,0.21,0,0,10,1,0,11,False,True,0,0,51,40,29,3.81,AI is off,AI is off,AI is off,AI is off,Not paired,AI is off,0,0,0
348000,28.2,0,6,0.8,0.21,0,0,10,1,0,11,False,True,0,0,52,39,28,3.81,AI is off,AI is off,AI is off,AI is off,Not paired,AI is off,0,0,0
350000,28.2,0,6,0.8,0.21,0,0,10,1,0,11,False,True,0,0,53,40,30,3.81,AI is off,AI is off,AI is off,AI is off,Not paired,AI is off,0,0,0
352000,28.2,0,6,0.8,0.21,0,0,10,1,0,11,False,True,0,0,53,40,30,3.81,AI is off,AI is off,AI is off,AI is off,Not paired,AI is off,0,0,0
354000,28.1,0,6,0.79,0.21,0,0,10,1,0,11,False,True,0,0,51,40,29,3.81,AI is off,AI is off,AI is off,AI is off,Not paired,AI is off,0,0,0
356000,28,0,6,0.79,0.21,0,0,10,1,0,11,False,True,0,0,51,40,29,3.81,AI is off,AI is off,AI is off,AI is off,Not paired,AI is off,0,0,0
358000,28,0,6,0.79,0.21,0,0,10,1,0,11,False,True,0,0,51,39,28,3.81,AI is off,AI is off,AI is off,AI is off,Not paired,AI is off,0,0,0
360000,27.9,0,6,0.79,0.21,0,0,10,1,0,11,False,True,0,0,51,40,29,3.81,AI is off,AI is off,AI is off,AI is off,Not paired,AI is off,0,0,0
362000,27.9,0,6,0.79,0.21,0,0,10,1,0,11,False,True,0,0,51,39,27,3.81,AI is off,AI is off,AI is off,AI is off,Not paired,AI is off,0,0,0
364000,27.8,0,6,0.79,0.21,0,0,10,1,0,11,False,True,0,0,52,40,28,3.81,AI is off,AI is off,AI is off,AI is off,Not paired,AI is off,0,0,0
366000,27.8,0,6,0.79,0.21,0,0,10,1,0,11,False,True,0,0,51,39,27,3.81,AI is off,AI is off,AI is off,AI is off,Not paired,AI is off,0,0,0
368000,27.8,0,6,0.79,0.21,0,0,10,1,0,11,False,True,0,0,51,40,28,3.81,AI is off,AI is off,AI is off,AI is off,Not paired,AI is off,0,0,0
370000,27.7,0,6,0.79,0.21,0,0,10,1,0,11,False,True,0,0,51,39,29,3.81,AI is off,AI is off,AI is off,AI is off,Not paired,AI is off,0,0,0
372000,27.6,0,6,0.78,0.21,0,0,10,1,0,11,False,True,0,0,51,41,29,3.81,AI is off,AI is off,AI is off,AI is off,Not paired,AI is off,0,0,0
374000,27.6,0,6,0.78,0.21,0,0,10,1,0,11,False,True,0,0,52,40,30,3.81,AI is off,AI is off,AI is off,AI is off,Not paired,AI is off,0,0,0
376000,27.5,0,6,0.78,0.21,0,0,10,1,0,11,False,True,0,0,52,39,29,3.81,AI is off,AI is off,AI is off,AI is off,Not paired,AI is off,0,0,0
378000,27.5,0,6,0.78,0.21,0,0,10,1,0,11,False,True,0,0,53,41,31,3.81,AI is off,AI is off,AI is off,AI is off,Not paired,AI is off,0,0,0
380000,27.6,0,6,0.78,0.21,0,0,10,1,0,11,False,True,0,0,51,39,28,3.81,AI is off,AI is off,AI is off,AI is off,Not paired,AI is off,0,0,0
382000,27.6,0,6,0.78,0.21,0,0,10,1,0,11,False,True,0,0,52,40,29,3.81,AI is off,AI is off,AI is off,AI is off,Not paired,AI is off,0,0,0
384000,27.5,0,6,0.78,0.21,0,0,10,1,0,11,False,True,0,0,53,41,31,3.81,AI is off,AI is off,AI is off,AI is off,Not paired,AI is off,0,0,0
386000,27.5,0,6,0.78,0.21,0,0,10,1,0,11,False,True,0,0,52,40,30,3.81,AI is off,AI is off,AI is off,AI is off,Not paired,AI is off,0,0,0
388000,27.5,0,6,0.78,0.21,0,0,10,1,0,11,False,True,0,0,52,40,29,3.81,AI is off,AI is off,AI is off,AI is off,Not paired,AI is off,0,0,0
390000,27.5,0,6,0.78,0.21,0,0,10,1,0,11,False,True,0,0,52,40,29,3.81,AI is off,AI is off,AI is off,AI is off,Not paired,AI is off,0,0,0
392000,27.5,0,6,0.78,0.21,0,0,10,1,0,11,False,True,0,0,52,39,28,3.81,AI is off,AI is off,AI is off,AI is off,Not paired,AI is off,0,0,0
394000,27.4,0,6,0.78,0.21,0,0,10,1,0,11,False,True,0,0,52,39,28,3.81,AI is off,AI is off,AI is off,AI is off,Not paired,AI is off,0,0,0
396000,27.4,0,6,0.78,0.21,0,0,10,1,0,11,False,True,0,0,52,40,29,3.81,AI is off,AI is off,AI is off,AI is off,Not paired,AI is off,0,0,0
398000,27.5,0,6,0.78,0.21,0,0,10,1,0,11,False,True,0,0,52,40,29,3.81,AI is off,AI is off,AI is off,AI is off,Not paired,AI is off,0,0,0
400000,27.5,0,6,0.78,0.21,0,0,10,1,0,11,False,True,0,0,52,40,28,3.81,AI is off,AI is off,AI is off,AI is off,Not paired,AI is off,0,0,0
402000,27.4,0,6,0.78,0.21,0,0,10,1,0,11,False,True,0,0,52,40,29,3.81,AI is off,AI is off,AI is off,AI is off,Not paired,AI is off,0,0,0
404000,27.4,0,6,0.78,0.21,0,0,10,1,0,11,False,True,0,0,52,40,29,3.81,AI is off,AI is off,AI is off,AI is off,Not paired,AI is off,0,0,0
406000,27.4,0,6,0.78,0.21,0,0,10,1,0,11,False,True,0,0,53,41,30,3.81,AI is off,AI is off,AI is off,AI is off,Not paired,AI is off,0,0,0
408000,27.4,0,6,0.78,0.21,0,0,10,1,0,11,False,True,0,0,52,39,28,3.81,AI is off,AI is off,AI is off,AI is off,Not paired,AI is off,0,0,0
410000,27.3,0,6,0.78,0.21,0,0,10,1,0,11,False,True,0,0,52,41,30,3.81,AI is off,AI is off,AI is off,AI is off,Not paired,AI is off,0,0,0
412000,27.3,0,6,0.78,0.21,0,0,10,1,0,11,False,True,0,0,52,40,30,3.81,AI is off,AI is off,AI is off,AI is off,Not paired,AI is off,0,0,0
414000,27.2,0,6,0.78,0.21,0,0,10,1,0,11,False,True,0,0,52,41,30,3.81,AI is off,AI is off,AI is off,AI is off,Not paired,AI is off,0,0,0
416000,27.3,0,6,0.78,0.21,0,0,10,1,0,11,False,True,0,0,52,40,29,3.81,AI is off,AI is off,AI is off,AI is off,Not paired,AI is off,0,0,0
418000,27.6,0,6,0.78,0.21,0,0,10,1,0,11,False,True,0,0,52,39,28,3.81,AI is off,AI is off,AI is off,AI is off,Not paired,AI is off,0,0,0
420000,27.8,0,6,0.79,0.21,0,0,10,1,0,11,False,True,0,0,52,40,29,3.81,AI is off,AI is off,AI is off,AI is off,Not paired,AI is off,0,0,0
422000,28,0,6,0.79,0.21,0,0,10,1,0,11,False,True,0,0,52,40,30,3.81,AI is off,AI is off,AI is off,AI is off,Not paired,AI is off,0,0,0
424000,27.9,0,6,0.79,0.21,0,0,10,1,0,11,False,True,0,0,53,41,31,3.81,AI is off,AI is off,AI is off,AI is off,Not paired,AI is off,0,0,0
426000,27.9,0,6,0.79,0.21,0,0,10,1,0,11,False,True,0,0,53,41,31,3.81,AI is off,AI is off,AI is off,AI is off,Not paired,AI is off,0,0,0
428000,28,0,6,0.79,0.21,0,0,10,1,0,11,False,True,0,0,52,40,29,3.81,AI is off,AI is off,AI is off,AI is off,Not paired,AI is off,0,0,0
430000,28,0,6,0.79,0.21,0,0,9,1,0,11,False,True,0,0,51,41,29,3.81,AI is off,AI is off,AI is off,AI is off,Not paired,AI is off,0,0,0
432000,28,0,6,0.79,0.21,0,0,9,1,0,11,False,True,0,0,52,40,29,3.81,AI is off,AI is off,AI is off,AI is off,Not paired,AI is off,0,0,0
434000,28,0,6,0.79,0.21,0,0,9,1,0,11,False,True,0,0,52,41,31,3.81,AI is off,AI is off,AI is off,AI is off,Not paired,AI is off,0,0,0
436000,27.9,0,6,0.79,0.21,0,0,9,1,0,11,False,True,0,0,52,40,29,3.81,AI is off,AI is off,AI is off,AI is off,Not paired,AI is off,0,0,0
438000,28,0,6,0.79,0.21,0,0,9,1,0,11,False,True,0,0,52,41,31,3.81,AI is off,AI is off,AI is off,AI is off,Not paired,AI is off,0,0,0
440000,28,0,6,0.79,0.21,0,0,9,1,0,11,False,True,0,0,52,41,29,3.81,AI is off,AI is off,AI is off,AI is off,Not paired,AI is off,0,0,0
442000,28.1,0,6,0.79,0.21,0,0,9,1,0,11,False,True,0,0,52,40,30,3.81,AI is off,AI is off,AI is off,AI is off,Not paired,AI is off,0,0,0
444000,27.9,0,6,0.79,0.21,0,0,9,1,0,10,False,True,0,0,52,40,28,3.81,AI is off,AI is off,AI is off,AI is off,Not paired,AI is off,0,0,0
446000,27.8,0,6,0.79,0.21,0,0,9,1,0,10,False,True,0,0,52,41,29,3.81,AI is off,AI is off,AI is off,AI is off,Not paired,AI is off,0,0,0
448000,27.6,0,6,0.79,0.21,0,0,9,1,0,10,False,True,0,0,52,41,30,3.81,AI is off,AI is off,AI is off,AI is off,Not paired,AI is off,0,0,0
450000,27.6,0,6,0.78,0.21,0,0,9,1,0,10,False,True,0,0,52,41,29,3.81,AI is off,AI is off,AI is off,AI is off,Not paired,AI is off,0,0,0
452000,27.7,0,6,0.79,0.21,0,0,9,1,0,10,False,True,0,0,52,41,30,3.81,AI is off,AI is off,AI is off,AI is off,Not paired,AI is off,0,0,0
454000,27.6,0,6,0.78,0.21,0,0,9,1,0,10,False,True,0,0,52,40,29,3.81,AI is off,AI is off,AI is off,AI is off,Not paired,AI is off,0,0,0
456000,27.5,0,6,0.78,0.21,0,0,9,1,0,10,False,True,0,0,53,41,29,3.81,AI is off,AI is off,AI is off,AI is off,Not paired,AI is off,0,0,0
458000,27.5,0,6,0.78,0.21,0,0,9,1,0,10,False,True,0,0,52,40,29,3.81,AI is off,AI is off,AI is off,AI is off,Not paired,AI is off,0,0,0
460000,27.6,0,6,0.78,0.21,0,0,9,1,0,10,False,True,0,0,52,40,29,3.81,AI is off,AI is off,AI is off,AI is off,Not paired,AI is off,0,0,0
462000,27.7,0,6,0.78,0.21,0,0,9,1,0,10,False,True,0,0,53,41,30,3.81,AI is off,AI is off,AI is off,AI is off,Not paired,AI is off,0,0,0
464000,27.8,0,6,0.79,0.21,0,0,9,1,0,10,False,True,0,0,53,41,30,3.81,AI is off,AI is off,AI is off,AI is off,Not paired,AI is off,0,0,0
466000,27.7,0,6,0.79,0.21,0,0,9,1,0,10,False,True,0,0,53,42,30,3.81,AI is off,AI is off,AI is off,AI is off,Not paired,AI is off,0,0,0
468000,27.5,0,6,0.78,0.21,0,0,9,1,0,10,False,True,0,0,53,41,29,3.81,AI is off,AI is off,AI is off,AI is off,Not paired,AI is off,0,0,0
470000,27.4,0,6,0.78,0.21,0,0,9,1,0,10,False,True,0,0,53,41,30,3.81,AI is off,AI is off,AI is off,AI is off,Not paired,AI is off,0,0,0
472000,27.3,0,6,0.78,0.21,0,0,9,1,0,10,False,True,0,0,52,40,29,3.81,AI is off,AI is off,AI is off,AI is off,Not paired,AI is off,0,0,0
474000,27.3,0,6,0.78,0.21,0,0,9,1,0,10,False,True,0,0,53,41,30,3.81,AI is off,AI is off,AI is off,AI is off,Not paired,AI is off,0,0,0
476000,27,0,6,0.77,0.21,0,0,9,1,0,10,False,True,0,0,53,41,30,3.81,AI is off,AI is off,AI is off,AI is off,Not paired,AI is off,0,0,0
478000,26.9,0,6,0.77,0.21,0,0,9,1,0,10,False,True,0,0,53,41,30,3.81,AI is off,AI is off,AI is off,AI is off,Not paired,AI is off,0,0,0
480000,26.8,0,6,0.77,0.21,0,0,9,1,0,10,False,True,0,0,53,41,30,3.81,AI is off,AI is off,AI is off,AI is off,Not paired,AI is off,0,0,0
482000,26.7,0,6,0.77,0.21,0,0,9,1,0,10,False,True,0,0,53,40,29,3.81,AI is off,AI is off,AI is off,AI is off,Not paired,AI is off,0,0,0
484000,26.7,0,6,0.77,0.21,0,0,9,1,0,10,False,True,0,0,52,39,28,3.81,AI is off,AI is off,AI is off,AI is off,Not paired,AI is off,0,0,0
486000,26.8,0,6,0.77,0.21,0,0,9,1,0,10,False,True,0,0,52,40,29,3.81,AI is off,AI is off,AI is off,AI is off,Not paired,AI is off,0,0,0
488000,27,0,6,0.77,0.21,0,0,9,1,0,10,False,True,0,0,53,42,30,3.81,AI is off,AI is off,AI is off,AI is off,Not paired,AI is off,0,0,0
490000,27.1,0,6,0.77,0.21,0,0,9,1,0,10,False,True,0,0,53,42,31,3.81,AI is off,AI is off,AI is off,AI is off,Not paired,AI is off,0,0,0
492000,27.2,0,6,0.77,0.21,0,0,9,1,0,10,False,True,0,0,52,40,29,3.81,AI is off,AI is off,AI is off,AI is off,Not paired,AI is off,0,0,0
494000,27.2,0,6,0.78,0.21,0,0,9,1,0,10,False,True,0,0,53,42,30,3.81,AI is off,AI is off,AI is off,AI is off,Not paired,AI is off,0,0,0
496000,27.2,0,6,0.78,0.21,0,0,9,1,0,10,False,True,0,0,53,41,30,3.81,AI is off,AI is off,AI is off,AI is off,Not paired,AI is off,0,0,0
498000,27.2,0,6,0.77,0.21,0,0,9,1,0,10,False,True,0,0,54,42,32,3.81,AI is off,AI is off,AI is off,AI is off,Not paired,AI is off,0,0,0
500000,27.2,0,6,0.78,0.21,0,0,9,1,0,10,False,True,0,0,53,41,30,3.81,AI is off,AI is off,AI is off,AI is off,Not paired,AI is off,0,0,0
502000,27,0,6,0.77,0.21,0,0,9,1,0,10,False,True,0,0,54,42,31,3.81,AI is off,AI is off,AI is off,AI is off,Not paired,AI is off,0,0,0
504000,26.9,0,6,0.77,0.21,0,0,9,1,0,10,False,True,0,0,53,41,30,3.81,AI is off,AI is off,AI is off,AI is off,Not paired,AI is off,0,0,0
506000,26.8,0,6,0.77,0.21,0,0,9,1,0,10,False,True,0,0,53,41,31,3.81,AI is off,AI is off,AI is off,AI is off,Not paired,AI is off,0,0,0
508000,26.6,0,6,0.76,0.21,0,0,9,1,0,10,False,True,0,0,52,40,30,3.81,AI is off,AI is off,AI is off,AI is off,Not paired,AI is off,0,0,0
510000,26.7,0,6,0.76,0.21,0,0,9,1,0,10,False,True,0,0,52,40,30,3.81,AI is off,AI is off,AI is off,AI is off,Not paired,AI is off,0,0,0
512000,26.7,0,6,0.76,0.21,0,0,9,1,0,10,False,True,0,0,51,40,29,3.81,AI is off,AI is off,AI is off,AI is off,Not paired,AI is off,0,0,0
514000,26.8,0,6,0.77,0.21,0,0,9,1,0,10,False,True,0,0,51,40,30,3.81,AI is off,AI is off,AI is off,AI is off,Not paired,AI is off,0,0,0
516000,27,0,6,0.77,0.21,0,0,9,1,0,10,False,True,0,0,53,42,30,3.81,AI is off,AI is off,AI is off,AI is off,Not paired,AI is off,0,0,0
518000,27.2,0,6,0.77,0.21,0,0,8,1,0,10,False,True,0,0,52,40,30,3.81,AI is off,AI is off,AI is off,AI is off,Not paired,AI is off,0,0,0
520000,27.4,0,6,0.78,0.21,0,0,8,1,0,10,False,True,0,0,52,41,29,3.81,AI is off,AI is off,AI is off,AI is off,Not paired,AI is off,0,0,0
522000,27.4,0,6,0.78,0.21,0,0,8,1,0,10,False,True,0,0,53,41,30,3.81,AI is off,AI is off,AI is off,AI is off,Not paired,AI is off,0,0,0
524000,27.6,0,6,0.78,0.21,0,0,8,1,0,10,False,True,0,0,52,40,30,3.81,AI is off,AI is off,AI is off,AI is off,Not paired,AI is off,0,0,0
526000,27.8,0,6,0.79,0.21,0,0,8,1,0,10,False,True,0,0,52,41,30,3.81,AI is off,AI is off,AI is off,AI is off,Not paired,AI is off,0,0,0
528000,28.2,0,6,0.79,0.21,0,0,8,1,0,10,False,True,0,0,52,41,31,3.81,AI is off,AI is off,AI is off,AI is off,Not paired,AI is off,0,0,0
530000,28.6,0,6,0.8,0.21,0,0,7,1,0,10,False,True,0,0,53,41,33,3.81,AI is off,AI is off,AI is off,AI is off,Not paired,AI is off,0,0,0
532000,28.9,0,6,0.81,0.21,0,0,7,1,0,10,False,True,0,0,53,40,32,3.81,AI is off,AI is off,AI is off,AI is off,Not paired,AI is off,0,0,0
534000,29.2,0,6,0.82,0.21,0,0,6,1,0,10,False,True,0,0,52,40,31,3.81,AI is off,AI is off,AI is off,AI is off,Not paired,AI is off,0,0,0
536000,29.6,0,6,0.82,0.21,0,0,6,1,0,10,False,True,0,0,53,40,31,3.81,AI is off,AI is off,AI is off,AI is off,Not paired,AI is off,0,0,0
538000,30,0,6,0.83,0.21,0,0,6,1,0,10,False,True,0,0,53,41,32,3.81,AI is off,AI is off,AI is off,AI is off,Not paired,AI is off,0,0,0
540000,30.4,0,6,0.84,0.21,0,0,6,1,0,10,False,True,0,0,52,40,29,3.81,AI is off,AI is off,AI is off,AI is off,Not paired,AI is off,0,0,0
542000,30.7,0,6,0.85,0.21,0,0,6,1,0,10,False,True,0,0,53,40,31,3.81,AI is off,AI is off,AI is off,AI is off,Not paired,AI is off,0,0,0
544000,31.1,0,6,0.86,0.21,0,0,6,1,0,10,False,True,0,0,52,40,31,3.81,AI is off,AI is off,AI is off,AI is off,Not paired,AI is off,0,0,0
546000,31.4,0,9,0.86,0.21,0,0,5,1,0,10,False,True,0,0,53,41,33,3.81,AI is off,AI is off,AI is off,AI is off,Not paired,AI is off,0,0,0
548000,31.7,0,9,0.87,0.21,0,0,5,1,0,10,False,True,0,0,53,41,30,3.81,AI is off,AI is off,AI is off,AI is off,Not paired,AI is off,0,0,0
550000,32,0,9,0.87,0.21,0,0,5,1,0,10,False,True,0,0,53,40,32,3.81,AI is off,AI is off,AI is off,AI is off,Not paired,AI is off,0,0,0
552000,32.2,0,9,0.88,0.21,0,0,5,1,0,10,False,True,0,0,51,40,29,3.81,AI is off,AI is off,AI is off,AI is off,Not paired,AI is off,0,0,0
554000,32.4,0,9,0.88,0.21,0,0,5,1,0,10,False,True,0,0,51,40,28,3.81,AI is off,AI is off,AI is off,AI is off,Not paired,AI is off,0,0,0
556000,32.7,0,9,0.89,0.21,0,0,5,1,0,10,False,True,0,0,52,39,29,3.81,AI is off,AI is off,AI is off,AI is off,Not paired,AI is off,0,0,0
558000,33.2,0,9,0.9,0.21,0,0,5,1,0,10,False,True,0,0,53,41,32,3.81,AI is off,AI is off,AI is off,AI is off,Not paired,AI is off,0,0,0
560000,33.6,0,9,0.91,0.21,0,0,5,1,0,10,False,True,0,0,53,40,30,3.81,AI is off,AI is off,AI is off,AI is off,Not paired,AI is off,0,0,0
562000,34.2,0,9,0.92,0.21,0,0,4,1,0,10,False,True,0,0,53,40,30,3.81,AI is off,AI is off,AI is off,AI is off,Not paired,AI is off,0,0,0
564000,34.6,0,9,0.93,0.21,0,0,4,1,0,10,False,True,0,0,52,41,29,3.81,AI is off,AI is off,AI is off,AI is off,Not paired,AI is off,0,0,0
566000,34.3,0,9,0.93,0.21,0,0,4,1,0,10,False,True,0,0,53,41,30,3.81,AI is off,AI is off,AI is off,AI is off,Not paired,AI is off,0,0,0
568000,33.8,0,9,0.92,0.21,0,0,3,1,0,10,False,True,0,0,52,40,29,3.81,AI is off,AI is off,AI is off,AI is off,Not paired,AI is off,0,0,0
570000,33.4,0,9,0.91,0.21,0,0,3,1,0,10,False,True,0,0,52,40,30,3.81,AI is off,AI is off,AI is off,AI is off,Not paired,AI is off,0,0,0
572000,32.8,0,9,0.9,0.21,0,0,3,1,0,9,False,True,0,0,53,42,30,3.81,AI is off,AI is off,AI is off,AI is off,Not paired,AI is off,0,0,0
574000,32.7,0,9,0.89,0.21,0,0,3,1,0,9,False,True,0,0,53,41,32,3.81,AI is off,AI is off,AI is off,AI is off,Not paired,AI is off,0,0,0
576000,32.5,0,9,0.89,0.21,0,0,3,1,0,9,False,True,0,0,52,40,29,3.81,AI is off,AI is off,AI is off,AI is off,Not paired,AI is off,0,0,0
578000,32.3,0,9,0.88,0.21,0,0,4,1,0,9,False,True,0,0,53,41,31,3.81,AI is off,AI is off,AI is off,AI is off,Not paired,AI is off,0,0,0
580000,32.1,0,9,0.88,0.21,0,0,4,1,0,9,False,True,0,0,53,41,32,3.81,AI is off,AI is off,AI is off,AI is off,Not paired,AI is off,0,0,0
582000,31.9,0,9,0.88,0.21,0,0,4,1,0,9,False,True,0,0,52,40,30,3.81,AI is off,AI is off,AI is off,AI is off,Not paired,AI is off,0,0,0
584000,31.7,0,9,0.87,0.21,0,0,4,1,0,9,False,True,0,0,52,41,31,3.81,AI is off,AI is off,AI is off,AI is off,Not paired,AI is off,0,0,0
586000,31.5,0,9,0.87,0.21,0,0,4,1,0,9,False,True,0,0,53,41,32,3.81,AI is off,AI is off,AI is off,AI is off,Not paired,AI is off,0,0,0
588000,31.4,0,9,0.86,0.21,0,0,4,1,0,9,False,True,0,0,52,41,29,3.81,AI is off,AI is off,AI is off,AI is off,Not paired,AI is off,0,0,0
590000,31.4,0,9,0.86,0.21,0,0,4,1,0,9,False,True,0,0,53,41,31,3.81,AI is off,AI is off,AI is off,AI is off,Not paired,AI is off,0,0,0
592000,31.2,0,9,0.86,0.21,0,0,4,1,0,9,False,True,0,0,54,41,32,3.81,AI is off,AI is off,AI is off,AI is off,Not paired,AI is off,0,0,0
594000,31.3,0,9,0.86,0.21,0,0,4,1,0,9,False,True,0,0,52,40,30,3.81,AI is off,AI is off,AI is off,AI is off,Not paired,AI is off,0,0,0
596000,31,0,9,0.86,0.21,0,0,4,1,0,9,False,True,0,0,53,41,31,3.81,AI is off,AI is off,AI is off,AI is off,Not paired,AI is off,0,0,0
598000,30.7,0,9,0.85,0.21,0,0,4,1,0,9,False,True,0,0,53,41,32,3.81,AI is off,AI is off,AI is off,AI is off,Not paired,AI is off,0,0,0
600000,30.4,0,8,0.84,0.21,0,0,4,1,0,9,False,True,0,0,53,40,30,3.81,AI is off,AI is off,AI is off,AI is off,Not paired,AI is off,0,0,0
602000,30.3,0,8,0.84,0.21,0,0,4,1,0,9,False,True,0,0,53,41,30,3.81,AI is off,AI is off,AI is off,AI is off,Not paired,AI is off,0,0,0
604000,30,0,8,0.84,0.21,0,0,4,1,0,9,False,True,0,0,53,41,31,3.81,AI is off,AI is off,AI is off,AI is off,Not paired,AI is off,0,0,0
606000,29.8,0,8,0.83,0.21,0,0,4,1,0,9,False,True,0,0,52,40,30,3.81,AI is off,AI is off,AI is off,AI is off,Not paired,AI is off,0,0,0
608000,29.7,0,8,0.83,0.21,0,0,4,1,0,9,False,True,0,0,52,40,29,3.81,AI is off,AI is off,AI is off,AI is off,Not paired,AI is off,0,0,0
610000,29.7,0,8,0.83,0.21,0,0,4,1,0,9,False,True,0,0,52,41,30,3.81,AI is off,AI is off,AI is off,AI is off,Not paired,AI is off,0,0,0
612000,29.5,0,8,0.82,0.21,0,0,5,1,0,9,False,True,0,0,53,41,30,3.81,AI is off,AI is off,AI is off,AI is off,Not paired,AI is off,0,0,0
614000,29.3,0,8,0.82,0.21,0,0,5,1,0,9,False,True,0,0,52,40,30,3.81,AI is off,AI is off,AI is off,AI is off,Not paired,AI is off,0,0,0
616000,29.1,0,8,0.82,0.21,0,0,5,1,0,9,False,True,0,0,53,40,31,3.81,AI is off,AI is off,AI is off,AI is off,Not paired,AI is off,0,0,0
618000,29.1,0,8,0.81,0.21,0,0,5,1,0,9,False,True,0,0,53,41,31,3.81,AI is off,AI is off,AI is off,AI is off,Not paired,AI is off,0,0,0
620000,28.9,0,8,0.81,0.21,0,0,5,1,0,9,False,True,0,0,53,40,30,3.81,AI is off,AI is off,AI is off,AI is off,Not paired,AI is off,0,0,0
622000,28.8,0,8,0.81,0.21,0,0,5,1,0,9,False,True,0,0,54,42,31,3.81,AI is off,AI is off,AI is off,AI is off,Not paired,AI is off,0,0,0
624000,28.7,0,8,0.81,0.21,0,0,5,1,0,9,False,True,0,0,53,42,31,3.81,AI is off,AI is off,AI is off,AI is off,Not paired,AI is off,0,0,0
626000,28.5,0,8,0.8,0.21,0,0,5,1,0,9,False,True,0,0,53,42,30,3.81,AI is off,AI is off,AI is off,AI is off,Not paired,AI is off,0,0,0
628000,28.4,0,8,0.8,0.21,0,0,5,1,0,9,False,True,0,0,54,42,31,3.81,AI is off,AI is off,AI is off,AI is off,Not paired,AI is off,0,0,0
630000,28.5,0,8,0.8,0.21,0,0,5,1,0,9,False,True,0,0,52,40,30,3.81,AI is off,AI is off,AI is off,AI is off,Not paired,AI is off,0,0,0
632000,28.5,0,8,0.8,0.21,0,0,5,1,0,9,False,True,0,0,53,41,32,3.81,AI is off,AI is off,AI is off,AI is off,Not paired,AI is off,0,0,0
634000,28.4,0,8,0.8,0.21,0,0,5,1,0,9,False,True,0,0,52,40,29,3.81,AI is off,AI is off,AI is off,AI is off,Not paired,AI is off,0,0,0
636000,28.2,0,8,0.8,0.21,0,0,5,1,0,9,False,True,0,0,53,40,30,3.81,AI is off,AI is off,AI is off,AI is off,Not paired,AI is off,0,0,0
638000,28.2,0,8,0.8,0.21,0,0,5,1,0,9,False,True,0,0,53,40,29,3.81,AI is off,AI is off,AI is off,AI is off,Not paired,AI is off,0,0,0
640000,28.2,0,8,0.8,0.21,0,0,5,1,0,9,False,True,0,0,53,41,29,3.81,AI is off,AI is off,AI is off,AI is off,Not paired,AI is off,0,0,0
642000,28.1,0,8,0.79,0.21,0,0,5,1,0,9,False,True,0,0,52,40,29,3.81,AI is off,AI is off,AI is off,AI is off,Not paired,AI is off,0,0,0
644000,28.1,0,8,0.79,0.21,0,0,5,1,0,9,False,True,0,0,54,42,31,3.81,AI is off,AI is off,AI is off,AI is off,Not paired,AI is off,0,0,0
646000,28.1,0,8,0.79,0.21,0,0,5,1,0,9,False,True,0,0,53,41,30,3.81,AI is off,AI is off,AI is off,AI is off,Not paired,AI is off,0,0,0
648000,28.3,0,8,0.8,0.21,0,0,5,1,0,9,False,True,0,0,53,40,30,3.81,AI is off,AI is off,AI is off,AI is off,Not paired,AI is off,0,0,0
650000,28.2,0,8,0.8,0.21,0,0,5,1,0,9,False,True,0,0,53,41,31,3.81,AI is off,AI is off,AI is off,AI is off,Not paired,AI is off,0,0,0
652000,28.2,0,8,0.8,0.21,0,0,5,1,0,9,False,True,0,0,54,43,33,3.81,AI is off,AI is off,AI is off,AI is off,Not paired,AI is off,0,0,0
654000,28.1,0,8,0.8,0.21,0,0,5,1,0,9,False,True,0,0,52,41,30,3.81,AI is off,AI is off,AI is off,AI is off,Not paired,AI is off,0,0,0
656000,28,0,8,0.79,0.21,0,0,5,1,0,9,False,True,0,0,52,41,30,3.81,AI is off,AI is off,AI is off,AI is off,Not paired,AI is off,0,0,0
658000,27.9,0,8,0.79,0.21,0,0,5,1,0,9,False,True,0,0,53,41,31,3.81,AI is off,AI is off,AI is off,AI is off,Not paired,AI is off,0,0,0
660000,27.8,0,8,0.79,0.21,0,0,5,1,0,9,False,True,0,0,52,41,29,3.81,AI is off,AI is off,AI is off,AI is off,Not paired,AI is off,0,0,0
662000,27.7,0,8,0.79,0.21,0,0,5,1,0,9,False,True,0,0,52,40,29,3.81,AI is off,AI is off,AI is off,AI is off,Not paired,AI is off,0,0,0
664000,27.5,0,8,0.78,0.21,0,0,5,1,0,9,False,True,0,0,53,41,30,3.81,AI is off,AI is off,AI is off,AI is off,Not paired,AI is off,0,0,0
666000,27.3,0,8,0.78,0.21,0,0,5,1,0,9,False,True,0,0,54,42,31,3.81,AI is off,AI is off,AI is off,AI is off,Not paired,AI is off,0,0,0
668000,27.2,0,8,0.78,0.21,0,0,5,1,0,9,False,True,0,0,53,42,31,3.81,AI is off,AI is off,AI is off,AI is off,Not paired,AI is off,0,0,0
670000,27.1,0,8,0.77,0.21,0,0,5,1,0,9,False,True,0,0,53,41,30,3.81,AI is off,AI is off,AI is off,AI is off,Not paired,AI is off,0,0,0
672000,27,0,8,0.77,0.21,0,0,5,1,0,9,False,True,0,0,54,42,31,3.81,AI is off,AI is off,AI is off,AI is off,Not paired,AI is off,0,0,0
674000,27,0,8,0.77,0.21,0,0,5,1,0,9,False,True,0,0,53,41,30,3.81,AI is off,AI is off,AI is off,AI is off,Not paired,AI is off,0,0,0
676000,26.9,0,8,0.77,0.21,0,0,5,1,0,9,False,True,0,0,53,41,30,3.81,AI is off,AI is off,AI is off,AI is off,Not paired,AI is off,0,0,0
678000,26.9,0,8,0.77,0.21,0,0,5,1,0,9,False,True,0,0,53,41,30,3.81,AI is off,AI is off,AI is off,AI is off,Not paired,AI is off,0,0,0
680000,26.8,0,8,0.77,0.21,0,0,5,1,0,9,False,True,0,0,53,41,30,3.81,AI is off,AI is off,AI is off,AI is off,Not paired,AI is off,0,0,0
682000,26.5,0,8,0.76,0.21,0,0,5,1,0,9,False,True,0,0,54,43,32,3.81,AI is off,AI is off,AI is off,AI is off,Not paired,AI is off,0,0,0
684000,26.3,0,8,0.76,0.21,0,0,5,1,0,9,False,True,0,0,54,42,31,3.81,AI is off,AI is off,AI is off,AI is off,Not paired,AI is off,0,0,0
686000,26.1,0,8,0.75,0.21,0,0,5,1,0,9,False,True,0,0,53,41,30,3.81,AI is off,AI is off,AI is off,AI is off,Not paired,AI is off,0,0,0
688000,26,0,8,0.75,0.21,0,0,6,1,0,9,False,True,0,0,54,43,32,3.81,AI is off,AI is off,AI is off,AI is off,Not paired,AI is off,0,0,0
690000,25.8,0,8,0.75,0.21,0,0,6,1,0,9,False,True,0,0,53,41,30,3.81,AI is off,AI is off,AI is off,AI is off,Not paired,AI is off,0,0,0
692000,25.6,0,8,0.74,0.21,0,0,6,1,0,9,False,True,0,0,54,43,32,3.81,AI is off,AI is off,AI is off,AI is off,Not paired,AI is off,0,0,0
694000,25.4,0,8,0.74,0.21,0,0,6,1,0,9,False,True,0,0,54,42,31,3.81,AI is off,AI is off,AI is off,AI is off,Not paired,AI is off,0,0,0
696000,25.3,0,8,0.74,0.21,0,0,6,1,0,9,False,True,0,0,54,43,32,3.81,AI is off,AI is off,AI is off,AI is off,Not paired,AI is off,0,0,0
698000,25.3,0,8,0.74,0.21,0,0,7,1,0,9,False,True,0,0,53,41,31,3.81,AI is off,AI is off,AI is off,AI is off,Not paired,AI is off,0,0,0
700000,25.3,0,8,0.74,0.21,0,0,7,1,0,9,False,True,0,0,53,41,30,3.81,AI is off,AI is off,AI is off,AI is off,Not paired,AI is off,0,0,0
702000,25.3,0,8,0.74,0.21,0,0,7,1,0,10,False,True,0,0,52,42,30,3.81,AI is off,AI is off,AI is off,AI is off,Not paired,AI is off,0,0,0
704000,25.1,0,8,0.73,0.21,0,0,7,1,0,10,False,True,0,0,54,42,31,3.81,AI is off,AI is off,AI is off,AI is off,Not paired,AI is off,0,0,0
706000,25,0,8,0.73,0.21,0,0,7,1,0,10,False,True,0,0,53,42,31,3.81,AI is off,AI is off,AI is off,AI is off,Not paired,AI is off,0,0,0
708000,25.1,0,8,0.73,0.21,0,0,7,1,0,10,False,True,0,0,53,41,30,3.81,AI is off,AI is off,AI is off,AI is off,Not paired,AI is off,0,0,0
710000,25,0,8,0.73,0.21,0,0,7,1,0,10,False,True,0,0,53,40,30,3.81,AI is off,AI is off,AI is off,AI is off,Not paired,AI is off,0,0,0
712000,24.9,0,8,0.73,0.21,0,0,7,1,0,10,False,True,0,0,52,39,29,3.81,AI is off,AI is off,AI is off,AI is off,Not paired,AI is off,0,0,0
714000,24.7,0,8,0.72,0.21,0,0,7,1,0,10,False,True,0,0,54,43,32,3.81,AI is off,AI is off,AI is off,AI is off,Not paired,AI is off,0,0,0
716000,24.6,0,8,0.72,0.21,0,0,7,1,0,10,False,True,0,0,53,40,30,3.81,AI is off,AI is off,AI is off,AI is off,Not paired,AI is off,0,0,0
718000,24.5,0,8,0.72,0.21,0,0,7,1,0,10,False,True,0,0,52,40,29,3.81,AI is off,AI is off,AI is off,AI is off,Not paired,AI is off,0,0,0
720000,24.3,0,8,0.72,0.21,0,0,7,1,0,10,False,True,0,0,52,40,29,3.81,AI is off,AI is off,AI is off,AI is off,Not paired,AI is off,0,0,0
722000,24,0,8,0.71,0.21,0,0,7,1,0,10,False,True,0,0,54,44,34,3.81,AI is off,AI is off,AI is off,AI is off,Not paired,AI is off,0,0,0
724000,23.8,0,8,0.7,0.21,0,0,7,1,0,10,False,True,0,0,52,39,29,3.81,AI is off,AI is off,AI is off,AI is off,Not paired,AI is off,0,0,0
726000,23.8,0,8,0.7,0.21,0,0,7,1,0,10,False,True,0,0,52,40,29,3.81,AI is off,AI is off,AI is off,AI is off,Not paired,AI is off,0,0,0
728000,23.3,0,8,0.7,0.21,0,0,7,1,0,10,False,True,0,0,54,42,32,3.81,AI is off,AI is off,AI is off,AI is off,Not paired,AI is off,0,0,0
730000,22.9,0,8,0.69,0.21,0,0,7,1,0,10,False,True,0,0,54,44,33,3.81,AI is off,AI is off,AI is off,AI is off,Not paired,AI is off,0,0,0
732000,22.8,0,8,0.68,0.21,0,0,9,1,0,10,False,True,0,0,53,41,32,3.81,AI is off,AI is off,AI is off,AI is off,Not paired,AI is off,0,0,0
734000,22.9,0,8,0.68,0.21,0,0,9,1,0,10,False,True,0,0,54,43,33,3.81,AI is off,AI is off,AI is off,AI is off,Not paired,AI is off,0,0,0
736000,22.3,0,8,0.67,0.21,0,0,9,1,0,10,False,True,0,0,54,43,33,3.81,AI is off,AI is off,AI is off,AI is off,Not paired,AI is off,0,0,0
738000,22.1,0,8,0.67,0.21,0,0,10,1,0,11,False,True,0,0,54,42,32,3.81,AI is off,AI is off,AI is off,AI is off,Not paired,AI is off,0,0,0
740000,22.1,0,8,0.67,0.21,0,0,10,1,0,11,False,True,0,0,54,43,33,3.81,AI is off,AI is off,AI is off,AI is off,Not paired,AI is off,0,0,0
742000,22.2,0,8,0.67,0.21,0,0,10,1,0,11,False,True,0,0,53,42,32,3.81,AI is off,AI is off,AI is off,AI is off,Not paired,AI is off,0,0,0
744000,22,0,8,0.67,0.21,0,0,10,1,0,11,False,True,0,0,53,42,32,3.81,AI is off,AI is off,AI is off,AI is off,Not paired,AI is off,0,0,0
746000,22.2,0,8,0.67,0.21,0,0,10,1,0,11,False,True,0,0,54,43,33,3.81,AI is off,AI is off,AI is off,AI is off,Not paired,AI is off,0,0,0
748000,22.3,0,8,0.67,0.21,0,0,9,1,0,11,False,True,0,0,53,42,31,3.81,AI is off,AI is off,AI is off,AI is off,Not paired,AI is off,0,0,0
750000,22.6,0,8,0.68,0.21,0,0,9,1,0,11,False,True,0,0,53,42,32,3.81,AI is off,AI is off,AI is off,AI is off,Not paired,AI is off,0,0,0
752000,22.7,0,8,0.68,0.21,0,0,9,1,0,11,False,True,0,0,54,43,32,3.81,AI is off,AI is off,AI is off,AI is off,Not paired,AI is off,0,0,0
754000,22.8,0,8,0.68,0.21,0,0,9,1,0,11,False,True,0,0,52,40,29,3.81,AI is off,AI is off,AI is off,AI is off,Not paired,AI is off,0,0,0
756000,23.1,0,8,0.69,0.21,0,0,9,1,0,11,False,True,0,0,52,39,28,3.81,AI is off,AI is off,AI is off,AI is off,Not paired,AI is off,0,0,0
758000,23,0,8,0.69,0.21,0,0,9,1,0,11,False,True,0,0,53,42,32,3.81,AI is off,AI is off,AI is off,AI is off,Not paired,AI is off,0,0,0
760000,23.3,0,8,0.69,0.21,0,0,9,1,0,11,False,True,0,0,55,44,34,3.81,AI is off,AI is off,AI is off,AI is off,Not paired,AI is off,0,0,0
762000,23.3,0,8,0.69,0.21,0,0,9,1,0,11,False,True,0,0,53,41,32,3.81,AI is off,AI is off,AI is off,AI is off,Not paired,AI is off,0,0,0
764000,23.6,0,8,0.7,0.21,0,0,9,1,0,11,False,True,0,0,53,42,31,3.81,AI is off,AI is off,AI is off,AI is off,Not paired,AI is off,0,0,0
766000,23.5,0,8,0.7,0.21,0,0,7,1,0,11,False,True,0,0,53,42,31,3.81,AI is off,AI is off,AI is off,AI is off,Not paired,AI is off,0,0,0
768000,23.4,0,8,0.7,0.21,0,0,7,1,0,11,False,True,0,0,53,42,32,3.81,AI is off,AI is off,AI is off,AI is off,Not paired,AI is off,0,0,0
770000,23,0,8,0.69,0.21,0,0,8,1,0,11,False,True,0,0,52,40,29,3.81,AI is off,AI is off,AI is off,AI is off,Not paired,AI is off,0,0,0
772000,22.8,0,8,0.68,0.21,0,0,8,1,0,11,False,True,0,0,52,41,30,3.81,AI is off,AI is off,AI is off,AI is off,Not paired,AI is off,0,0,0
774000,22.5,0,8,0.68,0.21,0,0,8,1,0,11,False,True,0,0,53,43,32,3.81,AI is off,AI is off,AI is off,AI is off,Not paired,AI is off,0,0,0
776000,22.5,0,8,0.68,0.21,0,0,8,1,0,11,False,True,0,0,53,43,33,3.81,AI is off,AI is off,AI is off,AI is off,Not paired,AI is off,0,0,0
778000,22.7,0,8,0.68,0.21,0,0,8,1,0,11,False,True,0,0,53,42,32,3.81,AI is off,AI is off,AI is off,AI is off,Not paired,AI is off,0,0,0
780000,22.7,0,8,0.68,0.21,0,0,8,1,0,11,False,True,0,0,52,40,29,3.81,AI is off,AI is off,AI is off,AI is off,Not paired,AI is off,0,0,0
782000,22.6,0,8,0.68,0.21,0,0,8,1,0,11,False,True,0,0,53,42,30,3.81,AI is off,AI is off,AI is off,AI is off,Not paired,AI is off,0,0,0
784000,22.6,0,8,0.68,0.21,0,0,8,1,0,11,False,True,0,0,52,41,30,3.81,AI is off,AI is off,AI is off,AI is off,Not paired,AI is off,0,0,0
786000,22.6,0,8,0.68,0.21,0,0,8,1,0,11,False,True,0,0,52,41,30,3.81,AI is off,AI is off,AI is off,AI is off,Not paired,AI is off,0,0,0
788000,22.5,0,8,0.68,0.21,0,0,8,1,0,11,False,True,0,0,51,40,30,3.81,AI is off,AI is off,AI is off,AI is off,Not paired,AI is off,0,0,0
790000,22.4,0,8,0.68,0.21,0,0,8,1,0,11,False,True,0,0,52,41,30,3.81,AI is off,AI is off,AI is off,AI is off,Not paired,AI is off,0,0,0
792000,22.4,0,8,0.67,0.21,0,0,8,1,0,11,False,True,0,0,52,40,29,3.81,AI is off,AI is off,AI is off,AI is off,Not paired,AI is off,0,0,0
794000,22.2,0,8,0.67,0.21,0,0,8,1,0,11,False,True,0,0,51,40,29,3.81,AI is off,AI is off,AI is off,AI is off,Not paired,AI is off,0,0,0
796000,22,0,8,0.67,0.21,0,0,8,1,0,11,False,True,0,0,54,44,34,3.81,AI is off,AI is off,AI is off,AI is off,Not paired,AI is off,0,0,0
798000,21.9,0,8,0.66,0.21,0,0,9,1,0,11,False,True,0,0,53,42,31,3.81,AI is off,AI is off,AI is off,AI is off,Not paired,AI is off,0,0,0
800000,21.7,0,8,0.66,0.21,0,0,9,1,0,11,False,True,0,0,53,43,32,3.81,AI is off,AI is off,AI is off,AI is off,Not paired,AI is off,0,0,0
802000,21.6,0,8,0.66,0.21,0,0,9,1,0,11,False,True,0,0,53,42,31,3.81,AI is off,AI is off,AI is off,AI is off,Not paired,AI is off,0,0,0
804000,21.4,0,8,0.65,0.21,0,0,10,1,0,11,False,True,0,0,53,42,31,3.81,AI is off,AI is off,AI is off,AI is off,Not paired,AI is off,0,0,0
806000,21.3,0,8,0.65,0.21,0,0,10,1,0,12,False,True,0,0,52,40,29,3.81,AI is off,AI is off,AI is off,AI is off,Not paired,AI is off,0,0,0
808000,21.3,0,8,0.65,0.21,0,0,10,1,0,12,False,True,0,0,54,42,32,3.81,AI is off,AI is off,AI is off,AI is off,Not paired,AI is off,0,0,0
810000,21.2,0,8,0.65,0.21,0,0,10,1,0,12,False,True,0,0,52,40,29,3.81,AI is off,AI is off,AI is off,AI is off,Not paired,AI is off,0,0,0
812000,21.1,0,8,0.65,0.21,0,0,10,1,0,12,False,True,0,0,52,40,29,3.81,AI is off,AI is off,AI is off,AI is off,Not paired,AI is off,0,0,0
814000,21,0,8,0.65,0.21,0,0,10,1,0,12,False,True,0,0,53,42,30,3.81,AI is off,AI is off,AI is off,AI is off,Not paired,AI is off,0,0,0
816000,20.8,0,8,0.64,0.21,0,0,10,1,0,12,False,True,0,0,52,39,29,3.81,AI is off,AI is off,AI is off,AI is off,Not paired,AI is off,0,0,0
818000,20.8,0,8,0.64,0.21,0,0,10,1,0,12,False,True,0,0,53,41,32,3.81,AI is off,AI is off,AI is off,AI is off,Not paired,AI is off,0,0,0
820000,20.8,0,8,0.64,0.21,0,0,11,1,0,12,False,True,0,0,53,41,30,3.81,AI is off,AI is off,AI is off,AI is off,Not paired,AI is off,0,0,0
822000,20.8,0,8,0.64,0.21,0,0,11,1,0,12,False,True,0,0,53,41,31,3.81,AI is off,AI is off,AI is off,AI is off,Not paired,AI is off,0,0,0
824000,20.8,0,8,0.64,0.21,0,0,11,1,0,12,False,True,0,0,54,43,33,3.81,AI is off,AI is off,AI is off,AI is off,Not paired,AI is off,0,0,0
826000,20.8,0,8,0.64,0.21,0,0,11,1,0,12,False,True,0,0,53,42,31,3.81,AI is off,AI is off,AI is off,AI is off,Not paired,AI is off,0,0,0
828000,20.8,0,8,0.64,0.21,0,0,11,1,0,12,False,True,0,0,54,43,33,3.81,AI is off,AI is off,AI is off,AI is off,Not paired,AI is off,0,0,0
830000,20.8,0,8,0.64,0.21,0,0,11,1,0,12,False,True,0,0,52,40,30,3.81,AI is off,AI is off,AI is off,AI is off,Not paired,AI is off,0,0,0
832000,20.6,0,8,0.64,0.21,0,0,11,1,0,12,False,True,0,0,53,41,31,3.81,AI is off,AI is off,AI is off,AI is off,Not paired,AI is off,0,0,0
834000,20.5,0,8,0.63,0.21,0,0,11,1,0,12,False,True,0,0,54,43,32,3.81,AI is off,AI is off,AI is off,AI is off,Not paired,AI is off,0,0,0
836000,20.4,0,7,0.63,0.21,0,0,11,1,0,12,False,True,0,0,54,42,30,3.81,AI is off,AI is off,AI is off,AI is off,Not paired,AI is off,0,0,0
838000,20.3,0,7,0.63,0.21,0,0,11,1,0,12,False,True,0,0,54,44,33,3.81,AI is off,AI is off,AI is off,AI is off,Not paired,AI is off,0,0,0
840000,20.4,0,7,0.63,0.21,0,0,11,1,0,12,False,True,0,0,54,43,32,3.81,AI is off,AI is off,AI is off,AI is off,Not paired,AI is off,0,0,0
842000,20.3,0,7,0.63,0.21,0,0,11,1,0,12,False,True,0,0,54,43,32,3.81,AI is off,AI is off,AI is off,AI is off,Not paired,AI is off,0,0,0
844000,20.1,0,7,0.63,0.21,0,0,11,1,0,12,False,True,0,0,53,41,31,3.81,AI is off,AI is off,AI is off,AI is off,Not paired,AI is off,0,0,0
846000,20,0,7,0.62,0.21,0,0,11,1,0,12,False,True,0,0,53,43,32,3.81,AI is off,AI is off,AI is off,AI is off,Not paired,AI is off,0,0,0
848000,19.6,0,7,0.62,0.21,0,0,13,1,0,12,False,True,0,0,52,41,31,3.81,AI is off,AI is off,AI is off,AI is off,Not paired,AI is off,0,0,0
850000,19.5,0,7,0.61,0.21,0,0,13,1,0,12,False,True,0,0,53,42,32,3.81,AI is off,AI is off,AI is off,AI is off,Not paired,AI is off,0,0,0
852000,19.2,0,7,0.61,0.21,0,0,13,1,0,12,False,True,0,0,53,43,32,3.81,AI is off,AI is off,AI is off,AI is off,Not paired,AI is off,0,0,0
854000,19.1,0,7,0.61,0.21,0,0,15,1,0,12,False,True,0,0,54,42,31,3.81,AI is off,AI is off,AI is off,AI is off,Not paired,AI is off,0,0,0
856000,19.1,0,7,0.61,0.21,0,0,15,1,0,12,False,True,0,0,53,42,31,3.81,AI is off,AI is off,AI is off,AI is off,Not paired,AI is off,0,0,0
858000,19,0,7,0.6,0.21,0,0,15,1,0,12,False,True,0,0,53,41,30,3.81,AI is off,AI is off,AI is off,AI is off,Not paired,AI is off,0,0,0
860000,19.1,0,7,0.61,0.21,0,0,15,1,0,12,False,True,0,0,54,44,34,3.81,AI is off,AI is off,AI is off,AI is off,Not paired,AI is off,0,0,0
862000,19,0,7,0.6,0.21,0,0,15,1,0,12,False,True,0,0,54,43,32,3.81,AI is off,AI is off,AI is off,AI is off,Not paired,AI is off,0,0,0
864000,18.7,0,7,0.6,0.21,0,0,16,1,0,12,False,True,0,0,54,43,32,3.81,AI is off,AI is off,AI is off,AI is off,Not paired,AI is off,0,0,0
866000,18.6,0,7,0.6,0.21,0,0,16,1,0,12,False,True,0,0,54,43,33,3.81,AI is off,AI is off,AI is off,AI is off,Not paired,AI is off,0,0,0
868000,18.4,0,7,0.59,0.21,0,0,16,1,0,12,False,True,0,0,54,43,32,3.81,AI is off,AI is off,AI is off,AI is off,Not paired,AI is off,0,0,0
870000,18.3,0,7,0.59,0.21,0,0,17,1,0,12,False,True,0,0,54,43,32,3.81,AI is off,AI is off,AI is off,AI is off,Not paired,AI is off,0,0,0
872000,18.1,0,7,0.59,0.21,0,0,17,1,0,12,False,True,0,0,54,43,33,3.81,AI is off,AI is off,AI is off,AI is off,Not paired,AI is off,0,0,0
874000,17.8,0,7,0.58,0.21,0,0,17,1,0,12,False,True,0,0,53,40,31,3.81,AI is off,AI is off,AI is off,AI is off,Not paired,AI is off,0,0,0
876000,17.6,0,7,0.58,0.21,0,0,17,1,0,13,False,True,0,0,54,42,32,3.81,AI is off,AI is off,AI is off,AI is off,Not paired,AI is off,0,0,0
878000,17.4,0,7,0.57,0.21,0,0,17,1,0,13,False,True,0,0,52,41,31,3.81,AI is off,AI is off,AI is off,AI is off,Not paired,AI is off,0,0,0
880000,17.4,0,7,0.57,0.21,0,0,21,1,0,13,False,True,0,0,54,44,33,3.81,AI is off,AI is off,AI is off,AI is off,Not paired,AI is off,0,0,0
882000,17.4,0,7,0.57,0.21,0,0,21,1,0,13,False,True,0,0,54,43,33,3.81,AI is off,AI is off,AI is off,AI is off,Not paired,AI is off,0,0,0
884000,17.4,0,7,0.57,0.21,0,0,21,1,0,13,False,True,0,0,53,41,31,3.81,AI is off,AI is off,AI is off,AI is off,Not paired,AI is off,0,0,0
886000,17.2,0,7,0.57,0.21,0,0,21,1,0,13,False,True,0,0,53,41,31,3.81,AI is off,AI is off,AI is off,AI is off,Not paired,AI is off,0,0,0
888000,17,0,7,0.56,0.21,0,0,21,1,0,13,False,True,0,0,54,42,32,3.81,AI is off,AI is off,AI is off,AI is off,Not paired,AI is off,0,0,0
890000,16.9,0,7,0.56,0.21,0,0,21,1,0,13,False,True,0,0,53,42,32,3.81,AI is off,AI is off,AI is off,AI is off,Not paired,AI is off,0,0,0
892000,16.9,0,7,0.56,0.21,0,0,21,1,0,13,False,True,0,0,53,41,31,3.81,AI is off,AI is off,AI is off,AI is off,Not paired,AI is off,0,0,0
894000,16.8,0,7,0.56,0.21,0,0,21,1,0,13,False,True,0,0,53,42,32,3.81,AI is off,AI is off,AI is off,AI is off,Not paired,AI is off,0,0,0
896000,16.5,0,7,0.55,0.21,0,0,21,1,0,13,False,True,0,0,53,41,31,3.81,AI is off,AI is off,AI is off,AI is off,Not paired,AI is off,0,0,0
898000,16.2,0,7,0.55,0.21,0,0,25,1,0,13,False,True,0,0,53,40,30,3.81,AI is off,AI is off,AI is off,AI is off,Not paired,AI is off,0,0,0
900000,15.9,0,7,0.54,0.21,0,0,25,1,0,13,False,True,0,0,53,42,31,3.81,AI is off,AI is off,AI is off,AI is off,Not paired,AI is off,0,0,0
902000,15.7,0,7,0.54,0.21,0,0,29,1,0,13,False,True,0,0,52,41,31,3.81,AI is off,AI is off,AI is off,AI is off,Not paired,AI is off,0,0,0
904000,15.4,0,7,0.53,0.21,0,0,29,1,0,13,False,True,0,0,53,41,31,3.81,AI is off,AI is off,AI is off,AI is off,Not paired,AI is off,0,0,0
906000,15.2,0,7,0.52,0.21,0,0,29,1,0,13,False,True,0,0,53,41,31,3.81,AI is off,AI is off,AI is off,AI is off,Not paired,AI is off,0,0,0
908000,15,0,7,0.52,0.21,0,0,29,1,0,13,False,True,0,0,52,41,30,3.81,AI is off,AI is off,AI is off,AI is off,Not paired,AI is off,0,0,0
910000,14.9,0,7,0.52,0.21,0,0,29,1,0,13,False,True,0,0,52,41,31,3.81,AI is off,AI is off,AI is off,AI is off,Not paired,AI is off,0,0,0
912000,14.9,0,7,0.52,0.21,0,0,29,1,0,13,False,True,0,0,53,42,31,3.81,AI is off,AI is off,AI is off,AI is off,Not paired,AI is off,0,0,0
914000,14.8,0,7,0.52,0.21,0,0,35,1,0,14,False,True,0,0,52,41,31,3.81,AI is off,AI is off,AI is off,AI is off,Not paired,AI is off,0,0,0
916000,14.7,0,7,0.51,0.21,0,0,35,1,0,14,False,True,0,0,53,41,31,3.81,AI is off,AI is off,AI is off,AI is off,Not paired,AI is off,0,0,0
918000,14.7,0,7,0.51,0.21,0,0,35,1,0,14,False,True,0,0,52,42,31,3.81,AI is off,AI is off,AI is off,AI is off,Not paired,AI is off,0,0,0
920000,14.7,0,7,0.51,0.21,0,0,36,1,0,14,False,True,0,0,53,41,30,3.81,AI is off,AI is off,AI is off,AI is off,Not paired,AI is off,0,0,0
922000,14.6,0,7,0.51,0.21,0,0,36,1,0,14,False,True,0,0,53,41,32,3.81,AI is off,AI is off,AI is off,AI is off,Not paired,AI is off,0,0,0
924000,14.6,0,7,0.51,0.21,0,0,36,1,0,14,False,True,0,0,53,43,32,3.81,AI is off,AI is off,AI is off,AI is off,Not paired,AI is off,0,0,0
926000,14.5,0,7,0.51,0.21,0,0,36,1,0,14,False,True,0,0,53,41,30,3.81,AI is off,AI is off,AI is off,AI is off,Not paired,AI is off,0,0,0
928000,14.4,0,7,0.51,0.21,0,0,36,1,0,14,False,True,0,0,53,41,30,3.81,AI is off,AI is off,AI is off,AI is off,Not paired,AI is off,0,0,0
930000,14.3,0,7,0.51,0.21,0,0,38,1,0,14,False,True,0,0,53,42,31,3.81,AI is off,AI is off,AI is off,AI is off,Not paired,AI is off,0,0,0
932000,14.2,0,7,0.5,0.21,0,0,38,1,0,14,False,True,0,0,53,41,31,3.81,AI is off,AI is off,AI is off,AI is off,Not paired,AI is off,0,0,0
934000,14.1,0,7,0.5,0.21,0,0,38,1,0,14,False,True,0,0,54,43,33,3.81,AI is off,AI is off,AI is off,AI is off,Not paired,AI is off,0,0,0
936000,13.9,0,7,0.5,0.21,0,0,40,1,0,15,False,True,0,0,54,42,32,3.81,AI is off,AI is off,AI is off,AI is off,Not paired,AI is off,0,0,0
938000,13.7,0,7,0.49,0.21,0,0,40,1,0,15,False,True,0,0,54,42,33,3.81,AI is off,AI is off,AI is off,AI is off,Not paired,AI is off,0,0,0
940000,13.6,0,7,0.49,0.21,0,0,40,1,0,15,False,True,0,0,54,42,33,3.81,AI is off,AI is off,AI is off,AI is off,Not paired,AI is off,0,0,0
942000,13.4,0,7,0.49,0.21,0,0,40,1,0,15,False,True,0,0,54,42,32,3.81,AI is off,AI is off,AI is off,AI is off,Not paired,AI is off,0,0,0
944000,13.1,0,7,0.48,0.21,0,0,40,1,0,15,False,True,0,0,56,45,35,3.81,AI is off,AI is off,AI is off,AI is off,Not paired,AI is off,0,0,0
946000,12.9,0,7,0.48,0.21,0,0,52,1,0,15,False,True,0,0,55,45,35,3.81,AI is off,AI is off,AI is off,AI is off,Not paired,AI is off,0,0,0
948000,12.9,0,7,0.48,0.21,0,0,52,1,0,15,False,True,0,0,55,44,34,3.81,AI is off,AI is off,AI is off,AI is off,Not paired,AI is off,0,0,0
950000,13,0,7,0.48,0.21,0,0,52,1,0,15,False,True,0,0,53,41,31,3.81,AI is off,AI is off,AI is off,AI is off,Not paired,AI is off,0,0,0
952000,12.8,0,7,0.47,0.21,0,0,52,1,0,15,False,True,0,0,54,40,33,3.81,AI is off,AI is off,AI is off,AI is off,Not paired,AI is off,0,0,0
954000,12.9,0,7,0.48,0.21,0,0,52,1,0,15,False,True,0,0,56,44,34,3.81,AI is off,AI is off,AI is off,AI is off,Not paired,AI is off,0,0,0
956000,13,0,7,0.48,0.21,0,0,52,1,0,15,False,True,0,0,53,42,31,3.81,AI is off,AI is off,AI is off,AI is off,Not paired,AI is off,0,0,0
958000,13.1,0,7,0.48,0.21,0,0,52,1,0,15,False,True,0,0,54,43,34,3.81,AI is off,AI is off,AI is off,AI is off,Not paired,AI is off,0,0,0
960000,13.2,0,7,0.48,0.21,0,0,52,1,0,15,False,True,0,0,54,43,33,3.81,AI is off,AI is off,AI is off,AI is off,Not paired,AI is off,0,0,0
962000,13.2,0,7,0.48,0.21,0,0,52,1,0,15,False,True,0,0,53,41,32,3.81,AI is off,AI is off,AI is off,AI is off,Not paired,AI is off,0,0,0
964000,13,0,7,0.48,0.21,0,0,49,1,0,16,False,True,0,0,53,42,32,3.81,AI is off,AI is off,AI is off,AI is off,Not paired,AI is off,0,0,0
966000,12.9,0,7,0.48,0.21,0,0,49,1,0,16,False,True,0,0,53,41,30,3.81,AI is off,AI is off,AI is off,AI is off,Not paired,AI is off,0,0,0
968000,12.7,0,7,0.47,0.21,0,0,55,1,0,16,False,True,0,0,53,41,32,3.81,AI is off,AI is off,AI is off,AI is off,Not paired,AI is off,0,0,0
970000,12.4,0,7,0.47,0.21,0,0,55,1,0,16,False,True,0,0,54,44,34,3.81,AI is off,AI is off,AI is off,AI is off,Not paired,AI is off,0,0,0
972000,12.3,0,7,0.46,0.21,0,0,55,1,0,16,False,True,0,0,53,42,31,3.81,AI is off,AI is off,AI is off,AI is off,Not paired,AI is off,0,0,0
974000,12.1,0,7,0.46,0.21,0,0,55,1,0,16,False,True,0,0,54,43,32,3.81,AI is off,AI is off,AI is off,AI is off,Not paired,AI is off,0,0,0
976000,11.9,0,7,0.46,0.21,0,0,55,1,0,16,False,True,0,0,54,43,32,3.81,AI is off,AI is off,AI is off,AI is off,Not paired,AI is off,0,0,0
978000,11.6,0,7,0.45,0.21,0,0,55,1,0,16,False,True,0,0,54,42,32,3.81,AI is off,AI is off,AI is off,AI is off,Not paired,AI is off,0,0,0
980000,11.3,0,7,0.45,0.21,0,0,83,1,0,16,False,True,0,0,54,42,32,3.81,AI is off,AI is off,AI is off,AI is off,Not paired,AI is off,0,0,0
982000,11,0,7,0.44,0.21,0,0,83,1,0,16,False,True,0,0,54,41,30,3.81,AI is off,AI is off,AI is off,AI is off,Not paired,AI is off,0,0,0
984000,10.8,0,7,0.43,0.21,0,0,83,1,0,16,False,True,0,0,54,41,30,3.81,AI is off,AI is off,AI is off,AI is off,Not paired,AI is off,0,0,0
986000,10.6,0,7,0.43,0.21,0,0,99,1,0,16,False,True,0,0,55,41,30,3.81,AI is off,AI is off,AI is off,AI is off,Not paired,AI is off,0,0,0
988000,10.4,0,7,0.43,0.21,0,0,99,1,0,16,False,True,0,0,54,41,32,3.81,AI is off,AI is off,AI is off,AI is off,Not paired,AI is off,0,0,0
990000,10.5,0,7,0.43,0.21,0,0,99,1,0,16,False,True,0,0,55,44,34,3.81,AI is off,AI is off,AI is off,AI is off,Not paired,AI is off,0,0,0
992000,10.5,0,7,0.42,0.21,0,0,99,1,0,16,False,True,0,0,56,44,35,3.81,AI is off,AI is off,AI is off,AI is off,Not paired,AI is off,0,0,0
994000,10.3,0,7,0.42,0.21,0,0,99,1,0,17,False,True,0,0,55,44,34,3.81,AI is off,AI is off,AI is off,AI is off,Not paired,AI is off,0,0,0
996000,10.3,0,6,0.42,0.21,0,0,99,1,0,17,False,True,0,0,54,43,34,3.81,AI is off,AI is off,AI is off,AI is off,Not paired,AI is off,0,0,0
998000,10.3,0,6,0.42,0.21,0,0,99,1,0,17,False,True,0,0,54,42,32,3.81,AI is off,AI is off,AI is off,AI is off,Not paired,AI is off,0,0,0
1000000,10.1,0,6,0.42,0.21,0,0,99,1,0,17,False,True,0,0,53,42,32,3.81,AI is off,AI is off,AI is off,AI is off,Not paired,AI is off,0,0,0
1002000,9.900001,0,6,0.42,0.21,0,0,99,1,0,17,False,True,0,0,54,43,33,3.81,AI is off,AI is off,AI is off,AI is off,Not paired,AI is off,0,0,0
1004000,9.7,0,6,0.41,0.21,0,0,99,1,0,17,False,True,0,0,56,44,34,3.81,AI is off,AI is off,AI is off,AI is off,Not paired,AI is off,0,0,0
1006000,9.5,0,6,0.41,0.21,0,0,99,1,0,17,False,True,0,0,54,41,32,3.81,AI is off,AI is off,AI is off,AI is off,Not paired,AI is off,0,0,0
1008000,9.400001,0,6,0.41,0.21,0,0,99,1,0,17,False,True,0,0,53,41,31,3.81,AI is off,AI is off,AI is off,AI is off,Not paired,AI is off,0,0,0
1010000,9.2,0,6,0.4,0.21,0,0,99,1,0,17,False,True,0,0,55,42,32,3.81,AI is off,AI is off,AI is off,AI is off,Not paired,AI is off,0,0,0
1012000,9,0,6,0.4,0.21,0,0,99,1,0,17,False,True,0,0,55,44,34,3.81,AI is off,AI is off,AI is off,AI is off,Not paired,AI is off,0,0,0
1014000,9.1,0,6,0.4,0.21,0,0,99,1,0,17,False,True,0,0,56,44,35,3.81,AI is off,AI is off,AI is off,AI is off,Not paired,AI is off,0,0,0
1016000,9,0,6,0.39,0.21,0,0,99,1,0,17,False,True,0,0,54,41,30,3.81,AI is off,AI is off,AI is off,AI is off,Not paired,AI is off,0,0,0
1018000,8.900001,0,6,0.39,0.21,0,0,99,1,0,17,False,True,0,0,54,40,31,3.81,AI is off,AI is off,AI is off,AI is off,Not paired,AI is off,0,0,0
1020000,8.8,0,6,0.39,0.21,0,0,99,1,0,18,False,True,0,0,56,44,34,3.81,AI is off,AI is off,AI is off,AI is off,Not paired,AI is off,0,0,0
1022000,8.7,0,6,0.39,0.21,0,0,99,1,0,18,False,True,0,0,54,43,32,3.81,AI is off,AI is off,AI is off,AI is off,Not paired,AI is off,0,0,0
1024000,8.5,0,6,0.39,0.21,0,0,99,1,0,18,False,True,0,0,55,45,35,3.81,AI is off,AI is off,AI is off,AI is off,Not paired,AI is off,0,0,0
1026000,8.3,0,6,0.38,0.21,0,0,99,1,0,18,False,True,0,0,56,44,34,3.81,AI is off,AI is off,AI is off,AI is off,Not paired,AI is off,0,0,0
1028000,8,0,6,0.38,0.21,0,0,99,1,0,18,False,True,0,0,53,40,30,3.81,AI is off,AI is off,AI is off,AI is off,Not paired,AI is off,0,0,0
1030000,7.8,0,6,0.37,0.21,0,0,99,1,0,18,False,True,0,0,54,40,31,3.81,AI is off,AI is off,AI is off,AI is off,Not paired,AI is off,0,0,0
1032000,7.6,0,6,0.37,0.21,0,0,99,1,0,18,False,True,0,0,53,40,28,3.81,AI is off,AI is off,AI is off,AI is off,Not paired,AI is off,0,0,0
1034000,7.4,0,6,0.36,0.21,0,0,99,1,0,18,False,True,0,0,54,40,30,3.81,AI is off,AI is off,AI is off,AI is off,Not paired,AI is off,0,0,0
1036000,7.2,0,6,0.36,0.21,0,0,99,1,0,18,False,True,0,0,55,41,31,3.81,AI is off,AI is off,AI is off,AI is off,Not paired,AI is off,0,0,0
1038000,7.2,0,6,0.36,0.21,0,0,99,1,0,18,False,True,0,0,55,43,34,3.81,AI is off,AI is off,AI is off,AI is off,Not paired,AI is off,0,0,0
1040000,7.2,0,6,0.36,0.21,0,0,99,1,0,19,False,True,0,0,62,48,37,3.81,AI is off,AI is off,AI is off,AI is off,Not paired,AI is off,0,0,0
1042000,7.1,0,6,0.36,0.21,0,0,99,1,0,19,False,True,0,0,56,45,35,3.81,AI is off,AI is off,AI is off,AI is off,Not paired,AI is off,0,0,0
1044000,7,0,6,0.35,0.21,0,0,99,1,0,19,False,True,0,0,54,41,31,3.81,AI is off,AI is off,AI is off,AI is off,Not paired,AI is off,0,0,0
1046000,6.9,0,6,0.35,0.21,0,0,99,1,0,19,False,True,0,0,55,44,34,3.81,AI is off,AI is off,AI is off,AI is off,Not paired,AI is off,0,0,0
1048000,6.7,0,6,0.35,0.21,0,0,99,1,0,19,False,True,0,0,61,47,36,3.81,AI is off,AI is off,AI is off,AI is off,Not paired,AI is off,0,0,0
1050000,6.4,0,6,0.34,0.21,0,0,99,1,0,19,False,True,0,0,62,49,38,3.81,AI is off,AI is off,AI is off,AI is off,Not paired,AI is off,0,0,0
1052000,6.1,0,6,0.34,0.21,0,0,99,1,0,19,False,True,0,0,58,45,34,3.81,AI is off,AI is off,AI is off,AI is off,Not paired,AI is off,0,0,0
1054000,6,0,6,0.33,0.21,0,0,99,1,0,19,False,True,0,0,52,40,30,3.81,AI is off,AI is off,AI is off,AI is off,Not paired,AI is off,0,0,0
1056000,5.8,0,6,0.33,0.21,0,0,99,1,0,19,False,True,0,0,65,49,38,3.81,AI is off,AI is off,AI is off,AI is off,Not paired,AI is off,0,0,0
1058000,5.6,0,6,0.33,0.21,0,0,99,1,0,19,False,True,0,0,61,47,37,3.81,AI is off,AI is off,AI is off,AI is off,Not paired,AI is off,0,0,0
1060000,5.6,0,6,0.32,0.21,0,0,99,1,0,19,False,True,0,0,56,43,32,3.81,AI is off,AI is off,AI is off,AI is off,Not paired,AI is off,0,0,0
1062000,5.6,0,6,0.32,0.21,0,0,99,1,0,20,False,True,0,0,56,42,32,3.81,AI is off,AI is off,AI is off,AI is off,Not paired,AI is off,0,0,0
1064000,5.5,0,6,0.32,0.21,0,0,99,1,0,20,False,True,0,0,64,50,39,3.81,AI is off,AI is off,AI is off,AI is off,Not paired,AI is off,0,0,0
1066000,5.7,0,6,0.32,0.21,0,0,99,1,0,20,False,True,0,0,58,46,34,3.81,AI is off,AI is off,AI is off,AI is off,Not paired,AI is off,0,0,0
1068000,5.7,0,6,0.33,0.21,0,0,99,1,0,20,False,True,0,0,55,41,31,3.81,AI is off,AI is off,AI is off,AI is off,Not paired,AI is off,0,0,0
1070000,5.7,0,6,0.33,0.21,0,0,99,1,0,20,False,True,0,0,56,44,35,3.81,AI is off,AI is off,AI is off,AI is off,Not paired,AI is off,0,0,0
1072000,5.7,0,6,0.32,0.21,0,0,99,1,0,20,False,True,0,0,55,42,31,3.81,AI is off,AI is off,AI is off,AI is off,Not paired,AI is off,0,0,0
1074000,5.7,0,6,0.33,0.21,0,0,99,1,0,20,False,True,0,0,53,41,30,3.81,AI is off,AI is off,AI is off,AI is off,Not paired,AI is off,0,0,0
1076000,5.7,0,6,0.32,0.21,0,0,99,1,0,20,False,True,0,0,53,41,30,3.81,AI is off,AI is off,AI is off,AI is off,Not paired,AI is off,0,0,0
1078000,5.6,0,6,0.33,0.21,0,0,99,1,0,20,False,True,0,0,53,42,32,3.81,AI is off,AI is off,AI is off,AI is off,Not paired,AI is off,0,0,0
1080000,5.4,0,6,0.32,0.21,0,0,99,1,0,21,False,True,0,0,52,41,29,3.81,AI is off,AI is off,AI is off,AI is off,Not paired,AI is off,0,0,0
1082000,5.4,0,6,0.32,0.21,0,0,99,1,0,21,False,True,0,0,54,42,31,3.81,AI is off,AI is off,AI is off,AI is off,Not paired,AI is off,0,0,0
1084000,5.2,0,5,0.32,0.21,0,0,99,1,0,21,False,True,0,0,53,41,30,3.81,AI is off,AI is off,AI is off,AI is off,Not paired,AI is off,0,0,0
1086000,5.3,0,5,0.32,0.21,0,0,99,1,0,21,False,True,0,0,53,41,31,3.81,AI is off,AI is off,AI is off,AI is off,Not paired,AI is off,0,0,0
1088000,5.3,0,5,0.32,0.21,0,0,99,1,0,21,False,True,0,0,55,44,35,3.81,AI is off,AI is off,AI is off,AI is off,Not paired,AI is off,0,0,0
1090000,5.3,0,5,0.32,0.21,0,0,99,1,0,21,False,True,0,0,56,44,34,3.81,AI is off,AI is off,AI is off,AI is off,Not paired,AI is off,0,0,0
1092000,5.2,0,5,0.32,0.21,0,0,99,1,0,21,False,True,0,0,57,43,33,3.81,AI is off,AI is off,AI is off,AI is off,Not paired,AI is off,0,0,0
1094000,5.1,0,5,0.31,0.21,0,0,99,1,0,21,False,True,0,0,57,45,35,3.81,AI is off,AI is off,AI is off,AI is off,Not paired,AI is off,0,0,0
1096000,4.9,0,5,0.31,0.21,0,0,99,1,0,21,False,True,0,0,57,46,35,3.81,AI is off,AI is off,AI is off,AI is off,Not paired,AI is off,0,0,0
1098000,5,0,5,0.31,0.21,0,0,99,1,0,21,False,True,0,0,55,42,30,3.81,AI is off,AI is off,AI is off,AI is off,Not paired,AI is off,0,0,0
1100000,5.1,0,5,0.31,0.21,0,0,99,1,0,21,False,True,0,0,57,43,33,3.81,AI is off,AI is off,AI is off,AI is off,Not paired,AI is off,0,0,0
1102000,5.1,0,5,0.31,0.21,0,0,99,1,0,21,False,True,0,0,65,52,39,3.81,AI is off,AI is off,AI is off,AI is off,Not paired,AI is off,0,0,0
1104000,5.3,0,5,0.32,0.21,0,0,99,1,0,21,False,True,0,0,60,46,34,3.81,AI is off,AI is off,AI is off,AI is off,Not paired,AI is off,0,0,0
1106000,5.5,0,5,0.32,0.21,0,0,99,1,0,21,False,True,0,0,56,43,33,3.81,AI is off,AI is off,AI is off,AI is off,Not paired,AI is off,0,0,0
1108000,5.5,0,5,0.32,0.21,0,0,99,1,0,21,False,True,0,0,59,46,35,3.81,AI is off,AI is off,AI is off,AI is off,Not paired,AI is off,0,0,0
1110000,5.5,0,5,0.32,0.21,0,0,99,1,0,21,False,True,0,0,53,39,28,3.81,AI is off,AI is off,AI is off,AI is off,Not paired,AI is off,0,0,0
1112000,5.6,0,5,0.32,0.21,0,0,99,1,0,21,False,True,0,0,57,45,33,3.81,AI is off,AI is off,AI is off,AI is off,Not paired,AI is off,0,0,0
1114000,5.7,0,5,0.33,0.21,0,0,99,1,0,21,False,True,0,0,56,43,32,3.81,AI is off,AI is off,AI is off,AI is off,Not paired,AI is off,0,0,0
1116000,5.9,0,5,0.33,0.21,0,0,99,1,0,21,False,True,0,0,58,44,34,3.81,AI is off,AI is off,AI is off,AI is off,Not paired,AI is off,0,0,0
1118000,6.1,0,5,0.33,0.21,0,0,99,1,0,21,False,True,0,0,55,42,31,3.81,AI is off,AI is off,AI is off,AI is off,Not paired,AI is off,0,0,0
1120000,6.2,0,5,0.33,0.21,0,0,99,1,0,21,False,True,0,0,55,41,33,3.81,AI is off,AI is off,AI is off,AI is off,Not paired,AI is off,0,0,0
1122000,6.2,0,5,0.34,0.21,0,0,99,1,0,21,False,True,0,0,55,44,34,3.81,AI is off,AI is off,AI is off,AI is off,Not paired,AI is off,0,0,0
1124000,6.1,0,5,0.34,0.21,0,0,99,1,0,21,False,True,0,0,52,40,29,3.81,AI is off,AI is off,AI is off,AI is off,Not paired,AI is off,0,0,0
1126000,5.8,0,5,0.33,0.21,0,0,99,1,0,21,False,True,0,0,52,40,30,3.81,AI is off,AI is off,AI is off,AI is off,Not paired,AI is off,0,0,0
1128000,5.6,0,5,0.32,0.21,0,0,99,1,0,22,False,True,0,0,54,40,29,3.81,AI is off,AI is off,AI is off,AI is off,Not paired,AI is off,0,0,0
1130000,5.5,0,5,0.32,0.21,0,0,99,1,0,22,False,True,0,0,54,41,31,3.81,AI is off,AI is off,AI is off,AI is off,Not paired,AI is off,0,0,0
1132000,5.5,0,5,0.32,0.21,0,0,99,1,0,22,False,True,0,0,55,41,30,3.81,AI is off,AI is off,AI is off,AI is off,Not paired,AI is off,0,0,0
1134000,5.4,0,5,0.32,0.21,0,0,99,1,0,22,False,True,0,0,56,43,32,3.81,AI is off,AI is off,AI is off,AI is off,Not paired,AI is off,0,0,0
1136000,5.4,0,5,0.32,0.21,0,0,99,1,0,22,False,True,0,0,58,46,35,3.81,AI is off,AI is off,AI is off,AI is off,Not paired,AI is off,0,0,0
1138000,5.5,0,5,0.32,0.21,0,0,99,1,0,22,False,True,0,0,56,44,32,3.81,AI is off,AI is off,AI is off,AI is off,Not paired,AI is off,0,0,0
1140000,5.6,0,5,0.32,0.21,0,0,99,1,0,22,False,True,0,0,59,46,35,3.81,AI is off,AI is off,AI is off,AI is off,Not paired,AI is off,0,0,0
1142000,5.8,0,5,0.33,0.21,0,0,99,1,0,22,False,True,0,0,57,45,33,3.81,AI is off,AI is off,AI is off,AI is off,Not paired,AI is off,0,0,0
1144000,5.9,0,5,0.33,0.21,0,0,99,1,0,22,False,True,0,0,54,41,30,3.81,AI is off,AI is off,AI is off,AI is off,Not paired,AI is off,0,0,0
1146000,5.9,0,5,0.33,0.21,0,0,99,1,0,22,False,True,0,0,55,41,30,3.81,AI is off,AI is off,AI is off,AI is off,Not paired,AI is off,0,0,0
1148000,5.9,0,5,0.33,0.21,0,0,99,1,0,22,False,True,0,0,54,42,32,3.81,AI is off,AI is off,AI is off,AI is off,Not paired,AI is off,0,0,0
1150000,5.9,0,4,0.33,0.21,0,0,99,1,0,22,False,True,0,0,53,41,32,3.81,AI is off,AI is off,AI is off,AI is off,Not paired,AI is off,0,0,0
1152000,5.9,0,4,0.33,0.21,0,0,99,1,0,22,False,True,0,0,52,41,30,3.81,AI is off,AI is off,AI is off,AI is off,Not paired,AI is off,0,0,0
1154000,6,0,4,0.33,0.21,0,0,99,1,0,22,False,True,0,0,52,40,29,3.81,AI is off,AI is off,AI is off,AI is off,Not paired,AI is off,0,0,0
1156000,5.9,0,4,0.33,0.21,0,0,99,1,0,22,False,True,0,0,53,41,31,3.81,AI is off,AI is off,AI is off,AI is off,Not paired,AI is off,0,0,0
1158000,5.8,0,4,0.33,0.21,0,0,99,1,0,22,False,True,0,0,61,46,34,3.81,AI is off,AI is off,AI is off,AI is off,Not paired,AI is off,0,0,0
1160000,5.8,0,4,0.33,0.21,0,0,99,1,0,22,False,True,0,0,51,40,29,3.81,AI is off,AI is off,AI is off,AI is off,Not paired,AI is off,0,0,0
1162000,5.7,0,4,0.33,0.21,0,0,99,1,0,22,False,True,0,0,52,40,30,3.81,AI is off,AI is off,AI is off,AI is off,Not paired,AI is off,0,0,0
1164000,5.4,0,4,0.32,0.21,0,0,99,1,0,22,False,True,0,0,63,49,37,3.81,AI is off,AI is off,AI is off,AI is off,Not paired,AI is off,0,0,0
1166000,5.6,0,4,0.32,0.21,0,0,99,1,0,22,False,True,0,0,59,45,36,3.81,AI is off,AI is off,AI is off,AI is off,Not paired,AI is off,0,0,0
1168000,5.6,0,4,0.32,0.21,0,0,99,1,0,22,False,True,0,0,59,47,36,3.81,AI is off,AI is off,AI is off,AI is off,Not paired,AI is off,0,0,0
1170000,5.7,0,4,0.32,0.21,0,0,99,1,0,22,False,True,0,0,58,47,34,3.81,AI is off,AI is off,AI is off,AI is off,Not paired,AI is off,0,0,0
1172000,5.9,0,4,0.33,0.21,0,0,99,1,0,22,False,True,0,0,64,49,38,3.81,AI is off,AI is off,AI is off,AI is off,Not paired,AI is off,0,0,0
1174000,6,0,4,0.33,0.21,0,0,99,1,0,22,False,True,0,0,57,43,33,3.81,AI is off,AI is off,AI is off,AI is off,Not paired,AI is off,0,0,0
1176000,6,0,4,0.33,0.21,0,0,99,1,0,22,False,True,0,0,60,44,34,3.81,AI is off,AI is off,AI is off,AI is off,Not paired,AI is off,0,0,0
1178000,5.9,0,4,0.33,0.21,0,0,99,1,0,22,False,True,0,0,60,47,37,3.81,AI is off,AI is off,AI is off,AI is off,Not paired,AI is off,0,0,0
1180000,5.9,0,4,0.33,0.21,0,0,99,1,0,22,False,True,0,0,55,42,32,3.81,AI is off,AI is off,AI is off,AI is off,Not paired,AI is off,0,0,0
1182000,5.8,0,4,0.33,0.21,0,0,99,1,0,22,False,True,0,0,54,42,33,3.81,AI is off,AI is off,AI is off,AI is off,Not paired,AI is off,0,0,0
1184000,5.6,0,4,0.32,0.21,0,0,99,1,0,22,False,True,0,0,57,44,33,3.81,AI is off,AI is off,AI is off,AI is off,Not paired,AI is off,0,0,0
1186000,5.5,0,4,0.32,0.21,0,0,99,1,0,22,False,True,0,0,63,49,37,3.81,AI is off,AI is off,AI is off,AI is off,Not paired,AI is off,0,0,0
1188000,5.5,0,4,0.32,0.21,0,0,99,1,0,22,False,True,0,0,66,52,39,3.81,AI is off,AI is off,AI is off,AI is off,Not paired,AI is off,0,0,0
1190000,5.7,0,4,0.32,0.21,0,0,99,1,0,22,False,True,0,0,61,46,34,3.81,AI is off,AI is off,AI is off,AI is off,Not paired,AI is off,0,0,0
1192000,5.8,0,4,0.33,0.21,0,0,99,1,0,22,False,True,0,0,59,46,37,3.81,AI is off,AI is off,AI is off,AI is off,Not paired,AI is off,0,0,0
1194000,5.9,0,4,0.33,0.21,0,0,99,1,0,22,False,True,0,0,57,45,34,3.81,AI is off,AI is off,AI is off,AI is off,Not paired,AI is off,0,0,0
1196000,6.1,0,4,0.33,0.21,0,0,99,1,0,22,False,True,0,0,58,46,33,3.81,AI is off,AI is off,AI is off,AI is off,Not paired,AI is off,0,0,0
1198000,6.2,0,4,0.33,0.21,0,0,99,1,0,22,False,True,0,0,56,43,33,3.81,AI is off,AI is off,AI is off,AI is off,Not paired,AI is off,0,0,0
1200000,6.2,0,4,0.34,0.21,0,0,99,1,0,22,False,True,0,0,55,42,32,3.81,AI is off,AI is off,AI is off,AI is off,Not paired,AI is off,0,0,0
1202000,5.9,0,4,0.33,0.21,0,0,99,1,0,22,False,True,0,0,58,46,34,3.81,AI is off,AI is off,AI is off,AI is off,Not paired,AI is off,0,0,0
1204000,5.6,0,4,0.32,0.21,0,0,99,1,0,22,False,True,0,0,64,50,37,3.81,AI is off,AI is off,AI is off,AI is off,Not paired,AI is off,0,0,0
1206000,5.3,0,3,0.32,0.21,0,0,99,1,0,22,False,True,0,0,63,48,36,3.81,AI is off,AI is off,AI is off,AI is off,Not paired,AI is off,0,0,0
1208000,5.3,0,3,0.32,0.21,0,0,99,1,0,22,False,True,0,0,61,46,34,3.81,AI is off,AI is off,AI is off,AI is off,Not paired,AI is off,0,0,0
1210000,5.1,0,3,0.31,0.21,0,0,99,1,0,22,False,True,0,0,55,43,32,3.81,AI is off,AI is off,AI is off,AI is off,Not paired,AI is off,0,0,0
1212000,5,0,3,0.31,0.21,0,0,99,1,0,22,False,True,0,0,55,41,31,3.81,AI is off,AI is off,AI is off,AI is off,Not paired,AI is off,0,0,0
1214000,4.9,0,3,0.31,0.21,0,0,99,1,0,22,False,True,0,0,63,49,37,3.81,AI is off,AI is off,AI is off,AI is off,Not paired,AI is off,0,0,0
1216000,5,0,3,0.31,0.21,0,0,99,1,0,22,False,True,0,0,62,48,37,3.81,AI is off,AI is off,AI is off,AI is off,Not paired,AI is off,0,0,0
1218000,4.9,0,3,0.31,0.21,0,0,99,1,0,22,False,True,0,0,64,49,38,3.81,AI is off,AI is off,AI is off,AI is off,Not paired,AI is off,0,0,0
1220000,4.8,0,3,0.31,0.21,0,0,99,1,0,22,False,True,0,0,61,47,36,3.81,AI is off,AI is off,AI is off,AI is off,Not paired,AI is off,0,0,0
1222000,4.9,0,3,0.31,0.21,0,0,99,1,0,22,False,True,0,0,62,47,35,3.81,AI is off,AI is off,AI is off,AI is off,Not paired,AI is off,0,0,0
1224000,5,0,3,0.31,0.21,0,0,99,1,0,22,False,True,0,0,61,49,38,3.81,AI is off,AI is off,AI is off,AI is off,Not paired,AI is off,0,0,0
1226000,5.1,0,3,0.31,0.21,0,0,99,1,0,22,False,True,0,0,61,48,35,3.81,AI is off,AI is off,AI is off,AI is off,Not paired,AI is off,0,0,0
1228000,5.3,0,3,0.32,0.21,0,0,99,1,0,22,False,True,0,0,62,48,36,3.81,AI is off,AI is off,AI is off,AI is off,Not paired,AI is off,0,0,0
1230000,5.5,0,3,0.32,0.21,0,0,99,1,0,22,False,True,0,0,57,44,32,3.81,AI is off,AI is off,AI is off,AI is off,Not paired,AI is off,0,0,0
1232000,5.5,0,3,0.32,0.21,0,0,99,1,0,22,False,True,0,0,55,42,31,3.81,AI is off,AI is off,AI is off,AI is off,Not paired,AI is off,0,0,0
1234000,5.4,0,3,0.32,0.21,0,0,99,1,0,22,False,True,0,0,58,44,33,3.81,AI is off,AI is off,AI is off,AI is off,Not paired,AI is off,0,0,0
1236000,5.5,0,3,0.32,0.21,0,0,99,1,0,22,False,True,0,0,54,41,31,3.81,AI is off,AI is off,AI is off,AI is off,Not paired,AI is off,0,0,0
1238000,5.3,0,3,0.32,0.21,0,0,99,1,0,22,False,True,0,0,55,42,32,3.81,AI is off,AI is off,AI is off,AI is off,Not paired,AI is off,0,0,0
1240000,5.3,0,3,0.31,0.21,0,0,99,1,0,22,False,True,0,0,55,41,31,3.81,AI is off,AI is off,AI is off,AI is off,Not paired,AI is off,0,0,0
1242000,5.3,0,3,0.32,0.21,0,0,99,1,0,22,False,True,0,0,61,47,35,3.81,AI is off,AI is off,AI is off,AI is off,Not paired,AI is off,0,0,0
1244000,5.2,0,3,0.31,0.21,0,0,99,1,0,22,False,True,0,0,63,47,34,3.81,AI is off,AI is off,AI is off,AI is off,Not paired,AI is off,0,0,0
1246000,5.4,0,3,0.32,0.21,0,0,99,1,0,22,False,True,0,0,60,45,33,3.81,AI is off,AI is off,AI is off,AI is off,Not paired,AI is off,0,0,0
1248000,5.5,0,3,0.32,0.21,0,0,99,1,0,22,False,True,0,0,65,49,37,3.81,AI is off,AI is off,AI is off,AI is off,Not paired,AI is off,0,0,0
1250000,5.7,0,3,0.32,0.21,0,0,99,1,0,22,False,True,0,0,58,44,33,3.81,AI is off,AI is off,AI is off,AI is off,Not paired,AI is off,0,0,0
1252000,5.7,0,3,0.32,0.21,0,0,99,1,0,22,False,True,0,0,60,46,34,3.81,AI is off,AI is off,AI is off,AI is off,Not paired,AI is off,0,0,0
1254000,5.8,0,3,0.33,0.21,0,0,99,1,0,22,False,True,0,0,57,45,33,3.81,AI is off,AI is off,AI is off,AI is off,Not paired,AI is off,0,0,0
1256000,5.8,0,3,0.33,0.21,0,0,99,1,0,22,False,True,0,0,59,45,34,3.81,AI is off,AI is off,AI is off,AI is off,Not paired,AI is off,0,0,0
1258000,5.9,0,3,0.33,0.21,0,0,99,1,0,22,False,True,0,0,56,43,33,3.81,AI is off,AI is off,AI is off,AI is off,Not paired,AI is off,0,0,0
1260000,5.9,0,3,0.33,0.21,0,0,99,1,0,22,False,True,0,0,53,39,29,3.81,AI is off,AI is off,AI is off,AI is off,Not paired,AI is off,0,0,0
1262000,5.9,0,3,0.33,0.21,0,0,99,1,0,22,False,True,0,0,56,43,32,3.81,AI is off,AI is off,AI is off,AI is off,Not paired,AI is off,0,0,0
1264000,5.8,0,3,0.33,0.21,0,0,99,1,0,22,False,True,0,0,58,43,33,3.81,AI is off,AI is off,AI is off,AI is off,Not paired,AI is off,0,0,0
1266000,5.9,0,2,0.33,0.21,0,0,99,1,0,22,False,True,0,0,59,46,34,3.81,AI is off,AI is off,AI is off,AI is off,Not paired,AI is off,0,0,0
1268000,6.1,0,2,0.33,0.21,0,0,99,1,0,22,False,True,0,0,58,44,33,3.81,AI is off,AI is off,AI is off,AI is off,Not paired,AI is off,0,0,0
1270000,6.3,0,2,0.34,0.21,0,0,99,1,0,22,False,True,0,0,55,42,31,3.81,AI is off,AI is off,AI is off,AI is off,Not paired,AI is off,0,0,0
1272000,6.4,0,2,0.34,0.21,0,0,99,1,0,22,False,True,0,0,55,42,31,3.81,AI is off,AI is off,AI is off,AI is off,Not paired,AI is off,0,0,0
1274000,6.3,0,2,0.34,0.21,0,0,99,1,0,22,False,True,0,0,54,40,29,3.81,AI is off,AI is off,AI is off,AI is off,Not paired,AI is off,0,0,0
1276000,6.3,0,2,0.34,0.21,0,0,99,1,0,22,False,True,0,0,58,44,32,3.81,AI is off,AI is off,AI is off,AI is off,Not paired,AI is off,0,0,0
1278000,6.3,0,2,0.34,0.21,0,0,99,1,0,22,False,True,0,0,57,43,33,3.81,AI is off,AI is off,AI is off,AI is off,Not paired,AI is off,0,0,0
1280000,6.2,0,2,0.34,0.21,0,0,99,1,0,22,False,True,0,0,63,49,37,3.81,AI is off,AI is off,AI is off,AI is off,Not paired,AI is off,0,0,0
1282000,6.2,0,2,0.34,0.21,0,0,99,1,0,22,False,True,0,0,61,46,34,3.81,AI is off,AI is off,AI is off,AI is off,Not paired,AI is off,0,0,0
1284000,6.2,0,2,0.34,0.21,0,0,99,1,0,22,False,True,0,0,56,44,33,3.81,AI is off,AI is off,AI is off,AI is off,Not paired,AI is off,0,0,0
1286000,6.1,0,2,0.33,0.21,0,0,99,1,0,22,False,True,0,0,57,45,33,3.81,AI is off,AI is off,AI is off,AI is off,Not paired,AI is off,0,0,0
1288000,6.2,0,2,0.34,0.21,0,0,99,1,0,22,False,True,0,0,55,41,31,3.81,AI is off,AI is off,AI is off,AI is off,Not paired,AI is off,0,0,0
1290000,6.3,0,2,0.34,0.21,0,0,99,1,0,22,False,True,0,0,54,42,32,3.81,AI is off,AI is off,AI is off,AI is off,Not paired,AI is off,0,0,0
1292000,6.4,0,2,0.34,0.21,0,0,99,1,0,22,False,True,0,0,54,39,29,3.81,AI is off,AI is off,AI is off,AI is off,Not paired,AI is off,0,0,0
1294000,6.5,0,2,0.34,0.21,0,0,99,1,0,22,False,True,0,0,58,44,33,3.81,AI is off,AI is off,AI is off,AI is off,Not paired,AI is off,0,0,0
1296000,6.6,0,2,0.34,0.21,0,0,99,1,0,22,False,True,0,0,55,43,32,3.81,AI is off,AI is off,AI is off,AI is off,Not paired,AI is off,0,0,0
1298000,6.5,0,2,0.34,0.21,0,0,99,1,0,22,False,True,0,0,52,40,29,3.81,AI is off,AI is off,AI is off,AI is off,Not paired,AI is off,0,0,0
1300000,6.2,0,2,0.34,0.21,0,0,99,1,0,22,False,True,0,0,54,40,30,3.81,AI is off,AI is off,AI is off,AI is off,Not paired,AI is off,0,0,0
1302000,6.1,0,2,0.34,0.21,0,0,99,1,0,22,False,True,0,0,54,41,30,3.81,AI is off,AI is off,AI is off,AI is off,Not paired,AI is off,0,0,0
1304000,6.4,0,2,0.34,0.21,0,0,99,1,0,22,False,True,0,0,52,40,29,3.81,AI is off,AI is off,AI is off,AI is off,Not paired,AI is off,0,0,0
1306000,6.3,0,2,0.34,0.21,0,0,99,1,0,22,False,True,0,0,52,40,29,3.81,AI is off,AI is off,AI is off,AI is off,Not paired,AI is off,0,0,0
1308000,6.4,0,2,0.34,0.21,0,0,99,1,0,23,False,True,0,0,55,41,31,3.81,AI is off,AI is off,AI is off,AI is off,Not paired,AI is off,0,0,0
1310000,6.4,0,2,0.34,0.21,0,0,99,1,0,22,False,True,0,0,53,39,30,3.81,AI is off,AI is off,AI is off,AI is off,Not paired,AI is off,0,0,0
1312000,6.4,0,2,0.34,0.21,0,0,99,1,0,22,False,True,0,0,54,40,30,3.81,AI is off,AI is off,AI is off,AI is off,Not paired,AI is off,0,0,0
1314000,6.4,0,2,0.34,0.21,0,0,99,1,0,22,False,True,0,0,59,45,33,3.81,AI is off,AI is off,AI is off,AI is off,Not paired,AI is off,0,0,0
1316000,6.4,0,2,0.34,0.21,0,0,99,1,0,22,False,True,0,0,58,45,34,3.81,AI is off,AI is off,AI is off,AI is off,Not paired,AI is off,0,0,0
1318000,6.3,0,2,0.34,0.21,0,0,99,1,0,23,False,True,0,0,52,40,31,3.81,AI is off,AI is off,AI is off,AI is off,Not paired,AI is off,0,0,0
1320000,6.4,0,2,0.34,0.21,0,0,99,1,0,22,False,True,0,0,52,39,28,3.81,AI is off,AI is off,AI is off,AI is off,Not paired,AI is off,0,0,0
1322000,6.5,0,2,0.34,0.21,0,0,99,1,0,22,False,True,0,0,53,41,30,3.81,AI is off,AI is off,AI is off,AI is off,Not paired,AI is off,0,0,0
1324000,6.4,0,2,0.34,0.21,0,0,99,1,0,22,False,True,0,0,51,39,28,3.81,AI is off,AI is off,AI is off,AI is off,Not paired,AI is off,0,0,0
1326000,6.3,0,2,0.34,0.21,0,0,99,1,0,23,False,True,0,0,58,45,34,3.81,AI is off,AI is off,AI is off,AI is off,Not paired,AI is off,0,0,0
1328000,6.4,0,2,0.34,0.21,0,0,99,1,0,23,False,True,0,0,64,48,36,3.81,AI is off,AI is off,AI is off,AI is off,Not paired,AI is off,0,0,0
1330000,6.4,0,2,0.34,0.21,0,0,99,1,0,23,False,True,0,0,57,45,33,3.81,AI is off,AI is off,AI is off,AI is off,Not paired,AI is off,0,0,0
1332000,6.4,0,2,0.34,0.21,0,0,99,1,0,23,False,True,0,0,52,39,27,3.81,AI is off,AI is off,AI is off,AI is off,Not paired,AI is off,0,0,0
1334000,6.1,0,2,0.34,0.21,0,0,99,1,0,23,False,True,0,0,52,39,30,3.81,AI is off,AI is off,AI is off,AI is off,Not paired,AI is off,0,0,0
1336000,5.6,0,1,0.32,0.21,0,0,99,1,0,23,False,True,0,0,52,40,30,3.81,AI is off,AI is off,AI is off,AI is off,Not paired,AI is off,0,0,0
1338000,5.4,0,1,0.32,0.21,0,0,99,1,0,23,False,True,0,0,67,51,38,3.81,AI is off,AI is off,AI is off,AI is off,Not paired,AI is off,0,0,0
1340000,5.6,0,1,0.32,0.21,0,0,99,1,0,23,False,True,0,0,55,41,30,3.81,AI is off,AI is off,AI is off,AI is off,Not paired,AI is off,0,0,0
1342000,5.9,0,1,0.33,0.21,0,0,99,1,0,23,False,True,0,0,57,43,32,3.81,AI is off,AI is off,AI is off,AI is off,Not paired,AI is off,0,0,0
1344000,6,0,1,0.33,0.21,0,0,99,1,0,23,False,True,0,0,53,42,31,3.81,AI is off,AI is off,AI is off,AI is off,Not paired,AI is off,0,0,0
1346000,6.4,0,1,0.34,0.21,0,0,99,1,0,23,False,True,0,0,52,39,30,3.81,AI is off,AI is off,AI is off,AI is off,Not paired,AI is off,0,0,0
1348000,6.3,0,1,0.34,0.21,0,0,99,1,0,23,False,True,0,0,56,43,32,3.81,AI is off,AI is off,AI is off,AI is off,Not paired,AI is off,0,0,0
1350000,6.5,0,1,0.34,0.21,0,0,99,1,0,23,False,True,0,0,65,50,39,3.81,AI is off,AI is off,AI is off,AI is off,Not paired,AI is off,0,0,0
1352000,6.6,0,1,0.34,0.21,0,0,99,1,0,23,False,True,0,0,55,41,30,3.81,AI is off,AI is off,AI is off,AI is off,Not paired,AI is off,0,0,0
1354000,6.6,0,1,0.35,0.21,0,0,99,1,0,23,False,True,0,0,52,39,29,3.81,AI is off,AI is off,AI is off,AI is off,Not paired,AI is off,0,0,0
1356000,6.5,0,1,0.34,0.21,0,0,99,1,0,23,False,True,0,0,51,39,28,3.81,AI is off,AI is off,AI is off,AI is off,Not paired,AI is off,0,0,0
1358000,6.5,0,1,0.34,0.21,0,0,99,1,0,23,False,True,0,0,54,41,31,3.81,AI is off,AI is off,AI is off,AI is off,Not paired,AI is off,0,0,0
1360000,6.6,0,1,0.34,0.21,0,0,99,1,0,23,False,True,0,0,53,41,30,3.81,AI is off,AI is off,AI is off,AI is off,Not paired,AI is off,0,0,0
1362000,6.6,0,1,0.34,0.21,0,0,99,1,0,23,False,True,0,0,54,42,32,3.81,AI is off,AI is off,AI is off,AI is off,Not paired,AI is off,0,0,0
1364000,6.4,0,1,0.34,0.21,0,0,99,1,0,23,False,True,0,0,54,41,30,3.81,AI is off,AI is off,AI is off,AI is off,Not paired,AI is off,0,0,0
1366000,6.3,0,1,0.34,0.21,0,0,99,1,0,23,False,True,0,0,52,41,29,3.81,AI is off,AI is off,AI is off,AI is off,Not paired,AI is off,0,0,0
1368000,6.2,0,1,0.34,0.21,0,0,99,1,0,23,False,True,0,0,52,39,28,3.81,AI is off,AI is off,AI is off,AI is off,Not paired,AI is off,0,0,0
1370000,6.1,0,1,0.33,0.21,0,0,99,1,0,23,False,True,0,0,52,40,28,3.81,AI is off,AI is off,AI is off,AI is off,Not paired,AI is off,0,0,0
1372000,6.1,0,1,0.33,0.21,0,0,99,1,0,23,False,True,0,0,52,41,29,3.81,AI is off,AI is off,AI is off,AI is off,Not paired,AI is off,0,0,0
1374000,6.1,0,1,0.33,0.21,0,0,99,1,0,23,False,True,0,0,51,39,27,3.81,AI is off,AI is off,AI is off,AI is off,Not paired,AI is off,0,0,0
1376000,6,0,1,0.33,0.21,0,0,99,1,0,23,False,True,0,0,52,41,29,3.81,AI is off,AI is off,AI is off,AI is off,Not paired,AI is off,0,0,0
1378000,5.8,0,1,0.33,0.21,0,0,99,1,0,23,False,True,0,0,51,39,28,3.81,AI is off,AI is off,AI is off,AI is off,Not paired,AI is off,0,0,0
1380000,5.7,0,1,0.33,0.21,0,0,99,1,0,23,False,True,0,0,53,40,29,3.81,AI is off,AI is off,AI is off,AI is off,Not paired,AI is off,0,0,0
1382000,5.7,0,1,0.33,0.21,0,0,99,1,0,23,False,True,0,0,51,41,28,3.81,AI is off,AI is off,AI is off,AI is off,Not paired,AI is off,0,0,0
1384000,5.6,0,1,0.33,0.21,0,0,99,1,0,23,False,True,0,0,53,41,31,3.81,AI is off,AI is off,AI is off,AI is off,Not paired,AI is off,0,0,0
1386000,5.5,0,1,0.32,0.21,0,0,99,1,0,23,False,True,0,0,52,40,28,3.81,AI is off,AI is off,AI is off,AI is off,Not paired,AI is off,0,0,0
1388000,5.4,0,1,0.32,0.21,0,0,99,1,0,23,False,True,0,0,52,41,30,3.81,AI is off,AI is off,AI is off,AI is off,Not paired,AI is off,0,0,0
1390000,5.2,0,1,0.32,0.21,0,0,99,1,0,23,False,True,0,0,63,48,37,3.81,AI is off,AI is off,AI is off,AI is off,Not paired,AI is off,0,0,0
1392000,5,0,1,0.31,0.21,0,0,99,1,0,23,False,True,0,0,55,44,33,3.81,AI is off,AI is off,AI is off,AI is off,Not paired,AI is off,0,0,0
1394000,4.8,0,1,0.31,0.21,0,0,99,1,0,23,False,True,0,0,53,40,28,3.81,AI is off,AI is off,AI is off,AI is off,Not paired,AI is off,0,0,0
1396000,4.4,0,1,0.3,0.21,0,0,99,1,0,23,False,True,0,0,54,41,30,3.81,AI is off,AI is off,AI is off,AI is off,Not paired,AI is off,0,0,0
1398000,4.2,0,1,0.29,0.21,0,0,99,1,0,23,False,True,0,0,53,40,30,3.81,AI is off,AI is off,AI is off,AI is off,Not paired,AI is off,0,0,0
1400000,4.1,0,1,0.29,0.21,0,0,99,1,0,23,False,True,0,0,53,41,30,3.81,AI is off,AI is off,AI is off,AI is off,Not paired,AI is off,0,0,0
1402000,3.8,0,1,0.29,0.21,0,0,99,1,0,23,False,True,0,0,53,42,32,3.81,AI is off,AI is off,AI is off,AI is off,Not paired,AI is off,0,0,0
1404000,3.6,0,1,0.28,0.21,0,0,99,1,0,23,False,True,0,0,54,40,29,3.81,AI is off,AI is off,AI is off,AI is off,Not paired,AI is off,0,0,0
1406000,3.3,0,1,0.28,0.21,0,0,99,1,0,23,False,True,0,0,54,40,30,3.81,AI is off,AI is off,AI is off,AI is off,Not paired,AI is off,0,0,0
1408000,3.2,0,1,0.27,0.21,0,0,99,1,0,23,False,True,0,0,54,40,30,3.81,AI is off,AI is off,AI is off,AI is off,Not paired,AI is off,0,0,0
1410000,2.9,0,1,0.27,0.21,0,0,99,1,0,23,False,True,0,0,54,40,30,3.81,AI is off,AI is off,AI is off,AI is off,Not paired,AI is off,0,0,0
1412000,2.8,0,1,0.26,0.21,0,0,99,1,0,23,False,True,0,0,53,41,30,3.81,AI is off,AI is off,AI is off,AI is off,Not paired,AI is off,0,0,0
1414000,2.5,0,1,0.26,0.21,0,0,99,1,0,23,False,True,0,0,62,47,36,3.81,AI is off,AI is off,AI is off,AI is off,Not paired,AI is off,0,0,0
1416000,2.4,0,1,0.26,0.21,0,0,99,1,0,23,False,True,0,0,69,52,40,3.81,AI is off,AI is off,AI is off,AI is off,Not paired,AI is off,0,0,0
1418000,2.3,0,1,0.25,0.21,0,0,99,1,0,23,False,True,0,0,69,53,40,3.81,AI is off,AI is off,AI is off,AI is off,Not paired,AI is off,0,0,0
1420000,2.2,0,1,0.25,0.21,0,0,99,1,0,23,False,True,0,0,69,53,40,3.81,AI is off,AI is off,AI is off,AI is off,Not paired,AI is off,0,0,0
1422000,2,0,1,0.25,0.21,0,0,99,1,0,23,False,True,0,0,65,48,36,3.81,AI is off,AI is off,AI is off,AI is off,Not paired,AI is off,0,0,0
1424000,1.9,0,1,0.25,0.21,0,0,99,1,0,23,False,True,0,0,69,54,41,3.81,AI is off,AI is off,AI is off,AI is off,Not paired,AI is off,0,0,0
1426000,1.9,0,1,0.24,0.21,0,0,99,1,0,24,False,True,0,0,69,54,40,3.81,AI is off,AI is off,AI is off,AI is off,Not paired,AI is off,0,0,0
1428000,1.8,0,1,0.24,0.21,0,0,99,1,0,24,False,True,0,0,61,45,33,3.81,AI is off,AI is off,AI is off,AI is off,Not paired,AI is off,0,0,0
1430000,1.5,0,1,0.24,0.21,0,0,99,1,0,24,False,True,0,0,64,49,36,3.81,AI is off,AI is off,AI is off,AI is off,Not paired,AI is off,0,0,0
1432000,1.1,0,1,0.23,0.21,0,0,99,1,0,24,False,True,0,0,69,52,40,3.81,AI is off,AI is off,AI is off,AI is off,Not paired,AI is off,0,0,0
1434000,0,0,1,0.22,0.21,0,0,99,1,0,24,False,True,0,0,66,50,38,3.81,AI is off,AI is off,AI is off,AI is off,Not paired,AI is off,0,0,0
1436000,0,0,1,0.22,0.21,0,0,99,1,0,24,False,True,0,0,61,47,35,3.81,AI is off,AI is off,AI is off,AI is off,Not paired,AI is off,0,0,0
1438000,0,0,1,0.22,0.21,0,0,99,1,0,24,False,True,0,0,51,39,27,3.81,AI is off,AI is off,AI is off,AI is off,Not paired,AI is off,0,0,0
1440000,0,0,1,0.21,0.21,0,0,99,1,0,24,False,True,0,0,54,41,30,3.81,AI is off,AI is off,AI is off,AI is off,Not paired,AI is off,0,0,0
1442000,0,0,0,0.21,0.21,0,0,99,1,0,24,False,True,0,0,54,40,30,3.81,AI is off,AI is off,AI is off,AI is off,Not paired,AI is off,0,0,0
1444000,0,0,0,0.21,0.21,0,0,99,1,0,24,False,True,0,0,54,41,28,3.81,AI is off,AI is off,AI is off,AI is off,Not paired,AI is off,0,0,0
1446000,0,0,0,0.21,0.21,0,0,99,1,0,24,False,True,0,0,53,41,30,3.81,AI is off,AI is off,AI is off,AI is off,Not paired,AI is off,0,0,0
1448000,0,0,1,0.22,0.21,0,0,99,1,0,24,False,True,0,0,51,40,31,3.81,AI is off,AI is off,AI is off,AI is off,Not paired,AI is off,0,0,0
1450000,0,0,1,0.22,0.21,0,0,99,1,0,24,False,True,0,0,52,39,29,3.81,AI is off,AI is off,AI is off,AI is off,Not paired,AI is off,0,0,0
1452000,0,0,1,0.22,0.21,0,0,99,1,0,24,False,True,0,0,51,39,31,3.81,AI is off,AI is off,AI is off,AI is off,Not paired,AI is off,0,0,0
1454000,0,0,1,0.22,0.21,0,0,99,1,0,24,False,True,0,0,51,39,29,3.81,AI is off,AI is off,AI is off,AI is off,Not paired,AI is off,0,0,0
1456000,0,0,1,0.22,0.21,0,0,99,1,0,24,False,True,0,0,51,40,31,3.81,AI is off,AI is off,AI is off,AI is off,Not paired,AI is off,0,0,0
1458000,0,0,1,0.22,0.21,0,0,99,1,0,24,False,True,0,0,50,39,29,3.81,AI is off,AI is off,AI is off,AI is off,Not paired,AI is off,0,0,0
1460000,0,0,1,0.22,0.21,0,0,99,1,0,25,False,True,0,0,51,39,29,3.81,AI is off,AI is off,AI is off,AI is off,Not paired,AI is off,0,0,0
1462000,0,0,1,0.21,0.21,0,0,99,1,0,25,False,True,0,0,50,38,27,3.81,AI is off,AI is off,AI is off,AI is off,Not paired,AI is off,0,0,0
1464000,0,0,1,0.21,0.21,0,0,99,1,0,25,False,True,0,0,51,39,28,3.81,AI is off,AI is off,AI is off,AI is off,Not paired,AI is off,0,0,0
1466000,0,0,0,0.21,0.21,0,0,99,1,0,25,False,True,0,0,55,43,32,3.81,AI is off,AI is off,AI is off,AI is off,Not paired,AI is off,0,0,0
1468000,0,0,0,0.21,0.21,0,0,99,1,0,25,False,True,0,0,52,39,30,3.81,AI is off,AI is off,AI is off,AI is off,Not paired,AI is off,0,0,0
1470000,0,0,0,0.21,0.21,0,0,99,1,0,25,False,True,0,0,53,39,29,3.81,AI is off,AI is off,AI is off,AI is off,Not paired,AI is off,0,0,0
1472000,0,0,0,0.21,0.21,0,0,99,1,0,25,False,True,0,0,56,42,31,3.81,AI is off,AI is off,AI is off,AI is off,Not paired,AI is off,0,0,0
1474000,0,0,0,0.21,0.21,0,0,99,1,0,25,False,True,0,0,52,40,29,3.81,AI is off,AI is off,AI is off,AI is off,Not paired,AI is off,0,0,0
1476000,0,0,0,0.21,0.21,0,0,99,1,0,25,False,True,0,0,53,38,26,3.81,AI is off,AI is off,AI is off,AI is off,Not paired,AI is off,0,0,0
1478000,0,0,0,0.21,0.21,0,0,99,1,0,25,False,True,0,0,52,40,29,3.81,AI is off,AI is off,AI is off,AI is off,Not paired,AI is off,0,0,0
1480000,0,0,0,0.21,0.21,0,0,99,1,0,25,False,True,0,0,55,41,31,3.81,AI is off,AI is off,AI is off,AI is off,Not paired,AI is off,0,0,0
1482000,0,0,0,0.21,0.21,0,0,99,1,0,25,False,True,0,0,53,39,28,3.81,AI is off,AI is off,AI is off,AI is off,Not paired,AI is off,0,0,0
1484000,0,0,0,0.21,0.21,0,0,99,1,0,25,False,True,0,0,52,38,25,3.81,AI is off,AI is off,AI is off,AI is off,Not paired,AI is off,0,0,0
1486000,0,0,0,0.21,0.21,0,0,99,1,0,25,False,True,0,0,55,42,30,3.81,AI is off,AI is off,AI is off,AI is off,Not paired,AI is off,0,0,0
1488000,0,0,0,0.21,0.21,0,0,99,1,0,25,False,True,0,0,52,38,26,3.81,AI is off,AI is off,AI is off,AI is off,Not paired,AI is off,0,0,0
1490000,0,0,0,0.21,0.21,0,0,99,1,0,25,False,True,0,0,54,40,30,3.81,AI is off,AI is off,AI is off,AI is off,Not paired,AI is off,0,0,0
1492000,0,0,0,0.21,0.21,0,0,99,1,0,25,False,True,0,0,54,39,27,3.81,AI is off,AI is off,AI is off,AI is off,Not paired,AI is off,0,0,0