Dive Number,GF Minimum,GF Maximum,Surface Interval (min),Imperial Units,Start Battery Voltage,Start CNS %,Start Date,Start External O2 Sensor Status,Start Low Set Point,Start High Set Point,Computer Firmware Version,Max Depth,Max Time,Error History,End Battery Voltage,End CNS,End Date,End External O2 Sensor Status,End Low Set Point,End High Set Point,Computer Serial Number,Computer Firmware Version,Computer Model,Log Version,Deco Model,VPM-B Conservatism,Start Surface Pressure,End Surface Pressure,Product
165,40,85,167,False,3.9,0,8/18/2024 2:46:49 PM,False,0,1,86,22.2,1767,,3.9,3,8/18/2024 3:16:11 PM,False,0,1,937B0677,86,2,13,GF,40/85,1003,1003,Peregrine
Time (ms),Depth,First Stop Depth,Time To Surface (min),Average PPO2,Fraction O2,Fraction He,First Stop Time,Current NDL,Current Circuit Mode,Current CCR Mode,Water Temp,Gas Switch Needed,External PPO2,Set Point Type,Circuit Switch Type,External O2 Sensor 1 (mV),External O2 Sensor 2 (mV),External O2 Sensor 3 (mV),Battery Voltage,Tank 1 pressure (PSI),Tank 2 pressure (PSI),Tank 3 pressure (PSI),Tank 4 pressure (PSI),Gas Time Remaining,SAC Rate (2 minute avg),Ascent Rate,Safe Ascent Depth,CO2mbar
0,4.3,0,1,0.3,0.21,0,0,0,1,0,27,False,True,0,0,51,35,25,3.86,AI is off,AI is off,AI is off,AI is off,Not paired,AI is off,0,0,0
2000,4.7,0,1,0.3,0.21,0,0,0,1,0,27,False,True,0,0,52,37,26,3.87,AI is off,AI is off,AI is off,AI is off,Not paired,AI is off,0,0,0
4000,5.4,0,1,0.32,0.21,0,0,99,1,0,27,False,True,0,0,50,37,25,3.87,AI is off,AI is off,AI is off,AI is off,Not paired,AI is off,0,0,0
6000,6.4,0,1,0.34,0.21,0,0,99,1,0,27,False,True,0,0,51,37,25,3.87,AI is off,AI is off,AI is off,AI is off,Not paired,AI is off,0,0,0
8000,7,0,1,0.35,0.21,0,0,99,1,0,27,False,True,0,0,50,37,25,3.87,AI is off,AI is off,AI is off,AI is off,Not paired,AI is off,0,0,0
10000,7.5,0,1,0.36,0.21,0,0,99,1,0,27,False,True,0,0,50,37,25,3.87,AI is off,AI is off,AI is off,AI is off,Not paired,AI is off,0,0,0
12000,7.9,0,1,0.37,0.21,0,0,99,1,0,26,False,True,0,0,54,40,28,3.87,AI is off,AI is off,AI is off,AI is off,Not paired,AI is off,0,0,0
14000,8,0,1,0.38,0.21,0,0,99,1,0,26,False,True,0,0,55,40,29,3.87,AI is off,AI is off,AI is off,AI is off,Not paired,AI is off,0,0,0
16000,8.7,0,1,0.39,0.21,0,0,99,1,0,26,False,True,0,0,50,35,25,3.87,AI is off,AI is off,AI is off,AI is off,Not paired,AI is off,0,0,0
18000,9.5,0,1,0.4,0.21,0,0,99,1,0,26,False,True,0,0,50,35,25,3.87,AI is off,AI is off,AI is off,AI is off,Not paired,AI is off,0,0,0
20000,10.2,0,1,0.42,0.21,0,0,99,1,0,26,False,True,0,0,52,38,26,3.87,AI is off,AI is off,AI is off,AI is off,Not paired,AI is off,0,0,0
22000,10.7,0,1,0.43,0.21,0,0,99,1,0,26,False,True,0,0,52,39,26,3.87,AI is off,AI is off,AI is off,AI is off,Not paired,AI is off,0,0,0
24000,11.1,0,1,0.44,0.21,0,0,99,1,0,26,False,True,0,0,52,39,26,3.87,AI is off,AI is off,AI is off,AI is off,Not paired,AI is off,0,0,0
26000,11.5,0,2,0.45,0.21,0,0,99,1,0,26,False,True,0,0,52,39,26,3.87,AI is off,AI is off,AI is off,AI is off,Not paired,AI is off,0,0,0
28000,12.1,0,2,0.46,0.21,0,0,99,1,0,26,False,True,0,0,51,38,26,3.87,AI is off,AI is off,AI is off,AI is off,Not paired,AI is off,0,0,0
30000,12.6,0,5,0.47,0.21,0,0,98,1,0,25,False,True,0,0,51,39,27,3.87,AI is off,AI is off,AI is off,AI is off,Not paired,AI is off,0,0,0
32000,13.2,0,5,0.48,0.21,0,0,98,1,0,25,False,True,0,0,52,38,28,3.87,AI is off,AI is off,AI is off,AI is off,Not paired,AI is off,0,0,0
34000,13.7,0,5,0.49,0.21,0,0,98,1,0,25,False,True,0,0,53,38,28,3.87,AI is off,AI is off,AI is off,AI is off,Not paired,AI is off,0,0,0
36000,13.8,0,5,0.49,0.21,0,0,98,1,0,25,False,True,0,0,49,36,24,3.87,AI is off,AI is off,AI is off,AI is off,Not paired,AI is off,0,0,0
38000,14.2,0,5,0.5,0.21,0,0,98,1,0,24,False,True,0,0,51,38,26,3.87,AI is off,AI is off,AI is off,AI is off,Not paired,AI is off,0,0,0
40000,14.9,0,5,0.52,0.21,0,0,98,1,0,24,False,True,0,0,50,37,26,3.87,AI is off,AI is off,AI is off,AI is off,Not paired,AI is off,0,0,0
42000,15.2,0,5,0.52,0.21,0,0,65,1,0,24,False,True,0,0,51,38,26,3.87,AI is off,AI is off,AI is off,AI is off,Not paired,AI is off,0,0,0
44000,15.7,0,5,0.53,0.21,0,0,65,1,0,24,False,True,0,0,50,37,26,3.87,AI is off,AI is off,AI is off,AI is off,Not paired,AI is off,0,0,0
46000,16.3,0,5,0.55,0.21,0,0,65,1,0,23,False,True,0,0,50,37,25,3.87,AI is off,AI is off,AI is off,AI is off,Not paired,AI is off,0,0,0
48000,16.9,0,5,0.56,0.21,0,0,53,1,0,23,False,True,0,0,50,37,25,3.87,AI is off,AI is off,AI is off,AI is off,Not paired,AI is off,0,0,0
50000,17.5,0,5,0.57,0.21,0,0,53,1,0,23,False,True,0,0,50,37,25,3.87,AI is off,AI is off,AI is off,AI is off,Not paired,AI is off,0,0,0
52000,18,0,5,0.58,0.21,0,0,53,1,0,23,False,True,0,0,50,38,25,3.87,AI is off,AI is off,AI is off,AI is off,Not paired,AI is off,0,0,0
54000,18.4,0,5,0.59,0.21,0,0,53,1,0,23,False,True,0,0,52,38,28,3.87,AI is off,AI is off,AI is off,AI is off,Not paired,AI is off,0,0,0
56000,18.9,0,5,0.6,0.21,0,0,53,1,0,22,False,True,0,0,51,37,26,3.87,AI is off,AI is off,AI is off,AI is off,Not paired,AI is off,0,0,0
58000,19.2,0,5,0.61,0.21,0,0,36,1,0,22,False,True,0,0,52,38,28,3.87,AI is off,AI is off,AI is off,AI is off,Not paired,AI is off,0,0,0
60000,19.7,0,5,0.62,0.21,0,0,36,1,0,21,False,True,0,0,50,36,24,3.87,AI is off,AI is off,AI is off,AI is off,Not paired,AI is off,0,0,0
62000,20,0,5,0.62,0.21,0,0,36,1,0,21,False,True,0,0,53,39,28,3.87,AI is off,AI is off,AI is off,AI is off,Not paired,AI is off,0,0,0
64000,20.4,0,5,0.63,0.21,0,0,32,1,0,20,False,True,0,0,51,38,27,3.87,AI is off,AI is off,AI is off,AI is off,Not paired,AI is off,0,0,0
66000,20.7,0,5,0.64,0.21,0,0,32,1,0,20,False,True,0,0,50,37,26,3.87,AI is off,AI is off,AI is off,AI is off,Not paired,AI is off,0,0,0
68000,20.8,0,5,0.64,0.21,0,0,32,1,0,20,False,True,0,0,50,36,24,3.87,AI is off,AI is off,AI is off,AI is off,Not paired,AI is off,0,0,0
70000,21,0,5,0.65,0.21,0,0,32,1,0,20,False,True,0,0,52,39,27,3.87,AI is off,AI is off,AI is off,AI is off,Not paired,AI is off,0,0,0
72000,21.2,0,5,0.65,0.21,0,0,32,1,0,20,False,True,0,0,50,37,26,3.87,AI is off,AI is off,AI is off,AI is off,Not paired,AI is off,0,0,0
74000,21.2,0,6,0.65,0.21,0,0,27,1,0,20,False,True,0,0,51,38,26,3.87,AI is off,AI is off,AI is off,AI is off,Not paired,AI is off,0,0,0
76000,21.1,0,6,0.65,0.21,0,0,27,1,0,20,False,True,0,0,49,37,25,3.87,AI is off,AI is off,AI is off,AI is off,Not paired,AI is off,0,0,0
78000,21.3,0,6,0.65,0.21,0,0,27,1,0,19,False,True,0,0,51,38,26,3.87,AI is off,AI is off,AI is off,AI is off,Not paired,AI is off,0,0,0
80000,21.3,0,6,0.65,0.21,0,0,27,1,0,19,False,True,0,0,51,39,26,3.87,AI is off,AI is off,AI is off,AI is off,Not paired,AI is off,0,0,0
82000,21.3,0,6,0.65,0.21,0,0,27,1,0,19,False,True,0,0,52,40,28,3.87,AI is off,AI is off,AI is off,AI is off,Not paired,AI is off,0,0,0
84000,21.3,0,6,0.65,0.21,0,0,27,1,0,19,False,True,0,0,53,40,27,3.87,AI is off,AI is off,AI is off,AI is off,Not paired,AI is off,0,0,0
86000,21.4,0,6,0.66,0.21,0,0,27,1,0,19,False,True,0,0,52,40,28,3.87,AI is off,AI is off,AI is off,AI is off,Not paired,AI is off,0,0,0
88000,21.5,0,6,0.66,0.21,0,0,27,1,0,19,False,True,0,0,52,41,28,3.87,AI is off,AI is off,AI is off,AI is off,Not paired,AI is off,0,0,0
90000,21.5,0,6,0.66,0.21,0,0,26,1,0,19,False,True,0,0,52,40,27,3.87,AI is off,AI is off,AI is off,AI is off,Not paired,AI is off,0,0,0
92000,21.5,0,6,0.66,0.21,0,0,26,1,0,18,False,True,0,0,52,40,28,3.87,AI is off,AI is off,AI is off,AI is off,Not paired,AI is off,0,0,0
94000,21.6,0,6,0.66,0.21,0,0,26,1,0,18,False,True,0,0,52,40,29,3.87,AI is off,AI is off,AI is off,AI is off,Not paired,AI is off,0,0,0
96000,21.6,0,6,0.66,0.21,0,0,26,1,0,18,False,True,0,0,52,40,29,3.87,AI is off,AI is off,AI is off,AI is off,Not paired,AI is off,0,0,0
98000,21.6,0,6,0.66,0.21,0,0,26,1,0,18,False,True,0,0,52,39,28,3.87,AI is off,AI is off,AI is off,AI is off,Not paired,AI is off,0,0,0
100000,21.8,0,6,0.66,0.21,0,0,26,1,0,18,False,True,0,0,50,38,27,3.87,AI is off,AI is off,AI is off,AI is off,Not paired,AI is off,0,0,0
102000,21.7,0,6,0.66,0.21,0,0,26,1,0,18,False,True,0,0,52,40,28,3.87,AI is off,AI is off,AI is off,AI is off,Not paired,AI is off,0,0,0
104000,21,0,6,0.65,0.21,0,0,26,1,0,18,False,True,0,0,51,38,26,3.87,AI is off,AI is off,AI is off,AI is off,Not paired,AI is off,0,0,0
106000,20.3,0,5,0.64,0.21,0,0,30,1,0,17,False,True,0,0,51,39,27,3.87,AI is off,AI is off,AI is off,AI is off,Not paired,AI is off,0,0,0
108000,19.8,0,5,0.62,0.21,0,0,30,1,0,17,False,True,0,0,50,38,27,3.87,AI is off,AI is off,AI is off,AI is off,Not paired,AI is off,0,0,0
110000,19.6,0,5,0.62,0.21,0,0,30,1,0,17,False,True,0,0,52,39,30,3.87,AI is off,AI is off,AI is off,AI is off,Not paired,AI is off,0,0,0
112000,19.5,0,5,0.62,0.21,0,0,33,1,0,17,False,True,0,0,50,36,25,3.87,AI is off,AI is off,AI is off,AI is off,Not paired,AI is off,0,0,0
114000,19.7,0,5,0.62,0.21,0,0,33,1,0,17,False,True,0,0,51,38,29,3.87,AI is off,AI is off,AI is off,AI is off,Not paired,AI is off,0,0,0
116000,19.7,0,5,0.62,0.21,0,0,33,1,0,17,False,True,0,0,52,40,28,3.87,AI is off,AI is off,AI is off,AI is off,Not paired,AI is off,0,0,0
118000,19.7,0,5,0.62,0.21,0,0,33,1,0,17,False,True,0,0,51,38,27,3.87,AI is off,AI is off,AI is off,AI is off,Not paired,AI is off,0,0,0
120000,19.9,0,5,0.62,0.21,0,0,33,1,0,17,False,True,0,0,52,40,28,3.87,AI is off,AI is off,AI is off,AI is off,Not paired,AI is off,0,0,0
122000,20,0,5,0.63,0.21,0,0,33,1,0,17,False,True,0,0,52,40,29,3.87,AI is off,AI is off,AI is off,AI is off,Not paired,AI is off,0,0,0
124000,20.1,0,5,0.63,0.21,0,0,31,1,0,17,False,True,0,0,52,40,28,3.87,AI is off,AI is off,AI is off,AI is off,Not paired,AI is off,0,0,0
126000,20.2,0,5,0.63,0.21,0,0,31,1,0,17,False,True,0,0,52,40,29,3.87,AI is off,AI is off,AI is off,AI is off,Not paired,AI is off,0,0,0
128000,20.3,0,5,0.63,0.21,0,0,30,1,0,17,False,True,0,0,54,41,29,3.87,AI is off,AI is off,AI is off,AI is off,Not paired,AI is off,0,0,0
130000,20.4,0,5,0.64,0.21,0,0,30,1,0,17,False,True,0,0,54,41,29,3.87,AI is off,AI is off,AI is off,AI is off,Not paired,AI is off,0,0,0
132000,20.4,0,5,0.64,0.21,0,0,30,1,0,16,False,True,0,0,52,38,28,3.87,AI is off,AI is off,AI is off,AI is off,Not paired,AI is off,0,0,0
134000,19.5,0,5,0.62,0.21,0,0,30,1,0,16,False,True,0,0,53,39,28,3.87,AI is off,AI is off,AI is off,AI is off,Not paired,AI is off,0,0,0
136000,18.8,0,5,0.6,0.21,0,0,30,1,0,16,False,True,0,0,50,38,26,3.87,AI is off,AI is off,AI is off,AI is off,Not paired,AI is off,0,0,0
138000,19.2,0,5,0.6,0.21,0,0,30,1,0,16,False,True,0,0,51,39,28,3.87,AI is off,AI is off,AI is off,AI is off,Not paired,AI is off,0,0,0
140000,20.1,0,5,0.62,0.21,0,0,33,1,0,16,False,True,0,0,50,38,27,3.87,AI is off,AI is off,AI is off,AI is off,Not paired,AI is off,0,0,0
142000,20.4,0,5,0.63,0.21,0,0,33,1,0,16,False,True,0,0,51,39,27,3.87,AI is off,AI is off,AI is off,AI is off,Not paired,AI is off,0,0,0
144000,20.3,0,5,0.63,0.21,0,0,33,1,0,16,False,True,0,0,52,40,28,3.87,AI is off,AI is off,AI is off,AI is off,Not paired,AI is off,0,0,0
146000,20.5,0,5,0.63,0.21,0,0,30,1,0,16,False,True,0,0,53,41,30,3.87,AI is off,AI is off,AI is off,AI is off,Not paired,AI is off,0,0,0
148000,20.8,0,5,0.64,0.21,0,0,30,1,0,16,False,True,0,0,52,40,28,3.87,AI is off,AI is off,AI is off,AI is off,Not paired,AI is off,0,0,0
150000,20.9,0,5,0.65,0.21,0,0,30,1,0,16,False,True,0,0,51,38,27,3.87,AI is off,AI is off,AI is off,AI is off,Not paired,AI is off,0,0,0
152000,21,0,5,0.65,0.21,0,0,30,1,0,16,False,True,0,0,52,40,28,3.87,AI is off,AI is off,AI is off,AI is off,Not paired,AI is off,0,0,0
154000,21,0,5,0.65,0.21,0,0,30,1,0,16,False,True,0,0,52,39,28,3.87,AI is off,AI is off,AI is off,AI is off,Not paired,AI is off,0,0,0
156000,21,0,6,0.65,0.21,0,0,27,1,0,16,False,True,0,0,54,41,30,3.87,AI is off,AI is off,AI is off,AI is off,Not paired,AI is off,0,0,0
158000,20.9,0,6,0.65,0.21,0,0,27,1,0,16,False,True,0,0,52,40,29,3.87,AI is off,AI is off,AI is off,AI is off,Not paired,AI is off,0,0,0
160000,21,0,6,0.65,0.21,0,0,27,1,0,16,False,True,0,0,53,40,28,3.87,AI is off,AI is off,AI is off,AI is off,Not paired,AI is off,0,0,0
162000,21,0,6,0.65,0.21,0,0,27,1,0,16,False,True,0,0,51,40,29,3.87,AI is off,AI is off,AI is off,AI is off,Not paired,AI is off,0,0,0
164000,20.6,0,6,0.64,0.21,0,0,27,1,0,16,False,True,0,0,50,37,25,3.87,AI is off,AI is off,AI is off,AI is off,Not paired,AI is off,0,0,0
166000,20.1,0,6,0.63,0.21,0,0,27,1,0,16,False,True,0,0,50,38,26,3.87,AI is off,AI is off,AI is off,AI is off,Not paired,AI is off,0,0,0
168000,19.5,0,6,0.62,0.21,0,0,27,1,0,15,False,True,0,0,53,40,29,3.87,AI is off,AI is off,AI is off,AI is off,Not paired,AI is off,0,0,0
170000,19.6,0,6,0.62,0.21,0,0,27,1,0,15,False,True,0,0,52,40,30,3.87,AI is off,AI is off,AI is off,AI is off,Not paired,AI is off,0,0,0
172000,19.7,0,5,0.62,0.21,0,0,32,1,0,15,False,True,0,0,52,40,29,3.87,AI is off,AI is off,AI is off,AI is off,Not paired,AI is off,0,0,0
174000,19.8,0,5,0.62,0.21,0,0,32,1,0,15,False,True,0,0,53,40,29,3.87,AI is off,AI is off,AI is off,AI is off,Not paired,AI is off,0,0,0
176000,19.9,0,5,0.62,0.21,0,0,32,1,0,15,False,True,0,0,53,41,30,3.87,AI is off,AI is off,AI is off,AI is off,Not paired,AI is off,0,0,0
178000,20,0,5,0.63,0.21,0,0,31,1,0,15,False,True,0,0,53,40,30,3.87,AI is off,AI is off,AI is off,AI is off,Not paired,AI is off,0,0,0
180000,20.1,0,5,0.63,0.21,0,0,31,1,0,15,False,True,0,0,53,41,30,3.87,AI is off,AI is off,AI is off,AI is off,Not paired,AI is off,0,0,0
182000,20.3,0,5,0.63,0.21,0,0,31,1,0,15,False,True,0,0,52,40,29,3.87,AI is off,AI is off,AI is off,AI is off,Not paired,AI is off,0,0,0
184000,20.3,0,5,0.63,0.21,0,0,31,1,0,15,False,True,0,0,52,40,29,3.87,AI is off,AI is off,AI is off,AI is off,Not paired,AI is off,0,0,0
186000,20,0,5,0.63,0.21,0,0,31,1,0,15,False,True,0,0,52,40,29,3.87,AI is off,AI is off,AI is off,AI is off,Not paired,AI is off,0,0,0
188000,20,0,5,0.62,0.21,0,0,31,1,0,15,False,True,0,0,53,40,29,3.87,AI is off,AI is off,AI is off,AI is off,Not paired,AI is off,0,0,0
190000,20.1,0,5,0.63,0.21,0,0,30,1,0,15,False,True,0,0,52,41,30,3.87,AI is off,AI is off,AI is off,AI is off,Not paired,AI is off,0,0,0
192000,20.1,0,5,0.63,0.21,0,0,30,1,0,15,False,True,0,0,53,41,31,3.87,AI is off,AI is off,AI is off,AI is off,Not paired,AI is off,0,0,0
194000,20.1,0,5,0.63,0.21,0,0,30,1,0,15,False,True,0,0,52,40,29,3.87,AI is off,AI is off,AI is off,AI is off,Not paired,AI is off,0,0,0
196000,20.1,0,5,0.63,0.21,0,0,30,1,0,15,False,True,0,0,52,40,28,3.87,AI is off,AI is off,AI is off,AI is off,Not paired,AI is off,0,0,0
198000,20.2,0,5,0.63,0.21,0,0,30,1,0,15,False,True,0,0,53,40,29,3.87,AI is off,AI is off,AI is off,AI is off,Not paired,AI is off,0,0,0
200000,20.3,0,5,0.63,0.21,0,0,30,1,0,15,False,True,0,0,52,40,29,3.87,AI is off,AI is off,AI is off,AI is off,Not paired,AI is off,0,0,0
202000,20.6,0,5,0.64,0.21,0,0,30,1,0,15,False,True,0,0,51,39,27,3.87,AI is off,AI is off,AI is off,AI is off,Not paired,AI is off,0,0,0
204000,21.1,0,5,0.64,0.21,0,0,30,1,0,15,False,True,0,0,53,40,28,3.87,AI is off,AI is off,AI is off,AI is off,Not paired,AI is off,0,0,0
206000,21.7,0,6,0.66,0.21,0,0,25,1,0,15,False,True,0,0,53,39,28,3.87,AI is off,AI is off,AI is off,AI is off,Not paired,AI is off,0,0,0
208000,21.9,0,6,0.66,0.21,0,0,25,1,0,15,False,True,0,0,53,41,30,3.87,AI is off,AI is off,AI is off,AI is off,Not paired,AI is off,0,0,0
210000,22.1,0,6,0.67,0.21,0,0,25,1,0,15,False,True,0,0,53,41,29,3.87,AI is off,AI is off,AI is off,AI is off,Not paired,AI is off,0,0,0
212000,22.1,0,6,0.67,0.21,0,0,23,1,0,15,False,True,0,0,52,39,27,3.87,AI is off,AI is off,AI is off,AI is off,Not paired,AI is off,0,0,0
214000,22.1,0,6,0.67,0.21,0,0,23,1,0,15,False,True,0,0,54,42,30,3.87,AI is off,AI is off,AI is off,AI is off,Not paired,AI is off,0,0,0
216000,22.1,0,6,0.67,0.21,0,0,23,1,0,15,False,True,0,0,52,40,29,3.87,AI is off,AI is off,AI is off,AI is off,Not paired,AI is off,0,0,0
218000,22,0,6,0.67,0.21,0,0,23,1,0,15,False,True,0,0,53,39,28,3.87,AI is off,AI is off,AI is off,AI is off,Not paired,AI is off,0,0,0
220000,21.9,0,6,0.67,0.21,0,0,23,1,0,15,False,True,0,0,52,40,28,3.87,AI is off,AI is off,AI is off,AI is off,Not paired,AI is off,0,0,0
222000,22.1,0,6,0.67,0.21,0,0,23,1,0,15,False,True,0,0,52,39,27,3.87,AI is off,AI is off,AI is off,AI is off,Not paired,AI is off,0,0,0
224000,22.1,0,6,0.67,0.21,0,0,23,1,0,15,False,True,0,0,53,40,29,3.87,AI is off,AI is off,AI is off,AI is off,Not paired,AI is off,0,0,0
226000,22.2,0,6,0.67,0.21,0,0,22,1,0,15,False,True,0,0,52,41,30,3.87,AI is off,AI is off,AI is off,AI is off,Not paired,AI is off,0,0,0
228000,22,0,6,0.67,0.21,0,0,22,1,0,15,False,True,0,0,52,39,28,3.87,AI is off,AI is off,AI is off,AI is off,Not paired,AI is off,0,0,0
230000,21.9,0,6,0.67,0.21,0,0,22,1,0,15,False,True,0,0,53,40,30,3.87,AI is off,AI is off,AI is off,AI is off,Not paired,AI is off,0,0,0
232000,21.5,0,6,0.66,0.21,0,0,23,1,0,15,False,True,0,0,53,40,28,3.87,AI is off,AI is off,AI is off,AI is off,Not paired,AI is off,0,0,0
234000,20.7,0,6,0.65,0.21,0,0,23,1,0,15,False,True,0,0,53,40,30,3.87,AI is off,AI is off,AI is off,AI is off,Not paired,AI is off,0,0,0
236000,20.1,0,6,0.64,0.21,0,0,23,1,0,15,False,True,0,0,53,41,31,3.87,AI is off,AI is off,AI is off,AI is off,Not paired,AI is off,0,0,0
238000,20.1,0,6,0.63,0.21,0,0,23,1,0,15,False,True,0,0,53,41,30,3.87,AI is off,AI is off,AI is off,AI is off,Not paired,AI is off,0,0,0
240000,20.2,0,6,0.63,0.21,0,0,23,1,0,14,False,True,0,0,54,42,31,3.87,AI is off,AI is off,AI is off,AI is off,Not paired,AI is off,0,0,0
242000,20.4,0,5,0.63,0.21,0,0,28,1,0,15,False,True,0,0,53,40,29,3.87,AI is off,AI is off,AI is off,AI is off,Not paired,AI is off,0,0,0
244000,20.6,0,5,0.64,0.21,0,0,28,1,0,15,False,True,0,0,52,40,29,3.87,AI is off,AI is off,AI is off,AI is off,Not paired,AI is off,0,0,0
246000,20.7,0,5,0.64,0.21,0,0,28,1,0,15,False,True,0,0,52,41,30,3.87,AI is off,AI is off,AI is off,AI is off,Not paired,AI is off,0,0,0
248000,20.5,0,6,0.64,0.21,0,0,27,1,0,14,False,True,0,0,52,40,29,3.87,AI is off,AI is off,AI is off,AI is off,Not paired,AI is off,0,0,0
250000,20.4,0,6,0.64,0.21,0,0,27,1,0,14,False,True,0,0,52,39,28,3.87,AI is off,AI is off,AI is off,AI is off,Not paired,AI is off,0,0,0
252000,20.1,0,6,0.63,0.21,0,0,27,1,0,14,False,True,0,0,52,40,29,3.87,AI is off,AI is off,AI is off,AI is off,Not paired,AI is off,0,0,0
254000,20.1,0,6,0.63,0.21,0,0,27,1,0,14,False,True,0,0,52,40,28,3.87,AI is off,AI is off,AI is off,AI is off,Not paired,AI is off,0,0,0
256000,19.7,0,6,0.62,0.21,0,0,27,1,0,14,False,True,0,0,52,39,28,3.87,AI is off,AI is off,AI is off,AI is off,Not paired,AI is off,0,0,0
258000,19.6,0,6,0.62,0.21,0,0,27,1,0,14,False,True,0,0,52,39,28,3.87,AI is off,AI is off,AI is off,AI is off,Not paired,AI is off,0,0,0
260000,19.7,0,5,0.62,0.21,0,0,31,1,0,14,False,True,0,0,53,40,29,3.87,AI is off,AI is off,AI is off,AI is off,Not paired,AI is off,0,0,0
262000,19.7,0,5,0.62,0.21,0,0,31,1,0,14,False,True,0,0,53,42,31,3.87,AI is off,AI is off,AI is off,AI is off,Not paired,AI is off,0,0,0
264000,19.9,0,5,0.62,0.21,0,0,29,1,0,14,False,True,0,0,54,42,30,3.87,AI is off,AI is off,AI is off,AI is off,Not paired,AI is off,0,0,0
266000,20.2,0,5,0.63,0.21,0,0,29,1,0,14,False,True,0,0,54,41,30,3.87,AI is off,AI is off,AI is off,AI is off,Not paired,AI is off,0,0,0
268000,20.5,0,5,0.63,0.21,0,0,29,1,0,14,False,True,0,0,52,42,30,3.87,AI is off,AI is off,AI is off,AI is off,Not paired,AI is off,0,0,0
270000,20.7,0,5,0.64,0.21,0,0,29,1,0,14,False,True,0,0,53,41,31,3.87,AI is off,AI is off,AI is off,AI is off,Not paired,AI is off,0,0,0
272000,21.1,0,5,0.65,0.21,0,0,29,1,0,14,False,True,0,0,53,41,30,3.87,AI is off,AI is off,AI is off,AI is off,Not paired,AI is off,0,0,0
274000,21.3,0,5,0.65,0.21,0,0,29,1,0,14,False,True,0,0,52,42,31,3.87,AI is off,AI is off,AI is off,AI is off,Not paired,AI is off,0,0,0
276000,21.4,0,6,0.65,0.21,0,0,24,1,0,14,False,True,0,0,52,42,30,3.87,AI is off,AI is off,AI is off,AI is off,Not paired,AI is off,0,0,0
278000,21.5,0,6,0.66,0.21,0,0,24,1,0,14,False,True,0,0,54,42,31,3.87,AI is off,AI is off,AI is off,AI is off,Not paired,AI is off,0,0,0
280000,21.7,0,6,0.66,0.21,0,0,24,1,0,14,False,True,0,0,54,41,31,3.87,AI is off,AI is off,AI is off,AI is off,Not paired,AI is off,0,0,0
282000,21.7,0,6,0.66,0.21,0,0,23,1,0,14,False,True,0,0,54,42,30,3.87,AI is off,AI is off,AI is off,AI is off,Not paired,AI is off,0,0,0
284000,21.9,0,6,0.66,0.21,0,0,23,1,0,14,False,True,0,0,53,41,29,3.87,AI is off,AI is off,AI is off,AI is off,Not paired,AI is off,0,0,0
286000,22.1,0,6,0.67,0.21,0,0,23,1,0,14,False,True,0,0,53,41,30,3.87,AI is off,AI is off,AI is off,AI is off,Not paired,AI is off,0,0,0
288000,22.1,0,6,0.67,0.21,0,0,23,1,0,14,False,True,0,0,53,41,30,3.87,AI is off,AI is off,AI is off,AI is off,Not paired,AI is off,0,0,0
290000,21.9,0,6,0.67,0.21,0,0,23,1,0,14,False,True,0,0,52,40,30,3.87,AI is off,AI is off,AI is off,AI is off,Not paired,AI is off,0,0,0
292000,21.7,0,6,0.66,0.21,0,0,22,1,0,14,False,True,0,0,53,41,31,3.87,AI is off,AI is off,AI is off,AI is off,Not paired,AI is off,0,0,0
294000,21.9,0,6,0.66,0.21,0,0,22,1,0,14,False,True,0,0,54,41,30,3.87,AI is off,AI is off,AI is off,AI is off,Not paired,AI is off,0,0,0
296000,21.8,0,6,0.67,0.21,0,0,22,1,0,14,False,True,0,0,53,41,30,3.87,AI is off,AI is off,AI is off,AI is off,Not paired,AI is off,0,0,0
298000,21.8,0,6,0.66,0.21,0,0,22,1,0,14,False,True,0,0,54,42,30,3.87,AI is off,AI is off,AI is off,AI is off,Not paired,AI is off,0,0,0
300000,22,0,6,0.66,0.21,0,0,22,1,0,14,False,True,0,0,53,40,30,3.87,AI is off,AI is off,AI is off,AI is off,Not paired,AI is off,0,0,0
302000,22,0,6,0.67,0.21,0,0,22,1,0,14,False,True,0,0,54,42,32,3.87,AI is off,AI is off,AI is off,AI is off,Not paired,AI is off,0,0,0
304000,21.6,0,6,0.67,0.21,0,0,22,1,0,14,False,True,0,0,53,40,29,3.87,AI is off,AI is off,AI is off,AI is off,Not paired,AI is off,0,0,0
306000,21.5,0,6,0.66,0.21,0,0,22,1,0,14,False,True,0,0,53,41,31,3.87,AI is off,AI is off,AI is off,AI is off,Not paired,AI is off,0,0,0
308000,21.6,0,6,0.66,0.21,0,0,23,1,0,14,False,True,0,0,52,39,28,3.87,AI is off,AI is off,AI is off,AI is off,Not paired,AI is off,0,0,0
310000,21.6,0,6,0.66,0.21,0,0,23,1,0,14,False,True,0,0,54,41,31,3.87,AI is off,AI is off,AI is off,AI is off,Not paired,AI is off,0,0,0
312000,21.6,0,6,0.66,0.21,0,0,23,1,0,14,False,True,0,0,53,40,30,3.87,AI is off,AI is off,AI is off,AI is off,Not paired,AI is off,0,0,0
314000,21.6,0,6,0.66,0.21,0,0,22,1,0,14,False,True,0,0,54,41,31,3.87,AI is off,AI is off,AI is off,AI is off,Not paired,AI is off,0,0,0
316000,21.7,0,6,0.66,0.21,0,0,22,1,0,14,False,True,0,0,54,41,31,3.87,AI is off,AI is off,AI is off,AI is off,Not paired,AI is off,0,0,0
318000,21.7,0,6,0.66,0.21,0,0,22,1,0,14,False,True,0,0,53,41,31,3.87,AI is off,AI is off,AI is off,AI is off,Not paired,AI is off,0,0,0
320000,21.6,0,6,0.66,0.21,0,0,22,1,0,14,False,True,0,0,54,41,31,3.87,AI is off,AI is off,AI is off,AI is off,Not paired,AI is off,0,0,0
322000,21.4,0,6,0.66,0.21,0,0,22,1,0,14,False,True,0,0,53,40,30,3.87,AI is off,AI is off,AI is off,AI is off,Not paired,AI is off,0,0,0
324000,21.4,0,6,0.66,0.21,0,0,22,1,0,14,False,True,0,0,54,41,31,3.87,AI is off,AI is off,AI is off,AI is off,Not paired,AI is off,0,0,0
326000,21.3,0,6,0.65,0.21,0,0,23,1,0,14,False,True,0,0,53,41,31,3.87,AI is off,AI is off,AI is off,AI is off,Not paired,AI is off,0,0,0
328000,21.1,0,6,0.65,0.21,0,0,23,1,0,14,False,True,0,0,53,41,31,3.87,AI is off,AI is off,AI is off,AI is off,Not paired,AI is off,0,0,0
330000,21.1,0,6,0.65,0.21,0,0,24,1,0,14,False,True,0,0,54,41,31,3.87,AI is off,AI is off,AI is off,AI is off,Not paired,AI is off,0,0,0
332000,21,0,6,0.65,0.21,0,0,24,1,0,14,False,True,0,0,53,42,30,3.87,AI is off,AI is off,AI is off,AI is off,Not paired,AI is off,0,0,0
334000,20.8,0,6,0.65,0.21,0,0,24,1,0,14,False,True,0,0,54,41,32,3.87,AI is off,AI is off,AI is off,AI is off,Not paired,AI is off,0,0,0
336000,20.6,0,6,0.64,0.21,0,0,24,1,0,14,False,True,0,0,53,42,31,3.87,AI is off,AI is off,AI is off,AI is off,Not paired,AI is off,0,0,0
338000,20.7,0,6,0.64,0.21,0,0,24,1,0,14,False,True,0,0,53,40,29,3.87,AI is off,AI is off,AI is off,AI is off,Not paired,AI is off,0,0,0
340000,20.9,0,6,0.64,0.21,0,0,24,1,0,14,False,True,0,0,53,41,29,3.87,AI is off,AI is off,AI is off,AI is off,Not paired,AI is off,0,0,0
342000,20.9,0,6,0.65,0.21,0,0,24,1,0,14,False,True,0,0,53,40,29,3.87,AI is off,AI is off,AI is off,AI is off,Not paired,AI is off,0,0,0
344000,20.6,0,6,0.64,0.21,0,0,24,1,0,14,False,True,0,0,52,40,30,3.87,AI is off,AI is off,AI is off,AI is off,Not paired,AI is off,0,0,0
346000,20.1,0,6,0.63,0.21,0,0,24,1,0,14,False,True,0,0,55,42,32,3.87,AI is off,AI is off,AI is off,AI is off,Not paired,AI is off,0,0,0
348000,19.9,0,5,0.63,0.21,0,0,27,1,0,14,False,True,0,0,56,42,33,3.87,AI is off,AI is off,AI is off,AI is off,Not paired,AI is off,0,0,0
350000,19.6,0,5,0.62,0.21,0,0,27,1,0,14,False,True,0,0,53,41,30,3.86,AI is off,AI is off,AI is off,AI is off,Not paired,AI is off,0,0,0
352000,19.5,0,5,0.62,0.21,0,0,27,1,0,14,False,True,0,0,53,42,31,3.87,AI is off,AI is off,AI is off,AI is off,Not paired,AI is off,0,0,0
354000,19.6,0,5,0.62,0.21,0,0,27,1,0,14,False,True,0,0,54,42,31,3.87,AI is off,AI is off,AI is off,AI is off,Not paired,AI is off,0,0,0
356000,19.7,0,5,0.62,0.21,0,0,27,1,0,14,False,True,0,0,54,42,31,3.87,AI is off,AI is off,AI is off,AI is off,Not paired,AI is off,0,0,0
358000,19.8,0,5,0.62,0.21,0,0,28,1,0,14,False,True,0,0,54,42,32,3.87,AI is off,AI is off,AI is off,AI is off,Not paired,AI is off,0,0,0
360000,19.9,0,5,0.62,0.21,0,0,28,1,0,14,False,True,0,0,53,42,30,3.86,AI is off,AI is off,AI is off,AI is off,Not paired,AI is off,0,0,0
362000,20,0,5,0.63,0.21,0,0,28,1,0,14,False,True,0,0,54,42,31,3.86,AI is off,AI is off,AI is off,AI is off,Not paired,AI is off,0,0,0
364000,20.2,0,5,0.63,0.21,0,0,27,1,0,14,False,True,0,0,54,42,31,3.86,AI is off,AI is off,AI is off,AI is off,Not paired,AI is off,0,0,0
366000,20.4,0,5,0.63,0.21,0,0,27,1,0,14,False,True,0,0,54,42,32,3.86,AI is off,AI is off,AI is off,AI is off,Not paired,AI is off,0,0,0
368000,20.6,0,5,0.64,0.21,0,0,27,1,0,14,False,True,0,0,56,44,34,3.86,AI is off,AI is off,AI is off,AI is off,Not paired,AI is off,0,0,0
370000,20.6,0,5,0.64,0.21,0,0,27,1,0,14,False,True,0,0,52,42,30,3.86,AI is off,AI is off,AI is off,AI is off,Not paired,AI is off,0,0,0
372000,20.6,0,5,0.64,0.21,0,0,27,1,0,14,False,True,0,0,55,43,33,3.86,AI is off,AI is off,AI is off,AI is off,Not paired,AI is off,0,0,0
374000,20.5,0,5,0.64,0.21,0,0,25,1,0,14,False,True,0,0,53,42,31,3.86,AI is off,AI is off,AI is off,AI is off,Not paired,AI is off,0,0,0
376000,20.8,0,5,0.64,0.21,0,0,25,1,0,14,False,True,0,0,53,42,31,3.86,AI is off,AI is off,AI is off,AI is off,Not paired,AI is off,0,0,0
378000,20.9,0,5,0.64,0.21,0,0,25,1,0,14,False,True,0,0,54,42,30,3.86,AI is off,AI is off,AI is off,AI is off,Not paired,AI is off,0,0,0
380000,21,0,6,0.65,0.21,0,0,23,1,0,14,False,True,0,0,54,43,31,3.86,AI is off,AI is off,AI is off,AI is off,Not paired,AI is off,0,0,0
382000,20.9,0,6,0.65,0.21,0,0,23,1,0,14,False,True,0,0,53,41,31,3.86,AI is off,AI is off,AI is off,AI is off,Not paired,AI is off,0,0,0
384000,21,0,6,0.65,0.21,0,0,23,1,0,14,False,True,0,0,55,45,35,3.86,AI is off,AI is off,AI is off,AI is off,Not paired,AI is off,0,0,0
386000,21.3,0,6,0.65,0.21,0,0,23,1,0,14,False,True,0,0,54,42,31,3.86,AI is off,AI is off,AI is off,AI is off,Not paired,AI is off,0,0,0
388000,21.1,0,6,0.65,0.21,0,0,23,1,0,14,False,True,0,0,53,41,31,3.86,AI is off,AI is off,AI is off,AI is off,Not paired,AI is off,0,0,0
390000,21.1,0,6,0.65,0.21,0,0,23,1,0,14,False,True,0,0,54,41,31,3.86,AI is off,AI is off,AI is off,AI is off,Not paired,AI is off,0,0,0
392000,21.1,0,6,0.65,0.21,0,0,23,1,0,14,False,True,0,0,55,43,32,3.87,AI is off,AI is off,AI is off,AI is off,Not paired,AI is off,0,0,0
394000,21.3,0,6,0.65,0.21,0,0,23,1,0,14,False,True,0,0,53,40,30,3.87,AI is off,AI is off,AI is off,AI is off,Not paired,AI is off,0,0,0
396000,21.5,0,6,0.65,0.21,0,0,22,1,0,14,False,True,0,0,53,41,31,3.87,AI is off,AI is off,AI is off,AI is off,Not paired,AI is off,0,0,0
398000,21.6,0,6,0.66,0.21,0,0,22,1,0,14,False,True,0,0,53,41,30,3.87,AI is off,AI is off,AI is off,AI is off,Not paired,AI is off,0,0,0
400000,21.5,0,6,0.66,0.21,0,0,22,1,0,14,False,True,0,0,53,42,32,3.86,AI is off,AI is off,AI is off,AI is off,Not paired,AI is off,0,0,0
402000,21.5,0,6,0.66,0.21,0,0,22,1,0,14,False,True,0,0,53,41,31,3.86,AI is off,AI is off,AI is off,AI is off,Not paired,AI is off,0,0,0
404000,21.5,0,6,0.66,0.21,0,0,22,1,0,14,False,True,0,0,52,41,30,3.86,AI is off,AI is off,AI is off,AI is off,Not paired,AI is off,0,0,0
406000,21.5,0,6,0.66,0.21,0,0,22,1,0,14,False,True,0,0,52,41,31,3.86,AI is off,AI is off,AI is off,AI is off,Not paired,AI is off,0,0,0
408000,21.3,0,6,0.66,0.21,0,0,21,1,0,14,False,True,0,0,54,42,32,3.86,AI is off,AI is off,AI is off,AI is off,Not paired,AI is off,0,0,0
410000,21.2,0,6,0.65,0.21,0,0,21,1,0,14,False,True,0,0,53,41,32,3.86,AI is off,AI is off,AI is off,AI is off,Not paired,AI is off,0,0,0
412000,21.2,0,6,0.65,0.21,0,0,21,1,0,14,False,True,0,0,54,43,33,3.86,AI is off,AI is off,AI is off,AI is off,Not paired,AI is off,0,0,0
414000,21.2,0,6,0.65,0.21,0,0,22,1,0,14,False,True,0,0,53,41,31,3.86,AI is off,AI is off,AI is off,AI is off,Not paired,AI is off,0,0,0
416000,21.1,0,6,0.65,0.21,0,0,22,1,0,14,False,True,0,0,53,41,31,3.86,AI is off,AI is off,AI is off,AI is off,Not paired,AI is off,0,0,0
418000,20.9,0,6,0.65,0.21,0,0,22,1,0,14,False,True,0,0,54,43,33,3.86,AI is off,AI is off,AI is off,AI is off,Not paired,AI is off,0,0,0
420000,20.7,0,6,0.64,0.21,0,0,22,1,0,14,False,True,0,0,54,43,32,3.86,AI is off,AI is off,AI is off,AI is off,Not paired,AI is off,0,0,0
422000,20.6,0,6,0.64,0.21,0,0,22,1,0,14,False,True,0,0,53,41,31,3.86,AI is off,AI is off,AI is off,AI is off,Not paired,AI is off,0,0,0
424000,20.4,0,5,0.64,0.21,0,0,24,1,0,14,False,True,0,0,54,41,31,3.86,AI is off,AI is off,AI is off,AI is off,Not paired,AI is off,0,0,0
426000,20.3,0,5,0.63,0.21,0,0,24,1,0,14,False,True,0,0,53,41,30,3.86,AI is off,AI is off,AI is off,AI is off,Not paired,AI is off,0,0,0
428000,20.2,0,5,0.63,0.21,0,0,24,1,0,14,False,True,0,0,53,41,30,3.86,AI is off,AI is off,AI is off,AI is off,Not paired,AI is off,0,0,0
430000,20,0,5,0.63,0.21,0,0,25,1,0,14,False,True,0,0,54,42,31,3.86,AI is off,AI is off,AI is off,AI is off,Not paired,AI is off,0,0,0
432000,20,0,5,0.63,0.21,0,0,25,1,0,14,False,True,0,0,53,40,30,3.86,AI is off,AI is off,AI is off,AI is off,Not paired,AI is off,0,0,0
434000,20.1,0,5,0.63,0.21,0,0,25,1,0,14,False,True,0,0,53,40,30,3.86,AI is off,AI is off,AI is off,AI is off,Not paired,AI is off,0,0,0
436000,20.1,0,5,0.63,0.21,0,0,25,1,0,14,False,True,0,0,53,40,30,3.86,AI is off,AI is off,AI is off,AI is off,Not paired,AI is off,0,0,0
438000,20.2,0,5,0.63,0.21,0,0,25,1,0,14,False,True,0,0,53,41,30,3.86,AI is off,AI is off,AI is off,AI is off,Not paired,AI is off,0,0,0
440000,20.1,0,5,0.63,0.21,0,0,25,1,0,14,False,True,0,0,53,41,31,3.86,AI is off,AI is off,AI is off,AI is off,Not paired,AI is off,0,0,0
442000,20.2,0,5,0.63,0.21,0,0,25,1,0,14,False,True,0,0,53,41,30,3.86,AI is off,AI is off,AI is off,AI is off,Not paired,AI is off,0,0,0
444000,20.2,0,5,0.63,0.21,0,0,25,1,0,14,False,True,0,0,54,42,30,3.86,AI is off,AI is off,AI is off,AI is off,Not paired,AI is off,0,0,0
446000,20.3,0,5,0.63,0.21,0,0,25,1,0,14,False,True,0,0,54,42,31,3.86,AI is off,AI is off,AI is off,AI is off,Not paired,AI is off,0,0,0
448000,20.2,0,5,0.63,0.21,0,0,25,1,0,14,False,True,0,0,53,41,31,3.86,AI is off,AI is off,AI is off,AI is off,Not paired,AI is off,0,0,0
450000,20.2,0,5,0.63,0.21,0,0,25,1,0,14,False,True,0,0,54,42,30,3.86,AI is off,AI is off,AI is off,AI is off,Not paired,AI is off,0,0,0
452000,20.3,0,5,0.63,0.21,0,0,25,1,0,14,False,True,0,0,53,41,31,3.86,AI is off,AI is off,AI is off,AI is off,Not paired,AI is off,0,0,0
454000,20.2,0,5,0.63,0.21,0,0,25,1,0,14,False,True,0,0,53,41,31,3.86,AI is off,AI is off,AI is off,AI is off,Not paired,AI is off,0,0,0
456000,20.2,0,5,0.63,0.21,0,0,25,1,0,14,False,True,0,0,53,41,31,3.86,AI is off,AI is off,AI is off,AI is off,Not paired,AI is off,0,0,0
458000,20.3,0,5,0.63,0.21,0,0,25,1,0,14,False,True,0,0,53,41,31,3.86,AI is off,AI is off,AI is off,AI is off,Not paired,AI is off,0,0,0
460000,20.3,0,5,0.63,0.21,0,0,25,1,0,14,False,True,0,0,54,41,31,3.86,AI is off,AI is off,AI is off,AI is off,Not paired,AI is off,0,0,0
462000,20.4,0,5,0.63,0.21,0,0,24,1,0,14,False,True,0,0,53,41,31,3.86,AI is off,AI is off,AI is off,AI is off,Not paired,AI is off,0,0,0
464000,20.4,0,5,0.64,0.21,0,0,24,1,0,14,False,True,0,0,53,41,31,3.86,AI is off,AI is off,AI is off,AI is off,Not paired,AI is off,0,0,0
466000,20.3,0,5,0.63,0.21,0,0,24,1,0,14,False,True,0,0,53,41,31,3.86,AI is off,AI is off,AI is off,AI is off,Not paired,AI is off,0,0,0
468000,20.4,0,5,0.63,0.21,0,0,24,1,0,14,False,True,0,0,53,41,31,3.86,AI is off,AI is off,AI is off,AI is off,Not paired,AI is off,0,0,0
470000,20.4,0,5,0.64,0.21,0,0,24,1,0,14,False,True,0,0,53,40,30,3.86,AI is off,AI is off,AI is off,AI is off,Not paired,AI is off,0,0,0
472000,20.4,0,5,0.63,0.21,0,0,24,1,0,14,False,True,0,0,53,41,31,3.86,AI is off,AI is off,AI is off,AI is off,Not paired,AI is off,0,0,0
474000,20.4,0,5,0.64,0.21,0,0,24,1,0,14,False,True,0,0,53,41,32,3.86,AI is off,AI is off,AI is off,AI is off,Not paired,AI is off,0,0,0
476000,20.3,0,5,0.63,0.21,0,0,24,1,0,14,False,True,0,0,53,41,31,3.86,AI is off,AI is off,AI is off,AI is off,Not paired,AI is off,0,0,0
478000,20.4,0,5,0.63,0.21,0,0,24,1,0,14,False,True,0,0,52,41,31,3.86,AI is off,AI is off,AI is off,AI is off,Not paired,AI is off,0,0,0
480000,20.4,0,5,0.63,0.21,0,0,24,1,0,14,False,True,0,0,53,40,30,3.86,AI is off,AI is off,AI is off,AI is off,Not paired,AI is off,0,0,0
482000,20.3,0,5,0.63,0.21,0,0,24,1,0,14,False,True,0,0,53,42,32,3.86,AI is off,AI is off,AI is off,AI is off,Not paired,AI is off,0,0,0
484000,20.3,0,5,0.63,0.21,0,0,24,1,0,14,False,True,0,0,53,41,31,3.86,AI is off,AI is off,AI is off,AI is off,Not paired,AI is off,0,0,0
486000,20.3,0,5,0.63,0.21,0,0,24,1,0,14,False,True,0,0,54,43,32,3.86,AI is off,AI is off,AI is off,AI is off,Not paired,AI is off,0,0,0
488000,20.3,0,5,0.63,0.21,0,0,24,1,0,14,False,True,0,0,53,42,30,3.86,AI is off,AI is off,AI is off,AI is off,Not paired,AI is off,0,0,0
490000,20.2,0,5,0.63,0.21,0,0,24,1,0,14,False,True,0,0,53,41,32,3.86,AI is off,AI is off,AI is off,AI is off,Not paired,AI is off,0,0,0
492000,20.1,0,5,0.63,0.21,0,0,24,1,0,14,False,True,0,0,54,43,31,3.86,AI is off,AI is off,AI is off,AI is off,Not paired,AI is off,0,0,0
494000,20.1,0,5,0.63,0.21,0,0,24,1,0,14,False,True,0,0,53,41,31,3.86,AI is off,AI is off,AI is off,AI is off,Not paired,AI is off,0,0,0
496000,20,0,5,0.63,0.21,0,0,24,1,0,14,False,True,0,0,53,41,31,3.86,AI is off,AI is off,AI is off,AI is off,Not paired,AI is off,0,0,0
498000,20,0,5,0.63,0.21,0,0,24,1,0,14,False,True,0,0,53,41,30,3.86,AI is off,AI is off,AI is off,AI is off,Not paired,AI is off,0,0,0
500000,20.2,0,5,0.63,0.21,0,0,24,1,0,14,False,True,0,0,54,42,30,3.86,AI is off,AI is off,AI is off,AI is off,Not paired,AI is off,0,0,0
502000,20.2,0,5,0.63,0.21,0,0,24,1,0,14,False,True,0,0,53,41,30,3.86,AI is off,AI is off,AI is off,AI is off,Not paired,AI is off,0,0,0
504000,20.2,0,5,0.63,0.21,0,0,24,1,0,14,False,True,0,0,54,43,32,3.86,AI is off,AI is off,AI is off,AI is off,Not paired,AI is off,0,0,0
506000,20.3,0,5,0.63,0.21,0,0,24,1,0,14,False,True,0,0,54,42,30,3.86,AI is off,AI is off,AI is off,AI is off,Not paired,AI is off,0,0,0
508000,20.4,0,5,0.64,0.21,0,0,24,1,0,14,False,True,0,0,53,42,31,3.86,AI is off,AI is off,AI is off,AI is off,Not paired,AI is off,0,0,0
510000,20.3,0,5,0.63,0.21,0,0,24,1,0,14,False,True,0,0,54,42,31,3.86,AI is off,AI is off,AI is off,AI is off,Not paired,AI is off,0,0,0
512000,20.3,0,5,0.63,0.21,0,0,23,1,0,14,False,True,0,0,53,42,32,3.86,AI is off,AI is off,AI is off,AI is off,Not paired,AI is off,0,0,0
514000,20.4,0,5,0.64,0.21,0,0,23,1,0,14,False,True,0,0,53,41,30,3.86,AI is off,AI is off,AI is off,AI is off,Not paired,AI is off,0,0,0
516000,20.4,0,5,0.63,0.21,0,0,23,1,0,14,False,True,0,0,52,42,32,3.86,AI is off,AI is off,AI is off,AI is off,Not paired,AI is off,0,0,0
518000,20.3,0,5,0.63,0.21,0,0,23,1,0,14,False,True,0,0,52,41,31,3.86,AI is off,AI is off,AI is off,AI is off,Not paired,AI is off,0,0,0
520000,20.4,0,5,0.63,0.21,0,0,23,1,0,14,False,True,0,0,52,41,31,3.86,AI is off,AI is off,AI is off,AI is off,Not paired,AI is off,0,0,0
522000,20.3,0,5,0.63,0.21,0,0,23,1,0,14,False,True,0,0,53,41,31,3.86,AI is off,AI is off,AI is off,AI is off,Not paired,AI is off,0,0,0
524000,20.2,0,5,0.63,0.21,0,0,23,1,0,14,False,True,0,0,53,41,30,3.86,AI is off,AI is off,AI is off,AI is off,Not paired,AI is off,0,0,0
526000,20.1,0,5,0.63,0.21,0,0,23,1,0,14,False,True,0,0,52,41,32,3.86,AI is off,AI is off,AI is off,AI is off,Not paired,AI is off,0,0,0
528000,20,0,5,0.63,0.21,0,0,24,1,0,14,False,True,0,0,54,42,32,3.86,AI is off,AI is off,AI is off,AI is off,Not paired,AI is off,0,0,0
530000,19.8,0,5,0.62,0.21,0,0,24,1,0,14,False,True,0,0,54,43,33,3.86,AI is off,AI is off,AI is off,AI is off,Not paired,AI is off,0,0,0
532000,19.5,0,5,0.62,0.21,0,0,24,1,0,14,False,True,0,0,54,43,32,3.86,AI is off,AI is off,AI is off,AI is off,Not paired,AI is off,0,0,0
534000,19.8,0,5,0.62,0.21,0,0,24,1,0,14,False,True,0,0,54,42,32,3.86,AI is off,AI is off,AI is off,AI is off,Not paired,AI is off,0,0,0
536000,20.1,0,5,0.63,0.21,0,0,24,1,0,14,False,True,0,0,56,44,33,3.86,AI is off,AI is off,AI is off,AI is off,Not paired,AI is off,0,0,0
538000,20.2,0,5,0.63,0.21,0,0,24,1,0,14,False,True,0,0,55,43,33,3.86,AI is off,AI is off,AI is off,AI is off,Not paired,AI is off,0,0,0
540000,20.4,0,5,0.63,0.21,0,0,23,1,0,14,False,True,0,0,56,45,35,3.86,AI is off,AI is off,AI is off,AI is off,Not paired,AI is off,0,0,0
542000,20.6,0,5,0.64,0.21,0,0,23,1,0,14,False,True,0,0,55,42,32,3.86,AI is off,AI is off,AI is off,AI is off,Not paired,AI is off,0,0,0
544000,20.8,0,5,0.64,0.21,0,0,23,1,0,14,False,True,0,0,56,45,35,3.86,AI is off,AI is off,AI is off,AI is off,Not paired,AI is off,0,0,0
546000,20.9,0,6,0.64,0.21,0,0,21,1,0,14,False,True,0,0,54,43,33,3.86,AI is off,AI is off,AI is off,AI is off,Not paired,AI is off,0,0,0
548000,21.1,0,6,0.65,0.21,0,0,21,1,0,14,False,True,0,0,54,42,30,3.86,AI is off,AI is off,AI is off,AI is off,Not paired,AI is off,0,0,0
550000,21.2,0,6,0.65,0.21,0,0,21,1,0,13,False,True,0,0,54,42,31,3.86,AI is off,AI is off,AI is off,AI is off,Not paired,AI is off,0,0,0
552000,21.3,0,6,0.65,0.21,0,0,21,1,0,13,False,True,0,0,53,42,31,3.86,AI is off,AI is off,AI is off,AI is off,Not paired,AI is off,0,0,0
554000,21.3,0,6,0.65,0.21,0,0,21,1,0,13,False,True,0,0,52,41,31,3.86,AI is off,AI is off,AI is off,AI is off,Not paired,AI is off,0,0,0
556000,21.4,0,6,0.66,0.21,0,0,19,1,0,13,False,True,0,0,53,42,32,3.86,AI is off,AI is off,AI is off,AI is off,Not paired,AI is off,0,0,0
558000,21.3,0,6,0.65,0.21,0,0,19,1,0,13,False,True,0,0,54,42,31,3.86,AI is off,AI is off,AI is off,AI is off,Not paired,AI is off,0,0,0
560000,21.2,0,6,0.65,0.21,0,0,19,1,0,13,False,True,0,0,52,41,32,3.86,AI is off,AI is off,AI is off,AI is off,Not paired,AI is off,0,0,0
562000,21.2,0,6,0.65,0.21,0,0,20,1,0,13,False,True,0,0,52,42,32,3.86,AI is off,AI is off,AI is off,AI is off,Not paired,AI is off,0,0,0
564000,21.3,0,6,0.65,0.21,0,0,20,1,0,13,False,True,0,0,52,42,31,3.86,AI is off,AI is off,AI is off,AI is off,Not paired,AI is off,0,0,0
566000,21.2,0,6,0.65,0.21,0,0,20,1,0,13,False,True,0,0,52,41,32,3.86,AI is off,AI is off,AI is off,AI is off,Not paired,AI is off,0,0,0
568000,21.2,0,6,0.65,0.21,0,0,20,1,0,13,False,True,0,0,53,41,30,3.86,AI is off,AI is off,AI is off,AI is off,Not paired,AI is off,0,0,0
570000,21.2,0,6,0.65,0.21,0,0,20,1,0,13,False,True,0,0,53,41,31,3.86,AI is off,AI is off,AI is off,AI is off,Not paired,AI is off,0,0,0
572000,20.9,0,6,0.65,0.21,0,0,20,1,0,13,False,True,0,0,54,43,33,3.86,AI is off,AI is off,AI is off,AI is off,Not paired,AI is off,0,0,0
574000,20.7,0,6,0.64,0.21,0,0,20,1,0,13,False,True,0,0,53,42,32,3.86,AI is off,AI is off,AI is off,AI is off,Not paired,AI is off,0,0,0
576000,20.8,0,6,0.64,0.21,0,0,20,1,0,13,False,True,0,0,53,41,31,3.86,AI is off,AI is off,AI is off,AI is off,Not paired,AI is off,0,0,0
578000,20.6,0,6,0.64,0.21,0,0,21,1,0,13,False,True,0,0,53,42,31,3.86,AI is off,AI is off,AI is off,AI is off,Not paired,AI is off,0,0,0
580000,20.5,0,6,0.64,0.21,0,0,21,1,0,13,False,True,0,0,53,42,30,3.86,AI is off,AI is off,AI is off,AI is off,Not paired,AI is off,0,0,0
582000,20.3,0,6,0.63,0.21,0,0,21,1,0,13,False,True,0,0,53,42,32,3.86,AI is off,AI is off,AI is off,AI is off,Not paired,AI is off,0,0,0
584000,20.1,0,6,0.63,0.21,0,0,21,1,0,13,False,True,0,0,53,41,30,3.86,AI is off,AI is off,AI is off,AI is off,Not paired,AI is off,0,0,0
586000,20,0,6,0.63,0.21,0,0,21,1,0,13,False,True,0,0,52,42,31,3.86,AI is off,AI is off,AI is off,AI is off,Not paired,AI is off,0,0,0
588000,20.3,0,6,0.63,0.21,0,0,21,1,0,13,False,True,0,0,54,42,31,3.86,AI is off,AI is off,AI is off,AI is off,Not paired,AI is off,0,0,0
590000,20.3,0,5,0.63,0.21,0,0,22,1,0,13,False,True,0,0,54,42,31,3.86,AI is off,AI is off,AI is off,AI is off,Not paired,AI is off,0,0,0
592000,20.3,0,5,0.63,0.21,0,0,22,1,0,13,False,True,0,0,54,42,30,3.86,AI is off,AI is off,AI is off,AI is off,Not paired,AI is off,0,0,0
594000,20.3,0,5,0.63,0.21,0,0,22,1,0,13,False,True,0,0,54,42,31,3.86,AI is off,AI is off,AI is off,AI is off,Not paired,AI is off,0,0,0
596000,20.3,0,5,0.63,0.21,0,0,22,1,0,13,False,True,0,0,53,41,30,3.86,AI is off,AI is off,AI is off,AI is off,Not paired,AI is off,0,0,0
598000,20.3,0,5,0.63,0.21,0,0,22,1,0,13,False,True,0,0,53,40,30,3.86,AI is off,AI is off,AI is off,AI is off,Not paired,AI is off,0,0,0
600000,20.3,0,5,0.63,0.21,0,0,22,1,0,13,False,True,0,0,53,42,31,3.86,AI is off,AI is off,AI is off,AI is off,Not paired,AI is off,0,0,0
602000,20.3,0,5,0.63,0.21,0,0,22,1,0,13,False,True,0,0,53,41,30,3.86,AI is off,AI is off,AI is off,AI is off,Not paired,AI is off,0,0,0
604000,20.3,0,5,0.63,0.21,0,0,22,1,0,13,False,True,0,0,53,42,31,3.86,AI is off,AI is off,AI is off,AI is off,Not paired,AI is off,0,0,0
606000,20,0,5,0.63,0.21,0,0,23,1,0,13,False,True,0,0,53,42,31,3.86,AI is off,AI is off,AI is off,AI is off,Not paired,AI is off,0,0,0
608000,19.8,0,5,0.62,0.21,0,0,23,1,0,13,False,True,0,0,53,42,31,3.86,AI is off,AI is off,AI is off,AI is off,Not paired,AI is off,0,0,0
610000,19.7,0,5,0.62,0.21,0,0,23,1,0,13,False,True,0,0,53,42,31,3.86,AI is off,AI is off,AI is off,AI is off,Not paired,AI is off,0,0,0
612000,19.8,0,5,0.62,0.21,0,0,24,1,0,13,False,True,0,0,53,42,31,3.86,AI is off,AI is off,AI is off,AI is off,Not paired,AI is off,0,0,0
614000,19.8,0,5,0.62,0.21,0,0,24,1,0,13,False,True,0,0,54,43,33,3.86,AI is off,AI is off,AI is off,AI is off,Not paired,AI is off,0,0,0
616000,19.8,0,5,0.62,0.21,0,0,24,1,0,13,False,True,0,0,53,41,32,3.86,AI is off,AI is off,AI is off,AI is off,Not paired,AI is off,0,0,0
618000,19.9,0,5,0.62,0.21,0,0,24,1,0,13,False,True,0,0,54,43,33,3.86,AI is off,AI is off,AI is off,AI is off,Not paired,AI is off,0,0,0
620000,20.1,0,5,0.63,0.21,0,0,24,1,0,13,False,True,0,0,55,44,33,3.86,AI is off,AI is off,AI is off,AI is off,Not paired,AI is off,0,0,0
622000,20.2,0,5,0.63,0.21,0,0,22,1,0,13,False,True,0,0,55,44,33,3.86,AI is off,AI is off,AI is off,AI is off,Not paired,AI is off,0,0,0
624000,20.3,0,5,0.63,0.21,0,0,22,1,0,13,False,True,0,0,55,44,33,3.86,AI is off,AI is off,AI is off,AI is off,Not paired,AI is off,0,0,0
626000,20.3,0,5,0.63,0.21,0,0,22,1,0,13,False,True,0,0,55,43,33,3.86,AI is off,AI is off,AI is off,AI is off,Not paired,AI is off,0,0,0
628000,20.6,0,5,0.64,0.21,0,0,21,1,0,13,False,True,0,0,52,40,30,3.86,AI is off,AI is off,AI is off,AI is off,Not paired,AI is off,0,0,0
630000,20.5,0,5,0.64,0.21,0,0,21,1,0,13,False,True,0,0,54,43,32,3.86,AI is off,AI is off,AI is off,AI is off,Not paired,AI is off,0,0,0
632000,20.5,0,5,0.64,0.21,0,0,21,1,0,13,False,True,0,0,52,40,30,3.86,AI is off,AI is off,AI is off,AI is off,Not paired,AI is off,0,0,0
634000,20.3,0,5,0.63,0.21,0,0,21,1,0,13,False,True,0,0,52,42,31,3.86,AI is off,AI is off,AI is off,AI is off,Not paired,AI is off,0,0,0
636000,20.3,0,5,0.63,0.21,0,0,21,1,0,13,False,True,0,0,53,41,30,3.86,AI is off,AI is off,AI is off,AI is off,Not paired,AI is off,0,0,0
638000,20.3,0,5,0.63,0.21,0,0,21,1,0,13,False,True,0,0,52,40,29,3.86,AI is off,AI is off,AI is off,AI is off,Not paired,AI is off,0,0,0
640000,20.4,0,5,0.63,0.21,0,0,21,1,0,13,False,True,0,0,53,42,31,3.86,AI is off,AI is off,AI is off,AI is off,Not paired,AI is off,0,0,0
642000,20.5,0,5,0.64,0.21,0,0,21,1,0,13,False,True,0,0,54,43,31,3.86,AI is off,AI is off,AI is off,AI is off,Not paired,AI is off,0,0,0
644000,20.8,0,6,0.64,0.21,0,0,20,1,0,13,False,True,0,0,54,43,32,3.86,AI is off,AI is off,AI is off,AI is off,Not paired,AI is off,0,0,0
646000,20.9,0,6,0.65,0.21,0,0,20,1,0,13,False,True,0,0,53,41,31,3.86,AI is off,AI is off,AI is off,AI is off,Not paired,AI is off,0,0,0
648000,21,0,6,0.65,0.21,0,0,20,1,0,13,False,True,0,0,53,43,33,3.86,AI is off,AI is off,AI is off,AI is off,Not paired,AI is off,0,0,0
650000,20.9,0,6,0.65,0.21,0,0,20,1,0,13,False,True,0,0,52,40,29,3.86,AI is off,AI is off,AI is off,AI is off,Not paired,AI is off,0,0,0
652000,20.7,0,6,0.64,0.21,0,0,20,1,0,13,False,True,0,0,54,43,32,3.86,AI is off,AI is off,AI is off,AI is off,Not paired,AI is off,0,0,0
654000,20.4,0,6,0.64,0.21,0,0,20,1,0,13,False,True,0,0,53,41,31,3.86,AI is off,AI is off,AI is off,AI is off,Not paired,AI is off,0,0,0
656000,20.3,0,5,0.63,0.21,0,0,21,1,0,13,False,True,0,0,52,41,31,3.86,AI is off,AI is off,AI is off,AI is off,Not paired,AI is off,0,0,0
658000,20.1,0,5,0.63,0.21,0,0,21,1,0,13,False,True,0,0,53,41,31,3.86,AI is off,AI is off,AI is off,AI is off,Not paired,AI is off,0,0,0
660000,19.9,0,5,0.63,0.21,0,0,22,1,0,13,False,True,0,0,54,43,32,3.86,AI is off,AI is off,AI is off,AI is off,Not paired,AI is off,0,0,0
662000,20,0,5,0.63,0.21,0,0,22,1,0,13,False,True,0,0,53,41,31,3.86,AI is off,AI is off,AI is off,AI is off,Not paired,AI is off,0,0,0
664000,20,0,5,0.63,0.21,0,0,22,1,0,13,False,True,0,0,53,41,31,3.86,AI is off,AI is off,AI is off,AI is off,Not paired,AI is off,0,0,0
666000,20.1,0,5,0.63,0.21,0,0,22,1,0,13,False,True,0,0,54,43,33,3.86,AI is off,AI is off,AI is off,AI is off,Not paired,AI is off,0,0,0
668000,20.3,0,5,0.63,0.21,0,0,22,1,0,13,False,True,0,0,54,43,33,3.86,AI is off,AI is off,AI is off,AI is off,Not paired,AI is off,0,0,0
670000,20.6,0,5,0.64,0.21,0,0,22,1,0,13,False,True,0,0,55,43,34,3.86,AI is off,AI is off,AI is off,AI is off,Not paired,AI is off,0,0,0
672000,20.9,0,6,0.64,0.21,0,0,19,1,0,13,False,True,0,0,54,42,32,3.86,AI is off,AI is off,AI is off,AI is off,Not paired,AI is off,0,0,0
674000,20.8,0,6,0.64,0.21,0,0,19,1,0,13,False,True,0,0,53,41,31,3.86,AI is off,AI is off,AI is off,AI is off,Not paired,AI is off,0,0,0
676000,20.8,0,6,0.64,0.21,0,0,19,1,0,13,False,True,0,0,55,43,32,3.86,AI is off,AI is off,AI is off,AI is off,Not paired,AI is off,0,0,0
678000,21,0,6,0.65,0.21,0,0,19,1,0,13,False,True,0,0,54,43,33,3.86,AI is off,AI is off,AI is off,AI is off,Not paired,AI is off,0,0,0
680000,21,0,6,0.65,0.21,0,0,19,1,0,13,False,True,0,0,55,43,33,3.86,AI is off,AI is off,AI is off,AI is off,Not paired,AI is off,0,0,0
682000,20.9,0,6,0.65,0.21,0,0,19,1,0,13,False,True,0,0,52,41,30,3.86,AI is off,AI is off,AI is off,AI is off,Not paired,AI is off,0,0,0
684000,20.8,0,6,0.64,0.21,0,0,19,1,0,13,False,True,0,0,54,44,33,3.86,AI is off,AI is off,AI is off,AI is off,Not paired,AI is off,0,0,0
686000,20.8,0,6,0.64,0.21,0,0,19,1,0,13,False,True,0,0,53,40,31,3.86,AI is off,AI is off,AI is off,AI is off,Not paired,AI is off,0,0,0
688000,20.9,0,6,0.65,0.21,0,0,18,1,0,13,False,True,0,0,53,41,31,3.86,AI is off,AI is off,AI is off,AI is off,Not paired,AI is off,0,0,0
690000,20.8,0,6,0.64,0.21,0,0,18,1,0,13,False,True,0,0,53,41,31,3.86,AI is off,AI is off,AI is off,AI is off,Not paired,AI is off,0,0,0
692000,20.6,0,6,0.64,0.21,0,0,18,1,0,13,False,True,0,0,53,42,32,3.86,AI is off,AI is off,AI is off,AI is off,Not paired,AI is off,0,0,0
694000,20.4,0,5,0.64,0.21,0,0,20,1,0,13,False,True,0,0,54,43,33,3.86,AI is off,AI is off,AI is off,AI is off,Not paired,AI is off,0,0,0
696000,20.2,0,5,0.63,0.21,0,0,20,1,0,13,False,True,0,0,52,41,30,3.86,AI is off,AI is off,AI is off,AI is off,Not paired,AI is off,0,0,0
698000,20.1,0,5,0.63,0.21,0,0,20,1,0,13,False,True,0,0,53,42,31,3.86,AI is off,AI is off,AI is off,AI is off,Not paired,AI is off,0,0,0
700000,20.1,0,5,0.63,0.21,0,0,20,1,0,13,False,True,0,0,52,39,29,3.86,AI is off,AI is off,AI is off,AI is off,Not paired,AI is off,0,0,0
702000,20,0,5,0.63,0.21,0,0,20,1,0,13,False,True,0,0,53,41,32,3.86,AI is off,AI is off,AI is off,AI is off,Not paired,AI is off,0,0,0
704000,19.8,0,5,0.62,0.21,0,0,22,1,0,13,False,True,0,0,54,43,33,3.86,AI is off,AI is off,AI is off,AI is off,Not paired,AI is off,0,0,0
706000,19.6,0,5,0.62,0.21,0,0,22,1,0,13,False,True,0,0,52,41,31,3.86,AI is off,AI is off,AI is off,AI is off,Not paired,AI is off,0,0,0
708000,19.6,0,5,0.62,0.21,0,0,22,1,0,13,False,True,0,0,54,42,30,3.86,AI is off,AI is off,AI is off,AI is off,Not paired,AI is off,0,0,0
710000,19.5,0,5,0.62,0.21,0,0,22,1,0,13,False,True,0,0,52,42,31,3.86,AI is off,AI is off,AI is off,AI is off,Not paired,AI is off,0,0,0
712000,19.4,0,5,0.61,0.21,0,0,22,1,0,13,False,True,0,0,55,44,35,3.86,AI is off,AI is off,AI is off,AI is off,Not paired,AI is off,0,0,0
714000,19.4,0,5,0.61,0.21,0,0,22,1,0,13,False,True,0,0,54,44,33,3.86,AI is off,AI is off,AI is off,AI is off,Not paired,AI is off,0,0,0
716000,19.7,0,5,0.62,0.21,0,0,22,1,0,13,False,True,0,0,53,41,31,3.86,AI is off,AI is off,AI is off,AI is off,Not paired,AI is off,0,0,0
718000,19.8,0,5,0.62,0.21,0,0,22,1,0,13,False,True,0,0,54,42,32,3.86,AI is off,AI is off,AI is off,AI is off,Not paired,AI is off,0,0,0
720000,19.6,0,5,0.62,0.21,0,0,22,1,0,13,False,True,0,0,53,42,31,3.86,AI is off,AI is off,AI is off,AI is off,Not paired,AI is off,0,0,0
722000,19.4,0,5,0.62,0.21,0,0,22,1,0,13,False,True,0,0,53,42,31,3.86,AI is off,AI is off,AI is off,AI is off,Not paired,AI is off,0,0,0
724000,19.3,0,5,0.61,0.21,0,0,22,1,0,13,False,True,0,0,53,41,31,3.86,AI is off,AI is off,AI is off,AI is off,Not paired,AI is off,0,0,0
726000,19.1,0,5,0.61,0.21,0,0,24,1,0,13,False,True,0,0,54,42,31,3.86,AI is off,AI is off,AI is off,AI is off,Not paired,AI is off,0,0,0
728000,18.9,0,5,0.6,0.21,0,0,24,1,0,13,False,True,0,0,52,42,30,3.86,AI is off,AI is off,AI is off,AI is off,Not paired,AI is off,0,0,0
730000,18.8,0,5,0.6,0.21,0,0,24,1,0,13,False,True,0,0,53,41,32,3.86,AI is off,AI is off,AI is off,AI is off,Not paired,AI is off,0,0,0
732000,18.9,0,5,0.6,0.21,0,0,24,1,0,13,False,True,0,0,54,42,31,3.86,AI is off,AI is off,AI is off,AI is off,Not paired,AI is off,0,0,0
734000,19.1,0,5,0.61,0.21,0,0,24,1,0,13,False,True,0,0,53,42,32,3.86,AI is off,AI is off,AI is off,AI is off,Not paired,AI is off,0,0,0
736000,19.3,0,5,0.61,0.21,0,0,24,1,0,13,False,True,0,0,53,40,31,3.86,AI is off,AI is off,AI is off,AI is off,Not paired,AI is off,0,0,0
738000,19.6,0,5,0.62,0.21,0,0,22,1,0,13,False,True,0,0,52,41,30,3.86,AI is off,AI is off,AI is off,AI is off,Not paired,AI is off,0,0,0
740000,19.7,0,5,0.62,0.21,0,0,22,1,0,13,False,True,0,0,54,42,33,3.86,AI is off,AI is off,AI is off,AI is off,Not paired,AI is off,0,0,0
742000,19.5,0,5,0.62,0.21,0,0,22,1,0,13,False,True,0,0,54,43,33,3.86,AI is off,AI is off,AI is off,AI is off,Not paired,AI is off,0,0,0
744000,19.1,0,5,0.61,0.21,0,0,23,1,0,13,False,True,0,0,55,44,34,3.86,AI is off,AI is off,AI is off,AI is off,Not paired,AI is off,0,0,0
746000,18.6,0,5,0.6,0.21,0,0,23,1,0,13,False,True,0,0,53,40,31,3.86,AI is off,AI is off,AI is off,AI is off,Not paired,AI is off,0,0,0
748000,18.4,0,5,0.6,0.21,0,0,23,1,0,13,False,True,0,0,53,41,30,3.86,AI is off,AI is off,AI is off,AI is off,Not paired,AI is off,0,0,0
750000,18.4,0,5,0.59,0.21,0,0,23,1,0,13,False,True,0,0,54,43,33,3.86,AI is off,AI is off,AI is off,AI is off,Not paired,AI is off,0,0,0
752000,18.5,0,5,0.6,0.21,0,0,23,1,0,13,False,True,0,0,54,43,32,3.86,AI is off,AI is off,AI is off,AI is off,Not paired,AI is off,0,0,0
754000,18.4,0,5,0.59,0.21,0,0,26,1,0,13,False,True,0,0,53,42,32,3.86,AI is off,AI is off,AI is off,AI is off,Not paired,AI is off,0,0,0
756000,18.5,0,5,0.59,0.21,0,0,26,1,0,13,False,True,0,0,54,43,32,3.86,AI is off,AI is off,AI is off,AI is off,Not paired,AI is off,0,0,0
758000,18.7,0,5,0.6,0.21,0,0,26,1,0,13,False,True,0,0,53,40,31,3.86,AI is off,AI is off,AI is off,AI is off,Not paired,AI is off,0,0,0
760000,18.7,0,5,0.6,0.21,0,0,25,1,0,13,False,True,0,0,53,42,32,3.86,AI is off,AI is off,AI is off,AI is off,Not paired,AI is off,0,0,0
762000,18.5,0,5,0.6,0.21,0,0,25,1,0,13,False,True,0,0,53,42,32,3.86,AI is off,AI is off,AI is off,AI is off,Not paired,AI is off,0,0,0
764000,18.5,0,5,0.6,0.21,0,0,25,1,0,13,False,True,0,0,54,43,33,3.86,AI is off,AI is off,AI is off,AI is off,Not paired,AI is off,0,0,0
766000,18.6,0,5,0.6,0.21,0,0,25,1,0,13,False,True,0,0,53,41,31,3.86,AI is off,AI is off,AI is off,AI is off,Not paired,AI is off,0,0,0
768000,18.9,0,5,0.6,0.21,0,0,25,1,0,13,False,True,0,0,52,41,31,3.86,AI is off,AI is off,AI is off,AI is off,Not paired,AI is off,0,0,0
770000,19.4,0,5,0.61,0.21,0,0,22,1,0,13,False,True,0,0,53,43,32,3.86,AI is off,AI is off,AI is off,AI is off,Not paired,AI is off,0,0,0
772000,19.8,0,5,0.62,0.21,0,0,22,1,0,13,False,True,0,0,52,42,31,3.86,AI is off,AI is off,AI is off,AI is off,Not paired,AI is off,0,0,0
774000,20,0,5,0.63,0.21,0,0,22,1,0,13,False,True,0,0,53,41,31,3.86,AI is off,AI is off,AI is off,AI is off,Not paired,AI is off,0,0,0
776000,20.1,0,5,0.63,0.21,0,0,20,1,0,13,False,True,0,0,53,42,32,3.86,AI is off,AI is off,AI is off,AI is off,Not paired,AI is off,0,0,0
778000,20,0,5,0.63,0.21,0,0,20,1,0,13,False,True,0,0,52,41,31,3.86,AI is off,AI is off,AI is off,AI is off,Not paired,AI is off,0,0,0
780000,19.9,0,5,0.63,0.21,0,0,20,1,0,13,False,True,0,0,53,41,32,3.86,AI is off,AI is off,AI is off,AI is off,Not paired,AI is off,0,0,0
782000,20,0,5,0.63,0.21,0,0,20,1,0,13,False,True,0,0,53,41,32,3.86,AI is off,AI is off,AI is off,AI is off,Not paired,AI is off,0,0,0
784000,20.1,0,5,0.63,0.21,0,0,20,1,0,13,False,True,0,0,54,42,32,3.86,AI is off,AI is off,AI is off,AI is off,Not paired,AI is off,0,0,0
786000,19.9,0,5,0.63,0.21,0,0,20,1,0,13,False,True,0,0,56,45,35,3.86,AI is off,AI is off,AI is off,AI is off,Not paired,AI is off,0,0,0
788000,19.8,0,5,0.62,0.21,0,0,20,1,0,13,False,True,0,0,56,46,36,3.86,AI is off,AI is off,AI is off,AI is off,Not paired,AI is off,0,0,0
790000,19.8,0,5,0.62,0.21,0,0,20,1,0,13,False,True,0,0,54,43,32,3.86,AI is off,AI is off,AI is off,AI is off,Not paired,AI is off,0,0,0
792000,19.8,0,5,0.62,0.21,0,0,20,1,0,13,False,True,0,0,53,42,31,3.86,AI is off,AI is off,AI is off,AI is off,Not paired,AI is off,0,0,0
794000,19.8,0,5,0.62,0.21,0,0,20,1,0,13,False,True,0,0,54,42,32,3.86,AI is off,AI is off,AI is off,AI is off,Not paired,AI is off,0,0,0
796000,19.9,0,5,0.63,0.21,0,0,20,1,0,13,False,True,0,0,55,44,34,3.86,AI is off,AI is off,AI is off,AI is off,Not paired,AI is off,0,0,0
798000,19.5,0,5,0.62,0.21,0,0,20,1,0,13,False,True,0,0,54,42,32,3.86,AI is off,AI is off,AI is off,AI is off,Not paired,AI is off,0,0,0
800000,18.4,0,5,0.6,0.21,0,0,20,1,0,13,False,True,0,0,53,42,33,3.86,AI is off,AI is off,AI is off,AI is off,Not paired,AI is off,0,0,0
802000,17.7,0,5,0.58,0.21,0,0,20,1,0,13,False,True,0,0,53,41,31,3.86,AI is off,AI is off,AI is off,AI is off,Not paired,AI is off,0,0,0
804000,18,0,5,0.58,0.21,0,0,28,1,0,13,False,True,0,0,54,42,31,3.86,AI is off,AI is off,AI is off,AI is off,Not paired,AI is off,0,0,0
806000,18.1,0,5,0.59,0.21,0,0,28,1,0,13,False,True,0,0,53,42,32,3.86,AI is off,AI is off,AI is off,AI is off,Not paired,AI is off,0,0,0
808000,18.1,0,5,0.59,0.21,0,0,28,1,0,13,False,True,0,0,53,41,31,3.86,AI is off,AI is off,AI is off,AI is off,Not paired,AI is off,0,0,0
810000,18,0,5,0.59,0.21,0,0,26,1,0,13,False,True,0,0,54,43,33,3.86,AI is off,AI is off,AI is off,AI is off,Not paired,AI is off,0,0,0
812000,18.1,0,5,0.59,0.21,0,0,26,1,0,13,False,True,0,0,53,41,31,3.86,AI is off,AI is off,AI is off,AI is off,Not paired,AI is off,0,0,0
814000,18.2,0,5,0.59,0.21,0,0,26,1,0,13,False,True,0,0,53,41,31,3.86,AI is off,AI is off,AI is off,AI is off,Not paired,AI is off,0,0,0
816000,18.4,0,5,0.59,0.21,0,0,26,1,0,13,False,True,0,0,54,43,33,3.86,AI is off,AI is off,AI is off,AI is off,Not paired,AI is off,0,0,0
818000,18.6,0,5,0.6,0.21,0,0,26,1,0,13,False,True,0,0,53,42,32,3.86,AI is off,AI is off,AI is off,AI is off,Not paired,AI is off,0,0,0
820000,19.2,0,5,0.61,0.21,0,0,22,1,0,13,False,True,0,0,53,41,32,3.86,AI is off,AI is off,AI is off,AI is off,Not paired,AI is off,0,0,0
822000,19.4,0,5,0.61,0.21,0,0,22,1,0,13,False,True,0,0,53,42,32,3.86,AI is off,AI is off,AI is off,AI is off,Not paired,AI is off,0,0,0
824000,19.2,0,5,0.61,0.21,0,0,22,1,0,13,False,True,0,0,54,42,32,3.86,AI is off,AI is off,AI is off,AI is off,Not paired,AI is off,0,0,0
826000,19.2,0,5,0.61,0.21,0,0,22,1,0,13,False,True,0,0,53,42,32,3.86,AI is off,AI is off,AI is off,AI is off,Not paired,AI is off,0,0,0
828000,19.4,0,5,0.61,0.21,0,0,22,1,0,13,False,True,0,0,54,43,32,3.86,AI is off,AI is off,AI is off,AI is off,Not paired,AI is off,0,0,0
830000,19.4,0,5,0.61,0.21,0,0,22,1,0,13,False,True,0,0,53,42,31,3.86,AI is off,AI is off,AI is off,AI is off,Not paired,AI is off,0,0,0
832000,19.1,0,5,0.61,0.21,0,0,22,1,0,13,False,True,0,0,53,42,32,3.86,AI is off,AI is off,AI is off,AI is off,Not paired,AI is off,0,0,0
834000,19,0,5,0.61,0.21,0,0,22,1,0,13,False,True,0,0,53,41,31,3.86,AI is off,AI is off,AI is off,AI is off,Not paired,AI is off,0,0,0
836000,18.8,0,5,0.6,0.21,0,0,23,1,0,13,False,True,0,0,54,43,33,3.86,AI is off,AI is off,AI is off,AI is off,Not paired,AI is off,0,0,0
838000,18.5,0,5,0.6,0.21,0,0,23,1,0,13,False,True,0,0,55,45,35,3.86,AI is off,AI is off,AI is off,AI is off,Not paired,AI is off,0,0,0
840000,18.4,0,5,0.59,0.21,0,0,23,1,0,13,False,True,0,0,55,44,32,3.86,AI is off,AI is off,AI is off,AI is off,Not paired,AI is off,0,0,0
842000,18.1,0,5,0.59,0.21,0,0,25,1,0,13,False,True,0,0,54,43,32,3.86,AI is off,AI is off,AI is off,AI is off,Not paired,AI is off,0,0,0
844000,18.1,0,5,0.59,0.21,0,0,25,1,0,13,False,True,0,0,53,42,32,3.86,AI is off,AI is off,AI is off,AI is off,Not paired,AI is off,0,0,0
846000,18.7,0,5,0.6,0.21,0,0,25,1,0,13,False,True,0,0,53,41,32,3.86,AI is off,AI is off,AI is off,AI is off,Not paired,AI is off,0,0,0
848000,19.2,0,5,0.61,0.21,0,0,25,1,0,13,False,True,0,0,53,42,33,3.86,AI is off,AI is off,AI is off,AI is off,Not paired,AI is off,0,0,0
850000,19.7,0,5,0.62,0.21,0,0,25,1,0,13,False,True,0,0,54,44,34,3.86,AI is off,AI is off,AI is off,AI is off,Not paired,AI is off,0,0,0
852000,20.1,0,5,0.63,0.21,0,0,25,1,0,13,False,True,0,0,53,41,31,3.86,AI is off,AI is off,AI is off,AI is off,Not paired,AI is off,0,0,0
854000,20.4,0,5,0.63,0.21,0,0,18,1,0,13,False,True,0,0,53,41,31,3.86,AI is off,AI is off,AI is off,AI is off,Not paired,AI is off,0,0,0
856000,20.7,0,5,0.64,0.21,0,0,18,1,0,13,False,True,0,0,54,42,32,3.86,AI is off,AI is off,AI is off,AI is off,Not paired,AI is off,0,0,0
858000,20.8,0,6,0.64,0.21,0,0,16,1,0,13,False,True,0,0,54,42,31,3.86,AI is off,AI is off,AI is off,AI is off,Not paired,AI is off,0,0,0
860000,20.8,0,6,0.64,0.21,0,0,16,1,0,13,False,True,0,0,54,43,32,3.86,AI is off,AI is off,AI is off,AI is off,Not paired,AI is off,0,0,0
862000,20.8,0,6,0.64,0.21,0,0,16,1,0,13,False,True,0,0,54,43,33,3.86,AI is off,AI is off,AI is off,AI is off,Not paired,AI is off,0,0,0
864000,20.6,0,6,0.64,0.21,0,0,16,1,0,13,False,True,0,0,54,43,32,3.86,AI is off,AI is off,AI is off,AI is off,Not paired,AI is off,0,0,0
866000,20.4,0,6,0.64,0.21,0,0,16,1,0,13,False,True,0,0,53,41,31,3.86,AI is off,AI is off,AI is off,AI is off,Not paired,AI is off,0,0,0
868000,20.5,0,6,0.64,0.21,0,0,16,1,0,13,False,True,0,0,53,41,31,3.86,AI is off,AI is off,AI is off,AI is off,Not paired,AI is off,0,0,0
870000,20.4,0,5,0.64,0.21,0,0,17,1,0,13,False,True,0,0,53,41,32,3.86,AI is off,AI is off,AI is off,AI is off,Not paired,AI is off,0,0,0
872000,20.3,0,5,0.63,0.21,0,0,17,1,0,13,False,True,0,0,53,42,31,3.86,AI is off,AI is off,AI is off,AI is off,Not paired,AI is off,0,0,0
874000,20.5,0,5,0.64,0.21,0,0,17,1,0,13,False,True,0,0,52,41,30,3.86,AI is off,AI is off,AI is off,AI is off,Not paired,AI is off,0,0,0
876000,20.4,0,5,0.64,0.21,0,0,17,1,0,13,False,True,0,0,53,41,32,3.86,AI is off,AI is off,AI is off,AI is off,Not paired,AI is off,0,0,0
878000,20.2,0,5,0.63,0.21,0,0,17,1,0,13,False,True,0,0,53,41,31,3.86,AI is off,AI is off,AI is off,AI is off,Not paired,AI is off,0,0,0
880000,20.3,0,5,0.63,0.21,0,0,17,1,0,13,False,True,0,0,53,42,31,3.86,AI is off,AI is off,AI is off,AI is off,Not paired,AI is off,0,0,0
882000,20.4,0,5,0.64,0.21,0,0,17,1,0,13,False,True,0,0,53,42,31,3.86,AI is off,AI is off,AI is off,AI is off,Not paired,AI is off,0,0,0
884000,20.3,0,5,0.63,0.21,0,0,17,1,0,13,False,True,0,0,54,42,32,3.86,AI is off,AI is off,AI is off,AI is off,Not paired,AI is off,0,0,0
886000,20.2,0,5,0.63,0.21,0,0,18,1,0,13,False,True,0,0,53,42,33,3.86,AI is off,AI is off,AI is off,AI is off,Not paired,AI is off,0,0,0
888000,20.2,0,5,0.63,0.21,0,0,18,1,0,13,False,True,0,0,52,41,31,3.86,AI is off,AI is off,AI is off,AI is off,Not paired,AI is off,0,0,0
890000,20.3,0,5,0.63,0.21,0,0,18,1,0,13,False,True,0,0,52,41,31,3.86,AI is off,AI is off,AI is off,AI is off,Not paired,AI is off,0,0,0
892000,20.2,0,5,0.63,0.21,0,0,17,1,0,13,False,True,0,0,53,41,32,3.86,AI is off,AI is off,AI is off,AI is off,Not paired,AI is off,0,0,0
894000,20.1,0,5,0.63,0.21,0,0,17,1,0,13,False,True,0,0,53,41,31,3.86,AI is off,AI is off,AI is off,AI is off,Not paired,AI is off,0,0,0
896000,19.9,0,5,0.62,0.21,0,0,17,1,0,13,False,True,0,0,53,42,32,3.86,AI is off,AI is off,AI is off,AI is off,Not paired,AI is off,0,0,0
898000,20,0,5,0.63,0.21,0,0,17,1,0,13,False,True,0,0,54,42,31,3.86,AI is off,AI is off,AI is off,AI is off,Not paired,AI is off,0,0,0
900000,19.8,0,5,0.62,0.21,0,0,17,1,0,13,False,True,0,0,53,41,30,3.86,AI is off,AI is off,AI is off,AI is off,Not paired,AI is off,0,0,0
902000,19.6,0,5,0.62,0.21,0,0,19,1,0,13,False,True,0,0,52,40,29,3.86,AI is off,AI is off,AI is off,AI is off,Not paired,AI is off,0,0,0
904000,19.3,0,5,0.61,0.21,0,0,19,1,0,13,False,True,0,0,54,43,33,3.86,AI is off,AI is off,AI is off,AI is off,Not paired,AI is off,0,0,0
906000,19.3,0,5,0.61,0.21,0,0,19,1,0,13,False,True,0,0,56,45,35,3.86,AI is off,AI is off,AI is off,AI is off,Not paired,AI is off,0,0,0
908000,19.3,0,5,0.61,0.21,0,0,20,1,0,13,False,True,0,0,53,41,32,3.86,AI is off,AI is off,AI is off,AI is off,Not paired,AI is off,0,0,0
910000,19.6,0,5,0.62,0.21,0,0,20,1,0,13,False,True,0,0,54,42,33,3.86,AI is off,AI is off,AI is off,AI is off,Not paired,AI is off,0,0,0
912000,20.2,0,5,0.63,0.21,0,0,20,1,0,13,False,True,0,0,53,41,32,3.86,AI is off,AI is off,AI is off,AI is off,Not paired,AI is off,0,0,0
914000,20.8,0,5,0.64,0.21,0,0,20,1,0,13,False,True,0,0,54,43,32,3.86,AI is off,AI is off,AI is off,AI is off,Not paired,AI is off,0,0,0
916000,21.1,0,5,0.65,0.21,0,0,20,1,0,13,False,True,0,0,53,42,33,3.86,AI is off,AI is off,AI is off,AI is off,Not paired,AI is off,0,0,0
918000,21.3,0,5,0.65,0.21,0,0,20,1,0,13,False,True,0,0,53,41,31,3.86,AI is off,AI is off,AI is off,AI is off,Not paired,AI is off,0,0,0
920000,21.3,0,6,0.65,0.21,0,0,14,1,0,13,False,True,0,0,55,43,33,3.86,AI is off,AI is off,AI is off,AI is off,Not paired,AI is off,0,0,0
922000,21.6,0,6,0.66,0.21,0,0,14,1,0,13,False,True,0,0,53,41,31,3.86,AI is off,AI is off,AI is off,AI is off,Not paired,AI is off,0,0,0
924000,21.7,0,6,0.66,0.21,0,0,13,1,0,13,False,True,0,0,53,42,32,3.86,AI is off,AI is off,AI is off,AI is off,Not paired,AI is off,0,0,0
926000,21.6,0,6,0.66,0.21,0,0,13,1,0,13,False,True,0,0,53,41,31,3.86,AI is off,AI is off,AI is off,AI is off,Not paired,AI is off,0,0,0
928000,21.5,0,6,0.66,0.21,0,0,13,1,0,13,False,True,0,0,53,41,31,3.86,AI is off,AI is off,AI is off,AI is off,Not paired,AI is off,0,0,0
930000,21.5,0,6,0.66,0.21,0,0,13,1,0,13,False,True,0,0,54,43,33,3.86,AI is off,AI is off,AI is off,AI is off,Not paired,AI is off,0,0,0
932000,21.5,0,6,0.66,0.21,0,0,13,1,0,13,False,True,0,0,54,43,32,3.86,AI is off,AI is off,AI is off,AI is off,Not paired,AI is off,0,0,0
934000,21.4,0,6,0.66,0.21,0,0,13,1,0,13,False,True,0,0,54,42,32,3.86,AI is off,AI is off,AI is off,AI is off,Not paired,AI is off,0,0,0
936000,21,0,6,0.65,0.21,0,0,14,1,0,13,False,True,0,0,55,43,33,3.86,AI is off,AI is off,AI is off,AI is off,Not paired,AI is off,0,0,0
938000,20.4,0,6,0.64,0.21,0,0,14,1,0,13,False,True,0,0,55,44,34,3.86,AI is off,AI is off,AI is off,AI is off,Not paired,AI is off,0,0,0
940000,20.1,0,6,0.63,0.21,0,0,14,1,0,13,False,True,0,0,55,43,34,3.86,AI is off,AI is off,AI is off,AI is off,Not paired,AI is off,0,0,0
942000,20,0,5,0.63,0.21,0,0,17,1,0,13,False,True,0,0,54,44,33,3.86,AI is off,AI is off,AI is off,AI is off,Not paired,AI is off,0,0,0
944000,19.9,0,5,0.62,0.21,0,0,17,1,0,13,False,True,0,0,53,41,31,3.85,AI is off,AI is off,AI is off,AI is off,Not paired,AI is off,0,0,0
946000,19.7,0,5,0.62,0.21,0,0,17,1,0,13,False,True,0,0,52,41,31,3.85,AI is off,AI is off,AI is off,AI is off,Not paired,AI is off,0,0,0
948000,19.6,0,5,0.62,0.21,0,0,17,1,0,13,False,True,0,0,53,41,31,3.85,AI is off,AI is off,AI is off,AI is off,Not paired,AI is off,0,0,0
950000,20,0,5,0.62,0.21,0,0,17,1,0,13,False,True,0,0,53,41,30,3.85,AI is off,AI is off,AI is off,AI is off,Not paired,AI is off,0,0,0
952000,20,0,5,0.63,0.21,0,0,17,1,0,13,False,True,0,0,52,40,30,3.86,AI is off,AI is off,AI is off,AI is off,Not paired,AI is off,0,0,0
954000,19.5,0,5,0.62,0.21,0,0,17,1,0,13,False,True,0,0,54,42,33,3.86,AI is off,AI is off,AI is off,AI is off,Not paired,AI is off,0,0,0
956000,19.4,0,5,0.61,0.21,0,0,17,1,0,13,False,True,0,0,53,41,30,3.85,AI is off,AI is off,AI is off,AI is off,Not paired,AI is off,0,0,0
958000,19.4,0,5,0.61,0.21,0,0,19,1,0,13,False,True,0,0,53,40,30,3.85,AI is off,AI is off,AI is off,AI is off,Not paired,AI is off,0,0,0
960000,19.3,0,5,0.61,0.21,0,0,19,1,0,13,False,True,0,0,54,42,31,3.85,AI is off,AI is off,AI is off,AI is off,Not paired,AI is off,0,0,0
962000,19.2,0,5,0.61,0.21,0,0,19,1,0,13,False,True,0,0,54,42,30,3.85,AI is off,AI is off,AI is off,AI is off,Not paired,AI is off,0,0,0
964000,19.1,0,5,0.61,0.21,0,0,19,1,0,13,False,True,0,0,53,42,30,3.85,AI is off,AI is off,AI is off,AI is off,Not paired,AI is off,0,0,0
966000,19.2,0,5,0.61,0.21,0,0,19,1,0,13,False,True,0,0,54,42,30,3.85,AI is off,AI is off,AI is off,AI is off,Not paired,AI is off,0,0,0
968000,19.3,0,5,0.61,0.21,0,0,19,1,0,13,False,True,0,0,53,41,31,3.85,AI is off,AI is off,AI is off,AI is off,Not paired,AI is off,0,0,0
970000,19.3,0,5,0.61,0.21,0,0,19,1,0,13,False,True,0,0,54,42,31,3.85,AI is off,AI is off,AI is off,AI is off,Not paired,AI is off,0,0,0
972000,19.3,0,5,0.61,0.21,0,0,19,1,0,13,False,True,0,0,53,42,33,3.85,AI is off,AI is off,AI is off,AI is off,Not paired,AI is off,0,0,0
974000,19.4,0,5,0.61,0.21,0,0,19,1,0,13,False,True,0,0,54,43,33,3.85,AI is off,AI is off,AI is off,AI is off,Not paired,AI is off,0,0,0
976000,19.4,0,5,0.61,0.21,0,0,19,1,0,13,False,True,0,0,53,42,31,3.85,AI is off,AI is off,AI is off,AI is off,Not paired,AI is off,0,0,0
978000,19.5,0,5,0.62,0.21,0,0,19,1,0,13,False,True,0,0,53,42,31,3.85,AI is off,AI is off,AI is off,AI is off,Not paired,AI is off,0,0,0
980000,19.5,0,5,0.62,0.21,0,0,19,1,0,13,False,True,0,0,52,42,31,3.85,AI is off,AI is off,AI is off,AI is off,Not paired,AI is off,0,0,0
982000,19.5,0,5,0.62,0.21,0,0,19,1,0,13,False,True,0,0,53,42,31,3.85,AI is off,AI is off,AI is off,AI is off,Not paired,AI is off,0,0,0
984000,19.5,0,5,0.62,0.21,0,0,19,1,0,13,False,True,0,0,54,43,32,3.85,AI is off,AI is off,AI is off,AI is off,Not paired,AI is off,0,0,0
986000,19.4,0,5,0.61,0.21,0,0,18,1,0,13,False,True,0,0,53,42,31,3.85,AI is off,AI is off,AI is off,AI is off,Not paired,AI is off,0,0,0
988000,19.3,0,5,0.61,0.21,0,0,18,1,0,13,False,True,0,0,53,42,31,3.85,AI is off,AI is off,AI is off,AI is off,Not paired,AI is off,0,0,0
990000,19.2,0,5,0.61,0.21,0,0,19,1,0,13,False,True,0,0,53,42,31,3.85,AI is off,AI is off,AI is off,AI is off,Not paired,AI is off,0,0,0
992000,19.1,0,5,0.61,0.21,0,0,19,1,0,13,False,True,0,0,54,43,33,3.85,AI is off,AI is off,AI is off,AI is off,Not paired,AI is off,0,0,0
994000,19.1,0,5,0.61,0.21,0,0,19,1,0,13,False,True,0,0,55,44,33,3.85,AI is off,AI is off,AI is off,AI is off,Not paired,AI is off,0,0,0
996000,19.2,0,5,0.61,0.21,0,0,19,1,0,13,False,True,0,0,54,43,33,3.85,AI is off,AI is off,AI is off,AI is off,Not paired,AI is off,0,0,0
998000,19.2,0,5,0.61,0.21,0,0,19,1,0,13,False,True,0,0,52,42,32,3.85,AI is off,AI is off,AI is off,AI is off,Not paired,AI is off,0,0,0
1000000,19.2,0,5,0.61,0.21,0,0,19,1,0,13,False,True,0,0,54,42,32,3.85,AI is off,AI is off,AI is off,AI is off,Not paired,AI is off,0,0,0
1002000,19.2,0,5,0.61,0.21,0,0,18,1,0,13,False,True,0,0,54,42,32,3.85,AI is off,AI is off,AI is off,AI is off,Not paired,AI is off,0,0,0
1004000,19.2,0,5,0.61,0.21,0,0,18,1,0,13,False,True,0,0,53,41,32,3.85,AI is off,AI is off,AI is off,AI is off,Not paired,AI is off,0,0,0
1006000,19.1,0,5,0.61,0.21,0,0,18,1,0,13,False,True,0,0,54,43,33,3.85,AI is off,AI is off,AI is off,AI is off,Not paired,AI is off,0,0,0
1008000,19.2,0,5,0.61,0.21,0,0,19,1,0,13,False,True,0,0,54,43,33,3.85,AI is off,AI is off,AI is off,AI is off,Not paired,AI is off,0,0,0
1010000,19.1,0,5,0.61,0.21,0,0,19,1,0,13,False,True,0,0,54,43,33,3.85,AI is off,AI is off,AI is off,AI is off,Not paired,AI is off,0,0,0
1012000,19,0,5,0.61,0.21,0,0,19,1,0,13,False,True,0,0,53,42,32,3.85,AI is off,AI is off,AI is off,AI is off,Not paired,AI is off,0,0,0
1014000,18.9,0,5,0.6,0.21,0,0,19,1,0,13,False,True,0,0,53,42,33,3.85,AI is off,AI is off,AI is off,AI is off,Not paired,AI is off,0,0,0
1016000,19,0,5,0.61,0.21,0,0,19,1,0,13,False,True,0,0,53,41,31,3.85,AI is off,AI is off,AI is off,AI is off,Not paired,AI is off,0,0,0
1018000,19,0,5,0.61,0.21,0,0,19,1,0,13,False,True,0,0,53,40,31,3.85,AI is off,AI is off,AI is off,AI is off,Not paired,AI is off,0,0,0
1020000,19,0,5,0.61,0.21,0,0,19,1,0,13,False,True,0,0,53,41,31,3.85,AI is off,AI is off,AI is off,AI is off,Not paired,AI is off,0,0,0
1022000,18.8,0,5,0.6,0.21,0,0,19,1,0,13,False,True,0,0,53,41,31,3.85,AI is off,AI is off,AI is off,AI is off,Not paired,AI is off,0,0,0
1024000,18.7,0,5,0.6,0.21,0,0,20,1,0,13,False,True,0,0,53,42,31,3.85,AI is off,AI is off,AI is off,AI is off,Not paired,AI is off,0,0,0
1026000,18.5,0,5,0.6,0.21,0,0,20,1,0,13,False,True,0,0,53,42,32,3.85,AI is off,AI is off,AI is off,AI is off,Not paired,AI is off,0,0,0
1028000,18.3,0,5,0.59,0.21,0,0,20,1,0,13,False,True,0,0,53,42,31,3.85,AI is off,AI is off,AI is off,AI is off,Not paired,AI is off,0,0,0
1030000,18.3,0,5,0.59,0.21,0,0,20,1,0,13,False,True,0,0,54,42,32,3.85,AI is off,AI is off,AI is off,AI is off,Not paired,AI is off,0,0,0
1032000,18.1,0,5,0.59,0.21,0,0,20,1,0,13,False,True,0,0,53,41,32,3.85,AI is off,AI is off,AI is off,AI is off,Not paired,AI is off,0,0,0
1034000,17.9,0,5,0.58,0.21,0,0,23,1,0,13,False,True,0,0,53,42,31,3.85,AI is off,AI is off,AI is off,AI is off,Not paired,AI is off,0,0,0
1036000,17.8,0,5,0.58,0.21,0,0,23,1,0,13,False,True,0,0,54,42,33,3.85,AI is off,AI is off,AI is off,AI is off,Not paired,AI is off,0,0,0
1038000,17.9,0,5,0.58,0.21,0,0,23,1,0,13,False,True,0,0,57,45,35,3.85,AI is off,AI is off,AI is off,AI is off,Not paired,AI is off,0,0,0
1040000,18.1,0,5,0.59,0.21,0,0,22,1,0,13,False,True,0,0,56,44,34,3.85,AI is off,AI is off,AI is off,AI is off,Not paired,AI is off,0,0,0
1042000,18.6,0,5,0.59,0.21,0,0,22,1,0,13,False,True,0,0,57,46,35,3.85,AI is off,AI is off,AI is off,AI is off,Not paired,AI is off,0,0,0
1044000,19,0,5,0.6,0.21,0,0,22,1,0,13,False,True,0,0,56,45,35,3.85,AI is off,AI is off,AI is off,AI is off,Not paired,AI is off,0,0,0
1046000,19.3,0,5,0.61,0.21,0,0,22,1,0,13,False,True,0,0,54,43,33,3.85,AI is off,AI is off,AI is off,AI is off,Not paired,AI is off,0,0,0
1048000,19.6,0,5,0.62,0.21,0,0,22,1,0,13,False,True,0,0,52,41,31,3.85,AI is off,AI is off,AI is off,AI is off,Not paired,AI is off,0,0,0
1050000,19.5,0,5,0.62,0.21,0,0,22,1,0,13,False,True,0,0,53,41,32,3.85,AI is off,AI is off,AI is off,AI is off,Not paired,AI is off,0,0,0
1052000,19.4,0,5,0.61,0.21,0,0,17,1,0,13,False,True,0,0,54,42,31,3.85,AI is off,AI is off,AI is off,AI is off,Not paired,AI is off,0,0,0
1054000,19.2,0,5,0.61,0.21,0,0,17,1,0,13,False,True,0,0,53,42,31,3.85,AI is off,AI is off,AI is off,AI is off,Not paired,AI is off,0,0,0
1056000,19.1,0,5,0.61,0.21,0,0,18,1,0,13,False,True,0,0,54,43,31,3.85,AI is off,AI is off,AI is off,AI is off,Not paired,AI is off,0,0,0
1058000,18.9,0,5,0.6,0.21,0,0,18,1,0,13,False,True,0,0,53,41,33,3.85,AI is off,AI is off,AI is off,AI is off,Not paired,AI is off,0,0,0
1060000,18.7,0,5,0.6,0.21,0,0,18,1,0,13,False,True,0,0,54,42,32,3.85,AI is off,AI is off,AI is off,AI is off,Not paired,AI is off,0,0,0
1062000,18.5,0,5,0.6,0.21,0,0,18,1,0,13,False,True,0,0,54,43,33,3.85,AI is off,AI is off,AI is off,AI is off,Not paired,AI is off,0,0,0
1064000,18,0,5,0.59,0.21,0,0,18,1,0,13,False,True,0,0,54,42,33,3.85,AI is off,AI is off,AI is off,AI is off,Not paired,AI is off,0,0,0
1066000,17.4,0,5,0.58,0.21,0,0,18,1,0,13,False,True,0,0,55,41,32,3.85,AI is off,AI is off,AI is off,AI is off,Not paired,AI is off,0,0,0
1068000,16.8,0,5,0.56,0.21,0,0,25,1,0,13,False,True,0,0,53,41,31,3.85,AI is off,AI is off,AI is off,AI is off,Not paired,AI is off,0,0,0
1070000,16.7,0,5,0.56,0.21,0,0,25,1,0,13,False,True,0,0,53,42,32,3.85,AI is off,AI is off,AI is off,AI is off,Not paired,AI is off,0,0,0
1072000,16.6,0,5,0.56,0.21,0,0,25,1,0,13,False,True,0,0,53,42,32,3.85,AI is off,AI is off,AI is off,AI is off,Not paired,AI is off,0,0,0
1074000,16.5,0,5,0.55,0.21,0,0,29,1,0,13,False,True,0,0,53,40,30,3.85,AI is off,AI is off,AI is off,AI is off,Not paired,AI is off,0,0,0
1076000,16.5,0,5,0.55,0.21,0,0,29,1,0,13,False,True,0,0,54,42,33,3.85,AI is off,AI is off,AI is off,AI is off,Not paired,AI is off,0,0,0
1078000,16.3,0,5,0.55,0.21,0,0,29,1,0,13,False,True,0,0,53,43,33,3.85,AI is off,AI is off,AI is off,AI is off,Not paired,AI is off,0,0,0
1080000,16.1,0,5,0.55,0.21,0,0,29,1,0,13,False,True,0,0,53,42,33,3.85,AI is off,AI is off,AI is off,AI is off,Not paired,AI is off,0,0,0
1082000,15.8,0,5,0.54,0.21,0,0,29,1,0,13,False,True,0,0,55,43,33,3.85,AI is off,AI is off,AI is off,AI is off,Not paired,AI is off,0,0,0
1084000,15.7,0,5,0.54,0.21,0,0,34,1,0,13,False,True,0,0,55,45,36,3.85,AI is off,AI is off,AI is off,AI is off,Not paired,AI is off,0,0,0
1086000,16,0,5,0.54,0.21,0,0,34,1,0,13,False,True,0,0,54,43,33,3.85,AI is off,AI is off,AI is off,AI is off,Not paired,AI is off,0,0,0
1088000,16.2,0,5,0.55,0.21,0,0,34,1,0,13,False,True,0,0,55,45,35,3.85,AI is off,AI is off,AI is off,AI is off,Not paired,AI is off,0,0,0
1090000,16.4,0,5,0.55,0.21,0,0,31,1,0,13,False,True,0,0,54,44,34,3.85,AI is off,AI is off,AI is off,AI is off,Not paired,AI is off,0,0,0
1092000,16.7,0,5,0.56,0.21,0,0,31,1,0,13,False,True,0,0,53,42,31,3.85,AI is off,AI is off,AI is off,AI is off,Not paired,AI is off,0,0,0
1094000,16.8,0,5,0.56,0.21,0,0,31,1,0,13,False,True,0,0,53,42,31,3.85,AI is off,AI is off,AI is off,AI is off,Not paired,AI is off,0,0,0
1096000,16.8,0,5,0.56,0.21,0,0,31,1,0,13,False,True,0,0,56,45,35,3.85,AI is off,AI is off,AI is off,AI is off,Not paired,AI is off,0,0,0
1098000,16.8,0,5,0.56,0.21,0,0,31,1,0,13,False,True,0,0,54,41,33,3.85,AI is off,AI is off,AI is off,AI is off,Not paired,AI is off,0,0,0
1100000,16.6,0,5,0.56,0.21,0,0,28,1,0,13,False,True,0,0,57,46,36,3.85,AI is off,AI is off,AI is off,AI is off,Not paired,AI is off,0,0,0
1102000,16.6,0,5,0.55,0.21,0,0,28,1,0,13,False,True,0,0,56,45,35,3.85,AI is off,AI is off,AI is off,AI is off,Not paired,AI is off,0,0,0
1104000,16.5,0,5,0.55,0.21,0,0,28,1,0,13,False,True,0,0,54,43,34,3.85,AI is off,AI is off,AI is off,AI is off,Not paired,AI is off,0,0,0
1106000,16.2,0,5,0.55,0.21,0,0,30,1,0,13,False,True,0,0,52,41,31,3.85,AI is off,AI is off,AI is off,AI is off,Not paired,AI is off,0,0,0
1108000,16,0,5,0.54,0.21,0,0,30,1,0,13,False,True,0,0,53,41,31,3.85,AI is off,AI is off,AI is off,AI is off,Not paired,AI is off,0,0,0
1110000,15.9,0,5,0.54,0.21,0,0,30,1,0,13,False,True,0,0,53,42,31,3.85,AI is off,AI is off,AI is off,AI is off,Not paired,AI is off,0,0,0
1112000,15.6,0,5,0.54,0.21,0,0,30,1,0,13,False,True,0,0,53,41,30,3.85,AI is off,AI is off,AI is off,AI is off,Not paired,AI is off,0,0,0
1114000,15.5,0,5,0.53,0.21,0,0,30,1,0,13,False,True,0,0,53,41,31,3.85,AI is off,AI is off,AI is off,AI is off,Not paired,AI is off,0,0,0
1116000,15.2,0,5,0.53,0.21,0,0,30,1,0,13,False,True,0,0,53,41,31,3.85,AI is off,AI is off,AI is off,AI is off,Not paired,AI is off,0,0,0
1118000,14.9,0,5,0.52,0.21,0,0,37,1,0,13,False,True,0,0,54,41,31,3.85,AI is off,AI is off,AI is off,AI is off,Not paired,AI is off,0,0,0
1120000,14.7,0,5,0.52,0.21,0,0,37,1,0,13,False,True,0,0,52,40,31,3.85,AI is off,AI is off,AI is off,AI is off,Not paired,AI is off,0,0,0
1122000,14.6,0,5,0.51,0.21,0,0,43,1,0,13,False,True,0,0,54,42,30,3.85,AI is off,AI is off,AI is off,AI is off,Not paired,AI is off,0,0,0
1124000,14.6,0,5,0.51,0.21,0,0,43,1,0,13,False,True,0,0,54,42,31,3.85,AI is off,AI is off,AI is off,AI is off,Not paired,AI is off,0,0,0
1126000,14.7,0,5,0.52,0.21,0,0,43,1,0,13,False,True,0,0,57,45,36,3.85,AI is off,AI is off,AI is off,AI is off,Not paired,AI is off,0,0,0
1128000,14.5,0,5,0.51,0.21,0,0,43,1,0,14,False,True,0,0,53,41,31,3.85,AI is off,AI is off,AI is off,AI is off,Not paired,AI is off,0,0,0
1130000,14.2,0,5,0.51,0.21,0,0,43,1,0,14,False,True,0,0,54,44,33,3.85,AI is off,AI is off,AI is off,AI is off,Not paired,AI is off,0,0,0
1132000,13.9,0,5,0.5,0.21,0,0,43,1,0,14,False,True,0,0,54,42,33,3.85,AI is off,AI is off,AI is off,AI is off,Not paired,AI is off,0,0,0
1134000,13.3,0,5,0.49,0.21,0,0,50,1,0,14,False,True,0,0,53,42,31,3.85,AI is off,AI is off,AI is off,AI is off,Not paired,AI is off,0,0,0
1136000,13,0,5,0.48,0.21,0,0,50,1,0,14,False,True,0,0,53,40,31,3.85,AI is off,AI is off,AI is off,AI is off,Not paired,AI is off,0,0,0
1138000,13.1,0,5,0.48,0.21,0,0,50,1,0,14,False,True,0,0,53,42,32,3.85,AI is off,AI is off,AI is off,AI is off,Not paired,AI is off,0,0,0
1140000,13.2,0,5,0.48,0.21,0,0,57,1,0,14,False,True,0,0,53,42,32,3.85,AI is off,AI is off,AI is off,AI is off,Not paired,AI is off,0,0,0
1142000,13.3,0,5,0.49,0.21,0,0,57,1,0,14,False,True,0,0,53,43,32,3.85,AI is off,AI is off,AI is off,AI is off,Not paired,AI is off,0,0,0
1144000,13.5,0,5,0.49,0.21,0,0,57,1,0,14,False,True,0,0,54,43,32,3.85,AI is off,AI is off,AI is off,AI is off,Not paired,AI is off,0,0,0
1146000,13.7,0,5,0.49,0.21,0,0,57,1,0,14,False,True,0,0,53,42,32,3.85,AI is off,AI is off,AI is off,AI is off,Not paired,AI is off,0,0,0
1148000,13.9,0,5,0.5,0.21,0,0,57,1,0,14,False,True,0,0,53,41,32,3.85,AI is off,AI is off,AI is off,AI is off,Not paired,AI is off,0,0,0
1150000,14.1,0,5,0.5,0.21,0,0,47,1,0,14,False,True,0,0,54,42,33,3.85,AI is off,AI is off,AI is off,AI is off,Not paired,AI is off,0,0,0
1152000,14.3,0,5,0.51,0.21,0,0,47,1,0,15,False,True,0,0,54,43,32,3.85,AI is off,AI is off,AI is off,AI is off,Not paired,AI is off,0,0,0
1154000,14.6,0,5,0.51,0.21,0,0,47,1,0,15,False,True,0,0,56,44,35,3.85,AI is off,AI is off,AI is off,AI is off,Not paired,AI is off,0,0,0
1156000,15,0,5,0.52,0.21,0,0,42,1,0,15,False,True,0,0,53,41,30,3.85,AI is off,AI is off,AI is off,AI is off,Not paired,AI is off,0,0,0
1158000,15.3,0,5,0.53,0.21,0,0,42,1,0,14,False,True,0,0,53,42,32,3.85,AI is off,AI is off,AI is off,AI is off,Not paired,AI is off,0,0,0
1160000,15.4,0,5,0.53,0.21,0,0,42,1,0,14,False,True,0,0,53,40,30,3.85,AI is off,AI is off,AI is off,AI is off,Not paired,AI is off,0,0,0
1162000,15.1,0,5,0.53,0.21,0,0,42,1,0,14,False,True,0,0,53,41,30,3.85,AI is off,AI is off,AI is off,AI is off,Not paired,AI is off,0,0,0
1164000,14.4,0,5,0.51,0.21,0,0,42,1,0,14,False,True,0,0,53,41,32,3.85,AI is off,AI is off,AI is off,AI is off,Not paired,AI is off,0,0,0
1166000,14,0,5,0.5,0.21,0,0,46,1,0,14,False,True,0,0,54,43,33,3.85,AI is off,AI is off,AI is off,AI is off,Not paired,AI is off,0,0,0
1168000,13.6,0,5,0.49,0.21,0,0,46,1,0,14,False,True,0,0,53,41,32,3.85,AI is off,AI is off,AI is off,AI is off,Not paired,AI is off,0,0,0
1170000,13.6,0,5,0.49,0.21,0,0,46,1,0,14,False,True,0,0,55,44,33,3.85,AI is off,AI is off,AI is off,AI is off,Not paired,AI is off,0,0,0
1172000,14,0,5,0.5,0.21,0,0,49,1,0,14,False,True,0,0,54,42,33,3.85,AI is off,AI is off,AI is off,AI is off,Not paired,AI is off,0,0,0
1174000,14.5,0,5,0.51,0.21,0,0,49,1,0,14,False,True,0,0,53,42,32,3.85,AI is off,AI is off,AI is off,AI is off,Not paired,AI is off,0,0,0
1176000,14.8,0,5,0.52,0.21,0,0,49,1,0,14,False,True,0,0,53,42,32,3.85,AI is off,AI is off,AI is off,AI is off,Not paired,AI is off,0,0,0
1178000,15,0,5,0.52,0.21,0,0,49,1,0,14,False,True,0,0,53,42,31,3.85,AI is off,AI is off,AI is off,AI is off,Not paired,AI is off,0,0,0
1180000,15.3,0,5,0.53,0.21,0,0,49,1,0,15,False,True,0,0,53,42,32,3.85,AI is off,AI is off,AI is off,AI is off,Not paired,AI is off,0,0,0
1182000,15.7,0,5,0.53,0.21,0,0,33,1,0,15,False,True,0,0,55,44,34,3.85,AI is off,AI is off,AI is off,AI is off,Not paired,AI is off,0,0,0
1184000,16.1,0,5,0.54,0.21,0,0,33,1,0,15,False,True,0,0,53,42,32,3.85,AI is off,AI is off,AI is off,AI is off,Not paired,AI is off,0,0,0
1186000,16.2,0,5,0.55,0.21,0,0,33,1,0,14,False,True,0,0,53,42,32,3.85,AI is off,AI is off,AI is off,AI is off,Not paired,AI is off,0,0,0
1188000,16.4,0,5,0.55,0.21,0,0,29,1,0,14,False,True,0,0,53,42,32,3.85,AI is off,AI is off,AI is off,AI is off,Not paired,AI is off,0,0,0
1190000,16.4,0,5,0.55,0.21,0,0,29,1,0,14,False,True,0,0,54,43,32,3.85,AI is off,AI is off,AI is off,AI is off,Not paired,AI is off,0,0,0
1192000,16.8,0,5,0.56,0.21,0,0,29,1,0,14,False,True,0,0,52,42,31,3.85,AI is off,AI is off,AI is off,AI is off,Not paired,AI is off,0,0,0
1194000,17.4,0,5,0.57,0.21,0,0,29,1,0,14,False,True,0,0,54,42,30,3.85,AI is off,AI is off,AI is off,AI is off,Not paired,AI is off,0,0,0
1196000,17.6,0,5,0.58,0.21,0,0,29,1,0,14,False,True,0,0,53,41,30,3.85,AI is off,AI is off,AI is off,AI is off,Not paired,AI is off,0,0,0
1198000,17.7,0,5,0.58,0.21,0,0,29,1,0,14,False,True,0,0,53,40,30,3.85,AI is off,AI is off,AI is off,AI is off,Not paired,AI is off,0,0,0
1200000,17.6,0,5,0.58,0.21,0,0,22,1,0,14,False,True,0,0,53,41,31,3.85,AI is off,AI is off,AI is off,AI is off,Not paired,AI is off,0,0,0
1202000,17.8,0,5,0.58,0.21,0,0,22,1,0,14,False,True,0,0,53,41,31,3.85,AI is off,AI is off,AI is off,AI is off,Not paired,AI is off,0,0,0
1204000,18,0,5,0.58,0.21,0,0,20,1,0,14,False,True,0,0,53,41,32,3.85,AI is off,AI is off,AI is off,AI is off,Not paired,AI is off,0,0,0
1206000,18.3,0,5,0.59,0.21,0,0,20,1,0,14,False,True,0,0,53,41,31,3.85,AI is off,AI is off,AI is off,AI is off,Not paired,AI is off,0,0,0
1208000,18.6,0,5,0.6,0.21,0,0,20,1,0,14,False,True,0,0,53,42,32,3.85,AI is off,AI is off,AI is off,AI is off,Not paired,AI is off,0,0,0
1210000,18.9,0,5,0.6,0.21,0,0,20,1,0,14,False,True,0,0,53,41,32,3.85,AI is off,AI is off,AI is off,AI is off,Not paired,AI is off,0,0,0
1212000,19.2,0,5,0.61,0.21,0,0,20,1,0,14,False,True,0,0,53,41,33,3.85,AI is off,AI is off,AI is off,AI is off,Not paired,AI is off,0,0,0
1214000,19.4,0,5,0.61,0.21,0,0,20,1,0,14,False,True,0,0,53,41,32,3.85,AI is off,AI is off,AI is off,AI is off,Not paired,AI is off,0,0,0
1216000,19.4,0,5,0.62,0.21,0,0,15,1,0,14,False,True,0,0,53,41,32,3.85,AI is off,AI is off,AI is off,AI is off,Not paired,AI is off,0,0,0
1218000,19.4,0,5,0.61,0.21,0,0,15,1,0,14,False,True,0,0,53,41,32,3.85,AI is off,AI is off,AI is off,AI is off,Not paired,AI is off,0,0,0
1220000,19.5,0,5,0.62,0.21,0,0,15,1,0,14,False,True,0,0,54,43,33,3.85,AI is off,AI is off,AI is off,AI is off,Not paired,AI is off,0,0,0
1222000,19.5,0,5,0.62,0.21,0,0,15,1,0,14,False,True,0,0,53,42,32,3.85,AI is off,AI is off,AI is off,AI is off,Not paired,AI is off,0,0,0
1224000,19.2,0,5,0.61,0.21,0,0,15,1,0,14,False,True,0,0,54,42,32,3.85,AI is off,AI is off,AI is off,AI is off,Not paired,AI is off,0,0,0
1226000,19.2,0,5,0.61,0.21,0,0,15,1,0,14,False,True,0,0,54,42,33,3.85,AI is off,AI is off,AI is off,AI is off,Not paired,AI is off,0,0,0
1228000,19.4,0,5,0.61,0.21,0,0,15,1,0,14,False,True,0,0,54,42,32,3.85,AI is off,AI is off,AI is off,AI is off,Not paired,AI is off,0,0,0
1230000,19.4,0,5,0.62,0.21,0,0,15,1,0,14,False,True,0,0,54,44,33,3.85,AI is off,AI is off,AI is off,AI is off,Not paired,AI is off,0,0,0
1232000,19.3,0,5,0.61,0.21,0,0,15,1,0,14,False,True,0,0,54,43,33,3.85,AI is off,AI is off,AI is off,AI is off,Not paired,AI is off,0,0,0
1234000,19.3,0,5,0.61,0.21,0,0,15,1,0,14,False,True,0,0,55,45,35,3.85,AI is off,AI is off,AI is off,AI is off,Not paired,AI is off,0,0,0
1236000,19.3,0,5,0.61,0.21,0,0,15,1,0,14,False,True,0,0,56,45,36,3.85,AI is off,AI is off,AI is off,AI is off,Not paired,AI is off,0,0,0
1238000,19.3,0,5,0.61,0.21,0,0,15,1,0,14,False,True,0,0,56,45,35,3.85,AI is off,AI is off,AI is off,AI is off,Not paired,AI is off,0,0,0
1240000,19.4,0,5,0.61,0.21,0,0,15,1,0,14,False,True,0,0,57,45,36,3.85,AI is off,AI is off,AI is off,AI is off,Not paired,AI is off,0,0,0
1242000,19.6,0,5,0.62,0.21,0,0,15,1,0,14,False,True,0,0,55,44,33,3.85,AI is off,AI is off,AI is off,AI is off,Not paired,AI is off,0,0,0
1244000,19.9,0,5,0.62,0.21,0,0,15,1,0,14,False,True,0,0,56,45,35,3.85,AI is off,AI is off,AI is off,AI is off,Not paired,AI is off,0,0,0
1246000,20,0,5,0.63,0.21,0,0,15,1,0,14,False,True,0,0,53,42,31,3.85,AI is off,AI is off,AI is off,AI is off,Not paired,AI is off,0,0,0
1248000,20.2,0,5,0.63,0.21,0,0,13,1,0,13,False,True,0,0,53,41,30,3.85,AI is off,AI is off,AI is off,AI is off,Not paired,AI is off,0,0,0
1250000,20.2,0,5,0.63,0.21,0,0,13,1,0,14,False,True,0,0,53,41,30,3.85,AI is off,AI is off,AI is off,AI is off,Not paired,AI is off,0,0,0
1252000,20,0,5,0.63,0.21,0,0,13,1,0,13,False,True,0,0,53,41,32,3.85,AI is off,AI is off,AI is off,AI is off,Not paired,AI is off,0,0,0
1254000,20,0,5,0.63,0.21,0,0,14,1,0,13,False,True,0,0,54,44,33,3.85,AI is off,AI is off,AI is off,AI is off,Not paired,AI is off,0,0,0
1256000,20.2,0,5,0.63,0.21,0,0,14,1,0,13,False,True,0,0,53,42,32,3.85,AI is off,AI is off,AI is off,AI is off,Not paired,AI is off,0,0,0
1258000,20.4,0,5,0.63,0.21,0,0,14,1,0,13,False,True,0,0,52,41,31,3.85,AI is off,AI is off,AI is off,AI is off,Not paired,AI is off,0,0,0
1260000,20.5,0,5,0.64,0.21,0,0,14,1,0,13,False,True,0,0,53,42,32,3.85,AI is off,AI is off,AI is off,AI is off,Not paired,AI is off,0,0,0
1262000,20.5,0,5,0.64,0.21,0,0,14,1,0,13,False,True,0,0,54,43,33,3.85,AI is off,AI is off,AI is off,AI is off,Not paired,AI is off,0,0,0
1264000,20.2,0,5,0.63,0.21,0,0,14,1,0,13,False,True,0,0,54,44,33,3.85,AI is off,AI is off,AI is off,AI is off,Not paired,AI is off,0,0,0
1266000,20.1,0,5,0.63,0.21,0,0,13,1,0,13,False,True,0,0,53,42,32,3.85,AI is off,AI is off,AI is off,AI is off,Not paired,AI is off,0,0,0
1268000,19.9,0,5,0.63,0.21,0,0,13,1,0,13,False,True,0,0,54,43,32,3.85,AI is off,AI is off,AI is off,AI is off,Not paired,AI is off,0,0,0
1270000,19.6,0,5,0.62,0.21,0,0,14,1,0,13,False,True,0,0,54,44,34,3.85,AI is off,AI is off,AI is off,AI is off,Not paired,AI is off,0,0,0
1272000,19.2,0,5,0.61,0.21,0,0,14,1,0,13,False,True,0,0,54,43,33,3.85,AI is off,AI is off,AI is off,AI is off,Not paired,AI is off,0,0,0
1274000,18.9,0,5,0.61,0.21,0,0,14,1,0,13,False,True,0,0,53,41,32,3.85,AI is off,AI is off,AI is off,AI is off,Not paired,AI is off,0,0,0
1276000,18.6,0,5,0.6,0.21,0,0,14,1,0,13,False,True,0,0,54,43,33,3.85,AI is off,AI is off,AI is off,AI is off,Not paired,AI is off,0,0,0
1278000,18.7,0,5,0.6,0.21,0,0,14,1,0,13,False,True,0,0,53,42,32,3.85,AI is off,AI is off,AI is off,AI is off,Not paired,AI is off,0,0,0
1280000,18.6,0,5,0.6,0.21,0,0,14,1,0,13,False,True,0,0,55,43,33,3.85,AI is off,AI is off,AI is off,AI is off,Not paired,AI is off,0,0,0
1282000,18.4,0,5,0.59,0.21,0,0,17,1,0,13,False,True,0,0,54,42,32,3.85,AI is off,AI is off,AI is off,AI is off,Not paired,AI is off,0,0,0
1284000,18.3,0,5,0.59,0.21,0,0,17,1,0,13,False,True,0,0,54,42,32,3.85,AI is off,AI is off,AI is off,AI is off,Not paired,AI is off,0,0,0
1286000,18.1,0,5,0.59,0.21,0,0,17,1,0,13,False,True,0,0,54,43,33,3.85,AI is off,AI is off,AI is off,AI is off,Not paired,AI is off,0,0,0
1288000,17.8,0,5,0.58,0.21,0,0,18,1,0,13,False,True,0,0,54,43,33,3.85,AI is off,AI is off,AI is off,AI is off,Not paired,AI is off,0,0,0
1290000,17.5,0,5,0.58,0.21,0,0,18,1,0,13,False,True,0,0,54,43,33,3.85,AI is off,AI is off,AI is off,AI is off,Not paired,AI is off,0,0,0
1292000,17.2,0,5,0.57,0.21,0,0,18,1,0,13,False,True,0,0,54,43,33,3.85,AI is off,AI is off,AI is off,AI is off,Not paired,AI is off,0,0,0
1294000,16.7,0,5,0.56,0.21,0,0,18,1,0,13,False,True,0,0,54,42,33,3.85,AI is off,AI is off,AI is off,AI is off,Not paired,AI is off,0,0,0
1296000,16.3,0,5,0.55,0.21,0,0,18,1,0,13,False,True,0,0,54,42,32,3.85,AI is off,AI is off,AI is off,AI is off,Not paired,AI is off,0,0,0
1298000,16,0,5,0.55,0.21,0,0,28,1,0,13,False,True,0,0,54,42,32,3.85,AI is off,AI is off,AI is off,AI is off,Not paired,AI is off,0,0,0
1300000,15.8,0,5,0.54,0.21,0,0,28,1,0,13,False,True,0,0,54,42,32,3.85,AI is off,AI is off,AI is off,AI is off,Not paired,AI is off,0,0,0
1302000,15.8,0,5,0.54,0.21,0,0,28,1,0,13,False,True,0,0,54,43,33,3.85,AI is off,AI is off,AI is off,AI is off,Not paired,AI is off,0,0,0
1304000,15.6,0,5,0.54,0.21,0,0,30,1,0,13,False,True,0,0,54,40,29,3.85,AI is off,AI is off,AI is off,AI is off,Not paired,AI is off,0,0,0
1306000,15.5,0,5,0.53,0.21,0,0,30,1,0,13,False,True,0,0,54,40,30,3.85,AI is off,AI is off,AI is off,AI is off,Not paired,AI is off,0,0,0
1308000,15.3,0,5,0.53,0.21,0,0,30,1,0,13,False,True,0,0,56,45,35,3.85,AI is off,AI is off,AI is off,AI is off,Not paired,AI is off,0,0,0
1310000,15.2,0,5,0.53,0.21,0,0,30,1,0,13,False,True,0,0,56,44,34,3.85,AI is off,AI is off,AI is off,AI is off,Not paired,AI is off,0,0,0
1312000,15,0,5,0.52,0.21,0,0,30,1,0,13,False,True,0,0,54,43,32,3.85,AI is off,AI is off,AI is off,AI is off,Not paired,AI is off,0,0,0
1314000,14.8,0,5,0.52,0.21,0,0,37,1,0,13,False,True,0,0,53,41,31,3.85,AI is off,AI is off,AI is off,AI is off,Not paired,AI is off,0,0,0
1316000,14.6,0,5,0.52,0.21,0,0,37,1,0,13,False,True,0,0,55,45,35,3.85,AI is off,AI is off,AI is off,AI is off,Not paired,AI is off,0,0,0
1318000,14.5,0,5,0.51,0.21,0,0,37,1,0,13,False,True,0,0,56,45,35,3.85,AI is off,AI is off,AI is off,AI is off,Not paired,AI is off,0,0,0
1320000,14.1,0,5,0.51,0.21,0,0,41,1,0,13,False,True,0,0,56,45,35,3.85,AI is off,AI is off,AI is off,AI is off,Not paired,AI is off,0,0,0
1322000,13.9,0,5,0.5,0.21,0,0,41,1,0,14,False,True,0,0,53,39,28,3.85,AI is off,AI is off,AI is off,AI is off,Not paired,AI is off,0,0,0
1324000,13.6,0,5,0.49,0.21,0,0,41,1,0,14,False,True,0,0,55,45,35,3.85,AI is off,AI is off,AI is off,AI is off,Not paired,AI is off,0,0,0
1326000,13.6,0,5,0.49,0.21,0,0,41,1,0,14,False,True,0,0,54,43,33,3.85,AI is off,AI is off,AI is off,AI is off,Not paired,AI is off,0,0,0
1328000,13.5,0,5,0.49,0.21,0,0,41,1,0,14,False,True,0,0,53,42,32,3.85,AI is off,AI is off,AI is off,AI is off,Not paired,AI is off,0,0,0
1330000,13.3,0,5,0.49,0.21,0,0,41,1,0,14,False,True,0,0,54,40,31,3.85,AI is off,AI is off,AI is off,AI is off,Not paired,AI is off,0,0,0
1332000,13.3,0,5,0.49,0.21,0,0,50,1,0,14,False,True,0,0,56,44,34,3.85,AI is off,AI is off,AI is off,AI is off,Not paired,AI is off,0,0,0
1334000,13.1,0,5,0.48,0.21,0,0,50,1,0,14,False,True,0,0,53,42,31,3.85,AI is off,AI is off,AI is off,AI is off,Not paired,AI is off,0,0,0
1336000,12.5,0,5,0.47,0.21,0,0,63,1,0,14,False,True,0,0,57,44,34,3.85,AI is off,AI is off,AI is off,AI is off,Not paired,AI is off,0,0,0
1338000,12.5,0,5,0.47,0.21,0,0,63,1,0,14,False,True,0,0,57,45,36,3.85,AI is off,AI is off,AI is off,AI is off,Not paired,AI is off,0,0,0
1340000,12.4,0,5,0.47,0.21,0,0,63,1,0,14,False,True,0,0,56,43,32,3.85,AI is off,AI is off,AI is off,AI is off,Not paired,AI is off,0,0,0
1342000,12.5,0,5,0.47,0.21,0,0,63,1,0,14,False,True,0,0,56,43,32,3.85,AI is off,AI is off,AI is off,AI is off,Not paired,AI is off,0,0,0
1344000,12.4,0,5,0.47,0.21,0,0,63,1,0,14,False,True,0,0,54,40,30,3.85,AI is off,AI is off,AI is off,AI is off,Not paired,AI is off,0,0,0
1346000,12.5,0,5,0.47,0.21,0,0,63,1,0,14,False,True,0,0,54,41,32,3.85,AI is off,AI is off,AI is off,AI is off,Not paired,AI is off,0,0,0
1348000,12.4,0,5,0.47,0.21,0,0,63,1,0,14,False,True,0,0,55,44,33,3.85,AI is off,AI is off,AI is off,AI is off,Not paired,AI is off,0,0,0
1350000,12.6,0,5,0.47,0.21,0,0,63,1,0,15,False,True,0,0,53,41,32,3.85,AI is off,AI is off,AI is off,AI is off,Not paired,AI is off,0,0,0
1352000,12.7,0,5,0.47,0.21,0,0,63,1,0,15,False,True,0,0,54,42,33,3.85,AI is off,AI is off,AI is off,AI is off,Not paired,AI is off,0,0,0
1354000,12.8,0,5,0.48,0.21,0,0,58,1,0,15,False,True,0,0,54,43,32,3.85,AI is off,AI is off,AI is off,AI is off,Not paired,AI is off,0,0,0
1356000,13,0,5,0.48,0.21,0,0,58,1,0,15,False,True,0,0,54,42,32,3.85,AI is off,AI is off,AI is off,AI is off,Not paired,AI is off,0,0,0
1358000,13.1,0,5,0.48,0.21,0,0,58,1,0,15,False,True,0,0,54,43,33,3.85,AI is off,AI is off,AI is off,AI is off,Not paired,AI is off,0,0,0
1360000,13.2,0,5,0.48,0.21,0,0,58,1,0,15,False,True,0,0,56,45,35,3.85,AI is off,AI is off,AI is off,AI is off,Not paired,AI is off,0,0,0
1362000,13.1,0,5,0.48,0.21,0,0,58,1,0,15,False,True,0,0,54,39,29,3.85,AI is off,AI is off,AI is off,AI is off,Not paired,AI is off,0,0,0
1364000,13,0,5,0.48,0.21,0,0,53,1,0,15,False,True,0,0,54,40,30,3.85,AI is off,AI is off,AI is off,AI is off,Not paired,AI is off,0,0,0
1366000,12.6,0,5,0.47,0.21,0,0,53,1,0,15,False,True,0,0,55,44,34,3.85,AI is off,AI is off,AI is off,AI is off,Not paired,AI is off,0,0,0
1368000,12.4,0,5,0.47,0.21,0,0,53,1,0,15,False,True,0,0,54,43,33,3.85,AI is off,AI is off,AI is off,AI is off,Not paired,AI is off,0,0,0
1370000,12.2,0,5,0.46,0.21,0,0,65,1,0,15,False,True,0,0,54,43,33,3.85,AI is off,AI is off,AI is off,AI is off,Not paired,AI is off,0,0,0
1372000,12,0,5,0.46,0.21,0,0,65,1,0,15,False,True,0,0,53,42,31,3.85,AI is off,AI is off,AI is off,AI is off,Not paired,AI is off,0,0,0
1374000,11.9,0,5,0.46,0.21,0,0,65,1,0,15,False,True,0,0,54,42,32,3.85,AI is off,AI is off,AI is off,AI is off,Not paired,AI is off,0,0,0
1376000,11.9,0,5,0.46,0.21,0,0,65,1,0,16,False,True,0,0,53,42,32,3.85,AI is off,AI is off,AI is off,AI is off,Not paired,AI is off,0,0,0
1378000,11.6,0,5,0.45,0.21,0,0,65,1,0,16,False,True,0,0,54,43,33,3.85,AI is off,AI is off,AI is off,AI is off,Not paired,AI is off,0,0,0
1380000,11.6,0,5,0.45,0.21,0,0,65,1,0,16,False,True,0,0,54,41,30,3.85,AI is off,AI is off,AI is off,AI is off,Not paired,AI is off,0,0,0
1382000,11.6,0,5,0.45,0.21,0,0,86,1,0,16,False,True,0,0,54,42,32,3.85,AI is off,AI is off,AI is off,AI is off,Not paired,AI is off,0,0,0
1384000,11.6,0,5,0.45,0.21,0,0,86,1,0,16,False,True,0,0,54,42,32,3.85,AI is off,AI is off,AI is off,AI is off,Not paired,AI is off,0,0,0
1386000,11.7,0,5,0.45,0.21,0,0,86,1,0,16,False,True,0,0,53,41,32,3.85,AI is off,AI is off,AI is off,AI is off,Not paired,AI is off,0,0,0
1388000,11.8,0,5,0.45,0.21,0,0,86,1,0,16,False,True,0,0,54,42,32,3.85,AI is off,AI is off,AI is off,AI is off,Not paired,AI is off,0,0,0
1390000,11.7,0,5,0.45,0.21,0,0,86,1,0,16,False,True,0,0,54,44,32,3.85,AI is off,AI is off,AI is off,AI is off,Not paired,AI is off,0,0,0
1392000,11.8,0,5,0.45,0.21,0,0,84,1,0,16,False,True,0,0,53,41,31,3.85,AI is off,AI is off,AI is off,AI is off,Not paired,AI is off,0,0,0
1394000,12.1,0,5,0.46,0.21,0,0,84,1,0,16,False,True,0,0,53,41,32,3.85,AI is off,AI is off,AI is off,AI is off,Not paired,AI is off,0,0,0
1396000,12.2,0,5,0.46,0.21,0,0,84,1,0,16,False,True,0,0,53,41,31,3.85,AI is off,AI is off,AI is off,AI is off,Not paired,AI is off,0,0,0
1398000,12,0,5,0.46,0.21,0,0,84,1,0,16,False,True,0,0,54,42,32,3.85,AI is off,AI is off,AI is off,AI is off,Not paired,AI is off,0,0,0
1400000,12.1,0,5,0.46,0.21,0,0,70,1,0,16,False,True,0,0,53,41,32,3.85,AI is off,AI is off,AI is off,AI is off,Not paired,AI is off,0,0,0
1402000,11.9,0,5,0.46,0.21,0,0,70,1,0,16,False,True,0,0,54,44,33,3.85,AI is off,AI is off,AI is off,AI is off,Not paired,AI is off,0,0,0
1404000,11.8,0,5,0.46,0.21,0,0,70,1,0,16,False,True,0,0,54,43,32,3.85,AI is off,AI is off,AI is off,AI is off,Not paired,AI is off,0,0,0
1406000,11.9,0,5,0.46,0.21,0,0,77,1,0,16,False,True,0,0,54,43,33,3.85,AI is off,AI is off,AI is off,AI is off,Not paired,AI is off,0,0,0
1408000,11.7,0,5,0.45,0.21,0,0,77,1,0,17,False,True,0,0,53,41,32,3.85,AI is off,AI is off,AI is off,AI is off,Not paired,AI is off,0,0,0
1410000,11.6,0,5,0.45,0.21,0,0,77,1,0,17,False,True,0,0,53,42,32,3.85,AI is off,AI is off,AI is off,AI is off,Not paired,AI is off,0,0,0
1412000,11.5,0,5,0.45,0.21,0,0,77,1,0,17,False,True,0,0,55,42,32,3.85,AI is off,AI is off,AI is off,AI is off,Not paired,AI is off,0,0,0
1414000,11.3,0,5,0.45,0.21,0,0,77,1,0,17,False,True,0,0,55,44,33,3.85,AI is off,AI is off,AI is off,AI is off,Not paired,AI is off,0,0,0
1416000,11.4,0,5,0.45,0.21,0,0,77,1,0,17,False,True,0,0,54,40,30,3.85,AI is off,AI is off,AI is off,AI is off,Not paired,AI is off,0,0,0
1418000,11.3,0,5,0.45,0.21,0,0,91,1,0,17,False,True,0,0,57,45,36,3.85,AI is off,AI is off,AI is off,AI is off,Not paired,AI is off,0,0,0
1420000,11,0,5,0.44,0.21,0,0,91,1,0,17,False,True,0,0,56,43,32,3.85,AI is off,AI is off,AI is off,AI is off,Not paired,AI is off,0,0,0
1422000,10.7,0,5,0.43,0.21,0,0,99,1,0,17,False,True,0,0,54,42,31,3.85,AI is off,AI is off,AI is off,AI is off,Not paired,AI is off,0,0,0
1424000,10.4,0,5,0.43,0.21,0,0,99,1,0,17,False,True,0,0,52,40,28,3.85,AI is off,AI is off,AI is off,AI is off,Not paired,AI is off,0,0,0
1426000,10.1,0,5,0.42,0.21,0,0,99,1,0,17,False,True,0,0,59,46,34,3.85,AI is off,AI is off,AI is off,AI is off,Not paired,AI is off,0,0,0
1428000,10,0,5,0.42,0.21,0,0,99,1,0,17,False,True,0,0,54,41,31,3.85,AI is off,AI is off,AI is off,AI is off,Not paired,AI is off,0,0,0
1430000,9.900001,0,5,0.42,0.21,0,0,99,1,0,17,False,True,0,0,57,44,34,3.85,AI is off,AI is off,AI is off,AI is off,Not paired,AI is off,0,0,0
1432000,9.7,0,5,0.41,0.21,0,0,99,1,0,17,False,True,0,0,57,44,34,3.85,AI is off,AI is off,AI is off,AI is off,Not paired,AI is off,0,0,0
1434000,9.400001,0,4,0.41,0.21,0,0,99,1,0,18,False,True,0,0,65,50,39,3.85,AI is off,AI is off,AI is off,AI is off,Not paired,AI is off,0,0,0
1436000,9.1,0,4,0.4,0.21,0,0,99,1,0,18,False,True,0,0,58,44,34,3.85,AI is off,AI is off,AI is off,AI is off,Not paired,AI is off,0,0,0
1438000,8.900001,0,4,0.39,0.21,0,0,99,1,0,18,False,True,0,0,67,53,40,3.85,AI is off,AI is off,AI is off,AI is off,Not paired,AI is off,0,0,0
1440000,8.7,0,4,0.39,0.21,0,0,99,1,0,18,False,True,0,0,59,47,35,3.85,AI is off,AI is off,AI is off,AI is off,Not paired,AI is off,0,0,0
1442000,8.6,0,4,0.39,0.21,0,0,99,1,0,18,False,True,0,0,56,45,36,3.85,AI is off,AI is off,AI is off,AI is off,Not paired,AI is off,0,0,0
1444000,8.400001,0,4,0.38,0.21,0,0,99,1,0,18,False,True,0,0,53,39,30,3.85,AI is off,AI is off,AI is off,AI is off,Not paired,AI is off,0,0,0
1446000,8.2,0,4,0.38,0.21,0,0,99,1,0,18,False,True,0,0,58,45,35,3.85,AI is off,AI is off,AI is off,AI is off,Not paired,AI is off,0,0,0
1448000,8,0,4,0.38,0.21,0,0,99,1,0,19,False,True,0,0,54,40,30,3.85,AI is off,AI is off,AI is off,AI is off,Not paired,AI is off,0,0,0
1450000,7.8,0,4,0.37,0.21,0,0,99,1,0,19,False,True,0,0,54,43,33,3.85,AI is off,AI is off,AI is off,AI is off,Not paired,AI is off,0,0,0
1452000,7.7,0,4,0.37,0.21,0,0,99,1,0,19,False,True,0,0,54,43,32,3.85,AI is off,AI is off,AI is off,AI is off,Not paired,AI is off,0,0,0
1454000,7.6,0,4,0.37,0.21,0,0,99,1,0,19,False,True,0,0,56,45,37,3.85,AI is off,AI is off,AI is off,AI is off,Not paired,AI is off,0,0,0
1456000,7.5,0,4,0.37,0.21,0,0,99,1,0,19,False,True,0,0,53,41,31,3.85,AI is off,AI is off,AI is off,AI is off,Not paired,AI is off,0,0,0
1458000,7.3,0,4,0.36,0.21,0,0,99,1,0,19,False,True,0,0,55,44,34,3.85,AI is off,AI is off,AI is off,AI is off,Not paired,AI is off,0,0,0
1460000,7.4,0,4,0.36,0.21,0,0,99,1,0,19,False,True,0,0,53,42,32,3.85,AI is off,AI is off,AI is off,AI is off,Not paired,AI is off,0,0,0
1462000,7.5,0,4,0.36,0.21,0,0,99,1,0,19,False,True,0,0,54,39,30,3.85,AI is off,AI is off,AI is off,AI is off,Not paired,AI is off,0,0,0
1464000,7.5,0,4,0.36,0.21,0,0,99,1,0,19,False,True,0,0,53,42,31,3.85,AI is off,AI is off,AI is off,AI is off,Not paired,AI is off,0,0,0
1466000,7.6,0,4,0.37,0.21,0,0,99,1,0,19,False,True,0,0,53,42,31,3.85,AI is off,AI is off,AI is off,AI is off,Not paired,AI is off,0,0,0
1468000,7.4,0,4,0.36,0.21,0,0,99,1,0,19,False,True,0,0,55,41,32,3.85,AI is off,AI is off,AI is off,AI is off,Not paired,AI is off,0,0,0
1470000,7.1,0,4,0.36,0.21,0,0,99,1,0,19,False,True,0,0,56,45,35,3.85,AI is off,AI is off,AI is off,AI is off,Not paired,AI is off,0,0,0
1472000,7,0,4,0.35,0.21,0,0,99,1,0,19,False,True,0,0,53,41,31,3.85,AI is off,AI is off,AI is off,AI is off,Not paired,AI is off,0,0,0
1474000,6.9,0,4,0.35,0.21,0,0,99,1,0,19,False,True,0,0,54,43,33,3.85,AI is off,AI is off,AI is off,AI is off,Not paired,AI is off,0,0,0
1476000,7.1,0,4,0.36,0.21,0,0,99,1,0,19,False,True,0,0,54,42,32,3.85,AI is off,AI is off,AI is off,AI is off,Not paired,AI is off,0,0,0
1478000,7.1,0,4,0.36,0.21,0,0,99,1,0,20,False,True,0,0,53,41,32,3.85,AI is off,AI is off,AI is off,AI is off,Not paired,AI is off,0,0,0
1480000,7.2,0,4,0.36,0.21,0,0,99,1,0,20,False,True,0,0,53,42,32,3.85,AI is off,AI is off,AI is off,AI is off,Not paired,AI is off,0,0,0
1482000,7.4,0,4,0.36,0.21,0,0,99,1,0,20,False,True,0,0,56,42,32,3.85,AI is off,AI is off,AI is off,AI is off,Not paired,AI is off,0,0,0
1484000,7.7,0,4,0.37,0.21,0,0,99,1,0,20,False,True,0,0,59,45,33,3.85,AI is off,AI is off,AI is off,AI is off,Not paired,AI is off,0,0,0
1486000,7.9,0,4,0.37,0.21,0,0,99,1,0,20,False,True,0,0,53,41,31,3.85,AI is off,AI is off,AI is off,AI is off,Not paired,AI is off,0,0,0
1488000,7.9,0,4,0.37,0.21,0,0,99,1,0,20,False,True,0,0,54,43,33,3.85,AI is off,AI is off,AI is off,AI is off,Not paired,AI is off,0,0,0
1490000,7.7,0,4,0.37,0.21,0,0,99,1,0,20,False,True,0,0,55,44,34,3.85,AI is off,AI is off,AI is off,AI is off,Not paired,AI is off,0,0,0
1492000,7.4,0,4,0.36,0.21,0,0,99,1,0,20,False,True,0,0,57,43,33,3.85,AI is off,AI is off,AI is off,AI is off,Not paired,AI is off,0,0,0
1494000,7.3,0,4,0.36,0.21,0,0,99,1,0,20,False,True,0,0,54,41,32,3.85,AI is off,AI is off,AI is off,AI is off,Not paired,AI is off,0,0,0
1496000,7.1,0,4,0.36,0.21,0,0,99,1,0,20,False,True,0,0,54,42,33,3.85,AI is off,AI is off,AI is off,AI is off,Not paired,AI is off,0,0,0
1498000,6.9,0,4,0.35,0.21,0,0,99,1,0,20,False,True,0,0,55,44,34,3.85,AI is off,AI is off,AI is off,AI is off,Not paired,AI is off,0,0,0
1500000,6.7,0,4,0.35,0.21,0,0,99,1,0,20,False,True,0,0,55,44,34,3.85,AI is off,AI is off,AI is off,AI is off,Not paired,AI is off,0,0,0
1502000,6.6,0,4,0.35,0.21,0,0,99,1,0,20,False,True,0,0,53,41,31,3.85,AI is off,AI is off,AI is off,AI is off,Not paired,AI is off,0,0,0
1504000,6.3,0,4,0.34,0.21,0,0,99,1,0,20,False,True,0,0,54,40,31,3.85,AI is off,AI is off,AI is off,AI is off,Not paired,AI is off,0,0,0
1506000,6.2,0,4,0.34,0.21,0,0,99,1,0,20,False,True,0,0,55,43,33,3.85,AI is off,AI is off,AI is off,AI is off,Not paired,AI is off,0,0,0
1508000,6.2,0,4,0.34,0.21,0,0,99,1,0,20,False,True,0,0,54,40,31,3.85,AI is off,AI is off,AI is off,AI is off,Not paired,AI is off,0,0,0
1510000,6.2,0,4,0.34,0.21,0,0,99,1,0,20,False,True,0,0,55,41,32,3.85,AI is off,AI is off,AI is off,AI is off,Not paired,AI is off,0,0,0
1512000,6.1,0,4,0.34,0.21,0,0,99,1,0,20,False,True,0,0,54,41,31,3.85,AI is off,AI is off,AI is off,AI is off,Not paired,AI is off,0,0,0
1514000,5.9,0,4,0.33,0.21,0,0,99,1,0,20,False,True,0,0,56,42,33,3.85,AI is off,AI is off,AI is off,AI is off,Not paired,AI is off,0,0,0
1516000,5.8,0,4,0.33,0.21,0,0,99,1,0,20,False,True,0,0,54,43,33,3.85,AI is off,AI is off,AI is off,AI is off,Not paired,AI is off,0,0,0
1518000,5.7,0,4,0.33,0.21,0,0,99,1,0,21,False,True,0,0,55,44,33,3.85,AI is off,AI is off,AI is off,AI is off,Not paired,AI is off,0,0,0
1520000,5.8,0,4,0.33,0.21,0,0,99,1,0,21,False,True,0,0,55,45,34,3.85,AI is off,AI is off,AI is off,AI is off,Not paired,AI is off,0,0,0
1522000,6,0,4,0.33,0.21,0,0,99,1,0,21,False,True,0,0,55,44,34,3.85,AI is off,AI is off,AI is off,AI is off,Not paired,AI is off,0,0,0
1524000,6.2,0,4,0.34,0.21,0,0,99,1,0,21,False,True,0,0,53,42,32,3.85,AI is off,AI is off,AI is off,AI is off,Not paired,AI is off,0,0,0
1526000,6.5,0,4,0.34,0.21,0,0,99,1,0,21,False,True,0,0,55,44,34,3.85,AI is off,AI is off,AI is off,AI is off,Not paired,AI is off,0,0,0
1528000,6.6,0,4,0.35,0.21,0,0,99,1,0,21,False,True,0,0,55,44,34,3.85,AI is off,AI is off,AI is off,AI is off,Not paired,AI is off,0,0,0
1530000,6.6,0,4,0.35,0.21,0,0,99,1,0,21,False,True,0,0,56,45,35,3.85,AI is off,AI is off,AI is off,AI is off,Not paired,AI is off,0,0,0
1532000,6.5,0,4,0.34,0.21,0,0,99,1,0,21,False,True,0,0,56,44,34,3.85,AI is off,AI is off,AI is off,AI is off,Not paired,AI is off,0,0,0
1534000,6.5,0,4,0.34,0.21,0,0,99,1,0,21,False,True,0,0,53,41,32,3.85,AI is off,AI is off,AI is off,AI is off,Not paired,AI is off,0,0,0
1536000,6.5,0,4,0.34,0.21,0,0,99,1,0,21,False,True,0,0,54,43,33,3.85,AI is off,AI is off,AI is off,AI is off,Not paired,AI is off,0,0,0
1538000,6.5,0,4,0.34,0.21,0,0,99,1,0,21,False,True,0,0,55,44,34,3.85,AI is off,AI is off,AI is off,AI is off,Not paired,AI is off,0,0,0
1540000,6.4,0,4,0.34,0.21,0,0,99,1,0,21,False,True,0,0,53,41,31,3.85,AI is off,AI is off,AI is off,AI is off,Not paired,AI is off,0,0,0
1542000,6.4,0,4,0.34,0.21,0,0,99,1,0,21,False,True,0,0,54,40,30,3.85,AI is off,AI is off,AI is off,AI is off,Not paired,AI is off,0,0,0
1544000,6.3,0,4,0.34,0.21,0,0,99,1,0,21,False,True,0,0,55,44,34,3.85,AI is off,AI is off,AI is off,AI is off,Not paired,AI is off,0,0,0
1546000,6.5,0,4,0.34,0.21,0,0,99,1,0,21,False,True,0,0,54,41,30,3.85,AI is off,AI is off,AI is off,AI is off,Not paired,AI is off,0,0,0
1548000,6.6,0,4,0.35,0.21,0,0,99,1,0,21,False,True,0,0,60,47,35,3.85,AI is off,AI is off,AI is off,AI is off,Not paired,AI is off,0,0,0
1550000,6.4,0,4,0.34,0.21,0,0,99,1,0,21,False,True,0,0,55,43,33,3.85,AI is off,AI is off,AI is off,AI is off,Not paired,AI is off,0,0,0
1552000,5.9,0,4,0.33,0.21,0,0,99,1,0,21,False,True,0,0,55,44,34,3.85,AI is off,AI is off,AI is off,AI is off,Not paired,AI is off,0,0,0
1554000,5.6,0,3,0.33,0.21,0,0,99,1,0,21,False,True,0,0,55,42,32,3.85,AI is off,AI is off,AI is off,AI is off,Not paired,AI is off,0,0,0
1556000,5.5,0,3,0.32,0.21,0,0,99,1,0,21,False,True,0,0,55,43,32,3.85,AI is off,AI is off,AI is off,AI is off,Not paired,AI is off,0,0,0
1558000,5.4,0,3,0.32,0.21,0,0,99,1,0,21,False,True,0,0,54,43,34,3.85,AI is off,AI is off,AI is off,AI is off,Not paired,AI is off,0,0,0
1560000,5.6,0,3,0.32,0.21,0,0,99,1,0,21,False,True,0,0,53,39,30,3.85,AI is off,AI is off,AI is off,AI is off,Not paired,AI is off,0,0,0
1562000,5.5,0,3,0.32,0.21,0,0,99,1,0,21,False,True,0,0,54,43,33,3.85,AI is off,AI is off,AI is off,AI is off,Not paired,AI is off,0,0,0
1564000,5.6,0,3,0.32,0.21,0,0,99,1,0,21,False,True,0,0,53,40,31,3.85,AI is off,AI is off,AI is off,AI is off,Not paired,AI is off,0,0,0
1566000,5.6,0,3,0.33,0.21,0,0,99,1,0,21,False,True,0,0,53,42,31,3.85,AI is off,AI is off,AI is off,AI is off,Not paired,AI is off,0,0,0
1568000,5.6,0,3,0.33,0.21,0,0,99,1,0,21,False,True,0,0,52,41,31,3.85,AI is off,AI is off,AI is off,AI is off,Not paired,AI is off,0,0,0
1570000,5.5,0,3,0.32,0.21,0,0,99,1,0,21,False,True,0,0,53,41,31,3.85,AI is off,AI is off,AI is off,AI is off,Not paired,AI is off,0,0,0
1572000,5.4,0,3,0.32,0.21,0,0,99,1,0,21,False,True,0,0,53,41,31,3.85,AI is off,AI is off,AI is off,AI is off,Not paired,AI is off,0,0,0
1574000,5.3,0,3,0.32,0.21,0,0,99,1,0,21,False,True,0,0,53,40,30,3.85,AI is off,AI is off,AI is off,AI is off,Not paired,AI is off,0,0,0
1576000,5.1,0,3,0.32,0.21,0,0,99,1,0,21,False,True,0,0,55,42,33,3.85,AI is off,AI is off,AI is off,AI is off,Not paired,AI is off,0,0,0
1578000,5.1,0,3,0.31,0.21,0,0,99,1,0,22,False,True,0,0,53,40,30,3.85,AI is off,AI is off,AI is off,AI is off,Not paired,AI is off,0,0,0
1580000,5,0,3,0.31,0.21,0,0,99,1,0,22,False,True,0,0,56,43,33,3.85,AI is off,AI is off,AI is off,AI is off,Not paired,AI is off,0,0,0
1582000,4.9,0,3,0.31,0.21,0,0,99,1,0,22,False,True,0,0,71,54,42,3.85,AI is off,AI is off,AI is off,AI is off,Not paired,AI is off,0,0,0
1584000,5,0,3,0.31,0.21,0,0,99,1,0,22,False,True,0,0,65,48,36,3.85,AI is off,AI is off,AI is off,AI is off,Not paired,AI is off,0,0,0
1586000,5.2,0,3,0.32,0.21,0,0,99,1,0,22,False,True,0,0,62,48,38,3.85,AI is off,AI is off,AI is off,AI is off,Not paired,AI is off,0,0,0
1588000,5.4,0,3,0.32,0.21,0,0,99,1,0,22,False,True,0,0,58,45,35,3.85,AI is off,AI is off,AI is off,AI is off,Not paired,AI is off,0,0,0
1590000,5.3,0,3,0.32,0.21,0,0,99,1,0,22,False,True,0,0,53,40,30,3.85,AI is off,AI is off,AI is off,AI is off,Not paired,AI is off,0,0,0
1592000,5.2,0,3,0.32,0.21,0,0,99,1,0,22,False,True,0,0,54,42,33,3.85,AI is off,AI is off,AI is off,AI is off,Not paired,AI is off,0,0,0
1594000,5.2,0,3,0.32,0.21,0,0,99,1,0,22,False,True,0,0,53,42,31,3.85,AI is off,AI is off,AI is off,AI is off,Not paired,AI is off,0,0,0
1596000,5.3,0,3,0.32,0.21,0,0,99,1,0,22,False,True,0,0,54,43,31,3.85,AI is off,AI is off,AI is off,AI is off,Not paired,AI is off,0,0,0
1598000,5.3,0,3,0.32,0.21,0,0,99,1,0,22,False,True,0,0,53,42,32,3.85,AI is off,AI is off,AI is off,AI is off,Not paired,AI is off,0,0,0
1600000,5.3,0,3,0.32,0.21,0,0,99,1,0,22,False,True,0,0,54,42,32,3.85,AI is off,AI is off,AI is off,AI is off,Not paired,AI is off,0,0,0
1602000,5.3,0,2,0.32,0.21,0,0,99,1,0,22,False,True,0,0,53,42,31,3.85,AI is off,AI is off,AI is off,AI is off,Not paired,AI is off,0,0,0
1604000,5.4,0,2,0.32,0.21,0,0,99,1,0,22,False,True,0,0,54,42,32,3.85,AI is off,AI is off,AI is off,AI is off,Not paired,AI is off,0,0,0
1606000,5.5,0,2,0.32,0.21,0,0,99,1,0,22,False,True,0,0,54,42,30,3.85,AI is off,AI is off,AI is off,AI is off,Not paired,AI is off,0,0,0
1608000,5.7,0,2,0.33,0.21,0,0,99,1,0,22,False,True,0,0,52,41,30,3.85,AI is off,AI is off,AI is off,AI is off,Not paired,AI is off,0,0,0
1610000,5.7,0,2,0.33,0.21,0,0,99,1,0,22,False,True,0,0,54,42,31,3.85,AI is off,AI is off,AI is off,AI is off,Not paired,AI is off,0,0,0
1612000,5.5,0,2,0.32,0.21,0,0,99,1,0,22,False,True,0,0,53,42,31,3.85,AI is off,AI is off,AI is off,AI is off,Not paired,AI is off,0,0,0
1614000,5.3,0,2,0.32,0.21,0,0,99,1,0,22,False,True,0,0,54,43,32,3.85,AI is off,AI is off,AI is off,AI is off,Not paired,AI is off,0,0,0
1616000,5.3,0,2,0.32,0.21,0,0,99,1,0,22,False,True,0,0,55,45,35,3.85,AI is off,AI is off,AI is off,AI is off,Not paired,AI is off,0,0,0
1618000,5.5,0,2,0.32,0.21,0,0,99,1,0,22,False,True,0,0,55,40,30,3.85,AI is off,AI is off,AI is off,AI is off,Not paired,AI is off,0,0,0
1620000,5.6,0,2,0.32,0.21,0,0,99,1,0,22,False,True,0,0,54,40,29,3.85,AI is off,AI is off,AI is off,AI is off,Not paired,AI is off,0,0,0
1622000,5.7,0,2,0.33,0.21,0,0,99,1,0,22,False,True,0,0,58,43,33,3.85,AI is off,AI is off,AI is off,AI is off,Not paired,AI is off,0,0,0
1624000,5.7,0,2,0.33,0.21,0,0,99,1,0,22,False,True,0,0,57,43,32,3.85,AI is off,AI is off,AI is off,AI is off,Not paired,AI is off,0,0,0
1626000,5.4,0,2,0.32,0.21,0,0,99,1,0,22,False,True,0,0,63,49,36,3.85,AI is off,AI is off,AI is off,AI is off,Not paired,AI is off,0,0,0
1628000,5.3,0,2,0.32,0.21,0,0,99,1,0,22,False,True,0,0,53,39,29,3.85,AI is off,AI is off,AI is off,AI is off,Not paired,AI is off,0,0,0
1630000,5.4,0,2,0.32,0.21,0,0,99,1,0,22,False,True,0,0,63,49,37,3.85,AI is off,AI is off,AI is off,AI is off,Not paired,AI is off,0,0,0
1632000,5.5,0,2,0.32,0.21,0,0,99,1,0,22,False,True,0,0,54,43,33,3.85,AI is off,AI is off,AI is off,AI is off,Not paired,AI is off,0,0,0
1634000,5.6,0,2,0.32,0.21,0,0,99,1,0,22,False,True,0,0,55,43,32,3.85,AI is off,AI is off,AI is off,AI is off,Not paired,AI is off,0,0,0
1636000,5.6,0,2,0.32,0.21,0,0,99,1,0,22,False,True,0,0,53,41,31,3.85,AI is off,AI is off,AI is off,AI is off,Not paired,AI is off,0,0,0
1638000,5.5,0,2,0.32,0.21,0,0,99,1,0,22,False,True,0,0,54,42,31,3.85,AI is off,AI is off,AI is off,AI is off,Not paired,AI is off,0,0,0
1640000,5.3,0,2,0.32,0.21,0,0,99,1,0,22,False,True,0,0,53,40,30,3.85,AI is off,AI is off,AI is off,AI is off,Not paired,AI is off,0,0,0
1642000,5,0,2,0.31,0.21,0,0,99,1,0,22,False,True,0,0,54,43,32,3.85,AI is off,AI is off,AI is off,AI is off,Not paired,AI is off,0,0,0
1644000,4.6,0,2,0.31,0.21,0,0,99,1,0,22,False,True,0,0,54,42,31,3.85,AI is off,AI is off,AI is off,AI is off,Not paired,AI is off,0,0,0
1646000,4.3,0,2,0.3,0.21,0,0,99,1,0,22,False,True,0,0,54,42,32,3.85,AI is off,AI is off,AI is off,AI is off,Not paired,AI is off,0,0,0
1648000,4.4,0,2,0.3,0.21,0,0,99,1,0,22,False,True,0,0,53,41,31,3.85,AI is off,AI is off,AI is off,AI is off,Not paired,AI is off,0,0,0
1650000,4.5,0,2,0.3,0.21,0,0,99,1,0,22,False,True,0,0,54,42,31,3.85,AI is off,AI is off,AI is off,AI is off,Not paired,AI is off,0,0,0
1652000,4.7,0,2,0.3,0.21,0,0,99,1,0,22,False,True,0,0,55,42,32,3.85,AI is off,AI is off,AI is off,AI is off,Not paired,AI is off,0,0,0
1654000,4.8,0,2,0.31,0.21,0,0,99,1,0,22,False,True,0,0,53,39,28,3.85,AI is off,AI is off,AI is off,AI is off,Not paired,AI is off,0,0,0
1656000,4.9,0,2,0.31,0.21,0,0,99,1,0,22,False,True,0,0,53,39,30,3.85,AI is off,AI is off,AI is off,AI is off,Not paired,AI is off,0,0,0
1658000,5.1,0,2,0.31,0.21,0,0,99,1,0,22,False,True,0,0,55,43,33,3.85,AI is off,AI is off,AI is off,AI is off,Not paired,AI is off,0,0,0
1660000,5.2,0,2,0.32,0.21,0,0,99,1,0,22,False,True,0,0,54,40,29,3.85,AI is off,AI is off,AI is off,AI is off,Not paired,AI is off,0,0,0
1662000,5,0,2,0.31,0.21,0,0,99,1,0,22,False,True,0,0,53,40,30,3.85,AI is off,AI is off,AI is off,AI is off,Not paired,AI is off,0,0,0
1664000,4.5,0,2,0.31,0.21,0,0,99,1,0,22,False,True,0,0,53,41,30,3.85,AI is off,AI is off,AI is off,AI is off,Not paired,AI is off,0,0,0
1666000,3.9,0,2,0.29,0.21,0,0,99,1,0,22,False,True,0,0,54,42,31,3.85,AI is off,AI is off,AI is off,AI is off,Not paired,AI is off,0,0,0
1668000,3.4,0,2,0.28,0.21,0,0,99,1,0,22,False,True,0,0,54,42,30,3.85,AI is off,AI is off,AI is off,AI is off,Not paired,AI is off,0,0,0
1670000,3.3,0,1,0.28,0.21,0,0,99,1,0,22,False,True,0,0,53,40,31,3.85,AI is off,AI is off,AI is off,AI is off,Not paired,AI is off,0,0,0
1672000,3.2,0,1,0.28,0.21,0,0,99,1,0,22,False,True,0,0,52,40,30,3.85,AI is off,AI is off,AI is off,AI is off,Not paired,AI is off,0,0,0
1674000,3.4,0,1,0.28,0.21,0,0,99,1,0,22,False,True,0,0,53,40,29,3.85,AI is off,AI is off,AI is off,AI is off,Not paired,AI is off,0,0,0
1676000,3.7,0,1,0.28,0.21,0,0,99,1,0,22,False,True,0,0,53,40,29,3.85,AI is off,AI is off,AI is off,AI is off,Not paired,AI is off,0,0,0
1678000,3.9,0,1,0.29,0.21,0,0,99,1,0,22,False,True,0,0,54,41,30,3.85,AI is off,AI is off,AI is off,AI is off,Not paired,AI is off,0,0,0
1680000,3.9,0,1,0.29,0.21,0,0,99,1,0,23,False,True,0,0,52,40,29,3.85,AI is off,AI is off,AI is off,AI is off,Not paired,AI is off,0,0,0
1682000,3.9,0,1,0.29,0.21,0,0,99,1,0,23,False,True,0,0,53,42,31,3.85,AI is off,AI is off,AI is off,AI is off,Not paired,AI is off,0,0,0
1684000,4.1,0,1,0.29,0.21,0,0,99,1,0,23,False,True,0,0,54,42,31,3.85,AI is off,AI is off,AI is off,AI is off,Not paired,AI is off,0,0,0
1686000,4.1,0,1,0.29,0.21,0,0,99,1,0,23,False,True,0,0,52,41,30,3.85,AI is off,AI is off,AI is off,AI is off,Not paired,AI is off,0,0,0
1688000,4.6,0,1,0.3,0.21,0,0,99,1,0,23,False,True,0,0,54,43,31,3.85,AI is off,AI is off,AI is off,AI is off,Not paired,AI is off,0,0,0
1690000,5.1,0,1,0.31,0.21,0,0,99,1,0,23,False,True,0,0,53,41,31,3.85,AI is off,AI is off,AI is off,AI is off,Not paired,AI is off,0,0,0
1692000,5.4,0,1,0.32,0.21,0,0,99,1,0,23,False,True,0,0,53,42,31,3.85,AI is off,AI is off,AI is off,AI is off,Not paired,AI is off,0,0,0
1694000,5.1,0,1,0.32,0.21,0,0,99,1,0,22,False,True,0,0,53,42,31,3.85,AI is off,AI is off,AI is off,AI is off,Not paired,AI is off,0,0,0
1696000,4.5,0,1,0.31,0.21,0,0,99,1,0,22,False,True,0,0,53,41,30,3.85,AI is off,AI is off,AI is off,AI is off,Not paired,AI is off,0,0,0
1698000,3.8,0,1,0.29,0.21,0,0,99,1,0,22,False,True,0,0,53,41,30,3.85,AI is off,AI is off,AI is off,AI is off,Not paired,AI is off,0,0,0
1700000,3.3,0,1,0.28,0.21,0,0,99,1,0,22,False,True,0,0,53,41,31,3.85,AI is off,AI is off,AI is off,AI is off,Not paired,AI is off,0,0,0
1702000,2.9,0,1,0.27,0.21,0,0,99,1,0,22,False,True,0,0,53,41,30,3.85,AI is off,AI is off,AI is off,AI is off,Not paired,AI is off,0,0,0
1704000,2.4,0,1,0.26,0.21,0,0,99,1,0,23,False,True,0,0,53,41,31,3.85,AI is off,AI is off,AI is off,AI is off,Not paired,AI is off,0,0,0
1706000,2,0,1,0.25,0.21,0,0,99,1,0,23,False,True,0,0,53,39,28,3.85,AI is off,AI is off,AI is off,AI is off,Not paired,AI is off,0,0,0
1708000,2,0,1,0.25,0.21,0,0,99,1,0,23,False,True,0,0,53,41,31,3.85,AI is off,AI is off,AI is off,AI is off,Not paired,AI is off,0,0,0
1710000,2.2,0,1,0.25,0.21,0,0,99,1,0,23,False,True,0,0,52,42,30,3.85,AI is off,AI is off,AI is off,AI is off,Not paired,AI is off,0,0,0
1712000,2.5,0,1,0.26,0.21,0,0,99,1,0,23,False,True,0,0,55,42,33,3.85,AI is off,AI is off,AI is off,AI is off,Not paired,AI is off,0,0,0
1714000,2.9,0,1,0.27,0.21,0,0,99,1,0,23,False,True,0,0,54,40,29,3.85,AI is off,AI is off,AI is off,AI is off,Not paired,AI is off,0,0,0
1716000,3.3,0,1,0.28,0.21,0,0,99,1,0,23,False,True,0,0,54,42,31,3.85,AI is off,AI is off,AI is off,AI is off,Not paired,AI is off,0,0,0
1718000,3.5,0,1,0.28,0.21,0,0,99,1,0,23,False,True,0,0,52,41,31,3.85,AI is off,AI is off,AI is off,AI is off,Not paired,AI is off,0,0,0
1720000,3.7,0,1,0.28,0.21,0,0,99,1,0,23,False,True,0,0,52,41,32,3.85,AI is off,AI is off,AI is off,AI is off,Not paired,AI is off,0,0,0
1722000,3.8,0,1,0.29,0.21,0,0,99,1,0,23,False,True,0,0,53,41,30,3.85,AI is off,AI is off,AI is off,AI is off,Not paired,AI is off,0,0,0
1724000,3.9,0,1,0.29,0.21,0,0,99,1,0,23,False,True,0,0,54,40,30,3.85,AI is off,AI is off,AI is off,AI is off,Not paired,AI is off,0,0,0
1726000,4,0,1,0.29,0.21,0,0,99,1,0,23,False,True,0,0,54,42,32,3.85,AI is off,AI is off,AI is off,AI is off,Not paired,AI is off,0,0,0
1728000,4,0,1,0.29,0.21,0,0,99,1,0,23,False,True,0,0,53,41,30,3.85,AI is off,AI is off,AI is off,AI is off,Not paired,AI is off,0,0,0
1730000,3.9,0,1,0.29,0.21,0,0,99,1,0,23,False,True,0,0,54,42,32,3.85,AI is off,AI is off,AI is off,AI is off,Not paired,AI is off,0,0,0
1732000,3.7,0,1,0.29,0.21,0,0,99,1,0,23,False,True,0,0,54,42,31,3.85,AI is off,AI is off,AI is off,AI is off,Not paired,AI is off,0,0,0
1734000,3.4,0,1,0.28,0.21,0,0,99,1,0,23,False,True,0,0,53,41,30,3.85,AI is off,AI is off,AI is off,AI is off,Not paired,AI is off,0,0,0
1736000,3.4,0,1,0.28,0.21,0,0,99,1,0,23,False,True,0,0,53,42,31,3.85,AI is off,AI is off,AI is off,AI is off,Not paired,AI is off,0,0,0
1738000,3.4,0,1,0.28,0.21,0,0,99,1,0,23,False,True,0,0,53,41,29,3.85,AI is off,AI is off,AI is off,AI is off,Not paired,AI is off,0,0,0
1740000,3.1,0,1,0.27,0.21,0,0,99,1,0,23,False,True,0,0,52,40,28,3.85,AI is off,AI is off,AI is off,AI is off,Not paired,AI is off,0,0,0
1742000,2.8,0,1,0.27,0.21,0,0,99,1,0,23,False,True,0,0,52,41,31,3.85,AI is off,AI is off,AI is off,AI is off,Not paired,AI is off,0,0,0
1744000,2.8,0,1,0.27,0.21,0,0,99,1,0,23,False,True,0,0,52,39,28,3.85,AI is off,AI is off,AI is off,AI is off,Not paired,AI is off,0,0,0
1746000,2.5,0,1,0.26,0.21,0,0,99,1,0,23,False,True,0,0,53,41,29,3.85,AI is off,AI is off,AI is off,AI is off,Not paired,AI is off,0,0,0
1748000,2.1,0,1,0.25,0.21,0,0,99,1,0,23,False,True,0,0,53,41,31,3.85,AI is off,AI is off,AI is off,AI is off,Not paired,AI is off,0,0,0
1750000,1.9,0,1,0.25,0.21,0,0,99,1,0,23,False,True,0,0,53,42,31,3.85,AI is off,AI is off,AI is off,AI is off,Not paired,AI is off,0,0,0
1752000,1.9,0,1,0.25,0.21,0,0,99,1,0,23,False,True,0,0,52,41,30,3.85,AI is off,AI is off,AI is off,AI is off,Not paired,AI is off,0,0,0
1754000,1.6,0,1,0.24,0.21,0,0,99,1,0,23,False,True,0,0,54,41,30,3.85,AI is off,AI is off,AI is off,AI is off,Not paired,AI is off,0,0,0
1756000,1.4,0,1,0.24,0.21,0,0,99,1,0,23,False,True,0,0,67,51,39,3.85,AI is off,AI is off,AI is off,AI is off,Not paired,AI is off,0,0,0
1758000,1.3,0,1,0.24,0.21,0,0,99,1,0,23,False,True,0,0,54,41,30,3.85,AI is off,AI is off,AI is off,AI is off,Not paired,AI is off,0,0,0
1760000,1.3,0,1,0.23,0.21,0,0,99,1,0,23,False,True,0,0,53,40,31,3.85,AI is off,AI is off,AI is off,AI is off,Not paired,AI is off,0,0,0
1762000,1.2,0,1,0.23,0.21,0,0,99,1,0,23,False,True,0,0,52,41,30,3.85,AI is off,AI is off,AI is off,AI is off,Not paired,AI is off,0,0,0
1764000,1.1,0,1,0.23,0.21,0,0,99,1,0,23,False,True,0,0,53,42,31,3.85,AI is off,AI is off,AI is off,AI is off,Not paired,AI is off,0,0,0
1766000,0.9,0,1,0.23,0.21,0,0,99,1,0,23,False,True,0,0,55,44,33,3.85,AI is off,AI is off,AI is off,AI is off,Not paired,AI is off,0,0,0
1768000,0,0,1,0.22,0.21,0,0,99,1,0,23,False,True,0,0,56,44,34,3.85,AI is off,AI is off,AI is off,AI is off,Not paired,AI is off,0,0,0
1770000,0,0,1,0.22,0.21,0,0,99,1,0,23,False,True,0,0,55,43,32,3.85,AI is off,AI is off,AI is off,AI is off,Not paired,AI is off,0,0,0
1772000,0,0,0,0.21,0.21,0,0,99,1,0,23,False,True,0,0,52,39,28,3.85,AI is off,AI is off,AI is off,AI is off,Not paired,AI is off,0,0,0
1774000,0,0,0,0.22,0.21,0,0,99,1,0,23,False,True,0,0,53,42,30,3.85,AI is off,AI is off,AI is off,AI is off,Not paired,AI is off,0,0,0
1776000,0,0,0,0.22,0.21,0,0,99,1,0,23,False,True,0,0,68,51,38,3.85,AI is off,AI is off,AI is off,AI is off,Not paired,AI is off,0,0,0
1778000,0,0,1,0.22,0.21,0,0,99,1,0,24,False,True,0,0,63,48,36,3.85,AI is off,AI is off,AI is off,AI is off,Not paired,AI is off,0,0,0
1780000,0,0,1,0.21,0.21,0,0,99,1,0,23,False,True,0,0,53,41,29,3.85,AI is off,AI is off,AI is off,AI is off,Not paired,AI is off,0,0,0
1782000,0,0,0,0.21,0.21,0,0,99,1,0,24,False,True,0,0,54,40,30,3.85,AI is off,AI is off,AI is off,AI is off,Not paired,AI is off,0,0,0
1784000,0,0,0,0.21,0.21,0,0,99,1,0,24,False,True,0,0,55,43,32,3.85,AI is off,AI is off,AI is off,AI is off,Not paired,AI is off,0,0,0
1786000,0,0,0,0.21,0.21,0,0,99,1,0,24,False,True,0,0,52,41,30,3.85,AI is off,AI is off,AI is off,AI is off,Not paired,AI is off,0,0,0
1788000,0,0,0,0.21,0.21,0,0,99,1,0,24,False,True,0,0,52,40,28,3.85,AI is off,AI is off,AI is off,AI is off,Not paired,AI is off,0,0,0
1790000,0,0,0,0.22,0.21,0,0,99,1,0,24,False,True,0,0,53,40,30,3.85,AI is off,AI is off,AI is off,AI is off,Not paired,AI is off,0,0,0
1792000,0,0,0,0.21,0.21,0,0,99,1,0,24,False,True,0,0,52,40,28,3.85,AI is off,AI is off,AI is off,AI is off,Not paired,AI is off,0,0,0
1794000,0,0,0,0.22,0.21,0,0,99,1,0,24,False,True,0,0,52,41,30,3.85,AI is off,AI is off,AI is off,AI is off,Not paired,AI is off,0,0,0
1796000,0,0,0,0.22,0.21,0,0,99,1,0,24,False,True,0,0,52,40,29,3.85,AI is off,AI is off,AI is off,AI is off,Not paired,AI is off,0,0,0
1798000,0,0,0,0.22,0.21,0,0,99,1,0,24,False,True,0,0,52,40,29,3.85,AI is off,AI is off,AI is off,AI is off,Not paired,AI is off,0,0,0
1800000,0,0,1,0.22,0.21,0,0,99,1,0,24,False,True,0,0,53,40,29,3.85,AI is off,AI is off,AI is off,AI is off,Not paired,AI is off,0,0,0
1802000,0,0,1,0.22,0.21,0,0,99,1,0,24,False,True,0,0,52,40,30,3.85,AI is off,AI is off,AI is off,AI is off,Not paired,AI is off,0,0,0
1804000,0,0,1,0.21,0.21,0,0,99,1,0,24,False,True,0,0,52,41,31,3.85,AI is off,AI is off,AI is off,AI is off,Not paired,AI is off,0,0,0
1806000,0,0,1,0.21,0.21,0,0,99,1,0,24,False,True,0,0,52,40,28,3.85,AI is off,AI is off,AI is off,AI is off,Not paired,AI is off,0,0,0
1808000,0,0,1,0.21,0.21,0,0,99,1,0,24,False,True,0,0,52,40,28,3.85,AI is off,AI is off,AI is off,AI is off,Not paired,AI is off,0,0,0
1810000,0,0,0,0.21,0.21,0,0,99,1,0,24,False,True,0,0,60,46,35,3.85,AI is off,AI is off,AI is off,AI is off,Not paired,AI is off,0,0,0
1812000,0,0,0,0.22,0.21,0,0,99,1,0,24,False,True,0,0,69,53,40,3.85,AI is off,AI is off,AI is off,AI is off,Not paired,AI is off,0,0,0
1814000,0,0,0,0.21,0.21,0,0,99,1,0,24,False,True,0,0,61,46,35,3.85,AI is off,AI is off,AI is off,AI is off,Not paired,AI is off,0,0,0
1816000,0,0,0,0.21,0.21,0,0,99,1,0,24,False,True,0,0,55,41,30,3.85,AI is off,AI is off,AI is off,AI is off,Not paired,AI is off,0,0,0
1818000,0,0,0,0.21,0.21,0,0,99,1,0,24,False,True,0,0,54,41,31,3.85,AI is off,AI is off,AI is off,AI is off,Not paired,AI is off,0,0,0
1820000,0,0,0,0.21,0.21,0,0,99,1,0,24,False,True,0,0,55,42,31,3.85,AI is off,AI is off,AI is off,AI is off,Not paired,AI is off,0,0,0
1822000,0,0,0,0.21,0.21,0,0,99,1,0,24,False,True,0,0,53,39,29,3.85,AI is off,AI is off,AI is off,AI is off,Not paired,AI is off,0,0,0
1824000,0,0,0,0.21,0.21,0,0,99,1,0,24,False,True,0,0,54,42,32,3.85,AI is off,AI is off,AI is off,AI is off,Not paired,AI is off,0,0,0
1826000,0,0,0,0.21,0.21,0,0,99,1,0,24,False,True,0,0,54,41,31,3.85,AI is off,AI is off,AI is off,AI is off,Not paired,AI is off,0,0,0