Dive Number,GF Minimum,GF Maximum,Surface Interval (min),Imperial Units,Start Battery Voltage,Start CNS %,Start Date,Start External O2 Sensor Status,Start Low Set Point,Start High Set Point,Computer Firmware Version,Max Depth,Max Time,Error History,End Battery Voltage,End CNS,End Date,End External O2 Sensor Status,End Low Set Point,End High Set Point,Computer Serial Number,Computer Firmware Version,Computer Model,Log Version,Deco Model,VPM-B Conservatism,Start Surface Pressure,End Surface Pressure,Product
162,40,85,123,False,3.9,1,8/17/2024 2:11:20 PM,False,0,1,86,21.5,1900,,3.9,5,8/17/2024 2:42:55 PM,False,0,1,937B0677,86,2,13,GF,40/85,1002,1002,Peregrine
Time (ms),Depth,First Stop Depth,Time To Surface (min),Average PPO2,Fraction O2,Fraction He,First Stop Time,Current NDL,Current Circuit Mode,Current CCR Mode,Water Temp,Gas Switch Needed,External PPO2,Set Point Type,Circuit Switch Type,External O2 Sensor 1 (mV),External O2 Sensor 2 (mV),External O2 Sensor 3 (mV),Battery Voltage,Tank 1 pressure (PSI),Tank 2 pressure (PSI),Tank 3 pressure (PSI),Tank 4 pressure (PSI),Gas Time Remaining,SAC Rate (2 minute avg),Ascent Rate,Safe Ascent Depth,CO2mbar
0,4.6,0,1,0.3,0.21,0,0,0,1,0,28,False,True,0,0,50,37,25,3.9,AI is off,AI is off,AI is off,AI is off,Not paired,AI is off,0,0,0
2000,5.1,0,1,0.31,0.21,0,0,0,1,0,28,False,True,0,0,51,38,26,3.9,AI is off,AI is off,AI is off,AI is off,Not paired,AI is off,0,0,0
4000,5.3,0,1,0.32,0.21,0,0,99,1,0,28,False,True,0,0,50,38,26,3.91,AI is off,AI is off,AI is off,AI is off,Not paired,AI is off,0,0,0
6000,5.5,0,1,0.32,0.21,0,0,99,1,0,27,False,True,0,0,50,37,25,3.91,AI is off,AI is off,AI is off,AI is off,Not paired,AI is off,0,0,0
8000,5.5,0,1,0.32,0.21,0,0,99,1,0,27,False,True,0,0,50,38,24,3.91,AI is off,AI is off,AI is off,AI is off,Not paired,AI is off,0,0,0
10000,5.9,0,1,0.33,0.21,0,0,99,1,0,27,False,True,0,0,50,37,25,3.91,AI is off,AI is off,AI is off,AI is off,Not paired,AI is off,0,0,0
12000,6.2,0,1,0.34,0.21,0,0,99,1,0,27,False,True,0,0,51,37,26,3.91,AI is off,AI is off,AI is off,AI is off,Not paired,AI is off,0,0,0
14000,6.5,0,1,0.34,0.21,0,0,99,1,0,27,False,True,0,0,50,37,24,3.91,AI is off,AI is off,AI is off,AI is off,Not paired,AI is off,0,0,0
16000,6.9,0,1,0.35,0.21,0,0,99,1,0,27,False,True,0,0,50,38,26,3.91,AI is off,AI is off,AI is off,AI is off,Not paired,AI is off,0,0,0
18000,7.1,0,1,0.35,0.21,0,0,99,1,0,27,False,True,0,0,51,38,26,3.91,AI is off,AI is off,AI is off,AI is off,Not paired,AI is off,0,0,0
20000,7.2,0,1,0.36,0.21,0,0,99,1,0,27,False,True,0,0,50,36,24,3.91,AI is off,AI is off,AI is off,AI is off,Not paired,AI is off,0,0,0
22000,7.4,0,1,0.36,0.21,0,0,99,1,0,27,False,True,0,0,51,38,26,3.91,AI is off,AI is off,AI is off,AI is off,Not paired,AI is off,0,0,0
24000,7.6,0,1,0.37,0.21,0,0,99,1,0,27,False,True,0,0,52,39,26,3.91,AI is off,AI is off,AI is off,AI is off,Not paired,AI is off,0,0,0
26000,7.9,0,1,0.37,0.21,0,0,99,1,0,27,False,True,0,0,53,40,27,3.91,AI is off,AI is off,AI is off,AI is off,Not paired,AI is off,0,0,0
28000,8.2,0,1,0.38,0.21,0,0,99,1,0,27,False,True,0,0,51,38,25,3.91,AI is off,AI is off,AI is off,AI is off,Not paired,AI is off,0,0,0
30000,8.6,0,1,0.39,0.21,0,0,99,1,0,27,False,True,0,0,50,37,25,3.91,AI is off,AI is off,AI is off,AI is off,Not paired,AI is off,0,0,0
32000,8.7,0,1,0.39,0.21,0,0,99,1,0,27,False,True,0,0,49,38,25,3.91,AI is off,AI is off,AI is off,AI is off,Not paired,AI is off,0,0,0
34000,8.8,0,1,0.39,0.21,0,0,99,1,0,27,False,True,0,0,50,35,24,3.91,AI is off,AI is off,AI is off,AI is off,Not paired,AI is off,0,0,0
36000,9,0,1,0.4,0.21,0,0,99,1,0,26,False,True,0,0,52,39,27,3.91,AI is off,AI is off,AI is off,AI is off,Not paired,AI is off,0,0,0
38000,9.3,0,1,0.4,0.21,0,0,99,1,0,26,False,True,0,0,51,37,25,3.91,AI is off,AI is off,AI is off,AI is off,Not paired,AI is off,0,0,0
40000,9.5,0,1,0.41,0.21,0,0,99,1,0,26,False,True,0,0,51,37,26,3.91,AI is off,AI is off,AI is off,AI is off,Not paired,AI is off,0,0,0
42000,9.7,0,1,0.41,0.21,0,0,99,1,0,26,False,True,0,0,51,38,25,3.91,AI is off,AI is off,AI is off,AI is off,Not paired,AI is off,0,0,0
44000,10,0,1,0.42,0.21,0,0,99,1,0,26,False,True,0,0,52,38,26,3.91,AI is off,AI is off,AI is off,AI is off,Not paired,AI is off,0,0,0
46000,10.3,0,1,0.42,0.21,0,0,99,1,0,26,False,True,0,0,51,37,26,3.91,AI is off,AI is off,AI is off,AI is off,Not paired,AI is off,0,0,0
48000,10.5,0,1,0.43,0.21,0,0,99,1,0,26,False,True,0,0,51,39,26,3.91,AI is off,AI is off,AI is off,AI is off,Not paired,AI is off,0,0,0
50000,10.7,0,2,0.43,0.21,0,0,99,1,0,26,False,True,0,0,51,34,24,3.91,AI is off,AI is off,AI is off,AI is off,Not paired,AI is off,0,0,0
52000,11,0,2,0.44,0.21,0,0,99,1,0,26,False,True,0,0,52,40,28,3.91,AI is off,AI is off,AI is off,AI is off,Not paired,AI is off,0,0,0
54000,11.4,0,2,0.44,0.21,0,0,99,1,0,25,False,True,0,0,51,38,26,3.91,AI is off,AI is off,AI is off,AI is off,Not paired,AI is off,0,0,0
56000,11.7,0,5,0.45,0.21,0,0,99,1,0,25,False,True,0,0,52,40,28,3.91,AI is off,AI is off,AI is off,AI is off,Not paired,AI is off,0,0,0
58000,12,0,5,0.46,0.21,0,0,99,1,0,25,False,True,0,0,52,39,27,3.91,AI is off,AI is off,AI is off,AI is off,Not paired,AI is off,0,0,0
60000,12.4,0,5,0.47,0.21,0,0,99,1,0,24,False,True,0,0,51,38,26,3.91,AI is off,AI is off,AI is off,AI is off,Not paired,AI is off,0,0,0
62000,13,0,5,0.48,0.21,0,0,99,1,0,24,False,True,0,0,51,38,25,3.91,AI is off,AI is off,AI is off,AI is off,Not paired,AI is off,0,0,0
64000,13.6,0,5,0.49,0.21,0,0,99,1,0,23,False,True,0,0,49,37,25,3.91,AI is off,AI is off,AI is off,AI is off,Not paired,AI is off,0,0,0
66000,14.2,0,5,0.5,0.21,0,0,72,1,0,23,False,True,0,0,49,37,26,3.91,AI is off,AI is off,AI is off,AI is off,Not paired,AI is off,0,0,0
68000,14.8,0,5,0.52,0.21,0,0,72,1,0,22,False,True,0,0,50,36,24,3.91,AI is off,AI is off,AI is off,AI is off,Not paired,AI is off,0,0,0
70000,15.2,0,5,0.52,0.21,0,0,72,1,0,22,False,True,0,0,49,37,25,3.91,AI is off,AI is off,AI is off,AI is off,Not paired,AI is off,0,0,0
72000,15.5,0,5,0.53,0.21,0,0,60,1,0,22,False,True,0,0,49,36,24,3.91,AI is off,AI is off,AI is off,AI is off,Not paired,AI is off,0,0,0
74000,16,0,5,0.54,0.21,0,0,60,1,0,22,False,True,0,0,50,37,25,3.91,AI is off,AI is off,AI is off,AI is off,Not paired,AI is off,0,0,0
76000,16.6,0,5,0.55,0.21,0,0,60,1,0,21,False,True,0,0,50,37,26,3.91,AI is off,AI is off,AI is off,AI is off,Not paired,AI is off,0,0,0
78000,16.7,0,5,0.56,0.21,0,0,60,1,0,21,False,True,0,0,52,39,27,3.91,AI is off,AI is off,AI is off,AI is off,Not paired,AI is off,0,0,0
80000,16.7,0,5,0.56,0.21,0,0,60,1,0,21,False,True,0,0,50,34,24,3.91,AI is off,AI is off,AI is off,AI is off,Not paired,AI is off,0,0,0
82000,16.7,0,5,0.56,0.21,0,0,50,1,0,21,False,True,0,0,51,36,25,3.91,AI is off,AI is off,AI is off,AI is off,Not paired,AI is off,0,0,0
84000,16.6,0,5,0.56,0.21,0,0,50,1,0,21,False,True,0,0,53,38,26,3.91,AI is off,AI is off,AI is off,AI is off,Not paired,AI is off,0,0,0
86000,16.6,0,5,0.55,0.21,0,0,50,1,0,21,False,True,0,0,52,38,26,3.91,AI is off,AI is off,AI is off,AI is off,Not paired,AI is off,0,0,0
88000,16.6,0,5,0.56,0.21,0,0,50,1,0,21,False,True,0,0,52,40,28,3.91,AI is off,AI is off,AI is off,AI is off,Not paired,AI is off,0,0,0
90000,16.8,0,5,0.55,0.21,0,0,50,1,0,21,False,True,0,0,54,40,28,3.91,AI is off,AI is off,AI is off,AI is off,Not paired,AI is off,0,0,0
92000,16.9,0,5,0.56,0.21,0,0,50,1,0,21,False,True,0,0,53,40,27,3.91,AI is off,AI is off,AI is off,AI is off,Not paired,AI is off,0,0,0
94000,17.1,0,5,0.56,0.21,0,0,50,1,0,21,False,True,0,0,52,40,27,3.91,AI is off,AI is off,AI is off,AI is off,Not paired,AI is off,0,0,0
96000,17.1,0,5,0.57,0.21,0,0,50,1,0,21,False,True,0,0,51,37,26,3.91,AI is off,AI is off,AI is off,AI is off,Not paired,AI is off,0,0,0
98000,17.1,0,5,0.57,0.21,0,0,47,1,0,20,False,True,0,0,52,38,27,3.91,AI is off,AI is off,AI is off,AI is off,Not paired,AI is off,0,0,0
100000,17.1,0,5,0.57,0.21,0,0,47,1,0,20,False,True,0,0,54,40,28,3.91,AI is off,AI is off,AI is off,AI is off,Not paired,AI is off,0,0,0
102000,17.2,0,5,0.56,0.21,0,0,47,1,0,20,False,True,0,0,53,39,28,3.91,AI is off,AI is off,AI is off,AI is off,Not paired,AI is off,0,0,0
104000,17.3,0,5,0.57,0.21,0,0,47,1,0,20,False,True,0,0,53,40,29,3.91,AI is off,AI is off,AI is off,AI is off,Not paired,AI is off,0,0,0
106000,17.1,0,5,0.57,0.21,0,0,47,1,0,20,False,True,0,0,52,40,28,3.91,AI is off,AI is off,AI is off,AI is off,Not paired,AI is off,0,0,0
108000,17.3,0,5,0.57,0.21,0,0,46,1,0,20,False,True,0,0,53,40,28,3.91,AI is off,AI is off,AI is off,AI is off,Not paired,AI is off,0,0,0
110000,17.1,0,5,0.57,0.21,0,0,46,1,0,20,False,True,0,0,51,35,25,3.91,AI is off,AI is off,AI is off,AI is off,Not paired,AI is off,0,0,0
112000,17,0,5,0.57,0.21,0,0,46,1,0,19,False,True,0,0,52,37,26,3.91,AI is off,AI is off,AI is off,AI is off,Not paired,AI is off,0,0,0
114000,17,0,5,0.56,0.21,0,0,46,1,0,19,False,True,0,0,52,36,27,3.91,AI is off,AI is off,AI is off,AI is off,Not paired,AI is off,0,0,0
116000,16.8,0,5,0.56,0.21,0,0,46,1,0,19,False,True,0,0,52,41,30,3.91,AI is off,AI is off,AI is off,AI is off,Not paired,AI is off,0,0,0
118000,16.8,0,5,0.56,0.21,0,0,48,1,0,19,False,True,0,0,54,39,29,3.91,AI is off,AI is off,AI is off,AI is off,Not paired,AI is off,0,0,0
120000,17,0,5,0.56,0.21,0,0,48,1,0,19,False,True,0,0,54,38,29,3.91,AI is off,AI is off,AI is off,AI is off,Not paired,AI is off,0,0,0
122000,17.3,0,5,0.57,0.21,0,0,45,1,0,19,False,True,0,0,53,40,27,3.91,AI is off,AI is off,AI is off,AI is off,Not paired,AI is off,0,0,0
124000,17.5,0,5,0.57,0.21,0,0,45,1,0,19,False,True,0,0,51,35,25,3.91,AI is off,AI is off,AI is off,AI is off,Not paired,AI is off,0,0,0
126000,17.7,0,5,0.58,0.21,0,0,45,1,0,19,False,True,0,0,52,38,28,3.91,AI is off,AI is off,AI is off,AI is off,Not paired,AI is off,0,0,0
128000,18,0,5,0.58,0.21,0,0,45,1,0,19,False,True,0,0,51,39,28,3.91,AI is off,AI is off,AI is off,AI is off,Not paired,AI is off,0,0,0
130000,18,0,5,0.59,0.21,0,0,45,1,0,19,False,True,0,0,53,40,29,3.91,AI is off,AI is off,AI is off,AI is off,Not paired,AI is off,0,0,0
132000,18.2,0,5,0.59,0.21,0,0,45,1,0,19,False,True,0,0,54,41,30,3.91,AI is off,AI is off,AI is off,AI is off,Not paired,AI is off,0,0,0
134000,18.6,0,5,0.59,0.21,0,0,39,1,0,18,False,True,0,0,52,40,28,3.91,AI is off,AI is off,AI is off,AI is off,Not paired,AI is off,0,0,0
136000,18.9,0,5,0.6,0.21,0,0,39,1,0,18,False,True,0,0,51,39,27,3.91,AI is off,AI is off,AI is off,AI is off,Not paired,AI is off,0,0,0
138000,18.8,0,5,0.6,0.21,0,0,36,1,0,18,False,True,0,0,51,38,27,3.91,AI is off,AI is off,AI is off,AI is off,Not paired,AI is off,0,0,0
140000,19.2,0,5,0.6,0.21,0,0,36,1,0,18,False,True,0,0,52,40,28,3.91,AI is off,AI is off,AI is off,AI is off,Not paired,AI is off,0,0,0
142000,19.6,0,5,0.61,0.21,0,0,36,1,0,18,False,True,0,0,52,40,28,3.91,AI is off,AI is off,AI is off,AI is off,Not paired,AI is off,0,0,0
144000,19.7,0,5,0.62,0.21,0,0,36,1,0,18,False,True,0,0,52,40,29,3.91,AI is off,AI is off,AI is off,AI is off,Not paired,AI is off,0,0,0
146000,20,0,5,0.62,0.21,0,0,36,1,0,18,False,True,0,0,52,39,27,3.91,AI is off,AI is off,AI is off,AI is off,Not paired,AI is off,0,0,0
148000,20.3,0,5,0.63,0.21,0,0,36,1,0,18,False,True,0,0,52,41,29,3.91,AI is off,AI is off,AI is off,AI is off,Not paired,AI is off,0,0,0
150000,20.4,0,5,0.64,0.21,0,0,30,1,0,18,False,True,0,0,52,40,28,3.91,AI is off,AI is off,AI is off,AI is off,Not paired,AI is off,0,0,0
152000,20.4,0,5,0.63,0.21,0,0,30,1,0,18,False,True,0,0,52,41,29,3.91,AI is off,AI is off,AI is off,AI is off,Not paired,AI is off,0,0,0
154000,20.6,0,5,0.64,0.21,0,0,30,1,0,18,False,True,0,0,54,40,29,3.91,AI is off,AI is off,AI is off,AI is off,Not paired,AI is off,0,0,0
156000,20.6,0,5,0.64,0.21,0,0,29,1,0,18,False,True,0,0,53,40,28,3.91,AI is off,AI is off,AI is off,AI is off,Not paired,AI is off,0,0,0
158000,20.6,0,5,0.64,0.21,0,0,29,1,0,18,False,True,0,0,53,41,29,3.91,AI is off,AI is off,AI is off,AI is off,Not paired,AI is off,0,0,0
160000,20.7,0,5,0.64,0.21,0,0,29,1,0,17,False,True,0,0,53,41,30,3.91,AI is off,AI is off,AI is off,AI is off,Not paired,AI is off,0,0,0
162000,20.8,0,5,0.64,0.21,0,0,29,1,0,17,False,True,0,0,54,40,29,3.91,AI is off,AI is off,AI is off,AI is off,Not paired,AI is off,0,0,0
164000,20.8,0,5,0.64,0.21,0,0,29,1,0,17,False,True,0,0,54,41,31,3.91,AI is off,AI is off,AI is off,AI is off,Not paired,AI is off,0,0,0
166000,20.7,0,6,0.64,0.21,0,0,28,1,0,17,False,True,0,0,53,40,29,3.91,AI is off,AI is off,AI is off,AI is off,Not paired,AI is off,0,0,0
168000,20.6,0,6,0.64,0.21,0,0,28,1,0,17,False,True,0,0,53,40,28,3.91,AI is off,AI is off,AI is off,AI is off,Not paired,AI is off,0,0,0
170000,20.6,0,6,0.64,0.21,0,0,28,1,0,17,False,True,0,0,53,41,30,3.91,AI is off,AI is off,AI is off,AI is off,Not paired,AI is off,0,0,0
172000,20.5,0,5,0.64,0.21,0,0,29,1,0,17,False,True,0,0,53,41,30,3.91,AI is off,AI is off,AI is off,AI is off,Not paired,AI is off,0,0,0
174000,20.1,0,5,0.63,0.21,0,0,29,1,0,17,False,True,0,0,53,40,29,3.91,AI is off,AI is off,AI is off,AI is off,Not paired,AI is off,0,0,0
176000,20.2,0,5,0.63,0.21,0,0,29,1,0,17,False,True,0,0,53,40,29,3.91,AI is off,AI is off,AI is off,AI is off,Not paired,AI is off,0,0,0
178000,20.3,0,5,0.63,0.21,0,0,29,1,0,17,False,True,0,0,54,42,30,3.91,AI is off,AI is off,AI is off,AI is off,Not paired,AI is off,0,0,0
180000,20.4,0,5,0.64,0.21,0,0,29,1,0,17,False,True,0,0,54,42,30,3.91,AI is off,AI is off,AI is off,AI is off,Not paired,AI is off,0,0,0
182000,20.5,0,5,0.64,0.21,0,0,29,1,0,17,False,True,0,0,53,41,31,3.91,AI is off,AI is off,AI is off,AI is off,Not paired,AI is off,0,0,0
184000,20.5,0,5,0.64,0.21,0,0,29,1,0,17,False,True,0,0,53,41,31,3.91,AI is off,AI is off,AI is off,AI is off,Not paired,AI is off,0,0,0
186000,20.4,0,5,0.64,0.21,0,0,29,1,0,17,False,True,0,0,53,42,31,3.91,AI is off,AI is off,AI is off,AI is off,Not paired,AI is off,0,0,0
188000,20.4,0,5,0.63,0.21,0,0,29,1,0,17,False,True,0,0,53,42,30,3.91,AI is off,AI is off,AI is off,AI is off,Not paired,AI is off,0,0,0
190000,20.4,0,5,0.64,0.21,0,0,29,1,0,17,False,True,0,0,54,42,31,3.91,AI is off,AI is off,AI is off,AI is off,Not paired,AI is off,0,0,0
192000,20.7,0,5,0.64,0.21,0,0,29,1,0,16,False,True,0,0,53,40,29,3.91,AI is off,AI is off,AI is off,AI is off,Not paired,AI is off,0,0,0
194000,20.8,0,5,0.64,0.21,0,0,29,1,0,16,False,True,0,0,53,40,28,3.91,AI is off,AI is off,AI is off,AI is off,Not paired,AI is off,0,0,0
196000,20.9,0,5,0.65,0.21,0,0,29,1,0,16,False,True,0,0,53,40,28,3.91,AI is off,AI is off,AI is off,AI is off,Not paired,AI is off,0,0,0
198000,21,0,5,0.65,0.21,0,0,29,1,0,16,False,True,0,0,52,40,28,3.91,AI is off,AI is off,AI is off,AI is off,Not paired,AI is off,0,0,0
200000,21.1,0,6,0.65,0.21,0,0,26,1,0,16,False,True,0,0,53,40,29,3.91,AI is off,AI is off,AI is off,AI is off,Not paired,AI is off,0,0,0
202000,21.1,0,6,0.65,0.21,0,0,26,1,0,16,False,True,0,0,53,39,28,3.91,AI is off,AI is off,AI is off,AI is off,Not paired,AI is off,0,0,0
204000,21.3,0,6,0.65,0.21,0,0,26,1,0,16,False,True,0,0,53,40,29,3.91,AI is off,AI is off,AI is off,AI is off,Not paired,AI is off,0,0,0
206000,21.4,0,6,0.66,0.21,0,0,26,1,0,16,False,True,0,0,54,41,30,3.91,AI is off,AI is off,AI is off,AI is off,Not paired,AI is off,0,0,0
208000,21.3,0,6,0.65,0.21,0,0,26,1,0,16,False,True,0,0,54,42,31,3.91,AI is off,AI is off,AI is off,AI is off,Not paired,AI is off,0,0,0
210000,21.3,0,6,0.65,0.21,0,0,26,1,0,16,False,True,0,0,53,41,29,3.91,AI is off,AI is off,AI is off,AI is off,Not paired,AI is off,0,0,0
212000,21.3,0,6,0.65,0.21,0,0,26,1,0,16,False,True,0,0,53,40,28,3.91,AI is off,AI is off,AI is off,AI is off,Not paired,AI is off,0,0,0
214000,21.3,0,6,0.65,0.21,0,0,25,1,0,16,False,True,0,0,53,40,29,3.91,AI is off,AI is off,AI is off,AI is off,Not paired,AI is off,0,0,0
216000,21.3,0,6,0.65,0.21,0,0,25,1,0,16,False,True,0,0,54,41,30,3.91,AI is off,AI is off,AI is off,AI is off,Not paired,AI is off,0,0,0
218000,21.3,0,6,0.65,0.21,0,0,25,1,0,15,False,True,0,0,53,40,29,3.91,AI is off,AI is off,AI is off,AI is off,Not paired,AI is off,0,0,0
220000,21.4,0,6,0.66,0.21,0,0,25,1,0,15,False,True,0,0,53,40,30,3.91,AI is off,AI is off,AI is off,AI is off,Not paired,AI is off,0,0,0
222000,21.4,0,6,0.66,0.21,0,0,25,1,0,15,False,True,0,0,54,41,30,3.91,AI is off,AI is off,AI is off,AI is off,Not paired,AI is off,0,0,0
224000,21.4,0,6,0.66,0.21,0,0,25,1,0,15,False,True,0,0,54,42,31,3.91,AI is off,AI is off,AI is off,AI is off,Not paired,AI is off,0,0,0
226000,21.4,0,6,0.66,0.21,0,0,25,1,0,15,False,True,0,0,54,41,31,3.91,AI is off,AI is off,AI is off,AI is off,Not paired,AI is off,0,0,0
228000,21.5,0,6,0.66,0.21,0,0,25,1,0,15,False,True,0,0,54,42,30,3.91,AI is off,AI is off,AI is off,AI is off,Not paired,AI is off,0,0,0
230000,21.5,0,6,0.66,0.21,0,0,25,1,0,15,False,True,0,0,54,41,30,3.91,AI is off,AI is off,AI is off,AI is off,Not paired,AI is off,0,0,0
232000,21.5,0,6,0.66,0.21,0,0,25,1,0,15,False,True,0,0,53,41,30,3.91,AI is off,AI is off,AI is off,AI is off,Not paired,AI is off,0,0,0
234000,21.4,0,6,0.66,0.21,0,0,25,1,0,15,False,True,0,0,52,37,27,3.91,AI is off,AI is off,AI is off,AI is off,Not paired,AI is off,0,0,0
236000,21.3,0,6,0.65,0.21,0,0,25,1,0,15,False,True,0,0,55,43,33,3.91,AI is off,AI is off,AI is off,AI is off,Not paired,AI is off,0,0,0
238000,21.2,0,6,0.65,0.21,0,0,25,1,0,15,False,True,0,0,54,41,30,3.91,AI is off,AI is off,AI is off,AI is off,Not paired,AI is off,0,0,0
240000,21.1,0,6,0.65,0.21,0,0,25,1,0,15,False,True,0,0,53,40,30,3.91,AI is off,AI is off,AI is off,AI is off,Not paired,AI is off,0,0,0
242000,21,0,6,0.65,0.21,0,0,26,1,0,15,False,True,0,0,53,41,30,3.91,AI is off,AI is off,AI is off,AI is off,Not paired,AI is off,0,0,0
244000,21,0,6,0.65,0.21,0,0,26,1,0,14,False,True,0,0,54,39,29,3.91,AI is off,AI is off,AI is off,AI is off,Not paired,AI is off,0,0,0
246000,21,0,6,0.65,0.21,0,0,26,1,0,14,False,True,0,0,53,38,28,3.91,AI is off,AI is off,AI is off,AI is off,Not paired,AI is off,0,0,0
248000,21,0,6,0.65,0.21,0,0,26,1,0,14,False,True,0,0,54,42,30,3.91,AI is off,AI is off,AI is off,AI is off,Not paired,AI is off,0,0,0
250000,21,0,6,0.65,0.21,0,0,26,1,0,14,False,True,0,0,53,40,29,3.91,AI is off,AI is off,AI is off,AI is off,Not paired,AI is off,0,0,0
252000,21.1,0,6,0.65,0.21,0,0,25,1,0,14,False,True,0,0,53,41,31,3.91,AI is off,AI is off,AI is off,AI is off,Not paired,AI is off,0,0,0
254000,21.1,0,6,0.65,0.21,0,0,25,1,0,14,False,True,0,0,53,39,30,3.91,AI is off,AI is off,AI is off,AI is off,Not paired,AI is off,0,0,0
256000,21.1,0,6,0.65,0.21,0,0,25,1,0,14,False,True,0,0,53,38,28,3.91,AI is off,AI is off,AI is off,AI is off,Not paired,AI is off,0,0,0
258000,21.2,0,6,0.65,0.21,0,0,25,1,0,14,False,True,0,0,55,44,33,3.91,AI is off,AI is off,AI is off,AI is off,Not paired,AI is off,0,0,0
260000,21.3,0,6,0.65,0.21,0,0,25,1,0,14,False,True,0,0,54,42,33,3.91,AI is off,AI is off,AI is off,AI is off,Not paired,AI is off,0,0,0
262000,21.3,0,6,0.65,0.21,0,0,25,1,0,14,False,True,0,0,55,43,33,3.91,AI is off,AI is off,AI is off,AI is off,Not paired,AI is off,0,0,0
264000,21.4,0,6,0.66,0.21,0,0,25,1,0,14,False,True,0,0,53,40,29,3.91,AI is off,AI is off,AI is off,AI is off,Not paired,AI is off,0,0,0
266000,21.3,0,6,0.65,0.21,0,0,25,1,0,14,False,True,0,0,53,41,31,3.91,AI is off,AI is off,AI is off,AI is off,Not paired,AI is off,0,0,0
268000,21.3,0,6,0.65,0.21,0,0,24,1,0,14,False,True,0,0,53,42,31,3.91,AI is off,AI is off,AI is off,AI is off,Not paired,AI is off,0,0,0
270000,21.2,0,6,0.65,0.21,0,0,24,1,0,14,False,True,0,0,54,44,33,3.91,AI is off,AI is off,AI is off,AI is off,Not paired,AI is off,0,0,0
272000,21.2,0,6,0.65,0.21,0,0,24,1,0,14,False,True,0,0,55,44,34,3.91,AI is off,AI is off,AI is off,AI is off,Not paired,AI is off,0,0,0
274000,21.1,0,6,0.65,0.21,0,0,25,1,0,14,False,True,0,0,54,42,31,3.91,AI is off,AI is off,AI is off,AI is off,Not paired,AI is off,0,0,0
276000,21.2,0,6,0.65,0.21,0,0,25,1,0,14,False,True,0,0,54,42,32,3.91,AI is off,AI is off,AI is off,AI is off,Not paired,AI is off,0,0,0
278000,21.2,0,6,0.65,0.21,0,0,25,1,0,14,False,True,0,0,55,43,32,3.91,AI is off,AI is off,AI is off,AI is off,Not paired,AI is off,0,0,0
280000,21.1,0,6,0.65,0.21,0,0,25,1,0,14,False,True,0,0,54,41,31,3.91,AI is off,AI is off,AI is off,AI is off,Not paired,AI is off,0,0,0
282000,20.9,0,6,0.65,0.21,0,0,25,1,0,14,False,True,0,0,54,42,31,3.91,AI is off,AI is off,AI is off,AI is off,Not paired,AI is off,0,0,0
284000,21,0,6,0.65,0.21,0,0,25,1,0,14,False,True,0,0,55,43,34,3.91,AI is off,AI is off,AI is off,AI is off,Not paired,AI is off,0,0,0
286000,20.9,0,6,0.65,0.21,0,0,25,1,0,14,False,True,0,0,55,43,33,3.91,AI is off,AI is off,AI is off,AI is off,Not paired,AI is off,0,0,0
288000,20.9,0,6,0.65,0.21,0,0,25,1,0,14,False,True,0,0,54,42,32,3.91,AI is off,AI is off,AI is off,AI is off,Not paired,AI is off,0,0,0
290000,20.9,0,6,0.64,0.21,0,0,25,1,0,14,False,True,0,0,54,43,33,3.91,AI is off,AI is off,AI is off,AI is off,Not paired,AI is off,0,0,0
292000,20.8,0,6,0.64,0.21,0,0,25,1,0,14,False,True,0,0,55,45,35,3.91,AI is off,AI is off,AI is off,AI is off,Not paired,AI is off,0,0,0
294000,20.7,0,6,0.64,0.21,0,0,25,1,0,14,False,True,0,0,53,40,31,3.91,AI is off,AI is off,AI is off,AI is off,Not paired,AI is off,0,0,0
296000,20.6,0,6,0.64,0.21,0,0,25,1,0,14,False,True,0,0,54,43,33,3.91,AI is off,AI is off,AI is off,AI is off,Not paired,AI is off,0,0,0
298000,20.6,0,6,0.64,0.21,0,0,25,1,0,14,False,True,0,0,54,42,31,3.91,AI is off,AI is off,AI is off,AI is off,Not paired,AI is off,0,0,0
300000,20.6,0,6,0.64,0.21,0,0,26,1,0,14,False,True,0,0,55,43,33,3.91,AI is off,AI is off,AI is off,AI is off,Not paired,AI is off,0,0,0
302000,20.6,0,6,0.64,0.21,0,0,26,1,0,14,False,True,0,0,54,42,32,3.91,AI is off,AI is off,AI is off,AI is off,Not paired,AI is off,0,0,0
304000,20.6,0,6,0.64,0.21,0,0,26,1,0,14,False,True,0,0,55,43,33,3.91,AI is off,AI is off,AI is off,AI is off,Not paired,AI is off,0,0,0
306000,20.6,0,6,0.64,0.21,0,0,26,1,0,14,False,True,0,0,52,38,27,3.91,AI is off,AI is off,AI is off,AI is off,Not paired,AI is off,0,0,0
308000,20.5,0,6,0.64,0.21,0,0,26,1,0,14,False,True,0,0,53,40,31,3.91,AI is off,AI is off,AI is off,AI is off,Not paired,AI is off,0,0,0
310000,20.4,0,6,0.63,0.21,0,0,26,1,0,14,False,True,0,0,53,39,29,3.91,AI is off,AI is off,AI is off,AI is off,Not paired,AI is off,0,0,0
312000,20.4,0,6,0.64,0.21,0,0,26,1,0,14,False,True,0,0,54,39,31,3.91,AI is off,AI is off,AI is off,AI is off,Not paired,AI is off,0,0,0
314000,20.4,0,6,0.64,0.21,0,0,26,1,0,14,False,True,0,0,54,40,32,3.91,AI is off,AI is off,AI is off,AI is off,Not paired,AI is off,0,0,0
316000,20.4,0,6,0.64,0.21,0,0,26,1,0,14,False,True,0,0,53,39,29,3.91,AI is off,AI is off,AI is off,AI is off,Not paired,AI is off,0,0,0
318000,20.5,0,5,0.64,0.21,0,0,27,1,0,14,False,True,0,0,54,40,30,3.91,AI is off,AI is off,AI is off,AI is off,Not paired,AI is off,0,0,0
320000,20.5,0,5,0.64,0.21,0,0,27,1,0,14,False,True,0,0,53,40,31,3.91,AI is off,AI is off,AI is off,AI is off,Not paired,AI is off,0,0,0
322000,20.5,0,5,0.64,0.21,0,0,26,1,0,14,False,True,0,0,54,39,30,3.91,AI is off,AI is off,AI is off,AI is off,Not paired,AI is off,0,0,0
324000,20.5,0,5,0.64,0.21,0,0,26,1,0,14,False,True,0,0,54,40,31,3.91,AI is off,AI is off,AI is off,AI is off,Not paired,AI is off,0,0,0
326000,20.5,0,5,0.64,0.21,0,0,26,1,0,14,False,True,0,0,55,43,33,3.91,AI is off,AI is off,AI is off,AI is off,Not paired,AI is off,0,0,0
328000,20.5,0,5,0.64,0.21,0,0,26,1,0,14,False,True,0,0,55,44,34,3.91,AI is off,AI is off,AI is off,AI is off,Not paired,AI is off,0,0,0
330000,20.4,0,5,0.64,0.21,0,0,26,1,0,14,False,True,0,0,54,42,32,3.91,AI is off,AI is off,AI is off,AI is off,Not paired,AI is off,0,0,0
332000,20.5,0,5,0.64,0.21,0,0,26,1,0,14,False,True,0,0,54,43,33,3.91,AI is off,AI is off,AI is off,AI is off,Not paired,AI is off,0,0,0
334000,20.5,0,5,0.64,0.21,0,0,26,1,0,14,False,True,0,0,55,44,33,3.91,AI is off,AI is off,AI is off,AI is off,Not paired,AI is off,0,0,0
336000,20.5,0,5,0.64,0.21,0,0,26,1,0,14,False,True,0,0,53,41,30,3.91,AI is off,AI is off,AI is off,AI is off,Not paired,AI is off,0,0,0
338000,20.5,0,5,0.64,0.21,0,0,26,1,0,14,False,True,0,0,55,43,33,3.91,AI is off,AI is off,AI is off,AI is off,Not paired,AI is off,0,0,0
340000,20.6,0,5,0.64,0.21,0,0,26,1,0,14,False,True,0,0,53,40,29,3.91,AI is off,AI is off,AI is off,AI is off,Not paired,AI is off,0,0,0
342000,20.5,0,5,0.64,0.21,0,0,26,1,0,14,False,True,0,0,54,41,31,3.91,AI is off,AI is off,AI is off,AI is off,Not paired,AI is off,0,0,0
344000,20.2,0,5,0.63,0.21,0,0,26,1,0,14,False,True,0,0,54,43,33,3.91,AI is off,AI is off,AI is off,AI is off,Not paired,AI is off,0,0,0
346000,20.2,0,5,0.63,0.21,0,0,26,1,0,14,False,True,0,0,54,42,32,3.91,AI is off,AI is off,AI is off,AI is off,Not paired,AI is off,0,0,0
348000,20.3,0,5,0.63,0.21,0,0,26,1,0,14,False,True,0,0,54,42,33,3.91,AI is off,AI is off,AI is off,AI is off,Not paired,AI is off,0,0,0
350000,20.3,0,5,0.63,0.21,0,0,27,1,0,14,False,True,0,0,54,41,32,3.91,AI is off,AI is off,AI is off,AI is off,Not paired,AI is off,0,0,0
352000,20.4,0,5,0.63,0.21,0,0,27,1,0,14,False,True,0,0,54,43,32,3.91,AI is off,AI is off,AI is off,AI is off,Not paired,AI is off,0,0,0
354000,20.1,0,5,0.63,0.21,0,0,27,1,0,14,False,True,0,0,53,40,32,3.91,AI is off,AI is off,AI is off,AI is off,Not paired,AI is off,0,0,0
356000,20.1,0,5,0.63,0.21,0,0,27,1,0,14,False,True,0,0,56,44,34,3.91,AI is off,AI is off,AI is off,AI is off,Not paired,AI is off,0,0,0
358000,20,0,5,0.63,0.21,0,0,27,1,0,14,False,True,0,0,54,42,32,3.91,AI is off,AI is off,AI is off,AI is off,Not paired,AI is off,0,0,0
360000,20,0,5,0.63,0.21,0,0,27,1,0,15,False,True,0,0,57,45,36,3.91,AI is off,AI is off,AI is off,AI is off,Not paired,AI is off,0,0,0
362000,20,0,5,0.63,0.21,0,0,27,1,0,15,False,True,0,0,55,40,31,3.91,AI is off,AI is off,AI is off,AI is off,Not paired,AI is off,0,0,0
364000,20,0,5,0.63,0.21,0,0,27,1,0,15,False,True,0,0,55,42,32,3.91,AI is off,AI is off,AI is off,AI is off,Not paired,AI is off,0,0,0
366000,20,0,5,0.63,0.21,0,0,28,1,0,15,False,True,0,0,54,39,30,3.91,AI is off,AI is off,AI is off,AI is off,Not paired,AI is off,0,0,0
368000,20,0,5,0.63,0.21,0,0,28,1,0,15,False,True,0,0,53,40,32,3.91,AI is off,AI is off,AI is off,AI is off,Not paired,AI is off,0,0,0
370000,20,0,5,0.63,0.21,0,0,28,1,0,15,False,True,0,0,55,41,32,3.91,AI is off,AI is off,AI is off,AI is off,Not paired,AI is off,0,0,0
372000,20.1,0,5,0.63,0.21,0,0,27,1,0,15,False,True,0,0,54,40,31,3.91,AI is off,AI is off,AI is off,AI is off,Not paired,AI is off,0,0,0
374000,20.2,0,5,0.63,0.21,0,0,27,1,0,15,False,True,0,0,56,44,33,3.91,AI is off,AI is off,AI is off,AI is off,Not paired,AI is off,0,0,0
376000,20.4,0,5,0.63,0.21,0,0,27,1,0,15,False,True,0,0,54,43,34,3.91,AI is off,AI is off,AI is off,AI is off,Not paired,AI is off,0,0,0
378000,20.5,0,5,0.64,0.21,0,0,27,1,0,15,False,True,0,0,54,42,32,3.91,AI is off,AI is off,AI is off,AI is off,Not paired,AI is off,0,0,0
380000,20.6,0,5,0.64,0.21,0,0,27,1,0,15,False,True,0,0,54,42,32,3.91,AI is off,AI is off,AI is off,AI is off,Not paired,AI is off,0,0,0
382000,20.8,0,6,0.64,0.21,0,0,24,1,0,15,False,True,0,0,53,42,31,3.91,AI is off,AI is off,AI is off,AI is off,Not paired,AI is off,0,0,0
384000,20.8,0,6,0.64,0.21,0,0,24,1,0,15,False,True,0,0,53,41,30,3.91,AI is off,AI is off,AI is off,AI is off,Not paired,AI is off,0,0,0
386000,20.7,0,6,0.64,0.21,0,0,24,1,0,15,False,True,0,0,52,42,31,3.91,AI is off,AI is off,AI is off,AI is off,Not paired,AI is off,0,0,0
388000,20.7,0,6,0.64,0.21,0,0,24,1,0,15,False,True,0,0,53,41,31,3.91,AI is off,AI is off,AI is off,AI is off,Not paired,AI is off,0,0,0
390000,20.8,0,6,0.64,0.21,0,0,24,1,0,15,False,True,0,0,54,42,32,3.91,AI is off,AI is off,AI is off,AI is off,Not paired,AI is off,0,0,0
392000,20.8,0,6,0.64,0.21,0,0,24,1,0,15,False,True,0,0,53,41,31,3.91,AI is off,AI is off,AI is off,AI is off,Not paired,AI is off,0,0,0
394000,20.9,0,6,0.64,0.21,0,0,24,1,0,15,False,True,0,0,53,42,31,3.91,AI is off,AI is off,AI is off,AI is off,Not paired,AI is off,0,0,0
396000,20.9,0,6,0.65,0.21,0,0,24,1,0,14,False,True,0,0,55,43,33,3.91,AI is off,AI is off,AI is off,AI is off,Not paired,AI is off,0,0,0
398000,20.8,0,6,0.64,0.21,0,0,24,1,0,14,False,True,0,0,55,44,34,3.91,AI is off,AI is off,AI is off,AI is off,Not paired,AI is off,0,0,0
400000,20.9,0,6,0.64,0.21,0,0,24,1,0,14,False,True,0,0,54,42,32,3.91,AI is off,AI is off,AI is off,AI is off,Not paired,AI is off,0,0,0
402000,20.8,0,6,0.64,0.21,0,0,24,1,0,14,False,True,0,0,54,41,32,3.91,AI is off,AI is off,AI is off,AI is off,Not paired,AI is off,0,0,0
404000,20.8,0,6,0.64,0.21,0,0,24,1,0,14,False,True,0,0,53,41,31,3.91,AI is off,AI is off,AI is off,AI is off,Not paired,AI is off,0,0,0
406000,20.8,0,6,0.64,0.21,0,0,24,1,0,14,False,True,0,0,54,42,31,3.91,AI is off,AI is off,AI is off,AI is off,Not paired,AI is off,0,0,0
408000,20.7,0,6,0.64,0.21,0,0,24,1,0,14,False,True,0,0,53,41,30,3.91,AI is off,AI is off,AI is off,AI is off,Not paired,AI is off,0,0,0
410000,20.7,0,6,0.64,0.21,0,0,24,1,0,14,False,True,0,0,53,40,30,3.91,AI is off,AI is off,AI is off,AI is off,Not paired,AI is off,0,0,0
412000,20.7,0,6,0.64,0.21,0,0,24,1,0,14,False,True,0,0,54,42,31,3.91,AI is off,AI is off,AI is off,AI is off,Not paired,AI is off,0,0,0
414000,20.7,0,6,0.64,0.21,0,0,24,1,0,14,False,True,0,0,54,41,31,3.91,AI is off,AI is off,AI is off,AI is off,Not paired,AI is off,0,0,0
416000,20.8,0,6,0.64,0.21,0,0,24,1,0,14,False,True,0,0,53,41,31,3.91,AI is off,AI is off,AI is off,AI is off,Not paired,AI is off,0,0,0
418000,20.7,0,6,0.64,0.21,0,0,24,1,0,14,False,True,0,0,53,41,30,3.91,AI is off,AI is off,AI is off,AI is off,Not paired,AI is off,0,0,0
420000,20.8,0,6,0.64,0.21,0,0,24,1,0,14,False,True,0,0,54,43,32,3.91,AI is off,AI is off,AI is off,AI is off,Not paired,AI is off,0,0,0
422000,20.9,0,6,0.64,0.21,0,0,23,1,0,14,False,True,0,0,54,42,32,3.91,AI is off,AI is off,AI is off,AI is off,Not paired,AI is off,0,0,0
424000,20.8,0,6,0.64,0.21,0,0,23,1,0,14,False,True,0,0,54,42,32,3.91,AI is off,AI is off,AI is off,AI is off,Not paired,AI is off,0,0,0
426000,20.8,0,6,0.64,0.21,0,0,23,1,0,14,False,True,0,0,54,42,33,3.91,AI is off,AI is off,AI is off,AI is off,Not paired,AI is off,0,0,0
428000,20.9,0,6,0.64,0.21,0,0,23,1,0,14,False,True,0,0,54,42,32,3.91,AI is off,AI is off,AI is off,AI is off,Not paired,AI is off,0,0,0
430000,20.8,0,6,0.64,0.21,0,0,23,1,0,14,False,True,0,0,54,42,32,3.91,AI is off,AI is off,AI is off,AI is off,Not paired,AI is off,0,0,0
432000,20.9,0,6,0.65,0.21,0,0,23,1,0,14,False,True,0,0,53,41,31,3.91,AI is off,AI is off,AI is off,AI is off,Not paired,AI is off,0,0,0
434000,20.9,0,6,0.65,0.21,0,0,23,1,0,14,False,True,0,0,53,41,31,3.91,AI is off,AI is off,AI is off,AI is off,Not paired,AI is off,0,0,0
436000,20.9,0,6,0.65,0.21,0,0,23,1,0,14,False,True,0,0,55,44,33,3.91,AI is off,AI is off,AI is off,AI is off,Not paired,AI is off,0,0,0
438000,20.7,0,6,0.64,0.21,0,0,23,1,0,14,False,True,0,0,53,41,30,3.91,AI is off,AI is off,AI is off,AI is off,Not paired,AI is off,0,0,0
440000,20.4,0,6,0.63,0.21,0,0,23,1,0,14,False,True,0,0,54,41,31,3.91,AI is off,AI is off,AI is off,AI is off,Not paired,AI is off,0,0,0
442000,20.3,0,6,0.63,0.21,0,0,23,1,0,14,False,True,0,0,53,41,30,3.91,AI is off,AI is off,AI is off,AI is off,Not paired,AI is off,0,0,0
444000,20.2,0,6,0.63,0.21,0,0,23,1,0,14,False,True,0,0,54,42,32,3.91,AI is off,AI is off,AI is off,AI is off,Not paired,AI is off,0,0,0
446000,20.1,0,6,0.63,0.21,0,0,23,1,0,14,False,True,0,0,53,41,31,3.91,AI is off,AI is off,AI is off,AI is off,Not paired,AI is off,0,0,0
448000,20.1,0,5,0.63,0.21,0,0,26,1,0,14,False,True,0,0,54,41,31,3.91,AI is off,AI is off,AI is off,AI is off,Not paired,AI is off,0,0,0
450000,20.2,0,5,0.63,0.21,0,0,26,1,0,14,False,True,0,0,53,40,31,3.91,AI is off,AI is off,AI is off,AI is off,Not paired,AI is off,0,0,0
452000,20.2,0,5,0.63,0.21,0,0,26,1,0,14,False,True,0,0,55,43,32,3.91,AI is off,AI is off,AI is off,AI is off,Not paired,AI is off,0,0,0
454000,20.2,0,5,0.63,0.21,0,0,25,1,0,14,False,True,0,0,54,42,31,3.91,AI is off,AI is off,AI is off,AI is off,Not paired,AI is off,0,0,0
456000,20.3,0,5,0.63,0.21,0,0,25,1,0,14,False,True,0,0,54,42,32,3.91,AI is off,AI is off,AI is off,AI is off,Not paired,AI is off,0,0,0
458000,20.3,0,5,0.63,0.21,0,0,25,1,0,14,False,True,0,0,54,41,32,3.91,AI is off,AI is off,AI is off,AI is off,Not paired,AI is off,0,0,0
460000,20.3,0,5,0.63,0.21,0,0,25,1,0,14,False,True,0,0,54,43,32,3.91,AI is off,AI is off,AI is off,AI is off,Not paired,AI is off,0,0,0
462000,20.3,0,5,0.63,0.21,0,0,25,1,0,14,False,True,0,0,54,41,32,3.91,AI is off,AI is off,AI is off,AI is off,Not paired,AI is off,0,0,0
464000,20.3,0,5,0.63,0.21,0,0,25,1,0,14,False,True,0,0,55,43,33,3.91,AI is off,AI is off,AI is off,AI is off,Not paired,AI is off,0,0,0
466000,20.3,0,5,0.63,0.21,0,0,25,1,0,14,False,True,0,0,55,43,34,3.91,AI is off,AI is off,AI is off,AI is off,Not paired,AI is off,0,0,0
468000,20.3,0,5,0.63,0.21,0,0,25,1,0,14,False,True,0,0,56,45,35,3.91,AI is off,AI is off,AI is off,AI is off,Not paired,AI is off,0,0,0
470000,20.4,0,5,0.63,0.21,0,0,24,1,0,14,False,True,0,0,55,43,33,3.91,AI is off,AI is off,AI is off,AI is off,Not paired,AI is off,0,0,0
472000,20.4,0,5,0.63,0.21,0,0,24,1,0,14,False,True,0,0,56,44,34,3.91,AI is off,AI is off,AI is off,AI is off,Not paired,AI is off,0,0,0
474000,20.5,0,5,0.64,0.21,0,0,24,1,0,14,False,True,0,0,55,43,33,3.91,AI is off,AI is off,AI is off,AI is off,Not paired,AI is off,0,0,0
476000,20.6,0,5,0.64,0.21,0,0,24,1,0,14,False,True,0,0,55,44,33,3.91,AI is off,AI is off,AI is off,AI is off,Not paired,AI is off,0,0,0
478000,20.6,0,5,0.64,0.21,0,0,24,1,0,14,False,True,0,0,55,43,33,3.91,AI is off,AI is off,AI is off,AI is off,Not paired,AI is off,0,0,0
480000,20.7,0,5,0.64,0.21,0,0,24,1,0,14,False,True,0,0,55,44,33,3.91,AI is off,AI is off,AI is off,AI is off,Not paired,AI is off,0,0,0
482000,20.8,0,6,0.64,0.21,0,0,23,1,0,14,False,True,0,0,55,45,35,3.91,AI is off,AI is off,AI is off,AI is off,Not paired,AI is off,0,0,0
484000,20.8,0,6,0.64,0.21,0,0,23,1,0,14,False,True,0,0,55,44,34,3.91,AI is off,AI is off,AI is off,AI is off,Not paired,AI is off,0,0,0
486000,20.6,0,6,0.64,0.21,0,0,23,1,0,14,False,True,0,0,54,42,32,3.91,AI is off,AI is off,AI is off,AI is off,Not paired,AI is off,0,0,0
488000,20.7,0,6,0.64,0.21,0,0,23,1,0,14,False,True,0,0,55,45,35,3.91,AI is off,AI is off,AI is off,AI is off,Not paired,AI is off,0,0,0
490000,20.7,0,6,0.64,0.21,0,0,23,1,0,14,False,True,0,0,54,42,33,3.91,AI is off,AI is off,AI is off,AI is off,Not paired,AI is off,0,0,0
492000,20.6,0,6,0.64,0.21,0,0,23,1,0,14,False,True,0,0,54,42,31,3.91,AI is off,AI is off,AI is off,AI is off,Not paired,AI is off,0,0,0
494000,20.7,0,6,0.64,0.21,0,0,23,1,0,14,False,True,0,0,54,42,32,3.91,AI is off,AI is off,AI is off,AI is off,Not paired,AI is off,0,0,0
496000,20.7,0,6,0.64,0.21,0,0,23,1,0,14,False,True,0,0,56,44,33,3.91,AI is off,AI is off,AI is off,AI is off,Not paired,AI is off,0,0,0
498000,20.9,0,6,0.64,0.21,0,0,22,1,0,14,False,True,0,0,54,41,31,3.91,AI is off,AI is off,AI is off,AI is off,Not paired,AI is off,0,0,0
500000,20.9,0,6,0.64,0.21,0,0,22,1,0,14,False,True,0,0,54,40,31,3.91,AI is off,AI is off,AI is off,AI is off,Not paired,AI is off,0,0,0
502000,20.8,0,6,0.64,0.21,0,0,22,1,0,14,False,True,0,0,55,41,32,3.91,AI is off,AI is off,AI is off,AI is off,Not paired,AI is off,0,0,0
504000,20.8,0,6,0.64,0.21,0,0,22,1,0,14,False,True,0,0,57,45,35,3.91,AI is off,AI is off,AI is off,AI is off,Not paired,AI is off,0,0,0
506000,20.8,0,6,0.64,0.21,0,0,22,1,0,14,False,True,0,0,56,44,33,3.91,AI is off,AI is off,AI is off,AI is off,Not paired,AI is off,0,0,0
508000,20.8,0,6,0.64,0.21,0,0,22,1,0,14,False,True,0,0,56,44,34,3.91,AI is off,AI is off,AI is off,AI is off,Not paired,AI is off,0,0,0
510000,20.7,0,6,0.64,0.21,0,0,22,1,0,14,False,True,0,0,56,44,33,3.91,AI is off,AI is off,AI is off,AI is off,Not paired,AI is off,0,0,0
512000,20.6,0,6,0.64,0.21,0,0,22,1,0,14,False,True,0,0,57,45,36,3.91,AI is off,AI is off,AI is off,AI is off,Not paired,AI is off,0,0,0
514000,20.6,0,6,0.64,0.21,0,0,23,1,0,14,False,True,0,0,56,44,34,3.91,AI is off,AI is off,AI is off,AI is off,Not paired,AI is off,0,0,0
516000,20.5,0,6,0.64,0.21,0,0,23,1,0,14,False,True,0,0,56,43,33,3.91,AI is off,AI is off,AI is off,AI is off,Not paired,AI is off,0,0,0
518000,20.5,0,6,0.64,0.21,0,0,23,1,0,14,False,True,0,0,56,43,33,3.91,AI is off,AI is off,AI is off,AI is off,Not paired,AI is off,0,0,0
520000,20.5,0,5,0.64,0.21,0,0,23,1,0,14,False,True,0,0,55,43,33,3.91,AI is off,AI is off,AI is off,AI is off,Not paired,AI is off,0,0,0
522000,20.6,0,5,0.64,0.21,0,0,23,1,0,14,False,True,0,0,55,44,33,3.91,AI is off,AI is off,AI is off,AI is off,Not paired,AI is off,0,0,0
524000,20.4,0,5,0.64,0.21,0,0,23,1,0,14,False,True,0,0,57,44,34,3.91,AI is off,AI is off,AI is off,AI is off,Not paired,AI is off,0,0,0
526000,20.3,0,5,0.63,0.21,0,0,23,1,0,14,False,True,0,0,57,45,36,3.91,AI is off,AI is off,AI is off,AI is off,Not paired,AI is off,0,0,0
528000,20.3,0,5,0.63,0.21,0,0,23,1,0,14,False,True,0,0,57,44,34,3.91,AI is off,AI is off,AI is off,AI is off,Not paired,AI is off,0,0,0
530000,20.3,0,5,0.63,0.21,0,0,23,1,0,14,False,True,0,0,57,45,36,3.91,AI is off,AI is off,AI is off,AI is off,Not paired,AI is off,0,0,0
532000,20.1,0,5,0.63,0.21,0,0,24,1,0,14,False,True,0,0,57,44,34,3.9,AI is off,AI is off,AI is off,AI is off,Not paired,AI is off,0,0,0
534000,20.2,0,5,0.63,0.21,0,0,24,1,0,14,False,True,0,0,57,44,34,3.91,AI is off,AI is off,AI is off,AI is off,Not paired,AI is off,0,0,0
536000,20.2,0,5,0.63,0.21,0,0,24,1,0,14,False,True,0,0,57,44,34,3.91,AI is off,AI is off,AI is off,AI is off,Not paired,AI is off,0,0,0
538000,20.2,0,5,0.63,0.21,0,0,24,1,0,14,False,True,0,0,57,44,34,3.91,AI is off,AI is off,AI is off,AI is off,Not paired,AI is off,0,0,0
540000,20.1,0,5,0.63,0.21,0,0,24,1,0,14,False,True,0,0,55,43,32,3.91,AI is off,AI is off,AI is off,AI is off,Not paired,AI is off,0,0,0
542000,20.1,0,5,0.63,0.21,0,0,24,1,0,14,False,True,0,0,54,43,33,3.91,AI is off,AI is off,AI is off,AI is off,Not paired,AI is off,0,0,0
544000,20,0,5,0.63,0.21,0,0,24,1,0,15,False,True,0,0,56,44,34,3.91,AI is off,AI is off,AI is off,AI is off,Not paired,AI is off,0,0,0
546000,20,0,5,0.63,0.21,0,0,24,1,0,15,False,True,0,0,55,44,33,3.91,AI is off,AI is off,AI is off,AI is off,Not paired,AI is off,0,0,0
548000,20,0,5,0.63,0.21,0,0,24,1,0,15,False,True,0,0,56,45,35,3.91,AI is off,AI is off,AI is off,AI is off,Not paired,AI is off,0,0,0
550000,20,0,5,0.63,0.21,0,0,24,1,0,15,False,True,0,0,53,41,31,3.91,AI is off,AI is off,AI is off,AI is off,Not paired,AI is off,0,0,0
552000,19.9,0,5,0.63,0.21,0,0,24,1,0,15,False,True,0,0,53,40,30,3.91,AI is off,AI is off,AI is off,AI is off,Not paired,AI is off,0,0,0
554000,20.1,0,5,0.63,0.21,0,0,24,1,0,15,False,True,0,0,55,44,34,3.91,AI is off,AI is off,AI is off,AI is off,Not paired,AI is off,0,0,0
556000,19.9,0,5,0.62,0.21,0,0,24,1,0,15,False,True,0,0,55,44,34,3.91,AI is off,AI is off,AI is off,AI is off,Not paired,AI is off,0,0,0
558000,19.9,0,5,0.62,0.21,0,0,24,1,0,15,False,True,0,0,56,44,35,3.9,AI is off,AI is off,AI is off,AI is off,Not paired,AI is off,0,0,0
560000,20,0,5,0.63,0.21,0,0,24,1,0,15,False,True,0,0,55,44,33,3.9,AI is off,AI is off,AI is off,AI is off,Not paired,AI is off,0,0,0
562000,20,0,5,0.63,0.21,0,0,24,1,0,15,False,True,0,0,55,43,34,3.9,AI is off,AI is off,AI is off,AI is off,Not paired,AI is off,0,0,0
564000,20.2,0,5,0.63,0.21,0,0,24,1,0,15,False,True,0,0,55,44,33,3.9,AI is off,AI is off,AI is off,AI is off,Not paired,AI is off,0,0,0
566000,20.1,0,5,0.63,0.21,0,0,24,1,0,15,False,True,0,0,55,44,34,3.9,AI is off,AI is off,AI is off,AI is off,Not paired,AI is off,0,0,0
568000,20.1,0,5,0.63,0.21,0,0,24,1,0,15,False,True,0,0,55,43,32,3.91,AI is off,AI is off,AI is off,AI is off,Not paired,AI is off,0,0,0
570000,20.2,0,5,0.63,0.21,0,0,24,1,0,15,False,True,0,0,54,42,32,3.91,AI is off,AI is off,AI is off,AI is off,Not paired,AI is off,0,0,0
572000,20,0,5,0.63,0.21,0,0,24,1,0,15,False,True,0,0,54,43,33,3.9,AI is off,AI is off,AI is off,AI is off,Not paired,AI is off,0,0,0
574000,19.8,0,5,0.62,0.21,0,0,24,1,0,15,False,True,0,0,54,42,32,3.9,AI is off,AI is off,AI is off,AI is off,Not paired,AI is off,0,0,0
576000,19.8,0,5,0.62,0.21,0,0,24,1,0,15,False,True,0,0,55,43,34,3.9,AI is off,AI is off,AI is off,AI is off,Not paired,AI is off,0,0,0
578000,19.7,0,5,0.62,0.21,0,0,24,1,0,15,False,True,0,0,54,42,32,3.9,AI is off,AI is off,AI is off,AI is off,Not paired,AI is off,0,0,0
580000,19.6,0,5,0.62,0.21,0,0,25,1,0,15,False,True,0,0,55,43,33,3.9,AI is off,AI is off,AI is off,AI is off,Not paired,AI is off,0,0,0
582000,19.6,0,5,0.62,0.21,0,0,25,1,0,15,False,True,0,0,55,43,33,3.9,AI is off,AI is off,AI is off,AI is off,Not paired,AI is off,0,0,0
584000,19.6,0,5,0.62,0.21,0,0,25,1,0,15,False,True,0,0,54,43,32,3.9,AI is off,AI is off,AI is off,AI is off,Not paired,AI is off,0,0,0
586000,19.5,0,5,0.62,0.21,0,0,25,1,0,15,False,True,0,0,55,43,33,3.9,AI is off,AI is off,AI is off,AI is off,Not paired,AI is off,0,0,0
588000,19.7,0,5,0.62,0.21,0,0,25,1,0,15,False,True,0,0,56,44,34,3.9,AI is off,AI is off,AI is off,AI is off,Not paired,AI is off,0,0,0
590000,19.8,0,5,0.62,0.21,0,0,25,1,0,15,False,True,0,0,54,42,32,3.9,AI is off,AI is off,AI is off,AI is off,Not paired,AI is off,0,0,0
592000,19.9,0,5,0.62,0.21,0,0,25,1,0,15,False,True,0,0,53,40,28,3.9,AI is off,AI is off,AI is off,AI is off,Not paired,AI is off,0,0,0
594000,19.9,0,5,0.62,0.21,0,0,25,1,0,15,False,True,0,0,56,44,34,3.9,AI is off,AI is off,AI is off,AI is off,Not paired,AI is off,0,0,0
596000,19.8,0,5,0.62,0.21,0,0,25,1,0,15,False,True,0,0,54,41,30,3.9,AI is off,AI is off,AI is off,AI is off,Not paired,AI is off,0,0,0
598000,19.8,0,5,0.62,0.21,0,0,24,1,0,15,False,True,0,0,55,44,34,3.9,AI is off,AI is off,AI is off,AI is off,Not paired,AI is off,0,0,0
600000,19.7,0,5,0.62,0.21,0,0,24,1,0,15,False,True,0,0,53,39,31,3.9,AI is off,AI is off,AI is off,AI is off,Not paired,AI is off,0,0,0
602000,19.8,0,5,0.62,0.21,0,0,24,1,0,15,False,True,0,0,53,40,28,3.9,AI is off,AI is off,AI is off,AI is off,Not paired,AI is off,0,0,0
604000,19.7,0,5,0.62,0.21,0,0,24,1,0,15,False,True,0,0,55,42,31,3.9,AI is off,AI is off,AI is off,AI is off,Not paired,AI is off,0,0,0
606000,19.8,0,5,0.62,0.21,0,0,24,1,0,15,False,True,0,0,54,40,31,3.9,AI is off,AI is off,AI is off,AI is off,Not paired,AI is off,0,0,0
608000,19.9,0,5,0.62,0.21,0,0,24,1,0,15,False,True,0,0,55,44,34,3.9,AI is off,AI is off,AI is off,AI is off,Not paired,AI is off,0,0,0
610000,20,0,5,0.63,0.21,0,0,24,1,0,15,False,True,0,0,55,44,34,3.9,AI is off,AI is off,AI is off,AI is off,Not paired,AI is off,0,0,0
612000,20,0,5,0.63,0.21,0,0,24,1,0,15,False,True,0,0,54,43,32,3.9,AI is off,AI is off,AI is off,AI is off,Not paired,AI is off,0,0,0
614000,20.2,0,5,0.63,0.21,0,0,23,1,0,15,False,True,0,0,54,43,32,3.9,AI is off,AI is off,AI is off,AI is off,Not paired,AI is off,0,0,0
616000,20.2,0,5,0.63,0.21,0,0,23,1,0,15,False,True,0,0,56,44,35,3.9,AI is off,AI is off,AI is off,AI is off,Not paired,AI is off,0,0,0
618000,20.3,0,5,0.63,0.21,0,0,23,1,0,15,False,True,0,0,55,43,33,3.9,AI is off,AI is off,AI is off,AI is off,Not paired,AI is off,0,0,0
620000,20.5,0,5,0.64,0.21,0,0,22,1,0,15,False,True,0,0,54,42,32,3.9,AI is off,AI is off,AI is off,AI is off,Not paired,AI is off,0,0,0
622000,20.6,0,5,0.64,0.21,0,0,22,1,0,15,False,True,0,0,53,41,31,3.9,AI is off,AI is off,AI is off,AI is off,Not paired,AI is off,0,0,0
624000,20.8,0,5,0.64,0.21,0,0,22,1,0,15,False,True,0,0,54,41,31,3.9,AI is off,AI is off,AI is off,AI is off,Not paired,AI is off,0,0,0
626000,20.9,0,5,0.64,0.21,0,0,22,1,0,15,False,True,0,0,55,44,33,3.9,AI is off,AI is off,AI is off,AI is off,Not paired,AI is off,0,0,0
628000,20.8,0,5,0.64,0.21,0,0,22,1,0,15,False,True,0,0,57,45,36,3.9,AI is off,AI is off,AI is off,AI is off,Not paired,AI is off,0,0,0
630000,20.8,0,6,0.64,0.21,0,0,20,1,0,15,False,True,0,0,58,46,36,3.9,AI is off,AI is off,AI is off,AI is off,Not paired,AI is off,0,0,0
632000,20.7,0,6,0.64,0.21,0,0,20,1,0,15,False,True,0,0,57,45,35,3.9,AI is off,AI is off,AI is off,AI is off,Not paired,AI is off,0,0,0
634000,20.5,0,6,0.64,0.21,0,0,20,1,0,15,False,True,0,0,55,44,34,3.9,AI is off,AI is off,AI is off,AI is off,Not paired,AI is off,0,0,0
636000,20.2,0,5,0.63,0.21,0,0,21,1,0,14,False,True,0,0,53,39,31,3.9,AI is off,AI is off,AI is off,AI is off,Not paired,AI is off,0,0,0
638000,19.9,0,5,0.63,0.21,0,0,21,1,0,14,False,True,0,0,53,39,31,3.9,AI is off,AI is off,AI is off,AI is off,Not paired,AI is off,0,0,0
640000,19.9,0,5,0.62,0.21,0,0,21,1,0,14,False,True,0,0,56,45,35,3.9,AI is off,AI is off,AI is off,AI is off,Not paired,AI is off,0,0,0
642000,19.9,0,5,0.63,0.21,0,0,21,1,0,14,False,True,0,0,54,42,32,3.9,AI is off,AI is off,AI is off,AI is off,Not paired,AI is off,0,0,0
644000,19.9,0,5,0.62,0.21,0,0,21,1,0,15,False,True,0,0,55,42,32,3.9,AI is off,AI is off,AI is off,AI is off,Not paired,AI is off,0,0,0
646000,19.8,0,5,0.62,0.21,0,0,23,1,0,15,False,True,0,0,55,40,31,3.9,AI is off,AI is off,AI is off,AI is off,Not paired,AI is off,0,0,0
648000,19.7,0,5,0.62,0.21,0,0,23,1,0,15,False,True,0,0,55,45,35,3.9,AI is off,AI is off,AI is off,AI is off,Not paired,AI is off,0,0,0
650000,19.7,0,5,0.62,0.21,0,0,23,1,0,15,False,True,0,0,56,45,35,3.9,AI is off,AI is off,AI is off,AI is off,Not paired,AI is off,0,0,0
652000,19.5,0,5,0.62,0.21,0,0,24,1,0,15,False,True,0,0,56,45,35,3.9,AI is off,AI is off,AI is off,AI is off,Not paired,AI is off,0,0,0
654000,19.3,0,5,0.61,0.21,0,0,24,1,0,15,False,True,0,0,55,43,33,3.9,AI is off,AI is off,AI is off,AI is off,Not paired,AI is off,0,0,0
656000,19.4,0,5,0.61,0.21,0,0,24,1,0,15,False,True,0,0,56,45,35,3.9,AI is off,AI is off,AI is off,AI is off,Not paired,AI is off,0,0,0
658000,19.4,0,5,0.61,0.21,0,0,24,1,0,15,False,True,0,0,55,43,33,3.9,AI is off,AI is off,AI is off,AI is off,Not paired,AI is off,0,0,0
660000,19.4,0,5,0.61,0.21,0,0,24,1,0,15,False,True,0,0,55,45,36,3.9,AI is off,AI is off,AI is off,AI is off,Not paired,AI is off,0,0,0
662000,19.4,0,5,0.61,0.21,0,0,24,1,0,15,False,True,0,0,57,45,36,3.9,AI is off,AI is off,AI is off,AI is off,Not paired,AI is off,0,0,0
664000,19.5,0,5,0.62,0.21,0,0,24,1,0,15,False,True,0,0,57,45,36,3.9,AI is off,AI is off,AI is off,AI is off,Not paired,AI is off,0,0,0
666000,19.4,0,5,0.61,0.21,0,0,24,1,0,15,False,True,0,0,56,45,35,3.9,AI is off,AI is off,AI is off,AI is off,Not paired,AI is off,0,0,0
668000,19.3,0,5,0.61,0.21,0,0,24,1,0,15,False,True,0,0,56,45,35,3.9,AI is off,AI is off,AI is off,AI is off,Not paired,AI is off,0,0,0
670000,19.3,0,5,0.61,0.21,0,0,24,1,0,15,False,True,0,0,55,44,33,3.9,AI is off,AI is off,AI is off,AI is off,Not paired,AI is off,0,0,0
672000,19.2,0,5,0.61,0.21,0,0,24,1,0,15,False,True,0,0,53,39,30,3.9,AI is off,AI is off,AI is off,AI is off,Not paired,AI is off,0,0,0
674000,19.1,0,5,0.61,0.21,0,0,24,1,0,15,False,True,0,0,57,45,36,3.9,AI is off,AI is off,AI is off,AI is off,Not paired,AI is off,0,0,0
676000,19.2,0,5,0.61,0.21,0,0,24,1,0,15,False,True,0,0,55,44,34,3.9,AI is off,AI is off,AI is off,AI is off,Not paired,AI is off,0,0,0
678000,19.1,0,5,0.61,0.21,0,0,24,1,0,15,False,True,0,0,54,43,33,3.9,AI is off,AI is off,AI is off,AI is off,Not paired,AI is off,0,0,0
680000,19,0,5,0.6,0.21,0,0,25,1,0,15,False,True,0,0,55,44,33,3.9,AI is off,AI is off,AI is off,AI is off,Not paired,AI is off,0,0,0
682000,18.6,0,5,0.6,0.21,0,0,25,1,0,15,False,True,0,0,57,45,36,3.9,AI is off,AI is off,AI is off,AI is off,Not paired,AI is off,0,0,0
684000,18.5,0,5,0.6,0.21,0,0,27,1,0,15,False,True,0,0,57,45,35,3.9,AI is off,AI is off,AI is off,AI is off,Not paired,AI is off,0,0,0
686000,18.4,0,5,0.59,0.21,0,0,27,1,0,15,False,True,0,0,54,43,32,3.9,AI is off,AI is off,AI is off,AI is off,Not paired,AI is off,0,0,0
688000,18.3,0,5,0.59,0.21,0,0,27,1,0,15,False,True,0,0,54,43,33,3.9,AI is off,AI is off,AI is off,AI is off,Not paired,AI is off,0,0,0
690000,18.2,0,5,0.59,0.21,0,0,27,1,0,15,False,True,0,0,55,44,33,3.9,AI is off,AI is off,AI is off,AI is off,Not paired,AI is off,0,0,0
692000,18.1,0,5,0.59,0.21,0,0,27,1,0,15,False,True,0,0,54,43,33,3.9,AI is off,AI is off,AI is off,AI is off,Not paired,AI is off,0,0,0
694000,18,0,5,0.58,0.21,0,0,27,1,0,15,False,True,0,0,54,40,29,3.9,AI is off,AI is off,AI is off,AI is off,Not paired,AI is off,0,0,0
696000,18,0,5,0.58,0.21,0,0,30,1,0,15,False,True,0,0,54,38,30,3.9,AI is off,AI is off,AI is off,AI is off,Not paired,AI is off,0,0,0
698000,17.9,0,5,0.58,0.21,0,0,30,1,0,15,False,True,0,0,53,39,31,3.9,AI is off,AI is off,AI is off,AI is off,Not paired,AI is off,0,0,0
700000,17.9,0,5,0.58,0.21,0,0,30,1,0,15,False,True,0,0,53,40,31,3.9,AI is off,AI is off,AI is off,AI is off,Not paired,AI is off,0,0,0
702000,18.1,0,5,0.59,0.21,0,0,30,1,0,15,False,True,0,0,57,46,35,3.9,AI is off,AI is off,AI is off,AI is off,Not paired,AI is off,0,0,0
704000,18.2,0,5,0.59,0.21,0,0,30,1,0,15,False,True,0,0,55,44,33,3.9,AI is off,AI is off,AI is off,AI is off,Not paired,AI is off,0,0,0
706000,18.4,0,5,0.59,0.21,0,0,30,1,0,15,False,True,0,0,57,46,37,3.9,AI is off,AI is off,AI is off,AI is off,Not paired,AI is off,0,0,0
708000,18.6,0,5,0.6,0.21,0,0,30,1,0,15,False,True,0,0,55,43,32,3.9,AI is off,AI is off,AI is off,AI is off,Not paired,AI is off,0,0,0
710000,18.7,0,5,0.6,0.21,0,0,30,1,0,15,False,True,0,0,56,45,35,3.9,AI is off,AI is off,AI is off,AI is off,Not paired,AI is off,0,0,0
712000,18.7,0,5,0.6,0.21,0,0,26,1,0,15,False,True,0,0,55,43,33,3.9,AI is off,AI is off,AI is off,AI is off,Not paired,AI is off,0,0,0
714000,18.8,0,5,0.6,0.21,0,0,26,1,0,15,False,True,0,0,55,44,35,3.9,AI is off,AI is off,AI is off,AI is off,Not paired,AI is off,0,0,0
716000,18.8,0,5,0.6,0.21,0,0,26,1,0,15,False,True,0,0,55,43,33,3.9,AI is off,AI is off,AI is off,AI is off,Not paired,AI is off,0,0,0
718000,19,0,5,0.61,0.21,0,0,25,1,0,15,False,True,0,0,57,45,35,3.9,AI is off,AI is off,AI is off,AI is off,Not paired,AI is off,0,0,0
720000,19.1,0,5,0.61,0.21,0,0,25,1,0,15,False,True,0,0,54,42,32,3.9,AI is off,AI is off,AI is off,AI is off,Not paired,AI is off,0,0,0
722000,19.1,0,5,0.61,0.21,0,0,25,1,0,15,False,True,0,0,55,45,34,3.9,AI is off,AI is off,AI is off,AI is off,Not paired,AI is off,0,0,0
724000,19.1,0,5,0.61,0.21,0,0,25,1,0,15,False,True,0,0,55,42,32,3.9,AI is off,AI is off,AI is off,AI is off,Not paired,AI is off,0,0,0
726000,19.3,0,5,0.61,0.21,0,0,25,1,0,15,False,True,0,0,53,41,31,3.9,AI is off,AI is off,AI is off,AI is off,Not paired,AI is off,0,0,0
728000,19.4,0,5,0.61,0.21,0,0,23,1,0,15,False,True,0,0,55,43,33,3.9,AI is off,AI is off,AI is off,AI is off,Not paired,AI is off,0,0,0
730000,19.1,0,5,0.61,0.21,0,0,23,1,0,15,False,True,0,0,54,43,33,3.9,AI is off,AI is off,AI is off,AI is off,Not paired,AI is off,0,0,0
732000,19.3,0,5,0.61,0.21,0,0,23,1,0,15,False,True,0,0,55,43,33,3.9,AI is off,AI is off,AI is off,AI is off,Not paired,AI is off,0,0,0
734000,19.4,0,5,0.61,0.21,0,0,23,1,0,15,False,True,0,0,56,44,34,3.9,AI is off,AI is off,AI is off,AI is off,Not paired,AI is off,0,0,0
736000,19.5,0,5,0.61,0.21,0,0,23,1,0,15,False,True,0,0,56,44,33,3.9,AI is off,AI is off,AI is off,AI is off,Not paired,AI is off,0,0,0
738000,19.5,0,5,0.62,0.21,0,0,23,1,0,15,False,True,0,0,54,42,32,3.9,AI is off,AI is off,AI is off,AI is off,Not paired,AI is off,0,0,0
740000,19.4,0,5,0.61,0.21,0,0,23,1,0,15,False,True,0,0,55,44,33,3.9,AI is off,AI is off,AI is off,AI is off,Not paired,AI is off,0,0,0
742000,19.4,0,5,0.61,0.21,0,0,23,1,0,15,False,True,0,0,54,43,33,3.9,AI is off,AI is off,AI is off,AI is off,Not paired,AI is off,0,0,0
744000,19.4,0,5,0.61,0.21,0,0,23,1,0,15,False,True,0,0,54,43,33,3.9,AI is off,AI is off,AI is off,AI is off,Not paired,AI is off,0,0,0
746000,19.3,0,5,0.61,0.21,0,0,23,1,0,15,False,True,0,0,54,42,32,3.9,AI is off,AI is off,AI is off,AI is off,Not paired,AI is off,0,0,0
748000,19.2,0,5,0.61,0.21,0,0,23,1,0,15,False,True,0,0,57,46,37,3.9,AI is off,AI is off,AI is off,AI is off,Not paired,AI is off,0,0,0
750000,19.3,0,5,0.61,0.21,0,0,23,1,0,15,False,True,0,0,56,45,35,3.9,AI is off,AI is off,AI is off,AI is off,Not paired,AI is off,0,0,0
752000,19.4,0,5,0.61,0.21,0,0,23,1,0,15,False,True,0,0,54,43,33,3.9,AI is off,AI is off,AI is off,AI is off,Not paired,AI is off,0,0,0
754000,19.4,0,5,0.61,0.21,0,0,23,1,0,15,False,True,0,0,55,43,32,3.9,AI is off,AI is off,AI is off,AI is off,Not paired,AI is off,0,0,0
756000,19.5,0,5,0.62,0.21,0,0,23,1,0,15,False,True,0,0,55,42,32,3.9,AI is off,AI is off,AI is off,AI is off,Not paired,AI is off,0,0,0
758000,19.5,0,5,0.62,0.21,0,0,23,1,0,15,False,True,0,0,54,42,32,3.9,AI is off,AI is off,AI is off,AI is off,Not paired,AI is off,0,0,0
760000,19.5,0,5,0.62,0.21,0,0,23,1,0,15,False,True,0,0,55,43,33,3.9,AI is off,AI is off,AI is off,AI is off,Not paired,AI is off,0,0,0
762000,19.2,0,5,0.61,0.21,0,0,23,1,0,15,False,True,0,0,54,43,32,3.9,AI is off,AI is off,AI is off,AI is off,Not paired,AI is off,0,0,0
764000,19.1,0,5,0.61,0.21,0,0,23,1,0,15,False,True,0,0,55,44,33,3.9,AI is off,AI is off,AI is off,AI is off,Not paired,AI is off,0,0,0
766000,19.1,0,5,0.61,0.21,0,0,23,1,0,15,False,True,0,0,55,44,33,3.9,AI is off,AI is off,AI is off,AI is off,Not paired,AI is off,0,0,0
768000,19.1,0,5,0.61,0.21,0,0,24,1,0,15,False,True,0,0,54,43,33,3.9,AI is off,AI is off,AI is off,AI is off,Not paired,AI is off,0,0,0
770000,19,0,5,0.61,0.21,0,0,24,1,0,15,False,True,0,0,54,43,32,3.9,AI is off,AI is off,AI is off,AI is off,Not paired,AI is off,0,0,0
772000,19,0,5,0.61,0.21,0,0,24,1,0,15,False,True,0,0,55,44,33,3.9,AI is off,AI is off,AI is off,AI is off,Not paired,AI is off,0,0,0
774000,19,0,5,0.61,0.21,0,0,24,1,0,15,False,True,0,0,55,44,33,3.9,AI is off,AI is off,AI is off,AI is off,Not paired,AI is off,0,0,0
776000,19,0,5,0.61,0.21,0,0,24,1,0,15,False,True,0,0,54,43,33,3.9,AI is off,AI is off,AI is off,AI is off,Not paired,AI is off,0,0,0
778000,19,0,5,0.61,0.21,0,0,24,1,0,15,False,True,0,0,55,42,33,3.9,AI is off,AI is off,AI is off,AI is off,Not paired,AI is off,0,0,0
780000,18.8,0,5,0.6,0.21,0,0,24,1,0,15,False,True,0,0,55,44,33,3.9,AI is off,AI is off,AI is off,AI is off,Not paired,AI is off,0,0,0
782000,18.8,0,5,0.6,0.21,0,0,24,1,0,15,False,True,0,0,55,44,33,3.9,AI is off,AI is off,AI is off,AI is off,Not paired,AI is off,0,0,0
784000,18.8,0,5,0.6,0.21,0,0,24,1,0,15,False,True,0,0,55,43,33,3.9,AI is off,AI is off,AI is off,AI is off,Not paired,AI is off,0,0,0
786000,18.8,0,5,0.6,0.21,0,0,24,1,0,15,False,True,0,0,56,43,33,3.9,AI is off,AI is off,AI is off,AI is off,Not paired,AI is off,0,0,0
788000,18.8,0,5,0.6,0.21,0,0,24,1,0,15,False,True,0,0,55,43,32,3.9,AI is off,AI is off,AI is off,AI is off,Not paired,AI is off,0,0,0
790000,18.8,0,5,0.6,0.21,0,0,24,1,0,15,False,True,0,0,55,44,33,3.9,AI is off,AI is off,AI is off,AI is off,Not paired,AI is off,0,0,0
792000,18.8,0,5,0.6,0.21,0,0,24,1,0,15,False,True,0,0,56,44,34,3.9,AI is off,AI is off,AI is off,AI is off,Not paired,AI is off,0,0,0
794000,18.8,0,5,0.6,0.21,0,0,24,1,0,15,False,True,0,0,56,44,34,3.9,AI is off,AI is off,AI is off,AI is off,Not paired,AI is off,0,0,0
796000,18.8,0,5,0.6,0.21,0,0,24,1,0,15,False,True,0,0,55,45,34,3.9,AI is off,AI is off,AI is off,AI is off,Not paired,AI is off,0,0,0
798000,18.8,0,5,0.6,0.21,0,0,24,1,0,15,False,True,0,0,55,43,33,3.9,AI is off,AI is off,AI is off,AI is off,Not paired,AI is off,0,0,0
800000,18.8,0,5,0.6,0.21,0,0,24,1,0,15,False,True,0,0,55,44,33,3.9,AI is off,AI is off,AI is off,AI is off,Not paired,AI is off,0,0,0
802000,19,0,5,0.6,0.21,0,0,24,1,0,15,False,True,0,0,56,45,34,3.9,AI is off,AI is off,AI is off,AI is off,Not paired,AI is off,0,0,0
804000,19,0,5,0.61,0.21,0,0,24,1,0,15,False,True,0,0,55,44,33,3.9,AI is off,AI is off,AI is off,AI is off,Not paired,AI is off,0,0,0
806000,19.2,0,5,0.61,0.21,0,0,24,1,0,15,False,True,0,0,55,43,33,3.9,AI is off,AI is off,AI is off,AI is off,Not paired,AI is off,0,0,0
808000,19.2,0,5,0.61,0.21,0,0,24,1,0,15,False,True,0,0,54,43,33,3.9,AI is off,AI is off,AI is off,AI is off,Not paired,AI is off,0,0,0
810000,19.1,0,5,0.61,0.21,0,0,24,1,0,15,False,True,0,0,54,43,33,3.9,AI is off,AI is off,AI is off,AI is off,Not paired,AI is off,0,0,0
812000,19.3,0,5,0.61,0.21,0,0,23,1,0,15,False,True,0,0,54,42,32,3.9,AI is off,AI is off,AI is off,AI is off,Not paired,AI is off,0,0,0
814000,19.1,0,5,0.61,0.21,0,0,23,1,0,15,False,True,0,0,57,46,37,3.9,AI is off,AI is off,AI is off,AI is off,Not paired,AI is off,0,0,0
816000,19.1,0,5,0.61,0.21,0,0,23,1,0,15,False,True,0,0,56,45,36,3.9,AI is off,AI is off,AI is off,AI is off,Not paired,AI is off,0,0,0
818000,19.1,0,5,0.61,0.21,0,0,23,1,0,15,False,True,0,0,56,46,36,3.9,AI is off,AI is off,AI is off,AI is off,Not paired,AI is off,0,0,0
820000,19.1,0,5,0.61,0.21,0,0,23,1,0,15,False,True,0,0,55,44,34,3.9,AI is off,AI is off,AI is off,AI is off,Not paired,AI is off,0,0,0
822000,19.1,0,5,0.61,0.21,0,0,23,1,0,15,False,True,0,0,53,42,31,3.9,AI is off,AI is off,AI is off,AI is off,Not paired,AI is off,0,0,0
824000,19,0,5,0.61,0.21,0,0,23,1,0,15,False,True,0,0,55,43,34,3.9,AI is off,AI is off,AI is off,AI is off,Not paired,AI is off,0,0,0
826000,19.1,0,5,0.61,0.21,0,0,23,1,0,15,False,True,0,0,55,43,33,3.9,AI is off,AI is off,AI is off,AI is off,Not paired,AI is off,0,0,0
828000,19,0,5,0.61,0.21,0,0,23,1,0,15,False,True,0,0,56,44,34,3.9,AI is off,AI is off,AI is off,AI is off,Not paired,AI is off,0,0,0
830000,18.8,0,5,0.6,0.21,0,0,23,1,0,15,False,True,0,0,55,44,33,3.9,AI is off,AI is off,AI is off,AI is off,Not paired,AI is off,0,0,0
832000,18.6,0,5,0.6,0.21,0,0,23,1,0,15,False,True,0,0,57,45,36,3.9,AI is off,AI is off,AI is off,AI is off,Not paired,AI is off,0,0,0
834000,18.6,0,5,0.6,0.21,0,0,24,1,0,15,False,True,0,0,54,43,32,3.9,AI is off,AI is off,AI is off,AI is off,Not paired,AI is off,0,0,0
836000,18.7,0,5,0.6,0.21,0,0,24,1,0,15,False,True,0,0,55,44,34,3.9,AI is off,AI is off,AI is off,AI is off,Not paired,AI is off,0,0,0
838000,18.7,0,5,0.6,0.21,0,0,24,1,0,15,False,True,0,0,55,44,34,3.9,AI is off,AI is off,AI is off,AI is off,Not paired,AI is off,0,0,0
840000,18.8,0,5,0.6,0.21,0,0,24,1,0,15,False,True,0,0,55,44,34,3.9,AI is off,AI is off,AI is off,AI is off,Not paired,AI is off,0,0,0
842000,18.9,0,5,0.6,0.21,0,0,24,1,0,15,False,True,0,0,54,42,32,3.9,AI is off,AI is off,AI is off,AI is off,Not paired,AI is off,0,0,0
844000,19,0,5,0.6,0.21,0,0,23,1,0,15,False,True,0,0,54,42,32,3.9,AI is off,AI is off,AI is off,AI is off,Not paired,AI is off,0,0,0
846000,19.1,0,5,0.61,0.21,0,0,23,1,0,15,False,True,0,0,54,42,33,3.9,AI is off,AI is off,AI is off,AI is off,Not paired,AI is off,0,0,0
848000,19.2,0,5,0.61,0.21,0,0,23,1,0,15,False,True,0,0,54,42,32,3.9,AI is off,AI is off,AI is off,AI is off,Not paired,AI is off,0,0,0
850000,19.3,0,5,0.61,0.21,0,0,22,1,0,15,False,True,0,0,54,43,32,3.9,AI is off,AI is off,AI is off,AI is off,Not paired,AI is off,0,0,0
852000,19.3,0,5,0.61,0.21,0,0,22,1,0,15,False,True,0,0,54,42,32,3.9,AI is off,AI is off,AI is off,AI is off,Not paired,AI is off,0,0,0
854000,19.4,0,5,0.61,0.21,0,0,22,1,0,15,False,True,0,0,54,42,32,3.9,AI is off,AI is off,AI is off,AI is off,Not paired,AI is off,0,0,0
856000,19.5,0,5,0.62,0.21,0,0,22,1,0,15,False,True,0,0,54,42,33,3.9,AI is off,AI is off,AI is off,AI is off,Not paired,AI is off,0,0,0
858000,19.5,0,5,0.62,0.21,0,0,22,1,0,15,False,True,0,0,53,42,32,3.9,AI is off,AI is off,AI is off,AI is off,Not paired,AI is off,0,0,0
860000,19.6,0,5,0.62,0.21,0,0,21,1,0,15,False,True,0,0,53,42,32,3.9,AI is off,AI is off,AI is off,AI is off,Not paired,AI is off,0,0,0
862000,19.6,0,5,0.62,0.21,0,0,21,1,0,15,False,True,0,0,53,42,31,3.9,AI is off,AI is off,AI is off,AI is off,Not paired,AI is off,0,0,0
864000,19.7,0,5,0.62,0.21,0,0,20,1,0,15,False,True,0,0,53,42,32,3.9,AI is off,AI is off,AI is off,AI is off,Not paired,AI is off,0,0,0
866000,19.6,0,5,0.62,0.21,0,0,20,1,0,15,False,True,0,0,53,42,32,3.9,AI is off,AI is off,AI is off,AI is off,Not paired,AI is off,0,0,0
868000,19.6,0,5,0.62,0.21,0,0,20,1,0,15,False,True,0,0,53,42,32,3.9,AI is off,AI is off,AI is off,AI is off,Not paired,AI is off,0,0,0
870000,19.7,0,5,0.62,0.21,0,0,20,1,0,15,False,True,0,0,53,42,31,3.9,AI is off,AI is off,AI is off,AI is off,Not paired,AI is off,0,0,0
872000,19.9,0,5,0.62,0.21,0,0,20,1,0,15,False,True,0,0,54,42,33,3.9,AI is off,AI is off,AI is off,AI is off,Not paired,AI is off,0,0,0
874000,20.1,0,5,0.63,0.21,0,0,20,1,0,15,False,True,0,0,53,42,31,3.9,AI is off,AI is off,AI is off,AI is off,Not paired,AI is off,0,0,0
876000,20.1,0,5,0.63,0.21,0,0,20,1,0,15,False,True,0,0,53,42,31,3.9,AI is off,AI is off,AI is off,AI is off,Not paired,AI is off,0,0,0
878000,20.2,0,5,0.63,0.21,0,0,20,1,0,15,False,True,0,0,54,42,32,3.9,AI is off,AI is off,AI is off,AI is off,Not paired,AI is off,0,0,0
880000,20.1,0,5,0.63,0.21,0,0,20,1,0,15,False,True,0,0,54,42,31,3.9,AI is off,AI is off,AI is off,AI is off,Not paired,AI is off,0,0,0
882000,20.1,0,5,0.63,0.21,0,0,19,1,0,15,False,True,0,0,54,42,32,3.9,AI is off,AI is off,AI is off,AI is off,Not paired,AI is off,0,0,0
884000,20.1,0,5,0.63,0.21,0,0,19,1,0,15,False,True,0,0,56,45,35,3.9,AI is off,AI is off,AI is off,AI is off,Not paired,AI is off,0,0,0
886000,20.1,0,5,0.63,0.21,0,0,19,1,0,15,False,True,0,0,56,44,34,3.9,AI is off,AI is off,AI is off,AI is off,Not paired,AI is off,0,0,0
888000,20.1,0,5,0.63,0.21,0,0,19,1,0,15,False,True,0,0,54,43,33,3.9,AI is off,AI is off,AI is off,AI is off,Not paired,AI is off,0,0,0
890000,20.1,0,5,0.63,0.21,0,0,19,1,0,15,False,True,0,0,55,44,34,3.9,AI is off,AI is off,AI is off,AI is off,Not paired,AI is off,0,0,0
892000,20.2,0,5,0.63,0.21,0,0,19,1,0,15,False,True,0,0,55,44,33,3.9,AI is off,AI is off,AI is off,AI is off,Not paired,AI is off,0,0,0
894000,20.1,0,5,0.63,0.21,0,0,19,1,0,15,False,True,0,0,54,42,32,3.9,AI is off,AI is off,AI is off,AI is off,Not paired,AI is off,0,0,0
896000,20.2,0,5,0.63,0.21,0,0,19,1,0,15,False,True,0,0,54,42,33,3.9,AI is off,AI is off,AI is off,AI is off,Not paired,AI is off,0,0,0
898000,20.3,0,5,0.63,0.21,0,0,18,1,0,15,False,True,0,0,56,44,34,3.9,AI is off,AI is off,AI is off,AI is off,Not paired,AI is off,0,0,0
900000,20.4,0,5,0.63,0.21,0,0,18,1,0,15,False,True,0,0,55,43,34,3.9,AI is off,AI is off,AI is off,AI is off,Not paired,AI is off,0,0,0
902000,20.4,0,5,0.63,0.21,0,0,18,1,0,15,False,True,0,0,55,43,34,3.9,AI is off,AI is off,AI is off,AI is off,Not paired,AI is off,0,0,0
904000,20.3,0,5,0.63,0.21,0,0,18,1,0,14,False,True,0,0,54,42,32,3.9,AI is off,AI is off,AI is off,AI is off,Not paired,AI is off,0,0,0
906000,20.2,0,5,0.63,0.21,0,0,18,1,0,14,False,True,0,0,54,43,32,3.9,AI is off,AI is off,AI is off,AI is off,Not paired,AI is off,0,0,0
908000,20.1,0,5,0.63,0.21,0,0,18,1,0,14,False,True,0,0,56,45,35,3.9,AI is off,AI is off,AI is off,AI is off,Not paired,AI is off,0,0,0
910000,20.2,0,5,0.63,0.21,0,0,18,1,0,14,False,True,0,0,55,44,34,3.9,AI is off,AI is off,AI is off,AI is off,Not paired,AI is off,0,0,0
912000,20.2,0,5,0.63,0.21,0,0,18,1,0,14,False,True,0,0,57,46,36,3.9,AI is off,AI is off,AI is off,AI is off,Not paired,AI is off,0,0,0
914000,20.2,0,5,0.63,0.21,0,0,18,1,0,14,False,True,0,0,58,47,37,3.9,AI is off,AI is off,AI is off,AI is off,Not paired,AI is off,0,0,0
916000,20.3,0,5,0.63,0.21,0,0,18,1,0,14,False,True,0,0,55,45,35,3.9,AI is off,AI is off,AI is off,AI is off,Not paired,AI is off,0,0,0
918000,20.3,0,5,0.63,0.21,0,0,18,1,0,14,False,True,0,0,55,43,33,3.9,AI is off,AI is off,AI is off,AI is off,Not paired,AI is off,0,0,0
920000,20.4,0,5,0.63,0.21,0,0,18,1,0,14,False,True,0,0,56,44,34,3.9,AI is off,AI is off,AI is off,AI is off,Not paired,AI is off,0,0,0
922000,20.4,0,5,0.63,0.21,0,0,18,1,0,14,False,True,0,0,54,43,33,3.9,AI is off,AI is off,AI is off,AI is off,Not paired,AI is off,0,0,0
924000,20.4,0,5,0.64,0.21,0,0,17,1,0,14,False,True,0,0,54,42,32,3.9,AI is off,AI is off,AI is off,AI is off,Not paired,AI is off,0,0,0
926000,20.5,0,5,0.64,0.21,0,0,17,1,0,14,False,True,0,0,55,44,34,3.9,AI is off,AI is off,AI is off,AI is off,Not paired,AI is off,0,0,0
928000,20.5,0,5,0.64,0.21,0,0,17,1,0,14,False,True,0,0,55,44,34,3.9,AI is off,AI is off,AI is off,AI is off,Not paired,AI is off,0,0,0
930000,20.5,0,5,0.64,0.21,0,0,17,1,0,14,False,True,0,0,54,43,33,3.9,AI is off,AI is off,AI is off,AI is off,Not paired,AI is off,0,0,0
932000,20.5,0,5,0.64,0.21,0,0,17,1,0,14,False,True,0,0,56,45,35,3.9,AI is off,AI is off,AI is off,AI is off,Not paired,AI is off,0,0,0
934000,20.6,0,5,0.64,0.21,0,0,17,1,0,14,False,True,0,0,56,44,34,3.9,AI is off,AI is off,AI is off,AI is off,Not paired,AI is off,0,0,0
936000,20.6,0,6,0.64,0.21,0,0,16,1,0,14,False,True,0,0,57,45,35,3.9,AI is off,AI is off,AI is off,AI is off,Not paired,AI is off,0,0,0
938000,20.6,0,6,0.64,0.21,0,0,16,1,0,14,False,True,0,0,56,44,34,3.9,AI is off,AI is off,AI is off,AI is off,Not paired,AI is off,0,0,0
940000,20.7,0,6,0.64,0.21,0,0,16,1,0,14,False,True,0,0,55,43,33,3.9,AI is off,AI is off,AI is off,AI is off,Not paired,AI is off,0,0,0
942000,20.7,0,6,0.64,0.21,0,0,16,1,0,14,False,True,0,0,55,44,34,3.9,AI is off,AI is off,AI is off,AI is off,Not paired,AI is off,0,0,0
944000,20.8,0,6,0.64,0.21,0,0,16,1,0,14,False,True,0,0,56,45,34,3.9,AI is off,AI is off,AI is off,AI is off,Not paired,AI is off,0,0,0
946000,20.7,0,6,0.64,0.21,0,0,16,1,0,14,False,True,0,0,56,44,34,3.9,AI is off,AI is off,AI is off,AI is off,Not paired,AI is off,0,0,0
948000,20.7,0,6,0.64,0.21,0,0,16,1,0,14,False,True,0,0,56,44,34,3.9,AI is off,AI is off,AI is off,AI is off,Not paired,AI is off,0,0,0
950000,20.8,0,6,0.64,0.21,0,0,16,1,0,14,False,True,0,0,55,44,34,3.9,AI is off,AI is off,AI is off,AI is off,Not paired,AI is off,0,0,0
952000,20.9,0,6,0.64,0.21,0,0,15,1,0,14,False,True,0,0,55,44,34,3.9,AI is off,AI is off,AI is off,AI is off,Not paired,AI is off,0,0,0
954000,20.9,0,6,0.64,0.21,0,0,15,1,0,14,False,True,0,0,55,44,34,3.9,AI is off,AI is off,AI is off,AI is off,Not paired,AI is off,0,0,0
956000,20.9,0,6,0.65,0.21,0,0,15,1,0,14,False,True,0,0,54,42,33,3.9,AI is off,AI is off,AI is off,AI is off,Not paired,AI is off,0,0,0
958000,21,0,6,0.65,0.21,0,0,15,1,0,14,False,True,0,0,54,43,33,3.9,AI is off,AI is off,AI is off,AI is off,Not paired,AI is off,0,0,0
960000,20.9,0,6,0.65,0.21,0,0,15,1,0,14,False,True,0,0,53,42,31,3.9,AI is off,AI is off,AI is off,AI is off,Not paired,AI is off,0,0,0
962000,21,0,6,0.65,0.21,0,0,15,1,0,14,False,True,0,0,53,41,31,3.9,AI is off,AI is off,AI is off,AI is off,Not paired,AI is off,0,0,0
964000,21.1,0,6,0.65,0.21,0,0,15,1,0,14,False,True,0,0,52,42,30,3.9,AI is off,AI is off,AI is off,AI is off,Not paired,AI is off,0,0,0
966000,21.2,0,6,0.65,0.21,0,0,15,1,0,13,False,True,0,0,53,42,31,3.9,AI is off,AI is off,AI is off,AI is off,Not paired,AI is off,0,0,0
968000,21.2,0,6,0.65,0.21,0,0,14,1,0,13,False,True,0,0,53,43,31,3.9,AI is off,AI is off,AI is off,AI is off,Not paired,AI is off,0,0,0
970000,21.1,0,6,0.65,0.21,0,0,14,1,0,13,False,True,0,0,56,44,34,3.9,AI is off,AI is off,AI is off,AI is off,Not paired,AI is off,0,0,0
972000,21.1,0,6,0.65,0.21,0,0,14,1,0,13,False,True,0,0,54,42,32,3.9,AI is off,AI is off,AI is off,AI is off,Not paired,AI is off,0,0,0
974000,21.2,0,6,0.65,0.21,0,0,14,1,0,13,False,True,0,0,54,42,32,3.9,AI is off,AI is off,AI is off,AI is off,Not paired,AI is off,0,0,0
976000,21.2,0,6,0.65,0.21,0,0,14,1,0,13,False,True,0,0,55,44,34,3.9,AI is off,AI is off,AI is off,AI is off,Not paired,AI is off,0,0,0
978000,21.3,0,6,0.65,0.21,0,0,14,1,0,13,False,True,0,0,55,44,34,3.9,AI is off,AI is off,AI is off,AI is off,Not paired,AI is off,0,0,0
980000,21.3,0,6,0.65,0.21,0,0,14,1,0,13,False,True,0,0,55,44,34,3.9,AI is off,AI is off,AI is off,AI is off,Not paired,AI is off,0,0,0
982000,21.2,0,6,0.65,0.21,0,0,14,1,0,13,False,True,0,0,55,44,34,3.9,AI is off,AI is off,AI is off,AI is off,Not paired,AI is off,0,0,0
984000,21.2,0,6,0.65,0.21,0,0,14,1,0,13,False,True,0,0,55,44,34,3.9,AI is off,AI is off,AI is off,AI is off,Not paired,AI is off,0,0,0
986000,21.3,0,6,0.65,0.21,0,0,14,1,0,13,False,True,0,0,57,46,36,3.9,AI is off,AI is off,AI is off,AI is off,Not paired,AI is off,0,0,0
988000,21.3,0,6,0.65,0.21,0,0,14,1,0,13,False,True,0,0,56,45,35,3.9,AI is off,AI is off,AI is off,AI is off,Not paired,AI is off,0,0,0
990000,21.3,0,6,0.65,0.21,0,0,14,1,0,13,False,True,0,0,56,45,35,3.9,AI is off,AI is off,AI is off,AI is off,Not paired,AI is off,0,0,0
992000,21.3,0,6,0.65,0.21,0,0,14,1,0,13,False,True,0,0,56,45,35,3.9,AI is off,AI is off,AI is off,AI is off,Not paired,AI is off,0,0,0
994000,21.3,0,6,0.65,0.21,0,0,14,1,0,13,False,True,0,0,56,46,36,3.9,AI is off,AI is off,AI is off,AI is off,Not paired,AI is off,0,0,0
996000,21.2,0,6,0.65,0.21,0,0,14,1,0,13,False,True,0,0,56,45,35,3.9,AI is off,AI is off,AI is off,AI is off,Not paired,AI is off,0,0,0
998000,21.3,0,6,0.65,0.21,0,0,14,1,0,13,False,True,0,0,55,44,34,3.9,AI is off,AI is off,AI is off,AI is off,Not paired,AI is off,0,0,0
1000000,21.2,0,6,0.65,0.21,0,0,14,1,0,13,False,True,0,0,56,45,35,3.9,AI is off,AI is off,AI is off,AI is off,Not paired,AI is off,0,0,0
1002000,21.2,0,6,0.65,0.21,0,0,14,1,0,13,False,True,0,0,56,44,34,3.9,AI is off,AI is off,AI is off,AI is off,Not paired,AI is off,0,0,0
1004000,21.2,0,6,0.65,0.21,0,0,14,1,0,13,False,True,0,0,56,44,34,3.9,AI is off,AI is off,AI is off,AI is off,Not paired,AI is off,0,0,0
1006000,21.3,0,6,0.65,0.21,0,0,13,1,0,13,False,True,0,0,57,46,35,3.9,AI is off,AI is off,AI is off,AI is off,Not paired,AI is off,0,0,0
1008000,21.3,0,6,0.65,0.21,0,0,13,1,0,13,False,True,0,0,55,45,35,3.9,AI is off,AI is off,AI is off,AI is off,Not paired,AI is off,0,0,0
1010000,21.1,0,6,0.65,0.21,0,0,13,1,0,13,False,True,0,0,55,43,34,3.9,AI is off,AI is off,AI is off,AI is off,Not paired,AI is off,0,0,0
1012000,20.8,0,6,0.65,0.21,0,0,13,1,0,13,False,True,0,0,56,45,35,3.9,AI is off,AI is off,AI is off,AI is off,Not paired,AI is off,0,0,0
1014000,20.6,0,6,0.64,0.21,0,0,13,1,0,13,False,True,0,0,55,43,33,3.9,AI is off,AI is off,AI is off,AI is off,Not paired,AI is off,0,0,0
1016000,20.4,0,5,0.64,0.21,0,0,16,1,0,13,False,True,0,0,55,45,34,3.9,AI is off,AI is off,AI is off,AI is off,Not paired,AI is off,0,0,0
1018000,20.4,0,5,0.63,0.21,0,0,16,1,0,13,False,True,0,0,54,43,32,3.9,AI is off,AI is off,AI is off,AI is off,Not paired,AI is off,0,0,0
1020000,20.4,0,5,0.63,0.21,0,0,16,1,0,13,False,True,0,0,55,44,35,3.9,AI is off,AI is off,AI is off,AI is off,Not paired,AI is off,0,0,0
1022000,20.4,0,5,0.64,0.21,0,0,15,1,0,13,False,True,0,0,56,45,35,3.9,AI is off,AI is off,AI is off,AI is off,Not paired,AI is off,0,0,0
1024000,20.3,0,5,0.63,0.21,0,0,15,1,0,13,False,True,0,0,56,44,34,3.9,AI is off,AI is off,AI is off,AI is off,Not paired,AI is off,0,0,0
1026000,20.1,0,5,0.63,0.21,0,0,15,1,0,13,False,True,0,0,56,45,34,3.9,AI is off,AI is off,AI is off,AI is off,Not paired,AI is off,0,0,0
1028000,20.2,0,5,0.63,0.21,0,0,15,1,0,13,False,True,0,0,55,44,33,3.9,AI is off,AI is off,AI is off,AI is off,Not paired,AI is off,0,0,0
1030000,20.4,0,5,0.63,0.21,0,0,15,1,0,13,False,True,0,0,55,43,33,3.9,AI is off,AI is off,AI is off,AI is off,Not paired,AI is off,0,0,0
1032000,20.5,0,5,0.64,0.21,0,0,15,1,0,13,False,True,0,0,55,44,34,3.9,AI is off,AI is off,AI is off,AI is off,Not paired,AI is off,0,0,0
1034000,20.6,0,5,0.64,0.21,0,0,15,1,0,13,False,True,0,0,55,44,33,3.9,AI is off,AI is off,AI is off,AI is off,Not paired,AI is off,0,0,0
1036000,20.6,0,5,0.64,0.21,0,0,15,1,0,13,False,True,0,0,54,43,33,3.9,AI is off,AI is off,AI is off,AI is off,Not paired,AI is off,0,0,0
1038000,20.5,0,5,0.64,0.21,0,0,15,1,0,13,False,True,0,0,55,44,34,3.9,AI is off,AI is off,AI is off,AI is off,Not paired,AI is off,0,0,0
1040000,20.5,0,5,0.64,0.21,0,0,15,1,0,13,False,True,0,0,54,42,32,3.9,AI is off,AI is off,AI is off,AI is off,Not paired,AI is off,0,0,0
1042000,20.5,0,5,0.64,0.21,0,0,15,1,0,13,False,True,0,0,56,44,34,3.9,AI is off,AI is off,AI is off,AI is off,Not paired,AI is off,0,0,0
1044000,20.7,0,5,0.64,0.21,0,0,15,1,0,13,False,True,0,0,56,45,34,3.9,AI is off,AI is off,AI is off,AI is off,Not paired,AI is off,0,0,0
1046000,20.8,0,5,0.64,0.21,0,0,15,1,0,13,False,True,0,0,55,43,32,3.9,AI is off,AI is off,AI is off,AI is off,Not paired,AI is off,0,0,0
1048000,20.8,0,5,0.64,0.21,0,0,15,1,0,13,False,True,0,0,55,44,34,3.9,AI is off,AI is off,AI is off,AI is off,Not paired,AI is off,0,0,0
1050000,20.8,0,6,0.64,0.21,0,0,14,1,0,13,False,True,0,0,55,44,33,3.9,AI is off,AI is off,AI is off,AI is off,Not paired,AI is off,0,0,0
1052000,20.9,0,6,0.65,0.21,0,0,14,1,0,13,False,True,0,0,55,44,33,3.9,AI is off,AI is off,AI is off,AI is off,Not paired,AI is off,0,0,0
1054000,21,0,6,0.65,0.21,0,0,14,1,0,13,False,True,0,0,54,43,33,3.9,AI is off,AI is off,AI is off,AI is off,Not paired,AI is off,0,0,0
1056000,21.1,0,6,0.65,0.21,0,0,13,1,0,13,False,True,0,0,55,43,33,3.9,AI is off,AI is off,AI is off,AI is off,Not paired,AI is off,0,0,0
1058000,21.1,0,6,0.65,0.21,0,0,13,1,0,13,False,True,0,0,55,44,33,3.9,AI is off,AI is off,AI is off,AI is off,Not paired,AI is off,0,0,0
1060000,21.2,0,6,0.65,0.21,0,0,13,1,0,13,False,True,0,0,56,44,34,3.9,AI is off,AI is off,AI is off,AI is off,Not paired,AI is off,0,0,0
1062000,21.2,0,6,0.65,0.21,0,0,13,1,0,13,False,True,0,0,55,44,33,3.9,AI is off,AI is off,AI is off,AI is off,Not paired,AI is off,0,0,0
1064000,21.2,0,6,0.65,0.21,0,0,13,1,0,13,False,True,0,0,55,43,33,3.9,AI is off,AI is off,AI is off,AI is off,Not paired,AI is off,0,0,0
1066000,21.2,0,6,0.65,0.21,0,0,13,1,0,13,False,True,0,0,56,43,33,3.9,AI is off,AI is off,AI is off,AI is off,Not paired,AI is off,0,0,0
1068000,21.3,0,6,0.65,0.21,0,0,13,1,0,13,False,True,0,0,55,43,34,3.9,AI is off,AI is off,AI is off,AI is off,Not paired,AI is off,0,0,0
1070000,21.3,0,6,0.66,0.21,0,0,13,1,0,13,False,True,0,0,55,45,35,3.9,AI is off,AI is off,AI is off,AI is off,Not paired,AI is off,0,0,0
1072000,21.4,0,6,0.65,0.21,0,0,12,1,0,13,False,True,0,0,56,44,34,3.9,AI is off,AI is off,AI is off,AI is off,Not paired,AI is off,0,0,0
1074000,21.3,0,6,0.66,0.21,0,0,12,1,0,13,False,True,0,0,56,45,34,3.9,AI is off,AI is off,AI is off,AI is off,Not paired,AI is off,0,0,0
1076000,21.1,0,6,0.65,0.21,0,0,12,1,0,13,False,True,0,0,55,43,33,3.9,AI is off,AI is off,AI is off,AI is off,Not paired,AI is off,0,0,0
1078000,21.2,0,6,0.65,0.21,0,0,12,1,0,13,False,True,0,0,54,43,32,3.9,AI is off,AI is off,AI is off,AI is off,Not paired,AI is off,0,0,0
1080000,21.3,0,6,0.65,0.21,0,0,12,1,0,13,False,True,0,0,56,45,36,3.9,AI is off,AI is off,AI is off,AI is off,Not paired,AI is off,0,0,0
1082000,21.3,0,6,0.65,0.21,0,0,12,1,0,13,False,True,0,0,56,45,36,3.9,AI is off,AI is off,AI is off,AI is off,Not paired,AI is off,0,0,0
1084000,21.3,0,6,0.65,0.21,0,0,12,1,0,13,False,True,0,0,56,44,34,3.9,AI is off,AI is off,AI is off,AI is off,Not paired,AI is off,0,0,0
1086000,21.4,0,6,0.65,0.21,0,0,12,1,0,13,False,True,0,0,54,43,33,3.9,AI is off,AI is off,AI is off,AI is off,Not paired,AI is off,0,0,0
1088000,21.3,0,6,0.65,0.21,0,0,12,1,0,13,False,True,0,0,55,44,34,3.9,AI is off,AI is off,AI is off,AI is off,Not paired,AI is off,0,0,0
1090000,21.2,0,6,0.65,0.21,0,0,12,1,0,13,False,True,0,0,55,44,33,3.9,AI is off,AI is off,AI is off,AI is off,Not paired,AI is off,0,0,0
1092000,21.3,0,6,0.65,0.21,0,0,12,1,0,13,False,True,0,0,55,44,34,3.9,AI is off,AI is off,AI is off,AI is off,Not paired,AI is off,0,0,0
1094000,21.3,0,6,0.65,0.21,0,0,12,1,0,13,False,True,0,0,55,43,34,3.9,AI is off,AI is off,AI is off,AI is off,Not paired,AI is off,0,0,0
1096000,21.1,0,6,0.65,0.21,0,0,12,1,0,13,False,True,0,0,55,43,33,3.9,AI is off,AI is off,AI is off,AI is off,Not paired,AI is off,0,0,0
1098000,21.3,0,6,0.65,0.21,0,0,12,1,0,13,False,True,0,0,56,44,34,3.9,AI is off,AI is off,AI is off,AI is off,Not paired,AI is off,0,0,0
1100000,21.2,0,6,0.65,0.21,0,0,12,1,0,13,False,True,0,0,54,42,32,3.9,AI is off,AI is off,AI is off,AI is off,Not paired,AI is off,0,0,0
1102000,20.9,0,6,0.65,0.21,0,0,12,1,0,13,False,True,0,0,56,44,34,3.9,AI is off,AI is off,AI is off,AI is off,Not paired,AI is off,0,0,0
1104000,20.6,0,6,0.64,0.21,0,0,13,1,0,13,False,True,0,0,55,43,33,3.9,AI is off,AI is off,AI is off,AI is off,Not paired,AI is off,0,0,0
1106000,20.8,0,6,0.64,0.21,0,0,13,1,0,13,False,True,0,0,56,44,33,3.9,AI is off,AI is off,AI is off,AI is off,Not paired,AI is off,0,0,0
1108000,20.7,0,6,0.64,0.21,0,0,13,1,0,13,False,True,0,0,56,43,32,3.9,AI is off,AI is off,AI is off,AI is off,Not paired,AI is off,0,0,0
1110000,20.6,0,6,0.64,0.21,0,0,13,1,0,13,False,True,0,0,55,43,32,3.9,AI is off,AI is off,AI is off,AI is off,Not paired,AI is off,0,0,0
1112000,20.6,0,6,0.64,0.21,0,0,13,1,0,13,False,True,0,0,56,44,34,3.9,AI is off,AI is off,AI is off,AI is off,Not paired,AI is off,0,0,0
1114000,20.6,0,6,0.64,0.21,0,0,13,1,0,13,False,True,0,0,55,43,33,3.9,AI is off,AI is off,AI is off,AI is off,Not paired,AI is off,0,0,0
1116000,20.4,0,6,0.64,0.21,0,0,13,1,0,13,False,True,0,0,54,41,31,3.9,AI is off,AI is off,AI is off,AI is off,Not paired,AI is off,0,0,0
1118000,20.2,0,6,0.63,0.21,0,0,13,1,0,13,False,True,0,0,56,44,33,3.9,AI is off,AI is off,AI is off,AI is off,Not paired,AI is off,0,0,0
1120000,20,0,5,0.63,0.21,0,0,15,1,0,13,False,True,0,0,55,44,33,3.9,AI is off,AI is off,AI is off,AI is off,Not paired,AI is off,0,0,0
1122000,19.7,0,5,0.62,0.21,0,0,15,1,0,13,False,True,0,0,55,43,33,3.9,AI is off,AI is off,AI is off,AI is off,Not paired,AI is off,0,0,0
1124000,19.5,0,5,0.62,0.21,0,0,15,1,0,13,False,True,0,0,54,43,32,3.9,AI is off,AI is off,AI is off,AI is off,Not paired,AI is off,0,0,0
1126000,19.2,0,5,0.61,0.21,0,0,15,1,0,13,False,True,0,0,56,43,32,3.9,AI is off,AI is off,AI is off,AI is off,Not paired,AI is off,0,0,0
1128000,18.9,0,5,0.61,0.21,0,0,15,1,0,13,False,True,0,0,56,43,32,3.9,AI is off,AI is off,AI is off,AI is off,Not paired,AI is off,0,0,0
1130000,18.8,0,5,0.6,0.21,0,0,15,1,0,13,False,True,0,0,55,43,33,3.9,AI is off,AI is off,AI is off,AI is off,Not paired,AI is off,0,0,0
1132000,18.6,0,5,0.6,0.21,0,0,18,1,0,13,False,True,0,0,56,43,32,3.9,AI is off,AI is off,AI is off,AI is off,Not paired,AI is off,0,0,0
1134000,18.5,0,5,0.6,0.21,0,0,18,1,0,13,False,True,0,0,55,44,34,3.9,AI is off,AI is off,AI is off,AI is off,Not paired,AI is off,0,0,0
1136000,18.6,0,5,0.6,0.21,0,0,18,1,0,13,False,True,0,0,56,44,34,3.9,AI is off,AI is off,AI is off,AI is off,Not paired,AI is off,0,0,0
1138000,18.6,0,5,0.59,0.21,0,0,18,1,0,13,False,True,0,0,56,43,33,3.9,AI is off,AI is off,AI is off,AI is off,Not paired,AI is off,0,0,0
1140000,18.8,0,5,0.6,0.21,0,0,18,1,0,13,False,True,0,0,55,44,34,3.9,AI is off,AI is off,AI is off,AI is off,Not paired,AI is off,0,0,0
1142000,18.9,0,5,0.6,0.21,0,0,18,1,0,13,False,True,0,0,54,43,33,3.9,AI is off,AI is off,AI is off,AI is off,Not paired,AI is off,0,0,0
1144000,18.9,0,5,0.6,0.21,0,0,18,1,0,13,False,True,0,0,56,43,33,3.9,AI is off,AI is off,AI is off,AI is off,Not paired,AI is off,0,0,0
1146000,18.8,0,5,0.6,0.21,0,0,18,1,0,13,False,True,0,0,56,43,32,3.9,AI is off,AI is off,AI is off,AI is off,Not paired,AI is off,0,0,0
1148000,18.9,0,5,0.6,0.21,0,0,17,1,0,13,False,True,0,0,56,44,34,3.9,AI is off,AI is off,AI is off,AI is off,Not paired,AI is off,0,0,0
1150000,18.9,0,5,0.6,0.21,0,0,17,1,0,13,False,True,0,0,56,44,33,3.9,AI is off,AI is off,AI is off,AI is off,Not paired,AI is off,0,0,0
1152000,19,0,5,0.6,0.21,0,0,17,1,0,13,False,True,0,0,56,44,33,3.9,AI is off,AI is off,AI is off,AI is off,Not paired,AI is off,0,0,0
1154000,18.9,0,5,0.6,0.21,0,0,17,1,0,13,False,True,0,0,56,43,33,3.9,AI is off,AI is off,AI is off,AI is off,Not paired,AI is off,0,0,0
1156000,18.9,0,5,0.6,0.21,0,0,17,1,0,13,False,True,0,0,55,44,34,3.9,AI is off,AI is off,AI is off,AI is off,Not paired,AI is off,0,0,0
1158000,18.9,0,5,0.6,0.21,0,0,17,1,0,14,False,True,0,0,56,43,32,3.9,AI is off,AI is off,AI is off,AI is off,Not paired,AI is off,0,0,0
1160000,18.9,0,5,0.6,0.21,0,0,17,1,0,14,False,True,0,0,55,44,33,3.9,AI is off,AI is off,AI is off,AI is off,Not paired,AI is off,0,0,0
1162000,18.9,0,5,0.6,0.21,0,0,17,1,0,14,False,True,0,0,56,43,32,3.9,AI is off,AI is off,AI is off,AI is off,Not paired,AI is off,0,0,0
1164000,18.9,0,5,0.6,0.21,0,0,17,1,0,14,False,True,0,0,56,44,34,3.9,AI is off,AI is off,AI is off,AI is off,Not paired,AI is off,0,0,0
1166000,18.9,0,5,0.6,0.21,0,0,17,1,0,14,False,True,0,0,56,44,34,3.9,AI is off,AI is off,AI is off,AI is off,Not paired,AI is off,0,0,0
1168000,18.8,0,5,0.6,0.21,0,0,17,1,0,14,False,True,0,0,55,43,33,3.9,AI is off,AI is off,AI is off,AI is off,Not paired,AI is off,0,0,0
1170000,18.8,0,5,0.6,0.21,0,0,17,1,0,14,False,True,0,0,56,44,34,3.9,AI is off,AI is off,AI is off,AI is off,Not paired,AI is off,0,0,0
1172000,18.8,0,5,0.6,0.21,0,0,17,1,0,14,False,True,0,0,56,43,33,3.9,AI is off,AI is off,AI is off,AI is off,Not paired,AI is off,0,0,0
1174000,18.8,0,5,0.6,0.21,0,0,17,1,0,14,False,True,0,0,56,44,33,3.9,AI is off,AI is off,AI is off,AI is off,Not paired,AI is off,0,0,0
1176000,18.8,0,5,0.6,0.21,0,0,17,1,0,14,False,True,0,0,55,44,33,3.9,AI is off,AI is off,AI is off,AI is off,Not paired,AI is off,0,0,0
1178000,18.7,0,5,0.6,0.21,0,0,17,1,0,14,False,True,0,0,56,44,33,3.9,AI is off,AI is off,AI is off,AI is off,Not paired,AI is off,0,0,0
1180000,18.7,0,5,0.6,0.21,0,0,17,1,0,14,False,True,0,0,56,43,33,3.9,AI is off,AI is off,AI is off,AI is off,Not paired,AI is off,0,0,0
1182000,18.6,0,5,0.6,0.21,0,0,17,1,0,14,False,True,0,0,56,44,33,3.9,AI is off,AI is off,AI is off,AI is off,Not paired,AI is off,0,0,0
1184000,18.5,0,5,0.59,0.21,0,0,17,1,0,14,False,True,0,0,54,43,32,3.9,AI is off,AI is off,AI is off,AI is off,Not paired,AI is off,0,0,0
1186000,18.5,0,5,0.6,0.21,0,0,18,1,0,14,False,True,0,0,55,43,32,3.9,AI is off,AI is off,AI is off,AI is off,Not paired,AI is off,0,0,0
1188000,18.4,0,5,0.59,0.21,0,0,18,1,0,14,False,True,0,0,56,44,33,3.9,AI is off,AI is off,AI is off,AI is off,Not paired,AI is off,0,0,0
1190000,18.4,0,5,0.59,0.21,0,0,18,1,0,14,False,True,0,0,56,43,33,3.9,AI is off,AI is off,AI is off,AI is off,Not paired,AI is off,0,0,0
1192000,18.3,0,5,0.59,0.21,0,0,18,1,0,14,False,True,0,0,56,43,33,3.9,AI is off,AI is off,AI is off,AI is off,Not paired,AI is off,0,0,0
1194000,18.1,0,5,0.59,0.21,0,0,18,1,0,14,False,True,0,0,56,44,34,3.9,AI is off,AI is off,AI is off,AI is off,Not paired,AI is off,0,0,0
1196000,18.1,0,5,0.59,0.21,0,0,19,1,0,14,False,True,0,0,55,43,33,3.9,AI is off,AI is off,AI is off,AI is off,Not paired,AI is off,0,0,0
1198000,18,0,5,0.59,0.21,0,0,19,1,0,14,False,True,0,0,56,44,33,3.9,AI is off,AI is off,AI is off,AI is off,Not paired,AI is off,0,0,0
1200000,17.6,0,5,0.58,0.21,0,0,19,1,0,14,False,True,0,0,56,44,34,3.9,AI is off,AI is off,AI is off,AI is off,Not paired,AI is off,0,0,0
1202000,17.5,0,5,0.58,0.21,0,0,21,1,0,14,False,True,0,0,56,44,33,3.9,AI is off,AI is off,AI is off,AI is off,Not paired,AI is off,0,0,0
1204000,17.4,0,5,0.57,0.21,0,0,21,1,0,14,False,True,0,0,56,44,34,3.9,AI is off,AI is off,AI is off,AI is off,Not paired,AI is off,0,0,0
1206000,17.2,0,5,0.57,0.21,0,0,21,1,0,14,False,True,0,0,56,44,33,3.9,AI is off,AI is off,AI is off,AI is off,Not paired,AI is off,0,0,0
1208000,17.1,0,5,0.57,0.21,0,0,21,1,0,14,False,True,0,0,55,44,34,3.9,AI is off,AI is off,AI is off,AI is off,Not paired,AI is off,0,0,0
1210000,16.9,0,5,0.56,0.21,0,0,21,1,0,14,False,True,0,0,56,44,35,3.9,AI is off,AI is off,AI is off,AI is off,Not paired,AI is off,0,0,0
1212000,16.8,0,5,0.56,0.21,0,0,21,1,0,14,False,True,0,0,56,44,34,3.9,AI is off,AI is off,AI is off,AI is off,Not paired,AI is off,0,0,0
1214000,16.6,0,5,0.56,0.21,0,0,25,1,0,14,False,True,0,0,56,45,36,3.9,AI is off,AI is off,AI is off,AI is off,Not paired,AI is off,0,0,0
1216000,16.6,0,5,0.55,0.21,0,0,25,1,0,14,False,True,0,0,56,44,33,3.9,AI is off,AI is off,AI is off,AI is off,Not paired,AI is off,0,0,0
1218000,16.4,0,5,0.55,0.21,0,0,26,1,0,14,False,True,0,0,56,43,33,3.9,AI is off,AI is off,AI is off,AI is off,Not paired,AI is off,0,0,0
1220000,16.3,0,5,0.55,0.21,0,0,26,1,0,14,False,True,0,0,56,45,35,3.9,AI is off,AI is off,AI is off,AI is off,Not paired,AI is off,0,0,0
1222000,16.3,0,5,0.55,0.21,0,0,26,1,0,14,False,True,0,0,56,44,34,3.9,AI is off,AI is off,AI is off,AI is off,Not paired,AI is off,0,0,0
1224000,16.3,0,5,0.55,0.21,0,0,26,1,0,14,False,True,0,0,55,43,33,3.9,AI is off,AI is off,AI is off,AI is off,Not paired,AI is off,0,0,0
1226000,16.4,0,5,0.55,0.21,0,0,26,1,0,14,False,True,0,0,56,43,32,3.9,AI is off,AI is off,AI is off,AI is off,Not paired,AI is off,0,0,0
1228000,16.5,0,5,0.55,0.21,0,0,26,1,0,14,False,True,0,0,55,45,35,3.9,AI is off,AI is off,AI is off,AI is off,Not paired,AI is off,0,0,0
1230000,16.6,0,5,0.56,0.21,0,0,26,1,0,14,False,True,0,0,56,43,33,3.9,AI is off,AI is off,AI is off,AI is off,Not paired,AI is off,0,0,0
1232000,16.5,0,5,0.55,0.21,0,0,26,1,0,14,False,True,0,0,56,44,34,3.9,AI is off,AI is off,AI is off,AI is off,Not paired,AI is off,0,0,0
1234000,16.4,0,5,0.55,0.21,0,0,26,1,0,14,False,True,0,0,55,44,34,3.9,AI is off,AI is off,AI is off,AI is off,Not paired,AI is off,0,0,0
1236000,16.2,0,5,0.55,0.21,0,0,27,1,0,14,False,True,0,0,56,43,34,3.9,AI is off,AI is off,AI is off,AI is off,Not paired,AI is off,0,0,0
1238000,16.2,0,5,0.55,0.21,0,0,27,1,0,14,False,True,0,0,56,44,34,3.9,AI is off,AI is off,AI is off,AI is off,Not paired,AI is off,0,0,0
1240000,16.2,0,5,0.55,0.21,0,0,27,1,0,14,False,True,0,0,55,44,34,3.9,AI is off,AI is off,AI is off,AI is off,Not paired,AI is off,0,0,0
1242000,16.3,0,5,0.55,0.21,0,0,27,1,0,14,False,True,0,0,55,44,34,3.9,AI is off,AI is off,AI is off,AI is off,Not paired,AI is off,0,0,0
1244000,16.1,0,5,0.55,0.21,0,0,27,1,0,14,False,True,0,0,55,43,33,3.9,AI is off,AI is off,AI is off,AI is off,Not paired,AI is off,0,0,0
1246000,16.1,0,5,0.54,0.21,0,0,28,1,0,14,False,True,0,0,55,44,34,3.9,AI is off,AI is off,AI is off,AI is off,Not paired,AI is off,0,0,0
1248000,16.3,0,5,0.55,0.21,0,0,28,1,0,14,False,True,0,0,56,43,33,3.9,AI is off,AI is off,AI is off,AI is off,Not paired,AI is off,0,0,0
1250000,16.3,0,5,0.55,0.21,0,0,28,1,0,14,False,True,0,0,55,43,32,3.9,AI is off,AI is off,AI is off,AI is off,Not paired,AI is off,0,0,0
1252000,16.3,0,5,0.55,0.21,0,0,27,1,0,14,False,True,0,0,55,43,32,3.9,AI is off,AI is off,AI is off,AI is off,Not paired,AI is off,0,0,0
1254000,16.3,0,5,0.55,0.21,0,0,27,1,0,15,False,True,0,0,56,44,34,3.9,AI is off,AI is off,AI is off,AI is off,Not paired,AI is off,0,0,0
1256000,16.2,0,5,0.55,0.21,0,0,27,1,0,15,False,True,0,0,56,43,33,3.9,AI is off,AI is off,AI is off,AI is off,Not paired,AI is off,0,0,0
1258000,16.2,0,5,0.55,0.21,0,0,27,1,0,15,False,True,0,0,56,44,34,3.9,AI is off,AI is off,AI is off,AI is off,Not paired,AI is off,0,0,0
1260000,16.3,0,5,0.55,0.21,0,0,27,1,0,15,False,True,0,0,54,43,32,3.9,AI is off,AI is off,AI is off,AI is off,Not paired,AI is off,0,0,0
1262000,16.4,0,5,0.55,0.21,0,0,26,1,0,15,False,True,0,0,55,44,33,3.9,AI is off,AI is off,AI is off,AI is off,Not paired,AI is off,0,0,0
1264000,16.4,0,5,0.55,0.21,0,0,26,1,0,15,False,True,0,0,54,43,33,3.9,AI is off,AI is off,AI is off,AI is off,Not paired,AI is off,0,0,0
1266000,16.5,0,5,0.55,0.21,0,0,26,1,0,15,False,True,0,0,54,43,33,3.9,AI is off,AI is off,AI is off,AI is off,Not paired,AI is off,0,0,0
1268000,16.4,0,5,0.55,0.21,0,0,25,1,0,15,False,True,0,0,55,44,34,3.9,AI is off,AI is off,AI is off,AI is off,Not paired,AI is off,0,0,0
1270000,16.2,0,5,0.55,0.21,0,0,25,1,0,15,False,True,0,0,54,42,32,3.9,AI is off,AI is off,AI is off,AI is off,Not paired,AI is off,0,0,0
1272000,15.8,0,5,0.54,0.21,0,0,25,1,0,15,False,True,0,0,55,44,34,3.9,AI is off,AI is off,AI is off,AI is off,Not paired,AI is off,0,0,0
1274000,15.8,0,5,0.54,0.21,0,0,25,1,0,15,False,True,0,0,55,43,33,3.9,AI is off,AI is off,AI is off,AI is off,Not paired,AI is off,0,0,0
1276000,15.8,0,5,0.54,0.21,0,0,25,1,0,15,False,True,0,0,56,44,34,3.9,AI is off,AI is off,AI is off,AI is off,Not paired,AI is off,0,0,0
1278000,15.8,0,5,0.54,0.21,0,0,25,1,0,15,False,True,0,0,55,44,33,3.9,AI is off,AI is off,AI is off,AI is off,Not paired,AI is off,0,0,0
1280000,15.9,0,5,0.54,0.21,0,0,29,1,0,15,False,True,0,0,54,43,32,3.9,AI is off,AI is off,AI is off,AI is off,Not paired,AI is off,0,0,0
1282000,15.9,0,5,0.54,0.21,0,0,29,1,0,15,False,True,0,0,56,44,35,3.9,AI is off,AI is off,AI is off,AI is off,Not paired,AI is off,0,0,0
1284000,16.2,0,5,0.55,0.21,0,0,26,1,0,15,False,True,0,0,54,43,34,3.9,AI is off,AI is off,AI is off,AI is off,Not paired,AI is off,0,0,0
1286000,16.4,0,5,0.55,0.21,0,0,26,1,0,15,False,True,0,0,55,44,34,3.9,AI is off,AI is off,AI is off,AI is off,Not paired,AI is off,0,0,0
1288000,16.4,0,5,0.55,0.21,0,0,26,1,0,15,False,True,0,0,54,43,32,3.9,AI is off,AI is off,AI is off,AI is off,Not paired,AI is off,0,0,0
1290000,16.8,0,5,0.56,0.21,0,0,26,1,0,15,False,True,0,0,55,44,34,3.9,AI is off,AI is off,AI is off,AI is off,Not paired,AI is off,0,0,0
1292000,17,0,5,0.56,0.21,0,0,26,1,0,15,False,True,0,0,55,44,33,3.9,AI is off,AI is off,AI is off,AI is off,Not paired,AI is off,0,0,0
1294000,17.1,0,5,0.56,0.21,0,0,26,1,0,15,False,True,0,0,55,44,33,3.9,AI is off,AI is off,AI is off,AI is off,Not paired,AI is off,0,0,0
1296000,17.1,0,5,0.57,0.21,0,0,22,1,0,15,False,True,0,0,54,44,33,3.9,AI is off,AI is off,AI is off,AI is off,Not paired,AI is off,0,0,0
1298000,17,0,5,0.56,0.21,0,0,22,1,0,15,False,True,0,0,55,44,34,3.9,AI is off,AI is off,AI is off,AI is off,Not paired,AI is off,0,0,0
1300000,16.9,0,5,0.56,0.21,0,0,22,1,0,15,False,True,0,0,56,45,35,3.9,AI is off,AI is off,AI is off,AI is off,Not paired,AI is off,0,0,0
1302000,16.9,0,5,0.56,0.21,0,0,23,1,0,15,False,True,0,0,54,43,33,3.9,AI is off,AI is off,AI is off,AI is off,Not paired,AI is off,0,0,0
1304000,16.8,0,5,0.56,0.21,0,0,23,1,0,15,False,True,0,0,56,45,35,3.9,AI is off,AI is off,AI is off,AI is off,Not paired,AI is off,0,0,0
1306000,16.7,0,5,0.56,0.21,0,0,23,1,0,15,False,True,0,0,55,44,35,3.9,AI is off,AI is off,AI is off,AI is off,Not paired,AI is off,0,0,0
1308000,16.7,0,5,0.56,0.21,0,0,23,1,0,15,False,True,0,0,55,44,33,3.9,AI is off,AI is off,AI is off,AI is off,Not paired,AI is off,0,0,0
1310000,16.6,0,5,0.56,0.21,0,0,23,1,0,15,False,True,0,0,56,44,35,3.9,AI is off,AI is off,AI is off,AI is off,Not paired,AI is off,0,0,0
1312000,16.6,0,5,0.55,0.21,0,0,24,1,0,15,False,True,0,0,56,45,35,3.9,AI is off,AI is off,AI is off,AI is off,Not paired,AI is off,0,0,0
1314000,16.5,0,5,0.55,0.21,0,0,24,1,0,15,False,True,0,0,55,45,35,3.9,AI is off,AI is off,AI is off,AI is off,Not paired,AI is off,0,0,0
1316000,16.6,0,5,0.56,0.21,0,0,24,1,0,15,False,True,0,0,54,43,33,3.9,AI is off,AI is off,AI is off,AI is off,Not paired,AI is off,0,0,0
1318000,16.7,0,5,0.56,0.21,0,0,24,1,0,15,False,True,0,0,56,45,35,3.9,AI is off,AI is off,AI is off,AI is off,Not paired,AI is off,0,0,0
1320000,16.8,0,5,0.56,0.21,0,0,24,1,0,15,False,True,0,0,54,43,32,3.9,AI is off,AI is off,AI is off,AI is off,Not paired,AI is off,0,0,0
1322000,16.7,0,5,0.56,0.21,0,0,24,1,0,15,False,True,0,0,54,43,33,3.9,AI is off,AI is off,AI is off,AI is off,Not paired,AI is off,0,0,0
1324000,16.3,0,5,0.55,0.21,0,0,24,1,0,15,False,True,0,0,55,44,34,3.9,AI is off,AI is off,AI is off,AI is off,Not paired,AI is off,0,0,0
1326000,16.2,0,5,0.55,0.21,0,0,24,1,0,15,False,True,0,0,56,45,35,3.9,AI is off,AI is off,AI is off,AI is off,Not paired,AI is off,0,0,0
1328000,16,0,5,0.54,0.21,0,0,26,1,0,15,False,True,0,0,55,43,33,3.9,AI is off,AI is off,AI is off,AI is off,Not paired,AI is off,0,0,0
1330000,15.9,0,5,0.54,0.21,0,0,26,1,0,15,False,True,0,0,56,45,36,3.9,AI is off,AI is off,AI is off,AI is off,Not paired,AI is off,0,0,0
1332000,15.7,0,5,0.54,0.21,0,0,29,1,0,15,False,True,0,0,56,45,35,3.9,AI is off,AI is off,AI is off,AI is off,Not paired,AI is off,0,0,0
1334000,15.6,0,5,0.54,0.21,0,0,29,1,0,15,False,True,0,0,56,44,34,3.9,AI is off,AI is off,AI is off,AI is off,Not paired,AI is off,0,0,0
1336000,15.5,0,5,0.53,0.21,0,0,29,1,0,15,False,True,0,0,55,44,34,3.9,AI is off,AI is off,AI is off,AI is off,Not paired,AI is off,0,0,0
1338000,15.5,0,5,0.53,0.21,0,0,30,1,0,15,False,True,0,0,54,43,32,3.9,AI is off,AI is off,AI is off,AI is off,Not paired,AI is off,0,0,0
1340000,15.6,0,5,0.53,0.21,0,0,30,1,0,15,False,True,0,0,55,44,33,3.9,AI is off,AI is off,AI is off,AI is off,Not paired,AI is off,0,0,0
1342000,15.6,0,5,0.53,0.21,0,0,30,1,0,15,False,True,0,0,55,45,35,3.9,AI is off,AI is off,AI is off,AI is off,Not paired,AI is off,0,0,0
1344000,15.5,0,5,0.53,0.21,0,0,30,1,0,15,False,True,0,0,54,43,32,3.9,AI is off,AI is off,AI is off,AI is off,Not paired,AI is off,0,0,0
1346000,15.5,0,5,0.53,0.21,0,0,30,1,0,15,False,True,0,0,56,45,35,3.9,AI is off,AI is off,AI is off,AI is off,Not paired,AI is off,0,0,0
1348000,15.6,0,5,0.53,0.21,0,0,30,1,0,15,False,True,0,0,56,46,35,3.9,AI is off,AI is off,AI is off,AI is off,Not paired,AI is off,0,0,0
1350000,15.6,0,5,0.53,0.21,0,0,29,1,0,15,False,True,0,0,56,44,35,3.9,AI is off,AI is off,AI is off,AI is off,Not paired,AI is off,0,0,0
1352000,15.8,0,5,0.54,0.21,0,0,29,1,0,15,False,True,0,0,55,44,33,3.9,AI is off,AI is off,AI is off,AI is off,Not paired,AI is off,0,0,0
1354000,15.8,0,5,0.54,0.21,0,0,29,1,0,15,False,True,0,0,55,45,35,3.9,AI is off,AI is off,AI is off,AI is off,Not paired,AI is off,0,0,0
1356000,15.8,0,5,0.54,0.21,0,0,27,1,0,15,False,True,0,0,56,45,34,3.9,AI is off,AI is off,AI is off,AI is off,Not paired,AI is off,0,0,0
1358000,15.6,0,5,0.54,0.21,0,0,27,1,0,15,False,True,0,0,55,44,33,3.9,AI is off,AI is off,AI is off,AI is off,Not paired,AI is off,0,0,0
1360000,15.5,0,5,0.53,0.21,0,0,27,1,0,15,False,True,0,0,56,45,34,3.9,AI is off,AI is off,AI is off,AI is off,Not paired,AI is off,0,0,0
1362000,15.3,0,5,0.53,0.21,0,0,27,1,0,15,False,True,0,0,56,45,35,3.9,AI is off,AI is off,AI is off,AI is off,Not paired,AI is off,0,0,0
1364000,15.1,0,5,0.53,0.21,0,0,27,1,0,15,False,True,0,0,55,44,34,3.9,AI is off,AI is off,AI is off,AI is off,Not paired,AI is off,0,0,0
1366000,15.1,0,5,0.52,0.21,0,0,32,1,0,15,False,True,0,0,55,44,34,3.9,AI is off,AI is off,AI is off,AI is off,Not paired,AI is off,0,0,0
1368000,15,0,5,0.52,0.21,0,0,32,1,0,15,False,True,0,0,56,45,35,3.9,AI is off,AI is off,AI is off,AI is off,Not paired,AI is off,0,0,0
1370000,15,0,5,0.52,0.21,0,0,32,1,0,15,False,True,0,0,56,45,35,3.9,AI is off,AI is off,AI is off,AI is off,Not paired,AI is off,0,0,0
1372000,15.1,0,5,0.52,0.21,0,0,32,1,0,15,False,True,0,0,54,43,32,3.9,AI is off,AI is off,AI is off,AI is off,Not paired,AI is off,0,0,0
1374000,14.9,0,5,0.52,0.21,0,0,32,1,0,15,False,True,0,0,56,45,35,3.9,AI is off,AI is off,AI is off,AI is off,Not paired,AI is off,0,0,0
1376000,14.9,0,5,0.52,0.21,0,0,32,1,0,15,False,True,0,0,55,44,33,3.9,AI is off,AI is off,AI is off,AI is off,Not paired,AI is off,0,0,0
1378000,14.8,0,5,0.52,0.21,0,0,32,1,0,15,False,True,0,0,56,45,35,3.9,AI is off,AI is off,AI is off,AI is off,Not paired,AI is off,0,0,0
1380000,14.7,0,5,0.52,0.21,0,0,32,1,0,15,False,True,0,0,55,44,34,3.9,AI is off,AI is off,AI is off,AI is off,Not paired,AI is off,0,0,0
1382000,14.6,0,5,0.51,0.21,0,0,32,1,0,15,False,True,0,0,56,44,34,3.9,AI is off,AI is off,AI is off,AI is off,Not paired,AI is off,0,0,0
1384000,14.5,0,5,0.51,0.21,0,0,32,1,0,15,False,True,0,0,56,44,34,3.9,AI is off,AI is off,AI is off,AI is off,Not paired,AI is off,0,0,0
1386000,14.5,0,5,0.51,0.21,0,0,32,1,0,15,False,True,0,0,56,44,35,3.9,AI is off,AI is off,AI is off,AI is off,Not paired,AI is off,0,0,0
1388000,14.6,0,5,0.51,0.21,0,0,35,1,0,15,False,True,0,0,56,45,36,3.9,AI is off,AI is off,AI is off,AI is off,Not paired,AI is off,0,0,0
1390000,14.7,0,5,0.52,0.21,0,0,35,1,0,15,False,True,0,0,55,45,36,3.9,AI is off,AI is off,AI is off,AI is off,Not paired,AI is off,0,0,0
1392000,14.5,0,5,0.51,0.21,0,0,34,1,0,15,False,True,0,0,55,41,31,3.9,AI is off,AI is off,AI is off,AI is off,Not paired,AI is off,0,0,0
1394000,14.5,0,5,0.51,0.21,0,0,34,1,0,15,False,True,0,0,55,41,31,3.9,AI is off,AI is off,AI is off,AI is off,Not paired,AI is off,0,0,0
1396000,14.4,0,5,0.51,0.21,0,0,34,1,0,15,False,True,0,0,54,40,30,3.9,AI is off,AI is off,AI is off,AI is off,Not paired,AI is off,0,0,0
1398000,14.4,0,5,0.51,0.21,0,0,34,1,0,15,False,True,0,0,57,46,36,3.9,AI is off,AI is off,AI is off,AI is off,Not paired,AI is off,0,0,0
1400000,14.4,0,5,0.51,0.21,0,0,34,1,0,15,False,True,0,0,55,41,33,3.9,AI is off,AI is off,AI is off,AI is off,Not paired,AI is off,0,0,0
1402000,14.5,0,5,0.51,0.21,0,0,34,1,0,15,False,True,0,0,57,45,35,3.9,AI is off,AI is off,AI is off,AI is off,Not paired,AI is off,0,0,0
1404000,14.4,0,5,0.51,0.21,0,0,34,1,0,15,False,True,0,0,57,46,36,3.9,AI is off,AI is off,AI is off,AI is off,Not paired,AI is off,0,0,0
1406000,14.3,0,5,0.51,0.21,0,0,34,1,0,15,False,True,0,0,56,46,37,3.9,AI is off,AI is off,AI is off,AI is off,Not paired,AI is off,0,0,0
1408000,14,0,5,0.5,0.21,0,0,38,1,0,15,False,True,0,0,54,42,33,3.9,AI is off,AI is off,AI is off,AI is off,Not paired,AI is off,0,0,0
1410000,14,0,5,0.5,0.21,0,0,38,1,0,15,False,True,0,0,57,45,35,3.9,AI is off,AI is off,AI is off,AI is off,Not paired,AI is off,0,0,0
1412000,14.1,0,5,0.5,0.21,0,0,38,1,0,15,False,True,0,0,56,45,35,3.9,AI is off,AI is off,AI is off,AI is off,Not paired,AI is off,0,0,0
1414000,14,0,5,0.5,0.21,0,0,38,1,0,15,False,True,0,0,54,40,29,3.9,AI is off,AI is off,AI is off,AI is off,Not paired,AI is off,0,0,0
1416000,13.9,0,5,0.5,0.21,0,0,38,1,0,15,False,True,0,0,55,41,31,3.9,AI is off,AI is off,AI is off,AI is off,Not paired,AI is off,0,0,0
1418000,13.7,0,5,0.5,0.21,0,0,38,1,0,15,False,True,0,0,55,44,34,3.9,AI is off,AI is off,AI is off,AI is off,Not paired,AI is off,0,0,0
1420000,13.6,0,5,0.49,0.21,0,0,40,1,0,15,False,True,0,0,55,44,34,3.9,AI is off,AI is off,AI is off,AI is off,Not paired,AI is off,0,0,0
1422000,13.4,0,5,0.49,0.21,0,0,40,1,0,15,False,True,0,0,55,45,35,3.9,AI is off,AI is off,AI is off,AI is off,Not paired,AI is off,0,0,0
1424000,13,0,5,0.48,0.21,0,0,46,1,0,15,False,True,0,0,56,45,34,3.9,AI is off,AI is off,AI is off,AI is off,Not paired,AI is off,0,0,0
1426000,12.7,0,5,0.48,0.21,0,0,46,1,0,15,False,True,0,0,57,46,35,3.9,AI is off,AI is off,AI is off,AI is off,Not paired,AI is off,0,0,0
1428000,12.3,0,5,0.47,0.21,0,0,46,1,0,15,False,True,0,0,55,44,34,3.9,AI is off,AI is off,AI is off,AI is off,Not paired,AI is off,0,0,0
1430000,12,0,5,0.46,0.21,0,0,62,1,0,15,False,True,0,0,59,47,36,3.9,AI is off,AI is off,AI is off,AI is off,Not paired,AI is off,0,0,0
1432000,11.9,0,5,0.46,0.21,0,0,62,1,0,15,False,True,0,0,55,41,33,3.9,AI is off,AI is off,AI is off,AI is off,Not paired,AI is off,0,0,0
1434000,12,0,5,0.46,0.21,0,0,62,1,0,15,False,True,0,0,55,45,35,3.9,AI is off,AI is off,AI is off,AI is off,Not paired,AI is off,0,0,0
1436000,12,0,5,0.46,0.21,0,0,62,1,0,15,False,True,0,0,56,45,36,3.9,AI is off,AI is off,AI is off,AI is off,Not paired,AI is off,0,0,0
1438000,12,0,5,0.46,0.21,0,0,62,1,0,15,False,True,0,0,58,45,35,3.9,AI is off,AI is off,AI is off,AI is off,Not paired,AI is off,0,0,0
1440000,12,0,5,0.46,0.21,0,0,66,1,0,15,False,True,0,0,54,39,31,3.9,AI is off,AI is off,AI is off,AI is off,Not paired,AI is off,0,0,0
1442000,12,0,5,0.46,0.21,0,0,66,1,0,15,False,True,0,0,56,45,35,3.9,AI is off,AI is off,AI is off,AI is off,Not paired,AI is off,0,0,0
1444000,12,0,5,0.46,0.21,0,0,66,1,0,15,False,True,0,0,56,45,34,3.9,AI is off,AI is off,AI is off,AI is off,Not paired,AI is off,0,0,0
1446000,12,0,5,0.46,0.21,0,0,65,1,0,15,False,True,0,0,55,44,34,3.9,AI is off,AI is off,AI is off,AI is off,Not paired,AI is off,0,0,0
1448000,11.9,0,5,0.46,0.21,0,0,65,1,0,16,False,True,0,0,55,43,32,3.9,AI is off,AI is off,AI is off,AI is off,Not paired,AI is off,0,0,0
1450000,11.7,0,5,0.45,0.21,0,0,65,1,0,16,False,True,0,0,55,45,36,3.9,AI is off,AI is off,AI is off,AI is off,Not paired,AI is off,0,0,0
1452000,11.6,0,5,0.45,0.21,0,0,65,1,0,16,False,True,0,0,55,45,34,3.9,AI is off,AI is off,AI is off,AI is off,Not paired,AI is off,0,0,0
1454000,11.5,0,5,0.45,0.21,0,0,65,1,0,16,False,True,0,0,55,44,34,3.9,AI is off,AI is off,AI is off,AI is off,Not paired,AI is off,0,0,0
1456000,11.6,0,5,0.45,0.21,0,0,65,1,0,16,False,True,0,0,54,40,31,3.9,AI is off,AI is off,AI is off,AI is off,Not paired,AI is off,0,0,0
1458000,11.7,0,5,0.45,0.21,0,0,76,1,0,16,False,True,0,0,55,43,34,3.9,AI is off,AI is off,AI is off,AI is off,Not paired,AI is off,0,0,0
1460000,11.9,0,5,0.46,0.21,0,0,76,1,0,16,False,True,0,0,56,44,34,3.9,AI is off,AI is off,AI is off,AI is off,Not paired,AI is off,0,0,0
1462000,12,0,5,0.46,0.21,0,0,65,1,0,16,False,True,0,0,56,45,35,3.9,AI is off,AI is off,AI is off,AI is off,Not paired,AI is off,0,0,0
1464000,12.2,0,5,0.46,0.21,0,0,65,1,0,16,False,True,0,0,54,40,31,3.9,AI is off,AI is off,AI is off,AI is off,Not paired,AI is off,0,0,0
1466000,12.2,0,5,0.46,0.21,0,0,65,1,0,17,False,True,0,0,56,45,35,3.9,AI is off,AI is off,AI is off,AI is off,Not paired,AI is off,0,0,0
1468000,12.2,0,5,0.46,0.21,0,0,65,1,0,17,False,True,0,0,56,45,34,3.9,AI is off,AI is off,AI is off,AI is off,Not paired,AI is off,0,0,0
1470000,12.2,0,5,0.46,0.21,0,0,65,1,0,17,False,True,0,0,54,40,32,3.9,AI is off,AI is off,AI is off,AI is off,Not paired,AI is off,0,0,0
1472000,12.1,0,5,0.46,0.21,0,0,65,1,0,17,False,True,0,0,54,39,31,3.9,AI is off,AI is off,AI is off,AI is off,Not paired,AI is off,0,0,0
1474000,11.9,0,5,0.46,0.21,0,0,66,1,0,17,False,True,0,0,56,44,34,3.9,AI is off,AI is off,AI is off,AI is off,Not paired,AI is off,0,0,0
1476000,11.6,0,5,0.45,0.21,0,0,66,1,0,17,False,True,0,0,55,44,33,3.9,AI is off,AI is off,AI is off,AI is off,Not paired,AI is off,0,0,0
1478000,11.3,0,5,0.45,0.21,0,0,66,1,0,17,False,True,0,0,57,45,35,3.9,AI is off,AI is off,AI is off,AI is off,Not paired,AI is off,0,0,0
1480000,11,0,5,0.44,0.21,0,0,90,1,0,17,False,True,0,0,54,40,31,3.9,AI is off,AI is off,AI is off,AI is off,Not paired,AI is off,0,0,0
1482000,10.9,0,5,0.44,0.21,0,0,90,1,0,17,False,True,0,0,53,40,31,3.9,AI is off,AI is off,AI is off,AI is off,Not paired,AI is off,0,0,0
1484000,10.7,0,5,0.43,0.21,0,0,90,1,0,17,False,True,0,0,55,41,32,3.9,AI is off,AI is off,AI is off,AI is off,Not paired,AI is off,0,0,0
1486000,10.6,0,5,0.43,0.21,0,0,90,1,0,17,False,True,0,0,55,42,31,3.9,AI is off,AI is off,AI is off,AI is off,Not paired,AI is off,0,0,0
1488000,10.5,0,5,0.43,0.21,0,0,90,1,0,17,False,True,0,0,55,42,35,3.9,AI is off,AI is off,AI is off,AI is off,Not paired,AI is off,0,0,0
1490000,10.4,0,4,0.42,0.21,0,0,99,1,0,17,False,True,0,0,54,39,29,3.9,AI is off,AI is off,AI is off,AI is off,Not paired,AI is off,0,0,0
1492000,10.6,0,4,0.43,0.21,0,0,99,1,0,17,False,True,0,0,56,44,35,3.9,AI is off,AI is off,AI is off,AI is off,Not paired,AI is off,0,0,0
1494000,10.3,0,4,0.42,0.21,0,0,99,1,0,17,False,True,0,0,55,43,33,3.9,AI is off,AI is off,AI is off,AI is off,Not paired,AI is off,0,0,0
1496000,10,0,4,0.42,0.21,0,0,99,1,0,18,False,True,0,0,54,41,29,3.9,AI is off,AI is off,AI is off,AI is off,Not paired,AI is off,0,0,0
1498000,9.6,0,4,0.41,0.21,0,0,99,1,0,18,False,True,0,0,54,40,29,3.9,AI is off,AI is off,AI is off,AI is off,Not paired,AI is off,0,0,0
1500000,9.3,0,4,0.4,0.21,0,0,99,1,0,18,False,True,0,0,54,40,30,3.9,AI is off,AI is off,AI is off,AI is off,Not paired,AI is off,0,0,0
1502000,9.400001,0,4,0.4,0.21,0,0,99,1,0,18,False,True,0,0,53,39,29,3.9,AI is off,AI is off,AI is off,AI is off,Not paired,AI is off,0,0,0
1504000,9,0,4,0.4,0.21,0,0,99,1,0,18,False,True,0,0,54,40,31,3.9,AI is off,AI is off,AI is off,AI is off,Not paired,AI is off,0,0,0
1506000,8.7,0,4,0.39,0.21,0,0,99,1,0,18,False,True,0,0,55,41,31,3.9,AI is off,AI is off,AI is off,AI is off,Not paired,AI is off,0,0,0
1508000,8.5,0,4,0.39,0.21,0,0,99,1,0,18,False,True,0,0,55,41,31,3.9,AI is off,AI is off,AI is off,AI is off,Not paired,AI is off,0,0,0
1510000,8.5,0,4,0.39,0.21,0,0,99,1,0,18,False,True,0,0,57,44,34,3.9,AI is off,AI is off,AI is off,AI is off,Not paired,AI is off,0,0,0
1512000,8.5,0,4,0.39,0.21,0,0,99,1,0,18,False,True,0,0,57,46,35,3.9,AI is off,AI is off,AI is off,AI is off,Not paired,AI is off,0,0,0
1514000,8.2,0,4,0.38,0.21,0,0,99,1,0,18,False,True,0,0,56,45,35,3.9,AI is off,AI is off,AI is off,AI is off,Not paired,AI is off,0,0,0
1516000,7.9,0,4,0.37,0.21,0,0,99,1,0,18,False,True,0,0,55,43,33,3.9,AI is off,AI is off,AI is off,AI is off,Not paired,AI is off,0,0,0
1518000,7.5,0,4,0.37,0.21,0,0,99,1,0,19,False,True,0,0,57,45,35,3.9,AI is off,AI is off,AI is off,AI is off,Not paired,AI is off,0,0,0
1520000,7.2,0,4,0.36,0.21,0,0,99,1,0,19,False,True,0,0,57,46,36,3.9,AI is off,AI is off,AI is off,AI is off,Not paired,AI is off,0,0,0
1522000,7,0,4,0.36,0.21,0,0,99,1,0,19,False,True,0,0,57,44,32,3.9,AI is off,AI is off,AI is off,AI is off,Not paired,AI is off,0,0,0
1524000,7.1,0,4,0.36,0.21,0,0,99,1,0,19,False,True,0,0,55,44,34,3.9,AI is off,AI is off,AI is off,AI is off,Not paired,AI is off,0,0,0
1526000,7.2,0,4,0.36,0.21,0,0,99,1,0,19,False,True,0,0,56,45,36,3.9,AI is off,AI is off,AI is off,AI is off,Not paired,AI is off,0,0,0
1528000,7.2,0,4,0.36,0.21,0,0,99,1,0,19,False,True,0,0,56,45,35,3.9,AI is off,AI is off,AI is off,AI is off,Not paired,AI is off,0,0,0
1530000,7.1,0,4,0.36,0.21,0,0,99,1,0,19,False,True,0,0,55,42,31,3.9,AI is off,AI is off,AI is off,AI is off,Not paired,AI is off,0,0,0
1532000,7.1,0,4,0.36,0.21,0,0,99,1,0,20,False,True,0,0,53,40,30,3.9,AI is off,AI is off,AI is off,AI is off,Not paired,AI is off,0,0,0
1534000,6.9,0,4,0.35,0.21,0,0,99,1,0,20,False,True,0,0,55,42,31,3.9,AI is off,AI is off,AI is off,AI is off,Not paired,AI is off,0,0,0
1536000,6.8,0,4,0.35,0.21,0,0,99,1,0,20,False,True,0,0,55,42,33,3.9,AI is off,AI is off,AI is off,AI is off,Not paired,AI is off,0,0,0
1538000,6.8,0,4,0.35,0.21,0,0,99,1,0,20,False,True,0,0,56,44,35,3.9,AI is off,AI is off,AI is off,AI is off,Not paired,AI is off,0,0,0
1540000,6.7,0,4,0.35,0.21,0,0,99,1,0,20,False,True,0,0,54,40,31,3.9,AI is off,AI is off,AI is off,AI is off,Not paired,AI is off,0,0,0
1542000,6.6,0,4,0.35,0.21,0,0,99,1,0,21,False,True,0,0,53,41,30,3.9,AI is off,AI is off,AI is off,AI is off,Not paired,AI is off,0,0,0
1544000,6.4,0,4,0.34,0.21,0,0,99,1,0,21,False,True,0,0,53,40,30,3.9,AI is off,AI is off,AI is off,AI is off,Not paired,AI is off,0,0,0
1546000,6.2,0,4,0.34,0.21,0,0,99,1,0,21,False,True,0,0,55,43,32,3.9,AI is off,AI is off,AI is off,AI is off,Not paired,AI is off,0,0,0
1548000,6.1,0,4,0.34,0.21,0,0,99,1,0,21,False,True,0,0,58,45,36,3.9,AI is off,AI is off,AI is off,AI is off,Not paired,AI is off,0,0,0
1550000,6.1,0,4,0.34,0.21,0,0,99,1,0,21,False,True,0,0,58,45,34,3.9,AI is off,AI is off,AI is off,AI is off,Not paired,AI is off,0,0,0
1552000,6.1,0,4,0.34,0.21,0,0,99,1,0,21,False,True,0,0,60,48,37,3.9,AI is off,AI is off,AI is off,AI is off,Not paired,AI is off,0,0,0
1554000,6.1,0,4,0.34,0.21,0,0,99,1,0,21,False,True,0,0,59,46,34,3.9,AI is off,AI is off,AI is off,AI is off,Not paired,AI is off,0,0,0
1556000,6.1,0,4,0.34,0.21,0,0,99,1,0,21,False,True,0,0,62,49,37,3.9,AI is off,AI is off,AI is off,AI is off,Not paired,AI is off,0,0,0
1558000,6,0,4,0.33,0.21,0,0,99,1,0,21,False,True,0,0,69,54,41,3.9,AI is off,AI is off,AI is off,AI is off,Not paired,AI is off,0,0,0
1560000,6,0,4,0.33,0.21,0,0,99,1,0,21,False,True,0,0,55,44,34,3.9,AI is off,AI is off,AI is off,AI is off,Not paired,AI is off,0,0,0
1562000,6.2,0,4,0.34,0.21,0,0,99,1,0,21,False,True,0,0,54,42,32,3.9,AI is off,AI is off,AI is off,AI is off,Not paired,AI is off,0,0,0
1564000,6.1,0,4,0.34,0.21,0,0,99,1,0,22,False,True,0,0,54,42,33,3.9,AI is off,AI is off,AI is off,AI is off,Not paired,AI is off,0,0,0
1566000,6.3,0,4,0.34,0.21,0,0,99,1,0,22,False,True,0,0,55,43,33,3.9,AI is off,AI is off,AI is off,AI is off,Not paired,AI is off,0,0,0
1568000,6.6,0,4,0.34,0.21,0,0,99,1,0,22,False,True,0,0,54,42,33,3.9,AI is off,AI is off,AI is off,AI is off,Not paired,AI is off,0,0,0
1570000,6.6,0,4,0.35,0.21,0,0,99,1,0,22,False,True,0,0,55,44,34,3.9,AI is off,AI is off,AI is off,AI is off,Not paired,AI is off,0,0,0
1572000,6.5,0,4,0.35,0.21,0,0,99,1,0,22,False,True,0,0,55,43,34,3.9,AI is off,AI is off,AI is off,AI is off,Not paired,AI is off,0,0,0
1574000,6.4,0,4,0.34,0.21,0,0,99,1,0,22,False,True,0,0,55,45,35,3.9,AI is off,AI is off,AI is off,AI is off,Not paired,AI is off,0,0,0
1576000,6.4,0,4,0.34,0.21,0,0,99,1,0,22,False,True,0,0,55,44,34,3.9,AI is off,AI is off,AI is off,AI is off,Not paired,AI is off,0,0,0
1578000,6.3,0,4,0.34,0.21,0,0,99,1,0,22,False,True,0,0,54,43,32,3.9,AI is off,AI is off,AI is off,AI is off,Not paired,AI is off,0,0,0
1580000,6.2,0,4,0.34,0.21,0,0,99,1,0,22,False,True,0,0,56,45,35,3.9,AI is off,AI is off,AI is off,AI is off,Not paired,AI is off,0,0,0
1582000,6.1,0,4,0.34,0.21,0,0,99,1,0,22,False,True,0,0,55,43,34,3.9,AI is off,AI is off,AI is off,AI is off,Not paired,AI is off,0,0,0
1584000,5.8,0,4,0.33,0.21,0,0,99,1,0,22,False,True,0,0,55,45,35,3.9,AI is off,AI is off,AI is off,AI is off,Not paired,AI is off,0,0,0
1586000,5.6,0,4,0.33,0.21,0,0,99,1,0,22,False,True,0,0,55,44,34,3.9,AI is off,AI is off,AI is off,AI is off,Not paired,AI is off,0,0,0
1588000,5.2,0,4,0.32,0.21,0,0,99,1,0,23,False,True,0,0,55,44,34,3.9,AI is off,AI is off,AI is off,AI is off,Not paired,AI is off,0,0,0
1590000,5,0,4,0.31,0.21,0,0,99,1,0,23,False,True,0,0,54,43,33,3.9,AI is off,AI is off,AI is off,AI is off,Not paired,AI is off,0,0,0
1592000,4.7,0,4,0.31,0.21,0,0,99,1,0,23,False,True,0,0,53,40,31,3.9,AI is off,AI is off,AI is off,AI is off,Not paired,AI is off,0,0,0
1594000,4.5,0,3,0.3,0.21,0,0,99,1,0,23,False,True,0,0,55,44,34,3.9,AI is off,AI is off,AI is off,AI is off,Not paired,AI is off,0,0,0
1596000,4.3,0,3,0.3,0.21,0,0,99,1,0,23,False,True,0,0,54,44,33,3.9,AI is off,AI is off,AI is off,AI is off,Not paired,AI is off,0,0,0
1598000,3.9,0,3,0.29,0.21,0,0,99,1,0,23,False,True,0,0,55,44,33,3.9,AI is off,AI is off,AI is off,AI is off,Not paired,AI is off,0,0,0
1600000,3.7,0,3,0.29,0.21,0,0,99,1,0,23,False,True,0,0,54,43,31,3.9,AI is off,AI is off,AI is off,AI is off,Not paired,AI is off,0,0,0
1602000,3.5,0,3,0.28,0.21,0,0,99,1,0,23,False,True,0,0,55,43,33,3.9,AI is off,AI is off,AI is off,AI is off,Not paired,AI is off,0,0,0
1604000,3.5,0,3,0.28,0.21,0,0,99,1,0,23,False,True,0,0,56,45,34,3.9,AI is off,AI is off,AI is off,AI is off,Not paired,AI is off,0,0,0
1606000,3.3,0,3,0.28,0.21,0,0,99,1,0,23,False,True,0,0,55,42,33,3.9,AI is off,AI is off,AI is off,AI is off,Not paired,AI is off,0,0,0
1608000,3.5,0,3,0.28,0.21,0,0,99,1,0,23,False,True,0,0,54,42,33,3.9,AI is off,AI is off,AI is off,AI is off,Not paired,AI is off,0,0,0
1610000,3.6,0,3,0.28,0.21,0,0,99,1,0,23,False,True,0,0,53,41,31,3.9,AI is off,AI is off,AI is off,AI is off,Not paired,AI is off,0,0,0
1612000,3.6,0,3,0.28,0.21,0,0,99,1,0,24,False,True,0,0,53,39,30,3.89,AI is off,AI is off,AI is off,AI is off,Not paired,AI is off,0,0,0
1614000,3.8,0,3,0.29,0.21,0,0,99,1,0,24,False,True,0,0,54,40,30,3.89,AI is off,AI is off,AI is off,AI is off,Not paired,AI is off,0,0,0
1616000,3.8,0,3,0.29,0.21,0,0,99,1,0,24,False,True,0,0,55,42,30,3.89,AI is off,AI is off,AI is off,AI is off,Not paired,AI is off,0,0,0
1618000,3.2,0,3,0.28,0.21,0,0,99,1,0,24,False,True,0,0,68,53,41,3.89,AI is off,AI is off,AI is off,AI is off,Not paired,AI is off,0,0,0
1620000,2.9,0,3,0.27,0.21,0,0,99,1,0,24,False,True,0,0,53,41,30,3.9,AI is off,AI is off,AI is off,AI is off,Not paired,AI is off,0,0,0
1622000,2.7,0,3,0.26,0.21,0,0,99,1,0,24,False,True,0,0,61,47,36,3.9,AI is off,AI is off,AI is off,AI is off,Not paired,AI is off,0,0,0
1624000,2.8,0,3,0.27,0.21,0,0,99,1,0,24,False,True,0,0,54,41,31,3.9,AI is off,AI is off,AI is off,AI is off,Not paired,AI is off,0,0,0
1626000,2.7,0,3,0.26,0.21,0,0,99,1,0,24,False,True,0,0,55,44,33,3.9,AI is off,AI is off,AI is off,AI is off,Not paired,AI is off,0,0,0
1628000,2.9,0,3,0.26,0.21,0,0,99,1,0,24,False,True,0,0,54,42,31,3.9,AI is off,AI is off,AI is off,AI is off,Not paired,AI is off,0,0,0
1630000,3.2,0,3,0.27,0.21,0,0,99,1,0,24,False,True,0,0,53,42,32,3.9,AI is off,AI is off,AI is off,AI is off,Not paired,AI is off,0,0,0
1632000,3.4,0,3,0.28,0.21,0,0,99,1,0,24,False,True,0,0,53,41,31,3.9,AI is off,AI is off,AI is off,AI is off,Not paired,AI is off,0,0,0
1634000,3.7,0,3,0.28,0.21,0,0,99,1,0,24,False,True,0,0,53,39,31,3.9,AI is off,AI is off,AI is off,AI is off,Not paired,AI is off,0,0,0
1636000,3.9,0,3,0.29,0.21,0,0,99,1,0,24,False,True,0,0,58,44,33,3.9,AI is off,AI is off,AI is off,AI is off,Not paired,AI is off,0,0,0
1638000,4.1,0,3,0.29,0.21,0,0,99,1,0,24,False,True,0,0,54,41,30,3.9,AI is off,AI is off,AI is off,AI is off,Not paired,AI is off,0,0,0
1640000,4.3,0,3,0.3,0.21,0,0,99,1,0,24,False,True,0,0,68,52,40,3.9,AI is off,AI is off,AI is off,AI is off,Not paired,AI is off,0,0,0
1642000,4.5,0,3,0.3,0.21,0,0,99,1,0,24,False,True,0,0,56,45,35,3.89,AI is off,AI is off,AI is off,AI is off,Not paired,AI is off,0,0,0
1644000,4.4,0,3,0.3,0.21,0,0,99,1,0,24,False,True,0,0,55,41,31,3.89,AI is off,AI is off,AI is off,AI is off,Not paired,AI is off,0,0,0
1646000,4.5,0,3,0.3,0.21,0,0,99,1,0,24,False,True,0,0,58,46,33,3.89,AI is off,AI is off,AI is off,AI is off,Not paired,AI is off,0,0,0
1648000,4.5,0,3,0.3,0.21,0,0,99,1,0,24,False,True,0,0,58,46,33,3.89,AI is off,AI is off,AI is off,AI is off,Not paired,AI is off,0,0,0
1650000,4.7,0,2,0.3,0.21,0,0,99,1,0,24,False,True,0,0,54,41,30,3.9,AI is off,AI is off,AI is off,AI is off,Not paired,AI is off,0,0,0
1652000,4.7,0,2,0.31,0.21,0,0,99,1,0,24,False,True,0,0,54,40,31,3.9,AI is off,AI is off,AI is off,AI is off,Not paired,AI is off,0,0,0
1654000,4.8,0,2,0.31,0.21,0,0,99,1,0,24,False,True,0,0,54,40,30,3.9,AI is off,AI is off,AI is off,AI is off,Not paired,AI is off,0,0,0
1656000,4.8,0,2,0.31,0.21,0,0,99,1,0,24,False,True,0,0,64,50,38,3.9,AI is off,AI is off,AI is off,AI is off,Not paired,AI is off,0,0,0
1658000,5.1,0,2,0.31,0.21,0,0,99,1,0,24,False,True,0,0,54,40,29,3.9,AI is off,AI is off,AI is off,AI is off,Not paired,AI is off,0,0,0
1660000,5.3,0,2,0.32,0.21,0,0,99,1,0,24,False,True,0,0,54,43,33,3.9,AI is off,AI is off,AI is off,AI is off,Not paired,AI is off,0,0,0
1662000,5.7,0,2,0.32,0.21,0,0,99,1,0,24,False,True,0,0,54,40,29,3.9,AI is off,AI is off,AI is off,AI is off,Not paired,AI is off,0,0,0
1664000,6.1,0,2,0.33,0.21,0,0,99,1,0,24,False,True,0,0,53,40,29,3.9,AI is off,AI is off,AI is off,AI is off,Not paired,AI is off,0,0,0
1666000,6.3,0,2,0.34,0.21,0,0,99,1,0,24,False,True,0,0,53,41,31,3.89,AI is off,AI is off,AI is off,AI is off,Not paired,AI is off,0,0,0
1668000,6.3,0,2,0.34,0.21,0,0,99,1,0,24,False,True,0,0,53,42,32,3.89,AI is off,AI is off,AI is off,AI is off,Not paired,AI is off,0,0,0
1670000,6.2,0,2,0.34,0.21,0,0,99,1,0,24,False,True,0,0,53,41,31,3.89,AI is off,AI is off,AI is off,AI is off,Not paired,AI is off,0,0,0
1672000,6.1,0,2,0.34,0.21,0,0,99,1,0,24,False,True,0,0,54,42,31,3.89,AI is off,AI is off,AI is off,AI is off,Not paired,AI is off,0,0,0
1674000,5.8,0,2,0.33,0.21,0,0,99,1,0,24,False,True,0,0,53,41,31,3.89,AI is off,AI is off,AI is off,AI is off,Not paired,AI is off,0,0,0
1676000,5.6,0,2,0.33,0.21,0,0,99,1,0,24,False,True,0,0,54,42,32,3.89,AI is off,AI is off,AI is off,AI is off,Not paired,AI is off,0,0,0
1678000,5.7,0,2,0.33,0.21,0,0,99,1,0,24,False,True,0,0,53,41,31,3.89,AI is off,AI is off,AI is off,AI is off,Not paired,AI is off,0,0,0
1680000,6,0,2,0.33,0.21,0,0,99,1,0,25,False,True,0,0,52,41,31,3.89,AI is off,AI is off,AI is off,AI is off,Not paired,AI is off,0,0,0
1682000,5.9,0,2,0.33,0.21,0,0,99,1,0,24,False,True,0,0,53,41,31,3.9,AI is off,AI is off,AI is off,AI is off,Not paired,AI is off,0,0,0
1684000,5.5,0,2,0.32,0.21,0,0,99,1,0,25,False,True,0,0,55,43,33,3.9,AI is off,AI is off,AI is off,AI is off,Not paired,AI is off,0,0,0
1686000,5.6,0,2,0.33,0.21,0,0,99,1,0,25,False,True,0,0,55,43,32,3.89,AI is off,AI is off,AI is off,AI is off,Not paired,AI is off,0,0,0
1688000,5.6,0,2,0.33,0.21,0,0,99,1,0,25,False,True,0,0,59,44,33,3.89,AI is off,AI is off,AI is off,AI is off,Not paired,AI is off,0,0,0
1690000,5.6,0,2,0.33,0.21,0,0,99,1,0,25,False,True,0,0,54,40,29,3.89,AI is off,AI is off,AI is off,AI is off,Not paired,AI is off,0,0,0
1692000,5.8,0,2,0.33,0.21,0,0,99,1,0,25,False,True,0,0,55,40,30,3.89,AI is off,AI is off,AI is off,AI is off,Not paired,AI is off,0,0,0
1694000,5.8,0,2,0.33,0.21,0,0,99,1,0,25,False,True,0,0,53,40,31,3.89,AI is off,AI is off,AI is off,AI is off,Not paired,AI is off,0,0,0
1696000,5.9,0,2,0.33,0.21,0,0,99,1,0,25,False,True,0,0,52,39,29,3.9,AI is off,AI is off,AI is off,AI is off,Not paired,AI is off,0,0,0
1698000,6,0,2,0.33,0.21,0,0,99,1,0,25,False,True,0,0,52,39,31,3.9,AI is off,AI is off,AI is off,AI is off,Not paired,AI is off,0,0,0
1700000,6.2,0,2,0.34,0.21,0,0,99,1,0,25,False,True,0,0,53,38,29,3.9,AI is off,AI is off,AI is off,AI is off,Not paired,AI is off,0,0,0
1702000,6.2,0,2,0.34,0.21,0,0,99,1,0,25,False,True,0,0,55,44,32,3.9,AI is off,AI is off,AI is off,AI is off,Not paired,AI is off,0,0,0
1704000,6.1,0,2,0.34,0.21,0,0,99,1,0,25,False,True,0,0,54,41,30,3.89,AI is off,AI is off,AI is off,AI is off,Not paired,AI is off,0,0,0
1706000,6,0,2,0.33,0.21,0,0,99,1,0,25,False,True,0,0,65,50,38,3.89,AI is off,AI is off,AI is off,AI is off,Not paired,AI is off,0,0,0
1708000,6,0,2,0.33,0.21,0,0,99,1,0,25,False,True,0,0,59,44,33,3.89,AI is off,AI is off,AI is off,AI is off,Not paired,AI is off,0,0,0
1710000,6,0,2,0.33,0.21,0,0,99,1,0,25,False,True,0,0,54,43,33,3.89,AI is off,AI is off,AI is off,AI is off,Not paired,AI is off,0,0,0
1712000,6,0,2,0.33,0.21,0,0,99,1,0,25,False,True,0,0,54,42,32,3.89,AI is off,AI is off,AI is off,AI is off,Not paired,AI is off,0,0,0
1714000,6.1,0,2,0.33,0.21,0,0,99,1,0,25,False,True,0,0,54,40,31,3.9,AI is off,AI is off,AI is off,AI is off,Not paired,AI is off,0,0,0
1716000,6.1,0,2,0.33,0.21,0,0,99,1,0,25,False,True,0,0,59,44,34,3.9,AI is off,AI is off,AI is off,AI is off,Not paired,AI is off,0,0,0
1718000,6.1,0,2,0.34,0.21,0,0,99,1,0,25,False,True,0,0,62,48,36,3.9,AI is off,AI is off,AI is off,AI is off,Not paired,AI is off,0,0,0
1720000,5.9,0,1,0.33,0.21,0,0,99,1,0,25,False,True,0,0,54,42,31,3.9,AI is off,AI is off,AI is off,AI is off,Not paired,AI is off,0,0,0
1722000,5.9,0,1,0.33,0.21,0,0,99,1,0,25,False,True,0,0,54,41,30,3.89,AI is off,AI is off,AI is off,AI is off,Not paired,AI is off,0,0,0
1724000,6,0,1,0.33,0.21,0,0,99,1,0,25,False,True,0,0,53,41,30,3.89,AI is off,AI is off,AI is off,AI is off,Not paired,AI is off,0,0,0
1726000,6.1,0,1,0.33,0.21,0,0,99,1,0,25,False,True,0,0,54,43,32,3.89,AI is off,AI is off,AI is off,AI is off,Not paired,AI is off,0,0,0
1728000,6.2,0,1,0.34,0.21,0,0,99,1,0,25,False,True,0,0,54,42,31,3.89,AI is off,AI is off,AI is off,AI is off,Not paired,AI is off,0,0,0
1730000,6.5,0,1,0.34,0.21,0,0,99,1,0,25,False,True,0,0,54,42,32,3.89,AI is off,AI is off,AI is off,AI is off,Not paired,AI is off,0,0,0
1732000,6.7,0,1,0.35,0.21,0,0,99,1,0,25,False,True,0,0,56,43,32,3.89,AI is off,AI is off,AI is off,AI is off,Not paired,AI is off,0,0,0
1734000,7,0,1,0.35,0.21,0,0,99,1,0,25,False,True,0,0,54,41,31,3.89,AI is off,AI is off,AI is off,AI is off,Not paired,AI is off,0,0,0
1736000,7.3,0,1,0.36,0.21,0,0,99,1,0,25,False,True,0,0,54,40,30,3.89,AI is off,AI is off,AI is off,AI is off,Not paired,AI is off,0,0,0
1738000,7.5,0,1,0.36,0.21,0,0,99,1,0,25,False,True,0,0,53,41,31,3.89,AI is off,AI is off,AI is off,AI is off,Not paired,AI is off,0,0,0
1740000,7.5,0,1,0.36,0.21,0,0,99,1,0,25,False,True,0,0,55,43,32,3.89,AI is off,AI is off,AI is off,AI is off,Not paired,AI is off,0,0,0
1742000,7.4,0,1,0.36,0.21,0,0,99,1,0,25,False,True,0,0,52,41,31,3.89,AI is off,AI is off,AI is off,AI is off,Not paired,AI is off,0,0,0
1744000,7.5,0,1,0.36,0.21,0,0,99,1,0,25,False,True,0,0,53,38,28,3.89,AI is off,AI is off,AI is off,AI is off,Not paired,AI is off,0,0,0
1746000,7.4,0,1,0.37,0.21,0,0,99,1,0,25,False,True,0,0,54,39,29,3.89,AI is off,AI is off,AI is off,AI is off,Not paired,AI is off,0,0,0
1748000,7.2,0,1,0.36,0.21,0,0,99,1,0,25,False,True,0,0,54,42,31,3.89,AI is off,AI is off,AI is off,AI is off,Not paired,AI is off,0,0,0
1750000,7.2,0,1,0.36,0.21,0,0,99,1,0,25,False,True,0,0,52,41,30,3.89,AI is off,AI is off,AI is off,AI is off,Not paired,AI is off,0,0,0
1752000,6.8,0,1,0.35,0.21,0,0,99,1,0,25,False,True,0,0,53,41,31,3.89,AI is off,AI is off,AI is off,AI is off,Not paired,AI is off,0,0,0
1754000,6.6,0,1,0.35,0.21,0,0,99,1,0,25,False,True,0,0,53,41,30,3.89,AI is off,AI is off,AI is off,AI is off,Not paired,AI is off,0,0,0
1756000,6.4,0,1,0.34,0.21,0,0,99,1,0,25,False,True,0,0,53,41,30,3.89,AI is off,AI is off,AI is off,AI is off,Not paired,AI is off,0,0,0
1758000,6.3,0,1,0.34,0.21,0,0,99,1,0,25,False,True,0,0,54,43,31,3.89,AI is off,AI is off,AI is off,AI is off,Not paired,AI is off,0,0,0
1760000,6.1,0,1,0.34,0.21,0,0,99,1,0,25,False,True,0,0,54,41,31,3.89,AI is off,AI is off,AI is off,AI is off,Not paired,AI is off,0,0,0
1762000,6.2,0,1,0.34,0.21,0,0,99,1,0,25,False,True,0,0,53,41,30,3.89,AI is off,AI is off,AI is off,AI is off,Not paired,AI is off,0,0,0
1764000,5.9,0,1,0.33,0.21,0,0,99,1,0,25,False,True,0,0,53,41,31,3.89,AI is off,AI is off,AI is off,AI is off,Not paired,AI is off,0,0,0
1766000,5.8,0,1,0.33,0.21,0,0,99,1,0,25,False,True,0,0,54,42,32,3.89,AI is off,AI is off,AI is off,AI is off,Not paired,AI is off,0,0,0
1768000,5.7,0,1,0.33,0.21,0,0,99,1,0,25,False,True,0,0,53,41,31,3.89,AI is off,AI is off,AI is off,AI is off,Not paired,AI is off,0,0,0
1770000,5.6,0,1,0.32,0.21,0,0,99,1,0,25,False,True,0,0,53,41,31,3.89,AI is off,AI is off,AI is off,AI is off,Not paired,AI is off,0,0,0
1772000,5.5,0,1,0.32,0.21,0,0,99,1,0,25,False,True,0,0,53,41,31,3.89,AI is off,AI is off,AI is off,AI is off,Not paired,AI is off,0,0,0
1774000,5.5,0,1,0.32,0.21,0,0,99,1,0,25,False,True,0,0,53,41,30,3.89,AI is off,AI is off,AI is off,AI is off,Not paired,AI is off,0,0,0
1776000,5.5,0,1,0.32,0.21,0,0,99,1,0,25,False,True,0,0,54,41,30,3.89,AI is off,AI is off,AI is off,AI is off,Not paired,AI is off,0,0,0
1778000,5.4,0,1,0.32,0.21,0,0,99,1,0,25,False,True,0,0,54,39,30,3.89,AI is off,AI is off,AI is off,AI is off,Not paired,AI is off,0,0,0
1780000,5.6,0,1,0.32,0.21,0,0,99,1,0,25,False,True,0,0,54,41,30,3.89,AI is off,AI is off,AI is off,AI is off,Not paired,AI is off,0,0,0
1782000,5.7,0,1,0.33,0.21,0,0,99,1,0,25,False,True,0,0,53,41,31,3.89,AI is off,AI is off,AI is off,AI is off,Not paired,AI is off,0,0,0
1784000,5.7,0,1,0.33,0.21,0,0,99,1,0,25,False,True,0,0,53,40,30,3.89,AI is off,AI is off,AI is off,AI is off,Not paired,AI is off,0,0,0
1786000,5.8,0,1,0.33,0.21,0,0,99,1,0,25,False,True,0,0,53,42,31,3.89,AI is off,AI is off,AI is off,AI is off,Not paired,AI is off,0,0,0
1788000,6.1,0,1,0.33,0.21,0,0,99,1,0,25,False,True,0,0,53,41,30,3.89,AI is off,AI is off,AI is off,AI is off,Not paired,AI is off,0,0,0
1790000,6.3,0,1,0.34,0.21,0,0,99,1,0,25,False,True,0,0,54,42,30,3.89,AI is off,AI is off,AI is off,AI is off,Not paired,AI is off,0,0,0
1792000,6,0,1,0.34,0.21,0,0,99,1,0,25,False,True,0,0,54,40,30,3.89,AI is off,AI is off,AI is off,AI is off,Not paired,AI is off,0,0,0
1794000,5.8,0,1,0.33,0.21,0,0,99,1,0,25,False,True,0,0,63,49,36,3.89,AI is off,AI is off,AI is off,AI is off,Not paired,AI is off,0,0,0
1796000,5.6,0,1,0.33,0.21,0,0,99,1,0,25,False,True,0,0,53,41,31,3.89,AI is off,AI is off,AI is off,AI is off,Not paired,AI is off,0,0,0
1798000,5.5,0,1,0.32,0.21,0,0,99,1,0,25,False,True,0,0,53,42,30,3.89,AI is off,AI is off,AI is off,AI is off,Not paired,AI is off,0,0,0
1800000,5.8,0,1,0.33,0.21,0,0,99,1,0,25,False,True,0,0,54,42,30,3.89,AI is off,AI is off,AI is off,AI is off,Not paired,AI is off,0,0,0
1802000,5.9,0,1,0.33,0.21,0,0,99,1,0,25,False,True,0,0,53,40,29,3.89,AI is off,AI is off,AI is off,AI is off,Not paired,AI is off,0,0,0
1804000,5.7,0,1,0.33,0.21,0,0,99,1,0,25,False,True,0,0,54,42,32,3.89,AI is off,AI is off,AI is off,AI is off,Not paired,AI is off,0,0,0
1806000,5.8,0,1,0.33,0.21,0,0,99,1,0,25,False,True,0,0,52,42,31,3.89,AI is off,AI is off,AI is off,AI is off,Not paired,AI is off,0,0,0
1808000,5.9,0,1,0.33,0.21,0,0,99,1,0,25,False,True,0,0,53,42,30,3.89,AI is off,AI is off,AI is off,AI is off,Not paired,AI is off,0,0,0
1810000,5.9,0,1,0.33,0.21,0,0,99,1,0,25,False,True,0,0,52,42,31,3.89,AI is off,AI is off,AI is off,AI is off,Not paired,AI is off,0,0,0
1812000,5.9,0,1,0.33,0.21,0,0,99,1,0,25,False,True,0,0,53,41,31,3.89,AI is off,AI is off,AI is off,AI is off,Not paired,AI is off,0,0,0
1814000,6,0,1,0.33,0.21,0,0,99,1,0,25,False,True,0,0,54,42,31,3.89,AI is off,AI is off,AI is off,AI is off,Not paired,AI is off,0,0,0
1816000,5.8,0,1,0.33,0.21,0,0,99,1,0,25,False,True,0,0,55,40,30,3.89,AI is off,AI is off,AI is off,AI is off,Not paired,AI is off,0,0,0
1818000,5.8,0,1,0.33,0.21,0,0,99,1,0,25,False,True,0,0,55,40,30,3.89,AI is off,AI is off,AI is off,AI is off,Not paired,AI is off,0,0,0
1820000,5.7,0,1,0.33,0.21,0,0,99,1,0,25,False,True,0,0,55,39,29,3.89,AI is off,AI is off,AI is off,AI is off,Not paired,AI is off,0,0,0
1822000,5.7,0,1,0.33,0.21,0,0,99,1,0,25,False,True,0,0,55,40,30,3.89,AI is off,AI is off,AI is off,AI is off,Not paired,AI is off,0,0,0
1824000,5.8,0,1,0.33,0.21,0,0,99,1,0,25,False,True,0,0,54,42,32,3.89,AI is off,AI is off,AI is off,AI is off,Not paired,AI is off,0,0,0
1826000,5.8,0,1,0.33,0.21,0,0,99,1,0,25,False,True,0,0,54,39,29,3.89,AI is off,AI is off,AI is off,AI is off,Not paired,AI is off,0,0,0
1828000,5.9,0,1,0.33,0.21,0,0,99,1,0,25,False,True,0,0,54,40,31,3.89,AI is off,AI is off,AI is off,AI is off,Not paired,AI is off,0,0,0
1830000,6.1,0,1,0.34,0.21,0,0,99,1,0,25,False,True,0,0,53,39,30,3.89,AI is off,AI is off,AI is off,AI is off,Not paired,AI is off,0,0,0
1832000,6.3,0,1,0.34,0.21,0,0,99,1,0,25,False,True,0,0,54,39,30,3.89,AI is off,AI is off,AI is off,AI is off,Not paired,AI is off,0,0,0
1834000,6.6,0,1,0.34,0.21,0,0,99,1,0,25,False,True,0,0,58,43,32,3.89,AI is off,AI is off,AI is off,AI is off,Not paired,AI is off,0,0,0
1836000,6.7,0,1,0.35,0.21,0,0,99,1,0,25,False,True,0,0,63,47,36,3.9,AI is off,AI is off,AI is off,AI is off,Not paired,AI is off,0,0,0
1838000,6.7,0,1,0.35,0.21,0,0,99,1,0,25,False,True,0,0,54,42,31,3.89,AI is off,AI is off,AI is off,AI is off,Not paired,AI is off,0,0,0
1840000,6.9,0,1,0.35,0.21,0,0,99,1,0,25,False,True,0,0,54,39,30,3.89,AI is off,AI is off,AI is off,AI is off,Not paired,AI is off,0,0,0
1842000,7.1,0,1,0.36,0.21,0,0,99,1,0,25,False,True,0,0,53,39,30,3.89,AI is off,AI is off,AI is off,AI is off,Not paired,AI is off,0,0,0
1844000,7.1,0,1,0.36,0.21,0,0,99,1,0,25,False,True,0,0,52,38,28,3.89,AI is off,AI is off,AI is off,AI is off,Not paired,AI is off,0,0,0
1846000,7.1,0,1,0.36,0.21,0,0,99,1,0,25,False,True,0,0,53,41,30,3.89,AI is off,AI is off,AI is off,AI is off,Not paired,AI is off,0,0,0
1848000,7.4,0,1,0.36,0.21,0,0,99,1,0,25,False,True,0,0,54,41,29,3.89,AI is off,AI is off,AI is off,AI is off,Not paired,AI is off,0,0,0
1850000,7.1,0,1,0.36,0.21,0,0,99,1,0,25,False,True,0,0,54,42,31,3.89,AI is off,AI is off,AI is off,AI is off,Not paired,AI is off,0,0,0
1852000,7,0,1,0.35,0.21,0,0,99,1,0,25,False,True,0,0,56,43,32,3.89,AI is off,AI is off,AI is off,AI is off,Not paired,AI is off,0,0,0
1854000,6.9,0,1,0.35,0.21,0,0,99,1,0,25,False,True,0,0,54,41,30,3.89,AI is off,AI is off,AI is off,AI is off,Not paired,AI is off,0,0,0
1856000,6.9,0,1,0.35,0.21,0,0,99,1,0,25,False,True,0,0,52,41,30,3.89,AI is off,AI is off,AI is off,AI is off,Not paired,AI is off,0,0,0
1858000,7,0,1,0.35,0.21,0,0,99,1,0,25,False,True,0,0,53,41,31,3.89,AI is off,AI is off,AI is off,AI is off,Not paired,AI is off,0,0,0
1860000,6.7,0,1,0.35,0.21,0,0,99,1,0,25,False,True,0,0,53,41,30,3.89,AI is off,AI is off,AI is off,AI is off,Not paired,AI is off,0,0,0
1862000,6.8,0,1,0.35,0.21,0,0,99,1,0,25,False,True,0,0,53,41,30,3.89,AI is off,AI is off,AI is off,AI is off,Not paired,AI is off,0,0,0
1864000,6.5,0,1,0.34,0.21,0,0,99,1,0,25,False,True,0,0,54,42,30,3.89,AI is off,AI is off,AI is off,AI is off,Not paired,AI is off,0,0,0
1866000,6.2,0,1,0.34,0.21,0,0,99,1,0,25,False,True,0,0,54,41,31,3.89,AI is off,AI is off,AI is off,AI is off,Not paired,AI is off,0,0,0
1868000,6,0,1,0.33,0.21,0,0,99,1,0,25,False,True,0,0,54,42,32,3.89,AI is off,AI is off,AI is off,AI is off,Not paired,AI is off,0,0,0
1870000,5.7,0,1,0.33,0.21,0,0,99,1,0,25,False,True,0,0,54,42,31,3.89,AI is off,AI is off,AI is off,AI is off,Not paired,AI is off,0,0,0
1872000,5.5,0,1,0.32,0.21,0,0,99,1,0,25,False,True,0,0,54,41,30,3.89,AI is off,AI is off,AI is off,AI is off,Not paired,AI is off,0,0,0
1874000,5.2,0,1,0.32,0.21,0,0,99,1,0,25,False,True,0,0,55,42,31,3.89,AI is off,AI is off,AI is off,AI is off,Not paired,AI is off,0,0,0
1876000,5,0,1,0.31,0.21,0,0,99,1,0,25,False,True,0,0,53,41,30,3.89,AI is off,AI is off,AI is off,AI is off,Not paired,AI is off,0,0,0
1878000,4.6,0,1,0.3,0.21,0,0,99,1,0,25,False,True,0,0,54,39,30,3.89,AI is off,AI is off,AI is off,AI is off,Not paired,AI is off,0,0,0
1880000,4.3,0,1,0.3,0.21,0,0,99,1,0,25,False,True,0,0,55,43,32,3.89,AI is off,AI is off,AI is off,AI is off,Not paired,AI is off,0,0,0
1882000,4,0,1,0.29,0.21,0,0,99,1,0,25,False,True,0,0,53,41,30,3.89,AI is off,AI is off,AI is off,AI is off,Not paired,AI is off,0,0,0
1884000,3.6,0,1,0.28,0.21,0,0,99,1,0,25,False,True,0,0,54,42,31,3.89,AI is off,AI is off,AI is off,AI is off,Not paired,AI is off,0,0,0
1886000,3.2,0,1,0.27,0.21,0,0,99,1,0,25,False,True,0,0,53,41,31,3.89,AI is off,AI is off,AI is off,AI is off,Not paired,AI is off,0,0,0
1888000,3.1,0,1,0.27,0.21,0,0,99,1,0,25,False,True,0,0,53,41,30,3.89,AI is off,AI is off,AI is off,AI is off,Not paired,AI is off,0,0,0
1890000,2.6,0,1,0.26,0.21,0,0,99,1,0,25,False,True,0,0,54,41,32,3.89,AI is off,AI is off,AI is off,AI is off,Not paired,AI is off,0,0,0
1892000,2.3,0,1,0.26,0.21,0,0,99,1,0,25,False,True,0,0,54,41,31,3.89,AI is off,AI is off,AI is off,AI is off,Not paired,AI is off,0,0,0
1894000,2,0,1,0.25,0.21,0,0,99,1,0,25,False,True,0,0,54,41,31,3.89,AI is off,AI is off,AI is off,AI is off,Not paired,AI is off,0,0,0
1896000,1.7,0,1,0.24,0.21,0,0,99,1,0,25,False,True,0,0,53,41,31,3.89,AI is off,AI is off,AI is off,AI is off,Not paired,AI is off,0,0,0
1898000,1.2,0,1,0.23,0.21,0,0,99,1,0,25,False,True,0,0,55,43,32,3.89,AI is off,AI is off,AI is off,AI is off,Not paired,AI is off,0,0,0
1900000,0.9,0,1,0.23,0.21,0,0,99,1,0,25,False,True,0,0,54,41,31,3.89,AI is off,AI is off,AI is off,AI is off,Not paired,AI is off,0,0,0
1902000,0,0,1,0.22,0.21,0,0,99,1,0,25,False,True,0,0,53,39,29,3.89,AI is off,AI is off,AI is off,AI is off,Not paired,AI is off,0,0,0
1904000,0,0,0,0.22,0.21,0,0,99,1,0,25,False,True,0,0,52,40,29,3.89,AI is off,AI is off,AI is off,AI is off,Not paired,AI is off,0,0,0
1906000,0,0,0,0.22,0.21,0,0,99,1,0,25,False,True,0,0,53,39,30,3.89,AI is off,AI is off,AI is off,AI is off,Not paired,AI is off,0,0,0
1908000,0,0,0,0.21,0.21,0,0,99,1,0,25,False,True,0,0,53,39,29,3.89,AI is off,AI is off,AI is off,AI is off,Not paired,AI is off,0,0,0
1910000,0,0,0,0.21,0.21,0,0,99,1,0,25,False,True,0,0,54,40,30,3.89,AI is off,AI is off,AI is off,AI is off,Not paired,AI is off,0,0,0
1912000,0,0,0,0.21,0.21,0,0,99,1,0,25,False,True,0,0,52,38,29,3.89,AI is off,AI is off,AI is off,AI is off,Not paired,AI is off,0,0,0
1914000,0,0,0,0.21,0.21,0,0,99,1,0,25,False,True,0,0,53,39,30,3.89,AI is off,AI is off,AI is off,AI is off,Not paired,AI is off,0,0,0
1916000,0,0,0,0.21,0.21,0,0,99,1,0,25,False,True,0,0,53,39,29,3.89,AI is off,AI is off,AI is off,AI is off,Not paired,AI is off,0,0,0
1918000,0,0,0,0.21,0.21,0,0,99,1,0,25,False,True,0,0,53,42,30,3.89,AI is off,AI is off,AI is off,AI is off,Not paired,AI is off,0,0,0
1920000,0,0,0,0.21,0.21,0,0,99,1,0,25,False,True,0,0,54,41,30,3.89,AI is off,AI is off,AI is off,AI is off,Not paired,AI is off,0,0,0
1922000,0,0,0,0.21,0.21,0,0,99,1,0,25,False,True,0,0,54,41,31,3.89,AI is off,AI is off,AI is off,AI is off,Not paired,AI is off,0,0,0
1924000,0,0,0,0.21,0.21,0,0,99,1,0,25,False,True,0,0,52,39,29,3.89,AI is off,AI is off,AI is off,AI is off,Not paired,AI is off,0,0,0
1926000,0,0,0,0.21,0.21,0,0,99,1,0,25,False,True,0,0,53,40,30,3.89,AI is off,AI is off,AI is off,AI is off,Not paired,AI is off,0,0,0
1928000,0,0,0,0.21,0.21,0,0,99,1,0,25,False,True,0,0,53,39,29,3.89,AI is off,AI is off,AI is off,AI is off,Not paired,AI is off,0,0,0
1930000,0,0,0,0.21,0.21,0,0,99,1,0,26,False,True,0,0,54,42,31,3.89,AI is off,AI is off,AI is off,AI is off,Not paired,AI is off,0,0,0
1932000,0,0,0,0.21,0.21,0,0,99,1,0,26,False,True,0,0,53,41,31,3.89,AI is off,AI is off,AI is off,AI is off,Not paired,AI is off,0,0,0
1934000,0,0,0,0.21,0.21,0,0,99,1,0,26,False,True,0,0,53,40,29,3.89,AI is off,AI is off,AI is off,AI is off,Not paired,AI is off,0,0,0
1936000,0,0,0,0.21,0.21,0,0,99,1,0,26,False,True,0,0,53,39,28,3.89,AI is off,AI is off,AI is off,AI is off,Not paired,AI is off,0,0,0
1938000,0,0,0,0.21,0.21,0,0,99,1,0,26,False,True,0,0,53,39,28,3.89,AI is off,AI is off,AI is off,AI is off,Not paired,AI is off,0,0,0
1940000,0,0,0,0.21,0.21,0,0,99,1,0,26,False,True,0,0,54,40,30,3.89,AI is off,AI is off,AI is off,AI is off,Not paired,AI is off,0,0,0
1942000,0,0,0,0.21,0.21,0,0,99,1,0,26,False,True,0,0,53,39,28,3.89,AI is off,AI is off,AI is off,AI is off,Not paired,AI is off,0,0,0
1944000,0,0,0,0.22,0.21,0,0,99,1,0,26,False,True,0,0,52,41,30,3.89,AI is off,AI is off,AI is off,AI is off,Not paired,AI is off,0,0,0
1946000,0,0,0,0.22,0.21,0,0,99,1,0,26,False,True,0,0,53,39,30,3.89,AI is off,AI is off,AI is off,AI is off,Not paired,AI is off,0,0,0
1948000,0,0,0,0.22,0.21,0,0,99,1,0,26,False,True,0,0,53,41,31,3.89,AI is off,AI is off,AI is off,AI is off,Not paired,AI is off,0,0,0
1950000,0,0,0,0.21,0.21,0,0,99,1,0,26,False,True,0,0,54,39,29,3.89,AI is off,AI is off,AI is off,AI is off,Not paired,AI is off,0,0,0
1952000,0,0,0,0.22,0.21,0,0,99,1,0,26,False,True,0,0,54,41,30,3.89,AI is off,AI is off,AI is off,AI is off,Not paired,AI is off,0,0,0
1954000,0,0,0,0.22,0.21,0,0,99,1,0,26,False,True,0,0,54,41,29,3.89,AI is off,AI is off,AI is off,AI is off,Not paired,AI is off,0,0,0
1956000,0,0,0,0.22,0.21,0,0,99,1,0,26,False,True,0,0,53,41,30,3.89,AI is off,AI is off,AI is off,AI is off,Not paired,AI is off,0,0,0
1958000,0,0,0,0.21,0.21,0,0,99,1,0,26,False,True,0,0,54,41,30,3.89,AI is off,AI is off,AI is off,AI is off,Not paired,AI is off,0,0,0