Dive Number,GF Minimum,GF Maximum,Surface Interval (min),Imperial Units,Start Battery Voltage,Start CNS %,Start Date,Start External O2 Sensor Status,Start Low Set Point,Start High Set Point,Computer Firmware Version,Max Depth,Max Time,Error History,End Battery Voltage,End CNS,End Date,End External O2 Sensor Status,End Low Set Point,End High Set Point,Computer Serial Number,Computer Firmware Version,Computer Model,Log Version,Deco Model,VPM-B Conservatism,Start Surface Pressure,End Surface Pressure,Product
94,40,85,1050,False,4,0,7/6/2024 9:13:44 AM,False,0,1,86,9.400001,1976,,4,0,7/6/2024 9:46:35 AM,False,0,1,937B0677,86,2,13,GF,40/85,998,998,Peregrine
Time (ms),Depth,First Stop Depth,Time To Surface (min),Average PPO2,Fraction O2,Fraction He,First Stop Time,Current NDL,Current Circuit Mode,Current CCR Mode,Water Temp,Gas Switch Needed,External PPO2,Set Point Type,Circuit Switch Type,External O2 Sensor 1 (mV),External O2 Sensor 2 (mV),External O2 Sensor 3 (mV),Battery Voltage,Tank 1 pressure (PSI),Tank 2 pressure (PSI),Tank 3 pressure (PSI),Tank 4 pressure (PSI),Gas Time Remaining,SAC Rate (2 minute avg),Ascent Rate,Safe Ascent Depth,CO2mbar
0,1.2,0,1,0.23,0.21,0,0,0,1,0,25,False,True,0,0,57,44,32,3.99,AI is off,AI is off,AI is off,AI is off,Not paired,AI is off,0,0,0
2000,1.3,0,1,0.23,0.21,0,0,0,1,0,25,False,True,0,0,55,41,30,4,AI is off,AI is off,AI is off,AI is off,Not paired,AI is off,0,0,0
4000,1.8,0,1,0.24,0.21,0,0,0,1,0,25,False,True,0,0,53,38,28,4,AI is off,AI is off,AI is off,AI is off,Not paired,AI is off,0,0,0
6000,1.9,0,1,0.25,0.21,0,0,0,1,0,25,False,True,0,0,53,39,27,4,AI is off,AI is off,AI is off,AI is off,Not paired,AI is off,0,0,0
8000,1.9,0,1,0.25,0.21,0,0,0,1,0,25,False,True,0,0,53,39,26,4,AI is off,AI is off,AI is off,AI is off,Not paired,AI is off,0,0,0
10000,1.7,0,1,0.25,0.21,0,0,99,1,0,25,False,True,0,0,54,39,29,4,AI is off,AI is off,AI is off,AI is off,Not paired,AI is off,0,0,0
12000,1.8,0,1,0.24,0.21,0,0,99,1,0,25,False,True,0,0,54,39,28,4,AI is off,AI is off,AI is off,AI is off,Not paired,AI is off,0,0,0
14000,2.2,0,1,0.25,0.21,0,0,99,1,0,25,False,True,0,0,52,38,27,4,AI is off,AI is off,AI is off,AI is off,Not paired,AI is off,0,0,0
16000,2.5,0,1,0.26,0.21,0,0,99,1,0,24,False,True,0,0,54,38,28,4,AI is off,AI is off,AI is off,AI is off,Not paired,AI is off,0,0,0
18000,2.9,0,1,0.27,0.21,0,0,99,1,0,24,False,True,0,0,53,38,27,4,AI is off,AI is off,AI is off,AI is off,Not paired,AI is off,0,0,0
20000,3.4,0,1,0.27,0.21,0,0,99,1,0,24,False,True,0,0,54,37,28,4,AI is off,AI is off,AI is off,AI is off,Not paired,AI is off,0,0,0
22000,3.9,0,1,0.29,0.21,0,0,99,1,0,24,False,True,0,0,54,38,27,4,AI is off,AI is off,AI is off,AI is off,Not paired,AI is off,0,0,0
24000,4.2,0,1,0.29,0.21,0,0,99,1,0,24,False,True,0,0,54,38,29,4,AI is off,AI is off,AI is off,AI is off,Not paired,AI is off,0,0,0
26000,4.5,0,1,0.3,0.21,0,0,99,1,0,24,False,True,0,0,54,38,28,4,AI is off,AI is off,AI is off,AI is off,Not paired,AI is off,0,0,0
28000,4.9,0,1,0.31,0.21,0,0,99,1,0,24,False,True,0,0,53,38,28,4,AI is off,AI is off,AI is off,AI is off,Not paired,AI is off,0,0,0
30000,5.4,0,1,0.32,0.21,0,0,99,1,0,24,False,True,0,0,52,38,26,4,AI is off,AI is off,AI is off,AI is off,Not paired,AI is off,0,0,0
32000,5.7,0,1,0.32,0.21,0,0,99,1,0,24,False,True,0,0,53,38,28,4,AI is off,AI is off,AI is off,AI is off,Not paired,AI is off,0,0,0
34000,6,0,1,0.33,0.21,0,0,99,1,0,24,False,True,0,0,54,38,29,4,AI is off,AI is off,AI is off,AI is off,Not paired,AI is off,0,0,0
36000,6.1,0,1,0.34,0.21,0,0,99,1,0,24,False,True,0,0,53,38,28,4,AI is off,AI is off,AI is off,AI is off,Not paired,AI is off,0,0,0
38000,6.2,0,1,0.34,0.21,0,0,99,1,0,24,False,True,0,0,54,38,28,4,AI is off,AI is off,AI is off,AI is off,Not paired,AI is off,0,0,0
40000,6.3,0,1,0.34,0.21,0,0,99,1,0,24,False,True,0,0,54,39,29,4,AI is off,AI is off,AI is off,AI is off,Not paired,AI is off,0,0,0
42000,6.3,0,1,0.34,0.21,0,0,99,1,0,24,False,True,0,0,53,38,27,4,AI is off,AI is off,AI is off,AI is off,Not paired,AI is off,0,0,0
44000,6.5,0,1,0.34,0.21,0,0,99,1,0,23,False,True,0,0,54,39,29,4,AI is off,AI is off,AI is off,AI is off,Not paired,AI is off,0,0,0
46000,6.4,0,1,0.34,0.21,0,0,99,1,0,23,False,True,0,0,54,39,29,4,AI is off,AI is off,AI is off,AI is off,Not paired,AI is off,0,0,0
48000,6.2,0,1,0.34,0.21,0,0,99,1,0,23,False,True,0,0,54,39,29,4,AI is off,AI is off,AI is off,AI is off,Not paired,AI is off,0,0,0
50000,6.1,0,1,0.33,0.21,0,0,99,1,0,23,False,True,0,0,54,39,27,4,AI is off,AI is off,AI is off,AI is off,Not paired,AI is off,0,0,0
52000,6.2,0,1,0.34,0.21,0,0,99,1,0,23,False,True,0,0,53,38,28,4,AI is off,AI is off,AI is off,AI is off,Not paired,AI is off,0,0,0
54000,6.2,0,1,0.34,0.21,0,0,99,1,0,23,False,True,0,0,54,39,29,4,AI is off,AI is off,AI is off,AI is off,Not paired,AI is off,0,0,0
56000,6.3,0,1,0.34,0.21,0,0,99,1,0,23,False,True,0,0,54,39,29,4,AI is off,AI is off,AI is off,AI is off,Not paired,AI is off,0,0,0
58000,6.2,0,1,0.34,0.21,0,0,99,1,0,23,False,True,0,0,53,39,29,4,AI is off,AI is off,AI is off,AI is off,Not paired,AI is off,0,0,0
60000,5.7,0,1,0.33,0.21,0,0,99,1,0,23,False,True,0,0,51,37,25,4,AI is off,AI is off,AI is off,AI is off,Not paired,AI is off,0,0,0
62000,5.8,0,1,0.33,0.21,0,0,99,1,0,23,False,True,0,0,54,39,30,4,AI is off,AI is off,AI is off,AI is off,Not paired,AI is off,0,0,0
64000,5.9,0,1,0.33,0.21,0,0,99,1,0,23,False,True,0,0,54,38,28,4,AI is off,AI is off,AI is off,AI is off,Not paired,AI is off,0,0,0
66000,6.1,0,1,0.34,0.21,0,0,99,1,0,23,False,True,0,0,53,39,29,4,AI is off,AI is off,AI is off,AI is off,Not paired,AI is off,0,0,0
68000,6.1,0,1,0.33,0.21,0,0,99,1,0,23,False,True,0,0,53,39,28,4,AI is off,AI is off,AI is off,AI is off,Not paired,AI is off,0,0,0
70000,6.3,0,1,0.34,0.21,0,0,99,1,0,23,False,True,0,0,53,38,27,4,AI is off,AI is off,AI is off,AI is off,Not paired,AI is off,0,0,0
72000,5.9,0,1,0.33,0.21,0,0,99,1,0,23,False,True,0,0,55,40,29,4,AI is off,AI is off,AI is off,AI is off,Not paired,AI is off,0,0,0
74000,5.9,0,1,0.33,0.21,0,0,99,1,0,23,False,True,0,0,54,38,28,4,AI is off,AI is off,AI is off,AI is off,Not paired,AI is off,0,0,0
76000,6.1,0,1,0.33,0.21,0,0,99,1,0,23,False,True,0,0,53,38,28,4,AI is off,AI is off,AI is off,AI is off,Not paired,AI is off,0,0,0
78000,6.2,0,1,0.34,0.21,0,0,99,1,0,22,False,True,0,0,54,37,27,4,AI is off,AI is off,AI is off,AI is off,Not paired,AI is off,0,0,0
80000,6,0,1,0.33,0.21,0,0,99,1,0,22,False,True,0,0,52,38,28,4,AI is off,AI is off,AI is off,AI is off,Not paired,AI is off,0,0,0
82000,5.9,0,1,0.33,0.21,0,0,99,1,0,22,False,True,0,0,52,38,26,4,AI is off,AI is off,AI is off,AI is off,Not paired,AI is off,0,0,0
84000,6,0,1,0.33,0.21,0,0,99,1,0,22,False,True,0,0,52,38,27,4,AI is off,AI is off,AI is off,AI is off,Not paired,AI is off,0,0,0
86000,6.2,0,1,0.34,0.21,0,0,99,1,0,22,False,True,0,0,54,39,29,4,AI is off,AI is off,AI is off,AI is off,Not paired,AI is off,0,0,0
88000,6.3,0,1,0.34,0.21,0,0,99,1,0,22,False,True,0,0,55,39,29,4,AI is off,AI is off,AI is off,AI is off,Not paired,AI is off,0,0,0
90000,6.3,0,1,0.34,0.21,0,0,99,1,0,22,False,True,0,0,53,39,29,4,AI is off,AI is off,AI is off,AI is off,Not paired,AI is off,0,0,0
92000,6.5,0,1,0.34,0.21,0,0,99,1,0,22,False,True,0,0,53,39,29,4,AI is off,AI is off,AI is off,AI is off,Not paired,AI is off,0,0,0
94000,6.7,0,1,0.35,0.21,0,0,99,1,0,22,False,True,0,0,53,39,29,4,AI is off,AI is off,AI is off,AI is off,Not paired,AI is off,0,0,0
96000,6.6,0,1,0.35,0.21,0,0,99,1,0,22,False,True,0,0,53,39,29,4,AI is off,AI is off,AI is off,AI is off,Not paired,AI is off,0,0,0
98000,6.6,0,1,0.35,0.21,0,0,99,1,0,22,False,True,0,0,54,37,27,4,AI is off,AI is off,AI is off,AI is off,Not paired,AI is off,0,0,0
100000,6.6,0,1,0.34,0.21,0,0,99,1,0,22,False,True,0,0,54,39,29,4,AI is off,AI is off,AI is off,AI is off,Not paired,AI is off,0,0,0
102000,6.4,0,1,0.34,0.21,0,0,99,1,0,22,False,True,0,0,54,40,28,4,AI is off,AI is off,AI is off,AI is off,Not paired,AI is off,0,0,0
104000,6.5,0,1,0.34,0.21,0,0,99,1,0,22,False,True,0,0,54,40,28,4,AI is off,AI is off,AI is off,AI is off,Not paired,AI is off,0,0,0
106000,6.3,0,1,0.34,0.21,0,0,99,1,0,22,False,True,0,0,53,39,28,4,AI is off,AI is off,AI is off,AI is off,Not paired,AI is off,0,0,0
108000,6.6,0,1,0.34,0.21,0,0,99,1,0,22,False,True,0,0,53,39,29,4,AI is off,AI is off,AI is off,AI is off,Not paired,AI is off,0,0,0
110000,6.4,0,1,0.34,0.21,0,0,99,1,0,22,False,True,0,0,55,39,30,4,AI is off,AI is off,AI is off,AI is off,Not paired,AI is off,0,0,0
112000,6.2,0,1,0.34,0.21,0,0,99,1,0,22,False,True,0,0,54,39,30,4,AI is off,AI is off,AI is off,AI is off,Not paired,AI is off,0,0,0
114000,5.9,0,1,0.33,0.21,0,0,99,1,0,22,False,True,0,0,54,39,30,4,AI is off,AI is off,AI is off,AI is off,Not paired,AI is off,0,0,0
116000,6,0,1,0.33,0.21,0,0,99,1,0,22,False,True,0,0,54,39,29,4,AI is off,AI is off,AI is off,AI is off,Not paired,AI is off,0,0,0
118000,5.8,0,1,0.33,0.21,0,0,99,1,0,22,False,True,0,0,54,40,31,4,AI is off,AI is off,AI is off,AI is off,Not paired,AI is off,0,0,0
120000,5.7,0,1,0.33,0.21,0,0,99,1,0,22,False,True,0,0,54,40,30,4,AI is off,AI is off,AI is off,AI is off,Not paired,AI is off,0,0,0
122000,5.5,0,1,0.32,0.21,0,0,99,1,0,22,False,True,0,0,54,39,29,4,AI is off,AI is off,AI is off,AI is off,Not paired,AI is off,0,0,0
124000,5.4,0,1,0.32,0.21,0,0,99,1,0,22,False,True,0,0,54,39,29,4,AI is off,AI is off,AI is off,AI is off,Not paired,AI is off,0,0,0
126000,5.4,0,1,0.32,0.21,0,0,99,1,0,22,False,True,0,0,54,38,28,4,AI is off,AI is off,AI is off,AI is off,Not paired,AI is off,0,0,0
128000,5.3,0,1,0.32,0.21,0,0,99,1,0,22,False,True,0,0,54,39,29,4,AI is off,AI is off,AI is off,AI is off,Not paired,AI is off,0,0,0
130000,5.3,0,1,0.32,0.21,0,0,99,1,0,22,False,True,0,0,54,39,29,4,AI is off,AI is off,AI is off,AI is off,Not paired,AI is off,0,0,0
132000,5.8,0,1,0.33,0.21,0,0,99,1,0,22,False,True,0,0,55,39,30,4,AI is off,AI is off,AI is off,AI is off,Not paired,AI is off,0,0,0
134000,5.9,0,1,0.33,0.21,0,0,99,1,0,22,False,True,0,0,54,39,30,4,AI is off,AI is off,AI is off,AI is off,Not paired,AI is off,0,0,0
136000,6,0,1,0.33,0.21,0,0,99,1,0,22,False,True,0,0,54,38,29,4,AI is off,AI is off,AI is off,AI is off,Not paired,AI is off,0,0,0
138000,5.9,0,1,0.33,0.21,0,0,99,1,0,22,False,True,0,0,54,39,29,4,AI is off,AI is off,AI is off,AI is off,Not paired,AI is off,0,0,0
140000,6.1,0,1,0.33,0.21,0,0,99,1,0,21,False,True,0,0,55,40,30,4,AI is off,AI is off,AI is off,AI is off,Not paired,AI is off,0,0,0
142000,6,0,1,0.33,0.21,0,0,99,1,0,21,False,True,0,0,53,40,30,4,AI is off,AI is off,AI is off,AI is off,Not paired,AI is off,0,0,0
144000,5.9,0,1,0.33,0.21,0,0,99,1,0,21,False,True,0,0,54,38,29,4,AI is off,AI is off,AI is off,AI is off,Not paired,AI is off,0,0,0
146000,5.7,0,1,0.33,0.21,0,0,99,1,0,21,False,True,0,0,54,40,28,4,AI is off,AI is off,AI is off,AI is off,Not paired,AI is off,0,0,0
148000,5.7,0,1,0.33,0.21,0,0,99,1,0,21,False,True,0,0,55,41,28,4,AI is off,AI is off,AI is off,AI is off,Not paired,AI is off,0,0,0
150000,5.8,0,1,0.33,0.21,0,0,99,1,0,21,False,True,0,0,56,41,30,4,AI is off,AI is off,AI is off,AI is off,Not paired,AI is off,0,0,0
152000,5.8,0,1,0.33,0.21,0,0,99,1,0,21,False,True,0,0,54,40,28,4,AI is off,AI is off,AI is off,AI is off,Not paired,AI is off,0,0,0
154000,5.8,0,1,0.33,0.21,0,0,99,1,0,21,False,True,0,0,54,40,28,4,AI is off,AI is off,AI is off,AI is off,Not paired,AI is off,0,0,0
156000,5.8,0,1,0.33,0.21,0,0,99,1,0,21,False,True,0,0,53,40,31,4,AI is off,AI is off,AI is off,AI is off,Not paired,AI is off,0,0,0
158000,6,0,1,0.33,0.21,0,0,99,1,0,21,False,True,0,0,55,39,30,4,AI is off,AI is off,AI is off,AI is off,Not paired,AI is off,0,0,0
160000,6,0,1,0.33,0.21,0,0,99,1,0,21,False,True,0,0,54,40,30,4,AI is off,AI is off,AI is off,AI is off,Not paired,AI is off,0,0,0
162000,5.9,0,1,0.33,0.21,0,0,99,1,0,21,False,True,0,0,55,39,30,4,AI is off,AI is off,AI is off,AI is off,Not paired,AI is off,0,0,0
164000,6,0,1,0.33,0.21,0,0,99,1,0,21,False,True,0,0,55,40,30,4,AI is off,AI is off,AI is off,AI is off,Not paired,AI is off,0,0,0
166000,6.2,0,1,0.34,0.21,0,0,99,1,0,21,False,True,0,0,54,40,32,4,AI is off,AI is off,AI is off,AI is off,Not paired,AI is off,0,0,0
168000,5.8,0,1,0.33,0.21,0,0,99,1,0,21,False,True,0,0,53,39,30,4,AI is off,AI is off,AI is off,AI is off,Not paired,AI is off,0,0,0
170000,5.9,0,1,0.33,0.21,0,0,99,1,0,21,False,True,0,0,53,38,27,4,AI is off,AI is off,AI is off,AI is off,Not paired,AI is off,0,0,0
172000,5.9,0,1,0.33,0.21,0,0,99,1,0,21,False,True,0,0,53,39,28,4,AI is off,AI is off,AI is off,AI is off,Not paired,AI is off,0,0,0
174000,5.7,0,1,0.33,0.21,0,0,99,1,0,21,False,True,0,0,53,40,30,4,AI is off,AI is off,AI is off,AI is off,Not paired,AI is off,0,0,0
176000,5.8,0,1,0.33,0.21,0,0,99,1,0,21,False,True,0,0,54,40,31,4,AI is off,AI is off,AI is off,AI is off,Not paired,AI is off,0,0,0
178000,5.8,0,1,0.33,0.21,0,0,99,1,0,21,False,True,0,0,53,39,31,4,AI is off,AI is off,AI is off,AI is off,Not paired,AI is off,0,0,0
180000,5.8,0,1,0.33,0.21,0,0,99,1,0,21,False,True,0,0,54,38,29,4,AI is off,AI is off,AI is off,AI is off,Not paired,AI is off,0,0,0
182000,5.7,0,1,0.33,0.21,0,0,99,1,0,21,False,True,0,0,55,40,30,4,AI is off,AI is off,AI is off,AI is off,Not paired,AI is off,0,0,0
184000,5.5,0,1,0.32,0.21,0,0,99,1,0,21,False,True,0,0,55,39,30,4,AI is off,AI is off,AI is off,AI is off,Not paired,AI is off,0,0,0
186000,5.5,0,1,0.32,0.21,0,0,99,1,0,21,False,True,0,0,52,38,26,4,AI is off,AI is off,AI is off,AI is off,Not paired,AI is off,0,0,0
188000,5.7,0,1,0.33,0.21,0,0,99,1,0,21,False,True,0,0,55,39,29,4,AI is off,AI is off,AI is off,AI is off,Not paired,AI is off,0,0,0
190000,5.4,0,1,0.32,0.21,0,0,99,1,0,21,False,True,0,0,54,40,29,4,AI is off,AI is off,AI is off,AI is off,Not paired,AI is off,0,0,0
192000,5.3,0,1,0.32,0.21,0,0,99,1,0,21,False,True,0,0,53,38,27,4,AI is off,AI is off,AI is off,AI is off,Not paired,AI is off,0,0,0
194000,5.6,0,1,0.32,0.21,0,0,99,1,0,21,False,True,0,0,54,39,28,4,AI is off,AI is off,AI is off,AI is off,Not paired,AI is off,0,0,0
196000,5.8,0,1,0.33,0.21,0,0,99,1,0,21,False,True,0,0,54,39,30,4,AI is off,AI is off,AI is off,AI is off,Not paired,AI is off,0,0,0
198000,5.9,0,1,0.33,0.21,0,0,99,1,0,21,False,True,0,0,54,39,29,4,AI is off,AI is off,AI is off,AI is off,Not paired,AI is off,0,0,0
200000,5.6,0,1,0.33,0.21,0,0,99,1,0,21,False,True,0,0,53,38,27,4,AI is off,AI is off,AI is off,AI is off,Not paired,AI is off,0,0,0
202000,5.8,0,1,0.33,0.21,0,0,99,1,0,21,False,True,0,0,55,39,30,4,AI is off,AI is off,AI is off,AI is off,Not paired,AI is off,0,0,0
204000,5.8,0,1,0.33,0.21,0,0,99,1,0,21,False,True,0,0,52,38,28,4,AI is off,AI is off,AI is off,AI is off,Not paired,AI is off,0,0,0
206000,5.8,0,1,0.33,0.21,0,0,99,1,0,21,False,True,0,0,54,39,30,4,AI is off,AI is off,AI is off,AI is off,Not paired,AI is off,0,0,0
208000,6,0,1,0.33,0.21,0,0,99,1,0,21,False,True,0,0,52,39,27,4,AI is off,AI is off,AI is off,AI is off,Not paired,AI is off,0,0,0
210000,6.1,0,1,0.33,0.21,0,0,99,1,0,21,False,True,0,0,55,40,30,4,AI is off,AI is off,AI is off,AI is off,Not paired,AI is off,0,0,0
212000,6.2,0,1,0.34,0.21,0,0,99,1,0,21,False,True,0,0,55,39,30,4,AI is off,AI is off,AI is off,AI is off,Not paired,AI is off,0,0,0
214000,6.1,0,1,0.34,0.21,0,0,99,1,0,21,False,True,0,0,55,40,31,4,AI is off,AI is off,AI is off,AI is off,Not paired,AI is off,0,0,0
216000,5.9,0,1,0.33,0.21,0,0,99,1,0,21,False,True,0,0,54,39,29,4,AI is off,AI is off,AI is off,AI is off,Not paired,AI is off,0,0,0
218000,5.8,0,1,0.33,0.21,0,0,99,1,0,21,False,True,0,0,55,40,30,4,AI is off,AI is off,AI is off,AI is off,Not paired,AI is off,0,0,0
220000,5.8,0,1,0.33,0.21,0,0,99,1,0,21,False,True,0,0,53,38,29,4,AI is off,AI is off,AI is off,AI is off,Not paired,AI is off,0,0,0
222000,5.5,0,1,0.32,0.21,0,0,99,1,0,21,False,True,0,0,55,39,30,4,AI is off,AI is off,AI is off,AI is off,Not paired,AI is off,0,0,0
224000,5.5,0,1,0.32,0.21,0,0,99,1,0,21,False,True,0,0,55,40,30,4,AI is off,AI is off,AI is off,AI is off,Not paired,AI is off,0,0,0
226000,5.1,0,1,0.32,0.21,0,0,99,1,0,21,False,True,0,0,54,39,30,4,AI is off,AI is off,AI is off,AI is off,Not paired,AI is off,0,0,0
228000,5,0,1,0.31,0.21,0,0,99,1,0,21,False,True,0,0,55,39,30,4,AI is off,AI is off,AI is off,AI is off,Not paired,AI is off,0,0,0
230000,4.9,0,1,0.31,0.21,0,0,99,1,0,21,False,True,0,0,55,40,30,4,AI is off,AI is off,AI is off,AI is off,Not paired,AI is off,0,0,0
232000,4.8,0,1,0.31,0.21,0,0,99,1,0,21,False,True,0,0,55,40,30,4,AI is off,AI is off,AI is off,AI is off,Not paired,AI is off,0,0,0
234000,4.8,0,1,0.31,0.21,0,0,99,1,0,21,False,True,0,0,55,39,29,4,AI is off,AI is off,AI is off,AI is off,Not paired,AI is off,0,0,0
236000,4.8,0,1,0.31,0.21,0,0,99,1,0,21,False,True,0,0,54,38,29,4,AI is off,AI is off,AI is off,AI is off,Not paired,AI is off,0,0,0
238000,4.9,0,1,0.31,0.21,0,0,99,1,0,21,False,True,0,0,54,39,29,4,AI is off,AI is off,AI is off,AI is off,Not paired,AI is off,0,0,0
240000,4.9,0,1,0.31,0.21,0,0,99,1,0,21,False,True,0,0,54,39,29,4,AI is off,AI is off,AI is off,AI is off,Not paired,AI is off,0,0,0
242000,4.9,0,1,0.31,0.21,0,0,99,1,0,20,False,True,0,0,53,39,29,4,AI is off,AI is off,AI is off,AI is off,Not paired,AI is off,0,0,0
244000,4.9,0,1,0.31,0.21,0,0,99,1,0,20,False,True,0,0,52,39,28,4,AI is off,AI is off,AI is off,AI is off,Not paired,AI is off,0,0,0
246000,4.9,0,1,0.31,0.21,0,0,99,1,0,20,False,True,0,0,53,39,27,4,AI is off,AI is off,AI is off,AI is off,Not paired,AI is off,0,0,0
248000,5,0,1,0.31,0.21,0,0,99,1,0,20,False,True,0,0,53,39,30,4,AI is off,AI is off,AI is off,AI is off,Not paired,AI is off,0,0,0
250000,5,0,1,0.31,0.21,0,0,99,1,0,20,False,True,0,0,54,39,30,4,AI is off,AI is off,AI is off,AI is off,Not paired,AI is off,0,0,0
252000,5.1,0,1,0.31,0.21,0,0,99,1,0,20,False,True,0,0,54,39,30,4,AI is off,AI is off,AI is off,AI is off,Not paired,AI is off,0,0,0
254000,5.2,0,1,0.32,0.21,0,0,99,1,0,20,False,True,0,0,53,40,31,4,AI is off,AI is off,AI is off,AI is off,Not paired,AI is off,0,0,0
256000,4.5,0,1,0.31,0.21,0,0,99,1,0,20,False,True,0,0,53,39,28,4,AI is off,AI is off,AI is off,AI is off,Not paired,AI is off,0,0,0
258000,4.3,0,1,0.3,0.21,0,0,99,1,0,20,False,True,0,0,54,41,30,4,AI is off,AI is off,AI is off,AI is off,Not paired,AI is off,0,0,0
260000,4.4,0,1,0.3,0.21,0,0,99,1,0,20,False,True,0,0,54,40,29,4,AI is off,AI is off,AI is off,AI is off,Not paired,AI is off,0,0,0
262000,4.5,0,1,0.3,0.21,0,0,99,1,0,20,False,True,0,0,55,41,30,4,AI is off,AI is off,AI is off,AI is off,Not paired,AI is off,0,0,0
264000,4.4,0,1,0.3,0.21,0,0,99,1,0,20,False,True,0,0,55,41,30,4,AI is off,AI is off,AI is off,AI is off,Not paired,AI is off,0,0,0
266000,4.4,0,1,0.3,0.21,0,0,99,1,0,20,False,True,0,0,54,41,30,4,AI is off,AI is off,AI is off,AI is off,Not paired,AI is off,0,0,0
268000,4.5,0,1,0.3,0.21,0,0,99,1,0,20,False,True,0,0,55,41,29,4,AI is off,AI is off,AI is off,AI is off,Not paired,AI is off,0,0,0
270000,4.5,0,1,0.3,0.21,0,0,99,1,0,20,False,True,0,0,55,41,29,4,AI is off,AI is off,AI is off,AI is off,Not paired,AI is off,0,0,0
272000,4.5,0,1,0.3,0.21,0,0,99,1,0,20,False,True,0,0,55,41,29,4,AI is off,AI is off,AI is off,AI is off,Not paired,AI is off,0,0,0
274000,4.5,0,1,0.3,0.21,0,0,99,1,0,20,False,True,0,0,54,42,31,4,AI is off,AI is off,AI is off,AI is off,Not paired,AI is off,0,0,0
276000,4.9,0,1,0.31,0.21,0,0,99,1,0,20,False,True,0,0,55,40,30,4,AI is off,AI is off,AI is off,AI is off,Not paired,AI is off,0,0,0
278000,4.5,0,1,0.3,0.21,0,0,99,1,0,20,False,True,0,0,55,41,29,4,AI is off,AI is off,AI is off,AI is off,Not paired,AI is off,0,0,0
280000,4.4,0,1,0.3,0.21,0,0,99,1,0,20,False,True,0,0,54,41,30,4,AI is off,AI is off,AI is off,AI is off,Not paired,AI is off,0,0,0
282000,4.4,0,1,0.3,0.21,0,0,99,1,0,20,False,True,0,0,55,41,29,4,AI is off,AI is off,AI is off,AI is off,Not paired,AI is off,0,0,0
284000,4.5,0,1,0.3,0.21,0,0,99,1,0,20,False,True,0,0,55,41,30,4,AI is off,AI is off,AI is off,AI is off,Not paired,AI is off,0,0,0
286000,4.6,0,1,0.3,0.21,0,0,99,1,0,20,False,True,0,0,54,40,30,4,AI is off,AI is off,AI is off,AI is off,Not paired,AI is off,0,0,0
288000,4.8,0,1,0.31,0.21,0,0,99,1,0,20,False,True,0,0,53,40,30,4,AI is off,AI is off,AI is off,AI is off,Not paired,AI is off,0,0,0
290000,5,0,1,0.31,0.21,0,0,99,1,0,20,False,True,0,0,53,38,27,4,AI is off,AI is off,AI is off,AI is off,Not paired,AI is off,0,0,0
292000,5.2,0,1,0.31,0.21,0,0,99,1,0,20,False,True,0,0,52,38,27,4,AI is off,AI is off,AI is off,AI is off,Not paired,AI is off,0,0,0
294000,5.3,0,1,0.32,0.21,0,0,99,1,0,20,False,True,0,0,55,41,30,4,AI is off,AI is off,AI is off,AI is off,Not paired,AI is off,0,0,0
296000,5.4,0,1,0.32,0.21,0,0,99,1,0,20,False,True,0,0,52,39,29,4,AI is off,AI is off,AI is off,AI is off,Not paired,AI is off,0,0,0
298000,5.5,0,1,0.32,0.21,0,0,99,1,0,20,False,True,0,0,53,39,29,4,AI is off,AI is off,AI is off,AI is off,Not paired,AI is off,0,0,0
300000,5.6,0,1,0.32,0.21,0,0,99,1,0,20,False,True,0,0,53,39,30,4,AI is off,AI is off,AI is off,AI is off,Not paired,AI is off,0,0,0
302000,5.7,0,1,0.33,0.21,0,0,99,1,0,20,False,True,0,0,52,39,28,4,AI is off,AI is off,AI is off,AI is off,Not paired,AI is off,0,0,0
304000,5.9,0,1,0.33,0.21,0,0,99,1,0,20,False,True,0,0,52,38,27,4,AI is off,AI is off,AI is off,AI is off,Not paired,AI is off,0,0,0
306000,5.9,0,1,0.33,0.21,0,0,99,1,0,20,False,True,0,0,52,38,27,4,AI is off,AI is off,AI is off,AI is off,Not paired,AI is off,0,0,0
308000,6.3,0,1,0.34,0.21,0,0,99,1,0,20,False,True,0,0,54,39,29,4,AI is off,AI is off,AI is off,AI is off,Not paired,AI is off,0,0,0
310000,6.5,0,1,0.34,0.21,0,0,99,1,0,20,False,True,0,0,53,39,27,4,AI is off,AI is off,AI is off,AI is off,Not paired,AI is off,0,0,0
312000,6.7,0,1,0.35,0.21,0,0,99,1,0,20,False,True,0,0,54,40,30,4,AI is off,AI is off,AI is off,AI is off,Not paired,AI is off,0,0,0
314000,6.6,0,1,0.35,0.21,0,0,99,1,0,20,False,True,0,0,53,40,31,4,AI is off,AI is off,AI is off,AI is off,Not paired,AI is off,0,0,0
316000,6.7,0,1,0.35,0.21,0,0,99,1,0,20,False,True,0,0,53,40,31,4,AI is off,AI is off,AI is off,AI is off,Not paired,AI is off,0,0,0
318000,6.8,0,1,0.35,0.21,0,0,99,1,0,20,False,True,0,0,54,40,30,4,AI is off,AI is off,AI is off,AI is off,Not paired,AI is off,0,0,0
320000,7,0,1,0.35,0.21,0,0,99,1,0,20,False,True,0,0,53,39,30,4,AI is off,AI is off,AI is off,AI is off,Not paired,AI is off,0,0,0
322000,7,0,1,0.35,0.21,0,0,99,1,0,20,False,True,0,0,55,41,31,4,AI is off,AI is off,AI is off,AI is off,Not paired,AI is off,0,0,0
324000,6.9,0,1,0.35,0.21,0,0,99,1,0,20,False,True,0,0,54,39,30,4,AI is off,AI is off,AI is off,AI is off,Not paired,AI is off,0,0,0
326000,6.6,0,1,0.34,0.21,0,0,99,1,0,20,False,True,0,0,52,39,27,4,AI is off,AI is off,AI is off,AI is off,Not paired,AI is off,0,0,0
328000,6.9,0,1,0.35,0.21,0,0,99,1,0,20,False,True,0,0,55,40,30,4,AI is off,AI is off,AI is off,AI is off,Not paired,AI is off,0,0,0
330000,6.9,0,1,0.35,0.21,0,0,99,1,0,20,False,True,0,0,53,39,29,4,AI is off,AI is off,AI is off,AI is off,Not paired,AI is off,0,0,0
332000,6.9,0,1,0.35,0.21,0,0,99,1,0,20,False,True,0,0,54,39,29,4,AI is off,AI is off,AI is off,AI is off,Not paired,AI is off,0,0,0
334000,6.8,0,1,0.35,0.21,0,0,99,1,0,20,False,True,0,0,54,40,32,4,AI is off,AI is off,AI is off,AI is off,Not paired,AI is off,0,0,0
336000,6.9,0,1,0.35,0.21,0,0,99,1,0,20,False,True,0,0,53,39,29,4,AI is off,AI is off,AI is off,AI is off,Not paired,AI is off,0,0,0
338000,6.8,0,1,0.35,0.21,0,0,99,1,0,20,False,True,0,0,53,38,28,4,AI is off,AI is off,AI is off,AI is off,Not paired,AI is off,0,0,0
340000,6.8,0,1,0.35,0.21,0,0,99,1,0,20,False,True,0,0,55,40,30,4,AI is off,AI is off,AI is off,AI is off,Not paired,AI is off,0,0,0
342000,6.8,0,1,0.35,0.21,0,0,99,1,0,20,False,True,0,0,55,41,30,4,AI is off,AI is off,AI is off,AI is off,Not paired,AI is off,0,0,0
344000,6.9,0,1,0.35,0.21,0,0,99,1,0,20,False,True,0,0,53,38,29,4,AI is off,AI is off,AI is off,AI is off,Not paired,AI is off,0,0,0
346000,6.9,0,1,0.35,0.21,0,0,99,1,0,20,False,True,0,0,53,39,31,4,AI is off,AI is off,AI is off,AI is off,Not paired,AI is off,0,0,0
348000,6.6,0,1,0.35,0.21,0,0,99,1,0,20,False,True,0,0,53,38,28,4,AI is off,AI is off,AI is off,AI is off,Not paired,AI is off,0,0,0
350000,6.5,0,1,0.34,0.21,0,0,99,1,0,20,False,True,0,0,53,38,30,4,AI is off,AI is off,AI is off,AI is off,Not paired,AI is off,0,0,0
352000,6.5,0,1,0.34,0.21,0,0,99,1,0,20,False,True,0,0,54,39,29,4,AI is off,AI is off,AI is off,AI is off,Not paired,AI is off,0,0,0
354000,6.5,0,1,0.34,0.21,0,0,99,1,0,20,False,True,0,0,53,38,29,4,AI is off,AI is off,AI is off,AI is off,Not paired,AI is off,0,0,0
356000,6.7,0,1,0.35,0.21,0,0,99,1,0,20,False,True,0,0,53,39,28,4,AI is off,AI is off,AI is off,AI is off,Not paired,AI is off,0,0,0
358000,6.9,0,1,0.35,0.21,0,0,99,1,0,20,False,True,0,0,53,39,29,4,AI is off,AI is off,AI is off,AI is off,Not paired,AI is off,0,0,0
360000,7,0,1,0.35,0.21,0,0,99,1,0,20,False,True,0,0,54,38,30,4,AI is off,AI is off,AI is off,AI is off,Not paired,AI is off,0,0,0
362000,7,0,1,0.35,0.21,0,0,99,1,0,20,False,True,0,0,54,39,29,4,AI is off,AI is off,AI is off,AI is off,Not paired,AI is off,0,0,0
364000,6.8,0,1,0.35,0.21,0,0,99,1,0,20,False,True,0,0,54,39,30,4,AI is off,AI is off,AI is off,AI is off,Not paired,AI is off,0,0,0
366000,6.9,0,1,0.35,0.21,0,0,99,1,0,20,False,True,0,0,53,39,29,4,AI is off,AI is off,AI is off,AI is off,Not paired,AI is off,0,0,0
368000,7,0,1,0.35,0.21,0,0,99,1,0,20,False,True,0,0,53,39,30,4,AI is off,AI is off,AI is off,AI is off,Not paired,AI is off,0,0,0
370000,6.9,0,1,0.35,0.21,0,0,99,1,0,20,False,True,0,0,53,39,29,4,AI is off,AI is off,AI is off,AI is off,Not paired,AI is off,0,0,0
372000,6.9,0,1,0.35,0.21,0,0,99,1,0,20,False,True,0,0,53,38,29,4,AI is off,AI is off,AI is off,AI is off,Not paired,AI is off,0,0,0
374000,7.1,0,1,0.35,0.21,0,0,99,1,0,20,False,True,0,0,53,39,30,4,AI is off,AI is off,AI is off,AI is off,Not paired,AI is off,0,0,0
376000,7.2,0,1,0.36,0.21,0,0,99,1,0,20,False,True,0,0,54,39,30,4,AI is off,AI is off,AI is off,AI is off,Not paired,AI is off,0,0,0
378000,7.3,0,1,0.36,0.21,0,0,99,1,0,20,False,True,0,0,53,39,31,4,AI is off,AI is off,AI is off,AI is off,Not paired,AI is off,0,0,0
380000,7.5,0,1,0.36,0.21,0,0,99,1,0,20,False,True,0,0,53,39,31,4,AI is off,AI is off,AI is off,AI is off,Not paired,AI is off,0,0,0
382000,7.9,0,1,0.37,0.21,0,0,99,1,0,20,False,True,0,0,53,39,30,4,AI is off,AI is off,AI is off,AI is off,Not paired,AI is off,0,0,0
384000,8.2,0,1,0.38,0.21,0,0,99,1,0,20,False,True,0,0,53,39,31,4,AI is off,AI is off,AI is off,AI is off,Not paired,AI is off,0,0,0
386000,8,0,1,0.37,0.21,0,0,99,1,0,20,False,True,0,0,54,39,30,4,AI is off,AI is off,AI is off,AI is off,Not paired,AI is off,0,0,0
388000,7.7,0,1,0.37,0.21,0,0,99,1,0,20,False,True,0,0,53,39,29,4,AI is off,AI is off,AI is off,AI is off,Not paired,AI is off,0,0,0
390000,8,0,1,0.37,0.21,0,0,99,1,0,20,False,True,0,0,54,39,30,4,AI is off,AI is off,AI is off,AI is off,Not paired,AI is off,0,0,0
392000,8.2,0,1,0.38,0.21,0,0,99,1,0,20,False,True,0,0,53,40,30,4,AI is off,AI is off,AI is off,AI is off,Not paired,AI is off,0,0,0
394000,8.5,0,1,0.38,0.21,0,0,99,1,0,20,False,True,0,0,52,38,28,4,AI is off,AI is off,AI is off,AI is off,Not paired,AI is off,0,0,0
396000,8.900001,0,1,0.39,0.21,0,0,99,1,0,20,False,True,0,0,55,40,31,4,AI is off,AI is off,AI is off,AI is off,Not paired,AI is off,0,0,0
398000,9,0,1,0.4,0.21,0,0,99,1,0,20,False,True,0,0,55,40,31,4,AI is off,AI is off,AI is off,AI is off,Not paired,AI is off,0,0,0
400000,9,0,1,0.4,0.21,0,0,99,1,0,20,False,True,0,0,52,38,27,4,AI is off,AI is off,AI is off,AI is off,Not paired,AI is off,0,0,0
402000,8.900001,0,1,0.39,0.21,0,0,99,1,0,20,False,True,0,0,53,39,29,4,AI is off,AI is off,AI is off,AI is off,Not paired,AI is off,0,0,0
404000,8.900001,0,1,0.39,0.21,0,0,99,1,0,20,False,True,0,0,53,40,32,4,AI is off,AI is off,AI is off,AI is off,Not paired,AI is off,0,0,0
406000,8.900001,0,1,0.39,0.21,0,0,99,1,0,20,False,True,0,0,54,39,31,4,AI is off,AI is off,AI is off,AI is off,Not paired,AI is off,0,0,0
408000,8.900001,0,1,0.39,0.21,0,0,99,1,0,20,False,True,0,0,53,39,31,4,AI is off,AI is off,AI is off,AI is off,Not paired,AI is off,0,0,0
410000,8.7,0,1,0.39,0.21,0,0,99,1,0,20,False,True,0,0,53,39,27,4,AI is off,AI is off,AI is off,AI is off,Not paired,AI is off,0,0,0
412000,8.7,0,1,0.39,0.21,0,0,99,1,0,20,False,True,0,0,53,40,29,4,AI is off,AI is off,AI is off,AI is off,Not paired,AI is off,0,0,0
414000,9,0,1,0.39,0.21,0,0,99,1,0,20,False,True,0,0,54,40,30,4,AI is off,AI is off,AI is off,AI is off,Not paired,AI is off,0,0,0
416000,8.8,0,1,0.39,0.21,0,0,99,1,0,20,False,True,0,0,55,40,31,4,AI is off,AI is off,AI is off,AI is off,Not paired,AI is off,0,0,0
418000,8.7,0,1,0.39,0.21,0,0,99,1,0,20,False,True,0,0,54,40,32,4,AI is off,AI is off,AI is off,AI is off,Not paired,AI is off,0,0,0
420000,8.7,0,1,0.39,0.21,0,0,99,1,0,20,False,True,0,0,53,39,30,4,AI is off,AI is off,AI is off,AI is off,Not paired,AI is off,0,0,0
422000,8.7,0,1,0.39,0.21,0,0,99,1,0,20,False,True,0,0,53,40,32,4,AI is off,AI is off,AI is off,AI is off,Not paired,AI is off,0,0,0
424000,8.8,0,1,0.39,0.21,0,0,99,1,0,20,False,True,0,0,53,39,31,4,AI is off,AI is off,AI is off,AI is off,Not paired,AI is off,0,0,0
426000,8.6,0,1,0.39,0.21,0,0,99,1,0,20,False,True,0,0,53,39,31,4,AI is off,AI is off,AI is off,AI is off,Not paired,AI is off,0,0,0
428000,8.6,0,1,0.39,0.21,0,0,99,1,0,20,False,True,0,0,54,40,31,4,AI is off,AI is off,AI is off,AI is off,Not paired,AI is off,0,0,0
430000,8.5,0,1,0.39,0.21,0,0,99,1,0,20,False,True,0,0,53,39,31,4,AI is off,AI is off,AI is off,AI is off,Not paired,AI is off,0,0,0
432000,8.400001,0,1,0.38,0.21,0,0,99,1,0,20,False,True,0,0,54,39,31,4,AI is off,AI is off,AI is off,AI is off,Not paired,AI is off,0,0,0
434000,8.400001,0,1,0.38,0.21,0,0,99,1,0,20,False,True,0,0,53,39,28,4,AI is off,AI is off,AI is off,AI is off,Not paired,AI is off,0,0,0
436000,8.400001,0,1,0.38,0.21,0,0,99,1,0,20,False,True,0,0,53,40,30,4,AI is off,AI is off,AI is off,AI is off,Not paired,AI is off,0,0,0
438000,8.400001,0,1,0.38,0.21,0,0,99,1,0,20,False,True,0,0,54,39,31,4,AI is off,AI is off,AI is off,AI is off,Not paired,AI is off,0,0,0
440000,8.5,0,1,0.38,0.21,0,0,99,1,0,20,False,True,0,0,53,39,29,4,AI is off,AI is off,AI is off,AI is off,Not paired,AI is off,0,0,0
442000,8.3,0,1,0.38,0.21,0,0,99,1,0,20,False,True,0,0,53,39,31,4,AI is off,AI is off,AI is off,AI is off,Not paired,AI is off,0,0,0
444000,8.400001,0,1,0.38,0.21,0,0,99,1,0,20,False,True,0,0,53,39,30,4,AI is off,AI is off,AI is off,AI is off,Not paired,AI is off,0,0,0
446000,8.3,0,1,0.38,0.21,0,0,99,1,0,20,False,True,0,0,53,40,32,4,AI is off,AI is off,AI is off,AI is off,Not paired,AI is off,0,0,0
448000,8.2,0,1,0.38,0.21,0,0,99,1,0,20,False,True,0,0,55,40,30,4,AI is off,AI is off,AI is off,AI is off,Not paired,AI is off,0,0,0
450000,8.1,0,1,0.37,0.21,0,0,99,1,0,20,False,True,0,0,54,40,30,4,AI is off,AI is off,AI is off,AI is off,Not paired,AI is off,0,0,0
452000,8.2,0,1,0.38,0.21,0,0,99,1,0,20,False,True,0,0,54,39,29,4,AI is off,AI is off,AI is off,AI is off,Not paired,AI is off,0,0,0
454000,8.1,0,1,0.38,0.21,0,0,99,1,0,20,False,True,0,0,54,39,31,4,AI is off,AI is off,AI is off,AI is off,Not paired,AI is off,0,0,0
456000,8.2,0,1,0.38,0.21,0,0,99,1,0,20,False,True,0,0,54,40,31,4,AI is off,AI is off,AI is off,AI is off,Not paired,AI is off,0,0,0
458000,8.3,0,1,0.38,0.21,0,0,99,1,0,20,False,True,0,0,53,40,29,4,AI is off,AI is off,AI is off,AI is off,Not paired,AI is off,0,0,0
460000,8.5,0,1,0.38,0.21,0,0,99,1,0,20,False,True,0,0,54,40,29,4,AI is off,AI is off,AI is off,AI is off,Not paired,AI is off,0,0,0
462000,8.6,0,1,0.39,0.21,0,0,99,1,0,20,False,True,0,0,53,39,29,4,AI is off,AI is off,AI is off,AI is off,Not paired,AI is off,0,0,0
464000,8.7,0,1,0.39,0.21,0,0,99,1,0,20,False,True,0,0,54,39,30,4,AI is off,AI is off,AI is off,AI is off,Not paired,AI is off,0,0,0
466000,8.8,0,1,0.39,0.21,0,0,99,1,0,20,False,True,0,0,54,39,29,4,AI is off,AI is off,AI is off,AI is off,Not paired,AI is off,0,0,0
468000,8.8,0,1,0.39,0.21,0,0,99,1,0,20,False,True,0,0,54,40,32,4,AI is off,AI is off,AI is off,AI is off,Not paired,AI is off,0,0,0
470000,9,0,1,0.4,0.21,0,0,99,1,0,20,False,True,0,0,54,40,32,4,AI is off,AI is off,AI is off,AI is off,Not paired,AI is off,0,0,0
472000,9.1,0,1,0.4,0.21,0,0,99,1,0,20,False,True,0,0,55,40,31,4,AI is off,AI is off,AI is off,AI is off,Not paired,AI is off,0,0,0
474000,9,0,1,0.4,0.21,0,0,99,1,0,20,False,True,0,0,53,40,31,4,AI is off,AI is off,AI is off,AI is off,Not paired,AI is off,0,0,0
476000,9,0,1,0.4,0.21,0,0,99,1,0,20,False,True,0,0,53,40,32,4,AI is off,AI is off,AI is off,AI is off,Not paired,AI is off,0,0,0
478000,9,0,1,0.4,0.21,0,0,99,1,0,20,False,True,0,0,53,39,30,4,AI is off,AI is off,AI is off,AI is off,Not paired,AI is off,0,0,0
480000,9.1,0,1,0.4,0.21,0,0,99,1,0,20,False,True,0,0,53,39,28,4,AI is off,AI is off,AI is off,AI is off,Not paired,AI is off,0,0,0
482000,9.2,0,1,0.4,0.21,0,0,99,1,0,20,False,True,0,0,53,39,28,4,AI is off,AI is off,AI is off,AI is off,Not paired,AI is off,0,0,0
484000,9.2,0,1,0.4,0.21,0,0,99,1,0,19,False,True,0,0,54,40,30,4,AI is off,AI is off,AI is off,AI is off,Not paired,AI is off,0,0,0
486000,9.2,0,1,0.4,0.21,0,0,99,1,0,19,False,True,0,0,55,39,30,4,AI is off,AI is off,AI is off,AI is off,Not paired,AI is off,0,0,0
488000,9.1,0,1,0.4,0.21,0,0,99,1,0,19,False,True,0,0,54,39,30,3.99,AI is off,AI is off,AI is off,AI is off,Not paired,AI is off,0,0,0
490000,9,0,1,0.4,0.21,0,0,99,1,0,19,False,True,0,0,53,39,28,4,AI is off,AI is off,AI is off,AI is off,Not paired,AI is off,0,0,0
492000,8.900001,0,1,0.39,0.21,0,0,99,1,0,19,False,True,0,0,54,40,30,4,AI is off,AI is off,AI is off,AI is off,Not paired,AI is off,0,0,0
494000,8.8,0,1,0.39,0.21,0,0,99,1,0,19,False,True,0,0,54,40,31,4,AI is off,AI is off,AI is off,AI is off,Not paired,AI is off,0,0,0
496000,8.7,0,1,0.39,0.21,0,0,99,1,0,19,False,True,0,0,53,39,29,4,AI is off,AI is off,AI is off,AI is off,Not paired,AI is off,0,0,0
498000,8.8,0,1,0.39,0.21,0,0,99,1,0,19,False,True,0,0,53,41,29,4,AI is off,AI is off,AI is off,AI is off,Not paired,AI is off,0,0,0
500000,8.900001,0,1,0.39,0.21,0,0,99,1,0,19,False,True,0,0,54,40,29,4,AI is off,AI is off,AI is off,AI is off,Not paired,AI is off,0,0,0
502000,9,0,1,0.4,0.21,0,0,99,1,0,19,False,True,0,0,54,40,31,4,AI is off,AI is off,AI is off,AI is off,Not paired,AI is off,0,0,0
504000,9.1,0,1,0.4,0.21,0,0,99,1,0,19,False,True,0,0,53,39,28,4,AI is off,AI is off,AI is off,AI is off,Not paired,AI is off,0,0,0
506000,9.2,0,1,0.4,0.21,0,0,99,1,0,19,False,True,0,0,54,39,30,4,AI is off,AI is off,AI is off,AI is off,Not paired,AI is off,0,0,0
508000,9.2,0,1,0.4,0.21,0,0,99,1,0,19,False,True,0,0,52,38,27,3.99,AI is off,AI is off,AI is off,AI is off,Not paired,AI is off,0,0,0
510000,9.3,0,1,0.4,0.21,0,0,99,1,0,19,False,True,0,0,53,39,30,3.99,AI is off,AI is off,AI is off,AI is off,Not paired,AI is off,0,0,0
512000,9.2,0,1,0.4,0.21,0,0,99,1,0,19,False,True,0,0,54,40,32,4,AI is off,AI is off,AI is off,AI is off,Not paired,AI is off,0,0,0
514000,9.2,0,1,0.4,0.21,0,0,99,1,0,19,False,True,0,0,53,41,29,4,AI is off,AI is off,AI is off,AI is off,Not paired,AI is off,0,0,0
516000,9.2,0,1,0.4,0.21,0,0,99,1,0,19,False,True,0,0,51,37,26,4,AI is off,AI is off,AI is off,AI is off,Not paired,AI is off,0,0,0
518000,9.2,0,1,0.4,0.21,0,0,99,1,0,19,False,True,0,0,54,39,31,4,AI is off,AI is off,AI is off,AI is off,Not paired,AI is off,0,0,0
520000,9.1,0,1,0.4,0.21,0,0,99,1,0,19,False,True,0,0,53,40,28,3.99,AI is off,AI is off,AI is off,AI is off,Not paired,AI is off,0,0,0
522000,9.1,0,1,0.4,0.21,0,0,99,1,0,19,False,True,0,0,53,40,30,3.99,AI is off,AI is off,AI is off,AI is off,Not paired,AI is off,0,0,0
524000,9.1,0,1,0.4,0.21,0,0,99,1,0,19,False,True,0,0,53,39,28,3.99,AI is off,AI is off,AI is off,AI is off,Not paired,AI is off,0,0,0
526000,9.2,0,1,0.4,0.21,0,0,99,1,0,19,False,True,0,0,52,38,27,3.99,AI is off,AI is off,AI is off,AI is off,Not paired,AI is off,0,0,0
528000,9.3,0,1,0.4,0.21,0,0,99,1,0,19,False,True,0,0,54,40,32,4,AI is off,AI is off,AI is off,AI is off,Not paired,AI is off,0,0,0
530000,9.3,0,1,0.4,0.21,0,0,99,1,0,19,False,True,0,0,53,40,29,3.99,AI is off,AI is off,AI is off,AI is off,Not paired,AI is off,0,0,0
532000,9.3,0,1,0.4,0.21,0,0,99,1,0,19,False,True,0,0,53,38,29,3.99,AI is off,AI is off,AI is off,AI is off,Not paired,AI is off,0,0,0
534000,9.1,0,1,0.4,0.21,0,0,99,1,0,19,False,True,0,0,53,39,29,3.99,AI is off,AI is off,AI is off,AI is off,Not paired,AI is off,0,0,0
536000,9.1,0,1,0.4,0.21,0,0,99,1,0,19,False,True,0,0,55,40,30,3.99,AI is off,AI is off,AI is off,AI is off,Not paired,AI is off,0,0,0
538000,9,0,1,0.4,0.21,0,0,99,1,0,19,False,True,0,0,54,40,30,3.99,AI is off,AI is off,AI is off,AI is off,Not paired,AI is off,0,0,0
540000,9.1,0,1,0.4,0.21,0,0,99,1,0,19,False,True,0,0,54,39,29,3.99,AI is off,AI is off,AI is off,AI is off,Not paired,AI is off,0,0,0
542000,9.2,0,1,0.4,0.21,0,0,99,1,0,19,False,True,0,0,53,40,29,4,AI is off,AI is off,AI is off,AI is off,Not paired,AI is off,0,0,0
544000,9,0,1,0.4,0.21,0,0,99,1,0,19,False,True,0,0,55,41,30,4,AI is off,AI is off,AI is off,AI is off,Not paired,AI is off,0,0,0
546000,9,0,1,0.4,0.21,0,0,99,1,0,19,False,True,0,0,52,38,27,4,AI is off,AI is off,AI is off,AI is off,Not paired,AI is off,0,0,0
548000,9.1,0,1,0.4,0.21,0,0,99,1,0,19,False,True,0,0,53,40,28,4,AI is off,AI is off,AI is off,AI is off,Not paired,AI is off,0,0,0
550000,9.2,0,1,0.4,0.21,0,0,99,1,0,19,False,True,0,0,53,38,29,4,AI is off,AI is off,AI is off,AI is off,Not paired,AI is off,0,0,0
552000,9.400001,0,1,0.4,0.21,0,0,99,1,0,19,False,True,0,0,55,41,31,4,AI is off,AI is off,AI is off,AI is off,Not paired,AI is off,0,0,0
554000,9.3,0,1,0.4,0.21,0,0,99,1,0,19,False,True,0,0,54,40,30,4,AI is off,AI is off,AI is off,AI is off,Not paired,AI is off,0,0,0
556000,9.400001,0,1,0.4,0.21,0,0,99,1,0,19,False,True,0,0,54,41,31,4,AI is off,AI is off,AI is off,AI is off,Not paired,AI is off,0,0,0
558000,9.2,0,1,0.4,0.21,0,0,99,1,0,19,False,True,0,0,52,38,27,4,AI is off,AI is off,AI is off,AI is off,Not paired,AI is off,0,0,0
560000,9.2,0,1,0.4,0.21,0,0,99,1,0,19,False,True,0,0,53,39,29,3.99,AI is off,AI is off,AI is off,AI is off,Not paired,AI is off,0,0,0
562000,8.8,0,1,0.39,0.21,0,0,99,1,0,19,False,True,0,0,53,39,30,3.99,AI is off,AI is off,AI is off,AI is off,Not paired,AI is off,0,0,0
564000,8.1,0,1,0.38,0.21,0,0,99,1,0,19,False,True,0,0,55,41,30,3.99,AI is off,AI is off,AI is off,AI is off,Not paired,AI is off,0,0,0
566000,7.8,0,1,0.37,0.21,0,0,99,1,0,19,False,True,0,0,55,41,30,3.99,AI is off,AI is off,AI is off,AI is off,Not paired,AI is off,0,0,0
568000,7.6,0,1,0.37,0.21,0,0,99,1,0,19,False,True,0,0,53,39,28,3.99,AI is off,AI is off,AI is off,AI is off,Not paired,AI is off,0,0,0
570000,7.6,0,1,0.37,0.21,0,0,99,1,0,19,False,True,0,0,54,40,30,3.99,AI is off,AI is off,AI is off,AI is off,Not paired,AI is off,0,0,0
572000,7.6,0,1,0.37,0.21,0,0,99,1,0,19,False,True,0,0,53,38,27,3.99,AI is off,AI is off,AI is off,AI is off,Not paired,AI is off,0,0,0
574000,7.6,0,1,0.37,0.21,0,0,99,1,0,19,False,True,0,0,53,40,30,3.99,AI is off,AI is off,AI is off,AI is off,Not paired,AI is off,0,0,0
576000,7.7,0,1,0.37,0.21,0,0,99,1,0,19,False,True,0,0,52,39,27,3.99,AI is off,AI is off,AI is off,AI is off,Not paired,AI is off,0,0,0
578000,8.2,0,1,0.38,0.21,0,0,99,1,0,19,False,True,0,0,53,40,31,3.99,AI is off,AI is off,AI is off,AI is off,Not paired,AI is off,0,0,0
580000,8,0,1,0.37,0.21,0,0,99,1,0,19,False,True,0,0,53,40,29,3.99,AI is off,AI is off,AI is off,AI is off,Not paired,AI is off,0,0,0
582000,8,0,1,0.38,0.21,0,0,99,1,0,19,False,True,0,0,54,40,29,3.99,AI is off,AI is off,AI is off,AI is off,Not paired,AI is off,0,0,0
584000,8.1,0,1,0.38,0.21,0,0,99,1,0,19,False,True,0,0,54,40,29,3.99,AI is off,AI is off,AI is off,AI is off,Not paired,AI is off,0,0,0
586000,8.3,0,1,0.38,0.21,0,0,99,1,0,19,False,True,0,0,54,41,29,3.99,AI is off,AI is off,AI is off,AI is off,Not paired,AI is off,0,0,0
588000,8.400001,0,1,0.38,0.21,0,0,99,1,0,19,False,True,0,0,54,41,29,3.99,AI is off,AI is off,AI is off,AI is off,Not paired,AI is off,0,0,0
590000,8.6,0,1,0.39,0.21,0,0,99,1,0,19,False,True,0,0,53,39,29,3.99,AI is off,AI is off,AI is off,AI is off,Not paired,AI is off,0,0,0
592000,8.8,0,1,0.39,0.21,0,0,99,1,0,19,False,True,0,0,54,39,30,3.99,AI is off,AI is off,AI is off,AI is off,Not paired,AI is off,0,0,0
594000,8.8,0,1,0.39,0.21,0,0,99,1,0,19,False,True,0,0,53,39,29,3.99,AI is off,AI is off,AI is off,AI is off,Not paired,AI is off,0,0,0
596000,8.8,0,1,0.39,0.21,0,0,99,1,0,19,False,True,0,0,54,40,30,3.99,AI is off,AI is off,AI is off,AI is off,Not paired,AI is off,0,0,0
598000,8.7,0,1,0.39,0.21,0,0,99,1,0,19,False,True,0,0,52,38,27,3.99,AI is off,AI is off,AI is off,AI is off,Not paired,AI is off,0,0,0
600000,8.7,0,1,0.39,0.21,0,0,99,1,0,19,False,True,0,0,53,40,31,3.99,AI is off,AI is off,AI is off,AI is off,Not paired,AI is off,0,0,0
602000,8.8,0,1,0.39,0.21,0,0,99,1,0,19,False,True,0,0,53,39,29,3.99,AI is off,AI is off,AI is off,AI is off,Not paired,AI is off,0,0,0
604000,8.900001,0,1,0.39,0.21,0,0,99,1,0,19,False,True,0,0,54,40,30,3.99,AI is off,AI is off,AI is off,AI is off,Not paired,AI is off,0,0,0
606000,8.900001,0,1,0.39,0.21,0,0,99,1,0,19,False,True,0,0,54,40,29,3.99,AI is off,AI is off,AI is off,AI is off,Not paired,AI is off,0,0,0
608000,8.7,0,1,0.39,0.21,0,0,99,1,0,19,False,True,0,0,52,39,27,3.99,AI is off,AI is off,AI is off,AI is off,Not paired,AI is off,0,0,0
610000,8.8,0,1,0.39,0.21,0,0,99,1,0,19,False,True,0,0,54,39,28,3.99,AI is off,AI is off,AI is off,AI is off,Not paired,AI is off,0,0,0
612000,8.8,0,1,0.39,0.21,0,0,99,1,0,19,False,True,0,0,54,40,29,3.99,AI is off,AI is off,AI is off,AI is off,Not paired,AI is off,0,0,0
614000,8.8,0,1,0.39,0.21,0,0,99,1,0,19,False,True,0,0,54,40,31,3.99,AI is off,AI is off,AI is off,AI is off,Not paired,AI is off,0,0,0
616000,8.7,0,1,0.39,0.21,0,0,99,1,0,19,False,True,0,0,53,39,28,3.99,AI is off,AI is off,AI is off,AI is off,Not paired,AI is off,0,0,0
618000,8.6,0,1,0.39,0.21,0,0,99,1,0,19,False,True,0,0,52,39,27,3.99,AI is off,AI is off,AI is off,AI is off,Not paired,AI is off,0,0,0
620000,8.7,0,1,0.39,0.21,0,0,99,1,0,19,False,True,0,0,53,39,29,3.99,AI is off,AI is off,AI is off,AI is off,Not paired,AI is off,0,0,0
622000,8.7,0,1,0.39,0.21,0,0,99,1,0,19,False,True,0,0,54,40,31,3.99,AI is off,AI is off,AI is off,AI is off,Not paired,AI is off,0,0,0
624000,8.8,0,1,0.39,0.21,0,0,99,1,0,19,False,True,0,0,53,39,31,3.99,AI is off,AI is off,AI is off,AI is off,Not paired,AI is off,0,0,0
626000,8.900001,0,1,0.39,0.21,0,0,99,1,0,19,False,True,0,0,53,40,28,3.99,AI is off,AI is off,AI is off,AI is off,Not paired,AI is off,0,0,0
628000,8.900001,0,1,0.39,0.21,0,0,99,1,0,19,False,True,0,0,53,40,29,3.99,AI is off,AI is off,AI is off,AI is off,Not paired,AI is off,0,0,0
630000,9,0,1,0.4,0.21,0,0,99,1,0,19,False,True,0,0,54,40,32,3.99,AI is off,AI is off,AI is off,AI is off,Not paired,AI is off,0,0,0
632000,9,0,1,0.4,0.21,0,0,99,1,0,19,False,True,0,0,53,39,30,3.99,AI is off,AI is off,AI is off,AI is off,Not paired,AI is off,0,0,0
634000,9.1,0,1,0.4,0.21,0,0,99,1,0,19,False,True,0,0,53,39,29,3.99,AI is off,AI is off,AI is off,AI is off,Not paired,AI is off,0,0,0
636000,8.900001,0,1,0.39,0.21,0,0,99,1,0,19,False,True,0,0,52,39,28,3.99,AI is off,AI is off,AI is off,AI is off,Not paired,AI is off,0,0,0
638000,9,0,1,0.4,0.21,0,0,99,1,0,19,False,True,0,0,53,40,30,3.99,AI is off,AI is off,AI is off,AI is off,Not paired,AI is off,0,0,0
640000,9.1,0,1,0.4,0.21,0,0,99,1,0,19,False,True,0,0,52,39,30,3.99,AI is off,AI is off,AI is off,AI is off,Not paired,AI is off,0,0,0
642000,9.1,0,1,0.4,0.21,0,0,99,1,0,19,False,True,0,0,54,40,31,3.99,AI is off,AI is off,AI is off,AI is off,Not paired,AI is off,0,0,0
644000,9.1,0,1,0.4,0.21,0,0,99,1,0,19,False,True,0,0,53,39,29,3.99,AI is off,AI is off,AI is off,AI is off,Not paired,AI is off,0,0,0
646000,9.1,0,1,0.4,0.21,0,0,99,1,0,19,False,True,0,0,54,38,29,3.99,AI is off,AI is off,AI is off,AI is off,Not paired,AI is off,0,0,0
648000,8.8,0,1,0.39,0.21,0,0,99,1,0,19,False,True,0,0,54,40,32,3.99,AI is off,AI is off,AI is off,AI is off,Not paired,AI is off,0,0,0
650000,8.7,0,1,0.39,0.21,0,0,99,1,0,19,False,True,0,0,53,39,29,3.99,AI is off,AI is off,AI is off,AI is off,Not paired,AI is off,0,0,0
652000,8.5,0,1,0.38,0.21,0,0,99,1,0,19,False,True,0,0,53,39,28,3.99,AI is off,AI is off,AI is off,AI is off,Not paired,AI is off,0,0,0
654000,8.5,0,1,0.39,0.21,0,0,99,1,0,19,False,True,0,0,54,39,28,3.99,AI is off,AI is off,AI is off,AI is off,Not paired,AI is off,0,0,0
656000,8.5,0,1,0.39,0.21,0,0,99,1,0,19,False,True,0,0,53,40,32,3.99,AI is off,AI is off,AI is off,AI is off,Not paired,AI is off,0,0,0
658000,8.400001,0,1,0.38,0.21,0,0,99,1,0,19,False,True,0,0,54,40,29,3.99,AI is off,AI is off,AI is off,AI is off,Not paired,AI is off,0,0,0
660000,8.1,0,1,0.38,0.21,0,0,99,1,0,19,False,True,0,0,54,40,29,3.99,AI is off,AI is off,AI is off,AI is off,Not paired,AI is off,0,0,0
662000,8,0,1,0.37,0.21,0,0,99,1,0,19,False,True,0,0,54,40,29,3.99,AI is off,AI is off,AI is off,AI is off,Not paired,AI is off,0,0,0
664000,7.9,0,1,0.37,0.21,0,0,99,1,0,19,False,True,0,0,54,40,28,3.99,AI is off,AI is off,AI is off,AI is off,Not paired,AI is off,0,0,0
666000,7.8,0,1,0.37,0.21,0,0,99,1,0,19,False,True,0,0,55,41,30,3.99,AI is off,AI is off,AI is off,AI is off,Not paired,AI is off,0,0,0
668000,7.7,0,1,0.37,0.21,0,0,99,1,0,19,False,True,0,0,53,40,29,3.99,AI is off,AI is off,AI is off,AI is off,Not paired,AI is off,0,0,0
670000,7.8,0,1,0.37,0.21,0,0,99,1,0,19,False,True,0,0,54,39,31,3.99,AI is off,AI is off,AI is off,AI is off,Not paired,AI is off,0,0,0
672000,7.6,0,1,0.37,0.21,0,0,99,1,0,19,False,True,0,0,54,40,29,3.99,AI is off,AI is off,AI is off,AI is off,Not paired,AI is off,0,0,0
674000,7.9,0,1,0.37,0.21,0,0,99,1,0,19,False,True,0,0,53,39,30,3.99,AI is off,AI is off,AI is off,AI is off,Not paired,AI is off,0,0,0
676000,8.2,0,1,0.38,0.21,0,0,99,1,0,19,False,True,0,0,53,39,31,3.99,AI is off,AI is off,AI is off,AI is off,Not paired,AI is off,0,0,0
678000,8.1,0,1,0.38,0.21,0,0,99,1,0,19,False,True,0,0,54,40,31,3.99,AI is off,AI is off,AI is off,AI is off,Not paired,AI is off,0,0,0
680000,7.9,0,1,0.37,0.21,0,0,99,1,0,19,False,True,0,0,53,39,29,3.99,AI is off,AI is off,AI is off,AI is off,Not paired,AI is off,0,0,0
682000,7.8,0,1,0.37,0.21,0,0,99,1,0,19,False,True,0,0,52,39,27,3.99,AI is off,AI is off,AI is off,AI is off,Not paired,AI is off,0,0,0
684000,7.6,0,1,0.37,0.21,0,0,99,1,0,19,False,True,0,0,52,39,30,3.99,AI is off,AI is off,AI is off,AI is off,Not paired,AI is off,0,0,0
686000,7.4,0,1,0.36,0.21,0,0,99,1,0,19,False,True,0,0,54,40,29,3.99,AI is off,AI is off,AI is off,AI is off,Not paired,AI is off,0,0,0
688000,7.4,0,1,0.36,0.21,0,0,99,1,0,19,False,True,0,0,53,39,30,3.99,AI is off,AI is off,AI is off,AI is off,Not paired,AI is off,0,0,0
690000,7.4,0,1,0.36,0.21,0,0,99,1,0,19,False,True,0,0,54,39,30,3.99,AI is off,AI is off,AI is off,AI is off,Not paired,AI is off,0,0,0
692000,7.6,0,1,0.37,0.21,0,0,99,1,0,19,False,True,0,0,53,39,31,3.99,AI is off,AI is off,AI is off,AI is off,Not paired,AI is off,0,0,0
694000,7.6,0,1,0.37,0.21,0,0,99,1,0,19,False,True,0,0,53,39,28,3.99,AI is off,AI is off,AI is off,AI is off,Not paired,AI is off,0,0,0
696000,7.6,0,1,0.37,0.21,0,0,99,1,0,19,False,True,0,0,54,40,31,3.99,AI is off,AI is off,AI is off,AI is off,Not paired,AI is off,0,0,0
698000,7.4,0,1,0.36,0.21,0,0,99,1,0,19,False,True,0,0,53,39,30,3.99,AI is off,AI is off,AI is off,AI is off,Not paired,AI is off,0,0,0
700000,7.4,0,1,0.36,0.21,0,0,99,1,0,19,False,True,0,0,53,39,28,3.99,AI is off,AI is off,AI is off,AI is off,Not paired,AI is off,0,0,0
702000,7.4,0,1,0.36,0.21,0,0,99,1,0,19,False,True,0,0,54,40,28,3.99,AI is off,AI is off,AI is off,AI is off,Not paired,AI is off,0,0,0
704000,7.4,0,1,0.36,0.21,0,0,99,1,0,19,False,True,0,0,53,39,28,3.99,AI is off,AI is off,AI is off,AI is off,Not paired,AI is off,0,0,0
706000,7.4,0,1,0.36,0.21,0,0,99,1,0,19,False,True,0,0,53,40,30,3.99,AI is off,AI is off,AI is off,AI is off,Not paired,AI is off,0,0,0
708000,7.2,0,1,0.36,0.21,0,0,99,1,0,19,False,True,0,0,53,39,29,3.99,AI is off,AI is off,AI is off,AI is off,Not paired,AI is off,0,0,0
710000,7.4,0,1,0.36,0.21,0,0,99,1,0,19,False,True,0,0,55,42,30,3.99,AI is off,AI is off,AI is off,AI is off,Not paired,AI is off,0,0,0
712000,7.4,0,1,0.36,0.21,0,0,99,1,0,19,False,True,0,0,53,40,28,3.99,AI is off,AI is off,AI is off,AI is off,Not paired,AI is off,0,0,0
714000,7.5,0,1,0.36,0.21,0,0,99,1,0,19,False,True,0,0,55,41,30,3.99,AI is off,AI is off,AI is off,AI is off,Not paired,AI is off,0,0,0
716000,7.4,0,1,0.36,0.21,0,0,99,1,0,19,False,True,0,0,53,40,28,3.99,AI is off,AI is off,AI is off,AI is off,Not paired,AI is off,0,0,0
718000,7.5,0,1,0.36,0.21,0,0,99,1,0,19,False,True,0,0,54,41,30,3.99,AI is off,AI is off,AI is off,AI is off,Not paired,AI is off,0,0,0
720000,7.5,0,1,0.36,0.21,0,0,99,1,0,19,False,True,0,0,54,41,30,3.99,AI is off,AI is off,AI is off,AI is off,Not paired,AI is off,0,0,0
722000,7.4,0,1,0.36,0.21,0,0,99,1,0,19,False,True,0,0,53,39,29,3.99,AI is off,AI is off,AI is off,AI is off,Not paired,AI is off,0,0,0
724000,7,0,1,0.35,0.21,0,0,99,1,0,19,False,True,0,0,55,41,30,3.99,AI is off,AI is off,AI is off,AI is off,Not paired,AI is off,0,0,0
726000,6.9,0,1,0.35,0.21,0,0,99,1,0,19,False,True,0,0,55,41,31,3.99,AI is off,AI is off,AI is off,AI is off,Not paired,AI is off,0,0,0
728000,7,0,1,0.35,0.21,0,0,99,1,0,19,False,True,0,0,53,38,28,3.99,AI is off,AI is off,AI is off,AI is off,Not paired,AI is off,0,0,0
730000,7.2,0,1,0.36,0.21,0,0,99,1,0,20,False,True,0,0,54,40,31,3.99,AI is off,AI is off,AI is off,AI is off,Not paired,AI is off,0,0,0
732000,7.1,0,1,0.36,0.21,0,0,99,1,0,20,False,True,0,0,53,39,27,3.99,AI is off,AI is off,AI is off,AI is off,Not paired,AI is off,0,0,0
734000,6.9,0,1,0.35,0.21,0,0,99,1,0,20,False,True,0,0,54,40,29,3.99,AI is off,AI is off,AI is off,AI is off,Not paired,AI is off,0,0,0
736000,6.9,0,1,0.35,0.21,0,0,99,1,0,20,False,True,0,0,54,40,29,3.99,AI is off,AI is off,AI is off,AI is off,Not paired,AI is off,0,0,0
738000,7.1,0,1,0.35,0.21,0,0,99,1,0,20,False,True,0,0,55,40,29,3.99,AI is off,AI is off,AI is off,AI is off,Not paired,AI is off,0,0,0
740000,7.2,0,1,0.36,0.21,0,0,99,1,0,20,False,True,0,0,54,40,29,3.99,AI is off,AI is off,AI is off,AI is off,Not paired,AI is off,0,0,0
742000,7.3,0,1,0.36,0.21,0,0,99,1,0,20,False,True,0,0,54,39,30,3.99,AI is off,AI is off,AI is off,AI is off,Not paired,AI is off,0,0,0
744000,7.6,0,1,0.37,0.21,0,0,99,1,0,20,False,True,0,0,53,39,28,3.99,AI is off,AI is off,AI is off,AI is off,Not paired,AI is off,0,0,0
746000,7.9,0,1,0.37,0.21,0,0,99,1,0,20,False,True,0,0,54,39,30,3.99,AI is off,AI is off,AI is off,AI is off,Not paired,AI is off,0,0,0
748000,8.1,0,1,0.38,0.21,0,0,99,1,0,20,False,True,0,0,53,40,30,3.99,AI is off,AI is off,AI is off,AI is off,Not paired,AI is off,0,0,0
750000,8.2,0,1,0.38,0.21,0,0,99,1,0,20,False,True,0,0,53,39,30,3.99,AI is off,AI is off,AI is off,AI is off,Not paired,AI is off,0,0,0
752000,8.3,0,1,0.38,0.21,0,0,99,1,0,20,False,True,0,0,54,40,30,3.99,AI is off,AI is off,AI is off,AI is off,Not paired,AI is off,0,0,0
754000,8.400001,0,1,0.38,0.21,0,0,99,1,0,20,False,True,0,0,54,41,30,3.99,AI is off,AI is off,AI is off,AI is off,Not paired,AI is off,0,0,0
756000,8.3,0,1,0.38,0.21,0,0,99,1,0,20,False,True,0,0,55,41,29,3.99,AI is off,AI is off,AI is off,AI is off,Not paired,AI is off,0,0,0
758000,8.1,0,1,0.38,0.21,0,0,99,1,0,20,False,True,0,0,53,40,29,3.99,AI is off,AI is off,AI is off,AI is off,Not paired,AI is off,0,0,0
760000,8,0,1,0.37,0.21,0,0,99,1,0,20,False,True,0,0,53,40,29,3.99,AI is off,AI is off,AI is off,AI is off,Not paired,AI is off,0,0,0
762000,7.5,0,1,0.36,0.21,0,0,99,1,0,20,False,True,0,0,53,40,31,3.99,AI is off,AI is off,AI is off,AI is off,Not paired,AI is off,0,0,0
764000,7.1,0,1,0.36,0.21,0,0,99,1,0,20,False,True,0,0,54,40,31,3.99,AI is off,AI is off,AI is off,AI is off,Not paired,AI is off,0,0,0
766000,6.7,0,1,0.35,0.21,0,0,99,1,0,20,False,True,0,0,53,40,31,3.99,AI is off,AI is off,AI is off,AI is off,Not paired,AI is off,0,0,0
768000,6.4,0,1,0.34,0.21,0,0,99,1,0,20,False,True,0,0,53,39,29,3.99,AI is off,AI is off,AI is off,AI is off,Not paired,AI is off,0,0,0
770000,6.3,0,1,0.34,0.21,0,0,99,1,0,20,False,True,0,0,53,39,29,3.99,AI is off,AI is off,AI is off,AI is off,Not paired,AI is off,0,0,0
772000,6.2,0,1,0.34,0.21,0,0,99,1,0,20,False,True,0,0,54,39,31,3.99,AI is off,AI is off,AI is off,AI is off,Not paired,AI is off,0,0,0
774000,6.1,0,1,0.34,0.21,0,0,99,1,0,20,False,True,0,0,53,39,30,3.99,AI is off,AI is off,AI is off,AI is off,Not paired,AI is off,0,0,0
776000,6.2,0,1,0.34,0.21,0,0,99,1,0,20,False,True,0,0,53,40,30,3.99,AI is off,AI is off,AI is off,AI is off,Not paired,AI is off,0,0,0
778000,6.3,0,1,0.34,0.21,0,0,99,1,0,20,False,True,0,0,52,39,28,3.99,AI is off,AI is off,AI is off,AI is off,Not paired,AI is off,0,0,0
780000,6.3,0,1,0.34,0.21,0,0,99,1,0,20,False,True,0,0,52,39,27,3.99,AI is off,AI is off,AI is off,AI is off,Not paired,AI is off,0,0,0
782000,6.3,0,1,0.34,0.21,0,0,99,1,0,20,False,True,0,0,53,39,29,3.99,AI is off,AI is off,AI is off,AI is off,Not paired,AI is off,0,0,0
784000,6.5,0,1,0.34,0.21,0,0,99,1,0,20,False,True,0,0,53,40,31,3.99,AI is off,AI is off,AI is off,AI is off,Not paired,AI is off,0,0,0
786000,6.6,0,1,0.34,0.21,0,0,99,1,0,20,False,True,0,0,53,40,31,3.99,AI is off,AI is off,AI is off,AI is off,Not paired,AI is off,0,0,0
788000,6.6,0,1,0.35,0.21,0,0,99,1,0,20,False,True,0,0,54,39,30,3.99,AI is off,AI is off,AI is off,AI is off,Not paired,AI is off,0,0,0
790000,6.7,0,1,0.35,0.21,0,0,99,1,0,20,False,True,0,0,53,39,27,3.99,AI is off,AI is off,AI is off,AI is off,Not paired,AI is off,0,0,0
792000,7,0,1,0.35,0.21,0,0,99,1,0,20,False,True,0,0,54,39,31,3.99,AI is off,AI is off,AI is off,AI is off,Not paired,AI is off,0,0,0
794000,7.1,0,1,0.36,0.21,0,0,99,1,0,20,False,True,0,0,53,39,30,3.99,AI is off,AI is off,AI is off,AI is off,Not paired,AI is off,0,0,0
796000,7.2,0,1,0.36,0.21,0,0,99,1,0,20,False,True,0,0,53,40,28,3.99,AI is off,AI is off,AI is off,AI is off,Not paired,AI is off,0,0,0
798000,7.4,0,1,0.36,0.21,0,0,99,1,0,20,False,True,0,0,56,43,31,3.99,AI is off,AI is off,AI is off,AI is off,Not paired,AI is off,0,0,0
800000,7.6,0,1,0.37,0.21,0,0,99,1,0,20,False,True,0,0,53,40,29,3.99,AI is off,AI is off,AI is off,AI is off,Not paired,AI is off,0,0,0
802000,7.8,0,1,0.37,0.21,0,0,99,1,0,20,False,True,0,0,54,39,29,3.99,AI is off,AI is off,AI is off,AI is off,Not paired,AI is off,0,0,0
804000,7.7,0,1,0.37,0.21,0,0,99,1,0,20,False,True,0,0,53,40,29,3.99,AI is off,AI is off,AI is off,AI is off,Not paired,AI is off,0,0,0
806000,7.8,0,1,0.37,0.21,0,0,99,1,0,20,False,True,0,0,53,40,29,3.99,AI is off,AI is off,AI is off,AI is off,Not paired,AI is off,0,0,0
808000,7.9,0,1,0.37,0.21,0,0,99,1,0,20,False,True,0,0,53,39,31,3.99,AI is off,AI is off,AI is off,AI is off,Not paired,AI is off,0,0,0
810000,7.9,0,1,0.37,0.21,0,0,99,1,0,20,False,True,0,0,54,39,30,3.99,AI is off,AI is off,AI is off,AI is off,Not paired,AI is off,0,0,0
812000,7.7,0,1,0.37,0.21,0,0,99,1,0,20,False,True,0,0,52,39,28,3.99,AI is off,AI is off,AI is off,AI is off,Not paired,AI is off,0,0,0
814000,7.8,0,1,0.37,0.21,0,0,99,1,0,20,False,True,0,0,54,40,31,3.99,AI is off,AI is off,AI is off,AI is off,Not paired,AI is off,0,0,0
816000,7.5,0,1,0.36,0.21,0,0,99,1,0,20,False,True,0,0,54,39,32,3.99,AI is off,AI is off,AI is off,AI is off,Not paired,AI is off,0,0,0
818000,7.4,0,1,0.36,0.21,0,0,99,1,0,20,False,True,0,0,53,39,28,3.99,AI is off,AI is off,AI is off,AI is off,Not paired,AI is off,0,0,0
820000,7.4,0,1,0.36,0.21,0,0,99,1,0,20,False,True,0,0,54,40,29,3.99,AI is off,AI is off,AI is off,AI is off,Not paired,AI is off,0,0,0
822000,7.6,0,1,0.37,0.21,0,0,99,1,0,20,False,True,0,0,53,40,29,3.99,AI is off,AI is off,AI is off,AI is off,Not paired,AI is off,0,0,0
824000,7.6,0,1,0.37,0.21,0,0,99,1,0,20,False,True,0,0,53,40,29,3.99,AI is off,AI is off,AI is off,AI is off,Not paired,AI is off,0,0,0
826000,7.8,0,1,0.37,0.21,0,0,99,1,0,20,False,True,0,0,52,39,28,3.99,AI is off,AI is off,AI is off,AI is off,Not paired,AI is off,0,0,0
828000,7.8,0,1,0.37,0.21,0,0,99,1,0,20,False,True,0,0,54,40,29,3.99,AI is off,AI is off,AI is off,AI is off,Not paired,AI is off,0,0,0
830000,7.9,0,1,0.37,0.21,0,0,99,1,0,20,False,True,0,0,54,39,31,3.99,AI is off,AI is off,AI is off,AI is off,Not paired,AI is off,0,0,0
832000,7.9,0,1,0.37,0.21,0,0,99,1,0,20,False,True,0,0,54,39,31,3.99,AI is off,AI is off,AI is off,AI is off,Not paired,AI is off,0,0,0
834000,7.9,0,1,0.37,0.21,0,0,99,1,0,20,False,True,0,0,54,39,31,3.99,AI is off,AI is off,AI is off,AI is off,Not paired,AI is off,0,0,0
836000,8,0,1,0.37,0.21,0,0,99,1,0,20,False,True,0,0,54,40,32,3.99,AI is off,AI is off,AI is off,AI is off,Not paired,AI is off,0,0,0
838000,8,0,1,0.38,0.21,0,0,99,1,0,20,False,True,0,0,54,40,31,3.99,AI is off,AI is off,AI is off,AI is off,Not paired,AI is off,0,0,0
840000,8,0,1,0.37,0.21,0,0,99,1,0,20,False,True,0,0,54,40,31,3.99,AI is off,AI is off,AI is off,AI is off,Not paired,AI is off,0,0,0
842000,7.7,0,1,0.37,0.21,0,0,99,1,0,20,False,True,0,0,53,40,29,3.99,AI is off,AI is off,AI is off,AI is off,Not paired,AI is off,0,0,0
844000,7.4,0,1,0.36,0.21,0,0,99,1,0,20,False,True,0,0,54,40,28,3.99,AI is off,AI is off,AI is off,AI is off,Not paired,AI is off,0,0,0
846000,7.4,0,1,0.36,0.21,0,0,99,1,0,20,False,True,0,0,55,40,29,3.99,AI is off,AI is off,AI is off,AI is off,Not paired,AI is off,0,0,0
848000,7.4,0,1,0.36,0.21,0,0,99,1,0,20,False,True,0,0,55,40,29,3.99,AI is off,AI is off,AI is off,AI is off,Not paired,AI is off,0,0,0
850000,7.4,0,1,0.36,0.21,0,0,99,1,0,20,False,True,0,0,55,41,30,3.99,AI is off,AI is off,AI is off,AI is off,Not paired,AI is off,0,0,0
852000,7.3,0,1,0.36,0.21,0,0,99,1,0,20,False,True,0,0,55,42,31,3.99,AI is off,AI is off,AI is off,AI is off,Not paired,AI is off,0,0,0
854000,7.2,0,1,0.36,0.21,0,0,99,1,0,20,False,True,0,0,56,42,33,3.99,AI is off,AI is off,AI is off,AI is off,Not paired,AI is off,0,0,0
856000,7.4,0,1,0.36,0.21,0,0,99,1,0,20,False,True,0,0,53,39,30,3.99,AI is off,AI is off,AI is off,AI is off,Not paired,AI is off,0,0,0
858000,7.6,0,1,0.37,0.21,0,0,99,1,0,20,False,True,0,0,53,39,30,3.99,AI is off,AI is off,AI is off,AI is off,Not paired,AI is off,0,0,0
860000,7.8,0,1,0.37,0.21,0,0,99,1,0,20,False,True,0,0,53,39,30,3.99,AI is off,AI is off,AI is off,AI is off,Not paired,AI is off,0,0,0
862000,7.8,0,1,0.37,0.21,0,0,99,1,0,20,False,True,0,0,53,39,30,3.99,AI is off,AI is off,AI is off,AI is off,Not paired,AI is off,0,0,0
864000,7.5,0,1,0.36,0.21,0,0,99,1,0,20,False,True,0,0,54,39,30,3.99,AI is off,AI is off,AI is off,AI is off,Not paired,AI is off,0,0,0
866000,7.7,0,1,0.37,0.21,0,0,99,1,0,20,False,True,0,0,53,39,28,3.99,AI is off,AI is off,AI is off,AI is off,Not paired,AI is off,0,0,0
868000,7.5,0,1,0.36,0.21,0,0,99,1,0,20,False,True,0,0,53,39,31,3.99,AI is off,AI is off,AI is off,AI is off,Not paired,AI is off,0,0,0
870000,6.2,0,1,0.34,0.21,0,0,99,1,0,20,False,True,0,0,54,40,29,3.99,AI is off,AI is off,AI is off,AI is off,Not paired,AI is off,0,0,0
872000,6.2,0,1,0.34,0.21,0,0,99,1,0,20,False,True,0,0,54,39,30,3.99,AI is off,AI is off,AI is off,AI is off,Not paired,AI is off,0,0,0
874000,6.2,0,1,0.34,0.21,0,0,99,1,0,20,False,True,0,0,52,39,27,3.99,AI is off,AI is off,AI is off,AI is off,Not paired,AI is off,0,0,0
876000,6.5,0,1,0.34,0.21,0,0,99,1,0,20,False,True,0,0,53,39,30,3.99,AI is off,AI is off,AI is off,AI is off,Not paired,AI is off,0,0,0
878000,6.7,0,1,0.35,0.21,0,0,99,1,0,20,False,True,0,0,54,40,29,3.99,AI is off,AI is off,AI is off,AI is off,Not paired,AI is off,0,0,0
880000,6.9,0,1,0.35,0.21,0,0,99,1,0,21,False,True,0,0,52,39,28,3.99,AI is off,AI is off,AI is off,AI is off,Not paired,AI is off,0,0,0
882000,7,0,1,0.35,0.21,0,0,99,1,0,21,False,True,0,0,53,39,30,3.99,AI is off,AI is off,AI is off,AI is off,Not paired,AI is off,0,0,0
884000,7.1,0,1,0.36,0.21,0,0,99,1,0,21,False,True,0,0,53,39,27,3.99,AI is off,AI is off,AI is off,AI is off,Not paired,AI is off,0,0,0
886000,7.3,0,1,0.36,0.21,0,0,99,1,0,21,False,True,0,0,53,39,29,3.99,AI is off,AI is off,AI is off,AI is off,Not paired,AI is off,0,0,0
888000,7.1,0,1,0.36,0.21,0,0,99,1,0,21,False,True,0,0,53,39,30,3.99,AI is off,AI is off,AI is off,AI is off,Not paired,AI is off,0,0,0
890000,7,0,1,0.35,0.21,0,0,99,1,0,21,False,True,0,0,53,39,30,3.99,AI is off,AI is off,AI is off,AI is off,Not paired,AI is off,0,0,0
892000,7.1,0,1,0.36,0.21,0,0,99,1,0,21,False,True,0,0,53,39,27,3.99,AI is off,AI is off,AI is off,AI is off,Not paired,AI is off,0,0,0
894000,7.1,0,1,0.36,0.21,0,0,99,1,0,21,False,True,0,0,52,39,28,3.99,AI is off,AI is off,AI is off,AI is off,Not paired,AI is off,0,0,0
896000,7.2,0,1,0.36,0.21,0,0,99,1,0,21,False,True,0,0,53,40,30,3.99,AI is off,AI is off,AI is off,AI is off,Not paired,AI is off,0,0,0
898000,7.2,0,1,0.36,0.21,0,0,99,1,0,21,False,True,0,0,53,39,30,3.99,AI is off,AI is off,AI is off,AI is off,Not paired,AI is off,0,0,0
900000,7.1,0,1,0.36,0.21,0,0,99,1,0,21,False,True,0,0,56,41,30,3.99,AI is off,AI is off,AI is off,AI is off,Not paired,AI is off,0,0,0
902000,7.2,0,1,0.36,0.21,0,0,99,1,0,21,False,True,0,0,56,42,30,3.99,AI is off,AI is off,AI is off,AI is off,Not paired,AI is off,0,0,0
904000,7.3,0,1,0.36,0.21,0,0,99,1,0,21,False,True,0,0,54,41,30,3.99,AI is off,AI is off,AI is off,AI is off,Not paired,AI is off,0,0,0
906000,7.4,0,1,0.36,0.21,0,0,99,1,0,21,False,True,0,0,55,41,30,3.99,AI is off,AI is off,AI is off,AI is off,Not paired,AI is off,0,0,0
908000,7.3,0,1,0.36,0.21,0,0,99,1,0,21,False,True,0,0,55,42,31,3.99,AI is off,AI is off,AI is off,AI is off,Not paired,AI is off,0,0,0
910000,7.3,0,1,0.36,0.21,0,0,99,1,0,21,False,True,0,0,53,39,28,3.99,AI is off,AI is off,AI is off,AI is off,Not paired,AI is off,0,0,0
912000,7.3,0,1,0.36,0.21,0,0,99,1,0,21,False,True,0,0,53,39,31,3.99,AI is off,AI is off,AI is off,AI is off,Not paired,AI is off,0,0,0
914000,7.4,0,1,0.36,0.21,0,0,99,1,0,21,False,True,0,0,52,39,29,3.99,AI is off,AI is off,AI is off,AI is off,Not paired,AI is off,0,0,0
916000,7.4,0,1,0.36,0.21,0,0,99,1,0,21,False,True,0,0,53,39,31,3.99,AI is off,AI is off,AI is off,AI is off,Not paired,AI is off,0,0,0
918000,7.2,0,1,0.36,0.21,0,0,99,1,0,21,False,True,0,0,53,39,28,3.99,AI is off,AI is off,AI is off,AI is off,Not paired,AI is off,0,0,0
920000,7.1,0,1,0.36,0.21,0,0,99,1,0,21,False,True,0,0,54,40,31,3.99,AI is off,AI is off,AI is off,AI is off,Not paired,AI is off,0,0,0
922000,7,0,1,0.35,0.21,0,0,99,1,0,21,False,True,0,0,53,39,28,3.99,AI is off,AI is off,AI is off,AI is off,Not paired,AI is off,0,0,0
924000,7,0,1,0.35,0.21,0,0,99,1,0,21,False,True,0,0,53,39,30,3.99,AI is off,AI is off,AI is off,AI is off,Not paired,AI is off,0,0,0
926000,7.2,0,1,0.36,0.21,0,0,99,1,0,21,False,True,0,0,53,39,30,3.99,AI is off,AI is off,AI is off,AI is off,Not paired,AI is off,0,0,0
928000,7.2,0,1,0.36,0.21,0,0,99,1,0,21,False,True,0,0,53,39,30,3.99,AI is off,AI is off,AI is off,AI is off,Not paired,AI is off,0,0,0
930000,7,0,1,0.35,0.21,0,0,99,1,0,21,False,True,0,0,55,41,30,3.99,AI is off,AI is off,AI is off,AI is off,Not paired,AI is off,0,0,0
932000,6.8,0,1,0.35,0.21,0,0,99,1,0,21,False,True,0,0,55,42,30,3.99,AI is off,AI is off,AI is off,AI is off,Not paired,AI is off,0,0,0
934000,6.6,0,1,0.35,0.21,0,0,99,1,0,21,False,True,0,0,55,40,30,3.99,AI is off,AI is off,AI is off,AI is off,Not paired,AI is off,0,0,0
936000,6.5,0,1,0.34,0.21,0,0,99,1,0,21,False,True,0,0,54,40,30,3.99,AI is off,AI is off,AI is off,AI is off,Not paired,AI is off,0,0,0
938000,6.4,0,1,0.34,0.21,0,0,99,1,0,21,False,True,0,0,53,39,28,3.99,AI is off,AI is off,AI is off,AI is off,Not paired,AI is off,0,0,0
940000,6.3,0,1,0.34,0.21,0,0,99,1,0,21,False,True,0,0,54,40,30,3.99,AI is off,AI is off,AI is off,AI is off,Not paired,AI is off,0,0,0
942000,6.2,0,1,0.34,0.21,0,0,99,1,0,21,False,True,0,0,53,39,28,3.99,AI is off,AI is off,AI is off,AI is off,Not paired,AI is off,0,0,0
944000,6.1,0,1,0.34,0.21,0,0,99,1,0,21,False,True,0,0,54,39,28,3.99,AI is off,AI is off,AI is off,AI is off,Not paired,AI is off,0,0,0
946000,6,0,1,0.33,0.21,0,0,99,1,0,21,False,True,0,0,52,38,28,3.99,AI is off,AI is off,AI is off,AI is off,Not paired,AI is off,0,0,0
948000,5.9,0,1,0.33,0.21,0,0,99,1,0,21,False,True,0,0,55,40,29,3.99,AI is off,AI is off,AI is off,AI is off,Not paired,AI is off,0,0,0
950000,5.6,0,1,0.32,0.21,0,0,99,1,0,21,False,True,0,0,55,42,30,3.99,AI is off,AI is off,AI is off,AI is off,Not paired,AI is off,0,0,0
952000,5.6,0,1,0.32,0.21,0,0,99,1,0,21,False,True,0,0,55,41,30,3.99,AI is off,AI is off,AI is off,AI is off,Not paired,AI is off,0,0,0
954000,5.4,0,1,0.32,0.21,0,0,99,1,0,21,False,True,0,0,52,39,28,3.99,AI is off,AI is off,AI is off,AI is off,Not paired,AI is off,0,0,0
956000,5,0,1,0.31,0.21,0,0,99,1,0,21,False,True,0,0,52,38,28,3.99,AI is off,AI is off,AI is off,AI is off,Not paired,AI is off,0,0,0
958000,4.2,0,1,0.3,0.21,0,0,99,1,0,21,False,True,0,0,55,41,30,3.99,AI is off,AI is off,AI is off,AI is off,Not paired,AI is off,0,0,0
960000,4.2,0,1,0.3,0.21,0,0,99,1,0,21,False,True,0,0,52,38,27,3.99,AI is off,AI is off,AI is off,AI is off,Not paired,AI is off,0,0,0
962000,4.5,0,1,0.3,0.21,0,0,99,1,0,21,False,True,0,0,54,38,29,3.99,AI is off,AI is off,AI is off,AI is off,Not paired,AI is off,0,0,0
964000,4.8,0,1,0.31,0.21,0,0,99,1,0,21,False,True,0,0,52,39,27,3.99,AI is off,AI is off,AI is off,AI is off,Not paired,AI is off,0,0,0
966000,5.1,0,1,0.31,0.21,0,0,99,1,0,21,False,True,0,0,52,38,29,3.99,AI is off,AI is off,AI is off,AI is off,Not paired,AI is off,0,0,0
968000,5.4,0,1,0.32,0.21,0,0,99,1,0,21,False,True,0,0,53,39,29,3.99,AI is off,AI is off,AI is off,AI is off,Not paired,AI is off,0,0,0
970000,5.1,0,1,0.31,0.21,0,0,99,1,0,21,False,True,0,0,56,43,32,3.99,AI is off,AI is off,AI is off,AI is off,Not paired,AI is off,0,0,0
972000,4.7,0,1,0.31,0.21,0,0,99,1,0,21,False,True,0,0,54,41,32,3.99,AI is off,AI is off,AI is off,AI is off,Not paired,AI is off,0,0,0
974000,5,0,1,0.31,0.21,0,0,99,1,0,21,False,True,0,0,55,41,30,3.99,AI is off,AI is off,AI is off,AI is off,Not paired,AI is off,0,0,0
976000,5.2,0,1,0.32,0.21,0,0,99,1,0,21,False,True,0,0,55,41,31,3.99,AI is off,AI is off,AI is off,AI is off,Not paired,AI is off,0,0,0
978000,5.3,0,1,0.32,0.21,0,0,99,1,0,21,False,True,0,0,53,40,30,3.99,AI is off,AI is off,AI is off,AI is off,Not paired,AI is off,0,0,0
980000,5.3,0,1,0.32,0.21,0,0,99,1,0,21,False,True,0,0,55,41,32,3.99,AI is off,AI is off,AI is off,AI is off,Not paired,AI is off,0,0,0
982000,5.3,0,1,0.32,0.21,0,0,99,1,0,21,False,True,0,0,53,39,30,3.99,AI is off,AI is off,AI is off,AI is off,Not paired,AI is off,0,0,0
984000,5.2,0,1,0.32,0.21,0,0,99,1,0,21,False,True,0,0,53,40,31,3.99,AI is off,AI is off,AI is off,AI is off,Not paired,AI is off,0,0,0
986000,5.4,0,1,0.32,0.21,0,0,99,1,0,21,False,True,0,0,52,39,27,3.99,AI is off,AI is off,AI is off,AI is off,Not paired,AI is off,0,0,0
988000,5.5,0,1,0.32,0.21,0,0,99,1,0,21,False,True,0,0,52,39,28,3.99,AI is off,AI is off,AI is off,AI is off,Not paired,AI is off,0,0,0
990000,5.5,0,1,0.32,0.21,0,0,99,1,0,21,False,True,0,0,52,39,27,3.99,AI is off,AI is off,AI is off,AI is off,Not paired,AI is off,0,0,0
992000,5.4,0,1,0.32,0.21,0,0,99,1,0,21,False,True,0,0,54,40,29,3.99,AI is off,AI is off,AI is off,AI is off,Not paired,AI is off,0,0,0
994000,5.3,0,1,0.32,0.21,0,0,99,1,0,21,False,True,0,0,54,41,30,3.99,AI is off,AI is off,AI is off,AI is off,Not paired,AI is off,0,0,0
996000,5.3,0,1,0.32,0.21,0,0,99,1,0,21,False,True,0,0,55,40,30,3.99,AI is off,AI is off,AI is off,AI is off,Not paired,AI is off,0,0,0
998000,5.3,0,1,0.32,0.21,0,0,99,1,0,21,False,True,0,0,55,40,30,3.99,AI is off,AI is off,AI is off,AI is off,Not paired,AI is off,0,0,0
1000000,5.4,0,1,0.32,0.21,0,0,99,1,0,21,False,True,0,0,53,39,29,3.99,AI is off,AI is off,AI is off,AI is off,Not paired,AI is off,0,0,0
1002000,5.3,0,1,0.32,0.21,0,0,99,1,0,21,False,True,0,0,54,39,30,3.99,AI is off,AI is off,AI is off,AI is off,Not paired,AI is off,0,0,0
1004000,5.3,0,1,0.32,0.21,0,0,99,1,0,21,False,True,0,0,53,39,29,3.99,AI is off,AI is off,AI is off,AI is off,Not paired,AI is off,0,0,0
1006000,5.2,0,1,0.32,0.21,0,0,99,1,0,21,False,True,0,0,52,38,27,3.99,AI is off,AI is off,AI is off,AI is off,Not paired,AI is off,0,0,0
1008000,5.3,0,1,0.32,0.21,0,0,99,1,0,21,False,True,0,0,53,40,31,3.99,AI is off,AI is off,AI is off,AI is off,Not paired,AI is off,0,0,0
1010000,5.7,0,1,0.33,0.21,0,0,99,1,0,21,False,True,0,0,55,41,32,3.99,AI is off,AI is off,AI is off,AI is off,Not paired,AI is off,0,0,0
1012000,5.3,0,1,0.32,0.21,0,0,99,1,0,21,False,True,0,0,53,39,29,3.99,AI is off,AI is off,AI is off,AI is off,Not paired,AI is off,0,0,0
1014000,5.4,0,1,0.32,0.21,0,0,99,1,0,21,False,True,0,0,54,41,30,3.99,AI is off,AI is off,AI is off,AI is off,Not paired,AI is off,0,0,0
1016000,5.4,0,1,0.32,0.21,0,0,99,1,0,21,False,True,0,0,53,39,29,3.99,AI is off,AI is off,AI is off,AI is off,Not paired,AI is off,0,0,0
1018000,5.4,0,1,0.32,0.21,0,0,99,1,0,21,False,True,0,0,53,40,29,3.99,AI is off,AI is off,AI is off,AI is off,Not paired,AI is off,0,0,0
1020000,5.4,0,1,0.32,0.21,0,0,99,1,0,21,False,True,0,0,53,41,29,3.99,AI is off,AI is off,AI is off,AI is off,Not paired,AI is off,0,0,0
1022000,5.4,0,1,0.32,0.21,0,0,99,1,0,21,False,True,0,0,53,39,29,3.99,AI is off,AI is off,AI is off,AI is off,Not paired,AI is off,0,0,0
1024000,5.7,0,1,0.33,0.21,0,0,99,1,0,21,False,True,0,0,53,39,29,3.99,AI is off,AI is off,AI is off,AI is off,Not paired,AI is off,0,0,0
1026000,5.4,0,1,0.33,0.21,0,0,99,1,0,21,False,True,0,0,53,39,30,3.99,AI is off,AI is off,AI is off,AI is off,Not paired,AI is off,0,0,0
1028000,5.4,0,1,0.32,0.21,0,0,99,1,0,21,False,True,0,0,55,41,29,3.99,AI is off,AI is off,AI is off,AI is off,Not paired,AI is off,0,0,0
1030000,5.6,0,1,0.32,0.21,0,0,99,1,0,21,False,True,0,0,55,41,31,3.99,AI is off,AI is off,AI is off,AI is off,Not paired,AI is off,0,0,0
1032000,5.8,0,1,0.33,0.21,0,0,99,1,0,21,False,True,0,0,55,42,30,3.99,AI is off,AI is off,AI is off,AI is off,Not paired,AI is off,0,0,0
1034000,6,0,1,0.33,0.21,0,0,99,1,0,21,False,True,0,0,54,42,30,3.99,AI is off,AI is off,AI is off,AI is off,Not paired,AI is off,0,0,0
1036000,6.2,0,1,0.33,0.21,0,0,99,1,0,21,False,True,0,0,55,41,31,3.99,AI is off,AI is off,AI is off,AI is off,Not paired,AI is off,0,0,0
1038000,6.2,0,1,0.34,0.21,0,0,99,1,0,21,False,True,0,0,56,42,30,3.99,AI is off,AI is off,AI is off,AI is off,Not paired,AI is off,0,0,0
1040000,6.5,0,1,0.34,0.21,0,0,99,1,0,21,False,True,0,0,54,40,29,3.99,AI is off,AI is off,AI is off,AI is off,Not paired,AI is off,0,0,0
1042000,6.5,0,1,0.34,0.21,0,0,99,1,0,21,False,True,0,0,54,42,31,3.99,AI is off,AI is off,AI is off,AI is off,Not paired,AI is off,0,0,0
1044000,6.7,0,1,0.34,0.21,0,0,99,1,0,21,False,True,0,0,55,41,29,3.99,AI is off,AI is off,AI is off,AI is off,Not paired,AI is off,0,0,0
1046000,6.7,0,1,0.35,0.21,0,0,99,1,0,21,False,True,0,0,55,42,31,3.99,AI is off,AI is off,AI is off,AI is off,Not paired,AI is off,0,0,0
1048000,6.7,0,1,0.35,0.21,0,0,99,1,0,21,False,True,0,0,54,42,31,3.99,AI is off,AI is off,AI is off,AI is off,Not paired,AI is off,0,0,0
1050000,6.9,0,1,0.35,0.21,0,0,99,1,0,21,False,True,0,0,54,40,30,3.99,AI is off,AI is off,AI is off,AI is off,Not paired,AI is off,0,0,0
1052000,6.5,0,1,0.35,0.21,0,0,99,1,0,21,False,True,0,0,54,40,29,3.99,AI is off,AI is off,AI is off,AI is off,Not paired,AI is off,0,0,0
1054000,6.3,0,1,0.34,0.21,0,0,99,1,0,21,False,True,0,0,53,38,29,3.99,AI is off,AI is off,AI is off,AI is off,Not paired,AI is off,0,0,0
1056000,6.4,0,1,0.34,0.21,0,0,99,1,0,21,False,True,0,0,53,39,28,3.99,AI is off,AI is off,AI is off,AI is off,Not paired,AI is off,0,0,0
1058000,6.4,0,1,0.34,0.21,0,0,99,1,0,21,False,True,0,0,55,41,30,3.99,AI is off,AI is off,AI is off,AI is off,Not paired,AI is off,0,0,0
1060000,6.5,0,1,0.34,0.21,0,0,99,1,0,21,False,True,0,0,54,41,30,3.99,AI is off,AI is off,AI is off,AI is off,Not paired,AI is off,0,0,0
1062000,6.7,0,1,0.35,0.21,0,0,99,1,0,20,False,True,0,0,54,41,30,3.99,AI is off,AI is off,AI is off,AI is off,Not paired,AI is off,0,0,0
1064000,6.8,0,1,0.35,0.21,0,0,99,1,0,20,False,True,0,0,52,39,27,3.99,AI is off,AI is off,AI is off,AI is off,Not paired,AI is off,0,0,0
1066000,6.9,0,1,0.35,0.21,0,0,99,1,0,20,False,True,0,0,54,40,30,3.99,AI is off,AI is off,AI is off,AI is off,Not paired,AI is off,0,0,0
1068000,6.9,0,1,0.35,0.21,0,0,99,1,0,20,False,True,0,0,54,40,30,3.99,AI is off,AI is off,AI is off,AI is off,Not paired,AI is off,0,0,0
1070000,7,0,1,0.35,0.21,0,0,99,1,0,20,False,True,0,0,53,39,28,3.99,AI is off,AI is off,AI is off,AI is off,Not paired,AI is off,0,0,0
1072000,7.2,0,1,0.36,0.21,0,0,99,1,0,20,False,True,0,0,53,39,29,3.99,AI is off,AI is off,AI is off,AI is off,Not paired,AI is off,0,0,0
1074000,7.3,0,1,0.36,0.21,0,0,99,1,0,20,False,True,0,0,54,40,30,3.99,AI is off,AI is off,AI is off,AI is off,Not paired,AI is off,0,0,0
1076000,7.5,0,1,0.36,0.21,0,0,99,1,0,20,False,True,0,0,54,40,31,3.99,AI is off,AI is off,AI is off,AI is off,Not paired,AI is off,0,0,0
1078000,7.5,0,1,0.36,0.21,0,0,99,1,0,20,False,True,0,0,54,39,27,3.99,AI is off,AI is off,AI is off,AI is off,Not paired,AI is off,0,0,0
1080000,7.5,0,1,0.36,0.21,0,0,99,1,0,20,False,True,0,0,53,40,28,3.99,AI is off,AI is off,AI is off,AI is off,Not paired,AI is off,0,0,0
1082000,7.6,0,1,0.37,0.21,0,0,99,1,0,20,False,True,0,0,52,39,27,3.99,AI is off,AI is off,AI is off,AI is off,Not paired,AI is off,0,0,0
1084000,7.6,0,1,0.37,0.21,0,0,99,1,0,20,False,True,0,0,54,41,30,3.99,AI is off,AI is off,AI is off,AI is off,Not paired,AI is off,0,0,0
1086000,7.7,0,1,0.37,0.21,0,0,99,1,0,20,False,True,0,0,53,39,28,3.99,AI is off,AI is off,AI is off,AI is off,Not paired,AI is off,0,0,0
1088000,7.7,0,1,0.37,0.21,0,0,99,1,0,20,False,True,0,0,54,39,29,3.99,AI is off,AI is off,AI is off,AI is off,Not paired,AI is off,0,0,0
1090000,7.7,0,1,0.37,0.21,0,0,99,1,0,20,False,True,0,0,55,40,31,3.99,AI is off,AI is off,AI is off,AI is off,Not paired,AI is off,0,0,0
1092000,7.8,0,1,0.37,0.21,0,0,99,1,0,20,False,True,0,0,54,40,30,3.99,AI is off,AI is off,AI is off,AI is off,Not paired,AI is off,0,0,0
1094000,7.9,0,1,0.37,0.21,0,0,99,1,0,20,False,True,0,0,54,39,30,3.99,AI is off,AI is off,AI is off,AI is off,Not paired,AI is off,0,0,0
1096000,7.9,0,1,0.37,0.21,0,0,99,1,0,20,False,True,0,0,55,40,30,3.99,AI is off,AI is off,AI is off,AI is off,Not paired,AI is off,0,0,0
1098000,7.9,0,1,0.37,0.21,0,0,99,1,0,20,False,True,0,0,55,41,30,3.99,AI is off,AI is off,AI is off,AI is off,Not paired,AI is off,0,0,0
1100000,8,0,1,0.37,0.21,0,0,99,1,0,20,False,True,0,0,53,39,30,3.99,AI is off,AI is off,AI is off,AI is off,Not paired,AI is off,0,0,0
1102000,7.9,0,1,0.37,0.21,0,0,99,1,0,20,False,True,0,0,54,40,30,3.99,AI is off,AI is off,AI is off,AI is off,Not paired,AI is off,0,0,0
1104000,7.8,0,1,0.37,0.21,0,0,99,1,0,20,False,True,0,0,53,40,30,3.99,AI is off,AI is off,AI is off,AI is off,Not paired,AI is off,0,0,0
1106000,7.9,0,1,0.37,0.21,0,0,99,1,0,20,False,True,0,0,53,39,30,3.99,AI is off,AI is off,AI is off,AI is off,Not paired,AI is off,0,0,0
1108000,7.9,0,1,0.37,0.21,0,0,99,1,0,20,False,True,0,0,54,39,30,3.99,AI is off,AI is off,AI is off,AI is off,Not paired,AI is off,0,0,0
1110000,7.9,0,1,0.37,0.21,0,0,99,1,0,20,False,True,0,0,54,41,31,3.99,AI is off,AI is off,AI is off,AI is off,Not paired,AI is off,0,0,0
1112000,8,0,1,0.37,0.21,0,0,99,1,0,20,False,True,0,0,54,40,31,3.99,AI is off,AI is off,AI is off,AI is off,Not paired,AI is off,0,0,0
1114000,8,0,1,0.37,0.21,0,0,99,1,0,20,False,True,0,0,54,40,30,3.99,AI is off,AI is off,AI is off,AI is off,Not paired,AI is off,0,0,0
1116000,8,0,1,0.37,0.21,0,0,99,1,0,20,False,True,0,0,55,41,30,3.99,AI is off,AI is off,AI is off,AI is off,Not paired,AI is off,0,0,0
1118000,8,0,1,0.38,0.21,0,0,99,1,0,20,False,True,0,0,55,41,30,3.99,AI is off,AI is off,AI is off,AI is off,Not paired,AI is off,0,0,0
1120000,7.9,0,1,0.37,0.21,0,0,99,1,0,20,False,True,0,0,55,41,31,3.99,AI is off,AI is off,AI is off,AI is off,Not paired,AI is off,0,0,0
1122000,7.8,0,1,0.37,0.21,0,0,99,1,0,20,False,True,0,0,54,40,30,3.99,AI is off,AI is off,AI is off,AI is off,Not paired,AI is off,0,0,0
1124000,7.5,0,1,0.37,0.21,0,0,99,1,0,20,False,True,0,0,53,39,28,3.99,AI is off,AI is off,AI is off,AI is off,Not paired,AI is off,0,0,0
1126000,7.4,0,1,0.36,0.21,0,0,99,1,0,20,False,True,0,0,53,39,28,3.99,AI is off,AI is off,AI is off,AI is off,Not paired,AI is off,0,0,0
1128000,7.5,0,1,0.36,0.21,0,0,99,1,0,20,False,True,0,0,53,41,30,3.99,AI is off,AI is off,AI is off,AI is off,Not paired,AI is off,0,0,0
1130000,7.5,0,1,0.36,0.21,0,0,99,1,0,20,False,True,0,0,52,39,28,3.99,AI is off,AI is off,AI is off,AI is off,Not paired,AI is off,0,0,0
1132000,7.5,0,1,0.36,0.21,0,0,99,1,0,20,False,True,0,0,52,39,28,3.99,AI is off,AI is off,AI is off,AI is off,Not paired,AI is off,0,0,0
1134000,7.5,0,1,0.36,0.21,0,0,99,1,0,20,False,True,0,0,52,39,27,3.99,AI is off,AI is off,AI is off,AI is off,Not paired,AI is off,0,0,0
1136000,7.6,0,1,0.36,0.21,0,0,99,1,0,20,False,True,0,0,52,39,30,3.99,AI is off,AI is off,AI is off,AI is off,Not paired,AI is off,0,0,0
1138000,7.4,0,1,0.36,0.21,0,0,99,1,0,20,False,True,0,0,52,39,27,3.99,AI is off,AI is off,AI is off,AI is off,Not paired,AI is off,0,0,0
1140000,7.4,0,1,0.36,0.21,0,0,99,1,0,20,False,True,0,0,53,39,27,3.99,AI is off,AI is off,AI is off,AI is off,Not paired,AI is off,0,0,0
1142000,7.4,0,1,0.36,0.21,0,0,99,1,0,20,False,True,0,0,53,40,29,3.99,AI is off,AI is off,AI is off,AI is off,Not paired,AI is off,0,0,0
1144000,7.5,0,1,0.36,0.21,0,0,99,1,0,20,False,True,0,0,54,41,29,3.99,AI is off,AI is off,AI is off,AI is off,Not paired,AI is off,0,0,0
1146000,6.9,0,1,0.36,0.21,0,0,99,1,0,20,False,True,0,0,53,40,31,3.99,AI is off,AI is off,AI is off,AI is off,Not paired,AI is off,0,0,0
1148000,6.8,0,1,0.35,0.21,0,0,99,1,0,20,False,True,0,0,53,40,29,3.99,AI is off,AI is off,AI is off,AI is off,Not paired,AI is off,0,0,0
1150000,6.7,0,1,0.35,0.21,0,0,99,1,0,20,False,True,0,0,52,38,28,3.99,AI is off,AI is off,AI is off,AI is off,Not paired,AI is off,0,0,0
1152000,6.8,0,1,0.35,0.21,0,0,99,1,0,20,False,True,0,0,53,39,28,3.99,AI is off,AI is off,AI is off,AI is off,Not paired,AI is off,0,0,0
1154000,7,0,1,0.35,0.21,0,0,99,1,0,20,False,True,0,0,52,39,28,3.99,AI is off,AI is off,AI is off,AI is off,Not paired,AI is off,0,0,0
1156000,7.2,0,1,0.36,0.21,0,0,99,1,0,20,False,True,0,0,55,41,31,3.99,AI is off,AI is off,AI is off,AI is off,Not paired,AI is off,0,0,0
1158000,7.2,0,1,0.36,0.21,0,0,99,1,0,20,False,True,0,0,53,40,30,3.99,AI is off,AI is off,AI is off,AI is off,Not paired,AI is off,0,0,0
1160000,7.1,0,1,0.36,0.21,0,0,99,1,0,20,False,True,0,0,54,40,31,3.99,AI is off,AI is off,AI is off,AI is off,Not paired,AI is off,0,0,0
1162000,7,0,1,0.35,0.21,0,0,99,1,0,20,False,True,0,0,53,40,29,3.99,AI is off,AI is off,AI is off,AI is off,Not paired,AI is off,0,0,0
1164000,7,0,1,0.35,0.21,0,0,99,1,0,20,False,True,0,0,53,39,29,3.99,AI is off,AI is off,AI is off,AI is off,Not paired,AI is off,0,0,0
1166000,7.1,0,1,0.35,0.21,0,0,99,1,0,20,False,True,0,0,52,38,27,3.99,AI is off,AI is off,AI is off,AI is off,Not paired,AI is off,0,0,0
1168000,7.1,0,1,0.36,0.21,0,0,99,1,0,20,False,True,0,0,54,40,31,3.99,AI is off,AI is off,AI is off,AI is off,Not paired,AI is off,0,0,0
1170000,7.2,0,1,0.36,0.21,0,0,99,1,0,20,False,True,0,0,55,42,31,3.99,AI is off,AI is off,AI is off,AI is off,Not paired,AI is off,0,0,0
1172000,7.2,0,1,0.36,0.21,0,0,99,1,0,20,False,True,0,0,54,40,30,3.99,AI is off,AI is off,AI is off,AI is off,Not paired,AI is off,0,0,0
1174000,7.3,0,1,0.36,0.21,0,0,99,1,0,20,False,True,0,0,54,41,31,3.99,AI is off,AI is off,AI is off,AI is off,Not paired,AI is off,0,0,0
1176000,7.3,0,1,0.36,0.21,0,0,99,1,0,20,False,True,0,0,53,39,28,3.99,AI is off,AI is off,AI is off,AI is off,Not paired,AI is off,0,0,0
1178000,7.4,0,1,0.36,0.21,0,0,99,1,0,20,False,True,0,0,52,39,28,3.99,AI is off,AI is off,AI is off,AI is off,Not paired,AI is off,0,0,0
1180000,7.4,0,1,0.36,0.21,0,0,99,1,0,20,False,True,0,0,53,39,30,3.99,AI is off,AI is off,AI is off,AI is off,Not paired,AI is off,0,0,0
1182000,7.3,0,1,0.36,0.21,0,0,99,1,0,20,False,True,0,0,53,40,30,3.99,AI is off,AI is off,AI is off,AI is off,Not paired,AI is off,0,0,0
1184000,7,0,1,0.36,0.21,0,0,99,1,0,20,False,True,0,0,52,39,28,3.99,AI is off,AI is off,AI is off,AI is off,Not paired,AI is off,0,0,0
1186000,6.9,0,1,0.35,0.21,0,0,99,1,0,20,False,True,0,0,54,41,30,3.99,AI is off,AI is off,AI is off,AI is off,Not paired,AI is off,0,0,0
1188000,6.7,0,1,0.35,0.21,0,0,99,1,0,20,False,True,0,0,55,41,30,3.99,AI is off,AI is off,AI is off,AI is off,Not paired,AI is off,0,0,0
1190000,6.5,0,1,0.35,0.21,0,0,99,1,0,20,False,True,0,0,55,41,30,3.99,AI is off,AI is off,AI is off,AI is off,Not paired,AI is off,0,0,0
1192000,6.8,0,1,0.35,0.21,0,0,99,1,0,20,False,True,0,0,52,38,27,3.99,AI is off,AI is off,AI is off,AI is off,Not paired,AI is off,0,0,0
1194000,6.8,0,1,0.35,0.21,0,0,99,1,0,20,False,True,0,0,54,40,31,3.99,AI is off,AI is off,AI is off,AI is off,Not paired,AI is off,0,0,0
1196000,6.3,0,1,0.34,0.21,0,0,99,1,0,20,False,True,0,0,53,39,29,3.99,AI is off,AI is off,AI is off,AI is off,Not paired,AI is off,0,0,0
1198000,6.1,0,1,0.34,0.21,0,0,99,1,0,20,False,True,0,0,54,40,30,3.99,AI is off,AI is off,AI is off,AI is off,Not paired,AI is off,0,0,0
1200000,6.1,0,1,0.33,0.21,0,0,99,1,0,20,False,True,0,0,52,38,29,3.99,AI is off,AI is off,AI is off,AI is off,Not paired,AI is off,0,0,0
1202000,6.1,0,1,0.33,0.21,0,0,99,1,0,20,False,True,0,0,53,40,31,3.99,AI is off,AI is off,AI is off,AI is off,Not paired,AI is off,0,0,0
1204000,6,0,1,0.33,0.21,0,0,99,1,0,20,False,True,0,0,53,39,29,3.99,AI is off,AI is off,AI is off,AI is off,Not paired,AI is off,0,0,0
1206000,5.9,0,1,0.33,0.21,0,0,99,1,0,20,False,True,0,0,52,39,28,3.99,AI is off,AI is off,AI is off,AI is off,Not paired,AI is off,0,0,0
1208000,5.9,0,1,0.33,0.21,0,0,99,1,0,20,False,True,0,0,54,39,29,3.99,AI is off,AI is off,AI is off,AI is off,Not paired,AI is off,0,0,0
1210000,5.8,0,1,0.33,0.21,0,0,99,1,0,20,False,True,0,0,53,40,30,3.99,AI is off,AI is off,AI is off,AI is off,Not paired,AI is off,0,0,0
1212000,5.7,0,1,0.33,0.21,0,0,99,1,0,20,False,True,0,0,54,40,29,3.99,AI is off,AI is off,AI is off,AI is off,Not paired,AI is off,0,0,0
1214000,5.8,0,1,0.33,0.21,0,0,99,1,0,20,False,True,0,0,55,40,29,3.99,AI is off,AI is off,AI is off,AI is off,Not paired,AI is off,0,0,0
1216000,5.9,0,1,0.33,0.21,0,0,99,1,0,20,False,True,0,0,52,39,28,3.99,AI is off,AI is off,AI is off,AI is off,Not paired,AI is off,0,0,0
1218000,5.8,0,1,0.33,0.21,0,0,99,1,0,20,False,True,0,0,54,38,29,3.99,AI is off,AI is off,AI is off,AI is off,Not paired,AI is off,0,0,0
1220000,6,0,1,0.33,0.21,0,0,99,1,0,20,False,True,0,0,53,40,29,3.99,AI is off,AI is off,AI is off,AI is off,Not paired,AI is off,0,0,0
1222000,6,0,1,0.33,0.21,0,0,99,1,0,20,False,True,0,0,53,40,30,3.99,AI is off,AI is off,AI is off,AI is off,Not paired,AI is off,0,0,0
1224000,6.1,0,1,0.33,0.21,0,0,99,1,0,20,False,True,0,0,53,40,30,3.99,AI is off,AI is off,AI is off,AI is off,Not paired,AI is off,0,0,0
1226000,6.3,0,1,0.34,0.21,0,0,99,1,0,20,False,True,0,0,53,40,31,3.99,AI is off,AI is off,AI is off,AI is off,Not paired,AI is off,0,0,0
1228000,6.4,0,1,0.34,0.21,0,0,99,1,0,20,False,True,0,0,53,40,32,3.99,AI is off,AI is off,AI is off,AI is off,Not paired,AI is off,0,0,0
1230000,6.7,0,1,0.34,0.21,0,0,99,1,0,20,False,True,0,0,54,38,30,3.99,AI is off,AI is off,AI is off,AI is off,Not paired,AI is off,0,0,0
1232000,6.7,0,1,0.35,0.21,0,0,99,1,0,20,False,True,0,0,53,40,31,3.99,AI is off,AI is off,AI is off,AI is off,Not paired,AI is off,0,0,0
1234000,6.7,0,1,0.35,0.21,0,0,99,1,0,20,False,True,0,0,52,39,29,3.99,AI is off,AI is off,AI is off,AI is off,Not paired,AI is off,0,0,0
1236000,6.6,0,1,0.35,0.21,0,0,99,1,0,20,False,True,0,0,53,39,31,3.99,AI is off,AI is off,AI is off,AI is off,Not paired,AI is off,0,0,0
1238000,6.7,0,1,0.35,0.21,0,0,99,1,0,20,False,True,0,0,52,39,29,3.99,AI is off,AI is off,AI is off,AI is off,Not paired,AI is off,0,0,0
1240000,7,0,1,0.35,0.21,0,0,99,1,0,20,False,True,0,0,53,40,31,3.99,AI is off,AI is off,AI is off,AI is off,Not paired,AI is off,0,0,0
1242000,7.1,0,1,0.35,0.21,0,0,99,1,0,20,False,True,0,0,55,42,31,3.99,AI is off,AI is off,AI is off,AI is off,Not paired,AI is off,0,0,0
1244000,7.3,0,1,0.36,0.21,0,0,99,1,0,20,False,True,0,0,53,39,27,3.99,AI is off,AI is off,AI is off,AI is off,Not paired,AI is off,0,0,0
1246000,7.5,0,1,0.36,0.21,0,0,99,1,0,20,False,True,0,0,54,40,31,3.99,AI is off,AI is off,AI is off,AI is off,Not paired,AI is off,0,0,0
1248000,7.7,0,1,0.37,0.21,0,0,99,1,0,20,False,True,0,0,53,39,29,3.99,AI is off,AI is off,AI is off,AI is off,Not paired,AI is off,0,0,0
1250000,7.7,0,1,0.37,0.21,0,0,99,1,0,20,False,True,0,0,52,39,27,3.99,AI is off,AI is off,AI is off,AI is off,Not paired,AI is off,0,0,0
1252000,7.6,0,1,0.37,0.21,0,0,99,1,0,20,False,True,0,0,53,38,28,3.99,AI is off,AI is off,AI is off,AI is off,Not paired,AI is off,0,0,0
1254000,7.8,0,1,0.37,0.21,0,0,99,1,0,20,False,True,0,0,53,40,31,3.99,AI is off,AI is off,AI is off,AI is off,Not paired,AI is off,0,0,0
1256000,7.8,0,1,0.37,0.21,0,0,99,1,0,20,False,True,0,0,53,40,30,3.99,AI is off,AI is off,AI is off,AI is off,Not paired,AI is off,0,0,0
1258000,7.9,0,1,0.37,0.21,0,0,99,1,0,20,False,True,0,0,53,39,31,3.99,AI is off,AI is off,AI is off,AI is off,Not paired,AI is off,0,0,0
1260000,7.8,0,1,0.37,0.21,0,0,99,1,0,20,False,True,0,0,53,38,28,3.99,AI is off,AI is off,AI is off,AI is off,Not paired,AI is off,0,0,0
1262000,8.1,0,1,0.38,0.21,0,0,99,1,0,20,False,True,0,0,53,40,31,3.99,AI is off,AI is off,AI is off,AI is off,Not paired,AI is off,0,0,0
1264000,8.2,0,1,0.38,0.21,0,0,99,1,0,20,False,True,0,0,53,39,30,3.99,AI is off,AI is off,AI is off,AI is off,Not paired,AI is off,0,0,0
1266000,8.2,0,1,0.38,0.21,0,0,99,1,0,20,False,True,0,0,53,39,30,3.99,AI is off,AI is off,AI is off,AI is off,Not paired,AI is off,0,0,0
1268000,7.2,0,1,0.37,0.21,0,0,99,1,0,20,False,True,0,0,54,42,30,3.99,AI is off,AI is off,AI is off,AI is off,Not paired,AI is off,0,0,0
1270000,6.2,0,1,0.34,0.21,0,0,99,1,0,20,False,True,0,0,55,41,30,3.99,AI is off,AI is off,AI is off,AI is off,Not paired,AI is off,0,0,0
1272000,6.2,0,1,0.33,0.21,0,0,99,1,0,20,False,True,0,0,54,41,30,3.99,AI is off,AI is off,AI is off,AI is off,Not paired,AI is off,0,0,0
1274000,6.4,0,1,0.34,0.21,0,0,99,1,0,20,False,True,0,0,53,39,30,3.99,AI is off,AI is off,AI is off,AI is off,Not paired,AI is off,0,0,0
1276000,6.4,0,1,0.34,0.21,0,0,99,1,0,20,False,True,0,0,53,39,32,3.99,AI is off,AI is off,AI is off,AI is off,Not paired,AI is off,0,0,0
1278000,6.5,0,1,0.34,0.21,0,0,99,1,0,20,False,True,0,0,53,39,28,3.99,AI is off,AI is off,AI is off,AI is off,Not paired,AI is off,0,0,0
1280000,6.6,0,1,0.34,0.21,0,0,99,1,0,20,False,True,0,0,53,39,28,3.99,AI is off,AI is off,AI is off,AI is off,Not paired,AI is off,0,0,0
1282000,6.7,0,1,0.35,0.21,0,0,99,1,0,20,False,True,0,0,54,40,29,3.99,AI is off,AI is off,AI is off,AI is off,Not paired,AI is off,0,0,0
1284000,6.6,0,1,0.34,0.21,0,0,99,1,0,20,False,True,0,0,53,40,32,3.99,AI is off,AI is off,AI is off,AI is off,Not paired,AI is off,0,0,0
1286000,6.7,0,1,0.35,0.21,0,0,99,1,0,20,False,True,0,0,53,39,30,3.99,AI is off,AI is off,AI is off,AI is off,Not paired,AI is off,0,0,0
1288000,6.8,0,1,0.35,0.21,0,0,99,1,0,20,False,True,0,0,52,39,28,3.99,AI is off,AI is off,AI is off,AI is off,Not paired,AI is off,0,0,0
1290000,6.9,0,1,0.35,0.21,0,0,99,1,0,20,False,True,0,0,53,40,31,3.99,AI is off,AI is off,AI is off,AI is off,Not paired,AI is off,0,0,0
1292000,6.8,0,1,0.35,0.21,0,0,99,1,0,20,False,True,0,0,53,39,31,3.99,AI is off,AI is off,AI is off,AI is off,Not paired,AI is off,0,0,0
1294000,6.6,0,1,0.35,0.21,0,0,99,1,0,20,False,True,0,0,53,39,31,3.99,AI is off,AI is off,AI is off,AI is off,Not paired,AI is off,0,0,0
1296000,6.5,0,1,0.34,0.21,0,0,99,1,0,20,False,True,0,0,53,39,31,3.99,AI is off,AI is off,AI is off,AI is off,Not paired,AI is off,0,0,0
1298000,6.3,0,1,0.34,0.21,0,0,99,1,0,20,False,True,0,0,54,39,28,3.99,AI is off,AI is off,AI is off,AI is off,Not paired,AI is off,0,0,0
1300000,6.4,0,1,0.34,0.21,0,0,99,1,0,20,False,True,0,0,53,39,28,3.99,AI is off,AI is off,AI is off,AI is off,Not paired,AI is off,0,0,0
1302000,6.6,0,1,0.34,0.21,0,0,99,1,0,20,False,True,0,0,53,40,28,3.99,AI is off,AI is off,AI is off,AI is off,Not paired,AI is off,0,0,0
1304000,6.6,0,1,0.35,0.21,0,0,99,1,0,20,False,True,0,0,54,40,28,3.99,AI is off,AI is off,AI is off,AI is off,Not paired,AI is off,0,0,0
1306000,6.5,0,1,0.34,0.21,0,0,99,1,0,20,False,True,0,0,55,42,31,3.99,AI is off,AI is off,AI is off,AI is off,Not paired,AI is off,0,0,0
1308000,6.5,0,1,0.34,0.21,0,0,99,1,0,20,False,True,0,0,55,40,30,3.99,AI is off,AI is off,AI is off,AI is off,Not paired,AI is off,0,0,0
1310000,6.6,0,1,0.35,0.21,0,0,99,1,0,20,False,True,0,0,54,40,29,3.99,AI is off,AI is off,AI is off,AI is off,Not paired,AI is off,0,0,0
1312000,6.5,0,1,0.34,0.21,0,0,99,1,0,20,False,True,0,0,55,41,30,3.99,AI is off,AI is off,AI is off,AI is off,Not paired,AI is off,0,0,0
1314000,6.4,0,1,0.34,0.21,0,0,99,1,0,20,False,True,0,0,54,41,29,3.99,AI is off,AI is off,AI is off,AI is off,Not paired,AI is off,0,0,0
1316000,6.5,0,1,0.34,0.21,0,0,99,1,0,20,False,True,0,0,52,38,27,3.99,AI is off,AI is off,AI is off,AI is off,Not paired,AI is off,0,0,0
1318000,6.5,0,1,0.34,0.21,0,0,99,1,0,20,False,True,0,0,54,41,29,3.99,AI is off,AI is off,AI is off,AI is off,Not paired,AI is off,0,0,0
1320000,6.6,0,1,0.35,0.21,0,0,99,1,0,20,False,True,0,0,54,40,29,3.99,AI is off,AI is off,AI is off,AI is off,Not paired,AI is off,0,0,0
1322000,6.7,0,1,0.35,0.21,0,0,99,1,0,20,False,True,0,0,54,39,28,3.99,AI is off,AI is off,AI is off,AI is off,Not paired,AI is off,0,0,0
1324000,6.8,0,1,0.35,0.21,0,0,99,1,0,20,False,True,0,0,52,38,27,3.99,AI is off,AI is off,AI is off,AI is off,Not paired,AI is off,0,0,0
1326000,6.9,0,1,0.35,0.21,0,0,99,1,0,20,False,True,0,0,55,40,28,3.99,AI is off,AI is off,AI is off,AI is off,Not paired,AI is off,0,0,0
1328000,7.1,0,1,0.35,0.21,0,0,99,1,0,20,False,True,0,0,52,39,28,3.99,AI is off,AI is off,AI is off,AI is off,Not paired,AI is off,0,0,0
1330000,7.3,0,1,0.36,0.21,0,0,99,1,0,20,False,True,0,0,53,39,31,3.99,AI is off,AI is off,AI is off,AI is off,Not paired,AI is off,0,0,0
1332000,7.4,0,1,0.36,0.21,0,0,99,1,0,20,False,True,0,0,53,39,30,3.99,AI is off,AI is off,AI is off,AI is off,Not paired,AI is off,0,0,0
1334000,7.3,0,1,0.36,0.21,0,0,99,1,0,20,False,True,0,0,52,39,27,3.99,AI is off,AI is off,AI is off,AI is off,Not paired,AI is off,0,0,0
1336000,7.4,0,1,0.36,0.21,0,0,99,1,0,20,False,True,0,0,52,39,28,3.99,AI is off,AI is off,AI is off,AI is off,Not paired,AI is off,0,0,0
1338000,7.4,0,1,0.36,0.21,0,0,99,1,0,20,False,True,0,0,52,39,27,3.99,AI is off,AI is off,AI is off,AI is off,Not paired,AI is off,0,0,0
1340000,7.4,0,1,0.36,0.21,0,0,99,1,0,20,False,True,0,0,52,38,27,3.99,AI is off,AI is off,AI is off,AI is off,Not paired,AI is off,0,0,0
1342000,7.3,0,1,0.36,0.21,0,0,99,1,0,20,False,True,0,0,52,39,28,3.99,AI is off,AI is off,AI is off,AI is off,Not paired,AI is off,0,0,0
1344000,7.3,0,1,0.36,0.21,0,0,99,1,0,20,False,True,0,0,52,39,29,3.99,AI is off,AI is off,AI is off,AI is off,Not paired,AI is off,0,0,0
1346000,7.3,0,1,0.36,0.21,0,0,99,1,0,20,False,True,0,0,53,39,30,3.99,AI is off,AI is off,AI is off,AI is off,Not paired,AI is off,0,0,0
1348000,7.5,0,1,0.36,0.21,0,0,99,1,0,20,False,True,0,0,52,39,29,3.99,AI is off,AI is off,AI is off,AI is off,Not paired,AI is off,0,0,0
1350000,7.5,0,1,0.36,0.21,0,0,99,1,0,20,False,True,0,0,53,39,29,3.99,AI is off,AI is off,AI is off,AI is off,Not paired,AI is off,0,0,0
1352000,7.4,0,1,0.36,0.21,0,0,99,1,0,20,False,True,0,0,52,39,27,3.99,AI is off,AI is off,AI is off,AI is off,Not paired,AI is off,0,0,0
1354000,7.2,0,1,0.36,0.21,0,0,99,1,0,20,False,True,0,0,54,39,29,3.99,AI is off,AI is off,AI is off,AI is off,Not paired,AI is off,0,0,0
1356000,7.2,0,1,0.36,0.21,0,0,99,1,0,20,False,True,0,0,53,38,27,3.99,AI is off,AI is off,AI is off,AI is off,Not paired,AI is off,0,0,0
1358000,7.4,0,1,0.36,0.21,0,0,99,1,0,20,False,True,0,0,53,39,30,3.99,AI is off,AI is off,AI is off,AI is off,Not paired,AI is off,0,0,0
1360000,7.4,0,1,0.36,0.21,0,0,99,1,0,20,False,True,0,0,53,39,30,3.99,AI is off,AI is off,AI is off,AI is off,Not paired,AI is off,0,0,0
1362000,7.4,0,1,0.36,0.21,0,0,99,1,0,20,False,True,0,0,53,39,30,3.99,AI is off,AI is off,AI is off,AI is off,Not paired,AI is off,0,0,0
1364000,7.2,0,1,0.36,0.21,0,0,99,1,0,20,False,True,0,0,54,40,31,3.99,AI is off,AI is off,AI is off,AI is off,Not paired,AI is off,0,0,0
1366000,6.9,0,1,0.35,0.21,0,0,99,1,0,20,False,True,0,0,53,40,31,3.99,AI is off,AI is off,AI is off,AI is off,Not paired,AI is off,0,0,0
1368000,6.4,0,1,0.34,0.21,0,0,99,1,0,20,False,True,0,0,52,39,28,3.99,AI is off,AI is off,AI is off,AI is off,Not paired,AI is off,0,0,0
1370000,5.9,0,1,0.33,0.21,0,0,99,1,0,20,False,True,0,0,53,39,28,3.99,AI is off,AI is off,AI is off,AI is off,Not paired,AI is off,0,0,0
1372000,5.7,0,1,0.33,0.21,0,0,99,1,0,20,False,True,0,0,54,39,29,3.99,AI is off,AI is off,AI is off,AI is off,Not paired,AI is off,0,0,0
1374000,5.4,0,1,0.32,0.21,0,0,99,1,0,20,False,True,0,0,57,44,33,3.99,AI is off,AI is off,AI is off,AI is off,Not paired,AI is off,0,0,0
1376000,5.2,0,1,0.32,0.21,0,0,99,1,0,20,False,True,0,0,55,41,30,3.99,AI is off,AI is off,AI is off,AI is off,Not paired,AI is off,0,0,0
1378000,5.2,0,1,0.31,0.21,0,0,99,1,0,20,False,True,0,0,57,44,34,3.99,AI is off,AI is off,AI is off,AI is off,Not paired,AI is off,0,0,0
1380000,5.3,0,1,0.32,0.21,0,0,99,1,0,20,False,True,0,0,54,40,29,3.99,AI is off,AI is off,AI is off,AI is off,Not paired,AI is off,0,0,0
1382000,5.1,0,1,0.32,0.21,0,0,99,1,0,20,False,True,0,0,55,42,32,3.99,AI is off,AI is off,AI is off,AI is off,Not paired,AI is off,0,0,0
1384000,5,0,1,0.31,0.21,0,0,99,1,0,20,False,True,0,0,56,43,32,3.99,AI is off,AI is off,AI is off,AI is off,Not paired,AI is off,0,0,0
1386000,4.8,0,1,0.31,0.21,0,0,99,1,0,20,False,True,0,0,54,40,30,3.99,AI is off,AI is off,AI is off,AI is off,Not paired,AI is off,0,0,0
1388000,4.6,0,1,0.3,0.21,0,0,99,1,0,20,False,True,0,0,56,42,32,3.99,AI is off,AI is off,AI is off,AI is off,Not paired,AI is off,0,0,0
1390000,4.8,0,1,0.31,0.21,0,0,99,1,0,20,False,True,0,0,52,39,28,3.99,AI is off,AI is off,AI is off,AI is off,Not paired,AI is off,0,0,0
1392000,4.3,0,1,0.3,0.21,0,0,99,1,0,20,False,True,0,0,54,41,29,3.99,AI is off,AI is off,AI is off,AI is off,Not paired,AI is off,0,0,0
1394000,4.5,0,1,0.3,0.21,0,0,99,1,0,20,False,True,0,0,53,40,30,3.99,AI is off,AI is off,AI is off,AI is off,Not paired,AI is off,0,0,0
1396000,4.5,0,1,0.3,0.21,0,0,99,1,0,20,False,True,0,0,52,39,27,3.99,AI is off,AI is off,AI is off,AI is off,Not paired,AI is off,0,0,0
1398000,4.6,0,1,0.3,0.21,0,0,99,1,0,20,False,True,0,0,54,39,30,3.99,AI is off,AI is off,AI is off,AI is off,Not paired,AI is off,0,0,0
1400000,4.5,0,1,0.3,0.21,0,0,99,1,0,20,False,True,0,0,57,44,33,3.99,AI is off,AI is off,AI is off,AI is off,Not paired,AI is off,0,0,0
1402000,4.4,0,1,0.3,0.21,0,0,99,1,0,20,False,True,0,0,54,40,29,3.99,AI is off,AI is off,AI is off,AI is off,Not paired,AI is off,0,0,0
1404000,4.5,0,1,0.3,0.21,0,0,99,1,0,20,False,True,0,0,53,40,28,3.99,AI is off,AI is off,AI is off,AI is off,Not paired,AI is off,0,0,0
1406000,4.2,0,1,0.3,0.21,0,0,99,1,0,20,False,True,0,0,53,39,28,3.99,AI is off,AI is off,AI is off,AI is off,Not paired,AI is off,0,0,0
1408000,3.9,0,1,0.29,0.21,0,0,99,1,0,20,False,True,0,0,53,39,31,3.99,AI is off,AI is off,AI is off,AI is off,Not paired,AI is off,0,0,0
1410000,3.5,0,1,0.28,0.21,0,0,99,1,0,21,False,True,0,0,55,41,29,3.99,AI is off,AI is off,AI is off,AI is off,Not paired,AI is off,0,0,0
1412000,3.4,0,1,0.28,0.21,0,0,99,1,0,21,False,True,0,0,52,39,29,3.99,AI is off,AI is off,AI is off,AI is off,Not paired,AI is off,0,0,0
1414000,3.5,0,1,0.28,0.21,0,0,99,1,0,21,False,True,0,0,52,39,27,3.99,AI is off,AI is off,AI is off,AI is off,Not paired,AI is off,0,0,0
1416000,3.5,0,1,0.28,0.21,0,0,99,1,0,21,False,True,0,0,55,42,32,3.99,AI is off,AI is off,AI is off,AI is off,Not paired,AI is off,0,0,0
1418000,3.6,0,1,0.28,0.21,0,0,99,1,0,21,False,True,0,0,55,41,30,3.99,AI is off,AI is off,AI is off,AI is off,Not paired,AI is off,0,0,0
1420000,3.5,0,1,0.28,0.21,0,0,99,1,0,21,False,True,0,0,55,40,30,3.99,AI is off,AI is off,AI is off,AI is off,Not paired,AI is off,0,0,0
1422000,3.5,0,1,0.28,0.21,0,0,99,1,0,21,False,True,0,0,56,42,30,3.99,AI is off,AI is off,AI is off,AI is off,Not paired,AI is off,0,0,0
1424000,3.5,0,1,0.28,0.21,0,0,99,1,0,21,False,True,0,0,56,43,33,3.99,AI is off,AI is off,AI is off,AI is off,Not paired,AI is off,0,0,0
1426000,3.8,0,1,0.29,0.21,0,0,99,1,0,21,False,True,0,0,53,40,29,3.99,AI is off,AI is off,AI is off,AI is off,Not paired,AI is off,0,0,0
1428000,3.8,0,1,0.29,0.21,0,0,99,1,0,21,False,True,0,0,55,41,30,3.99,AI is off,AI is off,AI is off,AI is off,Not paired,AI is off,0,0,0
1430000,3.8,0,1,0.29,0.21,0,0,99,1,0,21,False,True,0,0,55,41,30,3.99,AI is off,AI is off,AI is off,AI is off,Not paired,AI is off,0,0,0
1432000,3.8,0,1,0.29,0.21,0,0,99,1,0,21,False,True,0,0,53,39,29,3.99,AI is off,AI is off,AI is off,AI is off,Not paired,AI is off,0,0,0
1434000,4.1,0,1,0.29,0.21,0,0,99,1,0,21,False,True,0,0,52,38,26,3.99,AI is off,AI is off,AI is off,AI is off,Not paired,AI is off,0,0,0
1436000,4,0,1,0.29,0.21,0,0,99,1,0,21,False,True,0,0,56,42,31,3.99,AI is off,AI is off,AI is off,AI is off,Not paired,AI is off,0,0,0
1438000,4.2,0,1,0.29,0.21,0,0,99,1,0,21,False,True,0,0,54,41,29,3.99,AI is off,AI is off,AI is off,AI is off,Not paired,AI is off,0,0,0
1440000,4.4,0,1,0.3,0.21,0,0,99,1,0,21,False,True,0,0,56,43,33,3.99,AI is off,AI is off,AI is off,AI is off,Not paired,AI is off,0,0,0
1442000,4.4,0,1,0.3,0.21,0,0,99,1,0,21,False,True,0,0,56,42,32,3.99,AI is off,AI is off,AI is off,AI is off,Not paired,AI is off,0,0,0
1444000,4.6,0,1,0.3,0.21,0,0,99,1,0,21,False,True,0,0,54,41,30,3.99,AI is off,AI is off,AI is off,AI is off,Not paired,AI is off,0,0,0
1446000,4.8,0,1,0.31,0.21,0,0,99,1,0,21,False,True,0,0,54,41,31,3.99,AI is off,AI is off,AI is off,AI is off,Not paired,AI is off,0,0,0
1448000,5,0,1,0.31,0.21,0,0,99,1,0,21,False,True,0,0,54,40,30,3.99,AI is off,AI is off,AI is off,AI is off,Not paired,AI is off,0,0,0
1450000,5.1,0,1,0.31,0.21,0,0,99,1,0,21,False,True,0,0,54,41,30,3.99,AI is off,AI is off,AI is off,AI is off,Not paired,AI is off,0,0,0
1452000,5.2,0,1,0.32,0.21,0,0,99,1,0,21,False,True,0,0,54,39,27,3.99,AI is off,AI is off,AI is off,AI is off,Not paired,AI is off,0,0,0
1454000,5.4,0,1,0.32,0.21,0,0,99,1,0,21,False,True,0,0,54,40,29,3.99,AI is off,AI is off,AI is off,AI is off,Not paired,AI is off,0,0,0
1456000,5.6,0,1,0.32,0.21,0,0,99,1,0,21,False,True,0,0,56,42,31,3.99,AI is off,AI is off,AI is off,AI is off,Not paired,AI is off,0,0,0
1458000,5.8,0,1,0.33,0.21,0,0,99,1,0,21,False,True,0,0,55,42,31,3.99,AI is off,AI is off,AI is off,AI is off,Not paired,AI is off,0,0,0
1460000,5.9,0,1,0.33,0.21,0,0,99,1,0,21,False,True,0,0,54,40,30,3.99,AI is off,AI is off,AI is off,AI is off,Not paired,AI is off,0,0,0
1462000,6.1,0,1,0.33,0.21,0,0,99,1,0,21,False,True,0,0,54,41,30,3.99,AI is off,AI is off,AI is off,AI is off,Not paired,AI is off,0,0,0
1464000,6.4,0,1,0.34,0.21,0,0,99,1,0,21,False,True,0,0,55,42,31,3.99,AI is off,AI is off,AI is off,AI is off,Not paired,AI is off,0,0,0
1466000,6.7,0,1,0.34,0.21,0,0,99,1,0,21,False,True,0,0,53,40,29,3.99,AI is off,AI is off,AI is off,AI is off,Not paired,AI is off,0,0,0
1468000,6.9,0,1,0.35,0.21,0,0,99,1,0,21,False,True,0,0,54,40,29,3.99,AI is off,AI is off,AI is off,AI is off,Not paired,AI is off,0,0,0
1470000,7.3,0,1,0.36,0.21,0,0,99,1,0,21,False,True,0,0,53,39,27,3.99,AI is off,AI is off,AI is off,AI is off,Not paired,AI is off,0,0,0
1472000,7.5,0,1,0.36,0.21,0,0,99,1,0,21,False,True,0,0,54,40,29,3.99,AI is off,AI is off,AI is off,AI is off,Not paired,AI is off,0,0,0
1474000,7.6,0,1,0.37,0.21,0,0,99,1,0,21,False,True,0,0,54,41,30,3.99,AI is off,AI is off,AI is off,AI is off,Not paired,AI is off,0,0,0
1476000,7.8,0,1,0.37,0.21,0,0,99,1,0,21,False,True,0,0,54,41,30,3.99,AI is off,AI is off,AI is off,AI is off,Not paired,AI is off,0,0,0
1478000,8,0,1,0.37,0.21,0,0,99,1,0,21,False,True,0,0,54,41,30,3.99,AI is off,AI is off,AI is off,AI is off,Not paired,AI is off,0,0,0
1480000,8.2,0,1,0.38,0.21,0,0,99,1,0,21,False,True,0,0,53,39,30,3.99,AI is off,AI is off,AI is off,AI is off,Not paired,AI is off,0,0,0
1482000,8.2,0,1,0.38,0.21,0,0,99,1,0,21,False,True,0,0,53,40,31,3.99,AI is off,AI is off,AI is off,AI is off,Not paired,AI is off,0,0,0
1484000,8,0,1,0.38,0.21,0,0,99,1,0,21,False,True,0,0,53,38,29,3.99,AI is off,AI is off,AI is off,AI is off,Not paired,AI is off,0,0,0
1486000,8,0,1,0.38,0.21,0,0,99,1,0,21,False,True,0,0,53,39,30,3.99,AI is off,AI is off,AI is off,AI is off,Not paired,AI is off,0,0,0
1488000,7.9,0,1,0.37,0.21,0,0,99,1,0,21,False,True,0,0,54,40,31,3.99,AI is off,AI is off,AI is off,AI is off,Not paired,AI is off,0,0,0
1490000,7.9,0,1,0.37,0.21,0,0,99,1,0,21,False,True,0,0,53,39,30,3.99,AI is off,AI is off,AI is off,AI is off,Not paired,AI is off,0,0,0
1492000,7.6,0,1,0.37,0.21,0,0,99,1,0,21,False,True,0,0,54,40,32,3.99,AI is off,AI is off,AI is off,AI is off,Not paired,AI is off,0,0,0
1494000,7.5,0,1,0.36,0.21,0,0,99,1,0,20,False,True,0,0,54,41,32,3.99,AI is off,AI is off,AI is off,AI is off,Not paired,AI is off,0,0,0
1496000,7.4,0,1,0.36,0.21,0,0,99,1,0,20,False,True,0,0,53,39,30,3.99,AI is off,AI is off,AI is off,AI is off,Not paired,AI is off,0,0,0
1498000,7.4,0,1,0.36,0.21,0,0,99,1,0,20,False,True,0,0,53,39,31,3.99,AI is off,AI is off,AI is off,AI is off,Not paired,AI is off,0,0,0
1500000,7.2,0,1,0.36,0.21,0,0,99,1,0,20,False,True,0,0,53,39,29,3.99,AI is off,AI is off,AI is off,AI is off,Not paired,AI is off,0,0,0
1502000,7.1,0,1,0.36,0.21,0,0,99,1,0,20,False,True,0,0,52,39,28,3.99,AI is off,AI is off,AI is off,AI is off,Not paired,AI is off,0,0,0
1504000,6.9,0,1,0.35,0.21,0,0,99,1,0,20,False,True,0,0,53,40,30,3.99,AI is off,AI is off,AI is off,AI is off,Not paired,AI is off,0,0,0
1506000,7,0,1,0.35,0.21,0,0,99,1,0,20,False,True,0,0,53,39,31,3.99,AI is off,AI is off,AI is off,AI is off,Not paired,AI is off,0,0,0
1508000,6.9,0,1,0.35,0.21,0,0,99,1,0,20,False,True,0,0,54,40,30,3.99,AI is off,AI is off,AI is off,AI is off,Not paired,AI is off,0,0,0
1510000,6.9,0,1,0.35,0.21,0,0,99,1,0,20,False,True,0,0,53,40,30,3.99,AI is off,AI is off,AI is off,AI is off,Not paired,AI is off,0,0,0
1512000,6.7,0,1,0.35,0.21,0,0,99,1,0,20,False,True,0,0,54,40,30,3.99,AI is off,AI is off,AI is off,AI is off,Not paired,AI is off,0,0,0
1514000,6.5,0,1,0.34,0.21,0,0,99,1,0,20,False,True,0,0,55,41,31,3.99,AI is off,AI is off,AI is off,AI is off,Not paired,AI is off,0,0,0
1516000,6.5,0,1,0.34,0.21,0,0,99,1,0,20,False,True,0,0,53,40,29,3.99,AI is off,AI is off,AI is off,AI is off,Not paired,AI is off,0,0,0
1518000,6.3,0,1,0.34,0.21,0,0,99,1,0,20,False,True,0,0,53,40,29,3.99,AI is off,AI is off,AI is off,AI is off,Not paired,AI is off,0,0,0
1520000,6.4,0,1,0.34,0.21,0,0,99,1,0,20,False,True,0,0,52,39,28,3.99,AI is off,AI is off,AI is off,AI is off,Not paired,AI is off,0,0,0
1522000,6.4,0,1,0.34,0.21,0,0,99,1,0,20,False,True,0,0,53,39,30,3.99,AI is off,AI is off,AI is off,AI is off,Not paired,AI is off,0,0,0
1524000,6.1,0,1,0.34,0.21,0,0,99,1,0,20,False,True,0,0,53,40,29,3.99,AI is off,AI is off,AI is off,AI is off,Not paired,AI is off,0,0,0
1526000,6.1,0,1,0.33,0.21,0,0,99,1,0,20,False,True,0,0,52,39,28,3.99,AI is off,AI is off,AI is off,AI is off,Not paired,AI is off,0,0,0
1528000,6,0,1,0.33,0.21,0,0,99,1,0,20,False,True,0,0,51,37,25,3.99,AI is off,AI is off,AI is off,AI is off,Not paired,AI is off,0,0,0
1530000,5.9,0,1,0.33,0.21,0,0,99,1,0,20,False,True,0,0,53,40,28,3.99,AI is off,AI is off,AI is off,AI is off,Not paired,AI is off,0,0,0
1532000,5.9,0,1,0.33,0.21,0,0,99,1,0,20,False,True,0,0,52,38,26,3.99,AI is off,AI is off,AI is off,AI is off,Not paired,AI is off,0,0,0
1534000,5.8,0,1,0.33,0.21,0,0,99,1,0,20,False,True,0,0,54,41,29,3.99,AI is off,AI is off,AI is off,AI is off,Not paired,AI is off,0,0,0
1536000,5.9,0,1,0.33,0.21,0,0,99,1,0,20,False,True,0,0,55,40,30,3.99,AI is off,AI is off,AI is off,AI is off,Not paired,AI is off,0,0,0
1538000,6.2,0,1,0.34,0.21,0,0,99,1,0,20,False,True,0,0,53,38,28,3.99,AI is off,AI is off,AI is off,AI is off,Not paired,AI is off,0,0,0
1540000,6.3,0,1,0.34,0.21,0,0,99,1,0,20,False,True,0,0,54,40,30,3.99,AI is off,AI is off,AI is off,AI is off,Not paired,AI is off,0,0,0
1542000,6.1,0,1,0.34,0.21,0,0,99,1,0,20,False,True,0,0,55,41,32,3.99,AI is off,AI is off,AI is off,AI is off,Not paired,AI is off,0,0,0
1544000,5.9,0,1,0.33,0.21,0,0,99,1,0,20,False,True,0,0,54,40,31,3.99,AI is off,AI is off,AI is off,AI is off,Not paired,AI is off,0,0,0
1546000,5.7,0,1,0.33,0.21,0,0,99,1,0,20,False,True,0,0,53,40,28,3.99,AI is off,AI is off,AI is off,AI is off,Not paired,AI is off,0,0,0
1548000,5.8,0,1,0.33,0.21,0,0,99,1,0,21,False,True,0,0,53,39,30,3.99,AI is off,AI is off,AI is off,AI is off,Not paired,AI is off,0,0,0
1550000,5.8,0,1,0.33,0.21,0,0,99,1,0,20,False,True,0,0,53,39,31,3.99,AI is off,AI is off,AI is off,AI is off,Not paired,AI is off,0,0,0
1552000,5.6,0,1,0.33,0.21,0,0,99,1,0,21,False,True,0,0,54,40,31,3.99,AI is off,AI is off,AI is off,AI is off,Not paired,AI is off,0,0,0
1554000,5.5,0,1,0.32,0.21,0,0,99,1,0,21,False,True,0,0,54,40,31,3.99,AI is off,AI is off,AI is off,AI is off,Not paired,AI is off,0,0,0
1556000,5.4,0,1,0.32,0.21,0,0,99,1,0,21,False,True,0,0,54,40,32,3.99,AI is off,AI is off,AI is off,AI is off,Not paired,AI is off,0,0,0
1558000,5.4,0,1,0.32,0.21,0,0,99,1,0,21,False,True,0,0,54,40,31,3.99,AI is off,AI is off,AI is off,AI is off,Not paired,AI is off,0,0,0
1560000,5.3,0,1,0.32,0.21,0,0,99,1,0,21,False,True,0,0,53,40,31,3.99,AI is off,AI is off,AI is off,AI is off,Not paired,AI is off,0,0,0
1562000,5.2,0,1,0.32,0.21,0,0,99,1,0,21,False,True,0,0,54,40,30,3.99,AI is off,AI is off,AI is off,AI is off,Not paired,AI is off,0,0,0
1564000,5,0,1,0.31,0.21,0,0,99,1,0,21,False,True,0,0,56,42,30,3.99,AI is off,AI is off,AI is off,AI is off,Not paired,AI is off,0,0,0
1566000,5.3,0,1,0.32,0.21,0,0,99,1,0,21,False,True,0,0,54,40,30,3.99,AI is off,AI is off,AI is off,AI is off,Not paired,AI is off,0,0,0
1568000,5.3,0,1,0.32,0.21,0,0,99,1,0,21,False,True,0,0,56,42,30,3.99,AI is off,AI is off,AI is off,AI is off,Not paired,AI is off,0,0,0
1570000,5.6,0,1,0.32,0.21,0,0,99,1,0,21,False,True,0,0,53,40,31,3.99,AI is off,AI is off,AI is off,AI is off,Not paired,AI is off,0,0,0
1572000,5.5,0,1,0.32,0.21,0,0,99,1,0,21,False,True,0,0,53,39,30,3.99,AI is off,AI is off,AI is off,AI is off,Not paired,AI is off,0,0,0
1574000,5.4,0,1,0.32,0.21,0,0,99,1,0,21,False,True,0,0,53,38,27,3.99,AI is off,AI is off,AI is off,AI is off,Not paired,AI is off,0,0,0
1576000,5.2,0,1,0.32,0.21,0,0,99,1,0,21,False,True,0,0,52,38,25,3.99,AI is off,AI is off,AI is off,AI is off,Not paired,AI is off,0,0,0
1578000,5.1,0,1,0.32,0.21,0,0,99,1,0,21,False,True,0,0,52,38,27,3.99,AI is off,AI is off,AI is off,AI is off,Not paired,AI is off,0,0,0
1580000,5,0,1,0.31,0.21,0,0,99,1,0,21,False,True,0,0,54,40,29,3.99,AI is off,AI is off,AI is off,AI is off,Not paired,AI is off,0,0,0
1582000,5,0,1,0.31,0.21,0,0,99,1,0,21,False,True,0,0,55,42,30,3.99,AI is off,AI is off,AI is off,AI is off,Not paired,AI is off,0,0,0
1584000,5,0,1,0.31,0.21,0,0,99,1,0,21,False,True,0,0,55,41,32,3.99,AI is off,AI is off,AI is off,AI is off,Not paired,AI is off,0,0,0
1586000,5,0,1,0.31,0.21,0,0,99,1,0,21,False,True,0,0,55,41,30,3.99,AI is off,AI is off,AI is off,AI is off,Not paired,AI is off,0,0,0
1588000,5.2,0,1,0.31,0.21,0,0,99,1,0,21,False,True,0,0,53,40,29,3.99,AI is off,AI is off,AI is off,AI is off,Not paired,AI is off,0,0,0
1590000,5.2,0,1,0.32,0.21,0,0,99,1,0,21,False,True,0,0,53,39,30,3.99,AI is off,AI is off,AI is off,AI is off,Not paired,AI is off,0,0,0
1592000,5.1,0,1,0.31,0.21,0,0,99,1,0,21,False,True,0,0,54,39,30,3.99,AI is off,AI is off,AI is off,AI is off,Not paired,AI is off,0,0,0
1594000,5.3,0,1,0.32,0.21,0,0,99,1,0,21,False,True,0,0,52,39,27,3.99,AI is off,AI is off,AI is off,AI is off,Not paired,AI is off,0,0,0
1596000,5.5,0,1,0.32,0.21,0,0,99,1,0,21,False,True,0,0,52,39,29,3.99,AI is off,AI is off,AI is off,AI is off,Not paired,AI is off,0,0,0
1598000,5.6,0,1,0.32,0.21,0,0,99,1,0,21,False,True,0,0,52,38,27,3.99,AI is off,AI is off,AI is off,AI is off,Not paired,AI is off,0,0,0
1600000,5.7,0,1,0.33,0.21,0,0,99,1,0,21,False,True,0,0,53,39,28,3.99,AI is off,AI is off,AI is off,AI is off,Not paired,AI is off,0,0,0
1602000,5.6,0,1,0.33,0.21,0,0,99,1,0,21,False,True,0,0,53,39,31,3.99,AI is off,AI is off,AI is off,AI is off,Not paired,AI is off,0,0,0
1604000,5.5,0,1,0.32,0.21,0,0,99,1,0,20,False,True,0,0,52,38,30,3.99,AI is off,AI is off,AI is off,AI is off,Not paired,AI is off,0,0,0
1606000,5.4,0,1,0.32,0.21,0,0,99,1,0,20,False,True,0,0,55,41,31,3.99,AI is off,AI is off,AI is off,AI is off,Not paired,AI is off,0,0,0
1608000,5.4,0,1,0.32,0.21,0,0,99,1,0,20,False,True,0,0,53,39,30,3.99,AI is off,AI is off,AI is off,AI is off,Not paired,AI is off,0,0,0
1610000,5.3,0,1,0.32,0.21,0,0,99,1,0,20,False,True,0,0,54,40,30,3.99,AI is off,AI is off,AI is off,AI is off,Not paired,AI is off,0,0,0
1612000,5.2,0,1,0.32,0.21,0,0,99,1,0,20,False,True,0,0,53,39,30,3.99,AI is off,AI is off,AI is off,AI is off,Not paired,AI is off,0,0,0
1614000,5.2,0,1,0.32,0.21,0,0,99,1,0,20,False,True,0,0,54,41,32,3.99,AI is off,AI is off,AI is off,AI is off,Not paired,AI is off,0,0,0
1616000,5.3,0,1,0.32,0.21,0,0,99,1,0,20,False,True,0,0,54,40,29,3.99,AI is off,AI is off,AI is off,AI is off,Not paired,AI is off,0,0,0
1618000,5.1,0,1,0.31,0.21,0,0,99,1,0,20,False,True,0,0,54,39,29,3.99,AI is off,AI is off,AI is off,AI is off,Not paired,AI is off,0,0,0
1620000,5.2,0,1,0.31,0.21,0,0,99,1,0,20,False,True,0,0,53,39,28,3.99,AI is off,AI is off,AI is off,AI is off,Not paired,AI is off,0,0,0
1622000,5.2,0,1,0.32,0.21,0,0,99,1,0,20,False,True,0,0,54,40,30,3.99,AI is off,AI is off,AI is off,AI is off,Not paired,AI is off,0,0,0
1624000,5.2,0,1,0.32,0.21,0,0,99,1,0,20,False,True,0,0,55,41,30,3.99,AI is off,AI is off,AI is off,AI is off,Not paired,AI is off,0,0,0
1626000,5.1,0,1,0.31,0.21,0,0,99,1,0,20,False,True,0,0,55,42,31,3.99,AI is off,AI is off,AI is off,AI is off,Not paired,AI is off,0,0,0
1628000,5,0,1,0.31,0.21,0,0,99,1,0,20,False,True,0,0,55,42,32,3.99,AI is off,AI is off,AI is off,AI is off,Not paired,AI is off,0,0,0
1630000,4.9,0,1,0.31,0.21,0,0,99,1,0,20,False,True,0,0,56,42,31,3.99,AI is off,AI is off,AI is off,AI is off,Not paired,AI is off,0,0,0
1632000,5,0,1,0.31,0.21,0,0,99,1,0,20,False,True,0,0,57,44,34,3.99,AI is off,AI is off,AI is off,AI is off,Not paired,AI is off,0,0,0
1634000,5.3,0,1,0.32,0.21,0,0,99,1,0,20,False,True,0,0,54,40,29,3.99,AI is off,AI is off,AI is off,AI is off,Not paired,AI is off,0,0,0
1636000,5.3,0,1,0.32,0.21,0,0,99,1,0,20,False,True,0,0,52,38,27,3.99,AI is off,AI is off,AI is off,AI is off,Not paired,AI is off,0,0,0
1638000,5.2,0,1,0.32,0.21,0,0,99,1,0,20,False,True,0,0,54,39,30,3.99,AI is off,AI is off,AI is off,AI is off,Not paired,AI is off,0,0,0
1640000,5.1,0,1,0.31,0.21,0,0,99,1,0,20,False,True,0,0,54,39,29,3.99,AI is off,AI is off,AI is off,AI is off,Not paired,AI is off,0,0,0
1642000,5.1,0,1,0.31,0.21,0,0,99,1,0,20,False,True,0,0,53,39,29,3.99,AI is off,AI is off,AI is off,AI is off,Not paired,AI is off,0,0,0
1644000,5.1,0,1,0.31,0.21,0,0,99,1,0,20,False,True,0,0,54,40,31,3.99,AI is off,AI is off,AI is off,AI is off,Not paired,AI is off,0,0,0
1646000,5.1,0,1,0.31,0.21,0,0,99,1,0,21,False,True,0,0,53,40,30,3.99,AI is off,AI is off,AI is off,AI is off,Not paired,AI is off,0,0,0
1648000,5.1,0,1,0.31,0.21,0,0,99,1,0,21,False,True,0,0,54,40,29,3.99,AI is off,AI is off,AI is off,AI is off,Not paired,AI is off,0,0,0
1650000,5.1,0,1,0.31,0.21,0,0,99,1,0,21,False,True,0,0,52,39,27,3.99,AI is off,AI is off,AI is off,AI is off,Not paired,AI is off,0,0,0
1652000,5.2,0,1,0.32,0.21,0,0,99,1,0,21,False,True,0,0,54,39,30,3.99,AI is off,AI is off,AI is off,AI is off,Not paired,AI is off,0,0,0
1654000,5.2,0,1,0.32,0.21,0,0,99,1,0,21,False,True,0,0,53,39,30,3.99,AI is off,AI is off,AI is off,AI is off,Not paired,AI is off,0,0,0
1656000,5.1,0,1,0.31,0.21,0,0,99,1,0,21,False,True,0,0,54,38,29,3.99,AI is off,AI is off,AI is off,AI is off,Not paired,AI is off,0,0,0
1658000,5.1,0,1,0.31,0.21,0,0,99,1,0,21,False,True,0,0,53,39,30,3.99,AI is off,AI is off,AI is off,AI is off,Not paired,AI is off,0,0,0
1660000,5.1,0,1,0.31,0.21,0,0,99,1,0,21,False,True,0,0,55,40,30,3.99,AI is off,AI is off,AI is off,AI is off,Not paired,AI is off,0,0,0
1662000,5.3,0,1,0.32,0.21,0,0,99,1,0,21,False,True,0,0,53,39,30,3.99,AI is off,AI is off,AI is off,AI is off,Not paired,AI is off,0,0,0
1664000,5.2,0,1,0.32,0.21,0,0,99,1,0,21,False,True,0,0,55,40,30,3.99,AI is off,AI is off,AI is off,AI is off,Not paired,AI is off,0,0,0
1666000,5.3,0,1,0.32,0.21,0,0,99,1,0,21,False,True,0,0,54,40,30,3.99,AI is off,AI is off,AI is off,AI is off,Not paired,AI is off,0,0,0
1668000,5.4,0,1,0.32,0.21,0,0,99,1,0,21,False,True,0,0,52,38,27,3.99,AI is off,AI is off,AI is off,AI is off,Not paired,AI is off,0,0,0
1670000,5.6,0,1,0.32,0.21,0,0,99,1,0,21,False,True,0,0,53,39,29,3.99,AI is off,AI is off,AI is off,AI is off,Not paired,AI is off,0,0,0
1672000,5.9,0,1,0.33,0.21,0,0,99,1,0,21,False,True,0,0,54,40,29,3.99,AI is off,AI is off,AI is off,AI is off,Not paired,AI is off,0,0,0
1674000,6,0,1,0.33,0.21,0,0,99,1,0,21,False,True,0,0,52,39,27,3.99,AI is off,AI is off,AI is off,AI is off,Not paired,AI is off,0,0,0
1676000,6.1,0,1,0.34,0.21,0,0,99,1,0,21,False,True,0,0,51,38,26,3.99,AI is off,AI is off,AI is off,AI is off,Not paired,AI is off,0,0,0
1678000,6.3,0,1,0.34,0.21,0,0,99,1,0,21,False,True,0,0,52,39,28,3.99,AI is off,AI is off,AI is off,AI is off,Not paired,AI is off,0,0,0
1680000,6.3,0,1,0.34,0.21,0,0,99,1,0,21,False,True,0,0,54,40,29,3.99,AI is off,AI is off,AI is off,AI is off,Not paired,AI is off,0,0,0
1682000,6.4,0,1,0.34,0.21,0,0,99,1,0,21,False,True,0,0,52,38,26,3.99,AI is off,AI is off,AI is off,AI is off,Not paired,AI is off,0,0,0
1684000,6.5,0,1,0.34,0.21,0,0,99,1,0,21,False,True,0,0,53,39,29,3.99,AI is off,AI is off,AI is off,AI is off,Not paired,AI is off,0,0,0
1686000,6.4,0,1,0.34,0.21,0,0,99,1,0,21,False,True,0,0,55,41,31,3.99,AI is off,AI is off,AI is off,AI is off,Not paired,AI is off,0,0,0
1688000,5.8,0,1,0.33,0.21,0,0,99,1,0,21,False,True,0,0,56,43,31,3.99,AI is off,AI is off,AI is off,AI is off,Not paired,AI is off,0,0,0
1690000,5.2,0,1,0.32,0.21,0,0,99,1,0,21,False,True,0,0,56,43,32,3.99,AI is off,AI is off,AI is off,AI is off,Not paired,AI is off,0,0,0
1692000,5,0,1,0.31,0.21,0,0,99,1,0,21,False,True,0,0,54,41,31,3.99,AI is off,AI is off,AI is off,AI is off,Not paired,AI is off,0,0,0
1694000,5,0,1,0.31,0.21,0,0,99,1,0,21,False,True,0,0,56,43,32,3.99,AI is off,AI is off,AI is off,AI is off,Not paired,AI is off,0,0,0
1696000,4.8,0,1,0.31,0.21,0,0,99,1,0,21,False,True,0,0,53,39,28,3.99,AI is off,AI is off,AI is off,AI is off,Not paired,AI is off,0,0,0
1698000,4.8,0,1,0.31,0.21,0,0,99,1,0,21,False,True,0,0,55,41,29,3.99,AI is off,AI is off,AI is off,AI is off,Not paired,AI is off,0,0,0
1700000,4.4,0,1,0.3,0.21,0,0,99,1,0,21,False,True,0,0,57,43,34,3.99,AI is off,AI is off,AI is off,AI is off,Not paired,AI is off,0,0,0
1702000,4.4,0,1,0.3,0.21,0,0,99,1,0,21,False,True,0,0,55,42,31,3.99,AI is off,AI is off,AI is off,AI is off,Not paired,AI is off,0,0,0
1704000,4.6,0,1,0.3,0.21,0,0,99,1,0,21,False,True,0,0,58,45,35,3.99,AI is off,AI is off,AI is off,AI is off,Not paired,AI is off,0,0,0
1706000,5,0,1,0.31,0.21,0,0,99,1,0,21,False,True,0,0,55,41,31,3.99,AI is off,AI is off,AI is off,AI is off,Not paired,AI is off,0,0,0
1708000,5.3,0,1,0.32,0.21,0,0,99,1,0,21,False,True,0,0,56,42,29,3.99,AI is off,AI is off,AI is off,AI is off,Not paired,AI is off,0,0,0
1710000,5.5,0,1,0.32,0.21,0,0,99,1,0,21,False,True,0,0,54,39,30,3.99,AI is off,AI is off,AI is off,AI is off,Not paired,AI is off,0,0,0
1712000,5.9,0,1,0.33,0.21,0,0,99,1,0,21,False,True,0,0,53,39,29,3.99,AI is off,AI is off,AI is off,AI is off,Not paired,AI is off,0,0,0
1714000,6.3,0,1,0.34,0.21,0,0,99,1,0,21,False,True,0,0,53,39,28,3.99,AI is off,AI is off,AI is off,AI is off,Not paired,AI is off,0,0,0
1716000,6.1,0,1,0.33,0.21,0,0,99,1,0,21,False,True,0,0,55,41,31,3.99,AI is off,AI is off,AI is off,AI is off,Not paired,AI is off,0,0,0
1718000,6.1,0,1,0.33,0.21,0,0,99,1,0,21,False,True,0,0,54,40,31,3.99,AI is off,AI is off,AI is off,AI is off,Not paired,AI is off,0,0,0
1720000,6.3,0,1,0.34,0.21,0,0,99,1,0,21,False,True,0,0,54,40,30,3.99,AI is off,AI is off,AI is off,AI is off,Not paired,AI is off,0,0,0
1722000,6.1,0,1,0.34,0.21,0,0,99,1,0,21,False,True,0,0,54,40,29,3.99,AI is off,AI is off,AI is off,AI is off,Not paired,AI is off,0,0,0
1724000,6,0,1,0.33,0.21,0,0,99,1,0,21,False,True,0,0,55,42,30,3.99,AI is off,AI is off,AI is off,AI is off,Not paired,AI is off,0,0,0
1726000,6.1,0,1,0.33,0.21,0,0,99,1,0,21,False,True,0,0,55,41,30,3.99,AI is off,AI is off,AI is off,AI is off,Not paired,AI is off,0,0,0
1728000,6.3,0,1,0.34,0.21,0,0,99,1,0,21,False,True,0,0,54,40,29,3.99,AI is off,AI is off,AI is off,AI is off,Not paired,AI is off,0,0,0
1730000,6.5,0,1,0.34,0.21,0,0,99,1,0,21,False,True,0,0,52,38,27,3.99,AI is off,AI is off,AI is off,AI is off,Not paired,AI is off,0,0,0
1732000,6.6,0,1,0.34,0.21,0,0,99,1,0,21,False,True,0,0,54,40,29,3.99,AI is off,AI is off,AI is off,AI is off,Not paired,AI is off,0,0,0
1734000,6.7,0,1,0.35,0.21,0,0,99,1,0,21,False,True,0,0,54,40,30,3.99,AI is off,AI is off,AI is off,AI is off,Not paired,AI is off,0,0,0
1736000,6.8,0,1,0.35,0.21,0,0,99,1,0,21,False,True,0,0,52,39,28,3.99,AI is off,AI is off,AI is off,AI is off,Not paired,AI is off,0,0,0
1738000,6.7,0,1,0.35,0.21,0,0,99,1,0,21,False,True,0,0,52,39,28,3.99,AI is off,AI is off,AI is off,AI is off,Not paired,AI is off,0,0,0
1740000,6.7,0,1,0.35,0.21,0,0,99,1,0,21,False,True,0,0,55,40,29,3.99,AI is off,AI is off,AI is off,AI is off,Not paired,AI is off,0,0,0
1742000,6.7,0,1,0.35,0.21,0,0,99,1,0,20,False,True,0,0,54,40,30,3.99,AI is off,AI is off,AI is off,AI is off,Not paired,AI is off,0,0,0
1744000,6.7,0,1,0.35,0.21,0,0,99,1,0,20,False,True,0,0,54,40,28,3.99,AI is off,AI is off,AI is off,AI is off,Not paired,AI is off,0,0,0
1746000,6.9,0,1,0.35,0.21,0,0,99,1,0,20,False,True,0,0,55,41,31,3.99,AI is off,AI is off,AI is off,AI is off,Not paired,AI is off,0,0,0
1748000,7,0,1,0.35,0.21,0,0,99,1,0,20,False,True,0,0,53,40,28,3.99,AI is off,AI is off,AI is off,AI is off,Not paired,AI is off,0,0,0
1750000,7,0,1,0.35,0.21,0,0,99,1,0,20,False,True,0,0,53,39,28,3.99,AI is off,AI is off,AI is off,AI is off,Not paired,AI is off,0,0,0
1752000,7,0,1,0.35,0.21,0,0,99,1,0,20,False,True,0,0,52,38,28,3.99,AI is off,AI is off,AI is off,AI is off,Not paired,AI is off,0,0,0
1754000,7,0,1,0.35,0.21,0,0,99,1,0,20,False,True,0,0,53,40,30,3.99,AI is off,AI is off,AI is off,AI is off,Not paired,AI is off,0,0,0
1756000,7.2,0,1,0.36,0.21,0,0,99,1,0,20,False,True,0,0,52,39,28,3.99,AI is off,AI is off,AI is off,AI is off,Not paired,AI is off,0,0,0
1758000,7.3,0,1,0.36,0.21,0,0,99,1,0,20,False,True,0,0,55,41,29,3.99,AI is off,AI is off,AI is off,AI is off,Not paired,AI is off,0,0,0
1760000,7.3,0,1,0.36,0.21,0,0,99,1,0,20,False,True,0,0,52,39,27,3.99,AI is off,AI is off,AI is off,AI is off,Not paired,AI is off,0,0,0
1762000,7.1,0,1,0.36,0.21,0,0,99,1,0,20,False,True,0,0,54,39,29,3.99,AI is off,AI is off,AI is off,AI is off,Not paired,AI is off,0,0,0
1764000,6.8,0,1,0.35,0.21,0,0,99,1,0,20,False,True,0,0,54,40,29,3.99,AI is off,AI is off,AI is off,AI is off,Not paired,AI is off,0,0,0
1766000,6.6,0,1,0.35,0.21,0,0,99,1,0,20,False,True,0,0,52,39,28,3.99,AI is off,AI is off,AI is off,AI is off,Not paired,AI is off,0,0,0
1768000,6.5,0,1,0.34,0.21,0,0,99,1,0,20,False,True,0,0,53,39,28,3.99,AI is off,AI is off,AI is off,AI is off,Not paired,AI is off,0,0,0
1770000,6.5,0,1,0.34,0.21,0,0,99,1,0,20,False,True,0,0,53,39,28,3.99,AI is off,AI is off,AI is off,AI is off,Not paired,AI is off,0,0,0
1772000,6.5,0,1,0.34,0.21,0,0,99,1,0,20,False,True,0,0,54,40,28,3.99,AI is off,AI is off,AI is off,AI is off,Not paired,AI is off,0,0,0
1774000,6.6,0,1,0.34,0.21,0,0,99,1,0,20,False,True,0,0,52,39,28,3.99,AI is off,AI is off,AI is off,AI is off,Not paired,AI is off,0,0,0
1776000,6.8,0,1,0.35,0.21,0,0,99,1,0,20,False,True,0,0,55,41,30,3.99,AI is off,AI is off,AI is off,AI is off,Not paired,AI is off,0,0,0
1778000,7,0,1,0.35,0.21,0,0,99,1,0,20,False,True,0,0,53,40,31,3.99,AI is off,AI is off,AI is off,AI is off,Not paired,AI is off,0,0,0
1780000,7.2,0,1,0.36,0.21,0,0,99,1,0,20,False,True,0,0,53,40,30,3.99,AI is off,AI is off,AI is off,AI is off,Not paired,AI is off,0,0,0
1782000,7.2,0,1,0.36,0.21,0,0,99,1,0,20,False,True,0,0,53,39,28,3.99,AI is off,AI is off,AI is off,AI is off,Not paired,AI is off,0,0,0
1784000,7,0,1,0.35,0.21,0,0,99,1,0,20,False,True,0,0,54,40,30,3.99,AI is off,AI is off,AI is off,AI is off,Not paired,AI is off,0,0,0
1786000,6.7,0,1,0.35,0.21,0,0,99,1,0,20,False,True,0,0,53,39,30,3.99,AI is off,AI is off,AI is off,AI is off,Not paired,AI is off,0,0,0
1788000,6.4,0,1,0.34,0.21,0,0,99,1,0,20,False,True,0,0,55,41,31,3.99,AI is off,AI is off,AI is off,AI is off,Not paired,AI is off,0,0,0
1790000,6,0,1,0.33,0.21,0,0,99,1,0,20,False,True,0,0,53,40,29,3.99,AI is off,AI is off,AI is off,AI is off,Not paired,AI is off,0,0,0
1792000,5.7,0,1,0.33,0.21,0,0,99,1,0,20,False,True,0,0,53,40,29,3.99,AI is off,AI is off,AI is off,AI is off,Not paired,AI is off,0,0,0
1794000,5.7,0,1,0.33,0.21,0,0,99,1,0,20,False,True,0,0,54,40,29,3.99,AI is off,AI is off,AI is off,AI is off,Not paired,AI is off,0,0,0
1796000,6.2,0,1,0.33,0.21,0,0,99,1,0,20,False,True,0,0,53,40,30,3.99,AI is off,AI is off,AI is off,AI is off,Not paired,AI is off,0,0,0
1798000,6.9,0,1,0.35,0.21,0,0,99,1,0,20,False,True,0,0,53,38,28,3.99,AI is off,AI is off,AI is off,AI is off,Not paired,AI is off,0,0,0
1800000,7.5,0,1,0.36,0.21,0,0,99,1,0,20,False,True,0,0,53,40,31,3.99,AI is off,AI is off,AI is off,AI is off,Not paired,AI is off,0,0,0
1802000,7.8,0,1,0.37,0.21,0,0,99,1,0,20,False,True,0,0,53,39,29,3.99,AI is off,AI is off,AI is off,AI is off,Not paired,AI is off,0,0,0
1804000,8.1,0,1,0.38,0.21,0,0,99,1,0,20,False,True,0,0,53,39,29,3.99,AI is off,AI is off,AI is off,AI is off,Not paired,AI is off,0,0,0
1806000,8.3,0,1,0.38,0.21,0,0,99,1,0,20,False,True,0,0,53,39,30,3.99,AI is off,AI is off,AI is off,AI is off,Not paired,AI is off,0,0,0
1808000,8.3,0,1,0.38,0.21,0,0,99,1,0,20,False,True,0,0,52,39,27,3.99,AI is off,AI is off,AI is off,AI is off,Not paired,AI is off,0,0,0
1810000,8.3,0,1,0.38,0.21,0,0,99,1,0,20,False,True,0,0,53,40,31,3.99,AI is off,AI is off,AI is off,AI is off,Not paired,AI is off,0,0,0
1812000,8.1,0,1,0.38,0.21,0,0,99,1,0,20,False,True,0,0,52,38,26,3.99,AI is off,AI is off,AI is off,AI is off,Not paired,AI is off,0,0,0
1814000,7.9,0,1,0.38,0.21,0,0,99,1,0,20,False,True,0,0,54,40,31,3.99,AI is off,AI is off,AI is off,AI is off,Not paired,AI is off,0,0,0
1816000,7.6,0,1,0.37,0.21,0,0,99,1,0,20,False,True,0,0,53,39,31,3.99,AI is off,AI is off,AI is off,AI is off,Not paired,AI is off,0,0,0
1818000,7.5,0,1,0.36,0.21,0,0,99,1,0,20,False,True,0,0,53,40,29,3.99,AI is off,AI is off,AI is off,AI is off,Not paired,AI is off,0,0,0
1820000,7.2,0,1,0.36,0.21,0,0,99,1,0,20,False,True,0,0,56,43,31,3.99,AI is off,AI is off,AI is off,AI is off,Not paired,AI is off,0,0,0
1822000,7.1,0,1,0.36,0.21,0,0,99,1,0,20,False,True,0,0,53,39,30,3.99,AI is off,AI is off,AI is off,AI is off,Not paired,AI is off,0,0,0
1824000,7.1,0,1,0.36,0.21,0,0,99,1,0,20,False,True,0,0,53,40,31,3.99,AI is off,AI is off,AI is off,AI is off,Not paired,AI is off,0,0,0
1826000,6.7,0,1,0.35,0.21,0,0,99,1,0,20,False,True,0,0,53,40,31,3.99,AI is off,AI is off,AI is off,AI is off,Not paired,AI is off,0,0,0
1828000,6.5,0,1,0.34,0.21,0,0,99,1,0,20,False,True,0,0,53,39,30,3.99,AI is off,AI is off,AI is off,AI is off,Not paired,AI is off,0,0,0
1830000,6.4,0,1,0.34,0.21,0,0,99,1,0,20,False,True,0,0,53,39,29,3.99,AI is off,AI is off,AI is off,AI is off,Not paired,AI is off,0,0,0
1832000,6.7,0,1,0.34,0.21,0,0,99,1,0,20,False,True,0,0,54,41,32,3.99,AI is off,AI is off,AI is off,AI is off,Not paired,AI is off,0,0,0
1834000,7,0,1,0.35,0.21,0,0,99,1,0,20,False,True,0,0,53,40,29,3.99,AI is off,AI is off,AI is off,AI is off,Not paired,AI is off,0,0,0
1836000,6.6,0,1,0.35,0.21,0,0,99,1,0,20,False,True,0,0,54,42,31,3.99,AI is off,AI is off,AI is off,AI is off,Not paired,AI is off,0,0,0
1838000,6.3,0,1,0.34,0.21,0,0,99,1,0,20,False,True,0,0,55,42,30,3.99,AI is off,AI is off,AI is off,AI is off,Not paired,AI is off,0,0,0
1840000,6,0,1,0.33,0.21,0,0,99,1,0,20,False,True,0,0,53,39,28,3.99,AI is off,AI is off,AI is off,AI is off,Not paired,AI is off,0,0,0
1842000,5.9,0,1,0.33,0.21,0,0,99,1,0,20,False,True,0,0,54,41,30,3.99,AI is off,AI is off,AI is off,AI is off,Not paired,AI is off,0,0,0
1844000,5.8,0,1,0.33,0.21,0,0,99,1,0,20,False,True,0,0,52,39,27,3.99,AI is off,AI is off,AI is off,AI is off,Not paired,AI is off,0,0,0
1846000,5.7,0,1,0.33,0.21,0,0,99,1,0,20,False,True,0,0,53,39,29,3.99,AI is off,AI is off,AI is off,AI is off,Not paired,AI is off,0,0,0
1848000,5.6,0,1,0.32,0.21,0,0,99,1,0,20,False,True,0,0,54,40,29,3.99,AI is off,AI is off,AI is off,AI is off,Not paired,AI is off,0,0,0
1850000,5.6,0,1,0.32,0.21,0,0,99,1,0,20,False,True,0,0,56,43,32,3.99,AI is off,AI is off,AI is off,AI is off,Not paired,AI is off,0,0,0
1852000,5.7,0,1,0.33,0.21,0,0,99,1,0,20,False,True,0,0,52,38,27,3.99,AI is off,AI is off,AI is off,AI is off,Not paired,AI is off,0,0,0
1854000,5.8,0,1,0.33,0.21,0,0,99,1,0,20,False,True,0,0,57,44,33,3.99,AI is off,AI is off,AI is off,AI is off,Not paired,AI is off,0,0,0
1856000,5.5,0,1,0.32,0.21,0,0,99,1,0,20,False,True,0,0,58,45,35,3.99,AI is off,AI is off,AI is off,AI is off,Not paired,AI is off,0,0,0
1858000,5.1,0,1,0.32,0.21,0,0,99,1,0,20,False,True,0,0,54,39,29,3.99,AI is off,AI is off,AI is off,AI is off,Not paired,AI is off,0,0,0
1860000,5,0,1,0.31,0.21,0,0,99,1,0,20,False,True,0,0,53,39,28,3.99,AI is off,AI is off,AI is off,AI is off,Not paired,AI is off,0,0,0
1862000,5,0,1,0.31,0.21,0,0,99,1,0,20,False,True,0,0,55,41,30,3.99,AI is off,AI is off,AI is off,AI is off,Not paired,AI is off,0,0,0
1864000,5,0,1,0.31,0.21,0,0,99,1,0,20,False,True,0,0,54,41,30,3.99,AI is off,AI is off,AI is off,AI is off,Not paired,AI is off,0,0,0
1866000,5.1,0,1,0.31,0.21,0,0,99,1,0,20,False,True,0,0,55,42,31,3.99,AI is off,AI is off,AI is off,AI is off,Not paired,AI is off,0,0,0
1868000,5.1,0,1,0.31,0.21,0,0,99,1,0,20,False,True,0,0,53,39,31,3.99,AI is off,AI is off,AI is off,AI is off,Not paired,AI is off,0,0,0
1870000,5,0,1,0.31,0.21,0,0,99,1,0,20,False,True,0,0,53,39,28,3.99,AI is off,AI is off,AI is off,AI is off,Not paired,AI is off,0,0,0
1872000,5.1,0,1,0.31,0.21,0,0,99,1,0,20,False,True,0,0,53,39,28,3.99,AI is off,AI is off,AI is off,AI is off,Not paired,AI is off,0,0,0
1874000,5.1,0,1,0.31,0.21,0,0,99,1,0,20,False,True,0,0,53,40,30,3.99,AI is off,AI is off,AI is off,AI is off,Not paired,AI is off,0,0,0
1876000,5.1,0,1,0.31,0.21,0,0,99,1,0,20,False,True,0,0,53,39,28,3.99,AI is off,AI is off,AI is off,AI is off,Not paired,AI is off,0,0,0
1878000,5.1,0,1,0.31,0.21,0,0,99,1,0,20,False,True,0,0,53,40,29,3.99,AI is off,AI is off,AI is off,AI is off,Not paired,AI is off,0,0,0
1880000,5.3,0,1,0.32,0.21,0,0,99,1,0,20,False,True,0,0,54,39,29,3.99,AI is off,AI is off,AI is off,AI is off,Not paired,AI is off,0,0,0
1882000,5.4,0,1,0.32,0.21,0,0,99,1,0,20,False,True,0,0,54,39,31,3.99,AI is off,AI is off,AI is off,AI is off,Not paired,AI is off,0,0,0
1884000,5.3,0,1,0.32,0.21,0,0,99,1,0,20,False,True,0,0,54,41,31,3.99,AI is off,AI is off,AI is off,AI is off,Not paired,AI is off,0,0,0
1886000,5.4,0,1,0.32,0.21,0,0,99,1,0,20,False,True,0,0,53,38,28,3.99,AI is off,AI is off,AI is off,AI is off,Not paired,AI is off,0,0,0
1888000,5.4,0,1,0.32,0.21,0,0,99,1,0,20,False,True,0,0,53,39,29,3.99,AI is off,AI is off,AI is off,AI is off,Not paired,AI is off,0,0,0
1890000,5.4,0,1,0.32,0.21,0,0,99,1,0,20,False,True,0,0,52,38,27,3.99,AI is off,AI is off,AI is off,AI is off,Not paired,AI is off,0,0,0
1892000,5.4,0,1,0.32,0.21,0,0,99,1,0,20,False,True,0,0,54,40,31,3.99,AI is off,AI is off,AI is off,AI is off,Not paired,AI is off,0,0,0
1894000,5.5,0,1,0.32,0.21,0,0,99,1,0,20,False,True,0,0,54,39,31,3.99,AI is off,AI is off,AI is off,AI is off,Not paired,AI is off,0,0,0
1896000,5.6,0,1,0.32,0.21,0,0,99,1,0,20,False,True,0,0,52,39,28,3.99,AI is off,AI is off,AI is off,AI is off,Not paired,AI is off,0,0,0
1898000,5.8,0,1,0.33,0.21,0,0,99,1,0,20,False,True,0,0,53,39,30,3.99,AI is off,AI is off,AI is off,AI is off,Not paired,AI is off,0,0,0
1900000,5.8,0,1,0.33,0.21,0,0,99,1,0,20,False,True,0,0,54,39,31,3.99,AI is off,AI is off,AI is off,AI is off,Not paired,AI is off,0,0,0
1902000,5.9,0,1,0.33,0.21,0,0,99,1,0,20,False,True,0,0,54,40,29,3.99,AI is off,AI is off,AI is off,AI is off,Not paired,AI is off,0,0,0
1904000,6,0,1,0.33,0.21,0,0,99,1,0,20,False,True,0,0,57,43,33,3.99,AI is off,AI is off,AI is off,AI is off,Not paired,AI is off,0,0,0
1906000,6,0,1,0.33,0.21,0,0,99,1,0,20,False,True,0,0,57,44,33,3.99,AI is off,AI is off,AI is off,AI is off,Not paired,AI is off,0,0,0
1908000,6,0,1,0.33,0.21,0,0,99,1,0,20,False,True,0,0,56,45,33,3.99,AI is off,AI is off,AI is off,AI is off,Not paired,AI is off,0,0,0
1910000,5.9,0,1,0.33,0.21,0,0,99,1,0,20,False,True,0,0,54,39,30,3.99,AI is off,AI is off,AI is off,AI is off,Not paired,AI is off,0,0,0
1912000,5.8,0,1,0.33,0.21,0,0,99,1,0,20,False,True,0,0,52,39,29,3.99,AI is off,AI is off,AI is off,AI is off,Not paired,AI is off,0,0,0
1914000,5.7,0,1,0.33,0.21,0,0,99,1,0,20,False,True,0,0,53,39,30,3.99,AI is off,AI is off,AI is off,AI is off,Not paired,AI is off,0,0,0
1916000,5.6,0,1,0.32,0.21,0,0,99,1,0,20,False,True,0,0,54,39,31,3.99,AI is off,AI is off,AI is off,AI is off,Not paired,AI is off,0,0,0
1918000,5.6,0,1,0.32,0.21,0,0,99,1,0,20,False,True,0,0,53,39,28,3.99,AI is off,AI is off,AI is off,AI is off,Not paired,AI is off,0,0,0
1920000,5.6,0,1,0.32,0.21,0,0,99,1,0,20,False,True,0,0,53,40,28,3.99,AI is off,AI is off,AI is off,AI is off,Not paired,AI is off,0,0,0
1922000,5.7,0,1,0.33,0.21,0,0,99,1,0,20,False,True,0,0,55,40,30,3.99,AI is off,AI is off,AI is off,AI is off,Not paired,AI is off,0,0,0
1924000,5.8,0,1,0.33,0.21,0,0,99,1,0,20,False,True,0,0,58,45,33,3.99,AI is off,AI is off,AI is off,AI is off,Not paired,AI is off,0,0,0
1926000,5.9,0,1,0.33,0.21,0,0,99,1,0,20,False,True,0,0,54,41,30,3.99,AI is off,AI is off,AI is off,AI is off,Not paired,AI is off,0,0,0
1928000,6.1,0,1,0.33,0.21,0,0,99,1,0,20,False,True,0,0,56,44,31,3.99,AI is off,AI is off,AI is off,AI is off,Not paired,AI is off,0,0,0
1930000,6.2,0,1,0.34,0.21,0,0,99,1,0,20,False,True,0,0,53,39,28,3.99,AI is off,AI is off,AI is off,AI is off,Not paired,AI is off,0,0,0
1932000,6.2,0,1,0.34,0.21,0,0,99,1,0,20,False,True,0,0,53,39,27,3.99,AI is off,AI is off,AI is off,AI is off,Not paired,AI is off,0,0,0
1934000,6.1,0,1,0.33,0.21,0,0,99,1,0,20,False,True,0,0,52,39,27,3.99,AI is off,AI is off,AI is off,AI is off,Not paired,AI is off,0,0,0
1936000,5.9,0,1,0.33,0.21,0,0,99,1,0,20,False,True,0,0,53,39,30,3.99,AI is off,AI is off,AI is off,AI is off,Not paired,AI is off,0,0,0
1938000,5.5,0,1,0.32,0.21,0,0,99,1,0,21,False,True,0,0,55,40,30,3.99,AI is off,AI is off,AI is off,AI is off,Not paired,AI is off,0,0,0
1940000,5.6,0,1,0.32,0.21,0,0,99,1,0,20,False,True,0,0,53,39,29,3.99,AI is off,AI is off,AI is off,AI is off,Not paired,AI is off,0,0,0
1942000,5.5,0,1,0.32,0.21,0,0,99,1,0,21,False,True,0,0,56,43,32,3.99,AI is off,AI is off,AI is off,AI is off,Not paired,AI is off,0,0,0
1944000,5.3,0,1,0.32,0.21,0,0,99,1,0,21,False,True,0,0,56,43,32,3.99,AI is off,AI is off,AI is off,AI is off,Not paired,AI is off,0,0,0
1946000,5.4,0,1,0.32,0.21,0,0,99,1,0,21,False,True,0,0,52,39,28,3.99,AI is off,AI is off,AI is off,AI is off,Not paired,AI is off,0,0,0
1948000,5.3,0,1,0.32,0.21,0,0,99,1,0,21,False,True,0,0,54,41,30,3.99,AI is off,AI is off,AI is off,AI is off,Not paired,AI is off,0,0,0
1950000,5.1,0,1,0.31,0.21,0,0,99,1,0,21,False,True,0,0,53,39,29,3.99,AI is off,AI is off,AI is off,AI is off,Not paired,AI is off,0,0,0
1952000,4.8,0,1,0.31,0.21,0,0,99,1,0,21,False,True,0,0,54,39,29,3.99,AI is off,AI is off,AI is off,AI is off,Not paired,AI is off,0,0,0
1954000,4.6,0,1,0.3,0.21,0,0,99,1,0,21,False,True,0,0,58,46,34,3.99,AI is off,AI is off,AI is off,AI is off,Not paired,AI is off,0,0,0
1956000,4.4,0,1,0.3,0.21,0,0,99,1,0,21,False,True,0,0,58,42,32,3.99,AI is off,AI is off,AI is off,AI is off,Not paired,AI is off,0,0,0
1958000,4.2,0,1,0.29,0.21,0,0,99,1,0,21,False,True,0,0,53,40,30,3.99,AI is off,AI is off,AI is off,AI is off,Not paired,AI is off,0,0,0
1960000,3.9,0,1,0.29,0.21,0,0,99,1,0,21,False,True,0,0,54,40,30,3.99,AI is off,AI is off,AI is off,AI is off,Not paired,AI is off,0,0,0
1962000,3.6,0,1,0.28,0.21,0,0,99,1,0,21,False,True,0,0,58,44,33,3.99,AI is off,AI is off,AI is off,AI is off,Not paired,AI is off,0,0,0
1964000,3.3,0,1,0.28,0.21,0,0,99,1,0,21,False,True,0,0,53,39,29,3.99,AI is off,AI is off,AI is off,AI is off,Not paired,AI is off,0,0,0
1966000,3.2,0,1,0.27,0.21,0,0,99,1,0,21,False,True,0,0,58,46,35,3.99,AI is off,AI is off,AI is off,AI is off,Not paired,AI is off,0,0,0
1968000,3,0,1,0.27,0.21,0,0,99,1,0,21,False,True,0,0,52,39,28,3.99,AI is off,AI is off,AI is off,AI is off,Not paired,AI is off,0,0,0
1970000,2.7,0,1,0.26,0.21,0,0,99,1,0,21,False,True,0,0,58,43,33,3.99,AI is off,AI is off,AI is off,AI is off,Not paired,AI is off,0,0,0
1972000,2.4,0,1,0.26,0.21,0,0,99,1,0,21,False,True,0,0,55,41,31,3.99,AI is off,AI is off,AI is off,AI is off,Not paired,AI is off,0,0,0
1974000,2,0,1,0.25,0.21,0,0,99,1,0,21,False,True,0,0,54,40,31,3.99,AI is off,AI is off,AI is off,AI is off,Not paired,AI is off,0,0,0
1976000,1.8,0,1,0.24,0.21,0,0,99,1,0,21,False,True,0,0,57,44,33,3.99,AI is off,AI is off,AI is off,AI is off,Not paired,AI is off,0,0,0
1978000,1.6,0,1,0.24,0.21,0,0,99,1,0,21,False,True,0,0,52,39,28,3.99,AI is off,AI is off,AI is off,AI is off,Not paired,AI is off,0,0,0
1980000,1.2,0,1,0.23,0.21,0,0,99,1,0,21,False,True,0,0,61,47,35,3.99,AI is off,AI is off,AI is off,AI is off,Not paired,AI is off,0,0,0
1982000,0,0,1,0.22,0.21,0,0,99,1,0,21,False,True,0,0,63,49,38,3.99,AI is off,AI is off,AI is off,AI is off,Not paired,AI is off,0,0,0
1984000,0,0,0,0.21,0.21,0,0,99,1,0,21,False,True,0,0,53,39,28,3.99,AI is off,AI is off,AI is off,AI is off,Not paired,AI is off,0,0,0
1986000,0,0,0,0.21,0.21,0,0,99,1,0,21,False,True,0,0,58,45,33,3.99,AI is off,AI is off,AI is off,AI is off,Not paired,AI is off,0,0,0
1988000,0,0,0,0.21,0.21,0,0,99,1,0,21,False,True,0,0,54,41,30,3.99,AI is off,AI is off,AI is off,AI is off,Not paired,AI is off,0,0,0
1990000,0,0,0,0.22,0.21,0,0,99,1,0,21,False,True,0,0,53,39,29,3.99,AI is off,AI is off,AI is off,AI is off,Not paired,AI is off,0,0,0
1992000,0,0,0,0.22,0.21,0,0,99,1,0,21,False,True,0,0,53,39,29,3.99,AI is off,AI is off,AI is off,AI is off,Not paired,AI is off,0,0,0
1994000,0,0,0,0.21,0.21,0,0,99,1,0,21,False,True,0,0,55,41,31,3.99,AI is off,AI is off,AI is off,AI is off,Not paired,AI is off,0,0,0
1996000,0,0,0,0.21,0.21,0,0,99,1,0,21,False,True,0,0,59,46,35,3.99,AI is off,AI is off,AI is off,AI is off,Not paired,AI is off,0,0,0
1998000,0,0,0,0.22,0.21,0,0,99,1,0,21,False,True,0,0,54,39,28,3.99,AI is off,AI is off,AI is off,AI is off,Not paired,AI is off,0,0,0
2000000,0,0,0,0.22,0.21,0,0,99,1,0,21,False,True,0,0,55,41,30,3.99,AI is off,AI is off,AI is off,AI is off,Not paired,AI is off,0,0,0
2002000,0,0,0,0.22,0.21,0,0,99,1,0,21,False,True,0,0,55,41,30,3.99,AI is off,AI is off,AI is off,AI is off,Not paired,AI is off,0,0,0
2004000,0,0,0,0.21,0.21,0,0,99,1,0,21,False,True,0,0,58,45,33,3.99,AI is off,AI is off,AI is off,AI is off,Not paired,AI is off,0,0,0
2006000,0,0,0,0.21,0.21,0,0,99,1,0,21,False,True,0,0,62,48,36,3.99,AI is off,AI is off,AI is off,AI is off,Not paired,AI is off,0,0,0
2008000,0,0,0,0.21,0.21,0,0,99,1,0,21,False,True,0,0,66,50,39,3.99,AI is off,AI is off,AI is off,AI is off,Not paired,AI is off,0,0,0
2010000,0,0,0,0.21,0.21,0,0,99,1,0,21,False,True,0,0,60,46,34,3.99,AI is off,AI is off,AI is off,AI is off,Not paired,AI is off,0,0,0
2012000,0,0,0,0.21,0.21,0,0,99,1,0,21,False,True,0,0,59,45,34,3.99,AI is off,AI is off,AI is off,AI is off,Not paired,AI is off,0,0,0
2014000,0,0,0,0.21,0.21,0,0,99,1,0,21,False,True,0,0,58,44,34,3.99,AI is off,AI is off,AI is off,AI is off,Not paired,AI is off,0,0,0
2016000,0,0,0,0.21,0.21,0,0,99,1,0,21,False,True,0,0,58,44,33,3.99,AI is off,AI is off,AI is off,AI is off,Not paired,AI is off,0,0,0
2018000,0,0,0,0.21,0.21,0,0,99,1,0,21,False,True,0,0,57,43,32,3.99,AI is off,AI is off,AI is off,AI is off,Not paired,AI is off,0,0,0
2020000,0,0,0,0.21,0.21,0,0,99,1,0,21,False,True,0,0,54,41,29,3.99,AI is off,AI is off,AI is off,AI is off,Not paired,AI is off,0,0,0
2022000,0,0,0,0.21,0.21,0,0,99,1,0,21,False,True,0,0,53,40,28,3.99,AI is off,AI is off,AI is off,AI is off,Not paired,AI is off,0,0,0
2024000,0,0,0,0.21,0.21,0,0,99,1,0,21,False,True,0,0,58,44,33,3.99,AI is off,AI is off,AI is off,AI is off,Not paired,AI is off,0,0,0
2026000,0,0,0,0.21,0.21,0,0,99,1,0,21,False,True,0,0,52,38,27,3.99,AI is off,AI is off,AI is off,AI is off,Not paired,AI is off,0,0,0
2028000,0,0,0,0.21,0.21,0,0,99,1,0,21,False,True,0,0,62,48,37,3.99,AI is off,AI is off,AI is off,AI is off,Not paired,AI is off,0,0,0
2030000,0,0,0,0.21,0.21,0,0,99,1,0,21,False,True,0,0,59,44,33,3.99,AI is off,AI is off,AI is off,AI is off,Not paired,AI is off,0,0,0
2032000,0,0,0,0.21,0.21,0,0,99,1,0,21,False,True,0,0,59,44,33,3.99,AI is off,AI is off,AI is off,AI is off,Not paired,AI is off,0,0,0
2034000,0,0,0,0.21,0.21,0,0,99,1,0,21,False,True,0,0,52,38,27,3.99,AI is off,AI is off,AI is off,AI is off,Not paired,AI is off,0,0,0
2036000,0,0,0,0.21,0.21,0,0,99,1,0,21,False,True,0,0,59,45,34,3.99,AI is off,AI is off,AI is off,AI is off,Not paired,AI is off,0,0,0
2038000,0,0,0,0.21,0.21,0,0,99,1,0,21,False,True,0,0,59,45,33,3.99,AI is off,AI is off,AI is off,AI is off,Not paired,AI is off,0,0,0
2040000,0,0,0,0.21,0.21,0,0,99,1,0,21,False,True,0,0,53,40,30,3.99,AI is off,AI is off,AI is off,AI is off,Not paired,AI is off,0,0,0