Dive Number,GF Minimum,GF Maximum,Surface Interval (min),Imperial Units,Start Battery Voltage,Start CNS %,Start Date,Start External O2 Sensor Status,Start Low Set Point,Start High Set Point,Computer Firmware Version,Max Depth,Max Time,Error History,End Battery Voltage,End CNS,End Date,End External O2 Sensor Status,End Low Set Point,End High Set Point,Computer Serial Number,Computer Firmware Version,Computer Model,Log Version,Deco Model,VPM-B Conservatism,Start Surface Pressure,End Surface Pressure,Product
132,40,85,1118,False,3.8,0,8/2/2024 10:21:27 AM,False,0,1,86,10.6,2210,,3.8,0,8/2/2024 10:58:12 AM,False,0,1,937B0677,86,2,13,GF,40/85,995,995,Peregrine
Time (ms),Depth,First Stop Depth,Time To Surface (min),Average PPO2,Fraction O2,Fraction He,First Stop Time,Current NDL,Current Circuit Mode,Current CCR Mode,Water Temp,Gas Switch Needed,External PPO2,Set Point Type,Circuit Switch Type,External O2 Sensor 1 (mV),External O2 Sensor 2 (mV),External O2 Sensor 3 (mV),Battery Voltage,Tank 1 pressure (PSI),Tank 2 pressure (PSI),Tank 3 pressure (PSI),Tank 4 pressure (PSI),Gas Time Remaining,SAC Rate (2 minute avg),Ascent Rate,Safe Ascent Depth,CO2mbar
0,1.8,0,1,0.24,0.21,0,0,0,1,0,27,False,True,0,0,52,38,28,3.81,AI is off,AI is off,AI is off,AI is off,Not paired,AI is off,0,0,0
2000,2,0,1,0.25,0.21,0,0,0,1,0,27,False,True,0,0,53,39,28,3.82,AI is off,AI is off,AI is off,AI is off,Not paired,AI is off,0,0,0
4000,2,0,1,0.25,0.21,0,0,99,1,0,27,False,True,0,0,51,36,26,3.82,AI is off,AI is off,AI is off,AI is off,Not paired,AI is off,0,0,0
6000,2.1,0,1,0.25,0.21,0,0,99,1,0,27,False,True,0,0,54,41,29,3.82,AI is off,AI is off,AI is off,AI is off,Not paired,AI is off,0,0,0
8000,2.1,0,1,0.25,0.21,0,0,99,1,0,26,False,True,0,0,52,38,28,3.82,AI is off,AI is off,AI is off,AI is off,Not paired,AI is off,0,0,0
10000,1.8,0,1,0.25,0.21,0,0,99,1,0,26,False,True,0,0,57,41,29,3.82,AI is off,AI is off,AI is off,AI is off,Not paired,AI is off,0,0,0
12000,1.9,0,1,0.24,0.21,0,0,99,1,0,26,False,True,0,0,64,48,36,3.82,AI is off,AI is off,AI is off,AI is off,Not paired,AI is off,0,0,0
14000,1.9,0,1,0.25,0.21,0,0,99,1,0,26,False,True,0,0,62,45,33,3.82,AI is off,AI is off,AI is off,AI is off,Not paired,AI is off,0,0,0
16000,1.9,0,1,0.25,0.21,0,0,99,1,0,26,False,True,0,0,52,39,28,3.82,AI is off,AI is off,AI is off,AI is off,Not paired,AI is off,0,0,0
18000,1.6,0,1,0.24,0.21,0,0,99,1,0,26,False,True,0,0,52,38,27,3.82,AI is off,AI is off,AI is off,AI is off,Not paired,AI is off,0,0,0
20000,1.3,0,1,0.24,0.21,0,0,99,1,0,26,False,True,0,0,51,38,28,3.82,AI is off,AI is off,AI is off,AI is off,Not paired,AI is off,0,0,0
22000,1.4,0,1,0.23,0.21,0,0,99,1,0,26,False,True,0,0,52,37,27,3.82,AI is off,AI is off,AI is off,AI is off,Not paired,AI is off,0,0,0
24000,1.2,0,1,0.23,0.21,0,0,99,1,0,26,False,True,0,0,51,37,28,3.82,AI is off,AI is off,AI is off,AI is off,Not paired,AI is off,0,0,0
26000,0,0,1,0.23,0.21,0,0,99,1,0,26,False,True,0,0,52,38,28,3.82,AI is off,AI is off,AI is off,AI is off,Not paired,AI is off,0,0,0
28000,0,0,1,0.22,0.21,0,0,99,1,0,26,False,True,0,0,51,38,27,3.82,AI is off,AI is off,AI is off,AI is off,Not paired,AI is off,0,0,0
30000,0,0,0,0.22,0.21,0,0,99,1,0,26,False,True,0,0,50,37,23,3.82,AI is off,AI is off,AI is off,AI is off,Not paired,AI is off,0,0,0
32000,0,0,0,0.22,0.21,0,0,99,1,0,26,False,True,0,0,50,37,25,3.82,AI is off,AI is off,AI is off,AI is off,Not paired,AI is off,0,0,0
34000,0,0,0,0.22,0.21,0,0,99,1,0,26,False,True,0,0,51,38,26,3.82,AI is off,AI is off,AI is off,AI is off,Not paired,AI is off,0,0,0
36000,0,0,1,0.22,0.21,0,0,99,1,0,26,False,True,0,0,50,37,24,3.82,AI is off,AI is off,AI is off,AI is off,Not paired,AI is off,0,0,0
38000,0,0,1,0.22,0.21,0,0,99,1,0,26,False,True,0,0,50,36,24,3.82,AI is off,AI is off,AI is off,AI is off,Not paired,AI is off,0,0,0
40000,0,0,1,0.22,0.21,0,0,99,1,0,26,False,True,0,0,53,39,27,3.82,AI is off,AI is off,AI is off,AI is off,Not paired,AI is off,0,0,0
42000,0,0,1,0.22,0.21,0,0,99,1,0,26,False,True,0,0,52,38,28,3.82,AI is off,AI is off,AI is off,AI is off,Not paired,AI is off,0,0,0
44000,0,0,1,0.22,0.21,0,0,99,1,0,26,False,True,0,0,54,39,27,3.82,AI is off,AI is off,AI is off,AI is off,Not paired,AI is off,0,0,0
46000,0,0,1,0.22,0.21,0,0,99,1,0,26,False,True,0,0,51,39,27,3.82,AI is off,AI is off,AI is off,AI is off,Not paired,AI is off,0,0,0
48000,0.9,0,1,0.22,0.21,0,0,99,1,0,26,False,True,0,0,52,38,28,3.82,AI is off,AI is off,AI is off,AI is off,Not paired,AI is off,0,0,0
50000,1.1,0,1,0.23,0.21,0,0,99,1,0,26,False,True,0,0,51,39,29,3.82,AI is off,AI is off,AI is off,AI is off,Not paired,AI is off,0,0,0
52000,1.2,0,1,0.23,0.21,0,0,99,1,0,26,False,True,0,0,52,39,29,3.82,AI is off,AI is off,AI is off,AI is off,Not paired,AI is off,0,0,0
54000,1.4,0,1,0.23,0.21,0,0,99,1,0,26,False,True,0,0,52,39,28,3.82,AI is off,AI is off,AI is off,AI is off,Not paired,AI is off,0,0,0
56000,1.6,0,1,0.24,0.21,0,0,99,1,0,26,False,True,0,0,51,38,28,3.82,AI is off,AI is off,AI is off,AI is off,Not paired,AI is off,0,0,0
58000,1.8,0,1,0.24,0.21,0,0,99,1,0,26,False,True,0,0,51,38,27,3.82,AI is off,AI is off,AI is off,AI is off,Not paired,AI is off,0,0,0
60000,1.9,0,1,0.25,0.21,0,0,99,1,0,26,False,True,0,0,52,39,28,3.82,AI is off,AI is off,AI is off,AI is off,Not paired,AI is off,0,0,0
62000,2.1,0,1,0.25,0.21,0,0,99,1,0,26,False,True,0,0,51,38,26,3.82,AI is off,AI is off,AI is off,AI is off,Not paired,AI is off,0,0,0
64000,2.3,0,1,0.25,0.21,0,0,99,1,0,25,False,True,0,0,52,38,27,3.82,AI is off,AI is off,AI is off,AI is off,Not paired,AI is off,0,0,0
66000,2.4,0,1,0.26,0.21,0,0,99,1,0,25,False,True,0,0,52,39,30,3.82,AI is off,AI is off,AI is off,AI is off,Not paired,AI is off,0,0,0
68000,2.6,0,1,0.26,0.21,0,0,99,1,0,25,False,True,0,0,52,39,29,3.82,AI is off,AI is off,AI is off,AI is off,Not paired,AI is off,0,0,0
70000,2.9,0,1,0.27,0.21,0,0,99,1,0,25,False,True,0,0,52,38,27,3.82,AI is off,AI is off,AI is off,AI is off,Not paired,AI is off,0,0,0
72000,3.3,0,1,0.27,0.21,0,0,99,1,0,25,False,True,0,0,51,38,27,3.82,AI is off,AI is off,AI is off,AI is off,Not paired,AI is off,0,0,0
74000,3.6,0,1,0.28,0.21,0,0,99,1,0,25,False,True,0,0,52,39,28,3.82,AI is off,AI is off,AI is off,AI is off,Not paired,AI is off,0,0,0
76000,4.1,0,1,0.29,0.21,0,0,99,1,0,25,False,True,0,0,52,38,28,3.82,AI is off,AI is off,AI is off,AI is off,Not paired,AI is off,0,0,0
78000,4.7,0,1,0.3,0.21,0,0,99,1,0,25,False,True,0,0,53,39,28,3.82,AI is off,AI is off,AI is off,AI is off,Not paired,AI is off,0,0,0
80000,5.1,0,1,0.31,0.21,0,0,99,1,0,25,False,True,0,0,51,38,28,3.82,AI is off,AI is off,AI is off,AI is off,Not paired,AI is off,0,0,0
82000,5.6,0,1,0.32,0.21,0,0,99,1,0,25,False,True,0,0,52,38,28,3.82,AI is off,AI is off,AI is off,AI is off,Not paired,AI is off,0,0,0
84000,6.2,0,1,0.33,0.21,0,0,99,1,0,25,False,True,0,0,51,37,28,3.82,AI is off,AI is off,AI is off,AI is off,Not paired,AI is off,0,0,0
86000,6.8,0,1,0.35,0.21,0,0,99,1,0,25,False,True,0,0,50,36,24,3.82,AI is off,AI is off,AI is off,AI is off,Not paired,AI is off,0,0,0
88000,7.5,0,1,0.36,0.21,0,0,99,1,0,25,False,True,0,0,51,37,26,3.82,AI is off,AI is off,AI is off,AI is off,Not paired,AI is off,0,0,0
90000,7.9,0,1,0.37,0.21,0,0,99,1,0,25,False,True,0,0,52,38,28,3.82,AI is off,AI is off,AI is off,AI is off,Not paired,AI is off,0,0,0
92000,8.3,0,1,0.38,0.21,0,0,99,1,0,24,False,True,0,0,50,37,24,3.82,AI is off,AI is off,AI is off,AI is off,Not paired,AI is off,0,0,0
94000,8.6,0,1,0.39,0.21,0,0,99,1,0,24,False,True,0,0,51,38,28,3.82,AI is off,AI is off,AI is off,AI is off,Not paired,AI is off,0,0,0
96000,8.8,0,1,0.39,0.21,0,0,99,1,0,24,False,True,0,0,50,38,27,3.82,AI is off,AI is off,AI is off,AI is off,Not paired,AI is off,0,0,0
98000,8.8,0,1,0.39,0.21,0,0,99,1,0,24,False,True,0,0,52,38,28,3.82,AI is off,AI is off,AI is off,AI is off,Not paired,AI is off,0,0,0
100000,8.8,0,1,0.39,0.21,0,0,99,1,0,24,False,True,0,0,52,38,27,3.82,AI is off,AI is off,AI is off,AI is off,Not paired,AI is off,0,0,0
102000,8.8,0,1,0.39,0.21,0,0,99,1,0,24,False,True,0,0,51,38,26,3.82,AI is off,AI is off,AI is off,AI is off,Not paired,AI is off,0,0,0
104000,8.900001,0,1,0.39,0.21,0,0,99,1,0,24,False,True,0,0,52,39,28,3.82,AI is off,AI is off,AI is off,AI is off,Not paired,AI is off,0,0,0
106000,8.8,0,1,0.39,0.21,0,0,99,1,0,24,False,True,0,0,52,39,29,3.82,AI is off,AI is off,AI is off,AI is off,Not paired,AI is off,0,0,0
108000,8.6,0,1,0.39,0.21,0,0,99,1,0,23,False,True,0,0,52,40,28,3.82,AI is off,AI is off,AI is off,AI is off,Not paired,AI is off,0,0,0
110000,8.8,0,1,0.39,0.21,0,0,99,1,0,23,False,True,0,0,52,38,26,3.82,AI is off,AI is off,AI is off,AI is off,Not paired,AI is off,0,0,0
112000,8.900001,0,1,0.39,0.21,0,0,99,1,0,23,False,True,0,0,52,40,28,3.82,AI is off,AI is off,AI is off,AI is off,Not paired,AI is off,0,0,0
114000,8.900001,0,1,0.39,0.21,0,0,99,1,0,23,False,True,0,0,50,36,25,3.82,AI is off,AI is off,AI is off,AI is off,Not paired,AI is off,0,0,0
116000,9.2,0,1,0.4,0.21,0,0,99,1,0,23,False,True,0,0,49,36,24,3.82,AI is off,AI is off,AI is off,AI is off,Not paired,AI is off,0,0,0
118000,9.3,0,1,0.4,0.21,0,0,99,1,0,23,False,True,0,0,53,40,29,3.82,AI is off,AI is off,AI is off,AI is off,Not paired,AI is off,0,0,0
120000,9.3,0,1,0.4,0.21,0,0,99,1,0,23,False,True,0,0,51,37,25,3.82,AI is off,AI is off,AI is off,AI is off,Not paired,AI is off,0,0,0
122000,9.3,0,1,0.4,0.21,0,0,99,1,0,23,False,True,0,0,53,38,28,3.82,AI is off,AI is off,AI is off,AI is off,Not paired,AI is off,0,0,0
124000,9.3,0,1,0.4,0.21,0,0,99,1,0,23,False,True,0,0,54,40,28,3.82,AI is off,AI is off,AI is off,AI is off,Not paired,AI is off,0,0,0
126000,9.400001,0,1,0.4,0.21,0,0,99,1,0,23,False,True,0,0,52,39,28,3.82,AI is off,AI is off,AI is off,AI is off,Not paired,AI is off,0,0,0
128000,9.400001,0,1,0.4,0.21,0,0,99,1,0,23,False,True,0,0,50,37,25,3.82,AI is off,AI is off,AI is off,AI is off,Not paired,AI is off,0,0,0
130000,9.3,0,1,0.4,0.21,0,0,99,1,0,22,False,True,0,0,49,37,25,3.82,AI is off,AI is off,AI is off,AI is off,Not paired,AI is off,0,0,0
132000,9.3,0,1,0.4,0.21,0,0,99,1,0,22,False,True,0,0,53,40,27,3.82,AI is off,AI is off,AI is off,AI is off,Not paired,AI is off,0,0,0
134000,9.400001,0,1,0.4,0.21,0,0,99,1,0,22,False,True,0,0,50,37,26,3.82,AI is off,AI is off,AI is off,AI is off,Not paired,AI is off,0,0,0
136000,9.400001,0,1,0.4,0.21,0,0,99,1,0,22,False,True,0,0,53,38,28,3.82,AI is off,AI is off,AI is off,AI is off,Not paired,AI is off,0,0,0
138000,9.6,0,1,0.41,0.21,0,0,99,1,0,22,False,True,0,0,52,39,28,3.82,AI is off,AI is off,AI is off,AI is off,Not paired,AI is off,0,0,0
140000,9.6,0,1,0.41,0.21,0,0,99,1,0,22,False,True,0,0,53,39,30,3.82,AI is off,AI is off,AI is off,AI is off,Not paired,AI is off,0,0,0
142000,9.400001,0,1,0.41,0.21,0,0,99,1,0,22,False,True,0,0,51,39,28,3.82,AI is off,AI is off,AI is off,AI is off,Not paired,AI is off,0,0,0
144000,9.3,0,1,0.4,0.21,0,0,99,1,0,22,False,True,0,0,52,40,28,3.82,AI is off,AI is off,AI is off,AI is off,Not paired,AI is off,0,0,0
146000,9.1,0,1,0.4,0.21,0,0,99,1,0,22,False,True,0,0,53,39,29,3.82,AI is off,AI is off,AI is off,AI is off,Not paired,AI is off,0,0,0
148000,9.3,0,1,0.4,0.21,0,0,99,1,0,22,False,True,0,0,51,39,27,3.82,AI is off,AI is off,AI is off,AI is off,Not paired,AI is off,0,0,0
150000,9.1,0,1,0.4,0.21,0,0,99,1,0,22,False,True,0,0,52,38,27,3.82,AI is off,AI is off,AI is off,AI is off,Not paired,AI is off,0,0,0
152000,9.1,0,1,0.4,0.21,0,0,99,1,0,22,False,True,0,0,52,39,28,3.82,AI is off,AI is off,AI is off,AI is off,Not paired,AI is off,0,0,0
154000,9.1,0,1,0.4,0.21,0,0,99,1,0,21,False,True,0,0,52,39,26,3.82,AI is off,AI is off,AI is off,AI is off,Not paired,AI is off,0,0,0
156000,9.1,0,1,0.4,0.21,0,0,99,1,0,21,False,True,0,0,52,38,27,3.82,AI is off,AI is off,AI is off,AI is off,Not paired,AI is off,0,0,0
158000,9.1,0,1,0.4,0.21,0,0,99,1,0,21,False,True,0,0,53,38,27,3.82,AI is off,AI is off,AI is off,AI is off,Not paired,AI is off,0,0,0
160000,9,0,1,0.4,0.21,0,0,99,1,0,21,False,True,0,0,53,39,28,3.82,AI is off,AI is off,AI is off,AI is off,Not paired,AI is off,0,0,0
162000,9,0,1,0.4,0.21,0,0,99,1,0,21,False,True,0,0,53,39,27,3.82,AI is off,AI is off,AI is off,AI is off,Not paired,AI is off,0,0,0
164000,8.900001,0,1,0.39,0.21,0,0,99,1,0,21,False,True,0,0,54,40,29,3.82,AI is off,AI is off,AI is off,AI is off,Not paired,AI is off,0,0,0
166000,8.8,0,1,0.39,0.21,0,0,99,1,0,21,False,True,0,0,56,43,31,3.82,AI is off,AI is off,AI is off,AI is off,Not paired,AI is off,0,0,0
168000,8.8,0,1,0.39,0.21,0,0,99,1,0,21,False,True,0,0,57,43,32,3.82,AI is off,AI is off,AI is off,AI is off,Not paired,AI is off,0,0,0
170000,8.900001,0,1,0.39,0.21,0,0,99,1,0,21,False,True,0,0,52,38,26,3.82,AI is off,AI is off,AI is off,AI is off,Not paired,AI is off,0,0,0
172000,8.900001,0,1,0.39,0.21,0,0,99,1,0,21,False,True,0,0,53,40,28,3.82,AI is off,AI is off,AI is off,AI is off,Not paired,AI is off,0,0,0
174000,8.8,0,1,0.39,0.21,0,0,99,1,0,21,False,True,0,0,52,39,28,3.82,AI is off,AI is off,AI is off,AI is off,Not paired,AI is off,0,0,0
176000,8.6,0,1,0.39,0.21,0,0,99,1,0,21,False,True,0,0,52,38,27,3.82,AI is off,AI is off,AI is off,AI is off,Not paired,AI is off,0,0,0
178000,8.6,0,1,0.39,0.21,0,0,99,1,0,21,False,True,0,0,52,39,28,3.82,AI is off,AI is off,AI is off,AI is off,Not paired,AI is off,0,0,0
180000,8.7,0,1,0.39,0.21,0,0,99,1,0,21,False,True,0,0,55,40,28,3.82,AI is off,AI is off,AI is off,AI is off,Not paired,AI is off,0,0,0
182000,8.8,0,1,0.39,0.21,0,0,99,1,0,21,False,True,0,0,53,37,27,3.82,AI is off,AI is off,AI is off,AI is off,Not paired,AI is off,0,0,0
184000,8.900001,0,1,0.39,0.21,0,0,99,1,0,21,False,True,0,0,53,40,29,3.82,AI is off,AI is off,AI is off,AI is off,Not paired,AI is off,0,0,0
186000,9.1,0,1,0.4,0.21,0,0,99,1,0,21,False,True,0,0,52,37,27,3.82,AI is off,AI is off,AI is off,AI is off,Not paired,AI is off,0,0,0
188000,9.1,0,1,0.4,0.21,0,0,99,1,0,21,False,True,0,0,52,36,26,3.82,AI is off,AI is off,AI is off,AI is off,Not paired,AI is off,0,0,0
190000,9.2,0,1,0.4,0.21,0,0,99,1,0,21,False,True,0,0,53,42,31,3.82,AI is off,AI is off,AI is off,AI is off,Not paired,AI is off,0,0,0
192000,9.1,0,1,0.4,0.21,0,0,99,1,0,21,False,True,0,0,54,38,29,3.82,AI is off,AI is off,AI is off,AI is off,Not paired,AI is off,0,0,0
194000,9.1,0,1,0.4,0.21,0,0,99,1,0,21,False,True,0,0,52,37,28,3.82,AI is off,AI is off,AI is off,AI is off,Not paired,AI is off,0,0,0
196000,9.3,0,1,0.4,0.21,0,0,99,1,0,21,False,True,0,0,54,40,29,3.82,AI is off,AI is off,AI is off,AI is off,Not paired,AI is off,0,0,0
198000,9.5,0,1,0.4,0.21,0,0,99,1,0,21,False,True,0,0,52,41,29,3.82,AI is off,AI is off,AI is off,AI is off,Not paired,AI is off,0,0,0
200000,9.400001,0,1,0.41,0.21,0,0,99,1,0,21,False,True,0,0,53,41,29,3.82,AI is off,AI is off,AI is off,AI is off,Not paired,AI is off,0,0,0
202000,9.3,0,1,0.4,0.21,0,0,99,1,0,21,False,True,0,0,52,37,27,3.82,AI is off,AI is off,AI is off,AI is off,Not paired,AI is off,0,0,0
204000,9.400001,0,1,0.4,0.21,0,0,99,1,0,21,False,True,0,0,53,40,29,3.82,AI is off,AI is off,AI is off,AI is off,Not paired,AI is off,0,0,0
206000,9.400001,0,1,0.4,0.21,0,0,99,1,0,21,False,True,0,0,54,42,30,3.82,AI is off,AI is off,AI is off,AI is off,Not paired,AI is off,0,0,0
208000,9.2,0,1,0.4,0.21,0,0,99,1,0,20,False,True,0,0,53,39,28,3.82,AI is off,AI is off,AI is off,AI is off,Not paired,AI is off,0,0,0
210000,9.3,0,1,0.4,0.21,0,0,99,1,0,20,False,True,0,0,53,39,29,3.82,AI is off,AI is off,AI is off,AI is off,Not paired,AI is off,0,0,0
212000,9.3,0,1,0.4,0.21,0,0,99,1,0,20,False,True,0,0,54,41,31,3.82,AI is off,AI is off,AI is off,AI is off,Not paired,AI is off,0,0,0
214000,9.3,0,1,0.4,0.21,0,0,99,1,0,20,False,True,0,0,53,39,29,3.82,AI is off,AI is off,AI is off,AI is off,Not paired,AI is off,0,0,0
216000,9.2,0,1,0.4,0.21,0,0,99,1,0,20,False,True,0,0,54,41,31,3.82,AI is off,AI is off,AI is off,AI is off,Not paired,AI is off,0,0,0
218000,9.3,0,1,0.4,0.21,0,0,99,1,0,20,False,True,0,0,53,40,29,3.82,AI is off,AI is off,AI is off,AI is off,Not paired,AI is off,0,0,0
220000,9.3,0,1,0.4,0.21,0,0,99,1,0,20,False,True,0,0,53,41,30,3.82,AI is off,AI is off,AI is off,AI is off,Not paired,AI is off,0,0,0
222000,9.3,0,1,0.4,0.21,0,0,99,1,0,20,False,True,0,0,55,41,30,3.82,AI is off,AI is off,AI is off,AI is off,Not paired,AI is off,0,0,0
224000,9.400001,0,1,0.4,0.21,0,0,99,1,0,20,False,True,0,0,55,41,30,3.82,AI is off,AI is off,AI is off,AI is off,Not paired,AI is off,0,0,0
226000,9.400001,0,1,0.4,0.21,0,0,99,1,0,20,False,True,0,0,56,42,31,3.82,AI is off,AI is off,AI is off,AI is off,Not paired,AI is off,0,0,0
228000,9.400001,0,1,0.4,0.21,0,0,99,1,0,20,False,True,0,0,55,40,29,3.82,AI is off,AI is off,AI is off,AI is off,Not paired,AI is off,0,0,0
230000,9.400001,0,1,0.4,0.21,0,0,99,1,0,20,False,True,0,0,54,39,29,3.82,AI is off,AI is off,AI is off,AI is off,Not paired,AI is off,0,0,0
232000,9.400001,0,1,0.4,0.21,0,0,99,1,0,20,False,True,0,0,53,39,28,3.82,AI is off,AI is off,AI is off,AI is off,Not paired,AI is off,0,0,0
234000,9.400001,0,1,0.4,0.21,0,0,99,1,0,20,False,True,0,0,52,37,28,3.82,AI is off,AI is off,AI is off,AI is off,Not paired,AI is off,0,0,0
236000,9.400001,0,1,0.4,0.21,0,0,99,1,0,20,False,True,0,0,54,39,29,3.82,AI is off,AI is off,AI is off,AI is off,Not paired,AI is off,0,0,0
238000,9.5,0,1,0.4,0.21,0,0,99,1,0,20,False,True,0,0,53,41,30,3.82,AI is off,AI is off,AI is off,AI is off,Not paired,AI is off,0,0,0
240000,9.5,0,1,0.4,0.21,0,0,99,1,0,20,False,True,0,0,54,39,30,3.82,AI is off,AI is off,AI is off,AI is off,Not paired,AI is off,0,0,0
242000,9.400001,0,1,0.41,0.21,0,0,99,1,0,20,False,True,0,0,54,39,29,3.82,AI is off,AI is off,AI is off,AI is off,Not paired,AI is off,0,0,0
244000,9.400001,0,1,0.4,0.21,0,0,99,1,0,20,False,True,0,0,54,38,29,3.82,AI is off,AI is off,AI is off,AI is off,Not paired,AI is off,0,0,0
246000,9.3,0,1,0.4,0.21,0,0,99,1,0,20,False,True,0,0,55,40,30,3.82,AI is off,AI is off,AI is off,AI is off,Not paired,AI is off,0,0,0
248000,9.2,0,1,0.4,0.21,0,0,99,1,0,20,False,True,0,0,54,39,30,3.82,AI is off,AI is off,AI is off,AI is off,Not paired,AI is off,0,0,0
250000,9.2,0,1,0.4,0.21,0,0,99,1,0,20,False,True,0,0,54,39,28,3.82,AI is off,AI is off,AI is off,AI is off,Not paired,AI is off,0,0,0
252000,9.3,0,1,0.4,0.21,0,0,99,1,0,20,False,True,0,0,53,38,27,3.82,AI is off,AI is off,AI is off,AI is off,Not paired,AI is off,0,0,0
254000,9.1,0,1,0.4,0.21,0,0,99,1,0,20,False,True,0,0,56,42,32,3.82,AI is off,AI is off,AI is off,AI is off,Not paired,AI is off,0,0,0
256000,9.1,0,1,0.4,0.21,0,0,99,1,0,20,False,True,0,0,56,42,32,3.82,AI is off,AI is off,AI is off,AI is off,Not paired,AI is off,0,0,0
258000,9.1,0,1,0.4,0.21,0,0,99,1,0,20,False,True,0,0,53,39,31,3.82,AI is off,AI is off,AI is off,AI is off,Not paired,AI is off,0,0,0
260000,9,0,1,0.39,0.21,0,0,99,1,0,20,False,True,0,0,54,39,30,3.82,AI is off,AI is off,AI is off,AI is off,Not paired,AI is off,0,0,0
262000,8.900001,0,1,0.39,0.21,0,0,99,1,0,20,False,True,0,0,52,37,28,3.82,AI is off,AI is off,AI is off,AI is off,Not paired,AI is off,0,0,0
264000,8.900001,0,1,0.39,0.21,0,0,99,1,0,20,False,True,0,0,53,40,29,3.82,AI is off,AI is off,AI is off,AI is off,Not paired,AI is off,0,0,0
266000,8.6,0,1,0.39,0.21,0,0,99,1,0,20,False,True,0,0,54,40,30,3.82,AI is off,AI is off,AI is off,AI is off,Not paired,AI is off,0,0,0
268000,8.400001,0,1,0.38,0.21,0,0,99,1,0,20,False,True,0,0,53,38,28,3.82,AI is off,AI is off,AI is off,AI is off,Not paired,AI is off,0,0,0
270000,8.5,0,1,0.38,0.21,0,0,99,1,0,20,False,True,0,0,52,38,29,3.82,AI is off,AI is off,AI is off,AI is off,Not paired,AI is off,0,0,0
272000,8.400001,0,1,0.38,0.21,0,0,99,1,0,20,False,True,0,0,52,40,28,3.82,AI is off,AI is off,AI is off,AI is off,Not paired,AI is off,0,0,0
274000,8.3,0,1,0.38,0.21,0,0,99,1,0,20,False,True,0,0,50,38,26,3.82,AI is off,AI is off,AI is off,AI is off,Not paired,AI is off,0,0,0
276000,8,0,1,0.37,0.21,0,0,99,1,0,20,False,True,0,0,50,37,26,3.82,AI is off,AI is off,AI is off,AI is off,Not paired,AI is off,0,0,0
278000,8.1,0,1,0.38,0.21,0,0,99,1,0,20,False,True,0,0,53,41,31,3.82,AI is off,AI is off,AI is off,AI is off,Not paired,AI is off,0,0,0
280000,8.1,0,1,0.38,0.21,0,0,99,1,0,20,False,True,0,0,54,38,28,3.82,AI is off,AI is off,AI is off,AI is off,Not paired,AI is off,0,0,0
282000,8.2,0,1,0.38,0.21,0,0,99,1,0,20,False,True,0,0,54,40,28,3.82,AI is off,AI is off,AI is off,AI is off,Not paired,AI is off,0,0,0
284000,8.400001,0,1,0.38,0.21,0,0,99,1,0,20,False,True,0,0,53,38,28,3.82,AI is off,AI is off,AI is off,AI is off,Not paired,AI is off,0,0,0
286000,8.7,0,1,0.39,0.21,0,0,99,1,0,20,False,True,0,0,53,39,28,3.82,AI is off,AI is off,AI is off,AI is off,Not paired,AI is off,0,0,0
288000,9,0,1,0.39,0.21,0,0,99,1,0,20,False,True,0,0,54,40,29,3.82,AI is off,AI is off,AI is off,AI is off,Not paired,AI is off,0,0,0
290000,9.2,0,1,0.4,0.21,0,0,99,1,0,20,False,True,0,0,55,42,31,3.82,AI is off,AI is off,AI is off,AI is off,Not paired,AI is off,0,0,0
292000,9.400001,0,1,0.4,0.21,0,0,99,1,0,20,False,True,0,0,53,38,29,3.82,AI is off,AI is off,AI is off,AI is off,Not paired,AI is off,0,0,0
294000,9.400001,0,1,0.4,0.21,0,0,99,1,0,20,False,True,0,0,53,39,30,3.82,AI is off,AI is off,AI is off,AI is off,Not paired,AI is off,0,0,0
296000,9.5,0,1,0.41,0.21,0,0,99,1,0,20,False,True,0,0,55,41,31,3.82,AI is off,AI is off,AI is off,AI is off,Not paired,AI is off,0,0,0
298000,9.6,0,1,0.41,0.21,0,0,99,1,0,20,False,True,0,0,53,38,28,3.82,AI is off,AI is off,AI is off,AI is off,Not paired,AI is off,0,0,0
300000,9.6,0,1,0.41,0.21,0,0,99,1,0,20,False,True,0,0,53,39,28,3.82,AI is off,AI is off,AI is off,AI is off,Not paired,AI is off,0,0,0
302000,9.7,0,1,0.41,0.21,0,0,99,1,0,20,False,True,0,0,53,38,28,3.82,AI is off,AI is off,AI is off,AI is off,Not paired,AI is off,0,0,0
304000,9.7,0,1,0.41,0.21,0,0,99,1,0,20,False,True,0,0,52,40,30,3.82,AI is off,AI is off,AI is off,AI is off,Not paired,AI is off,0,0,0
306000,9.7,0,1,0.41,0.21,0,0,99,1,0,20,False,True,0,0,53,39,28,3.82,AI is off,AI is off,AI is off,AI is off,Not paired,AI is off,0,0,0
308000,9.8,0,1,0.41,0.21,0,0,99,1,0,20,False,True,0,0,53,39,28,3.82,AI is off,AI is off,AI is off,AI is off,Not paired,AI is off,0,0,0
310000,9.7,0,1,0.41,0.21,0,0,99,1,0,20,False,True,0,0,55,44,33,3.82,AI is off,AI is off,AI is off,AI is off,Not paired,AI is off,0,0,0
312000,9.7,0,1,0.41,0.21,0,0,99,1,0,20,False,True,0,0,55,44,34,3.82,AI is off,AI is off,AI is off,AI is off,Not paired,AI is off,0,0,0
314000,9.7,0,1,0.41,0.21,0,0,99,1,0,20,False,True,0,0,54,39,29,3.82,AI is off,AI is off,AI is off,AI is off,Not paired,AI is off,0,0,0
316000,9.7,0,1,0.41,0.21,0,0,99,1,0,20,False,True,0,0,54,39,29,3.82,AI is off,AI is off,AI is off,AI is off,Not paired,AI is off,0,0,0
318000,9.8,0,1,0.41,0.21,0,0,99,1,0,20,False,True,0,0,55,43,32,3.82,AI is off,AI is off,AI is off,AI is off,Not paired,AI is off,0,0,0
320000,9.8,0,1,0.41,0.21,0,0,99,1,0,20,False,True,0,0,53,40,29,3.82,AI is off,AI is off,AI is off,AI is off,Not paired,AI is off,0,0,0
322000,9.900001,0,1,0.41,0.21,0,0,99,1,0,20,False,True,0,0,53,39,29,3.82,AI is off,AI is off,AI is off,AI is off,Not paired,AI is off,0,0,0
324000,10.1,0,1,0.42,0.21,0,0,99,1,0,20,False,True,0,0,53,41,31,3.82,AI is off,AI is off,AI is off,AI is off,Not paired,AI is off,0,0,0
326000,10.1,0,1,0.42,0.21,0,0,99,1,0,20,False,True,0,0,54,41,30,3.82,AI is off,AI is off,AI is off,AI is off,Not paired,AI is off,0,0,0
328000,10.1,0,1,0.42,0.21,0,0,99,1,0,20,False,True,0,0,54,41,30,3.82,AI is off,AI is off,AI is off,AI is off,Not paired,AI is off,0,0,0
330000,10.1,0,1,0.42,0.21,0,0,99,1,0,20,False,True,0,0,53,41,30,3.82,AI is off,AI is off,AI is off,AI is off,Not paired,AI is off,0,0,0
332000,10,0,1,0.41,0.21,0,0,99,1,0,20,False,True,0,0,53,41,31,3.82,AI is off,AI is off,AI is off,AI is off,Not paired,AI is off,0,0,0
334000,9.900001,0,1,0.41,0.21,0,0,99,1,0,20,False,True,0,0,54,41,30,3.82,AI is off,AI is off,AI is off,AI is off,Not paired,AI is off,0,0,0
336000,9.900001,0,1,0.41,0.21,0,0,99,1,0,20,False,True,0,0,54,39,30,3.82,AI is off,AI is off,AI is off,AI is off,Not paired,AI is off,0,0,0
338000,9.900001,0,1,0.41,0.21,0,0,99,1,0,20,False,True,0,0,53,41,31,3.82,AI is off,AI is off,AI is off,AI is off,Not paired,AI is off,0,0,0
340000,9.900001,0,1,0.41,0.21,0,0,99,1,0,20,False,True,0,0,55,40,30,3.82,AI is off,AI is off,AI is off,AI is off,Not paired,AI is off,0,0,0
342000,9.900001,0,1,0.41,0.21,0,0,99,1,0,20,False,True,0,0,54,39,29,3.82,AI is off,AI is off,AI is off,AI is off,Not paired,AI is off,0,0,0
344000,9.8,0,1,0.41,0.21,0,0,99,1,0,20,False,True,0,0,53,42,31,3.82,AI is off,AI is off,AI is off,AI is off,Not paired,AI is off,0,0,0
346000,9.7,0,1,0.41,0.21,0,0,99,1,0,20,False,True,0,0,52,38,28,3.82,AI is off,AI is off,AI is off,AI is off,Not paired,AI is off,0,0,0
348000,9.7,0,1,0.41,0.21,0,0,99,1,0,20,False,True,0,0,55,40,30,3.82,AI is off,AI is off,AI is off,AI is off,Not paired,AI is off,0,0,0
350000,9.7,0,1,0.41,0.21,0,0,99,1,0,20,False,True,0,0,54,39,30,3.82,AI is off,AI is off,AI is off,AI is off,Not paired,AI is off,0,0,0
352000,9.8,0,1,0.41,0.21,0,0,99,1,0,20,False,True,0,0,54,41,29,3.82,AI is off,AI is off,AI is off,AI is off,Not paired,AI is off,0,0,0
354000,9.7,0,1,0.41,0.21,0,0,99,1,0,20,False,True,0,0,54,39,30,3.82,AI is off,AI is off,AI is off,AI is off,Not paired,AI is off,0,0,0
356000,9.8,0,1,0.41,0.21,0,0,99,1,0,19,False,True,0,0,53,42,31,3.82,AI is off,AI is off,AI is off,AI is off,Not paired,AI is off,0,0,0
358000,9.7,0,1,0.41,0.21,0,0,99,1,0,19,False,True,0,0,53,41,31,3.82,AI is off,AI is off,AI is off,AI is off,Not paired,AI is off,0,0,0
360000,9.8,0,1,0.41,0.21,0,0,99,1,0,19,False,True,0,0,54,42,30,3.82,AI is off,AI is off,AI is off,AI is off,Not paired,AI is off,0,0,0
362000,9.8,0,1,0.41,0.21,0,0,99,1,0,19,False,True,0,0,53,40,29,3.82,AI is off,AI is off,AI is off,AI is off,Not paired,AI is off,0,0,0
364000,9.7,0,1,0.41,0.21,0,0,99,1,0,19,False,True,0,0,54,41,31,3.82,AI is off,AI is off,AI is off,AI is off,Not paired,AI is off,0,0,0
366000,9.7,0,1,0.41,0.21,0,0,99,1,0,19,False,True,0,0,53,39,30,3.82,AI is off,AI is off,AI is off,AI is off,Not paired,AI is off,0,0,0
368000,9.8,0,1,0.41,0.21,0,0,99,1,0,19,False,True,0,0,53,41,30,3.82,AI is off,AI is off,AI is off,AI is off,Not paired,AI is off,0,0,0
370000,9.900001,0,1,0.41,0.21,0,0,99,1,0,19,False,True,0,0,52,40,28,3.82,AI is off,AI is off,AI is off,AI is off,Not paired,AI is off,0,0,0
372000,9.7,0,1,0.41,0.21,0,0,99,1,0,19,False,True,0,0,53,39,30,3.82,AI is off,AI is off,AI is off,AI is off,Not paired,AI is off,0,0,0
374000,9.7,0,1,0.41,0.21,0,0,99,1,0,19,False,True,0,0,55,43,31,3.82,AI is off,AI is off,AI is off,AI is off,Not paired,AI is off,0,0,0
376000,9.6,0,1,0.41,0.21,0,0,99,1,0,19,False,True,0,0,54,42,31,3.82,AI is off,AI is off,AI is off,AI is off,Not paired,AI is off,0,0,0
378000,9.5,0,1,0.4,0.21,0,0,99,1,0,19,False,True,0,0,54,41,31,3.82,AI is off,AI is off,AI is off,AI is off,Not paired,AI is off,0,0,0
380000,9.5,0,1,0.41,0.21,0,0,99,1,0,19,False,True,0,0,54,39,30,3.82,AI is off,AI is off,AI is off,AI is off,Not paired,AI is off,0,0,0
382000,9.400001,0,1,0.4,0.21,0,0,99,1,0,19,False,True,0,0,53,40,30,3.82,AI is off,AI is off,AI is off,AI is off,Not paired,AI is off,0,0,0
384000,9.400001,0,1,0.4,0.21,0,0,99,1,0,19,False,True,0,0,53,41,31,3.82,AI is off,AI is off,AI is off,AI is off,Not paired,AI is off,0,0,0
386000,9.5,0,1,0.4,0.21,0,0,99,1,0,19,False,True,0,0,54,40,32,3.82,AI is off,AI is off,AI is off,AI is off,Not paired,AI is off,0,0,0
388000,9.5,0,1,0.4,0.21,0,0,99,1,0,19,False,True,0,0,54,39,30,3.82,AI is off,AI is off,AI is off,AI is off,Not paired,AI is off,0,0,0
390000,9.5,0,1,0.4,0.21,0,0,99,1,0,19,False,True,0,0,53,40,29,3.82,AI is off,AI is off,AI is off,AI is off,Not paired,AI is off,0,0,0
392000,9.3,0,1,0.4,0.21,0,0,99,1,0,19,False,True,0,0,54,40,30,3.82,AI is off,AI is off,AI is off,AI is off,Not paired,AI is off,0,0,0
394000,9.3,0,1,0.4,0.21,0,0,99,1,0,19,False,True,0,0,53,39,28,3.82,AI is off,AI is off,AI is off,AI is off,Not paired,AI is off,0,0,0
396000,9.400001,0,1,0.4,0.21,0,0,99,1,0,19,False,True,0,0,54,40,30,3.82,AI is off,AI is off,AI is off,AI is off,Not paired,AI is off,0,0,0
398000,9.5,0,1,0.4,0.21,0,0,99,1,0,19,False,True,0,0,54,40,31,3.82,AI is off,AI is off,AI is off,AI is off,Not paired,AI is off,0,0,0
400000,9.400001,0,1,0.4,0.21,0,0,99,1,0,19,False,True,0,0,54,39,30,3.82,AI is off,AI is off,AI is off,AI is off,Not paired,AI is off,0,0,0
402000,9.400001,0,1,0.4,0.21,0,0,99,1,0,19,False,True,0,0,53,40,30,3.82,AI is off,AI is off,AI is off,AI is off,Not paired,AI is off,0,0,0
404000,9.5,0,1,0.4,0.21,0,0,99,1,0,19,False,True,0,0,53,41,30,3.82,AI is off,AI is off,AI is off,AI is off,Not paired,AI is off,0,0,0
406000,9.400001,0,1,0.4,0.21,0,0,99,1,0,19,False,True,0,0,53,38,29,3.82,AI is off,AI is off,AI is off,AI is off,Not paired,AI is off,0,0,0
408000,9.5,0,1,0.41,0.21,0,0,99,1,0,19,False,True,0,0,54,40,30,3.82,AI is off,AI is off,AI is off,AI is off,Not paired,AI is off,0,0,0
410000,9.5,0,1,0.4,0.21,0,0,99,1,0,19,False,True,0,0,54,43,32,3.82,AI is off,AI is off,AI is off,AI is off,Not paired,AI is off,0,0,0
412000,9.3,0,1,0.4,0.21,0,0,99,1,0,19,False,True,0,0,52,40,28,3.82,AI is off,AI is off,AI is off,AI is off,Not paired,AI is off,0,0,0
414000,9.400001,0,1,0.4,0.21,0,0,99,1,0,19,False,True,0,0,58,45,33,3.82,AI is off,AI is off,AI is off,AI is off,Not paired,AI is off,0,0,0
416000,9.5,0,1,0.4,0.21,0,0,99,1,0,19,False,True,0,0,54,40,28,3.82,AI is off,AI is off,AI is off,AI is off,Not paired,AI is off,0,0,0
418000,9.5,0,1,0.4,0.21,0,0,99,1,0,19,False,True,0,0,52,39,28,3.82,AI is off,AI is off,AI is off,AI is off,Not paired,AI is off,0,0,0
420000,9.3,0,1,0.4,0.21,0,0,99,1,0,19,False,True,0,0,51,39,28,3.82,AI is off,AI is off,AI is off,AI is off,Not paired,AI is off,0,0,0
422000,9.6,0,1,0.41,0.21,0,0,99,1,0,19,False,True,0,0,51,39,27,3.82,AI is off,AI is off,AI is off,AI is off,Not paired,AI is off,0,0,0
424000,9.6,0,1,0.41,0.21,0,0,99,1,0,19,False,True,0,0,51,39,29,3.82,AI is off,AI is off,AI is off,AI is off,Not paired,AI is off,0,0,0
426000,9.6,0,1,0.41,0.21,0,0,99,1,0,19,False,True,0,0,54,41,30,3.82,AI is off,AI is off,AI is off,AI is off,Not paired,AI is off,0,0,0
428000,9.5,0,1,0.41,0.21,0,0,99,1,0,19,False,True,0,0,52,39,28,3.82,AI is off,AI is off,AI is off,AI is off,Not paired,AI is off,0,0,0
430000,9.5,0,1,0.4,0.21,0,0,99,1,0,19,False,True,0,0,51,39,28,3.82,AI is off,AI is off,AI is off,AI is off,Not paired,AI is off,0,0,0
432000,9.5,0,1,0.41,0.21,0,0,99,1,0,19,False,True,0,0,53,40,30,3.82,AI is off,AI is off,AI is off,AI is off,Not paired,AI is off,0,0,0
434000,9.6,0,1,0.41,0.21,0,0,99,1,0,19,False,True,0,0,55,43,33,3.82,AI is off,AI is off,AI is off,AI is off,Not paired,AI is off,0,0,0
436000,9.6,0,1,0.41,0.21,0,0,99,1,0,19,False,True,0,0,55,44,34,3.82,AI is off,AI is off,AI is off,AI is off,Not paired,AI is off,0,0,0
438000,9.7,0,1,0.41,0.21,0,0,99,1,0,19,False,True,0,0,57,43,34,3.82,AI is off,AI is off,AI is off,AI is off,Not paired,AI is off,0,0,0
440000,9.6,0,1,0.41,0.21,0,0,99,1,0,19,False,True,0,0,55,41,31,3.82,AI is off,AI is off,AI is off,AI is off,Not paired,AI is off,0,0,0
442000,9.6,0,1,0.41,0.21,0,0,99,1,0,19,False,True,0,0,54,43,32,3.82,AI is off,AI is off,AI is off,AI is off,Not paired,AI is off,0,0,0
444000,9.5,0,1,0.41,0.21,0,0,99,1,0,19,False,True,0,0,55,41,30,3.82,AI is off,AI is off,AI is off,AI is off,Not paired,AI is off,0,0,0
446000,9.5,0,1,0.4,0.21,0,0,99,1,0,19,False,True,0,0,52,41,30,3.82,AI is off,AI is off,AI is off,AI is off,Not paired,AI is off,0,0,0
448000,9.400001,0,1,0.4,0.21,0,0,99,1,0,19,False,True,0,0,54,40,30,3.82,AI is off,AI is off,AI is off,AI is off,Not paired,AI is off,0,0,0
450000,9.400001,0,1,0.4,0.21,0,0,99,1,0,19,False,True,0,0,55,43,33,3.82,AI is off,AI is off,AI is off,AI is off,Not paired,AI is off,0,0,0
452000,9.400001,0,1,0.4,0.21,0,0,99,1,0,19,False,True,0,0,53,41,32,3.82,AI is off,AI is off,AI is off,AI is off,Not paired,AI is off,0,0,0
454000,9.5,0,1,0.4,0.21,0,0,99,1,0,19,False,True,0,0,55,40,30,3.82,AI is off,AI is off,AI is off,AI is off,Not paired,AI is off,0,0,0
456000,9.400001,0,1,0.4,0.21,0,0,99,1,0,19,False,True,0,0,54,38,29,3.82,AI is off,AI is off,AI is off,AI is off,Not paired,AI is off,0,0,0
458000,9.5,0,1,0.41,0.21,0,0,99,1,0,19,False,True,0,0,54,41,31,3.82,AI is off,AI is off,AI is off,AI is off,Not paired,AI is off,0,0,0
460000,9.5,0,1,0.4,0.21,0,0,99,1,0,19,False,True,0,0,55,43,33,3.82,AI is off,AI is off,AI is off,AI is off,Not paired,AI is off,0,0,0
462000,9.5,0,1,0.4,0.21,0,0,99,1,0,19,False,True,0,0,54,41,31,3.82,AI is off,AI is off,AI is off,AI is off,Not paired,AI is off,0,0,0
464000,9.6,0,1,0.41,0.21,0,0,99,1,0,19,False,True,0,0,53,41,30,3.82,AI is off,AI is off,AI is off,AI is off,Not paired,AI is off,0,0,0
466000,9.5,0,1,0.41,0.21,0,0,99,1,0,19,False,True,0,0,52,41,31,3.82,AI is off,AI is off,AI is off,AI is off,Not paired,AI is off,0,0,0
468000,9.5,0,1,0.41,0.21,0,0,99,1,0,19,False,True,0,0,54,42,31,3.82,AI is off,AI is off,AI is off,AI is off,Not paired,AI is off,0,0,0
470000,9.7,0,1,0.41,0.21,0,0,99,1,0,19,False,True,0,0,52,40,29,3.82,AI is off,AI is off,AI is off,AI is off,Not paired,AI is off,0,0,0
472000,9.6,0,1,0.41,0.21,0,0,99,1,0,19,False,True,0,0,55,40,31,3.82,AI is off,AI is off,AI is off,AI is off,Not paired,AI is off,0,0,0
474000,9.6,0,1,0.41,0.21,0,0,99,1,0,19,False,True,0,0,54,39,30,3.82,AI is off,AI is off,AI is off,AI is off,Not paired,AI is off,0,0,0
476000,9.5,0,1,0.41,0.21,0,0,99,1,0,19,False,True,0,0,55,40,30,3.82,AI is off,AI is off,AI is off,AI is off,Not paired,AI is off,0,0,0
478000,9.5,0,1,0.41,0.21,0,0,99,1,0,19,False,True,0,0,54,40,30,3.82,AI is off,AI is off,AI is off,AI is off,Not paired,AI is off,0,0,0
480000,9.5,0,1,0.4,0.21,0,0,99,1,0,19,False,True,0,0,54,39,29,3.82,AI is off,AI is off,AI is off,AI is off,Not paired,AI is off,0,0,0
482000,9.6,0,1,0.41,0.21,0,0,99,1,0,19,False,True,0,0,54,41,31,3.82,AI is off,AI is off,AI is off,AI is off,Not paired,AI is off,0,0,0
484000,9.5,0,1,0.4,0.21,0,0,99,1,0,19,False,True,0,0,53,41,31,3.82,AI is off,AI is off,AI is off,AI is off,Not paired,AI is off,0,0,0
486000,9.6,0,1,0.41,0.21,0,0,99,1,0,19,False,True,0,0,54,42,30,3.82,AI is off,AI is off,AI is off,AI is off,Not paired,AI is off,0,0,0
488000,9.7,0,1,0.41,0.21,0,0,99,1,0,19,False,True,0,0,54,42,31,3.82,AI is off,AI is off,AI is off,AI is off,Not paired,AI is off,0,0,0
490000,9.6,0,1,0.41,0.21,0,0,99,1,0,19,False,True,0,0,54,43,31,3.82,AI is off,AI is off,AI is off,AI is off,Not paired,AI is off,0,0,0
492000,9.5,0,1,0.41,0.21,0,0,99,1,0,19,False,True,0,0,55,40,30,3.82,AI is off,AI is off,AI is off,AI is off,Not paired,AI is off,0,0,0
494000,9.5,0,1,0.41,0.21,0,0,99,1,0,19,False,True,0,0,54,42,31,3.82,AI is off,AI is off,AI is off,AI is off,Not paired,AI is off,0,0,0
496000,9.6,0,1,0.41,0.21,0,0,99,1,0,19,False,True,0,0,53,41,30,3.82,AI is off,AI is off,AI is off,AI is off,Not paired,AI is off,0,0,0
498000,9.7,0,1,0.41,0.21,0,0,99,1,0,19,False,True,0,0,53,41,30,3.82,AI is off,AI is off,AI is off,AI is off,Not paired,AI is off,0,0,0
500000,9.7,0,1,0.41,0.21,0,0,99,1,0,19,False,True,0,0,52,40,30,3.82,AI is off,AI is off,AI is off,AI is off,Not paired,AI is off,0,0,0
502000,9.6,0,1,0.41,0.21,0,0,99,1,0,19,False,True,0,0,54,42,31,3.82,AI is off,AI is off,AI is off,AI is off,Not paired,AI is off,0,0,0
504000,9.6,0,1,0.41,0.21,0,0,99,1,0,19,False,True,0,0,54,42,30,3.82,AI is off,AI is off,AI is off,AI is off,Not paired,AI is off,0,0,0
506000,9.8,0,1,0.41,0.21,0,0,99,1,0,19,False,True,0,0,52,40,29,3.82,AI is off,AI is off,AI is off,AI is off,Not paired,AI is off,0,0,0
508000,9.8,0,1,0.41,0.21,0,0,99,1,0,19,False,True,0,0,52,39,28,3.82,AI is off,AI is off,AI is off,AI is off,Not paired,AI is off,0,0,0
510000,9.8,0,1,0.41,0.21,0,0,99,1,0,19,False,True,0,0,53,40,28,3.82,AI is off,AI is off,AI is off,AI is off,Not paired,AI is off,0,0,0
512000,9.6,0,1,0.41,0.21,0,0,99,1,0,19,False,True,0,0,53,41,29,3.82,AI is off,AI is off,AI is off,AI is off,Not paired,AI is off,0,0,0
514000,9.400001,0,1,0.4,0.21,0,0,99,1,0,19,False,True,0,0,54,42,29,3.82,AI is off,AI is off,AI is off,AI is off,Not paired,AI is off,0,0,0
516000,9.2,0,1,0.4,0.21,0,0,99,1,0,19,False,True,0,0,53,41,30,3.82,AI is off,AI is off,AI is off,AI is off,Not paired,AI is off,0,0,0
518000,9,0,1,0.4,0.21,0,0,99,1,0,19,False,True,0,0,53,41,30,3.82,AI is off,AI is off,AI is off,AI is off,Not paired,AI is off,0,0,0
520000,8.900001,0,1,0.39,0.21,0,0,99,1,0,19,False,True,0,0,54,39,29,3.82,AI is off,AI is off,AI is off,AI is off,Not paired,AI is off,0,0,0
522000,8.5,0,1,0.38,0.21,0,0,99,1,0,19,False,True,0,0,52,40,28,3.82,AI is off,AI is off,AI is off,AI is off,Not paired,AI is off,0,0,0
524000,8.3,0,1,0.38,0.21,0,0,99,1,0,19,False,True,0,0,52,40,29,3.82,AI is off,AI is off,AI is off,AI is off,Not paired,AI is off,0,0,0
526000,8.5,0,1,0.38,0.21,0,0,99,1,0,19,False,True,0,0,52,41,29,3.82,AI is off,AI is off,AI is off,AI is off,Not paired,AI is off,0,0,0
528000,8.6,0,1,0.39,0.21,0,0,99,1,0,19,False,True,0,0,52,38,29,3.82,AI is off,AI is off,AI is off,AI is off,Not paired,AI is off,0,0,0
530000,8.8,0,1,0.39,0.21,0,0,99,1,0,19,False,True,0,0,51,40,29,3.82,AI is off,AI is off,AI is off,AI is off,Not paired,AI is off,0,0,0
532000,9,0,1,0.39,0.21,0,0,99,1,0,19,False,True,0,0,52,40,29,3.82,AI is off,AI is off,AI is off,AI is off,Not paired,AI is off,0,0,0
534000,8.900001,0,1,0.39,0.21,0,0,99,1,0,19,False,True,0,0,52,40,28,3.82,AI is off,AI is off,AI is off,AI is off,Not paired,AI is off,0,0,0
536000,9.1,0,1,0.4,0.21,0,0,99,1,0,19,False,True,0,0,51,39,28,3.82,AI is off,AI is off,AI is off,AI is off,Not paired,AI is off,0,0,0
538000,9.2,0,1,0.4,0.21,0,0,99,1,0,19,False,True,0,0,51,40,29,3.82,AI is off,AI is off,AI is off,AI is off,Not paired,AI is off,0,0,0
540000,9.3,0,1,0.4,0.21,0,0,99,1,0,19,False,True,0,0,51,39,28,3.82,AI is off,AI is off,AI is off,AI is off,Not paired,AI is off,0,0,0
542000,9.3,0,1,0.4,0.21,0,0,99,1,0,19,False,True,0,0,51,40,29,3.82,AI is off,AI is off,AI is off,AI is off,Not paired,AI is off,0,0,0
544000,9.2,0,1,0.4,0.21,0,0,99,1,0,19,False,True,0,0,51,39,28,3.82,AI is off,AI is off,AI is off,AI is off,Not paired,AI is off,0,0,0
546000,9,0,1,0.39,0.21,0,0,99,1,0,19,False,True,0,0,51,40,28,3.82,AI is off,AI is off,AI is off,AI is off,Not paired,AI is off,0,0,0
548000,8.7,0,1,0.39,0.21,0,0,99,1,0,19,False,True,0,0,53,42,31,3.82,AI is off,AI is off,AI is off,AI is off,Not paired,AI is off,0,0,0
550000,9.1,0,1,0.4,0.21,0,0,99,1,0,19,False,True,0,0,51,39,28,3.82,AI is off,AI is off,AI is off,AI is off,Not paired,AI is off,0,0,0
552000,9.2,0,1,0.4,0.21,0,0,99,1,0,19,False,True,0,0,52,40,28,3.82,AI is off,AI is off,AI is off,AI is off,Not paired,AI is off,0,0,0
554000,9.2,0,1,0.4,0.21,0,0,99,1,0,19,False,True,0,0,51,39,28,3.82,AI is off,AI is off,AI is off,AI is off,Not paired,AI is off,0,0,0
556000,9.1,0,1,0.4,0.21,0,0,99,1,0,19,False,True,0,0,52,39,30,3.82,AI is off,AI is off,AI is off,AI is off,Not paired,AI is off,0,0,0
558000,9.1,0,1,0.4,0.21,0,0,99,1,0,19,False,True,0,0,51,39,29,3.82,AI is off,AI is off,AI is off,AI is off,Not paired,AI is off,0,0,0
560000,9.1,0,1,0.4,0.21,0,0,99,1,0,19,False,True,0,0,51,39,30,3.82,AI is off,AI is off,AI is off,AI is off,Not paired,AI is off,0,0,0
562000,9.1,0,1,0.4,0.21,0,0,99,1,0,19,False,True,0,0,52,39,31,3.82,AI is off,AI is off,AI is off,AI is off,Not paired,AI is off,0,0,0
564000,9.1,0,1,0.4,0.21,0,0,99,1,0,19,False,True,0,0,51,39,28,3.82,AI is off,AI is off,AI is off,AI is off,Not paired,AI is off,0,0,0
566000,9.1,0,1,0.4,0.21,0,0,99,1,0,19,False,True,0,0,55,41,31,3.82,AI is off,AI is off,AI is off,AI is off,Not paired,AI is off,0,0,0
568000,9.1,0,1,0.4,0.21,0,0,99,1,0,19,False,True,0,0,57,44,33,3.82,AI is off,AI is off,AI is off,AI is off,Not paired,AI is off,0,0,0
570000,9.400001,0,1,0.4,0.21,0,0,99,1,0,19,False,True,0,0,53,41,29,3.82,AI is off,AI is off,AI is off,AI is off,Not paired,AI is off,0,0,0
572000,9.5,0,1,0.41,0.21,0,0,99,1,0,19,False,True,0,0,51,40,29,3.82,AI is off,AI is off,AI is off,AI is off,Not paired,AI is off,0,0,0
574000,9.5,0,1,0.4,0.21,0,0,99,1,0,19,False,True,0,0,52,42,31,3.82,AI is off,AI is off,AI is off,AI is off,Not paired,AI is off,0,0,0
576000,9.400001,0,1,0.4,0.21,0,0,99,1,0,19,False,True,0,0,53,41,30,3.82,AI is off,AI is off,AI is off,AI is off,Not paired,AI is off,0,0,0
578000,9.2,0,1,0.4,0.21,0,0,99,1,0,19,False,True,0,0,54,42,30,3.82,AI is off,AI is off,AI is off,AI is off,Not paired,AI is off,0,0,0
580000,9,0,1,0.4,0.21,0,0,99,1,0,19,False,True,0,0,54,40,29,3.82,AI is off,AI is off,AI is off,AI is off,Not paired,AI is off,0,0,0
582000,8.900001,0,1,0.39,0.21,0,0,99,1,0,19,False,True,0,0,54,41,31,3.82,AI is off,AI is off,AI is off,AI is off,Not paired,AI is off,0,0,0
584000,8.8,0,1,0.39,0.21,0,0,99,1,0,19,False,True,0,0,53,41,31,3.82,AI is off,AI is off,AI is off,AI is off,Not paired,AI is off,0,0,0
586000,8.7,0,1,0.39,0.21,0,0,99,1,0,19,False,True,0,0,54,42,32,3.82,AI is off,AI is off,AI is off,AI is off,Not paired,AI is off,0,0,0
588000,8.6,0,1,0.39,0.21,0,0,99,1,0,19,False,True,0,0,52,41,29,3.82,AI is off,AI is off,AI is off,AI is off,Not paired,AI is off,0,0,0
590000,8.6,0,1,0.39,0.21,0,0,99,1,0,19,False,True,0,0,52,40,29,3.82,AI is off,AI is off,AI is off,AI is off,Not paired,AI is off,0,0,0
592000,8.5,0,1,0.38,0.21,0,0,99,1,0,19,False,True,0,0,54,41,29,3.82,AI is off,AI is off,AI is off,AI is off,Not paired,AI is off,0,0,0
594000,8.6,0,1,0.39,0.21,0,0,99,1,0,19,False,True,0,0,54,42,31,3.82,AI is off,AI is off,AI is off,AI is off,Not paired,AI is off,0,0,0
596000,8.8,0,1,0.39,0.21,0,0,99,1,0,19,False,True,0,0,52,41,30,3.82,AI is off,AI is off,AI is off,AI is off,Not paired,AI is off,0,0,0
598000,9,0,1,0.39,0.21,0,0,99,1,0,19,False,True,0,0,52,40,30,3.82,AI is off,AI is off,AI is off,AI is off,Not paired,AI is off,0,0,0
600000,9,0,1,0.39,0.21,0,0,99,1,0,19,False,True,0,0,53,42,31,3.82,AI is off,AI is off,AI is off,AI is off,Not paired,AI is off,0,0,0
602000,9.2,0,1,0.4,0.21,0,0,99,1,0,19,False,True,0,0,54,41,31,3.82,AI is off,AI is off,AI is off,AI is off,Not paired,AI is off,0,0,0
604000,9.1,0,1,0.4,0.21,0,0,99,1,0,19,False,True,0,0,54,42,30,3.82,AI is off,AI is off,AI is off,AI is off,Not paired,AI is off,0,0,0
606000,9.3,0,1,0.4,0.21,0,0,99,1,0,19,False,True,0,0,52,42,31,3.82,AI is off,AI is off,AI is off,AI is off,Not paired,AI is off,0,0,0
608000,9.2,0,1,0.4,0.21,0,0,99,1,0,19,False,True,0,0,53,42,30,3.82,AI is off,AI is off,AI is off,AI is off,Not paired,AI is off,0,0,0
610000,9.400001,0,1,0.4,0.21,0,0,99,1,0,19,False,True,0,0,53,40,29,3.82,AI is off,AI is off,AI is off,AI is off,Not paired,AI is off,0,0,0
612000,9.5,0,1,0.41,0.21,0,0,99,1,0,19,False,True,0,0,54,41,29,3.82,AI is off,AI is off,AI is off,AI is off,Not paired,AI is off,0,0,0
614000,9.5,0,1,0.4,0.21,0,0,99,1,0,19,False,True,0,0,52,42,31,3.82,AI is off,AI is off,AI is off,AI is off,Not paired,AI is off,0,0,0
616000,9.400001,0,1,0.4,0.21,0,0,99,1,0,19,False,True,0,0,52,42,30,3.82,AI is off,AI is off,AI is off,AI is off,Not paired,AI is off,0,0,0
618000,9.6,0,1,0.41,0.21,0,0,99,1,0,19,False,True,0,0,53,40,29,3.82,AI is off,AI is off,AI is off,AI is off,Not paired,AI is off,0,0,0
620000,9.6,0,1,0.41,0.21,0,0,99,1,0,19,False,True,0,0,52,41,31,3.82,AI is off,AI is off,AI is off,AI is off,Not paired,AI is off,0,0,0
622000,9.6,0,1,0.41,0.21,0,0,99,1,0,19,False,True,0,0,54,39,30,3.82,AI is off,AI is off,AI is off,AI is off,Not paired,AI is off,0,0,0
624000,9.400001,0,1,0.4,0.21,0,0,99,1,0,19,False,True,0,0,54,40,30,3.82,AI is off,AI is off,AI is off,AI is off,Not paired,AI is off,0,0,0
626000,9.3,0,1,0.4,0.21,0,0,99,1,0,19,False,True,0,0,55,41,31,3.82,AI is off,AI is off,AI is off,AI is off,Not paired,AI is off,0,0,0
628000,9.400001,0,1,0.4,0.21,0,0,99,1,0,19,False,True,0,0,54,39,29,3.82,AI is off,AI is off,AI is off,AI is off,Not paired,AI is off,0,0,0
630000,9.5,0,1,0.4,0.21,0,0,99,1,0,19,False,True,0,0,53,41,30,3.82,AI is off,AI is off,AI is off,AI is off,Not paired,AI is off,0,0,0
632000,9.400001,0,1,0.4,0.21,0,0,99,1,0,19,False,True,0,0,53,41,29,3.82,AI is off,AI is off,AI is off,AI is off,Not paired,AI is off,0,0,0
634000,9.5,0,1,0.4,0.21,0,0,99,1,0,19,False,True,0,0,53,41,32,3.82,AI is off,AI is off,AI is off,AI is off,Not paired,AI is off,0,0,0
636000,9.3,0,1,0.4,0.21,0,0,99,1,0,19,False,True,0,0,52,40,29,3.82,AI is off,AI is off,AI is off,AI is off,Not paired,AI is off,0,0,0
638000,9.2,0,1,0.4,0.21,0,0,99,1,0,19,False,True,0,0,52,41,31,3.82,AI is off,AI is off,AI is off,AI is off,Not paired,AI is off,0,0,0
640000,9.1,0,1,0.4,0.21,0,0,99,1,0,19,False,True,0,0,53,41,30,3.82,AI is off,AI is off,AI is off,AI is off,Not paired,AI is off,0,0,0
642000,9.1,0,1,0.4,0.21,0,0,99,1,0,19,False,True,0,0,54,43,32,3.82,AI is off,AI is off,AI is off,AI is off,Not paired,AI is off,0,0,0
644000,9.1,0,1,0.4,0.21,0,0,99,1,0,19,False,True,0,0,54,42,32,3.82,AI is off,AI is off,AI is off,AI is off,Not paired,AI is off,0,0,0
646000,9.1,0,1,0.4,0.21,0,0,99,1,0,19,False,True,0,0,53,42,32,3.82,AI is off,AI is off,AI is off,AI is off,Not paired,AI is off,0,0,0
648000,9.3,0,1,0.4,0.21,0,0,99,1,0,19,False,True,0,0,52,42,31,3.82,AI is off,AI is off,AI is off,AI is off,Not paired,AI is off,0,0,0
650000,9.5,0,1,0.41,0.21,0,0,99,1,0,19,False,True,0,0,52,42,31,3.82,AI is off,AI is off,AI is off,AI is off,Not paired,AI is off,0,0,0
652000,9.5,0,1,0.41,0.21,0,0,99,1,0,19,False,True,0,0,53,40,30,3.82,AI is off,AI is off,AI is off,AI is off,Not paired,AI is off,0,0,0
654000,9.5,0,1,0.41,0.21,0,0,99,1,0,19,False,True,0,0,53,40,30,3.82,AI is off,AI is off,AI is off,AI is off,Not paired,AI is off,0,0,0
656000,9.5,0,1,0.41,0.21,0,0,99,1,0,19,False,True,0,0,53,41,31,3.82,AI is off,AI is off,AI is off,AI is off,Not paired,AI is off,0,0,0
658000,9.6,0,1,0.41,0.21,0,0,99,1,0,19,False,True,0,0,55,43,33,3.82,AI is off,AI is off,AI is off,AI is off,Not paired,AI is off,0,0,0
660000,9.6,0,1,0.41,0.21,0,0,99,1,0,19,False,True,0,0,53,41,31,3.82,AI is off,AI is off,AI is off,AI is off,Not paired,AI is off,0,0,0
662000,9.6,0,1,0.41,0.21,0,0,99,1,0,19,False,True,0,0,53,42,32,3.82,AI is off,AI is off,AI is off,AI is off,Not paired,AI is off,0,0,0
664000,9.6,0,1,0.41,0.21,0,0,99,1,0,19,False,True,0,0,54,42,31,3.82,AI is off,AI is off,AI is off,AI is off,Not paired,AI is off,0,0,0
666000,9.5,0,1,0.41,0.21,0,0,99,1,0,19,False,True,0,0,54,42,32,3.82,AI is off,AI is off,AI is off,AI is off,Not paired,AI is off,0,0,0
668000,9.5,0,1,0.41,0.21,0,0,99,1,0,19,False,True,0,0,53,41,30,3.82,AI is off,AI is off,AI is off,AI is off,Not paired,AI is off,0,0,0
670000,9.5,0,1,0.41,0.21,0,0,99,1,0,19,False,True,0,0,55,43,32,3.82,AI is off,AI is off,AI is off,AI is off,Not paired,AI is off,0,0,0
672000,9.5,0,1,0.4,0.21,0,0,99,1,0,19,False,True,0,0,54,42,32,3.82,AI is off,AI is off,AI is off,AI is off,Not paired,AI is off,0,0,0
674000,9.5,0,1,0.4,0.21,0,0,99,1,0,19,False,True,0,0,53,42,31,3.82,AI is off,AI is off,AI is off,AI is off,Not paired,AI is off,0,0,0
676000,9.400001,0,1,0.4,0.21,0,0,99,1,0,19,False,True,0,0,53,39,29,3.82,AI is off,AI is off,AI is off,AI is off,Not paired,AI is off,0,0,0
678000,9.400001,0,1,0.4,0.21,0,0,99,1,0,19,False,True,0,0,53,41,31,3.82,AI is off,AI is off,AI is off,AI is off,Not paired,AI is off,0,0,0
680000,9.3,0,1,0.4,0.21,0,0,99,1,0,19,False,True,0,0,53,39,29,3.82,AI is off,AI is off,AI is off,AI is off,Not paired,AI is off,0,0,0
682000,9.5,0,1,0.4,0.21,0,0,99,1,0,19,False,True,0,0,52,42,30,3.82,AI is off,AI is off,AI is off,AI is off,Not paired,AI is off,0,0,0
684000,9.5,0,1,0.41,0.21,0,0,99,1,0,19,False,True,0,0,54,40,32,3.82,AI is off,AI is off,AI is off,AI is off,Not paired,AI is off,0,0,0
686000,9.6,0,1,0.41,0.21,0,0,99,1,0,19,False,True,0,0,54,42,32,3.82,AI is off,AI is off,AI is off,AI is off,Not paired,AI is off,0,0,0
688000,9.6,0,1,0.41,0.21,0,0,99,1,0,19,False,True,0,0,56,42,32,3.82,AI is off,AI is off,AI is off,AI is off,Not paired,AI is off,0,0,0
690000,9.7,0,1,0.41,0.21,0,0,99,1,0,19,False,True,0,0,54,39,30,3.82,AI is off,AI is off,AI is off,AI is off,Not paired,AI is off,0,0,0
692000,9.8,0,1,0.41,0.21,0,0,99,1,0,19,False,True,0,0,54,42,31,3.82,AI is off,AI is off,AI is off,AI is off,Not paired,AI is off,0,0,0
694000,9.6,0,1,0.41,0.21,0,0,99,1,0,19,False,True,0,0,53,41,31,3.82,AI is off,AI is off,AI is off,AI is off,Not paired,AI is off,0,0,0
696000,9.7,0,1,0.41,0.21,0,0,99,1,0,19,False,True,0,0,54,42,31,3.82,AI is off,AI is off,AI is off,AI is off,Not paired,AI is off,0,0,0
698000,9.8,0,1,0.41,0.21,0,0,99,1,0,19,False,True,0,0,52,39,28,3.82,AI is off,AI is off,AI is off,AI is off,Not paired,AI is off,0,0,0
700000,9.6,0,1,0.41,0.21,0,0,99,1,0,19,False,True,0,0,54,40,30,3.82,AI is off,AI is off,AI is off,AI is off,Not paired,AI is off,0,0,0
702000,9.400001,0,1,0.4,0.21,0,0,99,1,0,19,False,True,0,0,54,42,31,3.82,AI is off,AI is off,AI is off,AI is off,Not paired,AI is off,0,0,0
704000,9.400001,0,1,0.4,0.21,0,0,99,1,0,19,False,True,0,0,54,40,29,3.82,AI is off,AI is off,AI is off,AI is off,Not paired,AI is off,0,0,0
706000,9.3,0,1,0.4,0.21,0,0,99,1,0,19,False,True,0,0,55,41,30,3.82,AI is off,AI is off,AI is off,AI is off,Not paired,AI is off,0,0,0
708000,9.1,0,1,0.4,0.21,0,0,99,1,0,19,False,True,0,0,59,46,34,3.82,AI is off,AI is off,AI is off,AI is off,Not paired,AI is off,0,0,0
710000,9,0,1,0.39,0.21,0,0,99,1,0,19,False,True,0,0,55,41,31,3.82,AI is off,AI is off,AI is off,AI is off,Not paired,AI is off,0,0,0
712000,9.1,0,1,0.4,0.21,0,0,99,1,0,19,False,True,0,0,54,39,30,3.82,AI is off,AI is off,AI is off,AI is off,Not paired,AI is off,0,0,0
714000,8.900001,0,1,0.39,0.21,0,0,99,1,0,19,False,True,0,0,58,45,32,3.82,AI is off,AI is off,AI is off,AI is off,Not paired,AI is off,0,0,0
716000,8.900001,0,1,0.39,0.21,0,0,99,1,0,19,False,True,0,0,54,41,29,3.82,AI is off,AI is off,AI is off,AI is off,Not paired,AI is off,0,0,0
718000,8.900001,0,1,0.39,0.21,0,0,99,1,0,19,False,True,0,0,54,41,30,3.82,AI is off,AI is off,AI is off,AI is off,Not paired,AI is off,0,0,0
720000,8.8,0,1,0.39,0.21,0,0,99,1,0,19,False,True,0,0,66,51,39,3.82,AI is off,AI is off,AI is off,AI is off,Not paired,AI is off,0,0,0
722000,8.7,0,1,0.39,0.21,0,0,99,1,0,19,False,True,0,0,54,41,30,3.82,AI is off,AI is off,AI is off,AI is off,Not paired,AI is off,0,0,0
724000,8.8,0,1,0.39,0.21,0,0,99,1,0,19,False,True,0,0,54,42,30,3.82,AI is off,AI is off,AI is off,AI is off,Not paired,AI is off,0,0,0
726000,8.7,0,1,0.39,0.21,0,0,99,1,0,19,False,True,0,0,54,42,31,3.82,AI is off,AI is off,AI is off,AI is off,Not paired,AI is off,0,0,0
728000,8.7,0,1,0.39,0.21,0,0,99,1,0,19,False,True,0,0,59,45,34,3.82,AI is off,AI is off,AI is off,AI is off,Not paired,AI is off,0,0,0
730000,8.900001,0,1,0.39,0.21,0,0,99,1,0,19,False,True,0,0,54,40,30,3.82,AI is off,AI is off,AI is off,AI is off,Not paired,AI is off,0,0,0
732000,9.2,0,1,0.4,0.21,0,0,99,1,0,19,False,True,0,0,52,41,30,3.82,AI is off,AI is off,AI is off,AI is off,Not paired,AI is off,0,0,0
734000,9.2,0,1,0.4,0.21,0,0,99,1,0,19,False,True,0,0,55,43,32,3.82,AI is off,AI is off,AI is off,AI is off,Not paired,AI is off,0,0,0
736000,9.2,0,1,0.4,0.21,0,0,99,1,0,19,False,True,0,0,55,43,32,3.82,AI is off,AI is off,AI is off,AI is off,Not paired,AI is off,0,0,0
738000,9.3,0,1,0.4,0.21,0,0,99,1,0,19,False,True,0,0,54,41,31,3.82,AI is off,AI is off,AI is off,AI is off,Not paired,AI is off,0,0,0
740000,9.5,0,1,0.4,0.21,0,0,99,1,0,19,False,True,0,0,52,41,29,3.82,AI is off,AI is off,AI is off,AI is off,Not paired,AI is off,0,0,0
742000,9.5,0,1,0.41,0.21,0,0,99,1,0,19,False,True,0,0,53,40,30,3.82,AI is off,AI is off,AI is off,AI is off,Not paired,AI is off,0,0,0
744000,9.6,0,1,0.41,0.21,0,0,99,1,0,19,False,True,0,0,54,40,29,3.82,AI is off,AI is off,AI is off,AI is off,Not paired,AI is off,0,0,0
746000,9.6,0,1,0.41,0.21,0,0,99,1,0,19,False,True,0,0,53,39,29,3.82,AI is off,AI is off,AI is off,AI is off,Not paired,AI is off,0,0,0
748000,9.5,0,1,0.4,0.21,0,0,99,1,0,19,False,True,0,0,57,43,32,3.82,AI is off,AI is off,AI is off,AI is off,Not paired,AI is off,0,0,0
750000,9.6,0,1,0.41,0.21,0,0,99,1,0,19,False,True,0,0,54,41,30,3.82,AI is off,AI is off,AI is off,AI is off,Not paired,AI is off,0,0,0
752000,9.7,0,1,0.41,0.21,0,0,99,1,0,19,False,True,0,0,55,41,30,3.82,AI is off,AI is off,AI is off,AI is off,Not paired,AI is off,0,0,0
754000,9.6,0,1,0.41,0.21,0,0,99,1,0,19,False,True,0,0,58,45,34,3.82,AI is off,AI is off,AI is off,AI is off,Not paired,AI is off,0,0,0
756000,9.7,0,1,0.41,0.21,0,0,99,1,0,19,False,True,0,0,55,41,30,3.82,AI is off,AI is off,AI is off,AI is off,Not paired,AI is off,0,0,0
758000,9.7,0,1,0.41,0.21,0,0,99,1,0,19,False,True,0,0,53,39,30,3.82,AI is off,AI is off,AI is off,AI is off,Not paired,AI is off,0,0,0
760000,9.7,0,1,0.41,0.21,0,0,99,1,0,19,False,True,0,0,56,42,32,3.82,AI is off,AI is off,AI is off,AI is off,Not paired,AI is off,0,0,0
762000,9.7,0,1,0.41,0.21,0,0,99,1,0,19,False,True,0,0,53,41,31,3.82,AI is off,AI is off,AI is off,AI is off,Not paired,AI is off,0,0,0
764000,9.6,0,1,0.41,0.21,0,0,99,1,0,19,False,True,0,0,53,41,31,3.82,AI is off,AI is off,AI is off,AI is off,Not paired,AI is off,0,0,0
766000,9.8,0,1,0.41,0.21,0,0,99,1,0,19,False,True,0,0,53,41,30,3.82,AI is off,AI is off,AI is off,AI is off,Not paired,AI is off,0,0,0
768000,9.7,0,1,0.41,0.21,0,0,99,1,0,19,False,True,0,0,69,55,42,3.82,AI is off,AI is off,AI is off,AI is off,Not paired,AI is off,0,0,0
770000,9.6,0,1,0.41,0.21,0,0,99,1,0,19,False,True,0,0,64,49,37,3.82,AI is off,AI is off,AI is off,AI is off,Not paired,AI is off,0,0,0
772000,9.7,0,1,0.41,0.21,0,0,99,1,0,19,False,True,0,0,58,42,33,3.82,AI is off,AI is off,AI is off,AI is off,Not paired,AI is off,0,0,0
774000,9.8,0,1,0.41,0.21,0,0,99,1,0,19,False,True,0,0,58,42,31,3.82,AI is off,AI is off,AI is off,AI is off,Not paired,AI is off,0,0,0
776000,9.8,0,1,0.41,0.21,0,0,99,1,0,19,False,True,0,0,68,51,39,3.82,AI is off,AI is off,AI is off,AI is off,Not paired,AI is off,0,0,0
778000,9.900001,0,1,0.41,0.21,0,0,99,1,0,19,False,True,0,0,58,44,33,3.82,AI is off,AI is off,AI is off,AI is off,Not paired,AI is off,0,0,0
780000,10,0,1,0.42,0.21,0,0,99,1,0,19,False,True,0,0,55,41,30,3.82,AI is off,AI is off,AI is off,AI is off,Not paired,AI is off,0,0,0
782000,10,0,1,0.41,0.21,0,0,99,1,0,19,False,True,0,0,56,44,34,3.82,AI is off,AI is off,AI is off,AI is off,Not paired,AI is off,0,0,0
784000,9.7,0,1,0.41,0.21,0,0,99,1,0,19,False,True,0,0,54,40,30,3.82,AI is off,AI is off,AI is off,AI is off,Not paired,AI is off,0,0,0
786000,9.400001,0,1,0.4,0.21,0,0,99,1,0,19,False,True,0,0,57,44,34,3.82,AI is off,AI is off,AI is off,AI is off,Not paired,AI is off,0,0,0
788000,9.5,0,1,0.41,0.21,0,0,99,1,0,19,False,True,0,0,53,40,32,3.82,AI is off,AI is off,AI is off,AI is off,Not paired,AI is off,0,0,0
790000,9.5,0,1,0.4,0.21,0,0,99,1,0,19,False,True,0,0,58,44,34,3.82,AI is off,AI is off,AI is off,AI is off,Not paired,AI is off,0,0,0
792000,9.6,0,1,0.41,0.21,0,0,99,1,0,19,False,True,0,0,53,41,30,3.82,AI is off,AI is off,AI is off,AI is off,Not paired,AI is off,0,0,0
794000,9.7,0,1,0.41,0.21,0,0,99,1,0,19,False,True,0,0,53,42,32,3.82,AI is off,AI is off,AI is off,AI is off,Not paired,AI is off,0,0,0
796000,9.7,0,1,0.41,0.21,0,0,99,1,0,19,False,True,0,0,53,39,29,3.82,AI is off,AI is off,AI is off,AI is off,Not paired,AI is off,0,0,0
798000,9.8,0,1,0.41,0.21,0,0,99,1,0,19,False,True,0,0,54,43,33,3.82,AI is off,AI is off,AI is off,AI is off,Not paired,AI is off,0,0,0
800000,10,0,1,0.42,0.21,0,0,99,1,0,19,False,True,0,0,54,41,30,3.82,AI is off,AI is off,AI is off,AI is off,Not paired,AI is off,0,0,0
802000,10,0,1,0.42,0.21,0,0,99,1,0,19,False,True,0,0,53,39,29,3.82,AI is off,AI is off,AI is off,AI is off,Not paired,AI is off,0,0,0
804000,10,0,1,0.42,0.21,0,0,99,1,0,19,False,True,0,0,55,44,34,3.82,AI is off,AI is off,AI is off,AI is off,Not paired,AI is off,0,0,0
806000,10,0,1,0.41,0.21,0,0,99,1,0,19,False,True,0,0,67,51,38,3.82,AI is off,AI is off,AI is off,AI is off,Not paired,AI is off,0,0,0
808000,9.900001,0,1,0.41,0.21,0,0,99,1,0,19,False,True,0,0,54,40,29,3.82,AI is off,AI is off,AI is off,AI is off,Not paired,AI is off,0,0,0
810000,9.900001,0,1,0.41,0.21,0,0,99,1,0,19,False,True,0,0,55,41,31,3.82,AI is off,AI is off,AI is off,AI is off,Not paired,AI is off,0,0,0
812000,10,0,1,0.41,0.21,0,0,99,1,0,19,False,True,0,0,53,40,29,3.82,AI is off,AI is off,AI is off,AI is off,Not paired,AI is off,0,0,0
814000,10,0,1,0.42,0.21,0,0,99,1,0,19,False,True,0,0,54,42,33,3.82,AI is off,AI is off,AI is off,AI is off,Not paired,AI is off,0,0,0
816000,9.900001,0,1,0.41,0.21,0,0,99,1,0,19,False,True,0,0,54,40,31,3.82,AI is off,AI is off,AI is off,AI is off,Not paired,AI is off,0,0,0
818000,10,0,1,0.42,0.21,0,0,99,1,0,19,False,True,0,0,56,44,34,3.82,AI is off,AI is off,AI is off,AI is off,Not paired,AI is off,0,0,0
820000,9.900001,0,1,0.41,0.21,0,0,99,1,0,19,False,True,0,0,55,42,32,3.82,AI is off,AI is off,AI is off,AI is off,Not paired,AI is off,0,0,0
822000,9.8,0,1,0.41,0.21,0,0,99,1,0,19,False,True,0,0,55,41,31,3.82,AI is off,AI is off,AI is off,AI is off,Not paired,AI is off,0,0,0
824000,9.8,0,1,0.41,0.21,0,0,99,1,0,19,False,True,0,0,53,42,31,3.82,AI is off,AI is off,AI is off,AI is off,Not paired,AI is off,0,0,0
826000,10,0,1,0.41,0.21,0,0,99,1,0,19,False,True,0,0,53,39,29,3.82,AI is off,AI is off,AI is off,AI is off,Not paired,AI is off,0,0,0
828000,9.900001,0,1,0.41,0.21,0,0,99,1,0,19,False,True,0,0,54,40,30,3.82,AI is off,AI is off,AI is off,AI is off,Not paired,AI is off,0,0,0
830000,9.8,0,1,0.41,0.21,0,0,99,1,0,19,False,True,0,0,54,40,31,3.82,AI is off,AI is off,AI is off,AI is off,Not paired,AI is off,0,0,0
832000,9.900001,0,1,0.41,0.21,0,0,99,1,0,19,False,True,0,0,56,44,34,3.82,AI is off,AI is off,AI is off,AI is off,Not paired,AI is off,0,0,0
834000,9.900001,0,1,0.41,0.21,0,0,99,1,0,19,False,True,0,0,54,39,30,3.82,AI is off,AI is off,AI is off,AI is off,Not paired,AI is off,0,0,0
836000,9.900001,0,1,0.41,0.21,0,0,99,1,0,19,False,True,0,0,54,39,30,3.82,AI is off,AI is off,AI is off,AI is off,Not paired,AI is off,0,0,0
838000,9.900001,0,1,0.41,0.21,0,0,99,1,0,19,False,True,0,0,53,39,29,3.82,AI is off,AI is off,AI is off,AI is off,Not paired,AI is off,0,0,0
840000,10.1,0,1,0.42,0.21,0,0,99,1,0,19,False,True,0,0,55,40,30,3.82,AI is off,AI is off,AI is off,AI is off,Not paired,AI is off,0,0,0
842000,10.1,0,1,0.42,0.21,0,0,99,1,0,19,False,True,0,0,54,43,32,3.82,AI is off,AI is off,AI is off,AI is off,Not paired,AI is off,0,0,0
844000,10,0,1,0.42,0.21,0,0,99,1,0,19,False,True,0,0,52,39,28,3.82,AI is off,AI is off,AI is off,AI is off,Not paired,AI is off,0,0,0
846000,10.1,0,1,0.42,0.21,0,0,99,1,0,19,False,True,0,0,52,40,29,3.82,AI is off,AI is off,AI is off,AI is off,Not paired,AI is off,0,0,0
848000,10,0,1,0.42,0.21,0,0,99,1,0,19,False,True,0,0,59,45,34,3.82,AI is off,AI is off,AI is off,AI is off,Not paired,AI is off,0,0,0
850000,10,0,1,0.42,0.21,0,0,99,1,0,19,False,True,0,0,54,41,29,3.82,AI is off,AI is off,AI is off,AI is off,Not paired,AI is off,0,0,0
852000,10.1,0,1,0.42,0.21,0,0,99,1,0,19,False,True,0,0,54,40,30,3.82,AI is off,AI is off,AI is off,AI is off,Not paired,AI is off,0,0,0
854000,10.2,0,1,0.42,0.21,0,0,99,1,0,19,False,True,0,0,54,42,32,3.82,AI is off,AI is off,AI is off,AI is off,Not paired,AI is off,0,0,0
856000,10.2,0,1,0.42,0.21,0,0,99,1,0,19,False,True,0,0,53,40,30,3.82,AI is off,AI is off,AI is off,AI is off,Not paired,AI is off,0,0,0
858000,10.2,0,1,0.42,0.21,0,0,99,1,0,19,False,True,0,0,54,42,32,3.82,AI is off,AI is off,AI is off,AI is off,Not paired,AI is off,0,0,0
860000,10.1,0,1,0.42,0.21,0,0,99,1,0,19,False,True,0,0,57,44,34,3.82,AI is off,AI is off,AI is off,AI is off,Not paired,AI is off,0,0,0
862000,10.1,0,1,0.42,0.21,0,0,99,1,0,19,False,True,0,0,59,45,33,3.82,AI is off,AI is off,AI is off,AI is off,Not paired,AI is off,0,0,0
864000,10,0,1,0.42,0.21,0,0,99,1,0,19,False,True,0,0,55,42,31,3.82,AI is off,AI is off,AI is off,AI is off,Not paired,AI is off,0,0,0
866000,10.1,0,1,0.42,0.21,0,0,99,1,0,19,False,True,0,0,54,43,32,3.82,AI is off,AI is off,AI is off,AI is off,Not paired,AI is off,0,0,0
868000,10.3,0,1,0.42,0.21,0,0,99,1,0,19,False,True,0,0,54,41,31,3.82,AI is off,AI is off,AI is off,AI is off,Not paired,AI is off,0,0,0
870000,10.3,0,1,0.42,0.21,0,0,99,1,0,19,False,True,0,0,53,40,29,3.82,AI is off,AI is off,AI is off,AI is off,Not paired,AI is off,0,0,0
872000,10.2,0,1,0.42,0.21,0,0,99,1,0,19,False,True,0,0,54,43,32,3.82,AI is off,AI is off,AI is off,AI is off,Not paired,AI is off,0,0,0
874000,10.2,0,1,0.42,0.21,0,0,99,1,0,19,False,True,0,0,53,41,30,3.82,AI is off,AI is off,AI is off,AI is off,Not paired,AI is off,0,0,0
876000,10.3,0,1,0.42,0.21,0,0,99,1,0,19,False,True,0,0,52,40,30,3.82,AI is off,AI is off,AI is off,AI is off,Not paired,AI is off,0,0,0
878000,10.4,0,1,0.42,0.21,0,0,99,1,0,19,False,True,0,0,54,42,31,3.82,AI is off,AI is off,AI is off,AI is off,Not paired,AI is off,0,0,0
880000,10.3,0,1,0.42,0.21,0,0,99,1,0,19,False,True,0,0,52,42,30,3.82,AI is off,AI is off,AI is off,AI is off,Not paired,AI is off,0,0,0
882000,10.2,0,1,0.42,0.21,0,0,99,1,0,19,False,True,0,0,55,40,31,3.82,AI is off,AI is off,AI is off,AI is off,Not paired,AI is off,0,0,0
884000,9.900001,0,1,0.41,0.21,0,0,99,1,0,19,False,True,0,0,52,40,29,3.82,AI is off,AI is off,AI is off,AI is off,Not paired,AI is off,0,0,0
886000,9.7,0,1,0.41,0.21,0,0,99,1,0,19,False,True,0,0,52,41,30,3.82,AI is off,AI is off,AI is off,AI is off,Not paired,AI is off,0,0,0
888000,9.8,0,1,0.41,0.21,0,0,99,1,0,19,False,True,0,0,53,41,29,3.82,AI is off,AI is off,AI is off,AI is off,Not paired,AI is off,0,0,0
890000,9.8,0,1,0.41,0.21,0,0,99,1,0,19,False,True,0,0,53,39,28,3.82,AI is off,AI is off,AI is off,AI is off,Not paired,AI is off,0,0,0
892000,9.900001,0,1,0.41,0.21,0,0,99,1,0,19,False,True,0,0,52,40,29,3.82,AI is off,AI is off,AI is off,AI is off,Not paired,AI is off,0,0,0
894000,9.900001,0,1,0.41,0.21,0,0,99,1,0,19,False,True,0,0,53,41,30,3.82,AI is off,AI is off,AI is off,AI is off,Not paired,AI is off,0,0,0
896000,10.3,0,1,0.42,0.21,0,0,99,1,0,19,False,True,0,0,52,39,28,3.82,AI is off,AI is off,AI is off,AI is off,Not paired,AI is off,0,0,0
898000,10.4,0,1,0.42,0.21,0,0,99,1,0,19,False,True,0,0,53,40,30,3.82,AI is off,AI is off,AI is off,AI is off,Not paired,AI is off,0,0,0
900000,10.5,0,1,0.43,0.21,0,0,99,1,0,19,False,True,0,0,53,40,30,3.82,AI is off,AI is off,AI is off,AI is off,Not paired,AI is off,0,0,0
902000,10.4,0,1,0.42,0.21,0,0,99,1,0,19,False,True,0,0,53,41,31,3.82,AI is off,AI is off,AI is off,AI is off,Not paired,AI is off,0,0,0
904000,10.4,0,1,0.42,0.21,0,0,99,1,0,19,False,True,0,0,53,42,31,3.82,AI is off,AI is off,AI is off,AI is off,Not paired,AI is off,0,0,0
906000,10.3,0,1,0.42,0.21,0,0,99,1,0,19,False,True,0,0,52,41,30,3.82,AI is off,AI is off,AI is off,AI is off,Not paired,AI is off,0,0,0
908000,10.3,0,1,0.42,0.21,0,0,99,1,0,19,False,True,0,0,53,41,30,3.82,AI is off,AI is off,AI is off,AI is off,Not paired,AI is off,0,0,0
910000,10.2,0,1,0.42,0.21,0,0,99,1,0,19,False,True,0,0,52,40,29,3.82,AI is off,AI is off,AI is off,AI is off,Not paired,AI is off,0,0,0
912000,10.1,0,1,0.42,0.21,0,0,99,1,0,19,False,True,0,0,52,40,28,3.82,AI is off,AI is off,AI is off,AI is off,Not paired,AI is off,0,0,0
914000,10.2,0,1,0.42,0.21,0,0,99,1,0,19,False,True,0,0,52,40,28,3.82,AI is off,AI is off,AI is off,AI is off,Not paired,AI is off,0,0,0
916000,10.1,0,1,0.42,0.21,0,0,99,1,0,19,False,True,0,0,51,40,29,3.82,AI is off,AI is off,AI is off,AI is off,Not paired,AI is off,0,0,0
918000,10,0,1,0.42,0.21,0,0,99,1,0,19,False,True,0,0,53,41,30,3.82,AI is off,AI is off,AI is off,AI is off,Not paired,AI is off,0,0,0
920000,9.900001,0,1,0.41,0.21,0,0,99,1,0,19,False,True,0,0,53,41,29,3.82,AI is off,AI is off,AI is off,AI is off,Not paired,AI is off,0,0,0
922000,9.900001,0,1,0.41,0.21,0,0,99,1,0,19,False,True,0,0,52,40,29,3.82,AI is off,AI is off,AI is off,AI is off,Not paired,AI is off,0,0,0
924000,9.7,0,1,0.41,0.21,0,0,99,1,0,19,False,True,0,0,52,40,29,3.82,AI is off,AI is off,AI is off,AI is off,Not paired,AI is off,0,0,0
926000,9.7,0,1,0.41,0.21,0,0,99,1,0,19,False,True,0,0,53,41,30,3.82,AI is off,AI is off,AI is off,AI is off,Not paired,AI is off,0,0,0
928000,9.6,0,1,0.41,0.21,0,0,99,1,0,19,False,True,0,0,52,40,30,3.82,AI is off,AI is off,AI is off,AI is off,Not paired,AI is off,0,0,0
930000,9.6,0,1,0.41,0.21,0,0,99,1,0,19,False,True,0,0,51,40,29,3.82,AI is off,AI is off,AI is off,AI is off,Not paired,AI is off,0,0,0
932000,9.7,0,1,0.41,0.21,0,0,99,1,0,19,False,True,0,0,52,41,29,3.82,AI is off,AI is off,AI is off,AI is off,Not paired,AI is off,0,0,0
934000,9.900001,0,1,0.41,0.21,0,0,99,1,0,19,False,True,0,0,52,40,29,3.82,AI is off,AI is off,AI is off,AI is off,Not paired,AI is off,0,0,0
936000,9.6,0,1,0.41,0.21,0,0,99,1,0,19,False,True,0,0,52,39,28,3.82,AI is off,AI is off,AI is off,AI is off,Not paired,AI is off,0,0,0
938000,9.6,0,1,0.41,0.21,0,0,99,1,0,19,False,True,0,0,51,40,29,3.82,AI is off,AI is off,AI is off,AI is off,Not paired,AI is off,0,0,0
940000,9.5,0,1,0.41,0.21,0,0,99,1,0,19,False,True,0,0,51,40,29,3.82,AI is off,AI is off,AI is off,AI is off,Not paired,AI is off,0,0,0
942000,9.6,0,1,0.41,0.21,0,0,99,1,0,19,False,True,0,0,51,39,28,3.82,AI is off,AI is off,AI is off,AI is off,Not paired,AI is off,0,0,0
944000,9.6,0,1,0.41,0.21,0,0,99,1,0,19,False,True,0,0,51,39,28,3.82,AI is off,AI is off,AI is off,AI is off,Not paired,AI is off,0,0,0
946000,9.8,0,1,0.41,0.21,0,0,99,1,0,19,False,True,0,0,51,39,28,3.82,AI is off,AI is off,AI is off,AI is off,Not paired,AI is off,0,0,0
948000,9.7,0,1,0.41,0.21,0,0,99,1,0,19,False,True,0,0,53,40,30,3.82,AI is off,AI is off,AI is off,AI is off,Not paired,AI is off,0,0,0
950000,9.900001,0,1,0.41,0.21,0,0,99,1,0,19,False,True,0,0,51,40,29,3.82,AI is off,AI is off,AI is off,AI is off,Not paired,AI is off,0,0,0
952000,10.1,0,1,0.42,0.21,0,0,99,1,0,19,False,True,0,0,51,39,28,3.82,AI is off,AI is off,AI is off,AI is off,Not paired,AI is off,0,0,0
954000,10.1,0,1,0.42,0.21,0,0,99,1,0,19,False,True,0,0,52,40,29,3.82,AI is off,AI is off,AI is off,AI is off,Not paired,AI is off,0,0,0
956000,9.8,0,1,0.41,0.21,0,0,99,1,0,19,False,True,0,0,55,41,29,3.82,AI is off,AI is off,AI is off,AI is off,Not paired,AI is off,0,0,0
958000,9.8,0,1,0.41,0.21,0,0,99,1,0,19,False,True,0,0,54,39,31,3.82,AI is off,AI is off,AI is off,AI is off,Not paired,AI is off,0,0,0
960000,9.8,0,1,0.41,0.21,0,0,99,1,0,19,False,True,0,0,53,41,30,3.82,AI is off,AI is off,AI is off,AI is off,Not paired,AI is off,0,0,0
962000,10,0,1,0.41,0.21,0,0,99,1,0,19,False,True,0,0,53,41,30,3.82,AI is off,AI is off,AI is off,AI is off,Not paired,AI is off,0,0,0
964000,9.900001,0,1,0.41,0.21,0,0,99,1,0,19,False,True,0,0,52,41,31,3.82,AI is off,AI is off,AI is off,AI is off,Not paired,AI is off,0,0,0
966000,10,0,1,0.42,0.21,0,0,99,1,0,19,False,True,0,0,52,40,30,3.82,AI is off,AI is off,AI is off,AI is off,Not paired,AI is off,0,0,0
968000,10,0,1,0.42,0.21,0,0,99,1,0,19,False,True,0,0,53,40,29,3.82,AI is off,AI is off,AI is off,AI is off,Not paired,AI is off,0,0,0
970000,9.900001,0,1,0.41,0.21,0,0,99,1,0,19,False,True,0,0,53,41,31,3.82,AI is off,AI is off,AI is off,AI is off,Not paired,AI is off,0,0,0
972000,10,0,1,0.42,0.21,0,0,99,1,0,19,False,True,0,0,53,41,30,3.82,AI is off,AI is off,AI is off,AI is off,Not paired,AI is off,0,0,0
974000,10,0,1,0.42,0.21,0,0,99,1,0,19,False,True,0,0,53,41,30,3.82,AI is off,AI is off,AI is off,AI is off,Not paired,AI is off,0,0,0
976000,9.900001,0,1,0.41,0.21,0,0,99,1,0,19,False,True,0,0,53,41,30,3.82,AI is off,AI is off,AI is off,AI is off,Not paired,AI is off,0,0,0
978000,10,0,1,0.42,0.21,0,0,99,1,0,19,False,True,0,0,53,40,29,3.82,AI is off,AI is off,AI is off,AI is off,Not paired,AI is off,0,0,0
980000,9.900001,0,1,0.41,0.21,0,0,99,1,0,19,False,True,0,0,53,41,30,3.82,AI is off,AI is off,AI is off,AI is off,Not paired,AI is off,0,0,0
982000,9.900001,0,1,0.41,0.21,0,0,99,1,0,19,False,True,0,0,52,41,31,3.82,AI is off,AI is off,AI is off,AI is off,Not paired,AI is off,0,0,0
984000,10,0,1,0.41,0.21,0,0,99,1,0,19,False,True,0,0,53,40,29,3.82,AI is off,AI is off,AI is off,AI is off,Not paired,AI is off,0,0,0
986000,10,0,1,0.42,0.21,0,0,99,1,0,19,False,True,0,0,52,41,29,3.82,AI is off,AI is off,AI is off,AI is off,Not paired,AI is off,0,0,0
988000,10,0,1,0.42,0.21,0,0,99,1,0,19,False,True,0,0,52,41,30,3.82,AI is off,AI is off,AI is off,AI is off,Not paired,AI is off,0,0,0
990000,10,0,1,0.41,0.21,0,0,99,1,0,19,False,True,0,0,55,44,33,3.82,AI is off,AI is off,AI is off,AI is off,Not paired,AI is off,0,0,0
992000,9.900001,0,1,0.41,0.21,0,0,99,1,0,19,False,True,0,0,53,41,30,3.82,AI is off,AI is off,AI is off,AI is off,Not paired,AI is off,0,0,0
994000,9.8,0,1,0.41,0.21,0,0,99,1,0,19,False,True,0,0,53,41,31,3.82,AI is off,AI is off,AI is off,AI is off,Not paired,AI is off,0,0,0
996000,9.8,0,1,0.41,0.21,0,0,99,1,0,19,False,True,0,0,54,42,32,3.82,AI is off,AI is off,AI is off,AI is off,Not paired,AI is off,0,0,0
998000,9.8,0,1,0.41,0.21,0,0,99,1,0,19,False,True,0,0,57,45,34,3.82,AI is off,AI is off,AI is off,AI is off,Not paired,AI is off,0,0,0
1000000,9.8,0,1,0.41,0.21,0,0,99,1,0,19,False,True,0,0,55,43,33,3.82,AI is off,AI is off,AI is off,AI is off,Not paired,AI is off,0,0,0
1002000,9.900001,0,1,0.41,0.21,0,0,99,1,0,19,False,True,0,0,53,41,31,3.82,AI is off,AI is off,AI is off,AI is off,Not paired,AI is off,0,0,0
1004000,9.900001,0,1,0.41,0.21,0,0,99,1,0,19,False,True,0,0,53,40,29,3.82,AI is off,AI is off,AI is off,AI is off,Not paired,AI is off,0,0,0
1006000,9.7,0,1,0.41,0.21,0,0,99,1,0,19,False,True,0,0,55,41,32,3.82,AI is off,AI is off,AI is off,AI is off,Not paired,AI is off,0,0,0
1008000,9.8,0,1,0.41,0.21,0,0,99,1,0,19,False,True,0,0,55,43,33,3.82,AI is off,AI is off,AI is off,AI is off,Not paired,AI is off,0,0,0
1010000,9.900001,0,1,0.41,0.21,0,0,99,1,0,19,False,True,0,0,56,44,34,3.82,AI is off,AI is off,AI is off,AI is off,Not paired,AI is off,0,0,0
1012000,10,0,1,0.42,0.21,0,0,99,1,0,19,False,True,0,0,55,42,32,3.82,AI is off,AI is off,AI is off,AI is off,Not paired,AI is off,0,0,0
1014000,10,0,1,0.42,0.21,0,0,99,1,0,19,False,True,0,0,52,40,29,3.82,AI is off,AI is off,AI is off,AI is off,Not paired,AI is off,0,0,0
1016000,9.900001,0,1,0.41,0.21,0,0,99,1,0,19,False,True,0,0,52,41,29,3.82,AI is off,AI is off,AI is off,AI is off,Not paired,AI is off,0,0,0
1018000,9.900001,0,1,0.41,0.21,0,0,99,1,0,19,False,True,0,0,54,41,30,3.82,AI is off,AI is off,AI is off,AI is off,Not paired,AI is off,0,0,0
1020000,9.900001,0,1,0.41,0.21,0,0,99,1,0,19,False,True,0,0,52,39,28,3.82,AI is off,AI is off,AI is off,AI is off,Not paired,AI is off,0,0,0
1022000,9.900001,0,1,0.41,0.21,0,0,99,1,0,19,False,True,0,0,52,40,29,3.82,AI is off,AI is off,AI is off,AI is off,Not paired,AI is off,0,0,0
1024000,9.900001,0,1,0.41,0.21,0,0,99,1,0,19,False,True,0,0,52,40,30,3.82,AI is off,AI is off,AI is off,AI is off,Not paired,AI is off,0,0,0
1026000,9.8,0,1,0.41,0.21,0,0,99,1,0,19,False,True,0,0,52,40,29,3.82,AI is off,AI is off,AI is off,AI is off,Not paired,AI is off,0,0,0
1028000,9.8,0,1,0.41,0.21,0,0,99,1,0,19,False,True,0,0,51,40,28,3.82,AI is off,AI is off,AI is off,AI is off,Not paired,AI is off,0,0,0
1030000,9.900001,0,1,0.41,0.21,0,0,99,1,0,19,False,True,0,0,52,39,28,3.82,AI is off,AI is off,AI is off,AI is off,Not paired,AI is off,0,0,0
1032000,9.900001,0,1,0.41,0.21,0,0,99,1,0,19,False,True,0,0,52,40,29,3.82,AI is off,AI is off,AI is off,AI is off,Not paired,AI is off,0,0,0
1034000,10,0,1,0.42,0.21,0,0,99,1,0,19,False,True,0,0,53,41,29,3.82,AI is off,AI is off,AI is off,AI is off,Not paired,AI is off,0,0,0
1036000,10.1,0,1,0.42,0.21,0,0,99,1,0,19,False,True,0,0,52,40,29,3.82,AI is off,AI is off,AI is off,AI is off,Not paired,AI is off,0,0,0
1038000,10.1,0,1,0.42,0.21,0,0,99,1,0,19,False,True,0,0,52,40,28,3.82,AI is off,AI is off,AI is off,AI is off,Not paired,AI is off,0,0,0
1040000,10.1,0,1,0.42,0.21,0,0,99,1,0,19,False,True,0,0,52,40,29,3.82,AI is off,AI is off,AI is off,AI is off,Not paired,AI is off,0,0,0
1042000,10,0,1,0.42,0.21,0,0,99,1,0,19,False,True,0,0,52,41,29,3.82,AI is off,AI is off,AI is off,AI is off,Not paired,AI is off,0,0,0
1044000,10,0,1,0.42,0.21,0,0,99,1,0,19,False,True,0,0,52,40,29,3.82,AI is off,AI is off,AI is off,AI is off,Not paired,AI is off,0,0,0
1046000,9.900001,0,1,0.41,0.21,0,0,99,1,0,19,False,True,0,0,53,41,30,3.82,AI is off,AI is off,AI is off,AI is off,Not paired,AI is off,0,0,0
1048000,9.900001,0,1,0.41,0.21,0,0,99,1,0,19,False,True,0,0,52,41,29,3.82,AI is off,AI is off,AI is off,AI is off,Not paired,AI is off,0,0,0
1050000,9.900001,0,1,0.41,0.21,0,0,99,1,0,19,False,True,0,0,52,40,28,3.82,AI is off,AI is off,AI is off,AI is off,Not paired,AI is off,0,0,0
1052000,9.8,0,1,0.41,0.21,0,0,99,1,0,19,False,True,0,0,52,40,29,3.82,AI is off,AI is off,AI is off,AI is off,Not paired,AI is off,0,0,0
1054000,9.8,0,1,0.41,0.21,0,0,99,1,0,19,False,True,0,0,52,40,29,3.82,AI is off,AI is off,AI is off,AI is off,Not paired,AI is off,0,0,0
1056000,9.8,0,1,0.41,0.21,0,0,99,1,0,19,False,True,0,0,53,40,29,3.82,AI is off,AI is off,AI is off,AI is off,Not paired,AI is off,0,0,0
1058000,9.900001,0,1,0.41,0.21,0,0,99,1,0,19,False,True,0,0,52,41,30,3.82,AI is off,AI is off,AI is off,AI is off,Not paired,AI is off,0,0,0
1060000,10,0,1,0.42,0.21,0,0,99,1,0,19,False,True,0,0,52,40,29,3.82,AI is off,AI is off,AI is off,AI is off,Not paired,AI is off,0,0,0
1062000,9.8,0,1,0.41,0.21,0,0,99,1,0,19,False,True,0,0,53,41,29,3.82,AI is off,AI is off,AI is off,AI is off,Not paired,AI is off,0,0,0
1064000,9.7,0,1,0.41,0.21,0,0,99,1,0,19,False,True,0,0,52,40,29,3.82,AI is off,AI is off,AI is off,AI is off,Not paired,AI is off,0,0,0
1066000,9.7,0,1,0.41,0.21,0,0,99,1,0,19,False,True,0,0,52,39,30,3.82,AI is off,AI is off,AI is off,AI is off,Not paired,AI is off,0,0,0
1068000,9.8,0,1,0.41,0.21,0,0,99,1,0,19,False,True,0,0,52,40,29,3.82,AI is off,AI is off,AI is off,AI is off,Not paired,AI is off,0,0,0
1070000,9.900001,0,1,0.41,0.21,0,0,99,1,0,19,False,True,0,0,52,40,28,3.82,AI is off,AI is off,AI is off,AI is off,Not paired,AI is off,0,0,0
1072000,10,0,1,0.41,0.21,0,0,99,1,0,19,False,True,0,0,53,40,30,3.82,AI is off,AI is off,AI is off,AI is off,Not paired,AI is off,0,0,0
1074000,10,0,1,0.42,0.21,0,0,99,1,0,19,False,True,0,0,52,40,28,3.82,AI is off,AI is off,AI is off,AI is off,Not paired,AI is off,0,0,0
1076000,10.1,0,1,0.42,0.21,0,0,99,1,0,19,False,True,0,0,51,39,28,3.82,AI is off,AI is off,AI is off,AI is off,Not paired,AI is off,0,0,0
1078000,10.2,0,1,0.42,0.21,0,0,99,1,0,19,False,True,0,0,53,40,29,3.82,AI is off,AI is off,AI is off,AI is off,Not paired,AI is off,0,0,0
1080000,10.1,0,1,0.42,0.21,0,0,99,1,0,19,False,True,0,0,52,40,28,3.82,AI is off,AI is off,AI is off,AI is off,Not paired,AI is off,0,0,0
1082000,10.1,0,1,0.42,0.21,0,0,99,1,0,19,False,True,0,0,52,39,28,3.82,AI is off,AI is off,AI is off,AI is off,Not paired,AI is off,0,0,0
1084000,10.1,0,1,0.42,0.21,0,0,99,1,0,19,False,True,0,0,53,41,29,3.82,AI is off,AI is off,AI is off,AI is off,Not paired,AI is off,0,0,0
1086000,10.1,0,1,0.42,0.21,0,0,99,1,0,19,False,True,0,0,51,40,28,3.82,AI is off,AI is off,AI is off,AI is off,Not paired,AI is off,0,0,0
1088000,10.1,0,1,0.42,0.21,0,0,99,1,0,19,False,True,0,0,51,40,28,3.82,AI is off,AI is off,AI is off,AI is off,Not paired,AI is off,0,0,0
1090000,10.2,0,1,0.42,0.21,0,0,99,1,0,19,False,True,0,0,50,38,26,3.82,AI is off,AI is off,AI is off,AI is off,Not paired,AI is off,0,0,0
1092000,10,0,1,0.42,0.21,0,0,99,1,0,19,False,True,0,0,50,38,26,3.82,AI is off,AI is off,AI is off,AI is off,Not paired,AI is off,0,0,0
1094000,9.900001,0,1,0.41,0.21,0,0,99,1,0,19,False,True,0,0,53,40,29,3.82,AI is off,AI is off,AI is off,AI is off,Not paired,AI is off,0,0,0
1096000,9.900001,0,1,0.41,0.21,0,0,99,1,0,19,False,True,0,0,52,40,28,3.82,AI is off,AI is off,AI is off,AI is off,Not paired,AI is off,0,0,0
1098000,9.900001,0,1,0.41,0.21,0,0,99,1,0,19,False,True,0,0,53,41,30,3.82,AI is off,AI is off,AI is off,AI is off,Not paired,AI is off,0,0,0
1100000,9.8,0,1,0.41,0.21,0,0,99,1,0,19,False,True,0,0,52,40,28,3.82,AI is off,AI is off,AI is off,AI is off,Not paired,AI is off,0,0,0
1102000,9.7,0,1,0.41,0.21,0,0,99,1,0,19,False,True,0,0,51,39,27,3.82,AI is off,AI is off,AI is off,AI is off,Not paired,AI is off,0,0,0
1104000,9.7,0,1,0.41,0.21,0,0,99,1,0,19,False,True,0,0,52,41,30,3.82,AI is off,AI is off,AI is off,AI is off,Not paired,AI is off,0,0,0
1106000,9.7,0,1,0.41,0.21,0,0,99,1,0,19,False,True,0,0,52,39,30,3.82,AI is off,AI is off,AI is off,AI is off,Not paired,AI is off,0,0,0
1108000,9.6,0,1,0.41,0.21,0,0,99,1,0,19,False,True,0,0,52,40,29,3.82,AI is off,AI is off,AI is off,AI is off,Not paired,AI is off,0,0,0
1110000,9.6,0,1,0.41,0.21,0,0,99,1,0,19,False,True,0,0,53,41,30,3.82,AI is off,AI is off,AI is off,AI is off,Not paired,AI is off,0,0,0
1112000,9.5,0,1,0.41,0.21,0,0,99,1,0,19,False,True,0,0,53,40,30,3.82,AI is off,AI is off,AI is off,AI is off,Not paired,AI is off,0,0,0
1114000,9.400001,0,1,0.4,0.21,0,0,99,1,0,19,False,True,0,0,54,42,32,3.82,AI is off,AI is off,AI is off,AI is off,Not paired,AI is off,0,0,0
1116000,9.3,0,1,0.4,0.21,0,0,99,1,0,19,False,True,0,0,51,39,28,3.82,AI is off,AI is off,AI is off,AI is off,Not paired,AI is off,0,0,0
1118000,9.2,0,1,0.4,0.21,0,0,99,1,0,19,False,True,0,0,50,39,27,3.82,AI is off,AI is off,AI is off,AI is off,Not paired,AI is off,0,0,0
1120000,9.2,0,1,0.4,0.21,0,0,99,1,0,19,False,True,0,0,51,39,28,3.82,AI is off,AI is off,AI is off,AI is off,Not paired,AI is off,0,0,0
1122000,9,0,1,0.39,0.21,0,0,99,1,0,19,False,True,0,0,51,39,27,3.82,AI is off,AI is off,AI is off,AI is off,Not paired,AI is off,0,0,0
1124000,8.900001,0,1,0.39,0.21,0,0,99,1,0,20,False,True,0,0,52,40,28,3.82,AI is off,AI is off,AI is off,AI is off,Not paired,AI is off,0,0,0
1126000,8.7,0,1,0.39,0.21,0,0,99,1,0,19,False,True,0,0,53,41,30,3.82,AI is off,AI is off,AI is off,AI is off,Not paired,AI is off,0,0,0
1128000,8.7,0,1,0.39,0.21,0,0,99,1,0,20,False,True,0,0,53,41,29,3.82,AI is off,AI is off,AI is off,AI is off,Not paired,AI is off,0,0,0
1130000,8.8,0,1,0.39,0.21,0,0,99,1,0,20,False,True,0,0,53,41,31,3.82,AI is off,AI is off,AI is off,AI is off,Not paired,AI is off,0,0,0
1132000,8.7,0,1,0.39,0.21,0,0,99,1,0,20,False,True,0,0,53,41,31,3.82,AI is off,AI is off,AI is off,AI is off,Not paired,AI is off,0,0,0
1134000,8.400001,0,1,0.38,0.21,0,0,99,1,0,20,False,True,0,0,54,43,33,3.82,AI is off,AI is off,AI is off,AI is off,Not paired,AI is off,0,0,0
1136000,8.2,0,1,0.38,0.21,0,0,99,1,0,20,False,True,0,0,55,42,33,3.82,AI is off,AI is off,AI is off,AI is off,Not paired,AI is off,0,0,0
1138000,8.1,0,1,0.38,0.21,0,0,99,1,0,20,False,True,0,0,53,40,29,3.82,AI is off,AI is off,AI is off,AI is off,Not paired,AI is off,0,0,0
1140000,7.9,0,1,0.37,0.21,0,0,99,1,0,20,False,True,0,0,55,41,30,3.82,AI is off,AI is off,AI is off,AI is off,Not paired,AI is off,0,0,0
1142000,7.8,0,1,0.37,0.21,0,0,99,1,0,20,False,True,0,0,53,40,29,3.82,AI is off,AI is off,AI is off,AI is off,Not paired,AI is off,0,0,0
1144000,7.7,0,1,0.37,0.21,0,0,99,1,0,20,False,True,0,0,56,45,36,3.82,AI is off,AI is off,AI is off,AI is off,Not paired,AI is off,0,0,0
1146000,7.6,0,1,0.37,0.21,0,0,99,1,0,20,False,True,0,0,55,43,33,3.82,AI is off,AI is off,AI is off,AI is off,Not paired,AI is off,0,0,0
1148000,7.4,0,1,0.36,0.21,0,0,99,1,0,20,False,True,0,0,53,39,29,3.82,AI is off,AI is off,AI is off,AI is off,Not paired,AI is off,0,0,0
1150000,7.5,0,1,0.36,0.21,0,0,99,1,0,20,False,True,0,0,54,42,31,3.82,AI is off,AI is off,AI is off,AI is off,Not paired,AI is off,0,0,0
1152000,7.6,0,1,0.37,0.21,0,0,99,1,0,20,False,True,0,0,52,40,29,3.82,AI is off,AI is off,AI is off,AI is off,Not paired,AI is off,0,0,0
1154000,7.7,0,1,0.37,0.21,0,0,99,1,0,20,False,True,0,0,53,40,30,3.82,AI is off,AI is off,AI is off,AI is off,Not paired,AI is off,0,0,0
1156000,7.8,0,1,0.37,0.21,0,0,99,1,0,20,False,True,0,0,53,41,31,3.82,AI is off,AI is off,AI is off,AI is off,Not paired,AI is off,0,0,0
1158000,7.9,0,1,0.37,0.21,0,0,99,1,0,20,False,True,0,0,52,40,28,3.82,AI is off,AI is off,AI is off,AI is off,Not paired,AI is off,0,0,0
1160000,8,0,1,0.37,0.21,0,0,99,1,0,20,False,True,0,0,52,40,29,3.82,AI is off,AI is off,AI is off,AI is off,Not paired,AI is off,0,0,0
1162000,8.1,0,1,0.38,0.21,0,0,99,1,0,20,False,True,0,0,52,41,30,3.82,AI is off,AI is off,AI is off,AI is off,Not paired,AI is off,0,0,0
1164000,8.2,0,1,0.38,0.21,0,0,99,1,0,20,False,True,0,0,53,40,30,3.82,AI is off,AI is off,AI is off,AI is off,Not paired,AI is off,0,0,0
1166000,8.3,0,1,0.38,0.21,0,0,99,1,0,20,False,True,0,0,53,41,31,3.82,AI is off,AI is off,AI is off,AI is off,Not paired,AI is off,0,0,0
1168000,8.3,0,1,0.38,0.21,0,0,99,1,0,20,False,True,0,0,52,40,28,3.82,AI is off,AI is off,AI is off,AI is off,Not paired,AI is off,0,0,0
1170000,8.400001,0,1,0.38,0.21,0,0,99,1,0,20,False,True,0,0,52,41,30,3.82,AI is off,AI is off,AI is off,AI is off,Not paired,AI is off,0,0,0
1172000,8.400001,0,1,0.38,0.21,0,0,99,1,0,20,False,True,0,0,54,42,32,3.82,AI is off,AI is off,AI is off,AI is off,Not paired,AI is off,0,0,0
1174000,8.400001,0,1,0.38,0.21,0,0,99,1,0,20,False,True,0,0,54,42,32,3.82,AI is off,AI is off,AI is off,AI is off,Not paired,AI is off,0,0,0
1176000,8.400001,0,1,0.38,0.21,0,0,99,1,0,20,False,True,0,0,52,41,29,3.82,AI is off,AI is off,AI is off,AI is off,Not paired,AI is off,0,0,0
1178000,8.400001,0,1,0.38,0.21,0,0,99,1,0,20,False,True,0,0,54,41,30,3.82,AI is off,AI is off,AI is off,AI is off,Not paired,AI is off,0,0,0
1180000,8.5,0,1,0.38,0.21,0,0,99,1,0,20,False,True,0,0,53,41,30,3.82,AI is off,AI is off,AI is off,AI is off,Not paired,AI is off,0,0,0
1182000,8.5,0,1,0.38,0.21,0,0,99,1,0,20,False,True,0,0,52,41,30,3.82,AI is off,AI is off,AI is off,AI is off,Not paired,AI is off,0,0,0
1184000,8.6,0,1,0.39,0.21,0,0,99,1,0,20,False,True,0,0,53,41,30,3.82,AI is off,AI is off,AI is off,AI is off,Not paired,AI is off,0,0,0
1186000,8.7,0,1,0.39,0.21,0,0,99,1,0,20,False,True,0,0,53,40,29,3.82,AI is off,AI is off,AI is off,AI is off,Not paired,AI is off,0,0,0
1188000,8.7,0,1,0.39,0.21,0,0,99,1,0,20,False,True,0,0,52,41,29,3.82,AI is off,AI is off,AI is off,AI is off,Not paired,AI is off,0,0,0
1190000,8.900001,0,1,0.39,0.21,0,0,99,1,0,20,False,True,0,0,52,40,28,3.82,AI is off,AI is off,AI is off,AI is off,Not paired,AI is off,0,0,0
1192000,8.8,0,1,0.39,0.21,0,0,99,1,0,20,False,True,0,0,51,40,28,3.82,AI is off,AI is off,AI is off,AI is off,Not paired,AI is off,0,0,0
1194000,8.6,0,1,0.39,0.21,0,0,99,1,0,20,False,True,0,0,54,41,30,3.82,AI is off,AI is off,AI is off,AI is off,Not paired,AI is off,0,0,0
1196000,8.8,0,1,0.39,0.21,0,0,99,1,0,20,False,True,0,0,53,41,30,3.82,AI is off,AI is off,AI is off,AI is off,Not paired,AI is off,0,0,0
1198000,8.6,0,1,0.39,0.21,0,0,99,1,0,20,False,True,0,0,53,41,30,3.82,AI is off,AI is off,AI is off,AI is off,Not paired,AI is off,0,0,0
1200000,8.400001,0,1,0.38,0.21,0,0,99,1,0,20,False,True,0,0,54,42,32,3.82,AI is off,AI is off,AI is off,AI is off,Not paired,AI is off,0,0,0
1202000,8.3,0,1,0.38,0.21,0,0,99,1,0,20,False,True,0,0,52,40,30,3.82,AI is off,AI is off,AI is off,AI is off,Not paired,AI is off,0,0,0
1204000,8.5,0,1,0.38,0.21,0,0,99,1,0,20,False,True,0,0,53,41,31,3.82,AI is off,AI is off,AI is off,AI is off,Not paired,AI is off,0,0,0
1206000,8.6,0,1,0.39,0.21,0,0,99,1,0,20,False,True,0,0,54,42,32,3.82,AI is off,AI is off,AI is off,AI is off,Not paired,AI is off,0,0,0
1208000,8.8,0,1,0.39,0.21,0,0,99,1,0,20,False,True,0,0,54,43,32,3.82,AI is off,AI is off,AI is off,AI is off,Not paired,AI is off,0,0,0
1210000,8.8,0,1,0.39,0.21,0,0,99,1,0,20,False,True,0,0,55,41,31,3.82,AI is off,AI is off,AI is off,AI is off,Not paired,AI is off,0,0,0
1212000,8.900001,0,1,0.39,0.21,0,0,99,1,0,20,False,True,0,0,53,40,30,3.82,AI is off,AI is off,AI is off,AI is off,Not paired,AI is off,0,0,0
1214000,9,0,1,0.39,0.21,0,0,99,1,0,20,False,True,0,0,53,40,29,3.82,AI is off,AI is off,AI is off,AI is off,Not paired,AI is off,0,0,0
1216000,8.8,0,1,0.39,0.21,0,0,99,1,0,20,False,True,0,0,54,43,32,3.82,AI is off,AI is off,AI is off,AI is off,Not paired,AI is off,0,0,0
1218000,8.7,0,1,0.39,0.21,0,0,99,1,0,20,False,True,0,0,53,41,31,3.82,AI is off,AI is off,AI is off,AI is off,Not paired,AI is off,0,0,0
1220000,8.7,0,1,0.39,0.21,0,0,99,1,0,20,False,True,0,0,53,41,30,3.82,AI is off,AI is off,AI is off,AI is off,Not paired,AI is off,0,0,0
1222000,8.900001,0,1,0.39,0.21,0,0,99,1,0,20,False,True,0,0,51,40,29,3.82,AI is off,AI is off,AI is off,AI is off,Not paired,AI is off,0,0,0
1224000,8.900001,0,1,0.39,0.21,0,0,99,1,0,20,False,True,0,0,52,39,29,3.82,AI is off,AI is off,AI is off,AI is off,Not paired,AI is off,0,0,0
1226000,8.900001,0,1,0.39,0.21,0,0,99,1,0,20,False,True,0,0,53,40,30,3.82,AI is off,AI is off,AI is off,AI is off,Not paired,AI is off,0,0,0
1228000,8.8,0,1,0.39,0.21,0,0,99,1,0,20,False,True,0,0,54,40,30,3.82,AI is off,AI is off,AI is off,AI is off,Not paired,AI is off,0,0,0
1230000,8.900001,0,1,0.39,0.21,0,0,99,1,0,20,False,True,0,0,53,40,30,3.82,AI is off,AI is off,AI is off,AI is off,Not paired,AI is off,0,0,0
1232000,9.1,0,1,0.4,0.21,0,0,99,1,0,20,False,True,0,0,55,43,33,3.82,AI is off,AI is off,AI is off,AI is off,Not paired,AI is off,0,0,0
1234000,9.2,0,1,0.4,0.21,0,0,99,1,0,20,False,True,0,0,54,40,30,3.82,AI is off,AI is off,AI is off,AI is off,Not paired,AI is off,0,0,0
1236000,9.3,0,1,0.4,0.21,0,0,99,1,0,20,False,True,0,0,54,40,31,3.82,AI is off,AI is off,AI is off,AI is off,Not paired,AI is off,0,0,0
1238000,9.400001,0,1,0.4,0.21,0,0,99,1,0,20,False,True,0,0,54,39,30,3.82,AI is off,AI is off,AI is off,AI is off,Not paired,AI is off,0,0,0
1240000,9.5,0,1,0.41,0.21,0,0,99,1,0,20,False,True,0,0,54,42,32,3.82,AI is off,AI is off,AI is off,AI is off,Not paired,AI is off,0,0,0
1242000,9.5,0,1,0.41,0.21,0,0,99,1,0,20,False,True,0,0,54,40,29,3.82,AI is off,AI is off,AI is off,AI is off,Not paired,AI is off,0,0,0
1244000,9.5,0,1,0.41,0.21,0,0,99,1,0,20,False,True,0,0,55,40,30,3.82,AI is off,AI is off,AI is off,AI is off,Not paired,AI is off,0,0,0
1246000,9.6,0,1,0.41,0.21,0,0,99,1,0,20,False,True,0,0,54,41,30,3.82,AI is off,AI is off,AI is off,AI is off,Not paired,AI is off,0,0,0
1248000,9.6,0,1,0.41,0.21,0,0,99,1,0,20,False,True,0,0,56,42,33,3.82,AI is off,AI is off,AI is off,AI is off,Not paired,AI is off,0,0,0
1250000,9.6,0,1,0.41,0.21,0,0,99,1,0,20,False,True,0,0,53,41,31,3.82,AI is off,AI is off,AI is off,AI is off,Not paired,AI is off,0,0,0
1252000,9.8,0,1,0.41,0.21,0,0,99,1,0,20,False,True,0,0,58,46,34,3.82,AI is off,AI is off,AI is off,AI is off,Not paired,AI is off,0,0,0
1254000,9.900001,0,1,0.41,0.21,0,0,99,1,0,20,False,True,0,0,58,44,33,3.82,AI is off,AI is off,AI is off,AI is off,Not paired,AI is off,0,0,0
1256000,10,0,1,0.42,0.21,0,0,99,1,0,20,False,True,0,0,58,44,33,3.82,AI is off,AI is off,AI is off,AI is off,Not paired,AI is off,0,0,0
1258000,10.1,0,1,0.42,0.21,0,0,99,1,0,20,False,True,0,0,54,40,29,3.82,AI is off,AI is off,AI is off,AI is off,Not paired,AI is off,0,0,0
1260000,10.1,0,1,0.42,0.21,0,0,99,1,0,20,False,True,0,0,54,40,30,3.82,AI is off,AI is off,AI is off,AI is off,Not paired,AI is off,0,0,0
1262000,10.1,0,1,0.42,0.21,0,0,99,1,0,20,False,True,0,0,57,42,32,3.82,AI is off,AI is off,AI is off,AI is off,Not paired,AI is off,0,0,0
1264000,10.3,0,1,0.42,0.21,0,0,99,1,0,20,False,True,0,0,54,41,30,3.82,AI is off,AI is off,AI is off,AI is off,Not paired,AI is off,0,0,0
1266000,10.4,0,1,0.42,0.21,0,0,99,1,0,20,False,True,0,0,54,41,31,3.82,AI is off,AI is off,AI is off,AI is off,Not paired,AI is off,0,0,0
1268000,10.4,0,1,0.42,0.21,0,0,99,1,0,20,False,True,0,0,54,43,33,3.82,AI is off,AI is off,AI is off,AI is off,Not paired,AI is off,0,0,0
1270000,10.3,0,1,0.42,0.21,0,0,99,1,0,20,False,True,0,0,54,40,29,3.82,AI is off,AI is off,AI is off,AI is off,Not paired,AI is off,0,0,0
1272000,10.5,0,1,0.43,0.21,0,0,99,1,0,19,False,True,0,0,56,43,33,3.82,AI is off,AI is off,AI is off,AI is off,Not paired,AI is off,0,0,0
1274000,10.4,0,1,0.42,0.21,0,0,99,1,0,19,False,True,0,0,64,47,36,3.82,AI is off,AI is off,AI is off,AI is off,Not paired,AI is off,0,0,0
1276000,10.3,0,1,0.42,0.21,0,0,99,1,0,19,False,True,0,0,57,44,34,3.82,AI is off,AI is off,AI is off,AI is off,Not paired,AI is off,0,0,0
1278000,10.3,0,1,0.42,0.21,0,0,99,1,0,19,False,True,0,0,56,43,31,3.82,AI is off,AI is off,AI is off,AI is off,Not paired,AI is off,0,0,0
1280000,10.3,0,1,0.42,0.21,0,0,99,1,0,19,False,True,0,0,58,43,33,3.82,AI is off,AI is off,AI is off,AI is off,Not paired,AI is off,0,0,0
1282000,10.3,0,1,0.42,0.21,0,0,99,1,0,19,False,True,0,0,55,41,31,3.82,AI is off,AI is off,AI is off,AI is off,Not paired,AI is off,0,0,0
1284000,10.2,0,1,0.42,0.21,0,0,99,1,0,19,False,True,0,0,54,40,29,3.82,AI is off,AI is off,AI is off,AI is off,Not paired,AI is off,0,0,0
1286000,10.1,0,1,0.42,0.21,0,0,99,1,0,19,False,True,0,0,55,42,32,3.82,AI is off,AI is off,AI is off,AI is off,Not paired,AI is off,0,0,0
1288000,10,0,1,0.42,0.21,0,0,99,1,0,19,False,True,0,0,55,41,30,3.82,AI is off,AI is off,AI is off,AI is off,Not paired,AI is off,0,0,0
1290000,9.900001,0,1,0.41,0.21,0,0,99,1,0,19,False,True,0,0,54,40,29,3.82,AI is off,AI is off,AI is off,AI is off,Not paired,AI is off,0,0,0
1292000,9.900001,0,1,0.41,0.21,0,0,99,1,0,19,False,True,0,0,54,39,29,3.82,AI is off,AI is off,AI is off,AI is off,Not paired,AI is off,0,0,0
1294000,9.900001,0,1,0.41,0.21,0,0,99,1,0,19,False,True,0,0,53,41,30,3.82,AI is off,AI is off,AI is off,AI is off,Not paired,AI is off,0,0,0
1296000,9.8,0,1,0.41,0.21,0,0,99,1,0,19,False,True,0,0,53,40,29,3.82,AI is off,AI is off,AI is off,AI is off,Not paired,AI is off,0,0,0
1298000,9.900001,0,1,0.41,0.21,0,0,99,1,0,19,False,True,0,0,53,40,29,3.82,AI is off,AI is off,AI is off,AI is off,Not paired,AI is off,0,0,0
1300000,10.1,0,1,0.42,0.21,0,0,99,1,0,19,False,True,0,0,53,41,29,3.82,AI is off,AI is off,AI is off,AI is off,Not paired,AI is off,0,0,0
1302000,10,0,1,0.42,0.21,0,0,99,1,0,19,False,True,0,0,51,39,28,3.82,AI is off,AI is off,AI is off,AI is off,Not paired,AI is off,0,0,0
1304000,9.900001,0,1,0.41,0.21,0,0,99,1,0,19,False,True,0,0,53,41,31,3.82,AI is off,AI is off,AI is off,AI is off,Not paired,AI is off,0,0,0
1306000,9.8,0,1,0.41,0.21,0,0,99,1,0,19,False,True,0,0,54,40,31,3.82,AI is off,AI is off,AI is off,AI is off,Not paired,AI is off,0,0,0
1308000,9.6,0,1,0.41,0.21,0,0,99,1,0,19,False,True,0,0,53,39,29,3.82,AI is off,AI is off,AI is off,AI is off,Not paired,AI is off,0,0,0
1310000,9.400001,0,1,0.4,0.21,0,0,99,1,0,19,False,True,0,0,55,43,33,3.82,AI is off,AI is off,AI is off,AI is off,Not paired,AI is off,0,0,0
1312000,9.6,0,1,0.41,0.21,0,0,99,1,0,19,False,True,0,0,52,40,30,3.82,AI is off,AI is off,AI is off,AI is off,Not paired,AI is off,0,0,0
1314000,9.3,0,1,0.4,0.21,0,0,99,1,0,19,False,True,0,0,55,41,31,3.82,AI is off,AI is off,AI is off,AI is off,Not paired,AI is off,0,0,0
1316000,9.3,0,1,0.4,0.21,0,0,99,1,0,19,False,True,0,0,53,41,30,3.82,AI is off,AI is off,AI is off,AI is off,Not paired,AI is off,0,0,0
1318000,9.3,0,1,0.4,0.21,0,0,99,1,0,19,False,True,0,0,54,43,32,3.82,AI is off,AI is off,AI is off,AI is off,Not paired,AI is off,0,0,0
1320000,9.400001,0,1,0.4,0.21,0,0,99,1,0,19,False,True,0,0,53,41,30,3.82,AI is off,AI is off,AI is off,AI is off,Not paired,AI is off,0,0,0
1322000,9.400001,0,1,0.4,0.21,0,0,99,1,0,19,False,True,0,0,53,41,30,3.82,AI is off,AI is off,AI is off,AI is off,Not paired,AI is off,0,0,0
1324000,9.400001,0,1,0.4,0.21,0,0,99,1,0,19,False,True,0,0,54,42,32,3.82,AI is off,AI is off,AI is off,AI is off,Not paired,AI is off,0,0,0
1326000,9.400001,0,1,0.4,0.21,0,0,99,1,0,19,False,True,0,0,55,44,34,3.82,AI is off,AI is off,AI is off,AI is off,Not paired,AI is off,0,0,0
1328000,9.5,0,1,0.4,0.21,0,0,99,1,0,19,False,True,0,0,55,43,32,3.82,AI is off,AI is off,AI is off,AI is off,Not paired,AI is off,0,0,0
1330000,9.5,0,1,0.4,0.21,0,0,99,1,0,19,False,True,0,0,55,44,34,3.82,AI is off,AI is off,AI is off,AI is off,Not paired,AI is off,0,0,0
1332000,9.5,0,1,0.41,0.21,0,0,99,1,0,19,False,True,0,0,54,42,32,3.82,AI is off,AI is off,AI is off,AI is off,Not paired,AI is off,0,0,0
1334000,9.5,0,1,0.4,0.21,0,0,99,1,0,19,False,True,0,0,53,40,30,3.82,AI is off,AI is off,AI is off,AI is off,Not paired,AI is off,0,0,0
1336000,9.5,0,1,0.41,0.21,0,0,99,1,0,19,False,True,0,0,54,42,32,3.82,AI is off,AI is off,AI is off,AI is off,Not paired,AI is off,0,0,0
1338000,9.5,0,1,0.41,0.21,0,0,99,1,0,19,False,True,0,0,54,42,31,3.82,AI is off,AI is off,AI is off,AI is off,Not paired,AI is off,0,0,0
1340000,9.6,0,1,0.41,0.21,0,0,99,1,0,19,False,True,0,0,53,41,30,3.82,AI is off,AI is off,AI is off,AI is off,Not paired,AI is off,0,0,0
1342000,9.5,0,1,0.41,0.21,0,0,99,1,0,19,False,True,0,0,53,42,32,3.82,AI is off,AI is off,AI is off,AI is off,Not paired,AI is off,0,0,0
1344000,9.7,0,1,0.41,0.21,0,0,99,1,0,19,False,True,0,0,53,41,30,3.82,AI is off,AI is off,AI is off,AI is off,Not paired,AI is off,0,0,0
1346000,10.2,0,1,0.42,0.21,0,0,99,1,0,19,False,True,0,0,52,40,30,3.82,AI is off,AI is off,AI is off,AI is off,Not paired,AI is off,0,0,0
1348000,10.4,0,1,0.42,0.21,0,0,99,1,0,19,False,True,0,0,53,40,29,3.82,AI is off,AI is off,AI is off,AI is off,Not paired,AI is off,0,0,0
1350000,10.2,0,1,0.42,0.21,0,0,99,1,0,19,False,True,0,0,51,39,28,3.82,AI is off,AI is off,AI is off,AI is off,Not paired,AI is off,0,0,0
1352000,10.1,0,1,0.42,0.21,0,0,99,1,0,19,False,True,0,0,53,40,30,3.82,AI is off,AI is off,AI is off,AI is off,Not paired,AI is off,0,0,0
1354000,9.900001,0,1,0.41,0.21,0,0,99,1,0,19,False,True,0,0,52,40,29,3.82,AI is off,AI is off,AI is off,AI is off,Not paired,AI is off,0,0,0
1356000,9.7,0,1,0.41,0.21,0,0,99,1,0,19,False,True,0,0,54,40,31,3.82,AI is off,AI is off,AI is off,AI is off,Not paired,AI is off,0,0,0
1358000,9.5,0,1,0.4,0.21,0,0,99,1,0,19,False,True,0,0,53,40,30,3.82,AI is off,AI is off,AI is off,AI is off,Not paired,AI is off,0,0,0
1360000,9.6,0,1,0.41,0.21,0,0,99,1,0,19,False,True,0,0,54,39,31,3.82,AI is off,AI is off,AI is off,AI is off,Not paired,AI is off,0,0,0
1362000,9.8,0,1,0.41,0.21,0,0,99,1,0,19,False,True,0,0,55,44,34,3.82,AI is off,AI is off,AI is off,AI is off,Not paired,AI is off,0,0,0
1364000,9.8,0,1,0.41,0.21,0,0,99,1,0,19,False,True,0,0,56,43,32,3.82,AI is off,AI is off,AI is off,AI is off,Not paired,AI is off,0,0,0
1366000,9.8,0,1,0.41,0.21,0,0,99,1,0,19,False,True,0,0,53,40,30,3.82,AI is off,AI is off,AI is off,AI is off,Not paired,AI is off,0,0,0
1368000,9.7,0,1,0.41,0.21,0,0,99,1,0,19,False,True,0,0,53,41,31,3.82,AI is off,AI is off,AI is off,AI is off,Not paired,AI is off,0,0,0
1370000,9.900001,0,1,0.41,0.21,0,0,99,1,0,19,False,True,0,0,53,40,30,3.82,AI is off,AI is off,AI is off,AI is off,Not paired,AI is off,0,0,0
1372000,9.8,0,1,0.41,0.21,0,0,99,1,0,19,False,True,0,0,53,40,30,3.82,AI is off,AI is off,AI is off,AI is off,Not paired,AI is off,0,0,0
1374000,9.8,0,1,0.41,0.21,0,0,99,1,0,19,False,True,0,0,53,41,30,3.82,AI is off,AI is off,AI is off,AI is off,Not paired,AI is off,0,0,0
1376000,9.8,0,1,0.41,0.21,0,0,99,1,0,19,False,True,0,0,54,41,30,3.82,AI is off,AI is off,AI is off,AI is off,Not paired,AI is off,0,0,0
1378000,10,0,1,0.41,0.21,0,0,99,1,0,19,False,True,0,0,52,40,30,3.82,AI is off,AI is off,AI is off,AI is off,Not paired,AI is off,0,0,0
1380000,10.1,0,1,0.42,0.21,0,0,99,1,0,19,False,True,0,0,52,41,31,3.82,AI is off,AI is off,AI is off,AI is off,Not paired,AI is off,0,0,0
1382000,10.2,0,1,0.42,0.21,0,0,99,1,0,19,False,True,0,0,54,42,31,3.82,AI is off,AI is off,AI is off,AI is off,Not paired,AI is off,0,0,0
1384000,10.2,0,1,0.42,0.21,0,0,99,1,0,19,False,True,0,0,53,40,29,3.82,AI is off,AI is off,AI is off,AI is off,Not paired,AI is off,0,0,0
1386000,10.2,0,1,0.42,0.21,0,0,99,1,0,19,False,True,0,0,52,39,28,3.82,AI is off,AI is off,AI is off,AI is off,Not paired,AI is off,0,0,0
1388000,10.2,0,1,0.42,0.21,0,0,99,1,0,19,False,True,0,0,53,40,30,3.82,AI is off,AI is off,AI is off,AI is off,Not paired,AI is off,0,0,0
1390000,10.3,0,1,0.42,0.21,0,0,99,1,0,19,False,True,0,0,53,41,30,3.82,AI is off,AI is off,AI is off,AI is off,Not paired,AI is off,0,0,0
1392000,10.2,0,1,0.42,0.21,0,0,99,1,0,19,False,True,0,0,53,41,31,3.82,AI is off,AI is off,AI is off,AI is off,Not paired,AI is off,0,0,0
1394000,10.3,0,1,0.42,0.21,0,0,99,1,0,19,False,True,0,0,52,41,29,3.82,AI is off,AI is off,AI is off,AI is off,Not paired,AI is off,0,0,0
1396000,10.2,0,1,0.42,0.21,0,0,99,1,0,19,False,True,0,0,54,42,32,3.82,AI is off,AI is off,AI is off,AI is off,Not paired,AI is off,0,0,0
1398000,10,0,1,0.42,0.21,0,0,99,1,0,19,False,True,0,0,58,45,33,3.82,AI is off,AI is off,AI is off,AI is off,Not paired,AI is off,0,0,0
1400000,10,0,1,0.42,0.21,0,0,99,1,0,19,False,True,0,0,56,43,33,3.82,AI is off,AI is off,AI is off,AI is off,Not paired,AI is off,0,0,0
1402000,10,0,1,0.42,0.21,0,0,99,1,0,19,False,True,0,0,57,44,33,3.82,AI is off,AI is off,AI is off,AI is off,Not paired,AI is off,0,0,0
1404000,10.2,0,1,0.42,0.21,0,0,99,1,0,19,False,True,0,0,59,44,34,3.82,AI is off,AI is off,AI is off,AI is off,Not paired,AI is off,0,0,0
1406000,10.2,0,1,0.42,0.21,0,0,99,1,0,19,False,True,0,0,57,44,33,3.82,AI is off,AI is off,AI is off,AI is off,Not paired,AI is off,0,0,0
1408000,10.2,0,1,0.42,0.21,0,0,99,1,0,19,False,True,0,0,60,46,34,3.82,AI is off,AI is off,AI is off,AI is off,Not paired,AI is off,0,0,0
1410000,10.3,0,1,0.42,0.21,0,0,99,1,0,19,False,True,0,0,56,43,32,3.82,AI is off,AI is off,AI is off,AI is off,Not paired,AI is off,0,0,0
1412000,10.3,0,1,0.42,0.21,0,0,99,1,0,19,False,True,0,0,58,44,34,3.82,AI is off,AI is off,AI is off,AI is off,Not paired,AI is off,0,0,0
1414000,10.3,0,1,0.42,0.21,0,0,99,1,0,19,False,True,0,0,59,47,35,3.82,AI is off,AI is off,AI is off,AI is off,Not paired,AI is off,0,0,0
1416000,10.4,0,1,0.42,0.21,0,0,99,1,0,19,False,True,0,0,53,40,30,3.82,AI is off,AI is off,AI is off,AI is off,Not paired,AI is off,0,0,0
1418000,10.6,0,1,0.43,0.21,0,0,99,1,0,19,False,True,0,0,51,40,29,3.82,AI is off,AI is off,AI is off,AI is off,Not paired,AI is off,0,0,0
1420000,10.6,0,1,0.43,0.21,0,0,99,1,0,19,False,True,0,0,52,39,29,3.82,AI is off,AI is off,AI is off,AI is off,Not paired,AI is off,0,0,0
1422000,10.4,0,1,0.42,0.21,0,0,99,1,0,19,False,True,0,0,53,41,30,3.82,AI is off,AI is off,AI is off,AI is off,Not paired,AI is off,0,0,0
1424000,10.2,0,1,0.42,0.21,0,0,99,1,0,19,False,True,0,0,54,40,31,3.82,AI is off,AI is off,AI is off,AI is off,Not paired,AI is off,0,0,0
1426000,10.3,0,1,0.42,0.21,0,0,99,1,0,19,False,True,0,0,54,40,31,3.82,AI is off,AI is off,AI is off,AI is off,Not paired,AI is off,0,0,0
1428000,10.3,0,1,0.42,0.21,0,0,99,1,0,19,False,True,0,0,54,40,29,3.82,AI is off,AI is off,AI is off,AI is off,Not paired,AI is off,0,0,0
1430000,10.3,0,1,0.42,0.21,0,0,99,1,0,19,False,True,0,0,54,42,31,3.82,AI is off,AI is off,AI is off,AI is off,Not paired,AI is off,0,0,0
1432000,10.4,0,1,0.42,0.21,0,0,99,1,0,19,False,True,0,0,55,41,31,3.82,AI is off,AI is off,AI is off,AI is off,Not paired,AI is off,0,0,0
1434000,10.2,0,1,0.42,0.21,0,0,99,1,0,19,False,True,0,0,53,39,28,3.82,AI is off,AI is off,AI is off,AI is off,Not paired,AI is off,0,0,0
1436000,10.1,0,1,0.42,0.21,0,0,99,1,0,19,False,True,0,0,54,40,30,3.82,AI is off,AI is off,AI is off,AI is off,Not paired,AI is off,0,0,0
1438000,9.8,0,1,0.41,0.21,0,0,99,1,0,19,False,True,0,0,53,39,30,3.82,AI is off,AI is off,AI is off,AI is off,Not paired,AI is off,0,0,0
1440000,9.900001,0,1,0.41,0.21,0,0,99,1,0,19,False,True,0,0,53,40,30,3.82,AI is off,AI is off,AI is off,AI is off,Not paired,AI is off,0,0,0
1442000,9.6,0,1,0.41,0.21,0,0,99,1,0,19,False,True,0,0,54,39,31,3.82,AI is off,AI is off,AI is off,AI is off,Not paired,AI is off,0,0,0
1444000,9.6,0,1,0.41,0.21,0,0,99,1,0,19,False,True,0,0,68,53,42,3.82,AI is off,AI is off,AI is off,AI is off,Not paired,AI is off,0,0,0
1446000,9.7,0,1,0.41,0.21,0,0,99,1,0,19,False,True,0,0,54,39,30,3.82,AI is off,AI is off,AI is off,AI is off,Not paired,AI is off,0,0,0
1448000,9.8,0,1,0.41,0.21,0,0,99,1,0,19,False,True,0,0,58,45,36,3.82,AI is off,AI is off,AI is off,AI is off,Not paired,AI is off,0,0,0
1450000,9.900001,0,1,0.41,0.21,0,0,99,1,0,19,False,True,0,0,55,43,33,3.82,AI is off,AI is off,AI is off,AI is off,Not paired,AI is off,0,0,0
1452000,9.900001,0,1,0.41,0.21,0,0,99,1,0,19,False,True,0,0,53,40,29,3.82,AI is off,AI is off,AI is off,AI is off,Not paired,AI is off,0,0,0
1454000,10.1,0,1,0.42,0.21,0,0,99,1,0,19,False,True,0,0,53,40,30,3.82,AI is off,AI is off,AI is off,AI is off,Not paired,AI is off,0,0,0
1456000,10.1,0,1,0.42,0.21,0,0,99,1,0,19,False,True,0,0,53,39,28,3.82,AI is off,AI is off,AI is off,AI is off,Not paired,AI is off,0,0,0
1458000,10.2,0,1,0.42,0.21,0,0,99,1,0,19,False,True,0,0,53,40,30,3.82,AI is off,AI is off,AI is off,AI is off,Not paired,AI is off,0,0,0
1460000,9.8,0,1,0.41,0.21,0,0,99,1,0,19,False,True,0,0,54,39,30,3.82,AI is off,AI is off,AI is off,AI is off,Not paired,AI is off,0,0,0
1462000,9.6,0,1,0.41,0.21,0,0,99,1,0,19,False,True,0,0,54,40,31,3.82,AI is off,AI is off,AI is off,AI is off,Not paired,AI is off,0,0,0
1464000,9.400001,0,1,0.4,0.21,0,0,99,1,0,19,False,True,0,0,54,39,30,3.82,AI is off,AI is off,AI is off,AI is off,Not paired,AI is off,0,0,0
1466000,9.2,0,1,0.4,0.21,0,0,99,1,0,19,False,True,0,0,54,39,30,3.82,AI is off,AI is off,AI is off,AI is off,Not paired,AI is off,0,0,0
1468000,9,0,1,0.39,0.21,0,0,99,1,0,19,False,True,0,0,54,39,30,3.82,AI is off,AI is off,AI is off,AI is off,Not paired,AI is off,0,0,0
1470000,8.900001,0,1,0.39,0.21,0,0,99,1,0,19,False,True,0,0,53,40,28,3.82,AI is off,AI is off,AI is off,AI is off,Not paired,AI is off,0,0,0
1472000,8.900001,0,1,0.39,0.21,0,0,99,1,0,19,False,True,0,0,58,44,34,3.82,AI is off,AI is off,AI is off,AI is off,Not paired,AI is off,0,0,0
1474000,8.900001,0,1,0.39,0.21,0,0,99,1,0,19,False,True,0,0,55,41,30,3.82,AI is off,AI is off,AI is off,AI is off,Not paired,AI is off,0,0,0
1476000,9.1,0,1,0.4,0.21,0,0,99,1,0,19,False,True,0,0,54,42,30,3.82,AI is off,AI is off,AI is off,AI is off,Not paired,AI is off,0,0,0
1478000,9.5,0,1,0.4,0.21,0,0,99,1,0,19,False,True,0,0,50,38,27,3.82,AI is off,AI is off,AI is off,AI is off,Not paired,AI is off,0,0,0
1480000,9.7,0,1,0.41,0.21,0,0,99,1,0,19,False,True,0,0,52,40,29,3.82,AI is off,AI is off,AI is off,AI is off,Not paired,AI is off,0,0,0
1482000,10.1,0,1,0.42,0.21,0,0,99,1,0,19,False,True,0,0,51,39,28,3.82,AI is off,AI is off,AI is off,AI is off,Not paired,AI is off,0,0,0
1484000,10.4,0,1,0.42,0.21,0,0,99,1,0,19,False,True,0,0,52,40,28,3.82,AI is off,AI is off,AI is off,AI is off,Not paired,AI is off,0,0,0
1486000,10.4,0,1,0.42,0.21,0,0,99,1,0,19,False,True,0,0,51,39,28,3.82,AI is off,AI is off,AI is off,AI is off,Not paired,AI is off,0,0,0
1488000,10.1,0,1,0.42,0.21,0,0,99,1,0,19,False,True,0,0,54,43,33,3.82,AI is off,AI is off,AI is off,AI is off,Not paired,AI is off,0,0,0
1490000,10.3,0,1,0.42,0.21,0,0,99,1,0,19,False,True,0,0,54,42,32,3.82,AI is off,AI is off,AI is off,AI is off,Not paired,AI is off,0,0,0
1492000,10.2,0,1,0.42,0.21,0,0,99,1,0,19,False,True,0,0,55,44,33,3.82,AI is off,AI is off,AI is off,AI is off,Not paired,AI is off,0,0,0
1494000,10.1,0,1,0.42,0.21,0,0,99,1,0,19,False,True,0,0,54,39,30,3.82,AI is off,AI is off,AI is off,AI is off,Not paired,AI is off,0,0,0
1496000,9.900001,0,1,0.41,0.21,0,0,99,1,0,19,False,True,0,0,51,39,27,3.82,AI is off,AI is off,AI is off,AI is off,Not paired,AI is off,0,0,0
1498000,9.8,0,1,0.41,0.21,0,0,99,1,0,19,False,True,0,0,55,43,33,3.82,AI is off,AI is off,AI is off,AI is off,Not paired,AI is off,0,0,0
1500000,9.900001,0,1,0.41,0.21,0,0,99,1,0,19,False,True,0,0,55,44,34,3.82,AI is off,AI is off,AI is off,AI is off,Not paired,AI is off,0,0,0
1502000,10.1,0,1,0.42,0.21,0,0,99,1,0,19,False,True,0,0,52,41,29,3.82,AI is off,AI is off,AI is off,AI is off,Not paired,AI is off,0,0,0
1504000,10.2,0,1,0.42,0.21,0,0,99,1,0,19,False,True,0,0,52,40,29,3.82,AI is off,AI is off,AI is off,AI is off,Not paired,AI is off,0,0,0
1506000,10.2,0,1,0.42,0.21,0,0,99,1,0,19,False,True,0,0,53,40,30,3.82,AI is off,AI is off,AI is off,AI is off,Not paired,AI is off,0,0,0
1508000,10.2,0,1,0.42,0.21,0,0,99,1,0,19,False,True,0,0,53,41,31,3.82,AI is off,AI is off,AI is off,AI is off,Not paired,AI is off,0,0,0
1510000,10.4,0,1,0.42,0.21,0,0,99,1,0,19,False,True,0,0,53,42,30,3.82,AI is off,AI is off,AI is off,AI is off,Not paired,AI is off,0,0,0
1512000,10.4,0,1,0.42,0.21,0,0,99,1,0,19,False,True,0,0,53,40,30,3.82,AI is off,AI is off,AI is off,AI is off,Not paired,AI is off,0,0,0
1514000,10.4,0,1,0.42,0.21,0,0,99,1,0,19,False,True,0,0,52,41,30,3.82,AI is off,AI is off,AI is off,AI is off,Not paired,AI is off,0,0,0
1516000,10.3,0,1,0.42,0.21,0,0,99,1,0,19,False,True,0,0,53,41,30,3.82,AI is off,AI is off,AI is off,AI is off,Not paired,AI is off,0,0,0
1518000,10.4,0,1,0.42,0.21,0,0,99,1,0,19,False,True,0,0,52,41,30,3.82,AI is off,AI is off,AI is off,AI is off,Not paired,AI is off,0,0,0
1520000,10.5,0,1,0.43,0.21,0,0,99,1,0,19,False,True,0,0,52,40,29,3.82,AI is off,AI is off,AI is off,AI is off,Not paired,AI is off,0,0,0
1522000,10.5,0,1,0.43,0.21,0,0,99,1,0,19,False,True,0,0,53,41,29,3.82,AI is off,AI is off,AI is off,AI is off,Not paired,AI is off,0,0,0
1524000,10.4,0,1,0.42,0.21,0,0,99,1,0,19,False,True,0,0,52,40,28,3.82,AI is off,AI is off,AI is off,AI is off,Not paired,AI is off,0,0,0
1526000,10.4,0,1,0.42,0.21,0,0,99,1,0,19,False,True,0,0,52,40,29,3.82,AI is off,AI is off,AI is off,AI is off,Not paired,AI is off,0,0,0
1528000,10.4,0,1,0.42,0.21,0,0,99,1,0,19,False,True,0,0,53,40,30,3.82,AI is off,AI is off,AI is off,AI is off,Not paired,AI is off,0,0,0
1530000,10.3,0,1,0.42,0.21,0,0,99,1,0,19,False,True,0,0,53,41,30,3.82,AI is off,AI is off,AI is off,AI is off,Not paired,AI is off,0,0,0
1532000,10.3,0,1,0.42,0.21,0,0,99,1,0,19,False,True,0,0,56,44,34,3.82,AI is off,AI is off,AI is off,AI is off,Not paired,AI is off,0,0,0
1534000,10.3,0,1,0.42,0.21,0,0,99,1,0,19,False,True,0,0,55,44,33,3.82,AI is off,AI is off,AI is off,AI is off,Not paired,AI is off,0,0,0
1536000,10.3,0,1,0.42,0.21,0,0,99,1,0,19,False,True,0,0,53,41,30,3.82,AI is off,AI is off,AI is off,AI is off,Not paired,AI is off,0,0,0
1538000,10.3,0,1,0.42,0.21,0,0,99,1,0,19,False,True,0,0,53,42,32,3.82,AI is off,AI is off,AI is off,AI is off,Not paired,AI is off,0,0,0
1540000,10.2,0,1,0.42,0.21,0,0,99,1,0,19,False,True,0,0,53,42,31,3.82,AI is off,AI is off,AI is off,AI is off,Not paired,AI is off,0,0,0
1542000,9.900001,0,1,0.41,0.21,0,0,99,1,0,19,False,True,0,0,53,41,30,3.82,AI is off,AI is off,AI is off,AI is off,Not paired,AI is off,0,0,0
1544000,10,0,1,0.41,0.21,0,0,99,1,0,19,False,True,0,0,53,41,31,3.82,AI is off,AI is off,AI is off,AI is off,Not paired,AI is off,0,0,0
1546000,10,0,1,0.42,0.21,0,0,99,1,0,19,False,True,0,0,53,41,29,3.82,AI is off,AI is off,AI is off,AI is off,Not paired,AI is off,0,0,0
1548000,9.900001,0,1,0.41,0.21,0,0,99,1,0,19,False,True,0,0,53,41,31,3.82,AI is off,AI is off,AI is off,AI is off,Not paired,AI is off,0,0,0
1550000,9.8,0,1,0.41,0.21,0,0,99,1,0,19,False,True,0,0,52,40,29,3.82,AI is off,AI is off,AI is off,AI is off,Not paired,AI is off,0,0,0
1552000,10,0,1,0.41,0.21,0,0,99,1,0,19,False,True,0,0,52,41,30,3.82,AI is off,AI is off,AI is off,AI is off,Not paired,AI is off,0,0,0
1554000,9.900001,0,1,0.41,0.21,0,0,99,1,0,19,False,True,0,0,52,40,29,3.82,AI is off,AI is off,AI is off,AI is off,Not paired,AI is off,0,0,0
1556000,9.7,0,1,0.41,0.21,0,0,99,1,0,19,False,True,0,0,53,41,30,3.82,AI is off,AI is off,AI is off,AI is off,Not paired,AI is off,0,0,0
1558000,9.6,0,1,0.41,0.21,0,0,99,1,0,19,False,True,0,0,53,40,30,3.82,AI is off,AI is off,AI is off,AI is off,Not paired,AI is off,0,0,0
1560000,9.6,0,1,0.41,0.21,0,0,99,1,0,19,False,True,0,0,54,41,31,3.82,AI is off,AI is off,AI is off,AI is off,Not paired,AI is off,0,0,0
1562000,9.6,0,1,0.41,0.21,0,0,99,1,0,19,False,True,0,0,53,40,30,3.82,AI is off,AI is off,AI is off,AI is off,Not paired,AI is off,0,0,0
1564000,9.6,0,1,0.41,0.21,0,0,99,1,0,19,False,True,0,0,53,40,29,3.82,AI is off,AI is off,AI is off,AI is off,Not paired,AI is off,0,0,0
1566000,9.5,0,1,0.41,0.21,0,0,99,1,0,19,False,True,0,0,52,40,29,3.82,AI is off,AI is off,AI is off,AI is off,Not paired,AI is off,0,0,0
1568000,9.5,0,1,0.41,0.21,0,0,99,1,0,19,False,True,0,0,53,41,31,3.82,AI is off,AI is off,AI is off,AI is off,Not paired,AI is off,0,0,0
1570000,9.400001,0,1,0.4,0.21,0,0,99,1,0,19,False,True,0,0,55,43,33,3.82,AI is off,AI is off,AI is off,AI is off,Not paired,AI is off,0,0,0
1572000,9.400001,0,1,0.4,0.21,0,0,99,1,0,19,False,True,0,0,55,44,33,3.82,AI is off,AI is off,AI is off,AI is off,Not paired,AI is off,0,0,0
1574000,9.400001,0,1,0.4,0.21,0,0,99,1,0,19,False,True,0,0,52,40,29,3.82,AI is off,AI is off,AI is off,AI is off,Not paired,AI is off,0,0,0
1576000,9.3,0,1,0.4,0.21,0,0,99,1,0,19,False,True,0,0,52,39,28,3.82,AI is off,AI is off,AI is off,AI is off,Not paired,AI is off,0,0,0
1578000,9.3,0,1,0.4,0.21,0,0,99,1,0,19,False,True,0,0,54,41,32,3.82,AI is off,AI is off,AI is off,AI is off,Not paired,AI is off,0,0,0
1580000,9.2,0,1,0.4,0.21,0,0,99,1,0,19,False,True,0,0,53,41,30,3.82,AI is off,AI is off,AI is off,AI is off,Not paired,AI is off,0,0,0
1582000,9.3,0,1,0.4,0.21,0,0,99,1,0,19,False,True,0,0,54,42,32,3.82,AI is off,AI is off,AI is off,AI is off,Not paired,AI is off,0,0,0
1584000,9.2,0,1,0.4,0.21,0,0,99,1,0,19,False,True,0,0,53,41,30,3.82,AI is off,AI is off,AI is off,AI is off,Not paired,AI is off,0,0,0
1586000,9.1,0,1,0.4,0.21,0,0,99,1,0,19,False,True,0,0,51,39,27,3.82,AI is off,AI is off,AI is off,AI is off,Not paired,AI is off,0,0,0
1588000,9.1,0,1,0.4,0.21,0,0,99,1,0,19,False,True,0,0,54,41,31,3.82,AI is off,AI is off,AI is off,AI is off,Not paired,AI is off,0,0,0
1590000,9.1,0,1,0.4,0.21,0,0,99,1,0,19,False,True,0,0,54,42,32,3.82,AI is off,AI is off,AI is off,AI is off,Not paired,AI is off,0,0,0
1592000,9.1,0,1,0.4,0.21,0,0,99,1,0,19,False,True,0,0,55,43,33,3.82,AI is off,AI is off,AI is off,AI is off,Not paired,AI is off,0,0,0
1594000,9.1,0,1,0.4,0.21,0,0,99,1,0,19,False,True,0,0,54,42,32,3.82,AI is off,AI is off,AI is off,AI is off,Not paired,AI is off,0,0,0
1596000,9.2,0,1,0.4,0.21,0,0,99,1,0,19,False,True,0,0,52,41,31,3.82,AI is off,AI is off,AI is off,AI is off,Not paired,AI is off,0,0,0
1598000,9.2,0,1,0.4,0.21,0,0,99,1,0,19,False,True,0,0,56,43,32,3.82,AI is off,AI is off,AI is off,AI is off,Not paired,AI is off,0,0,0
1600000,9.2,0,1,0.4,0.21,0,0,99,1,0,19,False,True,0,0,53,41,30,3.82,AI is off,AI is off,AI is off,AI is off,Not paired,AI is off,0,0,0
1602000,9.3,0,1,0.4,0.21,0,0,99,1,0,19,False,True,0,0,55,44,34,3.82,AI is off,AI is off,AI is off,AI is off,Not paired,AI is off,0,0,0
1604000,9.3,0,1,0.4,0.21,0,0,99,1,0,19,False,True,0,0,55,43,32,3.82,AI is off,AI is off,AI is off,AI is off,Not paired,AI is off,0,0,0
1606000,9.5,0,1,0.4,0.21,0,0,99,1,0,19,False,True,0,0,53,41,31,3.82,AI is off,AI is off,AI is off,AI is off,Not paired,AI is off,0,0,0
1608000,9.5,0,1,0.41,0.21,0,0,99,1,0,19,False,True,0,0,54,40,30,3.82,AI is off,AI is off,AI is off,AI is off,Not paired,AI is off,0,0,0
1610000,9.6,0,1,0.41,0.21,0,0,99,1,0,19,False,True,0,0,54,39,31,3.82,AI is off,AI is off,AI is off,AI is off,Not paired,AI is off,0,0,0
1612000,9.7,0,1,0.41,0.21,0,0,99,1,0,19,False,True,0,0,54,42,31,3.82,AI is off,AI is off,AI is off,AI is off,Not paired,AI is off,0,0,0
1614000,9.7,0,1,0.41,0.21,0,0,99,1,0,19,False,True,0,0,54,43,32,3.82,AI is off,AI is off,AI is off,AI is off,Not paired,AI is off,0,0,0
1616000,9.7,0,1,0.41,0.21,0,0,99,1,0,19,False,True,0,0,53,41,31,3.82,AI is off,AI is off,AI is off,AI is off,Not paired,AI is off,0,0,0
1618000,9.6,0,1,0.41,0.21,0,0,99,1,0,19,False,True,0,0,55,41,32,3.82,AI is off,AI is off,AI is off,AI is off,Not paired,AI is off,0,0,0
1620000,9.7,0,1,0.41,0.21,0,0,99,1,0,19,False,True,0,0,55,45,34,3.82,AI is off,AI is off,AI is off,AI is off,Not paired,AI is off,0,0,0
1622000,9.8,0,1,0.41,0.21,0,0,99,1,0,19,False,True,0,0,53,42,31,3.82,AI is off,AI is off,AI is off,AI is off,Not paired,AI is off,0,0,0
1624000,9.900001,0,1,0.41,0.21,0,0,99,1,0,19,False,True,0,0,53,41,31,3.82,AI is off,AI is off,AI is off,AI is off,Not paired,AI is off,0,0,0
1626000,10,0,1,0.42,0.21,0,0,99,1,0,19,False,True,0,0,53,41,30,3.82,AI is off,AI is off,AI is off,AI is off,Not paired,AI is off,0,0,0
1628000,10,0,1,0.42,0.21,0,0,99,1,0,19,False,True,0,0,53,41,30,3.82,AI is off,AI is off,AI is off,AI is off,Not paired,AI is off,0,0,0
1630000,10,0,1,0.42,0.21,0,0,99,1,0,19,False,True,0,0,54,42,31,3.82,AI is off,AI is off,AI is off,AI is off,Not paired,AI is off,0,0,0
1632000,10,0,1,0.41,0.21,0,0,99,1,0,19,False,True,0,0,54,43,32,3.82,AI is off,AI is off,AI is off,AI is off,Not paired,AI is off,0,0,0
1634000,10.1,0,1,0.42,0.21,0,0,99,1,0,19,False,True,0,0,53,40,30,3.82,AI is off,AI is off,AI is off,AI is off,Not paired,AI is off,0,0,0
1636000,10.1,0,1,0.42,0.21,0,0,99,1,0,19,False,True,0,0,53,41,31,3.82,AI is off,AI is off,AI is off,AI is off,Not paired,AI is off,0,0,0
1638000,10.1,0,1,0.42,0.21,0,0,99,1,0,19,False,True,0,0,53,41,30,3.82,AI is off,AI is off,AI is off,AI is off,Not paired,AI is off,0,0,0
1640000,10.2,0,1,0.42,0.21,0,0,99,1,0,19,False,True,0,0,53,40,30,3.82,AI is off,AI is off,AI is off,AI is off,Not paired,AI is off,0,0,0
1642000,10.2,0,1,0.42,0.21,0,0,99,1,0,19,False,True,0,0,53,41,31,3.82,AI is off,AI is off,AI is off,AI is off,Not paired,AI is off,0,0,0
1644000,10.3,0,1,0.42,0.21,0,0,99,1,0,19,False,True,0,0,52,41,30,3.82,AI is off,AI is off,AI is off,AI is off,Not paired,AI is off,0,0,0
1646000,10.3,0,1,0.42,0.21,0,0,99,1,0,19,False,True,0,0,53,41,31,3.82,AI is off,AI is off,AI is off,AI is off,Not paired,AI is off,0,0,0
1648000,10.2,0,1,0.42,0.21,0,0,99,1,0,19,False,True,0,0,54,41,32,3.82,AI is off,AI is off,AI is off,AI is off,Not paired,AI is off,0,0,0
1650000,10.2,0,1,0.42,0.21,0,0,99,1,0,19,False,True,0,0,54,42,32,3.82,AI is off,AI is off,AI is off,AI is off,Not paired,AI is off,0,0,0
1652000,10.3,0,1,0.42,0.21,0,0,99,1,0,19,False,True,0,0,53,41,30,3.82,AI is off,AI is off,AI is off,AI is off,Not paired,AI is off,0,0,0
1654000,10.3,0,1,0.42,0.21,0,0,99,1,0,19,False,True,0,0,53,41,30,3.82,AI is off,AI is off,AI is off,AI is off,Not paired,AI is off,0,0,0
1656000,10.3,0,1,0.42,0.21,0,0,99,1,0,19,False,True,0,0,53,41,30,3.82,AI is off,AI is off,AI is off,AI is off,Not paired,AI is off,0,0,0
1658000,10.3,0,1,0.42,0.21,0,0,99,1,0,19,False,True,0,0,52,40,28,3.82,AI is off,AI is off,AI is off,AI is off,Not paired,AI is off,0,0,0
1660000,10.2,0,1,0.42,0.21,0,0,99,1,0,19,False,True,0,0,53,41,30,3.82,AI is off,AI is off,AI is off,AI is off,Not paired,AI is off,0,0,0
1662000,10.1,0,1,0.42,0.21,0,0,99,1,0,19,False,True,0,0,53,41,30,3.82,AI is off,AI is off,AI is off,AI is off,Not paired,AI is off,0,0,0
1664000,9.900001,0,1,0.41,0.21,0,0,99,1,0,19,False,True,0,0,59,45,34,3.82,AI is off,AI is off,AI is off,AI is off,Not paired,AI is off,0,0,0
1666000,9.8,0,1,0.41,0.21,0,0,99,1,0,19,False,True,0,0,56,42,31,3.82,AI is off,AI is off,AI is off,AI is off,Not paired,AI is off,0,0,0
1668000,9.7,0,1,0.41,0.21,0,0,99,1,0,19,False,True,0,0,55,42,32,3.82,AI is off,AI is off,AI is off,AI is off,Not paired,AI is off,0,0,0
1670000,9.6,0,1,0.41,0.21,0,0,99,1,0,19,False,True,0,0,54,43,33,3.82,AI is off,AI is off,AI is off,AI is off,Not paired,AI is off,0,0,0
1672000,9.400001,0,1,0.4,0.21,0,0,99,1,0,19,False,True,0,0,54,40,32,3.82,AI is off,AI is off,AI is off,AI is off,Not paired,AI is off,0,0,0
1674000,9.5,0,1,0.41,0.21,0,0,99,1,0,19,False,True,0,0,55,41,31,3.82,AI is off,AI is off,AI is off,AI is off,Not paired,AI is off,0,0,0
1676000,9.400001,0,1,0.4,0.21,0,0,99,1,0,19,False,True,0,0,54,39,31,3.82,AI is off,AI is off,AI is off,AI is off,Not paired,AI is off,0,0,0
1678000,9.2,0,1,0.4,0.21,0,0,99,1,0,19,False,True,0,0,56,42,32,3.82,AI is off,AI is off,AI is off,AI is off,Not paired,AI is off,0,0,0
1680000,9.2,0,1,0.4,0.21,0,0,99,1,0,19,False,True,0,0,54,42,32,3.82,AI is off,AI is off,AI is off,AI is off,Not paired,AI is off,0,0,0
1682000,9,0,1,0.4,0.21,0,0,99,1,0,19,False,True,0,0,54,39,31,3.82,AI is off,AI is off,AI is off,AI is off,Not paired,AI is off,0,0,0
1684000,9,0,1,0.4,0.21,0,0,99,1,0,19,False,True,0,0,57,45,35,3.82,AI is off,AI is off,AI is off,AI is off,Not paired,AI is off,0,0,0
1686000,9.1,0,1,0.4,0.21,0,0,99,1,0,19,False,True,0,0,55,44,33,3.82,AI is off,AI is off,AI is off,AI is off,Not paired,AI is off,0,0,0
1688000,9.2,0,1,0.4,0.21,0,0,99,1,0,19,False,True,0,0,54,42,32,3.82,AI is off,AI is off,AI is off,AI is off,Not paired,AI is off,0,0,0
1690000,9.1,0,1,0.4,0.21,0,0,99,1,0,19,False,True,0,0,55,43,32,3.82,AI is off,AI is off,AI is off,AI is off,Not paired,AI is off,0,0,0
1692000,9.1,0,1,0.4,0.21,0,0,99,1,0,19,False,True,0,0,53,41,29,3.82,AI is off,AI is off,AI is off,AI is off,Not paired,AI is off,0,0,0
1694000,9.2,0,1,0.4,0.21,0,0,99,1,0,19,False,True,0,0,53,41,30,3.82,AI is off,AI is off,AI is off,AI is off,Not paired,AI is off,0,0,0
1696000,9.3,0,1,0.4,0.21,0,0,99,1,0,19,False,True,0,0,52,40,28,3.82,AI is off,AI is off,AI is off,AI is off,Not paired,AI is off,0,0,0
1698000,9.3,0,1,0.4,0.21,0,0,99,1,0,19,False,True,0,0,52,40,28,3.82,AI is off,AI is off,AI is off,AI is off,Not paired,AI is off,0,0,0
1700000,9.5,0,1,0.4,0.21,0,0,99,1,0,19,False,True,0,0,51,39,29,3.82,AI is off,AI is off,AI is off,AI is off,Not paired,AI is off,0,0,0
1702000,9.5,0,1,0.41,0.21,0,0,99,1,0,19,False,True,0,0,51,40,28,3.82,AI is off,AI is off,AI is off,AI is off,Not paired,AI is off,0,0,0
1704000,9.7,0,1,0.41,0.21,0,0,99,1,0,19,False,True,0,0,51,40,28,3.82,AI is off,AI is off,AI is off,AI is off,Not paired,AI is off,0,0,0
1706000,9.8,0,1,0.41,0.21,0,0,99,1,0,19,False,True,0,0,52,40,29,3.82,AI is off,AI is off,AI is off,AI is off,Not paired,AI is off,0,0,0
1708000,10,0,1,0.42,0.21,0,0,99,1,0,19,False,True,0,0,53,40,30,3.82,AI is off,AI is off,AI is off,AI is off,Not paired,AI is off,0,0,0
1710000,10.1,0,1,0.42,0.21,0,0,99,1,0,19,False,True,0,0,51,40,28,3.82,AI is off,AI is off,AI is off,AI is off,Not paired,AI is off,0,0,0
1712000,9.8,0,1,0.41,0.21,0,0,99,1,0,19,False,True,0,0,52,41,29,3.82,AI is off,AI is off,AI is off,AI is off,Not paired,AI is off,0,0,0
1714000,9.5,0,1,0.41,0.21,0,0,99,1,0,19,False,True,0,0,51,39,29,3.82,AI is off,AI is off,AI is off,AI is off,Not paired,AI is off,0,0,0
1716000,9.400001,0,1,0.4,0.21,0,0,99,1,0,19,False,True,0,0,51,39,28,3.82,AI is off,AI is off,AI is off,AI is off,Not paired,AI is off,0,0,0
1718000,9.5,0,1,0.4,0.21,0,0,99,1,0,19,False,True,0,0,50,38,26,3.82,AI is off,AI is off,AI is off,AI is off,Not paired,AI is off,0,0,0
1720000,9.5,0,1,0.4,0.21,0,0,99,1,0,19,False,True,0,0,51,38,28,3.82,AI is off,AI is off,AI is off,AI is off,Not paired,AI is off,0,0,0
1722000,9.2,0,1,0.4,0.21,0,0,99,1,0,19,False,True,0,0,52,39,29,3.82,AI is off,AI is off,AI is off,AI is off,Not paired,AI is off,0,0,0
1724000,9.1,0,1,0.4,0.21,0,0,99,1,0,19,False,True,0,0,52,40,30,3.82,AI is off,AI is off,AI is off,AI is off,Not paired,AI is off,0,0,0
1726000,9.1,0,1,0.4,0.21,0,0,99,1,0,19,False,True,0,0,52,39,30,3.82,AI is off,AI is off,AI is off,AI is off,Not paired,AI is off,0,0,0
1728000,8.8,0,1,0.39,0.21,0,0,99,1,0,19,False,True,0,0,53,41,31,3.82,AI is off,AI is off,AI is off,AI is off,Not paired,AI is off,0,0,0
1730000,8.900001,0,1,0.39,0.21,0,0,99,1,0,19,False,True,0,0,51,40,30,3.82,AI is off,AI is off,AI is off,AI is off,Not paired,AI is off,0,0,0
1732000,8.8,0,1,0.39,0.21,0,0,99,1,0,19,False,True,0,0,51,40,29,3.82,AI is off,AI is off,AI is off,AI is off,Not paired,AI is off,0,0,0
1734000,8.8,0,1,0.39,0.21,0,0,99,1,0,19,False,True,0,0,52,40,29,3.82,AI is off,AI is off,AI is off,AI is off,Not paired,AI is off,0,0,0
1736000,8.8,0,1,0.39,0.21,0,0,99,1,0,19,False,True,0,0,51,40,28,3.82,AI is off,AI is off,AI is off,AI is off,Not paired,AI is off,0,0,0
1738000,8.6,0,1,0.39,0.21,0,0,99,1,0,19,False,True,0,0,52,40,29,3.82,AI is off,AI is off,AI is off,AI is off,Not paired,AI is off,0,0,0
1740000,8.5,0,1,0.38,0.21,0,0,99,1,0,19,False,True,0,0,52,40,29,3.82,AI is off,AI is off,AI is off,AI is off,Not paired,AI is off,0,0,0
1742000,8.6,0,1,0.39,0.21,0,0,99,1,0,19,False,True,0,0,52,40,29,3.82,AI is off,AI is off,AI is off,AI is off,Not paired,AI is off,0,0,0
1744000,8.400001,0,1,0.38,0.21,0,0,99,1,0,19,False,True,0,0,53,41,31,3.82,AI is off,AI is off,AI is off,AI is off,Not paired,AI is off,0,0,0
1746000,8.400001,0,1,0.38,0.21,0,0,99,1,0,19,False,True,0,0,53,41,30,3.82,AI is off,AI is off,AI is off,AI is off,Not paired,AI is off,0,0,0
1748000,8.5,0,1,0.38,0.21,0,0,99,1,0,20,False,True,0,0,52,40,30,3.82,AI is off,AI is off,AI is off,AI is off,Not paired,AI is off,0,0,0
1750000,8.6,0,1,0.39,0.21,0,0,99,1,0,20,False,True,0,0,54,41,30,3.82,AI is off,AI is off,AI is off,AI is off,Not paired,AI is off,0,0,0
1752000,8.5,0,1,0.39,0.21,0,0,99,1,0,20,False,True,0,0,53,41,30,3.82,AI is off,AI is off,AI is off,AI is off,Not paired,AI is off,0,0,0
1754000,8.7,0,1,0.39,0.21,0,0,99,1,0,20,False,True,0,0,53,41,31,3.82,AI is off,AI is off,AI is off,AI is off,Not paired,AI is off,0,0,0
1756000,8.8,0,1,0.39,0.21,0,0,99,1,0,20,False,True,0,0,53,41,31,3.82,AI is off,AI is off,AI is off,AI is off,Not paired,AI is off,0,0,0
1758000,9,0,1,0.39,0.21,0,0,99,1,0,20,False,True,0,0,53,40,30,3.82,AI is off,AI is off,AI is off,AI is off,Not paired,AI is off,0,0,0
1760000,9.1,0,1,0.4,0.21,0,0,99,1,0,20,False,True,0,0,53,41,31,3.82,AI is off,AI is off,AI is off,AI is off,Not paired,AI is off,0,0,0
1762000,9.2,0,1,0.4,0.21,0,0,99,1,0,20,False,True,0,0,52,40,29,3.82,AI is off,AI is off,AI is off,AI is off,Not paired,AI is off,0,0,0
1764000,9.2,0,1,0.4,0.21,0,0,99,1,0,20,False,True,0,0,53,40,29,3.82,AI is off,AI is off,AI is off,AI is off,Not paired,AI is off,0,0,0
1766000,9.1,0,1,0.4,0.21,0,0,99,1,0,20,False,True,0,0,52,40,29,3.82,AI is off,AI is off,AI is off,AI is off,Not paired,AI is off,0,0,0
1768000,9,0,1,0.39,0.21,0,0,99,1,0,20,False,True,0,0,52,40,28,3.82,AI is off,AI is off,AI is off,AI is off,Not paired,AI is off,0,0,0
1770000,9,0,1,0.4,0.21,0,0,99,1,0,20,False,True,0,0,53,41,31,3.82,AI is off,AI is off,AI is off,AI is off,Not paired,AI is off,0,0,0
1772000,9.1,0,1,0.4,0.21,0,0,99,1,0,20,False,True,0,0,52,40,29,3.82,AI is off,AI is off,AI is off,AI is off,Not paired,AI is off,0,0,0
1774000,9,0,1,0.39,0.21,0,0,99,1,0,20,False,True,0,0,52,42,31,3.82,AI is off,AI is off,AI is off,AI is off,Not paired,AI is off,0,0,0
1776000,8.900001,0,1,0.39,0.21,0,0,99,1,0,20,False,True,0,0,53,41,29,3.82,AI is off,AI is off,AI is off,AI is off,Not paired,AI is off,0,0,0
1778000,8.900001,0,1,0.39,0.21,0,0,99,1,0,20,False,True,0,0,52,40,29,3.82,AI is off,AI is off,AI is off,AI is off,Not paired,AI is off,0,0,0
1780000,8.900001,0,1,0.39,0.21,0,0,99,1,0,20,False,True,0,0,53,41,31,3.82,AI is off,AI is off,AI is off,AI is off,Not paired,AI is off,0,0,0
1782000,9.1,0,1,0.4,0.21,0,0,99,1,0,20,False,True,0,0,53,40,30,3.82,AI is off,AI is off,AI is off,AI is off,Not paired,AI is off,0,0,0
1784000,9,0,1,0.4,0.21,0,0,99,1,0,19,False,True,0,0,52,40,28,3.82,AI is off,AI is off,AI is off,AI is off,Not paired,AI is off,0,0,0
1786000,8.900001,0,1,0.39,0.21,0,0,99,1,0,19,False,True,0,0,53,41,30,3.82,AI is off,AI is off,AI is off,AI is off,Not paired,AI is off,0,0,0
1788000,8.900001,0,1,0.39,0.21,0,0,99,1,0,19,False,True,0,0,54,42,32,3.82,AI is off,AI is off,AI is off,AI is off,Not paired,AI is off,0,0,0
1790000,8.900001,0,1,0.39,0.21,0,0,99,1,0,19,False,True,0,0,53,41,31,3.82,AI is off,AI is off,AI is off,AI is off,Not paired,AI is off,0,0,0
1792000,8.900001,0,1,0.39,0.21,0,0,99,1,0,19,False,True,0,0,53,41,31,3.82,AI is off,AI is off,AI is off,AI is off,Not paired,AI is off,0,0,0
1794000,8.8,0,1,0.39,0.21,0,0,99,1,0,20,False,True,0,0,53,41,31,3.82,AI is off,AI is off,AI is off,AI is off,Not paired,AI is off,0,0,0
1796000,8.8,0,1,0.39,0.21,0,0,99,1,0,20,False,True,0,0,54,42,31,3.82,AI is off,AI is off,AI is off,AI is off,Not paired,AI is off,0,0,0
1798000,8.7,0,1,0.39,0.21,0,0,99,1,0,20,False,True,0,0,54,39,30,3.82,AI is off,AI is off,AI is off,AI is off,Not paired,AI is off,0,0,0
1800000,8.7,0,1,0.39,0.21,0,0,99,1,0,20,False,True,0,0,56,44,33,3.82,AI is off,AI is off,AI is off,AI is off,Not paired,AI is off,0,0,0
1802000,8.7,0,1,0.39,0.21,0,0,99,1,0,20,False,True,0,0,55,43,32,3.82,AI is off,AI is off,AI is off,AI is off,Not paired,AI is off,0,0,0
1804000,8.8,0,1,0.39,0.21,0,0,99,1,0,20,False,True,0,0,53,41,30,3.82,AI is off,AI is off,AI is off,AI is off,Not paired,AI is off,0,0,0
1806000,8.7,0,1,0.39,0.21,0,0,99,1,0,20,False,True,0,0,53,41,31,3.82,AI is off,AI is off,AI is off,AI is off,Not paired,AI is off,0,0,0
1808000,8.6,0,1,0.39,0.21,0,0,99,1,0,20,False,True,0,0,53,42,32,3.82,AI is off,AI is off,AI is off,AI is off,Not paired,AI is off,0,0,0
1810000,8.7,0,1,0.39,0.21,0,0,99,1,0,20,False,True,0,0,52,40,29,3.82,AI is off,AI is off,AI is off,AI is off,Not paired,AI is off,0,0,0
1812000,8.400001,0,1,0.39,0.21,0,0,99,1,0,20,False,True,0,0,55,43,34,3.82,AI is off,AI is off,AI is off,AI is off,Not paired,AI is off,0,0,0
1814000,7.7,0,1,0.37,0.21,0,0,99,1,0,20,False,True,0,0,52,40,28,3.82,AI is off,AI is off,AI is off,AI is off,Not paired,AI is off,0,0,0
1816000,7.4,0,1,0.36,0.21,0,0,99,1,0,19,False,True,0,0,54,41,31,3.82,AI is off,AI is off,AI is off,AI is off,Not paired,AI is off,0,0,0
1818000,7.5,0,1,0.36,0.21,0,0,99,1,0,20,False,True,0,0,50,38,26,3.82,AI is off,AI is off,AI is off,AI is off,Not paired,AI is off,0,0,0
1820000,7.3,0,1,0.36,0.21,0,0,99,1,0,20,False,True,0,0,53,41,30,3.82,AI is off,AI is off,AI is off,AI is off,Not paired,AI is off,0,0,0
1822000,6.9,0,1,0.35,0.21,0,0,99,1,0,20,False,True,0,0,53,41,30,3.82,AI is off,AI is off,AI is off,AI is off,Not paired,AI is off,0,0,0
1824000,6.5,0,1,0.34,0.21,0,0,99,1,0,20,False,True,0,0,54,41,32,3.82,AI is off,AI is off,AI is off,AI is off,Not paired,AI is off,0,0,0
1826000,6.4,0,1,0.34,0.21,0,0,99,1,0,20,False,True,0,0,54,43,32,3.82,AI is off,AI is off,AI is off,AI is off,Not paired,AI is off,0,0,0
1828000,6.6,0,1,0.34,0.21,0,0,99,1,0,20,False,True,0,0,54,41,31,3.82,AI is off,AI is off,AI is off,AI is off,Not paired,AI is off,0,0,0
1830000,6.7,0,1,0.35,0.21,0,0,99,1,0,20,False,True,0,0,53,41,30,3.82,AI is off,AI is off,AI is off,AI is off,Not paired,AI is off,0,0,0
1832000,6.6,0,1,0.35,0.21,0,0,99,1,0,20,False,True,0,0,55,43,33,3.82,AI is off,AI is off,AI is off,AI is off,Not paired,AI is off,0,0,0
1834000,6.5,0,1,0.35,0.21,0,0,99,1,0,20,False,True,0,0,55,42,32,3.82,AI is off,AI is off,AI is off,AI is off,Not paired,AI is off,0,0,0
1836000,6.1,0,1,0.34,0.21,0,0,99,1,0,20,False,True,0,0,52,40,29,3.82,AI is off,AI is off,AI is off,AI is off,Not paired,AI is off,0,0,0
1838000,6.2,0,1,0.33,0.21,0,0,99,1,0,20,False,True,0,0,52,40,29,3.82,AI is off,AI is off,AI is off,AI is off,Not paired,AI is off,0,0,0
1840000,6.5,0,1,0.34,0.21,0,0,99,1,0,20,False,True,0,0,52,39,29,3.82,AI is off,AI is off,AI is off,AI is off,Not paired,AI is off,0,0,0
1842000,6.9,0,1,0.35,0.21,0,0,99,1,0,20,False,True,0,0,52,39,30,3.82,AI is off,AI is off,AI is off,AI is off,Not paired,AI is off,0,0,0
1844000,7.5,0,1,0.36,0.21,0,0,99,1,0,20,False,True,0,0,52,38,29,3.82,AI is off,AI is off,AI is off,AI is off,Not paired,AI is off,0,0,0
1846000,7.6,0,1,0.37,0.21,0,0,99,1,0,20,False,True,0,0,54,42,32,3.82,AI is off,AI is off,AI is off,AI is off,Not paired,AI is off,0,0,0
1848000,7.4,0,1,0.36,0.21,0,0,99,1,0,20,False,True,0,0,58,45,34,3.82,AI is off,AI is off,AI is off,AI is off,Not paired,AI is off,0,0,0
1850000,7.4,0,1,0.36,0.21,0,0,99,1,0,20,False,True,0,0,55,43,32,3.82,AI is off,AI is off,AI is off,AI is off,Not paired,AI is off,0,0,0
1852000,7.7,0,1,0.36,0.21,0,0,99,1,0,20,False,True,0,0,53,40,29,3.82,AI is off,AI is off,AI is off,AI is off,Not paired,AI is off,0,0,0
1854000,8.3,0,1,0.38,0.21,0,0,99,1,0,20,False,True,0,0,53,40,28,3.82,AI is off,AI is off,AI is off,AI is off,Not paired,AI is off,0,0,0
1856000,8.7,0,1,0.39,0.21,0,0,99,1,0,20,False,True,0,0,54,42,31,3.82,AI is off,AI is off,AI is off,AI is off,Not paired,AI is off,0,0,0
1858000,8.8,0,1,0.39,0.21,0,0,99,1,0,20,False,True,0,0,55,42,31,3.82,AI is off,AI is off,AI is off,AI is off,Not paired,AI is off,0,0,0
1860000,9,0,1,0.39,0.21,0,0,99,1,0,20,False,True,0,0,51,40,29,3.82,AI is off,AI is off,AI is off,AI is off,Not paired,AI is off,0,0,0
1862000,8.900001,0,1,0.39,0.21,0,0,99,1,0,20,False,True,0,0,51,40,28,3.82,AI is off,AI is off,AI is off,AI is off,Not paired,AI is off,0,0,0
1864000,8.7,0,1,0.39,0.21,0,0,99,1,0,20,False,True,0,0,51,40,30,3.82,AI is off,AI is off,AI is off,AI is off,Not paired,AI is off,0,0,0
1866000,8.400001,0,1,0.38,0.21,0,0,99,1,0,20,False,True,0,0,51,40,29,3.82,AI is off,AI is off,AI is off,AI is off,Not paired,AI is off,0,0,0
1868000,8.400001,0,1,0.38,0.21,0,0,99,1,0,20,False,True,0,0,51,40,29,3.82,AI is off,AI is off,AI is off,AI is off,Not paired,AI is off,0,0,0
1870000,8.400001,0,1,0.38,0.21,0,0,99,1,0,20,False,True,0,0,53,39,30,3.82,AI is off,AI is off,AI is off,AI is off,Not paired,AI is off,0,0,0
1872000,8.400001,0,1,0.38,0.21,0,0,99,1,0,20,False,True,0,0,51,39,27,3.82,AI is off,AI is off,AI is off,AI is off,Not paired,AI is off,0,0,0
1874000,8.2,0,1,0.38,0.21,0,0,99,1,0,20,False,True,0,0,52,40,29,3.82,AI is off,AI is off,AI is off,AI is off,Not paired,AI is off,0,0,0
1876000,8.1,0,1,0.38,0.21,0,0,99,1,0,20,False,True,0,0,52,39,29,3.82,AI is off,AI is off,AI is off,AI is off,Not paired,AI is off,0,0,0
1878000,8,0,1,0.37,0.21,0,0,99,1,0,20,False,True,0,0,54,42,31,3.82,AI is off,AI is off,AI is off,AI is off,Not paired,AI is off,0,0,0
1880000,8.2,0,1,0.38,0.21,0,0,99,1,0,20,False,True,0,0,52,40,30,3.82,AI is off,AI is off,AI is off,AI is off,Not paired,AI is off,0,0,0
1882000,7.8,0,1,0.37,0.21,0,0,99,1,0,20,False,True,0,0,55,41,33,3.82,AI is off,AI is off,AI is off,AI is off,Not paired,AI is off,0,0,0
1884000,7.8,0,1,0.37,0.21,0,0,99,1,0,20,False,True,0,0,54,42,31,3.82,AI is off,AI is off,AI is off,AI is off,Not paired,AI is off,0,0,0
1886000,7.6,0,1,0.37,0.21,0,0,99,1,0,20,False,True,0,0,55,42,33,3.82,AI is off,AI is off,AI is off,AI is off,Not paired,AI is off,0,0,0
1888000,7.8,0,1,0.37,0.21,0,0,99,1,0,20,False,True,0,0,52,39,29,3.82,AI is off,AI is off,AI is off,AI is off,Not paired,AI is off,0,0,0
1890000,7.7,0,1,0.37,0.21,0,0,99,1,0,20,False,True,0,0,52,39,29,3.82,AI is off,AI is off,AI is off,AI is off,Not paired,AI is off,0,0,0
1892000,7.5,0,1,0.36,0.21,0,0,99,1,0,20,False,True,0,0,53,40,29,3.82,AI is off,AI is off,AI is off,AI is off,Not paired,AI is off,0,0,0
1894000,7.4,0,1,0.36,0.21,0,0,99,1,0,20,False,True,0,0,53,40,30,3.82,AI is off,AI is off,AI is off,AI is off,Not paired,AI is off,0,0,0
1896000,7.4,0,1,0.36,0.21,0,0,99,1,0,20,False,True,0,0,53,40,30,3.82,AI is off,AI is off,AI is off,AI is off,Not paired,AI is off,0,0,0
1898000,7.4,0,1,0.36,0.21,0,0,99,1,0,20,False,True,0,0,51,39,28,3.82,AI is off,AI is off,AI is off,AI is off,Not paired,AI is off,0,0,0
1900000,7.2,0,1,0.36,0.21,0,0,99,1,0,20,False,True,0,0,52,39,28,3.82,AI is off,AI is off,AI is off,AI is off,Not paired,AI is off,0,0,0
1902000,7.2,0,1,0.36,0.21,0,0,99,1,0,20,False,True,0,0,51,40,29,3.82,AI is off,AI is off,AI is off,AI is off,Not paired,AI is off,0,0,0
1904000,7.2,0,1,0.36,0.21,0,0,99,1,0,20,False,True,0,0,51,38,27,3.82,AI is off,AI is off,AI is off,AI is off,Not paired,AI is off,0,0,0
1906000,7.2,0,1,0.36,0.21,0,0,99,1,0,20,False,True,0,0,51,40,29,3.82,AI is off,AI is off,AI is off,AI is off,Not paired,AI is off,0,0,0
1908000,7.1,0,1,0.36,0.21,0,0,99,1,0,20,False,True,0,0,51,40,29,3.82,AI is off,AI is off,AI is off,AI is off,Not paired,AI is off,0,0,0
1910000,7.1,0,1,0.35,0.21,0,0,99,1,0,20,False,True,0,0,51,39,28,3.82,AI is off,AI is off,AI is off,AI is off,Not paired,AI is off,0,0,0
1912000,7.2,0,1,0.36,0.21,0,0,99,1,0,20,False,True,0,0,51,39,29,3.82,AI is off,AI is off,AI is off,AI is off,Not paired,AI is off,0,0,0
1914000,7.4,0,1,0.36,0.21,0,0,99,1,0,20,False,True,0,0,51,40,29,3.82,AI is off,AI is off,AI is off,AI is off,Not paired,AI is off,0,0,0
1916000,7.4,0,1,0.36,0.21,0,0,99,1,0,20,False,True,0,0,51,40,28,3.82,AI is off,AI is off,AI is off,AI is off,Not paired,AI is off,0,0,0
1918000,7.6,0,1,0.36,0.21,0,0,99,1,0,20,False,True,0,0,52,40,29,3.82,AI is off,AI is off,AI is off,AI is off,Not paired,AI is off,0,0,0
1920000,7.6,0,1,0.37,0.21,0,0,99,1,0,20,False,True,0,0,51,39,28,3.82,AI is off,AI is off,AI is off,AI is off,Not paired,AI is off,0,0,0
1922000,7.7,0,1,0.37,0.21,0,0,99,1,0,20,False,True,0,0,51,39,27,3.82,AI is off,AI is off,AI is off,AI is off,Not paired,AI is off,0,0,0
1924000,7.7,0,1,0.37,0.21,0,0,99,1,0,20,False,True,0,0,51,39,28,3.82,AI is off,AI is off,AI is off,AI is off,Not paired,AI is off,0,0,0
1926000,7.7,0,1,0.37,0.21,0,0,99,1,0,20,False,True,0,0,51,38,27,3.82,AI is off,AI is off,AI is off,AI is off,Not paired,AI is off,0,0,0
1928000,7.6,0,1,0.37,0.21,0,0,99,1,0,20,False,True,0,0,51,39,29,3.82,AI is off,AI is off,AI is off,AI is off,Not paired,AI is off,0,0,0
1930000,7.8,0,1,0.37,0.21,0,0,99,1,0,20,False,True,0,0,51,38,28,3.82,AI is off,AI is off,AI is off,AI is off,Not paired,AI is off,0,0,0
1932000,7.7,0,1,0.37,0.21,0,0,99,1,0,20,False,True,0,0,51,39,28,3.82,AI is off,AI is off,AI is off,AI is off,Not paired,AI is off,0,0,0
1934000,7.8,0,1,0.37,0.21,0,0,99,1,0,20,False,True,0,0,51,39,29,3.82,AI is off,AI is off,AI is off,AI is off,Not paired,AI is off,0,0,0
1936000,7.7,0,1,0.37,0.21,0,0,99,1,0,20,False,True,0,0,52,39,29,3.82,AI is off,AI is off,AI is off,AI is off,Not paired,AI is off,0,0,0
1938000,7.6,0,1,0.37,0.21,0,0,99,1,0,20,False,True,0,0,51,39,29,3.82,AI is off,AI is off,AI is off,AI is off,Not paired,AI is off,0,0,0
1940000,7.5,0,1,0.36,0.21,0,0,99,1,0,20,False,True,0,0,52,39,29,3.82,AI is off,AI is off,AI is off,AI is off,Not paired,AI is off,0,0,0
1942000,7.4,0,1,0.36,0.21,0,0,99,1,0,20,False,True,0,0,51,39,28,3.82,AI is off,AI is off,AI is off,AI is off,Not paired,AI is off,0,0,0
1944000,7.4,0,1,0.36,0.21,0,0,99,1,0,20,False,True,0,0,51,39,27,3.82,AI is off,AI is off,AI is off,AI is off,Not paired,AI is off,0,0,0
1946000,7.3,0,1,0.36,0.21,0,0,99,1,0,20,False,True,0,0,53,40,30,3.82,AI is off,AI is off,AI is off,AI is off,Not paired,AI is off,0,0,0
1948000,7.3,0,1,0.36,0.21,0,0,99,1,0,20,False,True,0,0,51,39,28,3.82,AI is off,AI is off,AI is off,AI is off,Not paired,AI is off,0,0,0
1950000,7.3,0,1,0.36,0.21,0,0,99,1,0,20,False,True,0,0,52,40,28,3.82,AI is off,AI is off,AI is off,AI is off,Not paired,AI is off,0,0,0
1952000,7.4,0,1,0.36,0.21,0,0,99,1,0,20,False,True,0,0,52,40,28,3.82,AI is off,AI is off,AI is off,AI is off,Not paired,AI is off,0,0,0
1954000,7.2,0,1,0.36,0.21,0,0,99,1,0,20,False,True,0,0,51,40,28,3.82,AI is off,AI is off,AI is off,AI is off,Not paired,AI is off,0,0,0
1956000,7.1,0,1,0.36,0.21,0,0,99,1,0,20,False,True,0,0,54,42,31,3.82,AI is off,AI is off,AI is off,AI is off,Not paired,AI is off,0,0,0
1958000,7.1,0,1,0.36,0.21,0,0,99,1,0,20,False,True,0,0,52,39,28,3.82,AI is off,AI is off,AI is off,AI is off,Not paired,AI is off,0,0,0
1960000,7.2,0,1,0.36,0.21,0,0,99,1,0,20,False,True,0,0,51,39,29,3.82,AI is off,AI is off,AI is off,AI is off,Not paired,AI is off,0,0,0
1962000,7.4,0,1,0.36,0.21,0,0,99,1,0,20,False,True,0,0,52,40,29,3.82,AI is off,AI is off,AI is off,AI is off,Not paired,AI is off,0,0,0
1964000,7.6,0,1,0.36,0.21,0,0,99,1,0,20,False,True,0,0,51,39,29,3.82,AI is off,AI is off,AI is off,AI is off,Not paired,AI is off,0,0,0
1966000,7.5,0,1,0.36,0.21,0,0,99,1,0,20,False,True,0,0,54,42,31,3.82,AI is off,AI is off,AI is off,AI is off,Not paired,AI is off,0,0,0
1968000,7.4,0,1,0.36,0.21,0,0,99,1,0,20,False,True,0,0,50,39,26,3.82,AI is off,AI is off,AI is off,AI is off,Not paired,AI is off,0,0,0
1970000,7.2,0,1,0.36,0.21,0,0,99,1,0,20,False,True,0,0,51,39,28,3.82,AI is off,AI is off,AI is off,AI is off,Not paired,AI is off,0,0,0
1972000,7.2,0,1,0.36,0.21,0,0,99,1,0,20,False,True,0,0,52,40,30,3.82,AI is off,AI is off,AI is off,AI is off,Not paired,AI is off,0,0,0
1974000,7.3,0,1,0.36,0.21,0,0,99,1,0,20,False,True,0,0,52,40,29,3.82,AI is off,AI is off,AI is off,AI is off,Not paired,AI is off,0,0,0
1976000,7.3,0,1,0.36,0.21,0,0,99,1,0,20,False,True,0,0,53,41,31,3.82,AI is off,AI is off,AI is off,AI is off,Not paired,AI is off,0,0,0
1978000,7.2,0,1,0.36,0.21,0,0,99,1,0,20,False,True,0,0,52,39,29,3.82,AI is off,AI is off,AI is off,AI is off,Not paired,AI is off,0,0,0
1980000,7.2,0,1,0.36,0.21,0,0,99,1,0,20,False,True,0,0,51,39,28,3.82,AI is off,AI is off,AI is off,AI is off,Not paired,AI is off,0,0,0
1982000,7.1,0,1,0.36,0.21,0,0,99,1,0,20,False,True,0,0,51,40,29,3.82,AI is off,AI is off,AI is off,AI is off,Not paired,AI is off,0,0,0
1984000,7,0,1,0.35,0.21,0,0,99,1,0,20,False,True,0,0,51,39,29,3.82,AI is off,AI is off,AI is off,AI is off,Not paired,AI is off,0,0,0
1986000,6.9,0,1,0.35,0.21,0,0,99,1,0,20,False,True,0,0,52,40,30,3.82,AI is off,AI is off,AI is off,AI is off,Not paired,AI is off,0,0,0
1988000,6.9,0,1,0.35,0.21,0,0,99,1,0,20,False,True,0,0,53,42,31,3.82,AI is off,AI is off,AI is off,AI is off,Not paired,AI is off,0,0,0
1990000,6.8,0,1,0.35,0.21,0,0,99,1,0,20,False,True,0,0,54,41,31,3.82,AI is off,AI is off,AI is off,AI is off,Not paired,AI is off,0,0,0
1992000,6.7,0,1,0.35,0.21,0,0,99,1,0,20,False,True,0,0,52,39,28,3.82,AI is off,AI is off,AI is off,AI is off,Not paired,AI is off,0,0,0
1994000,6.7,0,1,0.35,0.21,0,0,99,1,0,20,False,True,0,0,52,40,29,3.82,AI is off,AI is off,AI is off,AI is off,Not paired,AI is off,0,0,0
1996000,6.5,0,1,0.34,0.21,0,0,99,1,0,20,False,True,0,0,50,38,26,3.82,AI is off,AI is off,AI is off,AI is off,Not paired,AI is off,0,0,0
1998000,6.4,0,1,0.34,0.21,0,0,99,1,0,20,False,True,0,0,51,39,28,3.82,AI is off,AI is off,AI is off,AI is off,Not paired,AI is off,0,0,0
2000000,6.2,0,1,0.34,0.21,0,0,99,1,0,20,False,True,0,0,51,39,28,3.82,AI is off,AI is off,AI is off,AI is off,Not paired,AI is off,0,0,0
2002000,6,0,1,0.33,0.21,0,0,99,1,0,20,False,True,0,0,51,39,28,3.82,AI is off,AI is off,AI is off,AI is off,Not paired,AI is off,0,0,0
2004000,5.7,0,1,0.33,0.21,0,0,99,1,0,20,False,True,0,0,51,40,29,3.82,AI is off,AI is off,AI is off,AI is off,Not paired,AI is off,0,0,0
2006000,5.5,0,1,0.32,0.21,0,0,99,1,0,20,False,True,0,0,52,40,29,3.82,AI is off,AI is off,AI is off,AI is off,Not paired,AI is off,0,0,0
2008000,5.1,0,1,0.32,0.21,0,0,99,1,0,20,False,True,0,0,54,40,31,3.82,AI is off,AI is off,AI is off,AI is off,Not paired,AI is off,0,0,0
2010000,5,0,1,0.31,0.21,0,0,99,1,0,20,False,True,0,0,54,39,31,3.82,AI is off,AI is off,AI is off,AI is off,Not paired,AI is off,0,0,0
2012000,4.8,0,1,0.31,0.21,0,0,99,1,0,20,False,True,0,0,53,40,29,3.82,AI is off,AI is off,AI is off,AI is off,Not paired,AI is off,0,0,0
2014000,4.8,0,1,0.31,0.21,0,0,99,1,0,20,False,True,0,0,54,40,31,3.82,AI is off,AI is off,AI is off,AI is off,Not paired,AI is off,0,0,0
2016000,4.6,0,1,0.3,0.21,0,0,99,1,0,20,False,True,0,0,54,39,30,3.82,AI is off,AI is off,AI is off,AI is off,Not paired,AI is off,0,0,0
2018000,4.4,0,1,0.3,0.21,0,0,99,1,0,20,False,True,0,0,51,39,28,3.82,AI is off,AI is off,AI is off,AI is off,Not paired,AI is off,0,0,0
2020000,4.2,0,1,0.29,0.21,0,0,99,1,0,20,False,True,0,0,53,39,28,3.82,AI is off,AI is off,AI is off,AI is off,Not paired,AI is off,0,0,0
2022000,4.1,0,1,0.29,0.21,0,0,99,1,0,21,False,True,0,0,52,38,27,3.82,AI is off,AI is off,AI is off,AI is off,Not paired,AI is off,0,0,0
2024000,4,0,1,0.29,0.21,0,0,99,1,0,21,False,True,0,0,54,42,32,3.82,AI is off,AI is off,AI is off,AI is off,Not paired,AI is off,0,0,0
2026000,3.9,0,1,0.29,0.21,0,0,99,1,0,21,False,True,0,0,52,39,29,3.82,AI is off,AI is off,AI is off,AI is off,Not paired,AI is off,0,0,0
2028000,3.8,0,1,0.29,0.21,0,0,99,1,0,21,False,True,0,0,51,38,28,3.82,AI is off,AI is off,AI is off,AI is off,Not paired,AI is off,0,0,0
2030000,3.8,0,1,0.29,0.21,0,0,99,1,0,21,False,True,0,0,51,38,27,3.82,AI is off,AI is off,AI is off,AI is off,Not paired,AI is off,0,0,0
2032000,3.8,0,1,0.29,0.21,0,0,99,1,0,21,False,True,0,0,53,39,28,3.82,AI is off,AI is off,AI is off,AI is off,Not paired,AI is off,0,0,0
2034000,3.9,0,1,0.29,0.21,0,0,99,1,0,21,False,True,0,0,54,40,30,3.82,AI is off,AI is off,AI is off,AI is off,Not paired,AI is off,0,0,0
2036000,4,0,1,0.29,0.21,0,0,99,1,0,21,False,True,0,0,56,43,30,3.82,AI is off,AI is off,AI is off,AI is off,Not paired,AI is off,0,0,0
2038000,4.3,0,1,0.3,0.21,0,0,99,1,0,21,False,True,0,0,54,40,30,3.82,AI is off,AI is off,AI is off,AI is off,Not paired,AI is off,0,0,0
2040000,4.7,0,1,0.3,0.21,0,0,99,1,0,21,False,True,0,0,54,41,30,3.82,AI is off,AI is off,AI is off,AI is off,Not paired,AI is off,0,0,0
2042000,5.1,0,1,0.31,0.21,0,0,99,1,0,21,False,True,0,0,53,40,29,3.82,AI is off,AI is off,AI is off,AI is off,Not paired,AI is off,0,0,0
2044000,5.3,0,1,0.32,0.21,0,0,99,1,0,21,False,True,0,0,54,40,31,3.82,AI is off,AI is off,AI is off,AI is off,Not paired,AI is off,0,0,0
2046000,5.4,0,1,0.32,0.21,0,0,99,1,0,21,False,True,0,0,52,40,29,3.82,AI is off,AI is off,AI is off,AI is off,Not paired,AI is off,0,0,0
2048000,5.3,0,1,0.32,0.21,0,0,99,1,0,21,False,True,0,0,52,40,29,3.82,AI is off,AI is off,AI is off,AI is off,Not paired,AI is off,0,0,0
2050000,5.1,0,1,0.31,0.21,0,0,99,1,0,21,False,True,0,0,51,39,29,3.82,AI is off,AI is off,AI is off,AI is off,Not paired,AI is off,0,0,0
2052000,5,0,1,0.31,0.21,0,0,99,1,0,21,False,True,0,0,54,42,32,3.82,AI is off,AI is off,AI is off,AI is off,Not paired,AI is off,0,0,0
2054000,5,0,1,0.31,0.21,0,0,99,1,0,21,False,True,0,0,54,40,29,3.82,AI is off,AI is off,AI is off,AI is off,Not paired,AI is off,0,0,0
2056000,4.9,0,1,0.31,0.21,0,0,99,1,0,21,False,True,0,0,53,39,29,3.82,AI is off,AI is off,AI is off,AI is off,Not paired,AI is off,0,0,0
2058000,4.9,0,1,0.31,0.21,0,0,99,1,0,21,False,True,0,0,52,39,29,3.82,AI is off,AI is off,AI is off,AI is off,Not paired,AI is off,0,0,0
2060000,5,0,1,0.31,0.21,0,0,99,1,0,21,False,True,0,0,53,41,31,3.82,AI is off,AI is off,AI is off,AI is off,Not paired,AI is off,0,0,0
2062000,5.1,0,1,0.31,0.21,0,0,99,1,0,21,False,True,0,0,53,41,30,3.82,AI is off,AI is off,AI is off,AI is off,Not paired,AI is off,0,0,0
2064000,5.1,0,1,0.31,0.21,0,0,99,1,0,21,False,True,0,0,53,41,30,3.82,AI is off,AI is off,AI is off,AI is off,Not paired,AI is off,0,0,0
2066000,5.1,0,1,0.31,0.21,0,0,99,1,0,21,False,True,0,0,53,39,28,3.82,AI is off,AI is off,AI is off,AI is off,Not paired,AI is off,0,0,0
2068000,5.5,0,1,0.32,0.21,0,0,99,1,0,21,False,True,0,0,51,40,28,3.81,AI is off,AI is off,AI is off,AI is off,Not paired,AI is off,0,0,0
2070000,5.4,0,1,0.32,0.21,0,0,99,1,0,21,False,True,0,0,53,40,29,3.82,AI is off,AI is off,AI is off,AI is off,Not paired,AI is off,0,0,0
2072000,5.3,0,1,0.32,0.21,0,0,99,1,0,21,False,True,0,0,53,41,30,3.82,AI is off,AI is off,AI is off,AI is off,Not paired,AI is off,0,0,0
2074000,5.2,0,1,0.32,0.21,0,0,99,1,0,21,False,True,0,0,51,39,27,3.82,AI is off,AI is off,AI is off,AI is off,Not paired,AI is off,0,0,0
2076000,5.1,0,1,0.31,0.21,0,0,99,1,0,21,False,True,0,0,52,40,30,3.82,AI is off,AI is off,AI is off,AI is off,Not paired,AI is off,0,0,0
2078000,4.9,0,1,0.31,0.21,0,0,99,1,0,21,False,True,0,0,56,44,34,3.82,AI is off,AI is off,AI is off,AI is off,Not paired,AI is off,0,0,0
2080000,5,0,1,0.31,0.21,0,0,99,1,0,21,False,True,0,0,55,41,30,3.82,AI is off,AI is off,AI is off,AI is off,Not paired,AI is off,0,0,0
2082000,5,0,1,0.31,0.21,0,0,99,1,0,21,False,True,0,0,52,38,27,3.82,AI is off,AI is off,AI is off,AI is off,Not paired,AI is off,0,0,0
2084000,4.8,0,1,0.31,0.21,0,0,99,1,0,21,False,True,0,0,56,41,30,3.82,AI is off,AI is off,AI is off,AI is off,Not paired,AI is off,0,0,0
2086000,4.4,0,1,0.3,0.21,0,0,99,1,0,22,False,True,0,0,54,41,30,3.82,AI is off,AI is off,AI is off,AI is off,Not paired,AI is off,0,0,0
2088000,4.3,0,1,0.3,0.21,0,0,99,1,0,22,False,True,0,0,54,41,30,3.82,AI is off,AI is off,AI is off,AI is off,Not paired,AI is off,0,0,0
2090000,4.4,0,1,0.3,0.21,0,0,99,1,0,22,False,True,0,0,53,39,30,3.82,AI is off,AI is off,AI is off,AI is off,Not paired,AI is off,0,0,0
2092000,4.5,0,1,0.3,0.21,0,0,99,1,0,22,False,True,0,0,53,39,28,3.82,AI is off,AI is off,AI is off,AI is off,Not paired,AI is off,0,0,0
2094000,4.4,0,1,0.3,0.21,0,0,99,1,0,22,False,True,0,0,57,44,34,3.82,AI is off,AI is off,AI is off,AI is off,Not paired,AI is off,0,0,0
2096000,4.3,0,1,0.3,0.21,0,0,99,1,0,22,False,True,0,0,56,43,32,3.82,AI is off,AI is off,AI is off,AI is off,Not paired,AI is off,0,0,0
2098000,4.4,0,1,0.3,0.21,0,0,99,1,0,22,False,True,0,0,55,43,32,3.82,AI is off,AI is off,AI is off,AI is off,Not paired,AI is off,0,0,0
2100000,4.5,0,1,0.3,0.21,0,0,99,1,0,22,False,True,0,0,55,41,29,3.82,AI is off,AI is off,AI is off,AI is off,Not paired,AI is off,0,0,0
2102000,4.7,0,1,0.3,0.21,0,0,99,1,0,22,False,True,0,0,54,40,30,3.82,AI is off,AI is off,AI is off,AI is off,Not paired,AI is off,0,0,0
2104000,4.8,0,1,0.31,0.21,0,0,99,1,0,22,False,True,0,0,55,42,32,3.82,AI is off,AI is off,AI is off,AI is off,Not paired,AI is off,0,0,0
2106000,4.8,0,1,0.31,0.21,0,0,99,1,0,22,False,True,0,0,55,41,30,3.82,AI is off,AI is off,AI is off,AI is off,Not paired,AI is off,0,0,0
2108000,4.7,0,1,0.3,0.21,0,0,99,1,0,22,False,True,0,0,53,40,29,3.82,AI is off,AI is off,AI is off,AI is off,Not paired,AI is off,0,0,0
2110000,4.6,0,1,0.3,0.21,0,0,99,1,0,22,False,True,0,0,50,39,26,3.82,AI is off,AI is off,AI is off,AI is off,Not paired,AI is off,0,0,0
2112000,4.5,0,1,0.3,0.21,0,0,99,1,0,22,False,True,0,0,51,39,27,3.82,AI is off,AI is off,AI is off,AI is off,Not paired,AI is off,0,0,0
2114000,4.2,0,1,0.3,0.21,0,0,99,1,0,22,False,True,0,0,55,41,30,3.82,AI is off,AI is off,AI is off,AI is off,Not paired,AI is off,0,0,0
2116000,4,0,1,0.29,0.21,0,0,99,1,0,22,False,True,0,0,54,40,29,3.82,AI is off,AI is off,AI is off,AI is off,Not paired,AI is off,0,0,0
2118000,3.7,0,1,0.28,0.21,0,0,99,1,0,22,False,True,0,0,57,44,33,3.82,AI is off,AI is off,AI is off,AI is off,Not paired,AI is off,0,0,0
2120000,3.6,0,1,0.28,0.21,0,0,99,1,0,22,False,True,0,0,59,45,34,3.82,AI is off,AI is off,AI is off,AI is off,Not paired,AI is off,0,0,0
2122000,3.6,0,1,0.28,0.21,0,0,99,1,0,23,False,True,0,0,54,40,30,3.82,AI is off,AI is off,AI is off,AI is off,Not paired,AI is off,0,0,0
2124000,3.6,0,1,0.28,0.21,0,0,99,1,0,23,False,True,0,0,57,45,33,3.82,AI is off,AI is off,AI is off,AI is off,Not paired,AI is off,0,0,0
2126000,3.6,0,1,0.28,0.21,0,0,99,1,0,23,False,True,0,0,61,45,34,3.82,AI is off,AI is off,AI is off,AI is off,Not paired,AI is off,0,0,0
2128000,3.6,0,1,0.28,0.21,0,0,99,1,0,23,False,True,0,0,61,45,34,3.82,AI is off,AI is off,AI is off,AI is off,Not paired,AI is off,0,0,0
2130000,3.7,0,1,0.28,0.21,0,0,99,1,0,23,False,True,0,0,57,44,32,3.81,AI is off,AI is off,AI is off,AI is off,Not paired,AI is off,0,0,0
2132000,3.6,0,1,0.28,0.21,0,0,99,1,0,23,False,True,0,0,57,44,33,3.81,AI is off,AI is off,AI is off,AI is off,Not paired,AI is off,0,0,0
2134000,3.6,0,1,0.28,0.21,0,0,99,1,0,23,False,True,0,0,55,41,32,3.81,AI is off,AI is off,AI is off,AI is off,Not paired,AI is off,0,0,0
2136000,3.6,0,1,0.28,0.21,0,0,99,1,0,23,False,True,0,0,59,45,35,3.81,AI is off,AI is off,AI is off,AI is off,Not paired,AI is off,0,0,0
2138000,3.6,0,1,0.28,0.21,0,0,99,1,0,23,False,True,0,0,54,40,30,3.82,AI is off,AI is off,AI is off,AI is off,Not paired,AI is off,0,0,0
2140000,3.8,0,1,0.29,0.21,0,0,99,1,0,23,False,True,0,0,53,40,29,3.82,AI is off,AI is off,AI is off,AI is off,Not paired,AI is off,0,0,0
2142000,4.1,0,1,0.29,0.21,0,0,99,1,0,23,False,True,0,0,54,40,30,3.82,AI is off,AI is off,AI is off,AI is off,Not paired,AI is off,0,0,0
2144000,4.1,0,1,0.29,0.21,0,0,99,1,0,23,False,True,0,0,54,41,31,3.82,AI is off,AI is off,AI is off,AI is off,Not paired,AI is off,0,0,0
2146000,4.4,0,1,0.3,0.21,0,0,99,1,0,23,False,True,0,0,53,39,28,3.82,AI is off,AI is off,AI is off,AI is off,Not paired,AI is off,0,0,0
2148000,4.4,0,1,0.3,0.21,0,0,99,1,0,23,False,True,0,0,53,41,31,3.82,AI is off,AI is off,AI is off,AI is off,Not paired,AI is off,0,0,0
2150000,4.4,0,1,0.3,0.21,0,0,99,1,0,23,False,True,0,0,53,41,30,3.82,AI is off,AI is off,AI is off,AI is off,Not paired,AI is off,0,0,0
2152000,4.4,0,1,0.3,0.21,0,0,99,1,0,23,False,True,0,0,53,41,30,3.82,AI is off,AI is off,AI is off,AI is off,Not paired,AI is off,0,0,0
2154000,4.3,0,1,0.3,0.21,0,0,99,1,0,23,False,True,0,0,53,41,31,3.82,AI is off,AI is off,AI is off,AI is off,Not paired,AI is off,0,0,0
2156000,4.3,0,1,0.3,0.21,0,0,99,1,0,23,False,True,0,0,53,41,31,3.82,AI is off,AI is off,AI is off,AI is off,Not paired,AI is off,0,0,0
2158000,4.6,0,1,0.3,0.21,0,0,99,1,0,23,False,True,0,0,52,40,28,3.82,AI is off,AI is off,AI is off,AI is off,Not paired,AI is off,0,0,0
2160000,4.9,0,1,0.31,0.21,0,0,99,1,0,24,False,True,0,0,51,39,29,3.81,AI is off,AI is off,AI is off,AI is off,Not paired,AI is off,0,0,0
2162000,5.2,0,1,0.31,0.21,0,0,99,1,0,24,False,True,0,0,51,39,28,3.81,AI is off,AI is off,AI is off,AI is off,Not paired,AI is off,0,0,0
2164000,5.7,0,1,0.32,0.21,0,0,99,1,0,24,False,True,0,0,52,40,30,3.81,AI is off,AI is off,AI is off,AI is off,Not paired,AI is off,0,0,0
2166000,6.1,0,1,0.33,0.21,0,0,99,1,0,24,False,True,0,0,51,39,28,3.81,AI is off,AI is off,AI is off,AI is off,Not paired,AI is off,0,0,0
2168000,6.2,0,1,0.34,0.21,0,0,99,1,0,24,False,True,0,0,52,40,29,3.82,AI is off,AI is off,AI is off,AI is off,Not paired,AI is off,0,0,0
2170000,6.1,0,1,0.33,0.21,0,0,99,1,0,24,False,True,0,0,52,40,28,3.82,AI is off,AI is off,AI is off,AI is off,Not paired,AI is off,0,0,0
2172000,5.7,0,1,0.33,0.21,0,0,99,1,0,24,False,True,0,0,52,40,29,3.82,AI is off,AI is off,AI is off,AI is off,Not paired,AI is off,0,0,0
2174000,5.3,0,1,0.32,0.21,0,0,99,1,0,24,False,True,0,0,52,39,30,3.81,AI is off,AI is off,AI is off,AI is off,Not paired,AI is off,0,0,0
2176000,4.8,0,1,0.31,0.21,0,0,99,1,0,24,False,True,0,0,51,39,28,3.81,AI is off,AI is off,AI is off,AI is off,Not paired,AI is off,0,0,0
2178000,4.7,0,1,0.31,0.21,0,0,99,1,0,24,False,True,0,0,50,39,27,3.81,AI is off,AI is off,AI is off,AI is off,Not paired,AI is off,0,0,0
2180000,4.5,0,1,0.3,0.21,0,0,99,1,0,24,False,True,0,0,52,40,29,3.81,AI is off,AI is off,AI is off,AI is off,Not paired,AI is off,0,0,0
2182000,4.6,0,1,0.3,0.21,0,0,99,1,0,24,False,True,0,0,52,40,29,3.82,AI is off,AI is off,AI is off,AI is off,Not paired,AI is off,0,0,0
2184000,4.5,0,1,0.3,0.21,0,0,99,1,0,24,False,True,0,0,50,38,27,3.82,AI is off,AI is off,AI is off,AI is off,Not paired,AI is off,0,0,0
2186000,4.4,0,1,0.3,0.21,0,0,99,1,0,24,False,True,0,0,53,41,30,3.81,AI is off,AI is off,AI is off,AI is off,Not paired,AI is off,0,0,0
2188000,4.4,0,1,0.3,0.21,0,0,99,1,0,24,False,True,0,0,59,44,33,3.81,AI is off,AI is off,AI is off,AI is off,Not paired,AI is off,0,0,0
2190000,4.3,0,1,0.3,0.21,0,0,99,1,0,24,False,True,0,0,55,43,33,3.81,AI is off,AI is off,AI is off,AI is off,Not paired,AI is off,0,0,0
2192000,4.1,0,1,0.29,0.21,0,0,99,1,0,24,False,True,0,0,52,40,29,3.82,AI is off,AI is off,AI is off,AI is off,Not paired,AI is off,0,0,0
2194000,3.7,0,1,0.29,0.21,0,0,99,1,0,24,False,True,0,0,50,38,27,3.82,AI is off,AI is off,AI is off,AI is off,Not paired,AI is off,0,0,0
2196000,3.4,0,1,0.28,0.21,0,0,99,1,0,24,False,True,0,0,53,40,30,3.82,AI is off,AI is off,AI is off,AI is off,Not paired,AI is off,0,0,0
2198000,3.1,0,1,0.27,0.21,0,0,99,1,0,24,False,True,0,0,55,42,32,3.82,AI is off,AI is off,AI is off,AI is off,Not paired,AI is off,0,0,0
2200000,2.7,0,1,0.26,0.21,0,0,99,1,0,24,False,True,0,0,51,39,27,3.82,AI is off,AI is off,AI is off,AI is off,Not paired,AI is off,0,0,0
2202000,2.4,0,1,0.26,0.21,0,0,99,1,0,24,False,True,0,0,51,39,28,3.82,AI is off,AI is off,AI is off,AI is off,Not paired,AI is off,0,0,0
2204000,2.1,0,1,0.25,0.21,0,0,99,1,0,24,False,True,0,0,52,40,28,3.82,AI is off,AI is off,AI is off,AI is off,Not paired,AI is off,0,0,0
2206000,1.8,0,1,0.25,0.21,0,0,99,1,0,24,False,True,0,0,54,42,32,3.82,AI is off,AI is off,AI is off,AI is off,Not paired,AI is off,0,0,0
2208000,1.3,0,1,0.24,0.21,0,0,99,1,0,24,False,True,0,0,52,40,28,3.82,AI is off,AI is off,AI is off,AI is off,Not paired,AI is off,0,0,0
2210000,0,0,1,0.22,0.21,0,0,99,1,0,25,False,True,0,0,53,41,31,3.82,AI is off,AI is off,AI is off,AI is off,Not paired,AI is off,0,0,0
2212000,0,0,1,0.21,0.21,0,0,99,1,0,25,False,True,0,0,53,41,31,3.82,AI is off,AI is off,AI is off,AI is off,Not paired,AI is off,0,0,0
2214000,0,0,1,0.22,0.21,0,0,99,1,0,25,False,True,0,0,52,39,28,3.82,AI is off,AI is off,AI is off,AI is off,Not paired,AI is off,0,0,0
2216000,0,0,0,0.22,0.21,0,0,99,1,0,25,False,True,0,0,53,40,28,3.82,AI is off,AI is off,AI is off,AI is off,Not paired,AI is off,0,0,0
2218000,0,0,0,0.22,0.21,0,0,99,1,0,25,False,True,0,0,53,40,29,3.81,AI is off,AI is off,AI is off,AI is off,Not paired,AI is off,0,0,0
2220000,0,0,0,0.22,0.21,0,0,99,1,0,25,False,True,0,0,58,44,32,3.82,AI is off,AI is off,AI is off,AI is off,Not paired,AI is off,0,0,0
2222000,0,0,0,0.22,0.21,0,0,99,1,0,25,False,True,0,0,51,40,31,3.82,AI is off,AI is off,AI is off,AI is off,Not paired,AI is off,0,0,0
2224000,0,0,0,0.22,0.21,0,0,99,1,0,25,False,True,0,0,53,39,30,3.81,AI is off,AI is off,AI is off,AI is off,Not paired,AI is off,0,0,0
2226000,0,0,0,0.22,0.21,0,0,99,1,0,25,False,True,0,0,63,49,37,3.81,AI is off,AI is off,AI is off,AI is off,Not paired,AI is off,0,0,0
2228000,0,0,0,0.22,0.21,0,0,99,1,0,25,False,True,0,0,58,44,32,3.81,AI is off,AI is off,AI is off,AI is off,Not paired,AI is off,0,0,0
2230000,0,0,0,0.22,0.21,0,0,99,1,0,25,False,True,0,0,57,45,34,3.81,AI is off,AI is off,AI is off,AI is off,Not paired,AI is off,0,0,0
2232000,0,0,0,0.22,0.21,0,0,99,1,0,25,False,True,0,0,51,38,28,3.81,AI is off,AI is off,AI is off,AI is off,Not paired,AI is off,0,0,0
2234000,0,0,0,0.22,0.21,0,0,99,1,0,25,False,True,0,0,53,41,30,3.82,AI is off,AI is off,AI is off,AI is off,Not paired,AI is off,0,0,0
2236000,0,0,0,0.22,0.21,0,0,99,1,0,25,False,True,0,0,52,39,29,3.82,AI is off,AI is off,AI is off,AI is off,Not paired,AI is off,0,0,0
2238000,0,0,0,0.22,0.21,0,0,99,1,0,25,False,True,0,0,52,40,29,3.82,AI is off,AI is off,AI is off,AI is off,Not paired,AI is off,0,0,0
2240000,0,0,0,0.22,0.21,0,0,99,1,0,25,False,True,0,0,53,40,29,3.81,AI is off,AI is off,AI is off,AI is off,Not paired,AI is off,0,0,0
2242000,0,0,0,0.22,0.21,0,0,99,1,0,25,False,True,0,0,52,39,30,3.81,AI is off,AI is off,AI is off,AI is off,Not paired,AI is off,0,0,0
2244000,0,0,0,0.22,0.21,0,0,99,1,0,25,False,True,0,0,52,40,30,3.81,AI is off,AI is off,AI is off,AI is off,Not paired,AI is off,0,0,0
2246000,0,0,0,0.22,0.21,0,0,99,1,0,25,False,True,0,0,51,39,27,3.81,AI is off,AI is off,AI is off,AI is off,Not paired,AI is off,0,0,0
2248000,0,0,0,0.21,0.21,0,0,99,1,0,25,False,True,0,0,64,49,38,3.81,AI is off,AI is off,AI is off,AI is off,Not paired,AI is off,0,0,0
2250000,0,0,0,0.21,0.21,0,0,99,1,0,25,False,True,0,0,66,51,38,3.81,AI is off,AI is off,AI is off,AI is off,Not paired,AI is off,0,0,0
2252000,0,0,0,0.21,0.21,0,0,99,1,0,25,False,True,0,0,68,51,38,3.81,AI is off,AI is off,AI is off,AI is off,Not paired,AI is off,0,0,0
2254000,0,0,0,0.21,0.21,0,0,99,1,0,25,False,True,0,0,67,51,38,3.81,AI is off,AI is off,AI is off,AI is off,Not paired,AI is off,0,0,0
2256000,0,0,0,0.21,0.21,0,0,99,1,0,25,False,True,0,0,60,46,33,3.81,AI is off,AI is off,AI is off,AI is off,Not paired,AI is off,0,0,0
2258000,0,0,0,0.21,0.21,0,0,99,1,0,25,False,True,0,0,56,42,31,3.81,AI is off,AI is off,AI is off,AI is off,Not paired,AI is off,0,0,0
2260000,0,0,0,0.21,0.21,0,0,99,1,0,25,False,True,0,0,51,38,26,3.81,AI is off,AI is off,AI is off,AI is off,Not paired,AI is off,0,0,0
2262000,0,0,0,0.21,0.21,0,0,99,1,0,25,False,True,0,0,51,39,27,3.81,AI is off,AI is off,AI is off,AI is off,Not paired,AI is off,0,0,0
2264000,0,0,0,0.21,0.21,0,0,99,1,0,25,False,True,0,0,51,39,27,3.81,AI is off,AI is off,AI is off,AI is off,Not paired,AI is off,0,0,0
2266000,0,0,0,0.21,0.21,0,0,99,1,0,25,False,True,0,0,51,39,27,3.81,AI is off,AI is off,AI is off,AI is off,Not paired,AI is off,0,0,0
2268000,0,0,0,0.21,0.21,0,0,99,1,0,25,False,True,0,0,52,40,29,3.82,AI is off,AI is off,AI is off,AI is off,Not paired,AI is off,0,0,0