Dive Number,GF Minimum,GF Maximum,Surface Interval (min),Imperial Units,Start Battery Voltage,Start CNS %,Start Date,Start External O2 Sensor Status,Start Low Set Point,Start High Set Point,Computer Firmware Version,Max Depth,Max Time,Error History,End Battery Voltage,End CNS,End Date,End External O2 Sensor Status,End Low Set Point,End High Set Point,Computer Serial Number,Computer Firmware Version,Computer Model,Log Version,Deco Model,VPM-B Conservatism,Start Surface Pressure,End Surface Pressure,Product
130,40,85,117,False,3.8,1,8/1/2024 3:00:56 PM,False,0,1,86,9.400001,2301,,3.8,1,8/1/2024 3:39:12 PM,False,0,1,937B0677,86,2,13,GF,40/85,995,995,Peregrine
Time (ms),Depth,First Stop Depth,Time To Surface (min),Average PPO2,Fraction O2,Fraction He,First Stop Time,Current NDL,Current Circuit Mode,Current CCR Mode,Water Temp,Gas Switch Needed,External PPO2,Set Point Type,Circuit Switch Type,External O2 Sensor 1 (mV),External O2 Sensor 2 (mV),External O2 Sensor 3 (mV),Battery Voltage,Tank 1 pressure (PSI),Tank 2 pressure (PSI),Tank 3 pressure (PSI),Tank 4 pressure (PSI),Gas Time Remaining,SAC Rate (2 minute avg),Ascent Rate,Safe Ascent Depth,CO2mbar
0,4,0,1,0.28,0.21,0,0,0,1,0,28,False,True,0,0,52,38,28,3.83,AI is off,AI is off,AI is off,AI is off,Not paired,AI is off,0,0,0
2000,4.5,0,1,0.3,0.21,0,0,0,1,0,28,False,True,0,0,52,38,28,3.83,AI is off,AI is off,AI is off,AI is off,Not paired,AI is off,0,0,0
4000,4.8,0,1,0.3,0.21,0,0,99,1,0,28,False,True,0,0,52,38,27,3.84,AI is off,AI is off,AI is off,AI is off,Not paired,AI is off,0,0,0
6000,4.9,0,1,0.31,0.21,0,0,99,1,0,28,False,True,0,0,52,38,27,3.84,AI is off,AI is off,AI is off,AI is off,Not paired,AI is off,0,0,0
8000,5.1,0,1,0.31,0.21,0,0,99,1,0,28,False,True,0,0,52,38,28,3.84,AI is off,AI is off,AI is off,AI is off,Not paired,AI is off,0,0,0
10000,5.4,0,1,0.32,0.21,0,0,99,1,0,28,False,True,0,0,51,38,26,3.84,AI is off,AI is off,AI is off,AI is off,Not paired,AI is off,0,0,0
12000,5.7,0,1,0.32,0.21,0,0,99,1,0,27,False,True,0,0,52,38,28,3.84,AI is off,AI is off,AI is off,AI is off,Not paired,AI is off,0,0,0
14000,5.6,0,1,0.32,0.21,0,0,99,1,0,27,False,True,0,0,49,37,25,3.84,AI is off,AI is off,AI is off,AI is off,Not paired,AI is off,0,0,0
16000,5.6,0,1,0.32,0.21,0,0,99,1,0,27,False,True,0,0,52,38,28,3.84,AI is off,AI is off,AI is off,AI is off,Not paired,AI is off,0,0,0
18000,5.3,0,1,0.32,0.21,0,0,99,1,0,27,False,True,0,0,52,39,28,3.84,AI is off,AI is off,AI is off,AI is off,Not paired,AI is off,0,0,0
20000,5.2,0,1,0.32,0.21,0,0,99,1,0,27,False,True,0,0,51,38,28,3.84,AI is off,AI is off,AI is off,AI is off,Not paired,AI is off,0,0,0
22000,5.2,0,1,0.31,0.21,0,0,99,1,0,27,False,True,0,0,51,37,28,3.84,AI is off,AI is off,AI is off,AI is off,Not paired,AI is off,0,0,0
24000,5.3,0,1,0.32,0.21,0,0,99,1,0,27,False,True,0,0,51,38,26,3.84,AI is off,AI is off,AI is off,AI is off,Not paired,AI is off,0,0,0
26000,5.4,0,1,0.32,0.21,0,0,99,1,0,27,False,True,0,0,52,38,28,3.84,AI is off,AI is off,AI is off,AI is off,Not paired,AI is off,0,0,0
28000,5.5,0,1,0.32,0.21,0,0,99,1,0,27,False,True,0,0,51,38,26,3.84,AI is off,AI is off,AI is off,AI is off,Not paired,AI is off,0,0,0
30000,5.4,0,1,0.32,0.21,0,0,99,1,0,27,False,True,0,0,52,38,28,3.84,AI is off,AI is off,AI is off,AI is off,Not paired,AI is off,0,0,0
32000,5.1,0,1,0.31,0.21,0,0,99,1,0,27,False,True,0,0,52,39,28,3.84,AI is off,AI is off,AI is off,AI is off,Not paired,AI is off,0,0,0
34000,5.1,0,1,0.31,0.21,0,0,99,1,0,27,False,True,0,0,52,39,28,3.84,AI is off,AI is off,AI is off,AI is off,Not paired,AI is off,0,0,0
36000,5.3,0,1,0.32,0.21,0,0,99,1,0,27,False,True,0,0,52,39,29,3.84,AI is off,AI is off,AI is off,AI is off,Not paired,AI is off,0,0,0
38000,5.4,0,1,0.32,0.21,0,0,99,1,0,26,False,True,0,0,52,39,29,3.84,AI is off,AI is off,AI is off,AI is off,Not paired,AI is off,0,0,0
40000,5.2,0,1,0.32,0.21,0,0,99,1,0,26,False,True,0,0,50,38,26,3.84,AI is off,AI is off,AI is off,AI is off,Not paired,AI is off,0,0,0
42000,5,0,1,0.31,0.21,0,0,99,1,0,26,False,True,0,0,53,39,29,3.84,AI is off,AI is off,AI is off,AI is off,Not paired,AI is off,0,0,0
44000,4.8,0,1,0.31,0.21,0,0,99,1,0,26,False,True,0,0,53,40,28,3.84,AI is off,AI is off,AI is off,AI is off,Not paired,AI is off,0,0,0
46000,4.7,0,1,0.31,0.21,0,0,99,1,0,26,False,True,0,0,52,38,28,3.84,AI is off,AI is off,AI is off,AI is off,Not paired,AI is off,0,0,0
48000,4.7,0,1,0.31,0.21,0,0,99,1,0,26,False,True,0,0,49,37,25,3.84,AI is off,AI is off,AI is off,AI is off,Not paired,AI is off,0,0,0
50000,4.6,0,1,0.3,0.21,0,0,99,1,0,26,False,True,0,0,52,38,28,3.84,AI is off,AI is off,AI is off,AI is off,Not paired,AI is off,0,0,0
52000,4.5,0,1,0.3,0.21,0,0,99,1,0,26,False,True,0,0,53,39,29,3.84,AI is off,AI is off,AI is off,AI is off,Not paired,AI is off,0,0,0
54000,4.4,0,1,0.3,0.21,0,0,99,1,0,26,False,True,0,0,50,38,27,3.84,AI is off,AI is off,AI is off,AI is off,Not paired,AI is off,0,0,0
56000,4.4,0,1,0.3,0.21,0,0,99,1,0,26,False,True,0,0,51,38,28,3.84,AI is off,AI is off,AI is off,AI is off,Not paired,AI is off,0,0,0
58000,4.3,0,1,0.3,0.21,0,0,99,1,0,26,False,True,0,0,51,37,26,3.84,AI is off,AI is off,AI is off,AI is off,Not paired,AI is off,0,0,0
60000,4.2,0,1,0.3,0.21,0,0,99,1,0,26,False,True,0,0,52,38,27,3.84,AI is off,AI is off,AI is off,AI is off,Not paired,AI is off,0,0,0
62000,4,0,1,0.29,0.21,0,0,99,1,0,26,False,True,0,0,50,37,25,3.84,AI is off,AI is off,AI is off,AI is off,Not paired,AI is off,0,0,0
64000,4,0,1,0.29,0.21,0,0,99,1,0,26,False,True,0,0,53,39,29,3.84,AI is off,AI is off,AI is off,AI is off,Not paired,AI is off,0,0,0
66000,3.9,0,1,0.29,0.21,0,0,99,1,0,26,False,True,0,0,50,37,25,3.84,AI is off,AI is off,AI is off,AI is off,Not paired,AI is off,0,0,0
68000,4,0,1,0.29,0.21,0,0,99,1,0,26,False,True,0,0,50,36,24,3.84,AI is off,AI is off,AI is off,AI is off,Not paired,AI is off,0,0,0
70000,3.9,0,1,0.29,0.21,0,0,99,1,0,26,False,True,0,0,50,37,26,3.84,AI is off,AI is off,AI is off,AI is off,Not paired,AI is off,0,0,0
72000,3.8,0,1,0.29,0.21,0,0,99,1,0,26,False,True,0,0,51,38,25,3.84,AI is off,AI is off,AI is off,AI is off,Not paired,AI is off,0,0,0
74000,3.9,0,1,0.29,0.21,0,0,99,1,0,26,False,True,0,0,51,37,25,3.84,AI is off,AI is off,AI is off,AI is off,Not paired,AI is off,0,0,0
76000,3.9,0,1,0.29,0.21,0,0,99,1,0,26,False,True,0,0,52,38,28,3.84,AI is off,AI is off,AI is off,AI is off,Not paired,AI is off,0,0,0
78000,3.9,0,1,0.29,0.21,0,0,99,1,0,26,False,True,0,0,52,39,27,3.84,AI is off,AI is off,AI is off,AI is off,Not paired,AI is off,0,0,0
80000,3.9,0,1,0.29,0.21,0,0,99,1,0,26,False,True,0,0,51,38,27,3.84,AI is off,AI is off,AI is off,AI is off,Not paired,AI is off,0,0,0
82000,3.8,0,1,0.29,0.21,0,0,99,1,0,26,False,True,0,0,50,36,24,3.84,AI is off,AI is off,AI is off,AI is off,Not paired,AI is off,0,0,0
84000,3.8,0,1,0.29,0.21,0,0,99,1,0,26,False,True,0,0,50,37,26,3.84,AI is off,AI is off,AI is off,AI is off,Not paired,AI is off,0,0,0
86000,3.8,0,1,0.29,0.21,0,0,99,1,0,26,False,True,0,0,50,37,26,3.84,AI is off,AI is off,AI is off,AI is off,Not paired,AI is off,0,0,0
88000,3.9,0,1,0.29,0.21,0,0,99,1,0,26,False,True,0,0,65,47,34,3.84,AI is off,AI is off,AI is off,AI is off,Not paired,AI is off,0,0,0
90000,3.9,0,1,0.29,0.21,0,0,99,1,0,26,False,True,0,0,54,40,28,3.84,AI is off,AI is off,AI is off,AI is off,Not paired,AI is off,0,0,0
92000,4.2,0,1,0.29,0.21,0,0,99,1,0,26,False,True,0,0,51,38,26,3.84,AI is off,AI is off,AI is off,AI is off,Not paired,AI is off,0,0,0
94000,4.3,0,1,0.3,0.21,0,0,99,1,0,26,False,True,0,0,52,37,26,3.84,AI is off,AI is off,AI is off,AI is off,Not paired,AI is off,0,0,0
96000,4.7,0,1,0.3,0.21,0,0,99,1,0,26,False,True,0,0,51,39,27,3.84,AI is off,AI is off,AI is off,AI is off,Not paired,AI is off,0,0,0
98000,4.5,0,1,0.3,0.21,0,0,99,1,0,26,False,True,0,0,52,38,28,3.84,AI is off,AI is off,AI is off,AI is off,Not paired,AI is off,0,0,0
100000,4.5,0,1,0.3,0.21,0,0,99,1,0,26,False,True,0,0,51,37,27,3.84,AI is off,AI is off,AI is off,AI is off,Not paired,AI is off,0,0,0
102000,5,0,1,0.31,0.21,0,0,99,1,0,26,False,True,0,0,50,37,26,3.84,AI is off,AI is off,AI is off,AI is off,Not paired,AI is off,0,0,0
104000,5.2,0,1,0.32,0.21,0,0,99,1,0,26,False,True,0,0,51,39,27,3.84,AI is off,AI is off,AI is off,AI is off,Not paired,AI is off,0,0,0
106000,5.4,0,1,0.32,0.21,0,0,99,1,0,26,False,True,0,0,53,39,30,3.84,AI is off,AI is off,AI is off,AI is off,Not paired,AI is off,0,0,0
108000,5.1,0,1,0.31,0.21,0,0,99,1,0,26,False,True,0,0,53,40,28,3.84,AI is off,AI is off,AI is off,AI is off,Not paired,AI is off,0,0,0
110000,5,0,1,0.31,0.21,0,0,99,1,0,26,False,True,0,0,51,39,27,3.84,AI is off,AI is off,AI is off,AI is off,Not paired,AI is off,0,0,0
112000,4.7,0,1,0.31,0.21,0,0,99,1,0,26,False,True,0,0,50,37,26,3.84,AI is off,AI is off,AI is off,AI is off,Not paired,AI is off,0,0,0
114000,4.4,0,1,0.3,0.21,0,0,99,1,0,26,False,True,0,0,51,38,27,3.84,AI is off,AI is off,AI is off,AI is off,Not paired,AI is off,0,0,0
116000,4.3,0,1,0.3,0.21,0,0,99,1,0,26,False,True,0,0,51,38,26,3.84,AI is off,AI is off,AI is off,AI is off,Not paired,AI is off,0,0,0
118000,4.3,0,1,0.3,0.21,0,0,99,1,0,26,False,True,0,0,53,41,30,3.84,AI is off,AI is off,AI is off,AI is off,Not paired,AI is off,0,0,0
120000,4.3,0,1,0.3,0.21,0,0,99,1,0,26,False,True,0,0,54,41,29,3.84,AI is off,AI is off,AI is off,AI is off,Not paired,AI is off,0,0,0
122000,4.5,0,1,0.3,0.21,0,0,99,1,0,26,False,True,0,0,51,36,26,3.84,AI is off,AI is off,AI is off,AI is off,Not paired,AI is off,0,0,0
124000,4.5,0,1,0.3,0.21,0,0,99,1,0,26,False,True,0,0,54,38,28,3.84,AI is off,AI is off,AI is off,AI is off,Not paired,AI is off,0,0,0
126000,4.5,0,1,0.3,0.21,0,0,99,1,0,26,False,True,0,0,51,35,24,3.84,AI is off,AI is off,AI is off,AI is off,Not paired,AI is off,0,0,0
128000,4.7,0,1,0.3,0.21,0,0,99,1,0,26,False,True,0,0,50,35,24,3.84,AI is off,AI is off,AI is off,AI is off,Not paired,AI is off,0,0,0
130000,4.9,0,1,0.31,0.21,0,0,99,1,0,26,False,True,0,0,52,37,27,3.84,AI is off,AI is off,AI is off,AI is off,Not paired,AI is off,0,0,0
132000,4.9,0,1,0.31,0.21,0,0,99,1,0,26,False,True,0,0,51,37,26,3.84,AI is off,AI is off,AI is off,AI is off,Not paired,AI is off,0,0,0
134000,5,0,1,0.31,0.21,0,0,99,1,0,26,False,True,0,0,53,37,27,3.84,AI is off,AI is off,AI is off,AI is off,Not paired,AI is off,0,0,0
136000,5.2,0,1,0.31,0.21,0,0,99,1,0,26,False,True,0,0,52,40,29,3.84,AI is off,AI is off,AI is off,AI is off,Not paired,AI is off,0,0,0
138000,5.3,0,1,0.32,0.21,0,0,99,1,0,26,False,True,0,0,51,35,25,3.84,AI is off,AI is off,AI is off,AI is off,Not paired,AI is off,0,0,0
140000,5.3,0,1,0.32,0.21,0,0,99,1,0,26,False,True,0,0,50,36,25,3.84,AI is off,AI is off,AI is off,AI is off,Not paired,AI is off,0,0,0
142000,5.4,0,1,0.32,0.21,0,0,99,1,0,26,False,True,0,0,52,36,26,3.84,AI is off,AI is off,AI is off,AI is off,Not paired,AI is off,0,0,0
144000,5.5,0,1,0.32,0.21,0,0,99,1,0,26,False,True,0,0,51,35,25,3.84,AI is off,AI is off,AI is off,AI is off,Not paired,AI is off,0,0,0
146000,5.7,0,1,0.32,0.21,0,0,99,1,0,26,False,True,0,0,52,40,28,3.84,AI is off,AI is off,AI is off,AI is off,Not paired,AI is off,0,0,0
148000,5.7,0,1,0.33,0.21,0,0,99,1,0,26,False,True,0,0,54,41,29,3.84,AI is off,AI is off,AI is off,AI is off,Not paired,AI is off,0,0,0
150000,5.7,0,1,0.33,0.21,0,0,99,1,0,26,False,True,0,0,50,37,26,3.84,AI is off,AI is off,AI is off,AI is off,Not paired,AI is off,0,0,0
152000,5.8,0,1,0.33,0.21,0,0,99,1,0,26,False,True,0,0,53,40,28,3.84,AI is off,AI is off,AI is off,AI is off,Not paired,AI is off,0,0,0
154000,5.8,0,1,0.33,0.21,0,0,99,1,0,26,False,True,0,0,52,40,27,3.84,AI is off,AI is off,AI is off,AI is off,Not paired,AI is off,0,0,0
156000,5.8,0,1,0.33,0.21,0,0,99,1,0,26,False,True,0,0,52,39,28,3.84,AI is off,AI is off,AI is off,AI is off,Not paired,AI is off,0,0,0
158000,5.8,0,1,0.33,0.21,0,0,99,1,0,26,False,True,0,0,53,38,26,3.84,AI is off,AI is off,AI is off,AI is off,Not paired,AI is off,0,0,0
160000,5.8,0,1,0.33,0.21,0,0,99,1,0,26,False,True,0,0,50,37,26,3.84,AI is off,AI is off,AI is off,AI is off,Not paired,AI is off,0,0,0
162000,5.8,0,1,0.33,0.21,0,0,99,1,0,26,False,True,0,0,50,37,25,3.84,AI is off,AI is off,AI is off,AI is off,Not paired,AI is off,0,0,0
164000,5.8,0,1,0.33,0.21,0,0,99,1,0,26,False,True,0,0,53,40,28,3.84,AI is off,AI is off,AI is off,AI is off,Not paired,AI is off,0,0,0
166000,5.6,0,1,0.32,0.21,0,0,99,1,0,26,False,True,0,0,50,37,25,3.84,AI is off,AI is off,AI is off,AI is off,Not paired,AI is off,0,0,0
168000,5.7,0,1,0.32,0.21,0,0,99,1,0,26,False,True,0,0,51,38,26,3.84,AI is off,AI is off,AI is off,AI is off,Not paired,AI is off,0,0,0
170000,5.6,0,1,0.32,0.21,0,0,99,1,0,26,False,True,0,0,52,39,26,3.84,AI is off,AI is off,AI is off,AI is off,Not paired,AI is off,0,0,0
172000,5.7,0,1,0.33,0.21,0,0,99,1,0,26,False,True,0,0,51,38,28,3.84,AI is off,AI is off,AI is off,AI is off,Not paired,AI is off,0,0,0
174000,5.5,0,1,0.32,0.21,0,0,99,1,0,26,False,True,0,0,51,38,28,3.84,AI is off,AI is off,AI is off,AI is off,Not paired,AI is off,0,0,0
176000,5.1,0,1,0.32,0.21,0,0,99,1,0,26,False,True,0,0,52,39,27,3.84,AI is off,AI is off,AI is off,AI is off,Not paired,AI is off,0,0,0
178000,5.1,0,1,0.31,0.21,0,0,99,1,0,26,False,True,0,0,54,39,30,3.84,AI is off,AI is off,AI is off,AI is off,Not paired,AI is off,0,0,0
180000,5.1,0,1,0.31,0.21,0,0,99,1,0,26,False,True,0,0,53,38,28,3.84,AI is off,AI is off,AI is off,AI is off,Not paired,AI is off,0,0,0
182000,5.2,0,1,0.31,0.21,0,0,99,1,0,26,False,True,0,0,52,37,26,3.84,AI is off,AI is off,AI is off,AI is off,Not paired,AI is off,0,0,0
184000,5.3,0,1,0.32,0.21,0,0,99,1,0,26,False,True,0,0,54,39,27,3.84,AI is off,AI is off,AI is off,AI is off,Not paired,AI is off,0,0,0
186000,5.5,0,1,0.32,0.21,0,0,99,1,0,26,False,True,0,0,63,47,34,3.83,AI is off,AI is off,AI is off,AI is off,Not paired,AI is off,0,0,0
188000,5.5,0,1,0.32,0.21,0,0,99,1,0,26,False,True,0,0,62,47,33,3.83,AI is off,AI is off,AI is off,AI is off,Not paired,AI is off,0,0,0
190000,5.3,0,1,0.32,0.21,0,0,99,1,0,25,False,True,0,0,57,41,30,3.83,AI is off,AI is off,AI is off,AI is off,Not paired,AI is off,0,0,0
192000,5.4,0,1,0.32,0.21,0,0,99,1,0,25,False,True,0,0,57,42,30,3.83,AI is off,AI is off,AI is off,AI is off,Not paired,AI is off,0,0,0
194000,5.5,0,1,0.32,0.21,0,0,99,1,0,25,False,True,0,0,56,42,30,3.84,AI is off,AI is off,AI is off,AI is off,Not paired,AI is off,0,0,0
196000,5.5,0,1,0.32,0.21,0,0,99,1,0,25,False,True,0,0,50,37,26,3.84,AI is off,AI is off,AI is off,AI is off,Not paired,AI is off,0,0,0
198000,5.4,0,1,0.32,0.21,0,0,99,1,0,25,False,True,0,0,51,38,26,3.83,AI is off,AI is off,AI is off,AI is off,Not paired,AI is off,0,0,0
200000,5.5,0,1,0.32,0.21,0,0,99,1,0,25,False,True,0,0,54,38,28,3.84,AI is off,AI is off,AI is off,AI is off,Not paired,AI is off,0,0,0
202000,5.7,0,1,0.32,0.21,0,0,99,1,0,25,False,True,0,0,51,38,26,3.83,AI is off,AI is off,AI is off,AI is off,Not paired,AI is off,0,0,0
204000,5.8,0,1,0.33,0.21,0,0,99,1,0,25,False,True,0,0,50,36,25,3.83,AI is off,AI is off,AI is off,AI is off,Not paired,AI is off,0,0,0
206000,5.5,0,1,0.33,0.21,0,0,99,1,0,25,False,True,0,0,51,39,29,3.83,AI is off,AI is off,AI is off,AI is off,Not paired,AI is off,0,0,0
208000,5.5,0,1,0.32,0.21,0,0,99,1,0,25,False,True,0,0,51,38,26,3.83,AI is off,AI is off,AI is off,AI is off,Not paired,AI is off,0,0,0
210000,5.6,0,1,0.32,0.21,0,0,99,1,0,25,False,True,0,0,51,39,28,3.83,AI is off,AI is off,AI is off,AI is off,Not paired,AI is off,0,0,0
212000,5.5,0,1,0.32,0.21,0,0,99,1,0,25,False,True,0,0,50,37,26,3.83,AI is off,AI is off,AI is off,AI is off,Not paired,AI is off,0,0,0
214000,5.5,0,1,0.32,0.21,0,0,99,1,0,25,False,True,0,0,52,39,28,3.83,AI is off,AI is off,AI is off,AI is off,Not paired,AI is off,0,0,0
216000,5.7,0,1,0.32,0.21,0,0,99,1,0,25,False,True,0,0,51,38,27,3.83,AI is off,AI is off,AI is off,AI is off,Not paired,AI is off,0,0,0
218000,5.5,0,1,0.32,0.21,0,0,99,1,0,25,False,True,0,0,50,37,26,3.84,AI is off,AI is off,AI is off,AI is off,Not paired,AI is off,0,0,0
220000,5.4,0,1,0.32,0.21,0,0,99,1,0,25,False,True,0,0,50,37,26,3.84,AI is off,AI is off,AI is off,AI is off,Not paired,AI is off,0,0,0
222000,5.4,0,1,0.32,0.21,0,0,99,1,0,25,False,True,0,0,49,38,26,3.84,AI is off,AI is off,AI is off,AI is off,Not paired,AI is off,0,0,0
224000,5.6,0,1,0.32,0.21,0,0,99,1,0,25,False,True,0,0,52,40,28,3.84,AI is off,AI is off,AI is off,AI is off,Not paired,AI is off,0,0,0
226000,5.5,0,1,0.32,0.21,0,0,99,1,0,25,False,True,0,0,50,37,26,3.83,AI is off,AI is off,AI is off,AI is off,Not paired,AI is off,0,0,0
228000,5.4,0,1,0.32,0.21,0,0,99,1,0,25,False,True,0,0,52,39,28,3.83,AI is off,AI is off,AI is off,AI is off,Not paired,AI is off,0,0,0
230000,5.1,0,1,0.32,0.21,0,0,99,1,0,25,False,True,0,0,50,37,26,3.83,AI is off,AI is off,AI is off,AI is off,Not paired,AI is off,0,0,0
232000,5.1,0,1,0.31,0.21,0,0,99,1,0,25,False,True,0,0,57,43,30,3.83,AI is off,AI is off,AI is off,AI is off,Not paired,AI is off,0,0,0
234000,5.2,0,1,0.31,0.21,0,0,99,1,0,25,False,True,0,0,54,40,28,3.84,AI is off,AI is off,AI is off,AI is off,Not paired,AI is off,0,0,0
236000,5.5,0,1,0.32,0.21,0,0,99,1,0,25,False,True,0,0,60,46,34,3.83,AI is off,AI is off,AI is off,AI is off,Not paired,AI is off,0,0,0
238000,5.6,0,1,0.32,0.21,0,0,99,1,0,25,False,True,0,0,61,46,32,3.83,AI is off,AI is off,AI is off,AI is off,Not paired,AI is off,0,0,0
240000,5.7,0,1,0.32,0.21,0,0,99,1,0,25,False,True,0,0,61,46,35,3.83,AI is off,AI is off,AI is off,AI is off,Not paired,AI is off,0,0,0
242000,5.7,0,1,0.32,0.21,0,0,99,1,0,25,False,True,0,0,59,44,32,3.83,AI is off,AI is off,AI is off,AI is off,Not paired,AI is off,0,0,0
244000,5.7,0,1,0.32,0.21,0,0,99,1,0,25,False,True,0,0,64,48,36,3.83,AI is off,AI is off,AI is off,AI is off,Not paired,AI is off,0,0,0
246000,5.7,0,1,0.33,0.21,0,0,99,1,0,25,False,True,0,0,55,41,29,3.83,AI is off,AI is off,AI is off,AI is off,Not paired,AI is off,0,0,0
248000,5.7,0,1,0.33,0.21,0,0,99,1,0,25,False,True,0,0,59,44,31,3.83,AI is off,AI is off,AI is off,AI is off,Not paired,AI is off,0,0,0
250000,5.8,0,1,0.33,0.21,0,0,99,1,0,25,False,True,0,0,58,43,31,3.83,AI is off,AI is off,AI is off,AI is off,Not paired,AI is off,0,0,0
252000,5.8,0,1,0.33,0.21,0,0,99,1,0,25,False,True,0,0,52,37,26,3.83,AI is off,AI is off,AI is off,AI is off,Not paired,AI is off,0,0,0
254000,6,0,1,0.33,0.21,0,0,99,1,0,25,False,True,0,0,53,38,27,3.83,AI is off,AI is off,AI is off,AI is off,Not paired,AI is off,0,0,0
256000,5.9,0,1,0.33,0.21,0,0,99,1,0,25,False,True,0,0,57,43,31,3.83,AI is off,AI is off,AI is off,AI is off,Not paired,AI is off,0,0,0
258000,6,0,1,0.33,0.21,0,0,99,1,0,25,False,True,0,0,56,42,30,3.83,AI is off,AI is off,AI is off,AI is off,Not paired,AI is off,0,0,0
260000,6,0,1,0.33,0.21,0,0,99,1,0,25,False,True,0,0,52,37,27,3.83,AI is off,AI is off,AI is off,AI is off,Not paired,AI is off,0,0,0
262000,6.2,0,1,0.33,0.21,0,0,99,1,0,25,False,True,0,0,51,39,27,3.83,AI is off,AI is off,AI is off,AI is off,Not paired,AI is off,0,0,0
264000,6.4,0,1,0.34,0.21,0,0,99,1,0,25,False,True,0,0,50,37,26,3.83,AI is off,AI is off,AI is off,AI is off,Not paired,AI is off,0,0,0
266000,6.4,0,1,0.34,0.21,0,0,99,1,0,25,False,True,0,0,51,39,27,3.83,AI is off,AI is off,AI is off,AI is off,Not paired,AI is off,0,0,0
268000,6.5,0,1,0.34,0.21,0,0,99,1,0,25,False,True,0,0,50,38,27,3.83,AI is off,AI is off,AI is off,AI is off,Not paired,AI is off,0,0,0
270000,6.7,0,1,0.34,0.21,0,0,99,1,0,25,False,True,0,0,52,40,28,3.83,AI is off,AI is off,AI is off,AI is off,Not paired,AI is off,0,0,0
272000,6.7,0,1,0.35,0.21,0,0,99,1,0,25,False,True,0,0,55,41,29,3.83,AI is off,AI is off,AI is off,AI is off,Not paired,AI is off,0,0,0
274000,6.8,0,1,0.35,0.21,0,0,99,1,0,25,False,True,0,0,51,39,28,3.83,AI is off,AI is off,AI is off,AI is off,Not paired,AI is off,0,0,0
276000,6.9,0,1,0.35,0.21,0,0,99,1,0,25,False,True,0,0,53,40,29,3.83,AI is off,AI is off,AI is off,AI is off,Not paired,AI is off,0,0,0
278000,7,0,1,0.35,0.21,0,0,99,1,0,25,False,True,0,0,56,41,29,3.83,AI is off,AI is off,AI is off,AI is off,Not paired,AI is off,0,0,0
280000,7.1,0,1,0.36,0.21,0,0,99,1,0,25,False,True,0,0,59,44,32,3.83,AI is off,AI is off,AI is off,AI is off,Not paired,AI is off,0,0,0
282000,7.1,0,1,0.35,0.21,0,0,99,1,0,25,False,True,0,0,70,53,40,3.83,AI is off,AI is off,AI is off,AI is off,Not paired,AI is off,0,0,0
284000,7.1,0,1,0.35,0.21,0,0,99,1,0,25,False,True,0,0,57,42,30,3.83,AI is off,AI is off,AI is off,AI is off,Not paired,AI is off,0,0,0
286000,6.9,0,1,0.35,0.21,0,0,99,1,0,25,False,True,0,0,51,37,27,3.83,AI is off,AI is off,AI is off,AI is off,Not paired,AI is off,0,0,0
288000,6.8,0,1,0.35,0.21,0,0,99,1,0,25,False,True,0,0,51,38,26,3.83,AI is off,AI is off,AI is off,AI is off,Not paired,AI is off,0,0,0
290000,6.8,0,1,0.35,0.21,0,0,99,1,0,25,False,True,0,0,52,40,29,3.83,AI is off,AI is off,AI is off,AI is off,Not paired,AI is off,0,0,0
292000,6.8,0,1,0.35,0.21,0,0,99,1,0,25,False,True,0,0,55,41,29,3.83,AI is off,AI is off,AI is off,AI is off,Not paired,AI is off,0,0,0
294000,6.7,0,1,0.35,0.21,0,0,99,1,0,25,False,True,0,0,54,38,28,3.83,AI is off,AI is off,AI is off,AI is off,Not paired,AI is off,0,0,0
296000,6.5,0,1,0.34,0.21,0,0,99,1,0,25,False,True,0,0,61,45,32,3.83,AI is off,AI is off,AI is off,AI is off,Not paired,AI is off,0,0,0
298000,6.4,0,1,0.34,0.21,0,0,99,1,0,25,False,True,0,0,51,37,27,3.83,AI is off,AI is off,AI is off,AI is off,Not paired,AI is off,0,0,0
300000,6.5,0,1,0.34,0.21,0,0,99,1,0,25,False,True,0,0,57,42,30,3.83,AI is off,AI is off,AI is off,AI is off,Not paired,AI is off,0,0,0
302000,6.5,0,1,0.34,0.21,0,0,99,1,0,25,False,True,0,0,61,45,32,3.83,AI is off,AI is off,AI is off,AI is off,Not paired,AI is off,0,0,0
304000,6.5,0,1,0.34,0.21,0,0,99,1,0,25,False,True,0,0,53,38,27,3.83,AI is off,AI is off,AI is off,AI is off,Not paired,AI is off,0,0,0
306000,6.6,0,1,0.34,0.21,0,0,99,1,0,25,False,True,0,0,54,39,29,3.83,AI is off,AI is off,AI is off,AI is off,Not paired,AI is off,0,0,0
308000,6.5,0,1,0.34,0.21,0,0,99,1,0,25,False,True,0,0,52,39,28,3.83,AI is off,AI is off,AI is off,AI is off,Not paired,AI is off,0,0,0
310000,6.5,0,1,0.34,0.21,0,0,99,1,0,25,False,True,0,0,55,42,30,3.83,AI is off,AI is off,AI is off,AI is off,Not paired,AI is off,0,0,0
312000,6.3,0,1,0.34,0.21,0,0,99,1,0,25,False,True,0,0,54,38,27,3.83,AI is off,AI is off,AI is off,AI is off,Not paired,AI is off,0,0,0
314000,6.1,0,1,0.33,0.21,0,0,99,1,0,25,False,True,0,0,53,38,27,3.83,AI is off,AI is off,AI is off,AI is off,Not paired,AI is off,0,0,0
316000,5.9,0,1,0.33,0.21,0,0,99,1,0,25,False,True,0,0,56,41,29,3.83,AI is off,AI is off,AI is off,AI is off,Not paired,AI is off,0,0,0
318000,5.9,0,1,0.33,0.21,0,0,99,1,0,25,False,True,0,0,54,39,29,3.83,AI is off,AI is off,AI is off,AI is off,Not paired,AI is off,0,0,0
320000,5.8,0,1,0.33,0.21,0,0,99,1,0,25,False,True,0,0,52,40,28,3.83,AI is off,AI is off,AI is off,AI is off,Not paired,AI is off,0,0,0
322000,5.6,0,1,0.32,0.21,0,0,99,1,0,25,False,True,0,0,51,39,26,3.83,AI is off,AI is off,AI is off,AI is off,Not paired,AI is off,0,0,0
324000,5.7,0,1,0.33,0.21,0,0,99,1,0,25,False,True,0,0,54,39,29,3.83,AI is off,AI is off,AI is off,AI is off,Not paired,AI is off,0,0,0
326000,6,0,1,0.33,0.21,0,0,99,1,0,25,False,True,0,0,51,39,28,3.83,AI is off,AI is off,AI is off,AI is off,Not paired,AI is off,0,0,0
328000,5.8,0,1,0.33,0.21,0,0,99,1,0,25,False,True,0,0,51,39,27,3.83,AI is off,AI is off,AI is off,AI is off,Not paired,AI is off,0,0,0
330000,5.8,0,1,0.33,0.21,0,0,99,1,0,25,False,True,0,0,54,40,28,3.83,AI is off,AI is off,AI is off,AI is off,Not paired,AI is off,0,0,0
332000,5.9,0,1,0.33,0.21,0,0,99,1,0,25,False,True,0,0,60,45,33,3.83,AI is off,AI is off,AI is off,AI is off,Not paired,AI is off,0,0,0
334000,5.8,0,1,0.33,0.21,0,0,99,1,0,25,False,True,0,0,64,49,35,3.83,AI is off,AI is off,AI is off,AI is off,Not paired,AI is off,0,0,0
336000,5.8,0,1,0.33,0.21,0,0,99,1,0,25,False,True,0,0,69,52,39,3.83,AI is off,AI is off,AI is off,AI is off,Not paired,AI is off,0,0,0
338000,5.8,0,1,0.33,0.21,0,0,99,1,0,25,False,True,0,0,59,43,32,3.83,AI is off,AI is off,AI is off,AI is off,Not paired,AI is off,0,0,0
340000,5.7,0,1,0.33,0.21,0,0,99,1,0,25,False,True,0,0,69,51,39,3.83,AI is off,AI is off,AI is off,AI is off,Not paired,AI is off,0,0,0
342000,5.8,0,1,0.33,0.21,0,0,99,1,0,25,False,True,0,0,69,52,38,3.83,AI is off,AI is off,AI is off,AI is off,Not paired,AI is off,0,0,0
344000,5.9,0,1,0.33,0.21,0,0,99,1,0,25,False,True,0,0,68,52,39,3.83,AI is off,AI is off,AI is off,AI is off,Not paired,AI is off,0,0,0
346000,5.7,0,1,0.33,0.21,0,0,99,1,0,25,False,True,0,0,70,51,39,3.83,AI is off,AI is off,AI is off,AI is off,Not paired,AI is off,0,0,0
348000,5.3,0,1,0.32,0.21,0,0,99,1,0,25,False,True,0,0,53,39,29,3.83,AI is off,AI is off,AI is off,AI is off,Not paired,AI is off,0,0,0
350000,5.2,0,1,0.32,0.21,0,0,99,1,0,25,False,True,0,0,53,37,27,3.83,AI is off,AI is off,AI is off,AI is off,Not paired,AI is off,0,0,0
352000,5.2,0,1,0.32,0.21,0,0,99,1,0,25,False,True,0,0,59,44,31,3.83,AI is off,AI is off,AI is off,AI is off,Not paired,AI is off,0,0,0
354000,5.1,0,1,0.31,0.21,0,0,99,1,0,25,False,True,0,0,55,41,30,3.83,AI is off,AI is off,AI is off,AI is off,Not paired,AI is off,0,0,0
356000,5.3,0,1,0.32,0.21,0,0,99,1,0,25,False,True,0,0,51,38,26,3.83,AI is off,AI is off,AI is off,AI is off,Not paired,AI is off,0,0,0
358000,5.4,0,1,0.32,0.21,0,0,99,1,0,25,False,True,0,0,50,38,27,3.83,AI is off,AI is off,AI is off,AI is off,Not paired,AI is off,0,0,0
360000,5.3,0,1,0.32,0.21,0,0,99,1,0,25,False,True,0,0,50,38,26,3.83,AI is off,AI is off,AI is off,AI is off,Not paired,AI is off,0,0,0
362000,5.2,0,1,0.32,0.21,0,0,99,1,0,25,False,True,0,0,53,40,29,3.83,AI is off,AI is off,AI is off,AI is off,Not paired,AI is off,0,0,0
364000,5.2,0,1,0.32,0.21,0,0,99,1,0,25,False,True,0,0,58,44,31,3.83,AI is off,AI is off,AI is off,AI is off,Not paired,AI is off,0,0,0
366000,5,0,1,0.31,0.21,0,0,99,1,0,25,False,True,0,0,64,49,36,3.83,AI is off,AI is off,AI is off,AI is off,Not paired,AI is off,0,0,0
368000,5,0,1,0.31,0.21,0,0,99,1,0,25,False,True,0,0,68,51,39,3.83,AI is off,AI is off,AI is off,AI is off,Not paired,AI is off,0,0,0
370000,4.8,0,1,0.31,0.21,0,0,99,1,0,25,False,True,0,0,51,37,25,3.83,AI is off,AI is off,AI is off,AI is off,Not paired,AI is off,0,0,0
372000,5,0,1,0.31,0.21,0,0,99,1,0,25,False,True,0,0,51,39,27,3.83,AI is off,AI is off,AI is off,AI is off,Not paired,AI is off,0,0,0
374000,5,0,1,0.31,0.21,0,0,99,1,0,25,False,True,0,0,63,46,34,3.83,AI is off,AI is off,AI is off,AI is off,Not paired,AI is off,0,0,0
376000,4.9,0,1,0.31,0.21,0,0,99,1,0,25,False,True,0,0,68,51,39,3.83,AI is off,AI is off,AI is off,AI is off,Not paired,AI is off,0,0,0
378000,4.9,0,1,0.31,0.21,0,0,99,1,0,25,False,True,0,0,59,45,32,3.83,AI is off,AI is off,AI is off,AI is off,Not paired,AI is off,0,0,0
380000,5.1,0,1,0.31,0.21,0,0,99,1,0,25,False,True,0,0,54,39,27,3.83,AI is off,AI is off,AI is off,AI is off,Not paired,AI is off,0,0,0
382000,5.1,0,1,0.31,0.21,0,0,99,1,0,25,False,True,0,0,61,46,33,3.83,AI is off,AI is off,AI is off,AI is off,Not paired,AI is off,0,0,0
384000,5,0,1,0.31,0.21,0,0,99,1,0,25,False,True,0,0,69,53,40,3.83,AI is off,AI is off,AI is off,AI is off,Not paired,AI is off,0,0,0
386000,4.9,0,1,0.31,0.21,0,0,99,1,0,25,False,True,0,0,69,52,39,3.83,AI is off,AI is off,AI is off,AI is off,Not paired,AI is off,0,0,0
388000,4.9,0,1,0.31,0.21,0,0,99,1,0,25,False,True,0,0,66,48,36,3.83,AI is off,AI is off,AI is off,AI is off,Not paired,AI is off,0,0,0
390000,5,0,1,0.31,0.21,0,0,99,1,0,25,False,True,0,0,68,50,37,3.83,AI is off,AI is off,AI is off,AI is off,Not paired,AI is off,0,0,0
392000,5.1,0,1,0.31,0.21,0,0,99,1,0,25,False,True,0,0,69,51,38,3.83,AI is off,AI is off,AI is off,AI is off,Not paired,AI is off,0,0,0
394000,5.1,0,1,0.31,0.21,0,0,99,1,0,25,False,True,0,0,67,53,39,3.83,AI is off,AI is off,AI is off,AI is off,Not paired,AI is off,0,0,0
396000,5.1,0,1,0.31,0.21,0,0,99,1,0,25,False,True,0,0,68,51,37,3.83,AI is off,AI is off,AI is off,AI is off,Not paired,AI is off,0,0,0
398000,5.2,0,1,0.31,0.21,0,0,99,1,0,25,False,True,0,0,66,51,37,3.83,AI is off,AI is off,AI is off,AI is off,Not paired,AI is off,0,0,0
400000,5.3,0,1,0.32,0.21,0,0,99,1,0,25,False,True,0,0,68,51,37,3.83,AI is off,AI is off,AI is off,AI is off,Not paired,AI is off,0,0,0
402000,5.2,0,1,0.31,0.21,0,0,99,1,0,25,False,True,0,0,69,51,39,3.83,AI is off,AI is off,AI is off,AI is off,Not paired,AI is off,0,0,0
404000,5.2,0,1,0.32,0.21,0,0,99,1,0,25,False,True,0,0,68,50,38,3.83,AI is off,AI is off,AI is off,AI is off,Not paired,AI is off,0,0,0
406000,5.3,0,1,0.32,0.21,0,0,99,1,0,25,False,True,0,0,63,48,35,3.83,AI is off,AI is off,AI is off,AI is off,Not paired,AI is off,0,0,0
408000,5.4,0,1,0.32,0.21,0,0,99,1,0,25,False,True,0,0,58,42,31,3.83,AI is off,AI is off,AI is off,AI is off,Not paired,AI is off,0,0,0
410000,5.3,0,1,0.32,0.21,0,0,99,1,0,25,False,True,0,0,63,47,36,3.83,AI is off,AI is off,AI is off,AI is off,Not paired,AI is off,0,0,0
412000,5.3,0,1,0.32,0.21,0,0,99,1,0,25,False,True,0,0,56,42,31,3.83,AI is off,AI is off,AI is off,AI is off,Not paired,AI is off,0,0,0
414000,5.5,0,1,0.32,0.21,0,0,99,1,0,25,False,True,0,0,53,41,29,3.83,AI is off,AI is off,AI is off,AI is off,Not paired,AI is off,0,0,0
416000,5.5,0,1,0.32,0.21,0,0,99,1,0,25,False,True,0,0,50,38,25,3.83,AI is off,AI is off,AI is off,AI is off,Not paired,AI is off,0,0,0
418000,5.4,0,1,0.32,0.21,0,0,99,1,0,25,False,True,0,0,53,39,30,3.83,AI is off,AI is off,AI is off,AI is off,Not paired,AI is off,0,0,0
420000,5.1,0,1,0.31,0.21,0,0,99,1,0,25,False,True,0,0,52,39,27,3.83,AI is off,AI is off,AI is off,AI is off,Not paired,AI is off,0,0,0
422000,5,0,1,0.31,0.21,0,0,99,1,0,25,False,True,0,0,51,40,28,3.83,AI is off,AI is off,AI is off,AI is off,Not paired,AI is off,0,0,0
424000,4.8,0,1,0.31,0.21,0,0,99,1,0,25,False,True,0,0,51,39,27,3.83,AI is off,AI is off,AI is off,AI is off,Not paired,AI is off,0,0,0
426000,4.9,0,1,0.31,0.21,0,0,99,1,0,25,False,True,0,0,51,40,28,3.83,AI is off,AI is off,AI is off,AI is off,Not paired,AI is off,0,0,0
428000,5,0,1,0.31,0.21,0,0,99,1,0,25,False,True,0,0,50,38,26,3.83,AI is off,AI is off,AI is off,AI is off,Not paired,AI is off,0,0,0
430000,5.1,0,1,0.31,0.21,0,0,99,1,0,25,False,True,0,0,50,37,25,3.83,AI is off,AI is off,AI is off,AI is off,Not paired,AI is off,0,0,0
432000,5.1,0,1,0.31,0.21,0,0,99,1,0,25,False,True,0,0,51,40,28,3.83,AI is off,AI is off,AI is off,AI is off,Not paired,AI is off,0,0,0
434000,5.1,0,1,0.31,0.21,0,0,99,1,0,25,False,True,0,0,51,40,29,3.83,AI is off,AI is off,AI is off,AI is off,Not paired,AI is off,0,0,0
436000,5.1,0,1,0.31,0.21,0,0,99,1,0,25,False,True,0,0,51,39,26,3.83,AI is off,AI is off,AI is off,AI is off,Not paired,AI is off,0,0,0
438000,4.9,0,1,0.31,0.21,0,0,99,1,0,25,False,True,0,0,51,39,28,3.83,AI is off,AI is off,AI is off,AI is off,Not paired,AI is off,0,0,0
440000,4.7,0,1,0.3,0.21,0,0,99,1,0,25,False,True,0,0,51,39,27,3.83,AI is off,AI is off,AI is off,AI is off,Not paired,AI is off,0,0,0
442000,4.7,0,1,0.3,0.21,0,0,99,1,0,25,False,True,0,0,50,37,26,3.83,AI is off,AI is off,AI is off,AI is off,Not paired,AI is off,0,0,0
444000,4.6,0,1,0.3,0.21,0,0,99,1,0,25,False,True,0,0,50,38,26,3.83,AI is off,AI is off,AI is off,AI is off,Not paired,AI is off,0,0,0
446000,4.5,0,1,0.3,0.21,0,0,99,1,0,25,False,True,0,0,51,39,28,3.83,AI is off,AI is off,AI is off,AI is off,Not paired,AI is off,0,0,0
448000,4.4,0,1,0.3,0.21,0,0,99,1,0,25,False,True,0,0,51,38,27,3.83,AI is off,AI is off,AI is off,AI is off,Not paired,AI is off,0,0,0
450000,4.4,0,1,0.3,0.21,0,0,99,1,0,25,False,True,0,0,50,37,25,3.83,AI is off,AI is off,AI is off,AI is off,Not paired,AI is off,0,0,0
452000,4.5,0,1,0.3,0.21,0,0,99,1,0,25,False,True,0,0,52,39,27,3.83,AI is off,AI is off,AI is off,AI is off,Not paired,AI is off,0,0,0
454000,4.5,0,1,0.3,0.21,0,0,99,1,0,25,False,True,0,0,52,40,28,3.83,AI is off,AI is off,AI is off,AI is off,Not paired,AI is off,0,0,0
456000,4.3,0,1,0.3,0.21,0,0,99,1,0,25,False,True,0,0,51,39,27,3.83,AI is off,AI is off,AI is off,AI is off,Not paired,AI is off,0,0,0
458000,4.3,0,1,0.3,0.21,0,0,99,1,0,25,False,True,0,0,54,41,29,3.83,AI is off,AI is off,AI is off,AI is off,Not paired,AI is off,0,0,0
460000,4.5,0,1,0.3,0.21,0,0,99,1,0,25,False,True,0,0,52,39,27,3.83,AI is off,AI is off,AI is off,AI is off,Not paired,AI is off,0,0,0
462000,4.6,0,1,0.3,0.21,0,0,99,1,0,25,False,True,0,0,51,38,27,3.83,AI is off,AI is off,AI is off,AI is off,Not paired,AI is off,0,0,0
464000,4.5,0,1,0.3,0.21,0,0,99,1,0,25,False,True,0,0,53,39,27,3.83,AI is off,AI is off,AI is off,AI is off,Not paired,AI is off,0,0,0
466000,4.3,0,1,0.3,0.21,0,0,99,1,0,25,False,True,0,0,50,37,26,3.83,AI is off,AI is off,AI is off,AI is off,Not paired,AI is off,0,0,0
468000,4.3,0,1,0.3,0.21,0,0,99,1,0,25,False,True,0,0,52,39,28,3.83,AI is off,AI is off,AI is off,AI is off,Not paired,AI is off,0,0,0
470000,4.3,0,1,0.3,0.21,0,0,99,1,0,25,False,True,0,0,50,37,25,3.83,AI is off,AI is off,AI is off,AI is off,Not paired,AI is off,0,0,0
472000,4.4,0,1,0.3,0.21,0,0,99,1,0,25,False,True,0,0,52,39,28,3.83,AI is off,AI is off,AI is off,AI is off,Not paired,AI is off,0,0,0
474000,4.3,0,1,0.3,0.21,0,0,99,1,0,25,False,True,0,0,51,39,27,3.83,AI is off,AI is off,AI is off,AI is off,Not paired,AI is off,0,0,0
476000,4.5,0,1,0.3,0.21,0,0,99,1,0,25,False,True,0,0,54,41,30,3.83,AI is off,AI is off,AI is off,AI is off,Not paired,AI is off,0,0,0
478000,4.8,0,1,0.31,0.21,0,0,99,1,0,25,False,True,0,0,52,39,27,3.83,AI is off,AI is off,AI is off,AI is off,Not paired,AI is off,0,0,0
480000,4.8,0,1,0.31,0.21,0,0,99,1,0,25,False,True,0,0,52,39,27,3.83,AI is off,AI is off,AI is off,AI is off,Not paired,AI is off,0,0,0
482000,4.7,0,1,0.3,0.21,0,0,99,1,0,25,False,True,0,0,53,40,28,3.83,AI is off,AI is off,AI is off,AI is off,Not paired,AI is off,0,0,0
484000,4.7,0,1,0.3,0.21,0,0,99,1,0,25,False,True,0,0,51,39,28,3.83,AI is off,AI is off,AI is off,AI is off,Not paired,AI is off,0,0,0
486000,4.7,0,1,0.3,0.21,0,0,99,1,0,25,False,True,0,0,51,39,27,3.83,AI is off,AI is off,AI is off,AI is off,Not paired,AI is off,0,0,0
488000,4.7,0,1,0.3,0.21,0,0,99,1,0,25,False,True,0,0,51,39,27,3.83,AI is off,AI is off,AI is off,AI is off,Not paired,AI is off,0,0,0
490000,4.6,0,1,0.3,0.21,0,0,99,1,0,25,False,True,0,0,53,40,30,3.83,AI is off,AI is off,AI is off,AI is off,Not paired,AI is off,0,0,0
492000,4.4,0,1,0.3,0.21,0,0,99,1,0,25,False,True,0,0,51,39,27,3.83,AI is off,AI is off,AI is off,AI is off,Not paired,AI is off,0,0,0
494000,4.2,0,1,0.29,0.21,0,0,99,1,0,25,False,True,0,0,54,41,30,3.83,AI is off,AI is off,AI is off,AI is off,Not paired,AI is off,0,0,0
496000,4.2,0,1,0.29,0.21,0,0,99,1,0,25,False,True,0,0,53,39,28,3.83,AI is off,AI is off,AI is off,AI is off,Not paired,AI is off,0,0,0
498000,4.2,0,1,0.3,0.21,0,0,99,1,0,25,False,True,0,0,52,41,30,3.83,AI is off,AI is off,AI is off,AI is off,Not paired,AI is off,0,0,0
500000,4.5,0,1,0.3,0.21,0,0,99,1,0,25,False,True,0,0,51,39,27,3.83,AI is off,AI is off,AI is off,AI is off,Not paired,AI is off,0,0,0
502000,4.6,0,1,0.3,0.21,0,0,99,1,0,25,False,True,0,0,51,38,27,3.83,AI is off,AI is off,AI is off,AI is off,Not paired,AI is off,0,0,0
504000,4.8,0,1,0.31,0.21,0,0,99,1,0,25,False,True,0,0,53,41,30,3.83,AI is off,AI is off,AI is off,AI is off,Not paired,AI is off,0,0,0
506000,5,0,1,0.31,0.21,0,0,99,1,0,25,False,True,0,0,52,40,28,3.83,AI is off,AI is off,AI is off,AI is off,Not paired,AI is off,0,0,0
508000,5.3,0,1,0.32,0.21,0,0,99,1,0,25,False,True,0,0,51,38,27,3.83,AI is off,AI is off,AI is off,AI is off,Not paired,AI is off,0,0,0
510000,4.8,0,1,0.31,0.21,0,0,99,1,0,25,False,True,0,0,53,38,28,3.83,AI is off,AI is off,AI is off,AI is off,Not paired,AI is off,0,0,0
512000,4.9,0,1,0.31,0.21,0,0,99,1,0,25,False,True,0,0,49,36,25,3.83,AI is off,AI is off,AI is off,AI is off,Not paired,AI is off,0,0,0
514000,5,0,1,0.31,0.21,0,0,99,1,0,25,False,True,0,0,53,40,30,3.83,AI is off,AI is off,AI is off,AI is off,Not paired,AI is off,0,0,0
516000,4.8,0,1,0.31,0.21,0,0,99,1,0,25,False,True,0,0,53,40,30,3.83,AI is off,AI is off,AI is off,AI is off,Not paired,AI is off,0,0,0
518000,4.5,0,1,0.3,0.21,0,0,99,1,0,25,False,True,0,0,53,40,29,3.83,AI is off,AI is off,AI is off,AI is off,Not paired,AI is off,0,0,0
520000,4.4,0,1,0.3,0.21,0,0,99,1,0,25,False,True,0,0,52,39,29,3.83,AI is off,AI is off,AI is off,AI is off,Not paired,AI is off,0,0,0
522000,4.3,0,1,0.3,0.21,0,0,99,1,0,25,False,True,0,0,52,39,27,3.83,AI is off,AI is off,AI is off,AI is off,Not paired,AI is off,0,0,0
524000,4.2,0,1,0.29,0.21,0,0,99,1,0,25,False,True,0,0,51,39,27,3.83,AI is off,AI is off,AI is off,AI is off,Not paired,AI is off,0,0,0
526000,4.1,0,1,0.29,0.21,0,0,99,1,0,25,False,True,0,0,53,40,29,3.83,AI is off,AI is off,AI is off,AI is off,Not paired,AI is off,0,0,0
528000,4.3,0,1,0.3,0.21,0,0,99,1,0,25,False,True,0,0,52,39,27,3.83,AI is off,AI is off,AI is off,AI is off,Not paired,AI is off,0,0,0
530000,4.4,0,1,0.3,0.21,0,0,99,1,0,25,False,True,0,0,52,39,28,3.83,AI is off,AI is off,AI is off,AI is off,Not paired,AI is off,0,0,0
532000,4.4,0,1,0.3,0.21,0,0,99,1,0,25,False,True,0,0,53,41,31,3.83,AI is off,AI is off,AI is off,AI is off,Not paired,AI is off,0,0,0
534000,4.4,0,1,0.3,0.21,0,0,99,1,0,25,False,True,0,0,53,39,29,3.83,AI is off,AI is off,AI is off,AI is off,Not paired,AI is off,0,0,0
536000,4.2,0,1,0.29,0.21,0,0,99,1,0,25,False,True,0,0,52,37,27,3.83,AI is off,AI is off,AI is off,AI is off,Not paired,AI is off,0,0,0
538000,4.2,0,1,0.29,0.21,0,0,99,1,0,25,False,True,0,0,53,40,28,3.83,AI is off,AI is off,AI is off,AI is off,Not paired,AI is off,0,0,0
540000,4.2,0,1,0.29,0.21,0,0,99,1,0,25,False,True,0,0,51,39,27,3.83,AI is off,AI is off,AI is off,AI is off,Not paired,AI is off,0,0,0
542000,4.1,0,1,0.29,0.21,0,0,99,1,0,25,False,True,0,0,52,40,28,3.83,AI is off,AI is off,AI is off,AI is off,Not paired,AI is off,0,0,0
544000,4,0,1,0.29,0.21,0,0,99,1,0,25,False,True,0,0,53,41,30,3.83,AI is off,AI is off,AI is off,AI is off,Not paired,AI is off,0,0,0
546000,4.2,0,1,0.29,0.21,0,0,99,1,0,25,False,True,0,0,52,38,28,3.83,AI is off,AI is off,AI is off,AI is off,Not paired,AI is off,0,0,0
548000,4.4,0,1,0.3,0.21,0,0,99,1,0,25,False,True,0,0,50,35,25,3.83,AI is off,AI is off,AI is off,AI is off,Not paired,AI is off,0,0,0
550000,4.4,0,1,0.3,0.21,0,0,99,1,0,25,False,True,0,0,52,36,27,3.83,AI is off,AI is off,AI is off,AI is off,Not paired,AI is off,0,0,0
552000,4.4,0,1,0.3,0.21,0,0,99,1,0,25,False,True,0,0,50,37,25,3.83,AI is off,AI is off,AI is off,AI is off,Not paired,AI is off,0,0,0
554000,4.7,0,1,0.3,0.21,0,0,99,1,0,25,False,True,0,0,51,38,26,3.83,AI is off,AI is off,AI is off,AI is off,Not paired,AI is off,0,0,0
556000,4.8,0,1,0.31,0.21,0,0,99,1,0,25,False,True,0,0,53,40,29,3.83,AI is off,AI is off,AI is off,AI is off,Not paired,AI is off,0,0,0
558000,4.8,0,1,0.31,0.21,0,0,99,1,0,25,False,True,0,0,52,40,29,3.83,AI is off,AI is off,AI is off,AI is off,Not paired,AI is off,0,0,0
560000,5,0,1,0.31,0.21,0,0,99,1,0,25,False,True,0,0,51,37,27,3.83,AI is off,AI is off,AI is off,AI is off,Not paired,AI is off,0,0,0
562000,5.2,0,1,0.32,0.21,0,0,99,1,0,25,False,True,0,0,51,39,28,3.83,AI is off,AI is off,AI is off,AI is off,Not paired,AI is off,0,0,0
564000,4.9,0,1,0.31,0.21,0,0,99,1,0,25,False,True,0,0,49,36,25,3.83,AI is off,AI is off,AI is off,AI is off,Not paired,AI is off,0,0,0
566000,4.6,0,1,0.3,0.21,0,0,99,1,0,25,False,True,0,0,52,40,29,3.83,AI is off,AI is off,AI is off,AI is off,Not paired,AI is off,0,0,0
568000,4.7,0,1,0.3,0.21,0,0,99,1,0,25,False,True,0,0,51,39,26,3.83,AI is off,AI is off,AI is off,AI is off,Not paired,AI is off,0,0,0
570000,4.7,0,1,0.3,0.21,0,0,99,1,0,25,False,True,0,0,52,40,29,3.83,AI is off,AI is off,AI is off,AI is off,Not paired,AI is off,0,0,0
572000,4.5,0,1,0.3,0.21,0,0,99,1,0,25,False,True,0,0,51,38,27,3.83,AI is off,AI is off,AI is off,AI is off,Not paired,AI is off,0,0,0
574000,4.5,0,1,0.3,0.21,0,0,99,1,0,25,False,True,0,0,50,37,26,3.83,AI is off,AI is off,AI is off,AI is off,Not paired,AI is off,0,0,0
576000,4.4,0,1,0.3,0.21,0,0,99,1,0,25,False,True,0,0,50,38,26,3.83,AI is off,AI is off,AI is off,AI is off,Not paired,AI is off,0,0,0
578000,4.1,0,1,0.29,0.21,0,0,99,1,0,25,False,True,0,0,51,38,28,3.83,AI is off,AI is off,AI is off,AI is off,Not paired,AI is off,0,0,0
580000,4.1,0,1,0.29,0.21,0,0,99,1,0,25,False,True,0,0,53,41,30,3.83,AI is off,AI is off,AI is off,AI is off,Not paired,AI is off,0,0,0
582000,4.1,0,1,0.29,0.21,0,0,99,1,0,25,False,True,0,0,52,39,26,3.83,AI is off,AI is off,AI is off,AI is off,Not paired,AI is off,0,0,0
584000,4.1,0,1,0.29,0.21,0,0,99,1,0,25,False,True,0,0,55,39,27,3.83,AI is off,AI is off,AI is off,AI is off,Not paired,AI is off,0,0,0
586000,4.3,0,1,0.3,0.21,0,0,99,1,0,25,False,True,0,0,53,39,26,3.83,AI is off,AI is off,AI is off,AI is off,Not paired,AI is off,0,0,0
588000,4.3,0,1,0.3,0.21,0,0,99,1,0,25,False,True,0,0,54,38,28,3.83,AI is off,AI is off,AI is off,AI is off,Not paired,AI is off,0,0,0
590000,4,0,1,0.29,0.21,0,0,99,1,0,25,False,True,0,0,53,38,28,3.83,AI is off,AI is off,AI is off,AI is off,Not paired,AI is off,0,0,0
592000,3.9,0,1,0.29,0.21,0,0,99,1,0,25,False,True,0,0,53,39,27,3.83,AI is off,AI is off,AI is off,AI is off,Not paired,AI is off,0,0,0
594000,3.9,0,1,0.29,0.21,0,0,99,1,0,25,False,True,0,0,53,38,27,3.83,AI is off,AI is off,AI is off,AI is off,Not paired,AI is off,0,0,0
596000,3.9,0,1,0.29,0.21,0,0,99,1,0,25,False,True,0,0,53,38,27,3.83,AI is off,AI is off,AI is off,AI is off,Not paired,AI is off,0,0,0
598000,4,0,1,0.29,0.21,0,0,99,1,0,25,False,True,0,0,53,39,29,3.83,AI is off,AI is off,AI is off,AI is off,Not paired,AI is off,0,0,0
600000,4,0,1,0.29,0.21,0,0,99,1,0,25,False,True,0,0,53,41,30,3.83,AI is off,AI is off,AI is off,AI is off,Not paired,AI is off,0,0,0
602000,4,0,1,0.29,0.21,0,0,99,1,0,25,False,True,0,0,52,40,29,3.83,AI is off,AI is off,AI is off,AI is off,Not paired,AI is off,0,0,0
604000,4.1,0,1,0.29,0.21,0,0,99,1,0,25,False,True,0,0,54,41,30,3.83,AI is off,AI is off,AI is off,AI is off,Not paired,AI is off,0,0,0
606000,4.2,0,1,0.29,0.21,0,0,99,1,0,25,False,True,0,0,52,36,26,3.83,AI is off,AI is off,AI is off,AI is off,Not paired,AI is off,0,0,0
608000,4.2,0,1,0.29,0.21,0,0,99,1,0,25,False,True,0,0,53,40,28,3.83,AI is off,AI is off,AI is off,AI is off,Not paired,AI is off,0,0,0
610000,4.2,0,1,0.29,0.21,0,0,99,1,0,25,False,True,0,0,53,41,30,3.83,AI is off,AI is off,AI is off,AI is off,Not paired,AI is off,0,0,0
612000,4.3,0,1,0.3,0.21,0,0,99,1,0,25,False,True,0,0,53,41,30,3.83,AI is off,AI is off,AI is off,AI is off,Not paired,AI is off,0,0,0
614000,4.4,0,1,0.3,0.21,0,0,99,1,0,25,False,True,0,0,53,38,28,3.83,AI is off,AI is off,AI is off,AI is off,Not paired,AI is off,0,0,0
616000,4.6,0,1,0.3,0.21,0,0,99,1,0,25,False,True,0,0,53,40,29,3.83,AI is off,AI is off,AI is off,AI is off,Not paired,AI is off,0,0,0
618000,4.8,0,1,0.31,0.21,0,0,99,1,0,25,False,True,0,0,53,38,29,3.83,AI is off,AI is off,AI is off,AI is off,Not paired,AI is off,0,0,0
620000,5,0,1,0.31,0.21,0,0,99,1,0,25,False,True,0,0,50,37,25,3.83,AI is off,AI is off,AI is off,AI is off,Not paired,AI is off,0,0,0
622000,5.4,0,1,0.32,0.21,0,0,99,1,0,25,False,True,0,0,51,38,27,3.83,AI is off,AI is off,AI is off,AI is off,Not paired,AI is off,0,0,0
624000,5.9,0,1,0.33,0.21,0,0,99,1,0,25,False,True,0,0,51,39,28,3.83,AI is off,AI is off,AI is off,AI is off,Not paired,AI is off,0,0,0
626000,6.1,0,1,0.33,0.21,0,0,99,1,0,25,False,True,0,0,49,36,25,3.83,AI is off,AI is off,AI is off,AI is off,Not paired,AI is off,0,0,0
628000,6.2,0,1,0.34,0.21,0,0,99,1,0,25,False,True,0,0,50,37,27,3.83,AI is off,AI is off,AI is off,AI is off,Not paired,AI is off,0,0,0
630000,6.3,0,1,0.34,0.21,0,0,99,1,0,25,False,True,0,0,51,38,26,3.83,AI is off,AI is off,AI is off,AI is off,Not paired,AI is off,0,0,0
632000,6.6,0,1,0.35,0.21,0,0,99,1,0,25,False,True,0,0,52,39,30,3.83,AI is off,AI is off,AI is off,AI is off,Not paired,AI is off,0,0,0
634000,6.6,0,1,0.35,0.21,0,0,99,1,0,25,False,True,0,0,52,40,29,3.83,AI is off,AI is off,AI is off,AI is off,Not paired,AI is off,0,0,0
636000,6.6,0,1,0.35,0.21,0,0,99,1,0,25,False,True,0,0,52,41,29,3.83,AI is off,AI is off,AI is off,AI is off,Not paired,AI is off,0,0,0
638000,6.7,0,1,0.35,0.21,0,0,99,1,0,25,False,True,0,0,52,39,27,3.83,AI is off,AI is off,AI is off,AI is off,Not paired,AI is off,0,0,0
640000,6.8,0,1,0.35,0.21,0,0,99,1,0,25,False,True,0,0,52,39,30,3.83,AI is off,AI is off,AI is off,AI is off,Not paired,AI is off,0,0,0
642000,7.1,0,1,0.35,0.21,0,0,99,1,0,25,False,True,0,0,50,37,26,3.83,AI is off,AI is off,AI is off,AI is off,Not paired,AI is off,0,0,0
644000,7.2,0,1,0.36,0.21,0,0,99,1,0,25,False,True,0,0,52,39,30,3.83,AI is off,AI is off,AI is off,AI is off,Not paired,AI is off,0,0,0
646000,7.3,0,1,0.36,0.21,0,0,99,1,0,25,False,True,0,0,52,39,30,3.83,AI is off,AI is off,AI is off,AI is off,Not paired,AI is off,0,0,0
648000,7.6,0,1,0.37,0.21,0,0,99,1,0,25,False,True,0,0,50,37,26,3.83,AI is off,AI is off,AI is off,AI is off,Not paired,AI is off,0,0,0
650000,7.9,0,1,0.37,0.21,0,0,99,1,0,25,False,True,0,0,51,38,26,3.83,AI is off,AI is off,AI is off,AI is off,Not paired,AI is off,0,0,0
652000,7.7,0,1,0.37,0.21,0,0,99,1,0,25,False,True,0,0,51,39,28,3.83,AI is off,AI is off,AI is off,AI is off,Not paired,AI is off,0,0,0
654000,7.6,0,1,0.36,0.21,0,0,99,1,0,25,False,True,0,0,50,38,27,3.83,AI is off,AI is off,AI is off,AI is off,Not paired,AI is off,0,0,0
656000,7.6,0,1,0.37,0.21,0,0,99,1,0,25,False,True,0,0,52,39,29,3.83,AI is off,AI is off,AI is off,AI is off,Not paired,AI is off,0,0,0
658000,7.6,0,1,0.36,0.21,0,0,99,1,0,25,False,True,0,0,51,38,28,3.83,AI is off,AI is off,AI is off,AI is off,Not paired,AI is off,0,0,0
660000,7.5,0,1,0.36,0.21,0,0,99,1,0,25,False,True,0,0,52,39,30,3.83,AI is off,AI is off,AI is off,AI is off,Not paired,AI is off,0,0,0
662000,7.2,0,1,0.36,0.21,0,0,99,1,0,25,False,True,0,0,51,39,28,3.83,AI is off,AI is off,AI is off,AI is off,Not paired,AI is off,0,0,0
664000,6.9,0,1,0.35,0.21,0,0,99,1,0,25,False,True,0,0,54,39,28,3.83,AI is off,AI is off,AI is off,AI is off,Not paired,AI is off,0,0,0
666000,6.9,0,1,0.35,0.21,0,0,99,1,0,25,False,True,0,0,53,40,29,3.83,AI is off,AI is off,AI is off,AI is off,Not paired,AI is off,0,0,0
668000,7,0,1,0.35,0.21,0,0,99,1,0,25,False,True,0,0,52,40,28,3.83,AI is off,AI is off,AI is off,AI is off,Not paired,AI is off,0,0,0
670000,7,0,1,0.35,0.21,0,0,99,1,0,25,False,True,0,0,52,40,28,3.83,AI is off,AI is off,AI is off,AI is off,Not paired,AI is off,0,0,0
672000,6.9,0,1,0.35,0.21,0,0,99,1,0,25,False,True,0,0,53,40,29,3.83,AI is off,AI is off,AI is off,AI is off,Not paired,AI is off,0,0,0
674000,6.9,0,1,0.35,0.21,0,0,99,1,0,25,False,True,0,0,53,40,29,3.83,AI is off,AI is off,AI is off,AI is off,Not paired,AI is off,0,0,0
676000,6.9,0,1,0.35,0.21,0,0,99,1,0,25,False,True,0,0,53,41,30,3.83,AI is off,AI is off,AI is off,AI is off,Not paired,AI is off,0,0,0
678000,7,0,1,0.35,0.21,0,0,99,1,0,25,False,True,0,0,54,41,30,3.83,AI is off,AI is off,AI is off,AI is off,Not paired,AI is off,0,0,0
680000,7,0,1,0.35,0.21,0,0,99,1,0,25,False,True,0,0,55,41,29,3.83,AI is off,AI is off,AI is off,AI is off,Not paired,AI is off,0,0,0
682000,7,0,1,0.35,0.21,0,0,99,1,0,25,False,True,0,0,53,38,26,3.83,AI is off,AI is off,AI is off,AI is off,Not paired,AI is off,0,0,0
684000,7.2,0,1,0.36,0.21,0,0,99,1,0,25,False,True,0,0,53,38,27,3.83,AI is off,AI is off,AI is off,AI is off,Not paired,AI is off,0,0,0
686000,7.2,0,1,0.36,0.21,0,0,99,1,0,25,False,True,0,0,53,39,28,3.83,AI is off,AI is off,AI is off,AI is off,Not paired,AI is off,0,0,0
688000,7.2,0,1,0.36,0.21,0,0,99,1,0,25,False,True,0,0,53,39,29,3.83,AI is off,AI is off,AI is off,AI is off,Not paired,AI is off,0,0,0
690000,7.4,0,1,0.36,0.21,0,0,99,1,0,25,False,True,0,0,53,39,29,3.83,AI is off,AI is off,AI is off,AI is off,Not paired,AI is off,0,0,0
692000,7.4,0,1,0.36,0.21,0,0,99,1,0,25,False,True,0,0,66,48,35,3.83,AI is off,AI is off,AI is off,AI is off,Not paired,AI is off,0,0,0
694000,7.2,0,1,0.36,0.21,0,0,99,1,0,25,False,True,0,0,69,52,39,3.83,AI is off,AI is off,AI is off,AI is off,Not paired,AI is off,0,0,0
696000,7.2,0,1,0.36,0.21,0,0,99,1,0,25,False,True,0,0,53,40,30,3.83,AI is off,AI is off,AI is off,AI is off,Not paired,AI is off,0,0,0
698000,7.3,0,1,0.36,0.21,0,0,99,1,0,25,False,True,0,0,54,41,30,3.83,AI is off,AI is off,AI is off,AI is off,Not paired,AI is off,0,0,0
700000,7.2,0,1,0.36,0.21,0,0,99,1,0,25,False,True,0,0,54,38,28,3.83,AI is off,AI is off,AI is off,AI is off,Not paired,AI is off,0,0,0
702000,7.2,0,1,0.36,0.21,0,0,99,1,0,25,False,True,0,0,54,40,29,3.83,AI is off,AI is off,AI is off,AI is off,Not paired,AI is off,0,0,0
704000,7.2,0,1,0.36,0.21,0,0,99,1,0,25,False,True,0,0,57,43,32,3.83,AI is off,AI is off,AI is off,AI is off,Not paired,AI is off,0,0,0
706000,7.3,0,1,0.36,0.21,0,0,99,1,0,25,False,True,0,0,68,51,38,3.83,AI is off,AI is off,AI is off,AI is off,Not paired,AI is off,0,0,0
708000,7.3,0,1,0.36,0.21,0,0,99,1,0,25,False,True,0,0,67,50,38,3.83,AI is off,AI is off,AI is off,AI is off,Not paired,AI is off,0,0,0
710000,7.4,0,1,0.36,0.21,0,0,99,1,0,25,False,True,0,0,67,50,37,3.83,AI is off,AI is off,AI is off,AI is off,Not paired,AI is off,0,0,0
712000,7.5,0,1,0.36,0.21,0,0,99,1,0,25,False,True,0,0,69,51,39,3.83,AI is off,AI is off,AI is off,AI is off,Not paired,AI is off,0,0,0
714000,7.5,0,1,0.36,0.21,0,0,99,1,0,25,False,True,0,0,58,41,31,3.83,AI is off,AI is off,AI is off,AI is off,Not paired,AI is off,0,0,0
716000,7.5,0,1,0.36,0.21,0,0,99,1,0,25,False,True,0,0,55,41,29,3.83,AI is off,AI is off,AI is off,AI is off,Not paired,AI is off,0,0,0
718000,7.5,0,1,0.36,0.21,0,0,99,1,0,25,False,True,0,0,68,52,39,3.83,AI is off,AI is off,AI is off,AI is off,Not paired,AI is off,0,0,0
720000,7.5,0,1,0.36,0.21,0,0,99,1,0,25,False,True,0,0,60,44,33,3.83,AI is off,AI is off,AI is off,AI is off,Not paired,AI is off,0,0,0
722000,7.5,0,1,0.36,0.21,0,0,99,1,0,25,False,True,0,0,59,44,34,3.83,AI is off,AI is off,AI is off,AI is off,Not paired,AI is off,0,0,0
724000,7.6,0,1,0.36,0.21,0,0,99,1,0,25,False,True,0,0,58,44,32,3.83,AI is off,AI is off,AI is off,AI is off,Not paired,AI is off,0,0,0
726000,7.5,0,1,0.36,0.21,0,0,99,1,0,25,False,True,0,0,68,50,38,3.83,AI is off,AI is off,AI is off,AI is off,Not paired,AI is off,0,0,0
728000,7.6,0,1,0.36,0.21,0,0,99,1,0,25,False,True,0,0,65,49,36,3.83,AI is off,AI is off,AI is off,AI is off,Not paired,AI is off,0,0,0
730000,7.5,0,1,0.36,0.21,0,0,99,1,0,25,False,True,0,0,69,52,39,3.83,AI is off,AI is off,AI is off,AI is off,Not paired,AI is off,0,0,0
732000,7.5,0,1,0.36,0.21,0,0,99,1,0,25,False,True,0,0,56,41,30,3.83,AI is off,AI is off,AI is off,AI is off,Not paired,AI is off,0,0,0
734000,7.5,0,1,0.36,0.21,0,0,99,1,0,25,False,True,0,0,69,51,39,3.83,AI is off,AI is off,AI is off,AI is off,Not paired,AI is off,0,0,0
736000,7.5,0,1,0.36,0.21,0,0,99,1,0,25,False,True,0,0,59,44,33,3.83,AI is off,AI is off,AI is off,AI is off,Not paired,AI is off,0,0,0
738000,7.4,0,1,0.36,0.21,0,0,99,1,0,25,False,True,0,0,62,47,34,3.83,AI is off,AI is off,AI is off,AI is off,Not paired,AI is off,0,0,0
740000,7.3,0,1,0.36,0.21,0,0,99,1,0,25,False,True,0,0,60,45,33,3.83,AI is off,AI is off,AI is off,AI is off,Not paired,AI is off,0,0,0
742000,7.1,0,1,0.36,0.21,0,0,99,1,0,25,False,True,0,0,59,43,32,3.83,AI is off,AI is off,AI is off,AI is off,Not paired,AI is off,0,0,0
744000,7.1,0,1,0.36,0.21,0,0,99,1,0,25,False,True,0,0,66,51,37,3.83,AI is off,AI is off,AI is off,AI is off,Not paired,AI is off,0,0,0
746000,7.2,0,1,0.36,0.21,0,0,99,1,0,25,False,True,0,0,62,45,32,3.83,AI is off,AI is off,AI is off,AI is off,Not paired,AI is off,0,0,0
748000,7,0,1,0.35,0.21,0,0,99,1,0,25,False,True,0,0,56,43,32,3.83,AI is off,AI is off,AI is off,AI is off,Not paired,AI is off,0,0,0
750000,6.9,0,1,0.35,0.21,0,0,99,1,0,25,False,True,0,0,53,41,29,3.83,AI is off,AI is off,AI is off,AI is off,Not paired,AI is off,0,0,0
752000,6.9,0,1,0.35,0.21,0,0,99,1,0,25,False,True,0,0,62,47,34,3.83,AI is off,AI is off,AI is off,AI is off,Not paired,AI is off,0,0,0
754000,6.9,0,1,0.35,0.21,0,0,99,1,0,25,False,True,0,0,59,43,32,3.83,AI is off,AI is off,AI is off,AI is off,Not paired,AI is off,0,0,0
756000,6.8,0,1,0.35,0.21,0,0,99,1,0,25,False,True,0,0,68,51,38,3.83,AI is off,AI is off,AI is off,AI is off,Not paired,AI is off,0,0,0
758000,6.8,0,1,0.35,0.21,0,0,99,1,0,25,False,True,0,0,67,52,37,3.83,AI is off,AI is off,AI is off,AI is off,Not paired,AI is off,0,0,0
760000,6.8,0,1,0.35,0.21,0,0,99,1,0,25,False,True,0,0,60,44,33,3.83,AI is off,AI is off,AI is off,AI is off,Not paired,AI is off,0,0,0
762000,6.8,0,1,0.35,0.21,0,0,99,1,0,25,False,True,0,0,66,49,35,3.83,AI is off,AI is off,AI is off,AI is off,Not paired,AI is off,0,0,0
764000,6.9,0,1,0.35,0.21,0,0,99,1,0,25,False,True,0,0,69,51,39,3.83,AI is off,AI is off,AI is off,AI is off,Not paired,AI is off,0,0,0
766000,6.9,0,1,0.35,0.21,0,0,99,1,0,25,False,True,0,0,63,47,34,3.83,AI is off,AI is off,AI is off,AI is off,Not paired,AI is off,0,0,0
768000,6.7,0,1,0.35,0.21,0,0,99,1,0,25,False,True,0,0,66,50,36,3.83,AI is off,AI is off,AI is off,AI is off,Not paired,AI is off,0,0,0
770000,6.7,0,1,0.34,0.21,0,0,99,1,0,25,False,True,0,0,54,40,30,3.83,AI is off,AI is off,AI is off,AI is off,Not paired,AI is off,0,0,0
772000,6.8,0,1,0.35,0.21,0,0,99,1,0,25,False,True,0,0,52,38,27,3.83,AI is off,AI is off,AI is off,AI is off,Not paired,AI is off,0,0,0
774000,6.7,0,1,0.35,0.21,0,0,99,1,0,25,False,True,0,0,63,48,35,3.83,AI is off,AI is off,AI is off,AI is off,Not paired,AI is off,0,0,0
776000,6.5,0,1,0.34,0.21,0,0,99,1,0,25,False,True,0,0,63,49,37,3.83,AI is off,AI is off,AI is off,AI is off,Not paired,AI is off,0,0,0
778000,6.6,0,1,0.34,0.21,0,0,99,1,0,25,False,True,0,0,58,42,31,3.83,AI is off,AI is off,AI is off,AI is off,Not paired,AI is off,0,0,0
780000,6.5,0,1,0.34,0.21,0,0,99,1,0,25,False,True,0,0,64,49,36,3.83,AI is off,AI is off,AI is off,AI is off,Not paired,AI is off,0,0,0
782000,6.3,0,1,0.34,0.21,0,0,99,1,0,25,False,True,0,0,68,51,38,3.83,AI is off,AI is off,AI is off,AI is off,Not paired,AI is off,0,0,0
784000,6.3,0,1,0.34,0.21,0,0,99,1,0,25,False,True,0,0,56,43,32,3.83,AI is off,AI is off,AI is off,AI is off,Not paired,AI is off,0,0,0
786000,6.3,0,1,0.34,0.21,0,0,99,1,0,25,False,True,0,0,62,46,34,3.83,AI is off,AI is off,AI is off,AI is off,Not paired,AI is off,0,0,0
788000,6.2,0,1,0.34,0.21,0,0,99,1,0,25,False,True,0,0,56,42,30,3.83,AI is off,AI is off,AI is off,AI is off,Not paired,AI is off,0,0,0
790000,6.1,0,1,0.33,0.21,0,0,99,1,0,25,False,True,0,0,58,45,34,3.83,AI is off,AI is off,AI is off,AI is off,Not paired,AI is off,0,0,0
792000,6,0,1,0.33,0.21,0,0,99,1,0,25,False,True,0,0,54,39,27,3.83,AI is off,AI is off,AI is off,AI is off,Not paired,AI is off,0,0,0
794000,5.9,0,1,0.33,0.21,0,0,99,1,0,25,False,True,0,0,56,42,31,3.83,AI is off,AI is off,AI is off,AI is off,Not paired,AI is off,0,0,0
796000,5.7,0,1,0.33,0.21,0,0,99,1,0,25,False,True,0,0,57,41,30,3.83,AI is off,AI is off,AI is off,AI is off,Not paired,AI is off,0,0,0
798000,5.7,0,1,0.33,0.21,0,0,99,1,0,25,False,True,0,0,58,44,31,3.83,AI is off,AI is off,AI is off,AI is off,Not paired,AI is off,0,0,0
800000,5.7,0,1,0.33,0.21,0,0,99,1,0,25,False,True,0,0,57,41,31,3.83,AI is off,AI is off,AI is off,AI is off,Not paired,AI is off,0,0,0
802000,5.5,0,1,0.32,0.21,0,0,99,1,0,25,False,True,0,0,57,42,30,3.83,AI is off,AI is off,AI is off,AI is off,Not paired,AI is off,0,0,0
804000,5.5,0,1,0.32,0.21,0,0,99,1,0,25,False,True,0,0,57,44,32,3.83,AI is off,AI is off,AI is off,AI is off,Not paired,AI is off,0,0,0
806000,5.6,0,1,0.32,0.21,0,0,99,1,0,25,False,True,0,0,59,44,33,3.83,AI is off,AI is off,AI is off,AI is off,Not paired,AI is off,0,0,0
808000,5.6,0,1,0.32,0.21,0,0,99,1,0,25,False,True,0,0,57,43,31,3.83,AI is off,AI is off,AI is off,AI is off,Not paired,AI is off,0,0,0
810000,5.5,0,1,0.32,0.21,0,0,99,1,0,25,False,True,0,0,59,43,32,3.83,AI is off,AI is off,AI is off,AI is off,Not paired,AI is off,0,0,0
812000,5.6,0,1,0.32,0.21,0,0,99,1,0,25,False,True,0,0,67,49,36,3.83,AI is off,AI is off,AI is off,AI is off,Not paired,AI is off,0,0,0
814000,5.9,0,1,0.33,0.21,0,0,99,1,0,25,False,True,0,0,55,41,30,3.83,AI is off,AI is off,AI is off,AI is off,Not paired,AI is off,0,0,0
816000,5.9,0,1,0.33,0.21,0,0,99,1,0,25,False,True,0,0,53,41,31,3.83,AI is off,AI is off,AI is off,AI is off,Not paired,AI is off,0,0,0
818000,6.1,0,1,0.33,0.21,0,0,99,1,0,25,False,True,0,0,53,38,28,3.83,AI is off,AI is off,AI is off,AI is off,Not paired,AI is off,0,0,0
820000,6.4,0,1,0.34,0.21,0,0,99,1,0,25,False,True,0,0,54,38,28,3.83,AI is off,AI is off,AI is off,AI is off,Not paired,AI is off,0,0,0
822000,6.5,0,1,0.34,0.21,0,0,99,1,0,25,False,True,0,0,52,40,29,3.83,AI is off,AI is off,AI is off,AI is off,Not paired,AI is off,0,0,0
824000,6.6,0,1,0.34,0.21,0,0,99,1,0,25,False,True,0,0,54,39,29,3.83,AI is off,AI is off,AI is off,AI is off,Not paired,AI is off,0,0,0
826000,6.5,0,1,0.34,0.21,0,0,99,1,0,25,False,True,0,0,52,38,27,3.83,AI is off,AI is off,AI is off,AI is off,Not paired,AI is off,0,0,0
828000,6.5,0,1,0.34,0.21,0,0,99,1,0,25,False,True,0,0,54,40,29,3.83,AI is off,AI is off,AI is off,AI is off,Not paired,AI is off,0,0,0
830000,6.3,0,1,0.34,0.21,0,0,99,1,0,25,False,True,0,0,55,40,28,3.83,AI is off,AI is off,AI is off,AI is off,Not paired,AI is off,0,0,0
832000,6.2,0,1,0.34,0.21,0,0,99,1,0,25,False,True,0,0,54,40,28,3.83,AI is off,AI is off,AI is off,AI is off,Not paired,AI is off,0,0,0
834000,6.2,0,1,0.34,0.21,0,0,99,1,0,25,False,True,0,0,58,43,31,3.83,AI is off,AI is off,AI is off,AI is off,Not paired,AI is off,0,0,0
836000,6.1,0,1,0.34,0.21,0,0,99,1,0,25,False,True,0,0,53,40,28,3.83,AI is off,AI is off,AI is off,AI is off,Not paired,AI is off,0,0,0
838000,6.1,0,1,0.33,0.21,0,0,99,1,0,25,False,True,0,0,62,48,37,3.83,AI is off,AI is off,AI is off,AI is off,Not paired,AI is off,0,0,0
840000,6.2,0,1,0.34,0.21,0,0,99,1,0,25,False,True,0,0,68,51,38,3.83,AI is off,AI is off,AI is off,AI is off,Not paired,AI is off,0,0,0
842000,6.1,0,1,0.34,0.21,0,0,99,1,0,25,False,True,0,0,68,50,38,3.83,AI is off,AI is off,AI is off,AI is off,Not paired,AI is off,0,0,0
844000,6,0,1,0.33,0.21,0,0,99,1,0,25,False,True,0,0,63,47,35,3.83,AI is off,AI is off,AI is off,AI is off,Not paired,AI is off,0,0,0
846000,6,0,1,0.33,0.21,0,0,99,1,0,25,False,True,0,0,58,43,31,3.83,AI is off,AI is off,AI is off,AI is off,Not paired,AI is off,0,0,0
848000,6.2,0,1,0.33,0.21,0,0,99,1,0,25,False,True,0,0,55,41,31,3.83,AI is off,AI is off,AI is off,AI is off,Not paired,AI is off,0,0,0
850000,6.2,0,1,0.34,0.21,0,0,99,1,0,25,False,True,0,0,54,39,27,3.83,AI is off,AI is off,AI is off,AI is off,Not paired,AI is off,0,0,0
852000,6.1,0,1,0.33,0.21,0,0,99,1,0,25,False,True,0,0,54,39,30,3.83,AI is off,AI is off,AI is off,AI is off,Not paired,AI is off,0,0,0
854000,6.1,0,1,0.34,0.21,0,0,99,1,0,25,False,True,0,0,58,44,32,3.83,AI is off,AI is off,AI is off,AI is off,Not paired,AI is off,0,0,0
856000,6.1,0,1,0.33,0.21,0,0,99,1,0,25,False,True,0,0,55,40,29,3.83,AI is off,AI is off,AI is off,AI is off,Not paired,AI is off,0,0,0
858000,6,0,1,0.33,0.21,0,0,99,1,0,25,False,True,0,0,55,40,29,3.83,AI is off,AI is off,AI is off,AI is off,Not paired,AI is off,0,0,0
860000,6,0,1,0.33,0.21,0,0,99,1,0,25,False,True,0,0,55,40,28,3.83,AI is off,AI is off,AI is off,AI is off,Not paired,AI is off,0,0,0
862000,6,0,1,0.33,0.21,0,0,99,1,0,25,False,True,0,0,57,42,31,3.83,AI is off,AI is off,AI is off,AI is off,Not paired,AI is off,0,0,0
864000,6,0,1,0.33,0.21,0,0,99,1,0,25,False,True,0,0,60,45,33,3.83,AI is off,AI is off,AI is off,AI is off,Not paired,AI is off,0,0,0
866000,6.1,0,1,0.33,0.21,0,0,99,1,0,25,False,True,0,0,66,49,36,3.83,AI is off,AI is off,AI is off,AI is off,Not paired,AI is off,0,0,0
868000,6.1,0,1,0.33,0.21,0,0,99,1,0,25,False,True,0,0,67,49,36,3.83,AI is off,AI is off,AI is off,AI is off,Not paired,AI is off,0,0,0
870000,6,0,1,0.33,0.21,0,0,99,1,0,25,False,True,0,0,58,43,32,3.83,AI is off,AI is off,AI is off,AI is off,Not paired,AI is off,0,0,0
872000,6.1,0,1,0.33,0.21,0,0,99,1,0,25,False,True,0,0,51,39,27,3.83,AI is off,AI is off,AI is off,AI is off,Not paired,AI is off,0,0,0
874000,6,0,1,0.33,0.21,0,0,99,1,0,25,False,True,0,0,51,40,28,3.83,AI is off,AI is off,AI is off,AI is off,Not paired,AI is off,0,0,0
876000,6,0,1,0.33,0.21,0,0,99,1,0,25,False,True,0,0,53,38,28,3.83,AI is off,AI is off,AI is off,AI is off,Not paired,AI is off,0,0,0
878000,6,0,1,0.33,0.21,0,0,99,1,0,25,False,True,0,0,54,40,29,3.83,AI is off,AI is off,AI is off,AI is off,Not paired,AI is off,0,0,0
880000,6.1,0,1,0.33,0.21,0,0,99,1,0,25,False,True,0,0,54,39,27,3.83,AI is off,AI is off,AI is off,AI is off,Not paired,AI is off,0,0,0
882000,6.2,0,1,0.34,0.21,0,0,99,1,0,25,False,True,0,0,55,40,29,3.83,AI is off,AI is off,AI is off,AI is off,Not paired,AI is off,0,0,0
884000,6.3,0,1,0.34,0.21,0,0,99,1,0,25,False,True,0,0,54,39,30,3.83,AI is off,AI is off,AI is off,AI is off,Not paired,AI is off,0,0,0
886000,6.4,0,1,0.34,0.21,0,0,99,1,0,25,False,True,0,0,54,39,29,3.83,AI is off,AI is off,AI is off,AI is off,Not paired,AI is off,0,0,0
888000,6.4,0,1,0.34,0.21,0,0,99,1,0,25,False,True,0,0,53,39,30,3.83,AI is off,AI is off,AI is off,AI is off,Not paired,AI is off,0,0,0
890000,6.4,0,1,0.34,0.21,0,0,99,1,0,26,False,True,0,0,51,39,27,3.83,AI is off,AI is off,AI is off,AI is off,Not paired,AI is off,0,0,0
892000,6.4,0,1,0.34,0.21,0,0,99,1,0,25,False,True,0,0,52,39,28,3.83,AI is off,AI is off,AI is off,AI is off,Not paired,AI is off,0,0,0
894000,6.3,0,1,0.34,0.21,0,0,99,1,0,25,False,True,0,0,55,40,29,3.83,AI is off,AI is off,AI is off,AI is off,Not paired,AI is off,0,0,0
896000,6.5,0,1,0.34,0.21,0,0,99,1,0,25,False,True,0,0,53,39,28,3.83,AI is off,AI is off,AI is off,AI is off,Not paired,AI is off,0,0,0
898000,6.8,0,1,0.35,0.21,0,0,99,1,0,25,False,True,0,0,53,41,30,3.83,AI is off,AI is off,AI is off,AI is off,Not paired,AI is off,0,0,0
900000,6.8,0,1,0.35,0.21,0,0,99,1,0,25,False,True,0,0,53,41,30,3.83,AI is off,AI is off,AI is off,AI is off,Not paired,AI is off,0,0,0
902000,6.8,0,1,0.35,0.21,0,0,99,1,0,25,False,True,0,0,51,38,27,3.83,AI is off,AI is off,AI is off,AI is off,Not paired,AI is off,0,0,0
904000,6.7,0,1,0.35,0.21,0,0,99,1,0,25,False,True,0,0,52,38,28,3.83,AI is off,AI is off,AI is off,AI is off,Not paired,AI is off,0,0,0
906000,6.5,0,1,0.34,0.21,0,0,99,1,0,25,False,True,0,0,53,40,29,3.83,AI is off,AI is off,AI is off,AI is off,Not paired,AI is off,0,0,0
908000,6.4,0,1,0.34,0.21,0,0,99,1,0,25,False,True,0,0,56,42,31,3.83,AI is off,AI is off,AI is off,AI is off,Not paired,AI is off,0,0,0
910000,6.5,0,1,0.34,0.21,0,0,99,1,0,25,False,True,0,0,51,39,27,3.83,AI is off,AI is off,AI is off,AI is off,Not paired,AI is off,0,0,0
912000,6.5,0,1,0.34,0.21,0,0,99,1,0,25,False,True,0,0,51,39,26,3.83,AI is off,AI is off,AI is off,AI is off,Not paired,AI is off,0,0,0
914000,6.4,0,1,0.34,0.21,0,0,99,1,0,25,False,True,0,0,50,37,25,3.83,AI is off,AI is off,AI is off,AI is off,Not paired,AI is off,0,0,0
916000,6.4,0,1,0.34,0.21,0,0,99,1,0,25,False,True,0,0,52,39,27,3.83,AI is off,AI is off,AI is off,AI is off,Not paired,AI is off,0,0,0
918000,6.5,0,1,0.34,0.21,0,0,99,1,0,26,False,True,0,0,54,41,30,3.83,AI is off,AI is off,AI is off,AI is off,Not paired,AI is off,0,0,0
920000,6.5,0,1,0.34,0.21,0,0,99,1,0,25,False,True,0,0,60,45,34,3.83,AI is off,AI is off,AI is off,AI is off,Not paired,AI is off,0,0,0
922000,6.5,0,1,0.34,0.21,0,0,99,1,0,25,False,True,0,0,53,39,30,3.83,AI is off,AI is off,AI is off,AI is off,Not paired,AI is off,0,0,0
924000,6.6,0,1,0.34,0.21,0,0,99,1,0,25,False,True,0,0,53,40,28,3.83,AI is off,AI is off,AI is off,AI is off,Not paired,AI is off,0,0,0
926000,6.6,0,1,0.35,0.21,0,0,99,1,0,26,False,True,0,0,54,41,29,3.83,AI is off,AI is off,AI is off,AI is off,Not paired,AI is off,0,0,0
928000,6.5,0,1,0.34,0.21,0,0,99,1,0,25,False,True,0,0,54,39,28,3.83,AI is off,AI is off,AI is off,AI is off,Not paired,AI is off,0,0,0
930000,6.6,0,1,0.34,0.21,0,0,99,1,0,26,False,True,0,0,53,40,29,3.83,AI is off,AI is off,AI is off,AI is off,Not paired,AI is off,0,0,0
932000,6.8,0,1,0.35,0.21,0,0,99,1,0,26,False,True,0,0,53,41,30,3.83,AI is off,AI is off,AI is off,AI is off,Not paired,AI is off,0,0,0
934000,6.9,0,1,0.35,0.21,0,0,99,1,0,26,False,True,0,0,56,41,30,3.83,AI is off,AI is off,AI is off,AI is off,Not paired,AI is off,0,0,0
936000,6.9,0,1,0.35,0.21,0,0,99,1,0,25,False,True,0,0,53,39,28,3.83,AI is off,AI is off,AI is off,AI is off,Not paired,AI is off,0,0,0
938000,7,0,1,0.35,0.21,0,0,99,1,0,26,False,True,0,0,53,40,29,3.83,AI is off,AI is off,AI is off,AI is off,Not paired,AI is off,0,0,0
940000,7.1,0,1,0.35,0.21,0,0,99,1,0,26,False,True,0,0,53,40,28,3.83,AI is off,AI is off,AI is off,AI is off,Not paired,AI is off,0,0,0
942000,7.1,0,1,0.35,0.21,0,0,99,1,0,26,False,True,0,0,53,41,30,3.83,AI is off,AI is off,AI is off,AI is off,Not paired,AI is off,0,0,0
944000,7.1,0,1,0.35,0.21,0,0,99,1,0,25,False,True,0,0,52,39,27,3.83,AI is off,AI is off,AI is off,AI is off,Not paired,AI is off,0,0,0
946000,7,0,1,0.35,0.21,0,0,99,1,0,26,False,True,0,0,53,40,29,3.83,AI is off,AI is off,AI is off,AI is off,Not paired,AI is off,0,0,0
948000,7.1,0,1,0.35,0.21,0,0,99,1,0,26,False,True,0,0,50,38,27,3.83,AI is off,AI is off,AI is off,AI is off,Not paired,AI is off,0,0,0
950000,7.1,0,1,0.35,0.21,0,0,99,1,0,25,False,True,0,0,54,41,29,3.83,AI is off,AI is off,AI is off,AI is off,Not paired,AI is off,0,0,0
952000,7,0,1,0.35,0.21,0,0,99,1,0,25,False,True,0,0,53,41,29,3.83,AI is off,AI is off,AI is off,AI is off,Not paired,AI is off,0,0,0
954000,7,0,1,0.35,0.21,0,0,99,1,0,25,False,True,0,0,53,41,29,3.83,AI is off,AI is off,AI is off,AI is off,Not paired,AI is off,0,0,0
956000,7,0,1,0.35,0.21,0,0,99,1,0,25,False,True,0,0,50,37,24,3.83,AI is off,AI is off,AI is off,AI is off,Not paired,AI is off,0,0,0
958000,7,0,1,0.35,0.21,0,0,99,1,0,25,False,True,0,0,52,38,27,3.83,AI is off,AI is off,AI is off,AI is off,Not paired,AI is off,0,0,0
960000,7,0,1,0.35,0.21,0,0,99,1,0,25,False,True,0,0,52,39,27,3.83,AI is off,AI is off,AI is off,AI is off,Not paired,AI is off,0,0,0
962000,7.1,0,1,0.35,0.21,0,0,99,1,0,25,False,True,0,0,51,38,26,3.83,AI is off,AI is off,AI is off,AI is off,Not paired,AI is off,0,0,0
964000,7,0,1,0.35,0.21,0,0,99,1,0,25,False,True,0,0,53,40,28,3.83,AI is off,AI is off,AI is off,AI is off,Not paired,AI is off,0,0,0
966000,7,0,1,0.35,0.21,0,0,99,1,0,25,False,True,0,0,52,37,26,3.83,AI is off,AI is off,AI is off,AI is off,Not paired,AI is off,0,0,0
968000,7.1,0,1,0.36,0.21,0,0,99,1,0,25,False,True,0,0,52,41,30,3.83,AI is off,AI is off,AI is off,AI is off,Not paired,AI is off,0,0,0
970000,7.3,0,1,0.36,0.21,0,0,99,1,0,25,False,True,0,0,53,40,29,3.83,AI is off,AI is off,AI is off,AI is off,Not paired,AI is off,0,0,0
972000,7.3,0,1,0.36,0.21,0,0,99,1,0,25,False,True,0,0,51,39,27,3.83,AI is off,AI is off,AI is off,AI is off,Not paired,AI is off,0,0,0
974000,7.3,0,1,0.36,0.21,0,0,99,1,0,25,False,True,0,0,53,38,28,3.83,AI is off,AI is off,AI is off,AI is off,Not paired,AI is off,0,0,0
976000,7.6,0,1,0.36,0.21,0,0,99,1,0,25,False,True,0,0,54,39,29,3.83,AI is off,AI is off,AI is off,AI is off,Not paired,AI is off,0,0,0
978000,7.8,0,1,0.37,0.21,0,0,99,1,0,25,False,True,0,0,54,40,30,3.83,AI is off,AI is off,AI is off,AI is off,Not paired,AI is off,0,0,0
980000,7.9,0,1,0.37,0.21,0,0,99,1,0,25,False,True,0,0,54,41,29,3.83,AI is off,AI is off,AI is off,AI is off,Not paired,AI is off,0,0,0
982000,8,0,1,0.37,0.21,0,0,99,1,0,25,False,True,0,0,54,39,30,3.83,AI is off,AI is off,AI is off,AI is off,Not paired,AI is off,0,0,0
984000,8.1,0,1,0.38,0.21,0,0,99,1,0,25,False,True,0,0,52,39,26,3.83,AI is off,AI is off,AI is off,AI is off,Not paired,AI is off,0,0,0
986000,8.1,0,1,0.37,0.21,0,0,99,1,0,25,False,True,0,0,50,37,27,3.83,AI is off,AI is off,AI is off,AI is off,Not paired,AI is off,0,0,0
988000,8.1,0,1,0.38,0.21,0,0,99,1,0,25,False,True,0,0,54,40,30,3.83,AI is off,AI is off,AI is off,AI is off,Not paired,AI is off,0,0,0
990000,8.2,0,1,0.38,0.21,0,0,99,1,0,25,False,True,0,0,52,39,30,3.83,AI is off,AI is off,AI is off,AI is off,Not paired,AI is off,0,0,0
992000,8.3,0,1,0.38,0.21,0,0,99,1,0,25,False,True,0,0,50,38,26,3.83,AI is off,AI is off,AI is off,AI is off,Not paired,AI is off,0,0,0
994000,8.400001,0,1,0.38,0.21,0,0,99,1,0,25,False,True,0,0,54,40,30,3.83,AI is off,AI is off,AI is off,AI is off,Not paired,AI is off,0,0,0
996000,8.1,0,1,0.38,0.21,0,0,99,1,0,25,False,True,0,0,50,37,26,3.83,AI is off,AI is off,AI is off,AI is off,Not paired,AI is off,0,0,0
998000,7.7,0,1,0.37,0.21,0,0,99,1,0,25,False,True,0,0,51,39,27,3.83,AI is off,AI is off,AI is off,AI is off,Not paired,AI is off,0,0,0
1000000,7.5,0,1,0.36,0.21,0,0,99,1,0,25,False,True,0,0,51,39,27,3.83,AI is off,AI is off,AI is off,AI is off,Not paired,AI is off,0,0,0
1002000,7.5,0,1,0.36,0.21,0,0,99,1,0,25,False,True,0,0,51,38,26,3.83,AI is off,AI is off,AI is off,AI is off,Not paired,AI is off,0,0,0
1004000,7.5,0,1,0.36,0.21,0,0,99,1,0,25,False,True,0,0,53,39,27,3.83,AI is off,AI is off,AI is off,AI is off,Not paired,AI is off,0,0,0
1006000,7.5,0,1,0.36,0.21,0,0,99,1,0,25,False,True,0,0,51,38,27,3.83,AI is off,AI is off,AI is off,AI is off,Not paired,AI is off,0,0,0
1008000,7.5,0,1,0.36,0.21,0,0,99,1,0,25,False,True,0,0,50,37,25,3.83,AI is off,AI is off,AI is off,AI is off,Not paired,AI is off,0,0,0
1010000,7.6,0,1,0.36,0.21,0,0,99,1,0,25,False,True,0,0,51,38,27,3.83,AI is off,AI is off,AI is off,AI is off,Not paired,AI is off,0,0,0
1012000,7.7,0,1,0.37,0.21,0,0,99,1,0,25,False,True,0,0,50,37,25,3.83,AI is off,AI is off,AI is off,AI is off,Not paired,AI is off,0,0,0
1014000,7.7,0,1,0.37,0.21,0,0,99,1,0,25,False,True,0,0,50,38,26,3.83,AI is off,AI is off,AI is off,AI is off,Not paired,AI is off,0,0,0
1016000,7.9,0,1,0.37,0.21,0,0,99,1,0,25,False,True,0,0,51,38,26,3.83,AI is off,AI is off,AI is off,AI is off,Not paired,AI is off,0,0,0
1018000,8.1,0,1,0.38,0.21,0,0,99,1,0,25,False,True,0,0,50,37,27,3.83,AI is off,AI is off,AI is off,AI is off,Not paired,AI is off,0,0,0
1020000,8.2,0,1,0.38,0.21,0,0,99,1,0,25,False,True,0,0,52,39,27,3.83,AI is off,AI is off,AI is off,AI is off,Not paired,AI is off,0,0,0
1022000,8.2,0,1,0.38,0.21,0,0,99,1,0,25,False,True,0,0,50,38,26,3.83,AI is off,AI is off,AI is off,AI is off,Not paired,AI is off,0,0,0
1024000,8.2,0,1,0.38,0.21,0,0,99,1,0,25,False,True,0,0,50,38,27,3.83,AI is off,AI is off,AI is off,AI is off,Not paired,AI is off,0,0,0
1026000,8.2,0,1,0.38,0.21,0,0,99,1,0,25,False,True,0,0,51,38,27,3.83,AI is off,AI is off,AI is off,AI is off,Not paired,AI is off,0,0,0
1028000,8,0,1,0.37,0.21,0,0,99,1,0,25,False,True,0,0,50,36,24,3.83,AI is off,AI is off,AI is off,AI is off,Not paired,AI is off,0,0,0
1030000,8,0,1,0.37,0.21,0,0,99,1,0,25,False,True,0,0,51,38,27,3.83,AI is off,AI is off,AI is off,AI is off,Not paired,AI is off,0,0,0
1032000,8.1,0,1,0.38,0.21,0,0,99,1,0,25,False,True,0,0,50,37,25,3.83,AI is off,AI is off,AI is off,AI is off,Not paired,AI is off,0,0,0
1034000,8.2,0,1,0.38,0.21,0,0,99,1,0,25,False,True,0,0,51,38,26,3.83,AI is off,AI is off,AI is off,AI is off,Not paired,AI is off,0,0,0
1036000,7.8,0,1,0.37,0.21,0,0,99,1,0,25,False,True,0,0,51,38,27,3.83,AI is off,AI is off,AI is off,AI is off,Not paired,AI is off,0,0,0
1038000,7.5,0,1,0.36,0.21,0,0,99,1,0,25,False,True,0,0,51,38,27,3.83,AI is off,AI is off,AI is off,AI is off,Not paired,AI is off,0,0,0
1040000,7.4,0,1,0.36,0.21,0,0,99,1,0,25,False,True,0,0,50,37,26,3.83,AI is off,AI is off,AI is off,AI is off,Not paired,AI is off,0,0,0
1042000,7.3,0,1,0.36,0.21,0,0,99,1,0,25,False,True,0,0,50,36,25,3.83,AI is off,AI is off,AI is off,AI is off,Not paired,AI is off,0,0,0
1044000,7.4,0,1,0.36,0.21,0,0,99,1,0,25,False,True,0,0,51,38,26,3.83,AI is off,AI is off,AI is off,AI is off,Not paired,AI is off,0,0,0
1046000,7.6,0,1,0.36,0.21,0,0,99,1,0,25,False,True,0,0,50,37,26,3.83,AI is off,AI is off,AI is off,AI is off,Not paired,AI is off,0,0,0
1048000,7.5,0,1,0.37,0.21,0,0,99,1,0,25,False,True,0,0,52,40,31,3.83,AI is off,AI is off,AI is off,AI is off,Not paired,AI is off,0,0,0
1050000,7.3,0,1,0.36,0.21,0,0,99,1,0,25,False,True,0,0,51,38,26,3.83,AI is off,AI is off,AI is off,AI is off,Not paired,AI is off,0,0,0
1052000,7.3,0,1,0.36,0.21,0,0,99,1,0,25,False,True,0,0,51,38,26,3.83,AI is off,AI is off,AI is off,AI is off,Not paired,AI is off,0,0,0
1054000,7.2,0,1,0.36,0.21,0,0,99,1,0,25,False,True,0,0,51,39,29,3.83,AI is off,AI is off,AI is off,AI is off,Not paired,AI is off,0,0,0
1056000,7.1,0,1,0.36,0.21,0,0,99,1,0,25,False,True,0,0,49,36,25,3.83,AI is off,AI is off,AI is off,AI is off,Not paired,AI is off,0,0,0
1058000,6.8,0,1,0.35,0.21,0,0,99,1,0,25,False,True,0,0,52,40,30,3.83,AI is off,AI is off,AI is off,AI is off,Not paired,AI is off,0,0,0
1060000,6.5,0,1,0.34,0.21,0,0,99,1,0,25,False,True,0,0,50,38,27,3.83,AI is off,AI is off,AI is off,AI is off,Not paired,AI is off,0,0,0
1062000,6.4,0,1,0.34,0.21,0,0,99,1,0,25,False,True,0,0,50,36,24,3.83,AI is off,AI is off,AI is off,AI is off,Not paired,AI is off,0,0,0
1064000,6.4,0,1,0.34,0.21,0,0,99,1,0,25,False,True,0,0,50,36,25,3.83,AI is off,AI is off,AI is off,AI is off,Not paired,AI is off,0,0,0
1066000,6.8,0,1,0.35,0.21,0,0,99,1,0,25,False,True,0,0,50,37,25,3.83,AI is off,AI is off,AI is off,AI is off,Not paired,AI is off,0,0,0
1068000,6.8,0,1,0.35,0.21,0,0,99,1,0,25,False,True,0,0,51,39,27,3.83,AI is off,AI is off,AI is off,AI is off,Not paired,AI is off,0,0,0
1070000,6.7,0,1,0.35,0.21,0,0,99,1,0,25,False,True,0,0,50,37,26,3.83,AI is off,AI is off,AI is off,AI is off,Not paired,AI is off,0,0,0
1072000,6.7,0,1,0.35,0.21,0,0,99,1,0,25,False,True,0,0,50,37,25,3.83,AI is off,AI is off,AI is off,AI is off,Not paired,AI is off,0,0,0
1074000,6.7,0,1,0.35,0.21,0,0,99,1,0,25,False,True,0,0,52,40,30,3.83,AI is off,AI is off,AI is off,AI is off,Not paired,AI is off,0,0,0
1076000,6.5,0,1,0.34,0.21,0,0,99,1,0,25,False,True,0,0,52,39,27,3.83,AI is off,AI is off,AI is off,AI is off,Not paired,AI is off,0,0,0
1078000,6.3,0,1,0.34,0.21,0,0,99,1,0,25,False,True,0,0,51,38,26,3.83,AI is off,AI is off,AI is off,AI is off,Not paired,AI is off,0,0,0
1080000,6.5,0,1,0.34,0.21,0,0,99,1,0,25,False,True,0,0,50,36,25,3.83,AI is off,AI is off,AI is off,AI is off,Not paired,AI is off,0,0,0
1082000,6.7,0,1,0.35,0.21,0,0,99,1,0,25,False,True,0,0,51,39,27,3.83,AI is off,AI is off,AI is off,AI is off,Not paired,AI is off,0,0,0
1084000,6.5,0,1,0.34,0.21,0,0,99,1,0,25,False,True,0,0,51,38,26,3.83,AI is off,AI is off,AI is off,AI is off,Not paired,AI is off,0,0,0
1086000,6.5,0,1,0.34,0.21,0,0,99,1,0,25,False,True,0,0,50,37,25,3.83,AI is off,AI is off,AI is off,AI is off,Not paired,AI is off,0,0,0
1088000,6.7,0,1,0.34,0.21,0,0,99,1,0,25,False,True,0,0,50,37,25,3.83,AI is off,AI is off,AI is off,AI is off,Not paired,AI is off,0,0,0
1090000,6.7,0,1,0.35,0.21,0,0,99,1,0,25,False,True,0,0,51,38,26,3.83,AI is off,AI is off,AI is off,AI is off,Not paired,AI is off,0,0,0
1092000,6.8,0,1,0.35,0.21,0,0,99,1,0,25,False,True,0,0,53,41,30,3.83,AI is off,AI is off,AI is off,AI is off,Not paired,AI is off,0,0,0
1094000,6.8,0,1,0.35,0.21,0,0,99,1,0,25,False,True,0,0,51,39,29,3.83,AI is off,AI is off,AI is off,AI is off,Not paired,AI is off,0,0,0
1096000,6.7,0,1,0.35,0.21,0,0,99,1,0,25,False,True,0,0,51,39,30,3.83,AI is off,AI is off,AI is off,AI is off,Not paired,AI is off,0,0,0
1098000,6.4,0,1,0.34,0.21,0,0,99,1,0,25,False,True,0,0,50,37,25,3.83,AI is off,AI is off,AI is off,AI is off,Not paired,AI is off,0,0,0
1100000,6.2,0,1,0.34,0.21,0,0,99,1,0,25,False,True,0,0,52,40,31,3.83,AI is off,AI is off,AI is off,AI is off,Not paired,AI is off,0,0,0
1102000,6.3,0,1,0.34,0.21,0,0,99,1,0,25,False,True,0,0,53,39,29,3.83,AI is off,AI is off,AI is off,AI is off,Not paired,AI is off,0,0,0
1104000,6.2,0,1,0.34,0.21,0,0,99,1,0,25,False,True,0,0,51,38,27,3.83,AI is off,AI is off,AI is off,AI is off,Not paired,AI is off,0,0,0
1106000,6.2,0,1,0.34,0.21,0,0,99,1,0,25,False,True,0,0,50,38,27,3.83,AI is off,AI is off,AI is off,AI is off,Not paired,AI is off,0,0,0
1108000,6.2,0,1,0.34,0.21,0,0,99,1,0,25,False,True,0,0,53,40,31,3.83,AI is off,AI is off,AI is off,AI is off,Not paired,AI is off,0,0,0
1110000,6.2,0,1,0.34,0.21,0,0,99,1,0,25,False,True,0,0,51,39,30,3.83,AI is off,AI is off,AI is off,AI is off,Not paired,AI is off,0,0,0
1112000,6,0,1,0.33,0.21,0,0,99,1,0,25,False,True,0,0,50,37,26,3.83,AI is off,AI is off,AI is off,AI is off,Not paired,AI is off,0,0,0
1114000,5.9,0,1,0.33,0.21,0,0,99,1,0,25,False,True,0,0,52,39,30,3.83,AI is off,AI is off,AI is off,AI is off,Not paired,AI is off,0,0,0
1116000,5.6,0,1,0.33,0.21,0,0,99,1,0,25,False,True,0,0,52,39,29,3.83,AI is off,AI is off,AI is off,AI is off,Not paired,AI is off,0,0,0
1118000,5.5,0,1,0.32,0.21,0,0,99,1,0,25,False,True,0,0,52,39,28,3.83,AI is off,AI is off,AI is off,AI is off,Not paired,AI is off,0,0,0
1120000,5.4,0,1,0.32,0.21,0,0,99,1,0,25,False,True,0,0,50,38,28,3.83,AI is off,AI is off,AI is off,AI is off,Not paired,AI is off,0,0,0
1122000,5.6,0,1,0.32,0.21,0,0,99,1,0,25,False,True,0,0,52,39,27,3.83,AI is off,AI is off,AI is off,AI is off,Not paired,AI is off,0,0,0
1124000,5.9,0,1,0.33,0.21,0,0,99,1,0,25,False,True,0,0,52,40,28,3.83,AI is off,AI is off,AI is off,AI is off,Not paired,AI is off,0,0,0
1126000,6.3,0,1,0.34,0.21,0,0,99,1,0,25,False,True,0,0,51,39,26,3.83,AI is off,AI is off,AI is off,AI is off,Not paired,AI is off,0,0,0
1128000,6.4,0,1,0.34,0.21,0,0,99,1,0,25,False,True,0,0,52,40,29,3.83,AI is off,AI is off,AI is off,AI is off,Not paired,AI is off,0,0,0
1130000,6.3,0,1,0.34,0.21,0,0,99,1,0,25,False,True,0,0,52,38,26,3.83,AI is off,AI is off,AI is off,AI is off,Not paired,AI is off,0,0,0
1132000,6.1,0,1,0.34,0.21,0,0,99,1,0,25,False,True,0,0,59,44,33,3.83,AI is off,AI is off,AI is off,AI is off,Not paired,AI is off,0,0,0
1134000,6,0,1,0.33,0.21,0,0,99,1,0,25,False,True,0,0,53,40,28,3.83,AI is off,AI is off,AI is off,AI is off,Not paired,AI is off,0,0,0
1136000,5.8,0,1,0.33,0.21,0,0,99,1,0,25,False,True,0,0,51,38,27,3.83,AI is off,AI is off,AI is off,AI is off,Not paired,AI is off,0,0,0
1138000,5.4,0,1,0.32,0.21,0,0,99,1,0,25,False,True,0,0,52,39,30,3.83,AI is off,AI is off,AI is off,AI is off,Not paired,AI is off,0,0,0
1140000,5.2,0,1,0.31,0.21,0,0,99,1,0,25,False,True,0,0,51,38,27,3.83,AI is off,AI is off,AI is off,AI is off,Not paired,AI is off,0,0,0
1142000,5.3,0,1,0.32,0.21,0,0,99,1,0,25,False,True,0,0,51,39,27,3.83,AI is off,AI is off,AI is off,AI is off,Not paired,AI is off,0,0,0
1144000,5.3,0,1,0.32,0.21,0,0,99,1,0,25,False,True,0,0,50,38,25,3.83,AI is off,AI is off,AI is off,AI is off,Not paired,AI is off,0,0,0
1146000,5.1,0,1,0.32,0.21,0,0,99,1,0,25,False,True,0,0,53,40,29,3.83,AI is off,AI is off,AI is off,AI is off,Not paired,AI is off,0,0,0
1148000,4.9,0,1,0.31,0.21,0,0,99,1,0,25,False,True,0,0,50,37,25,3.83,AI is off,AI is off,AI is off,AI is off,Not paired,AI is off,0,0,0
1150000,5,0,1,0.31,0.21,0,0,99,1,0,25,False,True,0,0,52,39,27,3.83,AI is off,AI is off,AI is off,AI is off,Not paired,AI is off,0,0,0
1152000,5.2,0,1,0.31,0.21,0,0,99,1,0,25,False,True,0,0,50,37,25,3.83,AI is off,AI is off,AI is off,AI is off,Not paired,AI is off,0,0,0
1154000,5.4,0,1,0.32,0.21,0,0,99,1,0,25,False,True,0,0,50,37,26,3.83,AI is off,AI is off,AI is off,AI is off,Not paired,AI is off,0,0,0
1156000,5.6,0,1,0.32,0.21,0,0,99,1,0,25,False,True,0,0,50,37,26,3.83,AI is off,AI is off,AI is off,AI is off,Not paired,AI is off,0,0,0
1158000,5.6,0,1,0.32,0.21,0,0,99,1,0,25,False,True,0,0,52,39,27,3.83,AI is off,AI is off,AI is off,AI is off,Not paired,AI is off,0,0,0
1160000,5.6,0,1,0.32,0.21,0,0,99,1,0,25,False,True,0,0,51,38,26,3.83,AI is off,AI is off,AI is off,AI is off,Not paired,AI is off,0,0,0
1162000,5.5,0,1,0.32,0.21,0,0,99,1,0,25,False,True,0,0,52,39,27,3.83,AI is off,AI is off,AI is off,AI is off,Not paired,AI is off,0,0,0
1164000,5.4,0,1,0.32,0.21,0,0,99,1,0,25,False,True,0,0,50,36,24,3.83,AI is off,AI is off,AI is off,AI is off,Not paired,AI is off,0,0,0
1166000,5.3,0,1,0.32,0.21,0,0,99,1,0,25,False,True,0,0,50,38,27,3.83,AI is off,AI is off,AI is off,AI is off,Not paired,AI is off,0,0,0
1168000,5,0,1,0.31,0.21,0,0,99,1,0,25,False,True,0,0,50,38,26,3.83,AI is off,AI is off,AI is off,AI is off,Not paired,AI is off,0,0,0
1170000,5,0,1,0.31,0.21,0,0,99,1,0,25,False,True,0,0,51,39,26,3.83,AI is off,AI is off,AI is off,AI is off,Not paired,AI is off,0,0,0
1172000,4.9,0,1,0.31,0.21,0,0,99,1,0,25,False,True,0,0,52,39,27,3.83,AI is off,AI is off,AI is off,AI is off,Not paired,AI is off,0,0,0
1174000,4.9,0,1,0.31,0.21,0,0,99,1,0,25,False,True,0,0,54,41,30,3.83,AI is off,AI is off,AI is off,AI is off,Not paired,AI is off,0,0,0
1176000,5,0,1,0.31,0.21,0,0,99,1,0,25,False,True,0,0,53,40,29,3.83,AI is off,AI is off,AI is off,AI is off,Not paired,AI is off,0,0,0
1178000,5.2,0,1,0.31,0.21,0,0,99,1,0,25,False,True,0,0,52,40,28,3.83,AI is off,AI is off,AI is off,AI is off,Not paired,AI is off,0,0,0
1180000,5.4,0,1,0.32,0.21,0,0,99,1,0,25,False,True,0,0,50,38,27,3.83,AI is off,AI is off,AI is off,AI is off,Not paired,AI is off,0,0,0
1182000,5.3,0,1,0.32,0.21,0,0,99,1,0,25,False,True,0,0,50,37,25,3.83,AI is off,AI is off,AI is off,AI is off,Not paired,AI is off,0,0,0
1184000,5.3,0,1,0.32,0.21,0,0,99,1,0,25,False,True,0,0,51,38,26,3.83,AI is off,AI is off,AI is off,AI is off,Not paired,AI is off,0,0,0
1186000,5.8,0,1,0.32,0.21,0,0,99,1,0,25,False,True,0,0,51,39,30,3.83,AI is off,AI is off,AI is off,AI is off,Not paired,AI is off,0,0,0
1188000,6.2,0,1,0.34,0.21,0,0,99,1,0,25,False,True,0,0,50,38,26,3.83,AI is off,AI is off,AI is off,AI is off,Not paired,AI is off,0,0,0
1190000,6.2,0,1,0.34,0.21,0,0,99,1,0,25,False,True,0,0,52,39,30,3.83,AI is off,AI is off,AI is off,AI is off,Not paired,AI is off,0,0,0
1192000,6.2,0,1,0.34,0.21,0,0,99,1,0,25,False,True,0,0,51,38,29,3.83,AI is off,AI is off,AI is off,AI is off,Not paired,AI is off,0,0,0
1194000,6.3,0,1,0.34,0.21,0,0,99,1,0,25,False,True,0,0,50,37,26,3.83,AI is off,AI is off,AI is off,AI is off,Not paired,AI is off,0,0,0
1196000,6.3,0,1,0.34,0.21,0,0,99,1,0,25,False,True,0,0,51,39,30,3.83,AI is off,AI is off,AI is off,AI is off,Not paired,AI is off,0,0,0
1198000,6.2,0,1,0.34,0.21,0,0,99,1,0,25,False,True,0,0,51,38,27,3.83,AI is off,AI is off,AI is off,AI is off,Not paired,AI is off,0,0,0
1200000,6.1,0,1,0.33,0.21,0,0,99,1,0,25,False,True,0,0,51,39,28,3.83,AI is off,AI is off,AI is off,AI is off,Not paired,AI is off,0,0,0
1202000,6,0,1,0.33,0.21,0,0,99,1,0,25,False,True,0,0,52,38,27,3.83,AI is off,AI is off,AI is off,AI is off,Not paired,AI is off,0,0,0
1204000,6,0,1,0.33,0.21,0,0,99,1,0,25,False,True,0,0,51,39,27,3.83,AI is off,AI is off,AI is off,AI is off,Not paired,AI is off,0,0,0
1206000,6,0,1,0.33,0.21,0,0,99,1,0,25,False,True,0,0,50,38,26,3.83,AI is off,AI is off,AI is off,AI is off,Not paired,AI is off,0,0,0
1208000,6,0,1,0.33,0.21,0,0,99,1,0,25,False,True,0,0,51,39,27,3.83,AI is off,AI is off,AI is off,AI is off,Not paired,AI is off,0,0,0
1210000,6,0,1,0.33,0.21,0,0,99,1,0,25,False,True,0,0,50,37,26,3.83,AI is off,AI is off,AI is off,AI is off,Not paired,AI is off,0,0,0
1212000,6,0,1,0.33,0.21,0,0,99,1,0,25,False,True,0,0,50,37,26,3.83,AI is off,AI is off,AI is off,AI is off,Not paired,AI is off,0,0,0
1214000,5.9,0,1,0.33,0.21,0,0,99,1,0,25,False,True,0,0,50,37,26,3.83,AI is off,AI is off,AI is off,AI is off,Not paired,AI is off,0,0,0
1216000,5.9,0,1,0.33,0.21,0,0,99,1,0,25,False,True,0,0,51,39,29,3.83,AI is off,AI is off,AI is off,AI is off,Not paired,AI is off,0,0,0
1218000,5.8,0,1,0.33,0.21,0,0,99,1,0,25,False,True,0,0,50,38,27,3.83,AI is off,AI is off,AI is off,AI is off,Not paired,AI is off,0,0,0
1220000,5.7,0,1,0.33,0.21,0,0,99,1,0,25,False,True,0,0,52,39,30,3.83,AI is off,AI is off,AI is off,AI is off,Not paired,AI is off,0,0,0
1222000,5.7,0,1,0.33,0.21,0,0,99,1,0,25,False,True,0,0,50,38,26,3.83,AI is off,AI is off,AI is off,AI is off,Not paired,AI is off,0,0,0
1224000,5.7,0,1,0.33,0.21,0,0,99,1,0,25,False,True,0,0,50,36,25,3.83,AI is off,AI is off,AI is off,AI is off,Not paired,AI is off,0,0,0
1226000,5.7,0,1,0.33,0.21,0,0,99,1,0,25,False,True,0,0,51,38,26,3.83,AI is off,AI is off,AI is off,AI is off,Not paired,AI is off,0,0,0
1228000,5.7,0,1,0.33,0.21,0,0,99,1,0,25,False,True,0,0,50,38,26,3.83,AI is off,AI is off,AI is off,AI is off,Not paired,AI is off,0,0,0
1230000,5.7,0,1,0.32,0.21,0,0,99,1,0,25,False,True,0,0,51,38,28,3.83,AI is off,AI is off,AI is off,AI is off,Not paired,AI is off,0,0,0
1232000,5.6,0,1,0.33,0.21,0,0,99,1,0,25,False,True,0,0,53,41,30,3.83,AI is off,AI is off,AI is off,AI is off,Not paired,AI is off,0,0,0
1234000,5.9,0,1,0.33,0.21,0,0,99,1,0,25,False,True,0,0,52,39,27,3.83,AI is off,AI is off,AI is off,AI is off,Not paired,AI is off,0,0,0
1236000,6.3,0,1,0.33,0.21,0,0,99,1,0,25,False,True,0,0,51,39,28,3.83,AI is off,AI is off,AI is off,AI is off,Not paired,AI is off,0,0,0
1238000,6.5,0,1,0.34,0.21,0,0,99,1,0,25,False,True,0,0,51,38,28,3.83,AI is off,AI is off,AI is off,AI is off,Not paired,AI is off,0,0,0
1240000,6.6,0,1,0.34,0.21,0,0,99,1,0,25,False,True,0,0,52,39,29,3.83,AI is off,AI is off,AI is off,AI is off,Not paired,AI is off,0,0,0
1242000,6.7,0,1,0.35,0.21,0,0,99,1,0,25,False,True,0,0,51,38,26,3.83,AI is off,AI is off,AI is off,AI is off,Not paired,AI is off,0,0,0
1244000,6.8,0,1,0.35,0.21,0,0,99,1,0,25,False,True,0,0,50,38,27,3.83,AI is off,AI is off,AI is off,AI is off,Not paired,AI is off,0,0,0
1246000,6.8,0,1,0.35,0.21,0,0,99,1,0,25,False,True,0,0,50,38,26,3.83,AI is off,AI is off,AI is off,AI is off,Not paired,AI is off,0,0,0
1248000,6.7,0,1,0.35,0.21,0,0,99,1,0,25,False,True,0,0,51,38,27,3.83,AI is off,AI is off,AI is off,AI is off,Not paired,AI is off,0,0,0
1250000,6.6,0,1,0.35,0.21,0,0,99,1,0,25,False,True,0,0,50,37,26,3.83,AI is off,AI is off,AI is off,AI is off,Not paired,AI is off,0,0,0
1252000,6.1,0,1,0.34,0.21,0,0,99,1,0,25,False,True,0,0,50,37,25,3.83,AI is off,AI is off,AI is off,AI is off,Not paired,AI is off,0,0,0
1254000,5.9,0,1,0.33,0.21,0,0,99,1,0,25,False,True,0,0,50,37,26,3.83,AI is off,AI is off,AI is off,AI is off,Not paired,AI is off,0,0,0
1256000,6,0,1,0.33,0.21,0,0,99,1,0,25,False,True,0,0,50,37,26,3.83,AI is off,AI is off,AI is off,AI is off,Not paired,AI is off,0,0,0
1258000,6.1,0,1,0.33,0.21,0,0,99,1,0,25,False,True,0,0,51,39,30,3.83,AI is off,AI is off,AI is off,AI is off,Not paired,AI is off,0,0,0
1260000,5.8,0,1,0.33,0.21,0,0,99,1,0,25,False,True,0,0,50,37,26,3.83,AI is off,AI is off,AI is off,AI is off,Not paired,AI is off,0,0,0
1262000,5.7,0,1,0.33,0.21,0,0,99,1,0,25,False,True,0,0,52,40,29,3.83,AI is off,AI is off,AI is off,AI is off,Not paired,AI is off,0,0,0
1264000,5.9,0,1,0.33,0.21,0,0,99,1,0,25,False,True,0,0,50,37,26,3.83,AI is off,AI is off,AI is off,AI is off,Not paired,AI is off,0,0,0
1266000,5.9,0,1,0.33,0.21,0,0,99,1,0,25,False,True,0,0,51,38,25,3.83,AI is off,AI is off,AI is off,AI is off,Not paired,AI is off,0,0,0
1268000,5.7,0,1,0.33,0.21,0,0,99,1,0,25,False,True,0,0,51,38,26,3.83,AI is off,AI is off,AI is off,AI is off,Not paired,AI is off,0,0,0
1270000,5.6,0,1,0.32,0.21,0,0,99,1,0,25,False,True,0,0,51,38,27,3.83,AI is off,AI is off,AI is off,AI is off,Not paired,AI is off,0,0,0
1272000,5.5,0,1,0.32,0.21,0,0,99,1,0,25,False,True,0,0,53,39,28,3.83,AI is off,AI is off,AI is off,AI is off,Not paired,AI is off,0,0,0
1274000,5.3,0,1,0.32,0.21,0,0,99,1,0,25,False,True,0,0,52,39,28,3.83,AI is off,AI is off,AI is off,AI is off,Not paired,AI is off,0,0,0
1276000,5.3,0,1,0.32,0.21,0,0,99,1,0,25,False,True,0,0,53,40,30,3.83,AI is off,AI is off,AI is off,AI is off,Not paired,AI is off,0,0,0
1278000,5.4,0,1,0.32,0.21,0,0,99,1,0,25,False,True,0,0,53,38,28,3.83,AI is off,AI is off,AI is off,AI is off,Not paired,AI is off,0,0,0
1280000,5.5,0,1,0.32,0.21,0,0,99,1,0,25,False,True,0,0,53,41,31,3.83,AI is off,AI is off,AI is off,AI is off,Not paired,AI is off,0,0,0
1282000,5.4,0,1,0.32,0.21,0,0,99,1,0,25,False,True,0,0,52,40,29,3.83,AI is off,AI is off,AI is off,AI is off,Not paired,AI is off,0,0,0
1284000,5.6,0,1,0.32,0.21,0,0,99,1,0,25,False,True,0,0,50,38,26,3.83,AI is off,AI is off,AI is off,AI is off,Not paired,AI is off,0,0,0
1286000,5.7,0,1,0.32,0.21,0,0,99,1,0,25,False,True,0,0,52,40,29,3.83,AI is off,AI is off,AI is off,AI is off,Not paired,AI is off,0,0,0
1288000,5.6,0,1,0.33,0.21,0,0,99,1,0,25,False,True,0,0,52,40,28,3.83,AI is off,AI is off,AI is off,AI is off,Not paired,AI is off,0,0,0
1290000,5.6,0,1,0.32,0.21,0,0,99,1,0,25,False,True,0,0,53,40,28,3.83,AI is off,AI is off,AI is off,AI is off,Not paired,AI is off,0,0,0
1292000,5.8,0,1,0.32,0.21,0,0,99,1,0,25,False,True,0,0,52,40,28,3.83,AI is off,AI is off,AI is off,AI is off,Not paired,AI is off,0,0,0
1294000,6,0,1,0.33,0.21,0,0,99,1,0,25,False,True,0,0,50,36,24,3.83,AI is off,AI is off,AI is off,AI is off,Not paired,AI is off,0,0,0
1296000,5.9,0,1,0.33,0.21,0,0,99,1,0,25,False,True,0,0,52,38,27,3.83,AI is off,AI is off,AI is off,AI is off,Not paired,AI is off,0,0,0
1298000,6,0,1,0.33,0.21,0,0,99,1,0,25,False,True,0,0,50,38,26,3.83,AI is off,AI is off,AI is off,AI is off,Not paired,AI is off,0,0,0
1300000,6,0,1,0.33,0.21,0,0,99,1,0,25,False,True,0,0,52,40,28,3.83,AI is off,AI is off,AI is off,AI is off,Not paired,AI is off,0,0,0
1302000,5.9,0,1,0.33,0.21,0,0,99,1,0,25,False,True,0,0,60,44,33,3.83,AI is off,AI is off,AI is off,AI is off,Not paired,AI is off,0,0,0
1304000,5.8,0,1,0.33,0.21,0,0,99,1,0,25,False,True,0,0,51,38,26,3.83,AI is off,AI is off,AI is off,AI is off,Not paired,AI is off,0,0,0
1306000,5.5,0,1,0.32,0.21,0,0,99,1,0,25,False,True,0,0,50,36,25,3.83,AI is off,AI is off,AI is off,AI is off,Not paired,AI is off,0,0,0
1308000,5.1,0,1,0.32,0.21,0,0,99,1,0,25,False,True,0,0,52,39,28,3.83,AI is off,AI is off,AI is off,AI is off,Not paired,AI is off,0,0,0
1310000,4.9,0,1,0.31,0.21,0,0,99,1,0,25,False,True,0,0,52,39,30,3.83,AI is off,AI is off,AI is off,AI is off,Not paired,AI is off,0,0,0
1312000,4.9,0,1,0.31,0.21,0,0,99,1,0,25,False,True,0,0,50,38,27,3.83,AI is off,AI is off,AI is off,AI is off,Not paired,AI is off,0,0,0
1314000,5,0,1,0.31,0.21,0,0,99,1,0,25,False,True,0,0,52,41,29,3.83,AI is off,AI is off,AI is off,AI is off,Not paired,AI is off,0,0,0
1316000,5.1,0,1,0.31,0.21,0,0,99,1,0,25,False,True,0,0,52,39,27,3.83,AI is off,AI is off,AI is off,AI is off,Not paired,AI is off,0,0,0
1318000,5.1,0,1,0.31,0.21,0,0,99,1,0,25,False,True,0,0,60,46,33,3.83,AI is off,AI is off,AI is off,AI is off,Not paired,AI is off,0,0,0
1320000,5,0,1,0.31,0.21,0,0,99,1,0,25,False,True,0,0,65,49,36,3.83,AI is off,AI is off,AI is off,AI is off,Not paired,AI is off,0,0,0
1322000,4.8,0,1,0.31,0.21,0,0,99,1,0,25,False,True,0,0,56,42,30,3.83,AI is off,AI is off,AI is off,AI is off,Not paired,AI is off,0,0,0
1324000,4.7,0,1,0.31,0.21,0,0,99,1,0,25,False,True,0,0,58,44,32,3.83,AI is off,AI is off,AI is off,AI is off,Not paired,AI is off,0,0,0
1326000,4.7,0,1,0.3,0.21,0,0,99,1,0,25,False,True,0,0,54,40,28,3.83,AI is off,AI is off,AI is off,AI is off,Not paired,AI is off,0,0,0
1328000,4.7,0,1,0.31,0.21,0,0,99,1,0,25,False,True,0,0,54,40,29,3.83,AI is off,AI is off,AI is off,AI is off,Not paired,AI is off,0,0,0
1330000,4.7,0,1,0.3,0.21,0,0,99,1,0,25,False,True,0,0,62,47,34,3.83,AI is off,AI is off,AI is off,AI is off,Not paired,AI is off,0,0,0
1332000,4.8,0,1,0.31,0.21,0,0,99,1,0,25,False,True,0,0,53,39,27,3.83,AI is off,AI is off,AI is off,AI is off,Not paired,AI is off,0,0,0
1334000,4.9,0,1,0.31,0.21,0,0,99,1,0,25,False,True,0,0,53,39,28,3.83,AI is off,AI is off,AI is off,AI is off,Not paired,AI is off,0,0,0
1336000,4.9,0,1,0.31,0.21,0,0,99,1,0,25,False,True,0,0,51,39,27,3.83,AI is off,AI is off,AI is off,AI is off,Not paired,AI is off,0,0,0
1338000,5.3,0,1,0.32,0.21,0,0,99,1,0,25,False,True,0,0,52,39,30,3.83,AI is off,AI is off,AI is off,AI is off,Not paired,AI is off,0,0,0
1340000,5.7,0,1,0.32,0.21,0,0,99,1,0,25,False,True,0,0,51,39,27,3.83,AI is off,AI is off,AI is off,AI is off,Not paired,AI is off,0,0,0
1342000,5.8,0,1,0.33,0.21,0,0,99,1,0,25,False,True,0,0,52,39,29,3.83,AI is off,AI is off,AI is off,AI is off,Not paired,AI is off,0,0,0
1344000,5.9,0,1,0.33,0.21,0,0,99,1,0,25,False,True,0,0,53,38,28,3.83,AI is off,AI is off,AI is off,AI is off,Not paired,AI is off,0,0,0
1346000,6.1,0,1,0.33,0.21,0,0,99,1,0,25,False,True,0,0,51,38,28,3.83,AI is off,AI is off,AI is off,AI is off,Not paired,AI is off,0,0,0
1348000,6.2,0,1,0.34,0.21,0,0,99,1,0,25,False,True,0,0,52,40,29,3.83,AI is off,AI is off,AI is off,AI is off,Not paired,AI is off,0,0,0
1350000,6.3,0,1,0.34,0.21,0,0,99,1,0,25,False,True,0,0,52,39,29,3.83,AI is off,AI is off,AI is off,AI is off,Not paired,AI is off,0,0,0
1352000,6.1,0,1,0.33,0.21,0,0,99,1,0,25,False,True,0,0,53,38,27,3.83,AI is off,AI is off,AI is off,AI is off,Not paired,AI is off,0,0,0
1354000,6.1,0,1,0.33,0.21,0,0,99,1,0,25,False,True,0,0,54,40,29,3.83,AI is off,AI is off,AI is off,AI is off,Not paired,AI is off,0,0,0
1356000,6.4,0,1,0.34,0.21,0,0,99,1,0,25,False,True,0,0,51,38,26,3.83,AI is off,AI is off,AI is off,AI is off,Not paired,AI is off,0,0,0
1358000,6.2,0,1,0.34,0.21,0,0,99,1,0,25,False,True,0,0,56,41,30,3.83,AI is off,AI is off,AI is off,AI is off,Not paired,AI is off,0,0,0
1360000,6.2,0,1,0.34,0.21,0,0,99,1,0,25,False,True,0,0,51,39,29,3.83,AI is off,AI is off,AI is off,AI is off,Not paired,AI is off,0,0,0
1362000,6.4,0,1,0.34,0.21,0,0,99,1,0,25,False,True,0,0,51,38,27,3.83,AI is off,AI is off,AI is off,AI is off,Not paired,AI is off,0,0,0
1364000,6.4,0,1,0.34,0.21,0,0,99,1,0,25,False,True,0,0,52,39,28,3.83,AI is off,AI is off,AI is off,AI is off,Not paired,AI is off,0,0,0
1366000,6,0,1,0.33,0.21,0,0,99,1,0,25,False,True,0,0,55,40,29,3.83,AI is off,AI is off,AI is off,AI is off,Not paired,AI is off,0,0,0
1368000,5.8,0,1,0.33,0.21,0,0,99,1,0,25,False,True,0,0,51,39,26,3.83,AI is off,AI is off,AI is off,AI is off,Not paired,AI is off,0,0,0
1370000,5.8,0,1,0.33,0.21,0,0,99,1,0,25,False,True,0,0,50,38,26,3.83,AI is off,AI is off,AI is off,AI is off,Not paired,AI is off,0,0,0
1372000,5.6,0,1,0.32,0.21,0,0,99,1,0,25,False,True,0,0,50,38,26,3.83,AI is off,AI is off,AI is off,AI is off,Not paired,AI is off,0,0,0
1374000,5.6,0,1,0.32,0.21,0,0,99,1,0,25,False,True,0,0,52,39,29,3.83,AI is off,AI is off,AI is off,AI is off,Not paired,AI is off,0,0,0
1376000,5.5,0,1,0.32,0.21,0,0,99,1,0,25,False,True,0,0,51,38,28,3.83,AI is off,AI is off,AI is off,AI is off,Not paired,AI is off,0,0,0
1378000,5.4,0,1,0.32,0.21,0,0,99,1,0,25,False,True,0,0,52,40,31,3.83,AI is off,AI is off,AI is off,AI is off,Not paired,AI is off,0,0,0
1380000,5,0,1,0.31,0.21,0,0,99,1,0,25,False,True,0,0,51,39,29,3.83,AI is off,AI is off,AI is off,AI is off,Not paired,AI is off,0,0,0
1382000,4.7,0,1,0.31,0.21,0,0,99,1,0,25,False,True,0,0,50,37,27,3.83,AI is off,AI is off,AI is off,AI is off,Not paired,AI is off,0,0,0
1384000,4.4,0,1,0.3,0.21,0,0,99,1,0,25,False,True,0,0,52,40,30,3.83,AI is off,AI is off,AI is off,AI is off,Not paired,AI is off,0,0,0
1386000,4.4,0,1,0.3,0.21,0,0,99,1,0,25,False,True,0,0,50,38,28,3.83,AI is off,AI is off,AI is off,AI is off,Not paired,AI is off,0,0,0
1388000,4.5,0,1,0.3,0.21,0,0,99,1,0,25,False,True,0,0,50,38,26,3.83,AI is off,AI is off,AI is off,AI is off,Not paired,AI is off,0,0,0
1390000,4.7,0,1,0.3,0.21,0,0,99,1,0,25,False,True,0,0,52,39,31,3.83,AI is off,AI is off,AI is off,AI is off,Not paired,AI is off,0,0,0
1392000,4.9,0,1,0.31,0.21,0,0,99,1,0,25,False,True,0,0,51,39,27,3.83,AI is off,AI is off,AI is off,AI is off,Not paired,AI is off,0,0,0
1394000,4.8,0,1,0.31,0.21,0,0,99,1,0,25,False,True,0,0,51,38,26,3.83,AI is off,AI is off,AI is off,AI is off,Not paired,AI is off,0,0,0
1396000,5.1,0,1,0.31,0.21,0,0,99,1,0,25,False,True,0,0,53,40,28,3.83,AI is off,AI is off,AI is off,AI is off,Not paired,AI is off,0,0,0
1398000,5.5,0,1,0.32,0.21,0,0,99,1,0,25,False,True,0,0,53,40,29,3.83,AI is off,AI is off,AI is off,AI is off,Not paired,AI is off,0,0,0
1400000,5.9,0,1,0.33,0.21,0,0,99,1,0,25,False,True,0,0,51,39,27,3.83,AI is off,AI is off,AI is off,AI is off,Not paired,AI is off,0,0,0
1402000,6.1,0,1,0.33,0.21,0,0,99,1,0,25,False,True,0,0,51,38,28,3.83,AI is off,AI is off,AI is off,AI is off,Not paired,AI is off,0,0,0
1404000,6.3,0,1,0.34,0.21,0,0,99,1,0,25,False,True,0,0,50,38,27,3.83,AI is off,AI is off,AI is off,AI is off,Not paired,AI is off,0,0,0
1406000,6.3,0,1,0.34,0.21,0,0,99,1,0,25,False,True,0,0,51,39,28,3.83,AI is off,AI is off,AI is off,AI is off,Not paired,AI is off,0,0,0
1408000,6.4,0,1,0.34,0.21,0,0,99,1,0,25,False,True,0,0,50,38,26,3.83,AI is off,AI is off,AI is off,AI is off,Not paired,AI is off,0,0,0
1410000,6.2,0,1,0.34,0.21,0,0,99,1,0,25,False,True,0,0,51,38,28,3.83,AI is off,AI is off,AI is off,AI is off,Not paired,AI is off,0,0,0
1412000,6.4,0,1,0.34,0.21,0,0,99,1,0,25,False,True,0,0,50,38,26,3.83,AI is off,AI is off,AI is off,AI is off,Not paired,AI is off,0,0,0
1414000,6.5,0,1,0.34,0.21,0,0,99,1,0,25,False,True,0,0,50,37,26,3.83,AI is off,AI is off,AI is off,AI is off,Not paired,AI is off,0,0,0
1416000,6.3,0,1,0.34,0.21,0,0,99,1,0,25,False,True,0,0,50,37,26,3.83,AI is off,AI is off,AI is off,AI is off,Not paired,AI is off,0,0,0
1418000,6.3,0,1,0.34,0.21,0,0,99,1,0,25,False,True,0,0,50,38,26,3.83,AI is off,AI is off,AI is off,AI is off,Not paired,AI is off,0,0,0
1420000,6.4,0,1,0.34,0.21,0,0,99,1,0,25,False,True,0,0,51,39,27,3.83,AI is off,AI is off,AI is off,AI is off,Not paired,AI is off,0,0,0
1422000,6.3,0,1,0.34,0.21,0,0,99,1,0,25,False,True,0,0,51,39,27,3.83,AI is off,AI is off,AI is off,AI is off,Not paired,AI is off,0,0,0
1424000,6.3,0,1,0.34,0.21,0,0,99,1,0,25,False,True,0,0,53,38,28,3.83,AI is off,AI is off,AI is off,AI is off,Not paired,AI is off,0,0,0
1426000,6.6,0,1,0.34,0.21,0,0,99,1,0,25,False,True,0,0,51,39,27,3.83,AI is off,AI is off,AI is off,AI is off,Not paired,AI is off,0,0,0
1428000,6.7,0,1,0.35,0.21,0,0,99,1,0,25,False,True,0,0,51,39,27,3.83,AI is off,AI is off,AI is off,AI is off,Not paired,AI is off,0,0,0
1430000,6.6,0,1,0.34,0.21,0,0,99,1,0,25,False,True,0,0,51,39,29,3.83,AI is off,AI is off,AI is off,AI is off,Not paired,AI is off,0,0,0
1432000,6.6,0,1,0.34,0.21,0,0,99,1,0,25,False,True,0,0,52,39,27,3.83,AI is off,AI is off,AI is off,AI is off,Not paired,AI is off,0,0,0
1434000,6.5,0,1,0.34,0.21,0,0,99,1,0,25,False,True,0,0,55,40,29,3.83,AI is off,AI is off,AI is off,AI is off,Not paired,AI is off,0,0,0
1436000,6.4,0,1,0.34,0.21,0,0,99,1,0,25,False,True,0,0,56,42,32,3.83,AI is off,AI is off,AI is off,AI is off,Not paired,AI is off,0,0,0
1438000,6.5,0,1,0.34,0.21,0,0,99,1,0,25,False,True,0,0,54,41,31,3.83,AI is off,AI is off,AI is off,AI is off,Not paired,AI is off,0,0,0
1440000,6.6,0,1,0.34,0.21,0,0,99,1,0,25,False,True,0,0,52,40,28,3.83,AI is off,AI is off,AI is off,AI is off,Not paired,AI is off,0,0,0
1442000,6.7,0,1,0.35,0.21,0,0,99,1,0,25,False,True,0,0,52,39,28,3.83,AI is off,AI is off,AI is off,AI is off,Not paired,AI is off,0,0,0
1444000,6.8,0,1,0.35,0.21,0,0,99,1,0,25,False,True,0,0,51,38,28,3.83,AI is off,AI is off,AI is off,AI is off,Not paired,AI is off,0,0,0
1446000,6.8,0,1,0.35,0.21,0,0,99,1,0,25,False,True,0,0,52,39,28,3.83,AI is off,AI is off,AI is off,AI is off,Not paired,AI is off,0,0,0
1448000,6.6,0,1,0.34,0.21,0,0,99,1,0,25,False,True,0,0,53,41,30,3.83,AI is off,AI is off,AI is off,AI is off,Not paired,AI is off,0,0,0
1450000,6.2,0,1,0.34,0.21,0,0,99,1,0,25,False,True,0,0,53,38,26,3.83,AI is off,AI is off,AI is off,AI is off,Not paired,AI is off,0,0,0
1452000,6,0,1,0.33,0.21,0,0,99,1,0,25,False,True,0,0,54,40,29,3.83,AI is off,AI is off,AI is off,AI is off,Not paired,AI is off,0,0,0
1454000,5.9,0,1,0.33,0.21,0,0,99,1,0,25,False,True,0,0,53,41,30,3.83,AI is off,AI is off,AI is off,AI is off,Not paired,AI is off,0,0,0
1456000,5.7,0,1,0.33,0.21,0,0,99,1,0,25,False,True,0,0,51,39,27,3.83,AI is off,AI is off,AI is off,AI is off,Not paired,AI is off,0,0,0
1458000,5.7,0,1,0.33,0.21,0,0,99,1,0,25,False,True,0,0,52,40,28,3.83,AI is off,AI is off,AI is off,AI is off,Not paired,AI is off,0,0,0
1460000,5.7,0,1,0.33,0.21,0,0,99,1,0,25,False,True,0,0,53,40,29,3.83,AI is off,AI is off,AI is off,AI is off,Not paired,AI is off,0,0,0
1462000,5.6,0,1,0.32,0.21,0,0,99,1,0,25,False,True,0,0,53,40,29,3.83,AI is off,AI is off,AI is off,AI is off,Not paired,AI is off,0,0,0
1464000,5.5,0,1,0.32,0.21,0,0,99,1,0,25,False,True,0,0,51,39,27,3.83,AI is off,AI is off,AI is off,AI is off,Not paired,AI is off,0,0,0
1466000,5.3,0,1,0.32,0.21,0,0,99,1,0,25,False,True,0,0,51,38,26,3.83,AI is off,AI is off,AI is off,AI is off,Not paired,AI is off,0,0,0
1468000,5.4,0,1,0.32,0.21,0,0,99,1,0,25,False,True,0,0,51,39,27,3.83,AI is off,AI is off,AI is off,AI is off,Not paired,AI is off,0,0,0
1470000,5.5,0,1,0.32,0.21,0,0,99,1,0,25,False,True,0,0,53,40,29,3.83,AI is off,AI is off,AI is off,AI is off,Not paired,AI is off,0,0,0
1472000,5.5,0,1,0.32,0.21,0,0,99,1,0,25,False,True,0,0,52,40,28,3.83,AI is off,AI is off,AI is off,AI is off,Not paired,AI is off,0,0,0
1474000,5.6,0,1,0.32,0.21,0,0,99,1,0,25,False,True,0,0,53,41,29,3.83,AI is off,AI is off,AI is off,AI is off,Not paired,AI is off,0,0,0
1476000,5.6,0,1,0.32,0.21,0,0,99,1,0,25,False,True,0,0,51,39,27,3.83,AI is off,AI is off,AI is off,AI is off,Not paired,AI is off,0,0,0
1478000,5.6,0,1,0.32,0.21,0,0,99,1,0,25,False,True,0,0,53,40,29,3.83,AI is off,AI is off,AI is off,AI is off,Not paired,AI is off,0,0,0
1480000,5.5,0,1,0.32,0.21,0,0,99,1,0,25,False,True,0,0,51,39,27,3.83,AI is off,AI is off,AI is off,AI is off,Not paired,AI is off,0,0,0
1482000,5.3,0,1,0.32,0.21,0,0,99,1,0,25,False,True,0,0,52,40,28,3.83,AI is off,AI is off,AI is off,AI is off,Not paired,AI is off,0,0,0
1484000,5.2,0,1,0.32,0.21,0,0,99,1,0,25,False,True,0,0,52,40,28,3.83,AI is off,AI is off,AI is off,AI is off,Not paired,AI is off,0,0,0
1486000,5.3,0,1,0.32,0.21,0,0,99,1,0,25,False,True,0,0,52,40,28,3.83,AI is off,AI is off,AI is off,AI is off,Not paired,AI is off,0,0,0
1488000,5.2,0,1,0.31,0.21,0,0,99,1,0,25,False,True,0,0,51,40,28,3.83,AI is off,AI is off,AI is off,AI is off,Not paired,AI is off,0,0,0
1490000,4.8,0,1,0.31,0.21,0,0,99,1,0,25,False,True,0,0,52,40,28,3.83,AI is off,AI is off,AI is off,AI is off,Not paired,AI is off,0,0,0
1492000,4.8,0,1,0.31,0.21,0,0,99,1,0,25,False,True,0,0,53,38,27,3.83,AI is off,AI is off,AI is off,AI is off,Not paired,AI is off,0,0,0
1494000,4.9,0,1,0.31,0.21,0,0,99,1,0,25,False,True,0,0,54,40,30,3.83,AI is off,AI is off,AI is off,AI is off,Not paired,AI is off,0,0,0
1496000,4.7,0,1,0.3,0.21,0,0,99,1,0,25,False,True,0,0,58,43,31,3.83,AI is off,AI is off,AI is off,AI is off,Not paired,AI is off,0,0,0
1498000,4.7,0,1,0.3,0.21,0,0,99,1,0,25,False,True,0,0,60,45,33,3.83,AI is off,AI is off,AI is off,AI is off,Not paired,AI is off,0,0,0
1500000,4.7,0,1,0.3,0.21,0,0,99,1,0,25,False,True,0,0,67,51,39,3.83,AI is off,AI is off,AI is off,AI is off,Not paired,AI is off,0,0,0
1502000,4.8,0,1,0.31,0.21,0,0,99,1,0,25,False,True,0,0,68,51,38,3.83,AI is off,AI is off,AI is off,AI is off,Not paired,AI is off,0,0,0
1504000,4.8,0,1,0.31,0.21,0,0,99,1,0,25,False,True,0,0,55,41,30,3.83,AI is off,AI is off,AI is off,AI is off,Not paired,AI is off,0,0,0
1506000,4.4,0,1,0.3,0.21,0,0,99,1,0,25,False,True,0,0,54,40,28,3.83,AI is off,AI is off,AI is off,AI is off,Not paired,AI is off,0,0,0
1508000,4.1,0,1,0.29,0.21,0,0,99,1,0,25,False,True,0,0,54,39,27,3.83,AI is off,AI is off,AI is off,AI is off,Not paired,AI is off,0,0,0
1510000,3.9,0,1,0.29,0.21,0,0,99,1,0,25,False,True,0,0,52,39,29,3.83,AI is off,AI is off,AI is off,AI is off,Not paired,AI is off,0,0,0
1512000,3.7,0,1,0.28,0.21,0,0,99,1,0,25,False,True,0,0,57,42,30,3.83,AI is off,AI is off,AI is off,AI is off,Not paired,AI is off,0,0,0
1514000,3.6,0,1,0.28,0.21,0,0,99,1,0,25,False,True,0,0,52,39,29,3.83,AI is off,AI is off,AI is off,AI is off,Not paired,AI is off,0,0,0
1516000,3.4,0,1,0.28,0.21,0,0,99,1,0,25,False,True,0,0,51,39,29,3.83,AI is off,AI is off,AI is off,AI is off,Not paired,AI is off,0,0,0
1518000,3.2,0,1,0.27,0.21,0,0,99,1,0,25,False,True,0,0,52,39,27,3.83,AI is off,AI is off,AI is off,AI is off,Not paired,AI is off,0,0,0
1520000,3.2,0,1,0.27,0.21,0,0,99,1,0,25,False,True,0,0,51,39,26,3.83,AI is off,AI is off,AI is off,AI is off,Not paired,AI is off,0,0,0
1522000,3.3,0,1,0.28,0.21,0,0,99,1,0,25,False,True,0,0,51,38,26,3.83,AI is off,AI is off,AI is off,AI is off,Not paired,AI is off,0,0,0
1524000,3.6,0,1,0.28,0.21,0,0,99,1,0,25,False,True,0,0,50,37,26,3.83,AI is off,AI is off,AI is off,AI is off,Not paired,AI is off,0,0,0
1526000,3.7,0,1,0.28,0.21,0,0,99,1,0,25,False,True,0,0,54,41,30,3.83,AI is off,AI is off,AI is off,AI is off,Not paired,AI is off,0,0,0
1528000,3.8,0,1,0.29,0.21,0,0,99,1,0,25,False,True,0,0,51,38,26,3.83,AI is off,AI is off,AI is off,AI is off,Not paired,AI is off,0,0,0
1530000,4,0,1,0.29,0.21,0,0,99,1,0,25,False,True,0,0,53,41,30,3.83,AI is off,AI is off,AI is off,AI is off,Not paired,AI is off,0,0,0
1532000,4.1,0,1,0.29,0.21,0,0,99,1,0,25,False,True,0,0,61,47,35,3.83,AI is off,AI is off,AI is off,AI is off,Not paired,AI is off,0,0,0
1534000,4.3,0,1,0.3,0.21,0,0,99,1,0,25,False,True,0,0,53,39,27,3.83,AI is off,AI is off,AI is off,AI is off,Not paired,AI is off,0,0,0
1536000,4.5,0,1,0.3,0.21,0,0,99,1,0,25,False,True,0,0,53,38,28,3.83,AI is off,AI is off,AI is off,AI is off,Not paired,AI is off,0,0,0
1538000,4.7,0,1,0.31,0.21,0,0,99,1,0,25,False,True,0,0,52,40,29,3.83,AI is off,AI is off,AI is off,AI is off,Not paired,AI is off,0,0,0
1540000,5.1,0,1,0.31,0.21,0,0,99,1,0,25,False,True,0,0,51,38,28,3.83,AI is off,AI is off,AI is off,AI is off,Not paired,AI is off,0,0,0
1542000,5.2,0,1,0.32,0.21,0,0,99,1,0,25,False,True,0,0,52,39,30,3.83,AI is off,AI is off,AI is off,AI is off,Not paired,AI is off,0,0,0
1544000,5,0,1,0.31,0.21,0,0,99,1,0,25,False,True,0,0,50,39,28,3.83,AI is off,AI is off,AI is off,AI is off,Not paired,AI is off,0,0,0
1546000,4.9,0,1,0.31,0.21,0,0,99,1,0,25,False,True,0,0,51,38,26,3.83,AI is off,AI is off,AI is off,AI is off,Not paired,AI is off,0,0,0
1548000,5,0,1,0.31,0.21,0,0,99,1,0,25,False,True,0,0,52,39,29,3.83,AI is off,AI is off,AI is off,AI is off,Not paired,AI is off,0,0,0
1550000,5,0,1,0.31,0.21,0,0,99,1,0,25,False,True,0,0,50,38,26,3.83,AI is off,AI is off,AI is off,AI is off,Not paired,AI is off,0,0,0
1552000,4.9,0,1,0.31,0.21,0,0,99,1,0,25,False,True,0,0,51,39,27,3.83,AI is off,AI is off,AI is off,AI is off,Not paired,AI is off,0,0,0
1554000,4.9,0,1,0.31,0.21,0,0,99,1,0,25,False,True,0,0,53,40,29,3.83,AI is off,AI is off,AI is off,AI is off,Not paired,AI is off,0,0,0
1556000,5,0,1,0.31,0.21,0,0,99,1,0,25,False,True,0,0,52,40,28,3.83,AI is off,AI is off,AI is off,AI is off,Not paired,AI is off,0,0,0
1558000,4.9,0,1,0.31,0.21,0,0,99,1,0,25,False,True,0,0,53,40,28,3.83,AI is off,AI is off,AI is off,AI is off,Not paired,AI is off,0,0,0
1560000,4.9,0,1,0.31,0.21,0,0,99,1,0,25,False,True,0,0,51,39,27,3.83,AI is off,AI is off,AI is off,AI is off,Not paired,AI is off,0,0,0
1562000,4.8,0,1,0.31,0.21,0,0,99,1,0,25,False,True,0,0,52,39,27,3.83,AI is off,AI is off,AI is off,AI is off,Not paired,AI is off,0,0,0
1564000,4.5,0,1,0.3,0.21,0,0,99,1,0,25,False,True,0,0,52,39,27,3.83,AI is off,AI is off,AI is off,AI is off,Not paired,AI is off,0,0,0
1566000,4.1,0,1,0.29,0.21,0,0,99,1,0,25,False,True,0,0,50,37,26,3.83,AI is off,AI is off,AI is off,AI is off,Not paired,AI is off,0,0,0
1568000,3.5,0,1,0.28,0.21,0,0,99,1,0,25,False,True,0,0,57,43,31,3.83,AI is off,AI is off,AI is off,AI is off,Not paired,AI is off,0,0,0
1570000,3.2,0,1,0.27,0.21,0,0,99,1,0,25,False,True,0,0,57,41,30,3.83,AI is off,AI is off,AI is off,AI is off,Not paired,AI is off,0,0,0
1572000,3.2,0,1,0.27,0.21,0,0,99,1,0,25,False,True,0,0,67,50,37,3.83,AI is off,AI is off,AI is off,AI is off,Not paired,AI is off,0,0,0
1574000,3.1,0,1,0.27,0.21,0,0,99,1,0,25,False,True,0,0,53,39,30,3.83,AI is off,AI is off,AI is off,AI is off,Not paired,AI is off,0,0,0
1576000,2.8,0,1,0.27,0.21,0,0,99,1,0,25,False,True,0,0,59,43,31,3.83,AI is off,AI is off,AI is off,AI is off,Not paired,AI is off,0,0,0
1578000,2.4,0,1,0.26,0.21,0,0,99,1,0,25,False,True,0,0,53,41,30,3.83,AI is off,AI is off,AI is off,AI is off,Not paired,AI is off,0,0,0
1580000,2.1,0,1,0.25,0.21,0,0,99,1,0,25,False,True,0,0,68,50,39,3.83,AI is off,AI is off,AI is off,AI is off,Not paired,AI is off,0,0,0
1582000,1.8,0,1,0.24,0.21,0,0,99,1,0,25,False,True,0,0,69,51,39,3.83,AI is off,AI is off,AI is off,AI is off,Not paired,AI is off,0,0,0
1584000,1.8,0,1,0.24,0.21,0,0,99,1,0,25,False,True,0,0,52,40,31,3.83,AI is off,AI is off,AI is off,AI is off,Not paired,AI is off,0,0,0
1586000,1.4,0,1,0.24,0.21,0,0,99,1,0,25,False,True,0,0,52,39,28,3.83,AI is off,AI is off,AI is off,AI is off,Not paired,AI is off,0,0,0
1588000,0,0,1,0.22,0.21,0,0,99,1,0,26,False,True,0,0,52,40,31,3.83,AI is off,AI is off,AI is off,AI is off,Not paired,AI is off,0,0,0
1590000,0,0,1,0.22,0.21,0,0,99,1,0,26,False,True,0,0,55,42,30,3.83,AI is off,AI is off,AI is off,AI is off,Not paired,AI is off,0,0,0
1592000,0,0,1,0.22,0.21,0,0,99,1,0,26,False,True,0,0,60,46,34,3.83,AI is off,AI is off,AI is off,AI is off,Not paired,AI is off,0,0,0
1594000,0,0,0,0.22,0.21,0,0,99,1,0,26,False,True,0,0,51,39,27,3.83,AI is off,AI is off,AI is off,AI is off,Not paired,AI is off,0,0,0
1596000,0,0,0,0.22,0.21,0,0,99,1,0,26,False,True,0,0,52,39,28,3.83,AI is off,AI is off,AI is off,AI is off,Not paired,AI is off,0,0,0
1598000,0,0,0,0.22,0.21,0,0,99,1,0,26,False,True,0,0,53,40,29,3.83,AI is off,AI is off,AI is off,AI is off,Not paired,AI is off,0,0,0
1600000,0,0,0,0.22,0.21,0,0,99,1,0,26,False,True,0,0,52,39,28,3.83,AI is off,AI is off,AI is off,AI is off,Not paired,AI is off,0,0,0
1602000,1,0,0,0.23,0.21,0,0,99,1,0,26,False,True,0,0,52,39,27,3.83,AI is off,AI is off,AI is off,AI is off,Not paired,AI is off,0,0,0
1604000,1.1,0,1,0.23,0.21,0,0,99,1,0,26,False,True,0,0,53,40,28,3.83,AI is off,AI is off,AI is off,AI is off,Not paired,AI is off,0,0,0
1606000,1.6,0,1,0.24,0.21,0,0,99,1,0,26,False,True,0,0,50,38,26,3.83,AI is off,AI is off,AI is off,AI is off,Not paired,AI is off,0,0,0
1608000,2,0,1,0.25,0.21,0,0,99,1,0,26,False,True,0,0,68,51,38,3.83,AI is off,AI is off,AI is off,AI is off,Not paired,AI is off,0,0,0
1610000,2.3,0,1,0.25,0.21,0,0,99,1,0,26,False,True,0,0,69,51,39,3.83,AI is off,AI is off,AI is off,AI is off,Not paired,AI is off,0,0,0
1612000,2.6,0,1,0.26,0.21,0,0,99,1,0,26,False,True,0,0,67,51,38,3.83,AI is off,AI is off,AI is off,AI is off,Not paired,AI is off,0,0,0
1614000,2.9,0,1,0.27,0.21,0,0,99,1,0,26,False,True,0,0,52,38,28,3.83,AI is off,AI is off,AI is off,AI is off,Not paired,AI is off,0,0,0
1616000,3,0,1,0.27,0.21,0,0,99,1,0,26,False,True,0,0,53,37,27,3.83,AI is off,AI is off,AI is off,AI is off,Not paired,AI is off,0,0,0
1618000,3.3,0,1,0.28,0.21,0,0,99,1,0,26,False,True,0,0,55,41,29,3.83,AI is off,AI is off,AI is off,AI is off,Not paired,AI is off,0,0,0
1620000,3.6,0,1,0.28,0.21,0,0,99,1,0,26,False,True,0,0,54,39,30,3.83,AI is off,AI is off,AI is off,AI is off,Not paired,AI is off,0,0,0
1622000,3.9,0,1,0.29,0.21,0,0,99,1,0,26,False,True,0,0,52,40,27,3.83,AI is off,AI is off,AI is off,AI is off,Not paired,AI is off,0,0,0
1624000,4.3,0,1,0.3,0.21,0,0,99,1,0,26,False,True,0,0,53,41,30,3.83,AI is off,AI is off,AI is off,AI is off,Not paired,AI is off,0,0,0
1626000,4.7,0,1,0.3,0.21,0,0,99,1,0,26,False,True,0,0,52,39,26,3.83,AI is off,AI is off,AI is off,AI is off,Not paired,AI is off,0,0,0
1628000,5.1,0,1,0.31,0.21,0,0,99,1,0,26,False,True,0,0,53,40,29,3.83,AI is off,AI is off,AI is off,AI is off,Not paired,AI is off,0,0,0
1630000,5.5,0,1,0.32,0.21,0,0,99,1,0,26,False,True,0,0,52,40,28,3.83,AI is off,AI is off,AI is off,AI is off,Not paired,AI is off,0,0,0
1632000,5.7,0,1,0.33,0.21,0,0,99,1,0,26,False,True,0,0,53,40,29,3.83,AI is off,AI is off,AI is off,AI is off,Not paired,AI is off,0,0,0
1634000,6,0,1,0.33,0.21,0,0,99,1,0,26,False,True,0,0,50,37,26,3.83,AI is off,AI is off,AI is off,AI is off,Not paired,AI is off,0,0,0
1636000,6.4,0,1,0.34,0.21,0,0,99,1,0,26,False,True,0,0,50,36,25,3.83,AI is off,AI is off,AI is off,AI is off,Not paired,AI is off,0,0,0
1638000,6.8,0,1,0.35,0.21,0,0,99,1,0,26,False,True,0,0,51,38,27,3.83,AI is off,AI is off,AI is off,AI is off,Not paired,AI is off,0,0,0
1640000,7.1,0,1,0.35,0.21,0,0,99,1,0,26,False,True,0,0,51,38,28,3.83,AI is off,AI is off,AI is off,AI is off,Not paired,AI is off,0,0,0
1642000,7.4,0,1,0.36,0.21,0,0,99,1,0,26,False,True,0,0,51,38,28,3.83,AI is off,AI is off,AI is off,AI is off,Not paired,AI is off,0,0,0
1644000,7.2,0,1,0.36,0.21,0,0,99,1,0,26,False,True,0,0,50,38,26,3.83,AI is off,AI is off,AI is off,AI is off,Not paired,AI is off,0,0,0
1646000,7.1,0,1,0.35,0.21,0,0,99,1,0,26,False,True,0,0,52,40,28,3.83,AI is off,AI is off,AI is off,AI is off,Not paired,AI is off,0,0,0
1648000,7.1,0,1,0.35,0.21,0,0,99,1,0,26,False,True,0,0,52,39,27,3.83,AI is off,AI is off,AI is off,AI is off,Not paired,AI is off,0,0,0
1650000,7,0,1,0.35,0.21,0,0,99,1,0,26,False,True,0,0,51,39,27,3.83,AI is off,AI is off,AI is off,AI is off,Not paired,AI is off,0,0,0
1652000,7,0,1,0.35,0.21,0,0,99,1,0,26,False,True,0,0,50,36,25,3.83,AI is off,AI is off,AI is off,AI is off,Not paired,AI is off,0,0,0
1654000,7,0,1,0.35,0.21,0,0,99,1,0,25,False,True,0,0,50,37,27,3.83,AI is off,AI is off,AI is off,AI is off,Not paired,AI is off,0,0,0
1656000,7.1,0,1,0.35,0.21,0,0,99,1,0,26,False,True,0,0,51,39,27,3.83,AI is off,AI is off,AI is off,AI is off,Not paired,AI is off,0,0,0
1658000,7.1,0,1,0.36,0.21,0,0,99,1,0,25,False,True,0,0,52,39,27,3.83,AI is off,AI is off,AI is off,AI is off,Not paired,AI is off,0,0,0
1660000,7.2,0,1,0.36,0.21,0,0,99,1,0,25,False,True,0,0,50,37,25,3.83,AI is off,AI is off,AI is off,AI is off,Not paired,AI is off,0,0,0
1662000,7,0,1,0.35,0.21,0,0,99,1,0,25,False,True,0,0,52,39,27,3.83,AI is off,AI is off,AI is off,AI is off,Not paired,AI is off,0,0,0
1664000,7.1,0,1,0.35,0.21,0,0,99,1,0,25,False,True,0,0,51,38,26,3.83,AI is off,AI is off,AI is off,AI is off,Not paired,AI is off,0,0,0
1666000,7.1,0,1,0.36,0.21,0,0,99,1,0,25,False,True,0,0,52,39,28,3.83,AI is off,AI is off,AI is off,AI is off,Not paired,AI is off,0,0,0
1668000,7.1,0,1,0.36,0.21,0,0,99,1,0,25,False,True,0,0,52,40,28,3.83,AI is off,AI is off,AI is off,AI is off,Not paired,AI is off,0,0,0
1670000,7.1,0,1,0.35,0.21,0,0,99,1,0,25,False,True,0,0,51,38,26,3.83,AI is off,AI is off,AI is off,AI is off,Not paired,AI is off,0,0,0
1672000,7.1,0,1,0.35,0.21,0,0,99,1,0,25,False,True,0,0,51,38,26,3.83,AI is off,AI is off,AI is off,AI is off,Not paired,AI is off,0,0,0
1674000,7.1,0,1,0.35,0.21,0,0,99,1,0,25,False,True,0,0,51,38,26,3.83,AI is off,AI is off,AI is off,AI is off,Not paired,AI is off,0,0,0
1676000,6.9,0,1,0.35,0.21,0,0,99,1,0,25,False,True,0,0,51,39,26,3.83,AI is off,AI is off,AI is off,AI is off,Not paired,AI is off,0,0,0
1678000,7.1,0,1,0.35,0.21,0,0,99,1,0,25,False,True,0,0,52,39,27,3.83,AI is off,AI is off,AI is off,AI is off,Not paired,AI is off,0,0,0
1680000,7.1,0,1,0.35,0.21,0,0,99,1,0,25,False,True,0,0,51,38,26,3.83,AI is off,AI is off,AI is off,AI is off,Not paired,AI is off,0,0,0
1682000,7,0,1,0.35,0.21,0,0,99,1,0,25,False,True,0,0,51,38,26,3.83,AI is off,AI is off,AI is off,AI is off,Not paired,AI is off,0,0,0
1684000,7.1,0,1,0.36,0.21,0,0,99,1,0,25,False,True,0,0,51,38,26,3.83,AI is off,AI is off,AI is off,AI is off,Not paired,AI is off,0,0,0
1686000,6.7,0,1,0.35,0.21,0,0,99,1,0,25,False,True,0,0,60,45,32,3.83,AI is off,AI is off,AI is off,AI is off,Not paired,AI is off,0,0,0
1688000,6.6,0,1,0.34,0.21,0,0,99,1,0,25,False,True,0,0,52,39,26,3.83,AI is off,AI is off,AI is off,AI is off,Not paired,AI is off,0,0,0
1690000,6.7,0,1,0.35,0.21,0,0,99,1,0,25,False,True,0,0,50,38,27,3.83,AI is off,AI is off,AI is off,AI is off,Not paired,AI is off,0,0,0
1692000,6.6,0,1,0.35,0.21,0,0,99,1,0,25,False,True,0,0,49,36,24,3.83,AI is off,AI is off,AI is off,AI is off,Not paired,AI is off,0,0,0
1694000,6.5,0,1,0.34,0.21,0,0,99,1,0,25,False,True,0,0,51,38,26,3.83,AI is off,AI is off,AI is off,AI is off,Not paired,AI is off,0,0,0
1696000,6.5,0,1,0.34,0.21,0,0,99,1,0,25,False,True,0,0,51,38,28,3.83,AI is off,AI is off,AI is off,AI is off,Not paired,AI is off,0,0,0
1698000,6.9,0,1,0.35,0.21,0,0,99,1,0,25,False,True,0,0,51,39,29,3.83,AI is off,AI is off,AI is off,AI is off,Not paired,AI is off,0,0,0
1700000,7.1,0,1,0.36,0.21,0,0,99,1,0,25,False,True,0,0,52,39,28,3.83,AI is off,AI is off,AI is off,AI is off,Not paired,AI is off,0,0,0
1702000,7.2,0,1,0.36,0.21,0,0,99,1,0,25,False,True,0,0,52,38,28,3.83,AI is off,AI is off,AI is off,AI is off,Not paired,AI is off,0,0,0
1704000,7.4,0,1,0.36,0.21,0,0,99,1,0,25,False,True,0,0,68,50,38,3.83,AI is off,AI is off,AI is off,AI is off,Not paired,AI is off,0,0,0
1706000,7.5,0,1,0.36,0.21,0,0,99,1,0,25,False,True,0,0,53,40,28,3.83,AI is off,AI is off,AI is off,AI is off,Not paired,AI is off,0,0,0
1708000,7.7,0,1,0.37,0.21,0,0,99,1,0,25,False,True,0,0,52,39,29,3.83,AI is off,AI is off,AI is off,AI is off,Not paired,AI is off,0,0,0
1710000,7.8,0,1,0.37,0.21,0,0,99,1,0,25,False,True,0,0,51,38,28,3.83,AI is off,AI is off,AI is off,AI is off,Not paired,AI is off,0,0,0
1712000,7.6,0,1,0.36,0.21,0,0,99,1,0,25,False,True,0,0,51,39,27,3.83,AI is off,AI is off,AI is off,AI is off,Not paired,AI is off,0,0,0
1714000,7.4,0,1,0.36,0.21,0,0,99,1,0,25,False,True,0,0,53,40,30,3.83,AI is off,AI is off,AI is off,AI is off,Not paired,AI is off,0,0,0
1716000,7.8,0,1,0.37,0.21,0,0,99,1,0,25,False,True,0,0,50,37,25,3.83,AI is off,AI is off,AI is off,AI is off,Not paired,AI is off,0,0,0
1718000,7.9,0,1,0.37,0.21,0,0,99,1,0,25,False,True,0,0,53,39,29,3.83,AI is off,AI is off,AI is off,AI is off,Not paired,AI is off,0,0,0
1720000,7.9,0,1,0.37,0.21,0,0,99,1,0,25,False,True,0,0,53,40,29,3.83,AI is off,AI is off,AI is off,AI is off,Not paired,AI is off,0,0,0
1722000,8,0,1,0.37,0.21,0,0,99,1,0,25,False,True,0,0,53,40,29,3.83,AI is off,AI is off,AI is off,AI is off,Not paired,AI is off,0,0,0
1724000,8.1,0,1,0.37,0.21,0,0,99,1,0,25,False,True,0,0,58,42,31,3.83,AI is off,AI is off,AI is off,AI is off,Not paired,AI is off,0,0,0
1726000,8.1,0,1,0.38,0.21,0,0,99,1,0,25,False,True,0,0,52,37,27,3.83,AI is off,AI is off,AI is off,AI is off,Not paired,AI is off,0,0,0
1728000,8.1,0,1,0.37,0.21,0,0,99,1,0,25,False,True,0,0,53,41,29,3.83,AI is off,AI is off,AI is off,AI is off,Not paired,AI is off,0,0,0
1730000,8.1,0,1,0.38,0.21,0,0,99,1,0,25,False,True,0,0,51,38,26,3.83,AI is off,AI is off,AI is off,AI is off,Not paired,AI is off,0,0,0
1732000,8,0,1,0.37,0.21,0,0,99,1,0,25,False,True,0,0,51,38,27,3.83,AI is off,AI is off,AI is off,AI is off,Not paired,AI is off,0,0,0
1734000,8,0,1,0.37,0.21,0,0,99,1,0,25,False,True,0,0,52,40,28,3.83,AI is off,AI is off,AI is off,AI is off,Not paired,AI is off,0,0,0
1736000,8,0,1,0.37,0.21,0,0,99,1,0,25,False,True,0,0,62,46,33,3.83,AI is off,AI is off,AI is off,AI is off,Not paired,AI is off,0,0,0
1738000,8,0,1,0.37,0.21,0,0,99,1,0,25,False,True,0,0,54,39,29,3.83,AI is off,AI is off,AI is off,AI is off,Not paired,AI is off,0,0,0
1740000,8,0,1,0.37,0.21,0,0,99,1,0,25,False,True,0,0,52,41,29,3.83,AI is off,AI is off,AI is off,AI is off,Not paired,AI is off,0,0,0
1742000,7.9,0,1,0.37,0.21,0,0,99,1,0,25,False,True,0,0,54,41,30,3.83,AI is off,AI is off,AI is off,AI is off,Not paired,AI is off,0,0,0
1744000,8,0,1,0.37,0.21,0,0,99,1,0,25,False,True,0,0,53,40,29,3.83,AI is off,AI is off,AI is off,AI is off,Not paired,AI is off,0,0,0
1746000,8,0,1,0.37,0.21,0,0,99,1,0,25,False,True,0,0,53,41,30,3.83,AI is off,AI is off,AI is off,AI is off,Not paired,AI is off,0,0,0
1748000,8.2,0,1,0.38,0.21,0,0,99,1,0,25,False,True,0,0,53,40,29,3.83,AI is off,AI is off,AI is off,AI is off,Not paired,AI is off,0,0,0
1750000,8.5,0,1,0.39,0.21,0,0,99,1,0,25,False,True,0,0,52,40,27,3.83,AI is off,AI is off,AI is off,AI is off,Not paired,AI is off,0,0,0
1752000,8.900001,0,1,0.39,0.21,0,0,99,1,0,25,False,True,0,0,51,39,29,3.83,AI is off,AI is off,AI is off,AI is off,Not paired,AI is off,0,0,0
1754000,9,0,1,0.39,0.21,0,0,99,1,0,25,False,True,0,0,50,37,27,3.83,AI is off,AI is off,AI is off,AI is off,Not paired,AI is off,0,0,0
1756000,9,0,1,0.39,0.21,0,0,99,1,0,25,False,True,0,0,51,38,29,3.83,AI is off,AI is off,AI is off,AI is off,Not paired,AI is off,0,0,0
1758000,8.8,0,1,0.39,0.21,0,0,99,1,0,25,False,True,0,0,52,39,29,3.83,AI is off,AI is off,AI is off,AI is off,Not paired,AI is off,0,0,0
1760000,8.6,0,1,0.39,0.21,0,0,99,1,0,25,False,True,0,0,51,39,29,3.83,AI is off,AI is off,AI is off,AI is off,Not paired,AI is off,0,0,0
1762000,8.5,0,1,0.38,0.21,0,0,99,1,0,25,False,True,0,0,51,38,29,3.83,AI is off,AI is off,AI is off,AI is off,Not paired,AI is off,0,0,0
1764000,8.5,0,1,0.38,0.21,0,0,99,1,0,25,False,True,0,0,52,40,30,3.83,AI is off,AI is off,AI is off,AI is off,Not paired,AI is off,0,0,0
1766000,8.7,0,1,0.39,0.21,0,0,99,1,0,25,False,True,0,0,50,36,25,3.83,AI is off,AI is off,AI is off,AI is off,Not paired,AI is off,0,0,0
1768000,8.7,0,1,0.39,0.21,0,0,99,1,0,25,False,True,0,0,51,39,29,3.83,AI is off,AI is off,AI is off,AI is off,Not paired,AI is off,0,0,0
1770000,8.7,0,1,0.39,0.21,0,0,99,1,0,25,False,True,0,0,50,38,26,3.83,AI is off,AI is off,AI is off,AI is off,Not paired,AI is off,0,0,0
1772000,9,0,1,0.4,0.21,0,0,99,1,0,25,False,True,0,0,51,39,27,3.83,AI is off,AI is off,AI is off,AI is off,Not paired,AI is off,0,0,0
1774000,9.400001,0,1,0.4,0.21,0,0,99,1,0,25,False,True,0,0,50,38,28,3.83,AI is off,AI is off,AI is off,AI is off,Not paired,AI is off,0,0,0
1776000,9.3,0,1,0.4,0.21,0,0,99,1,0,25,False,True,0,0,52,39,29,3.83,AI is off,AI is off,AI is off,AI is off,Not paired,AI is off,0,0,0
1778000,9,0,1,0.39,0.21,0,0,99,1,0,25,False,True,0,0,51,38,28,3.83,AI is off,AI is off,AI is off,AI is off,Not paired,AI is off,0,0,0
1780000,8.8,0,1,0.39,0.21,0,0,99,1,0,24,False,True,0,0,50,37,26,3.83,AI is off,AI is off,AI is off,AI is off,Not paired,AI is off,0,0,0
1782000,8.8,0,1,0.39,0.21,0,0,99,1,0,24,False,True,0,0,50,38,27,3.83,AI is off,AI is off,AI is off,AI is off,Not paired,AI is off,0,0,0
1784000,8.6,0,1,0.39,0.21,0,0,99,1,0,24,False,True,0,0,52,39,30,3.83,AI is off,AI is off,AI is off,AI is off,Not paired,AI is off,0,0,0
1786000,8.5,0,1,0.38,0.21,0,0,99,1,0,24,False,True,0,0,51,39,27,3.83,AI is off,AI is off,AI is off,AI is off,Not paired,AI is off,0,0,0
1788000,8.3,0,1,0.38,0.21,0,0,99,1,0,24,False,True,0,0,50,37,25,3.83,AI is off,AI is off,AI is off,AI is off,Not paired,AI is off,0,0,0
1790000,8.3,0,1,0.38,0.21,0,0,99,1,0,24,False,True,0,0,52,40,28,3.83,AI is off,AI is off,AI is off,AI is off,Not paired,AI is off,0,0,0
1792000,8.7,0,1,0.39,0.21,0,0,99,1,0,24,False,True,0,0,51,39,30,3.83,AI is off,AI is off,AI is off,AI is off,Not paired,AI is off,0,0,0
1794000,8.8,0,1,0.39,0.21,0,0,99,1,0,24,False,True,0,0,51,39,27,3.83,AI is off,AI is off,AI is off,AI is off,Not paired,AI is off,0,0,0
1796000,8.8,0,1,0.39,0.21,0,0,99,1,0,24,False,True,0,0,53,39,28,3.83,AI is off,AI is off,AI is off,AI is off,Not paired,AI is off,0,0,0
1798000,8.6,0,1,0.39,0.21,0,0,99,1,0,24,False,True,0,0,57,43,32,3.83,AI is off,AI is off,AI is off,AI is off,Not paired,AI is off,0,0,0
1800000,8.5,0,1,0.38,0.21,0,0,99,1,0,24,False,True,0,0,52,38,27,3.83,AI is off,AI is off,AI is off,AI is off,Not paired,AI is off,0,0,0
1802000,8.400001,0,1,0.38,0.21,0,0,99,1,0,24,False,True,0,0,54,41,30,3.83,AI is off,AI is off,AI is off,AI is off,Not paired,AI is off,0,0,0
1804000,8.2,0,1,0.38,0.21,0,0,99,1,0,24,False,True,0,0,50,38,27,3.83,AI is off,AI is off,AI is off,AI is off,Not paired,AI is off,0,0,0
1806000,8.2,0,1,0.38,0.21,0,0,99,1,0,24,False,True,0,0,51,38,28,3.83,AI is off,AI is off,AI is off,AI is off,Not paired,AI is off,0,0,0
1808000,8.400001,0,1,0.38,0.21,0,0,99,1,0,24,False,True,0,0,51,39,30,3.83,AI is off,AI is off,AI is off,AI is off,Not paired,AI is off,0,0,0
1810000,8.400001,0,1,0.38,0.21,0,0,99,1,0,24,False,True,0,0,52,39,29,3.83,AI is off,AI is off,AI is off,AI is off,Not paired,AI is off,0,0,0
1812000,8.1,0,1,0.38,0.21,0,0,99,1,0,24,False,True,0,0,51,39,29,3.83,AI is off,AI is off,AI is off,AI is off,Not paired,AI is off,0,0,0
1814000,8.1,0,1,0.38,0.21,0,0,99,1,0,24,False,True,0,0,52,40,28,3.83,AI is off,AI is off,AI is off,AI is off,Not paired,AI is off,0,0,0
1816000,7.9,0,1,0.37,0.21,0,0,99,1,0,24,False,True,0,0,54,41,29,3.83,AI is off,AI is off,AI is off,AI is off,Not paired,AI is off,0,0,0
1818000,7.8,0,1,0.37,0.21,0,0,99,1,0,24,False,True,0,0,52,38,28,3.83,AI is off,AI is off,AI is off,AI is off,Not paired,AI is off,0,0,0
1820000,7.8,0,1,0.37,0.21,0,0,99,1,0,24,False,True,0,0,57,44,32,3.83,AI is off,AI is off,AI is off,AI is off,Not paired,AI is off,0,0,0
1822000,7.8,0,1,0.37,0.21,0,0,99,1,0,24,False,True,0,0,56,43,32,3.83,AI is off,AI is off,AI is off,AI is off,Not paired,AI is off,0,0,0
1824000,7.9,0,1,0.37,0.21,0,0,99,1,0,24,False,True,0,0,51,38,26,3.83,AI is off,AI is off,AI is off,AI is off,Not paired,AI is off,0,0,0
1826000,8.1,0,1,0.38,0.21,0,0,99,1,0,24,False,True,0,0,51,38,28,3.83,AI is off,AI is off,AI is off,AI is off,Not paired,AI is off,0,0,0
1828000,8.400001,0,1,0.38,0.21,0,0,99,1,0,24,False,True,0,0,51,38,27,3.83,AI is off,AI is off,AI is off,AI is off,Not paired,AI is off,0,0,0
1830000,8.400001,0,1,0.38,0.21,0,0,99,1,0,24,False,True,0,0,49,37,25,3.83,AI is off,AI is off,AI is off,AI is off,Not paired,AI is off,0,0,0
1832000,8.400001,0,1,0.38,0.21,0,0,99,1,0,24,False,True,0,0,51,39,28,3.83,AI is off,AI is off,AI is off,AI is off,Not paired,AI is off,0,0,0
1834000,8.400001,0,1,0.38,0.21,0,0,99,1,0,24,False,True,0,0,51,39,28,3.83,AI is off,AI is off,AI is off,AI is off,Not paired,AI is off,0,0,0
1836000,8.7,0,1,0.39,0.21,0,0,99,1,0,24,False,True,0,0,50,38,27,3.83,AI is off,AI is off,AI is off,AI is off,Not paired,AI is off,0,0,0
1838000,8.8,0,1,0.39,0.21,0,0,99,1,0,24,False,True,0,0,51,38,28,3.83,AI is off,AI is off,AI is off,AI is off,Not paired,AI is off,0,0,0
1840000,8.7,0,1,0.39,0.21,0,0,99,1,0,24,False,True,0,0,50,38,27,3.83,AI is off,AI is off,AI is off,AI is off,Not paired,AI is off,0,0,0
1842000,8.5,0,1,0.38,0.21,0,0,99,1,0,24,False,True,0,0,51,39,28,3.83,AI is off,AI is off,AI is off,AI is off,Not paired,AI is off,0,0,0
1844000,8.900001,0,1,0.39,0.21,0,0,99,1,0,24,False,True,0,0,51,39,29,3.83,AI is off,AI is off,AI is off,AI is off,Not paired,AI is off,0,0,0
1846000,8.7,0,1,0.39,0.21,0,0,99,1,0,24,False,True,0,0,50,38,27,3.83,AI is off,AI is off,AI is off,AI is off,Not paired,AI is off,0,0,0
1848000,8,0,1,0.38,0.21,0,0,99,1,0,24,False,True,0,0,53,38,28,3.83,AI is off,AI is off,AI is off,AI is off,Not paired,AI is off,0,0,0
1850000,7.3,0,1,0.36,0.21,0,0,99,1,0,24,False,True,0,0,57,43,32,3.83,AI is off,AI is off,AI is off,AI is off,Not paired,AI is off,0,0,0
1852000,7.1,0,1,0.36,0.21,0,0,99,1,0,24,False,True,0,0,53,40,29,3.83,AI is off,AI is off,AI is off,AI is off,Not paired,AI is off,0,0,0
1854000,7,0,1,0.36,0.21,0,0,99,1,0,24,False,True,0,0,51,39,27,3.83,AI is off,AI is off,AI is off,AI is off,Not paired,AI is off,0,0,0
1856000,6.7,0,1,0.35,0.21,0,0,99,1,0,24,False,True,0,0,51,39,28,3.83,AI is off,AI is off,AI is off,AI is off,Not paired,AI is off,0,0,0
1858000,6.6,0,1,0.34,0.21,0,0,99,1,0,24,False,True,0,0,53,41,29,3.83,AI is off,AI is off,AI is off,AI is off,Not paired,AI is off,0,0,0
1860000,6.3,0,1,0.34,0.21,0,0,99,1,0,25,False,True,0,0,52,40,28,3.83,AI is off,AI is off,AI is off,AI is off,Not paired,AI is off,0,0,0
1862000,5.9,0,1,0.33,0.21,0,0,99,1,0,25,False,True,0,0,51,39,27,3.83,AI is off,AI is off,AI is off,AI is off,Not paired,AI is off,0,0,0
1864000,5.8,0,1,0.33,0.21,0,0,99,1,0,25,False,True,0,0,54,40,28,3.83,AI is off,AI is off,AI is off,AI is off,Not paired,AI is off,0,0,0
1866000,5.7,0,1,0.33,0.21,0,0,99,1,0,25,False,True,0,0,52,40,28,3.83,AI is off,AI is off,AI is off,AI is off,Not paired,AI is off,0,0,0
1868000,5.5,0,1,0.32,0.21,0,0,99,1,0,25,False,True,0,0,53,41,29,3.83,AI is off,AI is off,AI is off,AI is off,Not paired,AI is off,0,0,0
1870000,5.5,0,1,0.32,0.21,0,0,99,1,0,25,False,True,0,0,52,39,30,3.83,AI is off,AI is off,AI is off,AI is off,Not paired,AI is off,0,0,0
1872000,5.5,0,1,0.32,0.21,0,0,99,1,0,25,False,True,0,0,50,37,25,3.83,AI is off,AI is off,AI is off,AI is off,Not paired,AI is off,0,0,0
1874000,5.5,0,1,0.32,0.21,0,0,99,1,0,25,False,True,0,0,52,40,31,3.83,AI is off,AI is off,AI is off,AI is off,Not paired,AI is off,0,0,0
1876000,5.4,0,1,0.32,0.21,0,0,99,1,0,25,False,True,0,0,51,38,28,3.83,AI is off,AI is off,AI is off,AI is off,Not paired,AI is off,0,0,0
1878000,5.4,0,1,0.32,0.21,0,0,99,1,0,25,False,True,0,0,52,39,28,3.83,AI is off,AI is off,AI is off,AI is off,Not paired,AI is off,0,0,0
1880000,5.4,0,1,0.32,0.21,0,0,99,1,0,25,False,True,0,0,51,39,30,3.83,AI is off,AI is off,AI is off,AI is off,Not paired,AI is off,0,0,0
1882000,5.9,0,1,0.33,0.21,0,0,99,1,0,25,False,True,0,0,53,40,31,3.83,AI is off,AI is off,AI is off,AI is off,Not paired,AI is off,0,0,0
1884000,6.1,0,1,0.33,0.21,0,0,99,1,0,25,False,True,0,0,53,40,29,3.83,AI is off,AI is off,AI is off,AI is off,Not paired,AI is off,0,0,0
1886000,6.1,0,1,0.33,0.21,0,0,99,1,0,25,False,True,0,0,52,38,28,3.83,AI is off,AI is off,AI is off,AI is off,Not paired,AI is off,0,0,0
1888000,6.4,0,1,0.34,0.21,0,0,99,1,0,25,False,True,0,0,53,39,29,3.83,AI is off,AI is off,AI is off,AI is off,Not paired,AI is off,0,0,0
1890000,6.6,0,1,0.34,0.21,0,0,99,1,0,25,False,True,0,0,52,39,29,3.83,AI is off,AI is off,AI is off,AI is off,Not paired,AI is off,0,0,0
1892000,6.6,0,1,0.34,0.21,0,0,99,1,0,25,False,True,0,0,53,40,30,3.83,AI is off,AI is off,AI is off,AI is off,Not paired,AI is off,0,0,0
1894000,6.6,0,1,0.34,0.21,0,0,99,1,0,25,False,True,0,0,51,39,28,3.83,AI is off,AI is off,AI is off,AI is off,Not paired,AI is off,0,0,0
1896000,6.7,0,1,0.35,0.21,0,0,99,1,0,25,False,True,0,0,53,40,30,3.83,AI is off,AI is off,AI is off,AI is off,Not paired,AI is off,0,0,0
1898000,6.6,0,1,0.35,0.21,0,0,99,1,0,25,False,True,0,0,51,39,28,3.83,AI is off,AI is off,AI is off,AI is off,Not paired,AI is off,0,0,0
1900000,6.5,0,1,0.34,0.21,0,0,99,1,0,25,False,True,0,0,50,37,26,3.83,AI is off,AI is off,AI is off,AI is off,Not paired,AI is off,0,0,0
1902000,6.5,0,1,0.34,0.21,0,0,99,1,0,25,False,True,0,0,51,39,27,3.83,AI is off,AI is off,AI is off,AI is off,Not paired,AI is off,0,0,0
1904000,6.7,0,1,0.35,0.21,0,0,99,1,0,25,False,True,0,0,54,42,31,3.83,AI is off,AI is off,AI is off,AI is off,Not paired,AI is off,0,0,0
1906000,6.9,0,1,0.35,0.21,0,0,99,1,0,25,False,True,0,0,53,40,29,3.83,AI is off,AI is off,AI is off,AI is off,Not paired,AI is off,0,0,0
1908000,7,0,1,0.35,0.21,0,0,99,1,0,25,False,True,0,0,51,39,27,3.83,AI is off,AI is off,AI is off,AI is off,Not paired,AI is off,0,0,0
1910000,7,0,1,0.35,0.21,0,0,99,1,0,25,False,True,0,0,51,39,28,3.83,AI is off,AI is off,AI is off,AI is off,Not paired,AI is off,0,0,0
1912000,6.9,0,1,0.35,0.21,0,0,99,1,0,25,False,True,0,0,51,39,29,3.83,AI is off,AI is off,AI is off,AI is off,Not paired,AI is off,0,0,0
1914000,6.6,0,1,0.35,0.21,0,0,99,1,0,25,False,True,0,0,53,38,27,3.83,AI is off,AI is off,AI is off,AI is off,Not paired,AI is off,0,0,0
1916000,6.4,0,1,0.34,0.21,0,0,99,1,0,25,False,True,0,0,56,42,31,3.83,AI is off,AI is off,AI is off,AI is off,Not paired,AI is off,0,0,0
1918000,6.4,0,1,0.34,0.21,0,0,99,1,0,25,False,True,0,0,58,44,33,3.83,AI is off,AI is off,AI is off,AI is off,Not paired,AI is off,0,0,0
1920000,6.5,0,1,0.34,0.21,0,0,99,1,0,25,False,True,0,0,52,40,28,3.83,AI is off,AI is off,AI is off,AI is off,Not paired,AI is off,0,0,0
1922000,6.6,0,1,0.34,0.21,0,0,99,1,0,25,False,True,0,0,51,40,28,3.83,AI is off,AI is off,AI is off,AI is off,Not paired,AI is off,0,0,0
1924000,6.3,0,1,0.34,0.21,0,0,99,1,0,25,False,True,0,0,51,39,27,3.83,AI is off,AI is off,AI is off,AI is off,Not paired,AI is off,0,0,0
1926000,6.3,0,1,0.34,0.21,0,0,99,1,0,25,False,True,0,0,51,39,27,3.83,AI is off,AI is off,AI is off,AI is off,Not paired,AI is off,0,0,0
1928000,6.4,0,1,0.34,0.21,0,0,99,1,0,25,False,True,0,0,51,40,28,3.83,AI is off,AI is off,AI is off,AI is off,Not paired,AI is off,0,0,0
1930000,6.5,0,1,0.34,0.21,0,0,99,1,0,25,False,True,0,0,52,39,29,3.83,AI is off,AI is off,AI is off,AI is off,Not paired,AI is off,0,0,0
1932000,6.5,0,1,0.34,0.21,0,0,99,1,0,25,False,True,0,0,53,40,30,3.83,AI is off,AI is off,AI is off,AI is off,Not paired,AI is off,0,0,0
1934000,6.5,0,1,0.34,0.21,0,0,99,1,0,25,False,True,0,0,51,39,27,3.83,AI is off,AI is off,AI is off,AI is off,Not paired,AI is off,0,0,0
1936000,6.4,0,1,0.34,0.21,0,0,99,1,0,25,False,True,0,0,51,39,28,3.83,AI is off,AI is off,AI is off,AI is off,Not paired,AI is off,0,0,0
1938000,6.8,0,1,0.35,0.21,0,0,99,1,0,25,False,True,0,0,51,38,27,3.83,AI is off,AI is off,AI is off,AI is off,Not paired,AI is off,0,0,0
1940000,7,0,1,0.35,0.21,0,0,99,1,0,25,False,True,0,0,50,38,27,3.83,AI is off,AI is off,AI is off,AI is off,Not paired,AI is off,0,0,0
1942000,7.2,0,1,0.36,0.21,0,0,99,1,0,25,False,True,0,0,51,39,27,3.83,AI is off,AI is off,AI is off,AI is off,Not paired,AI is off,0,0,0
1944000,7.4,0,1,0.36,0.21,0,0,99,1,0,25,False,True,0,0,53,40,30,3.83,AI is off,AI is off,AI is off,AI is off,Not paired,AI is off,0,0,0
1946000,7.6,0,1,0.36,0.21,0,0,99,1,0,25,False,True,0,0,52,39,29,3.83,AI is off,AI is off,AI is off,AI is off,Not paired,AI is off,0,0,0
1948000,7.8,0,1,0.37,0.21,0,0,99,1,0,25,False,True,0,0,51,39,27,3.83,AI is off,AI is off,AI is off,AI is off,Not paired,AI is off,0,0,0
1950000,8,0,1,0.37,0.21,0,0,99,1,0,25,False,True,0,0,53,39,29,3.83,AI is off,AI is off,AI is off,AI is off,Not paired,AI is off,0,0,0
1952000,7.8,0,1,0.37,0.21,0,0,99,1,0,25,False,True,0,0,52,39,30,3.83,AI is off,AI is off,AI is off,AI is off,Not paired,AI is off,0,0,0
1954000,7.7,0,1,0.37,0.21,0,0,99,1,0,25,False,True,0,0,53,40,31,3.83,AI is off,AI is off,AI is off,AI is off,Not paired,AI is off,0,0,0
1956000,7.1,0,1,0.36,0.21,0,0,99,1,0,25,False,True,0,0,53,41,30,3.83,AI is off,AI is off,AI is off,AI is off,Not paired,AI is off,0,0,0
1958000,6.5,0,1,0.35,0.21,0,0,99,1,0,25,False,True,0,0,51,39,27,3.83,AI is off,AI is off,AI is off,AI is off,Not paired,AI is off,0,0,0
1960000,6.2,0,1,0.34,0.21,0,0,99,1,0,25,False,True,0,0,52,38,28,3.83,AI is off,AI is off,AI is off,AI is off,Not paired,AI is off,0,0,0
1962000,6.4,0,1,0.34,0.21,0,0,99,1,0,25,False,True,0,0,52,39,29,3.83,AI is off,AI is off,AI is off,AI is off,Not paired,AI is off,0,0,0
1964000,6.7,0,1,0.34,0.21,0,0,99,1,0,25,False,True,0,0,53,39,31,3.83,AI is off,AI is off,AI is off,AI is off,Not paired,AI is off,0,0,0
1966000,7.1,0,1,0.35,0.21,0,0,99,1,0,25,False,True,0,0,51,39,27,3.83,AI is off,AI is off,AI is off,AI is off,Not paired,AI is off,0,0,0
1968000,7.5,0,1,0.36,0.21,0,0,99,1,0,25,False,True,0,0,51,39,27,3.83,AI is off,AI is off,AI is off,AI is off,Not paired,AI is off,0,0,0
1970000,7.7,0,1,0.37,0.21,0,0,99,1,0,25,False,True,0,0,50,37,25,3.83,AI is off,AI is off,AI is off,AI is off,Not paired,AI is off,0,0,0
1972000,7.9,0,1,0.37,0.21,0,0,99,1,0,25,False,True,0,0,50,37,25,3.83,AI is off,AI is off,AI is off,AI is off,Not paired,AI is off,0,0,0
1974000,8,0,1,0.37,0.21,0,0,99,1,0,25,False,True,0,0,53,39,30,3.83,AI is off,AI is off,AI is off,AI is off,Not paired,AI is off,0,0,0
1976000,8.3,0,1,0.38,0.21,0,0,99,1,0,25,False,True,0,0,52,39,29,3.83,AI is off,AI is off,AI is off,AI is off,Not paired,AI is off,0,0,0
1978000,8.2,0,1,0.38,0.21,0,0,99,1,0,25,False,True,0,0,51,39,28,3.83,AI is off,AI is off,AI is off,AI is off,Not paired,AI is off,0,0,0
1980000,8,0,1,0.38,0.21,0,0,99,1,0,25,False,True,0,0,52,40,30,3.83,AI is off,AI is off,AI is off,AI is off,Not paired,AI is off,0,0,0
1982000,7.7,0,1,0.37,0.21,0,0,99,1,0,25,False,True,0,0,50,38,27,3.83,AI is off,AI is off,AI is off,AI is off,Not paired,AI is off,0,0,0
1984000,7.5,0,1,0.36,0.21,0,0,99,1,0,25,False,True,0,0,51,38,27,3.83,AI is off,AI is off,AI is off,AI is off,Not paired,AI is off,0,0,0
1986000,7.2,0,1,0.36,0.21,0,0,99,1,0,25,False,True,0,0,51,38,28,3.83,AI is off,AI is off,AI is off,AI is off,Not paired,AI is off,0,0,0
1988000,6.8,0,1,0.35,0.21,0,0,99,1,0,25,False,True,0,0,52,39,28,3.83,AI is off,AI is off,AI is off,AI is off,Not paired,AI is off,0,0,0
1990000,6.6,0,1,0.35,0.21,0,0,99,1,0,25,False,True,0,0,51,40,29,3.83,AI is off,AI is off,AI is off,AI is off,Not paired,AI is off,0,0,0
1992000,6.7,0,1,0.35,0.21,0,0,99,1,0,25,False,True,0,0,52,40,29,3.83,AI is off,AI is off,AI is off,AI is off,Not paired,AI is off,0,0,0
1994000,6.6,0,1,0.35,0.21,0,0,99,1,0,25,False,True,0,0,51,38,26,3.83,AI is off,AI is off,AI is off,AI is off,Not paired,AI is off,0,0,0
1996000,6.4,0,1,0.34,0.21,0,0,99,1,0,25,False,True,0,0,51,39,28,3.83,AI is off,AI is off,AI is off,AI is off,Not paired,AI is off,0,0,0
1998000,6.3,0,1,0.34,0.21,0,0,99,1,0,25,False,True,0,0,51,39,28,3.83,AI is off,AI is off,AI is off,AI is off,Not paired,AI is off,0,0,0
2000000,6.2,0,1,0.34,0.21,0,0,99,1,0,25,False,True,0,0,52,38,29,3.83,AI is off,AI is off,AI is off,AI is off,Not paired,AI is off,0,0,0
2002000,6.5,0,1,0.34,0.21,0,0,99,1,0,25,False,True,0,0,53,41,31,3.83,AI is off,AI is off,AI is off,AI is off,Not paired,AI is off,0,0,0
2004000,6.6,0,1,0.34,0.21,0,0,99,1,0,25,False,True,0,0,52,40,29,3.83,AI is off,AI is off,AI is off,AI is off,Not paired,AI is off,0,0,0
2006000,6.5,0,1,0.34,0.21,0,0,99,1,0,25,False,True,0,0,52,41,30,3.83,AI is off,AI is off,AI is off,AI is off,Not paired,AI is off,0,0,0
2008000,6.5,0,1,0.34,0.21,0,0,99,1,0,25,False,True,0,0,51,39,28,3.83,AI is off,AI is off,AI is off,AI is off,Not paired,AI is off,0,0,0
2010000,6.6,0,1,0.35,0.21,0,0,99,1,0,25,False,True,0,0,52,40,29,3.83,AI is off,AI is off,AI is off,AI is off,Not paired,AI is off,0,0,0
2012000,6.5,0,1,0.34,0.21,0,0,99,1,0,25,False,True,0,0,50,38,25,3.83,AI is off,AI is off,AI is off,AI is off,Not paired,AI is off,0,0,0
2014000,6.1,0,1,0.34,0.21,0,0,99,1,0,25,False,True,0,0,53,39,28,3.83,AI is off,AI is off,AI is off,AI is off,Not paired,AI is off,0,0,0
2016000,6.5,0,1,0.34,0.21,0,0,99,1,0,25,False,True,0,0,51,39,27,3.83,AI is off,AI is off,AI is off,AI is off,Not paired,AI is off,0,0,0
2018000,6.9,0,1,0.35,0.21,0,0,99,1,0,25,False,True,0,0,51,39,27,3.83,AI is off,AI is off,AI is off,AI is off,Not paired,AI is off,0,0,0
2020000,7.2,0,1,0.35,0.21,0,0,99,1,0,25,False,True,0,0,52,38,28,3.83,AI is off,AI is off,AI is off,AI is off,Not paired,AI is off,0,0,0
2022000,7.3,0,1,0.36,0.21,0,0,99,1,0,25,False,True,0,0,52,40,29,3.83,AI is off,AI is off,AI is off,AI is off,Not paired,AI is off,0,0,0
2024000,7.3,0,1,0.36,0.21,0,0,99,1,0,25,False,True,0,0,51,40,29,3.83,AI is off,AI is off,AI is off,AI is off,Not paired,AI is off,0,0,0
2026000,7.1,0,1,0.36,0.21,0,0,99,1,0,25,False,True,0,0,52,39,30,3.83,AI is off,AI is off,AI is off,AI is off,Not paired,AI is off,0,0,0
2028000,6.5,0,1,0.34,0.21,0,0,99,1,0,25,False,True,0,0,53,41,30,3.83,AI is off,AI is off,AI is off,AI is off,Not paired,AI is off,0,0,0
2030000,5.8,0,1,0.33,0.21,0,0,99,1,0,25,False,True,0,0,51,39,27,3.83,AI is off,AI is off,AI is off,AI is off,Not paired,AI is off,0,0,0
2032000,5.3,0,1,0.32,0.21,0,0,99,1,0,25,False,True,0,0,51,39,28,3.83,AI is off,AI is off,AI is off,AI is off,Not paired,AI is off,0,0,0
2034000,4.6,0,1,0.31,0.21,0,0,99,1,0,25,False,True,0,0,51,39,28,3.83,AI is off,AI is off,AI is off,AI is off,Not paired,AI is off,0,0,0
2036000,4.1,0,1,0.29,0.21,0,0,99,1,0,25,False,True,0,0,52,38,27,3.83,AI is off,AI is off,AI is off,AI is off,Not paired,AI is off,0,0,0
2038000,3.7,0,1,0.29,0.21,0,0,99,1,0,25,False,True,0,0,60,45,33,3.83,AI is off,AI is off,AI is off,AI is off,Not paired,AI is off,0,0,0
2040000,3.3,0,1,0.28,0.21,0,0,99,1,0,25,False,True,0,0,67,50,37,3.83,AI is off,AI is off,AI is off,AI is off,Not paired,AI is off,0,0,0
2042000,2.9,0,1,0.27,0.21,0,0,99,1,0,25,False,True,0,0,52,39,29,3.83,AI is off,AI is off,AI is off,AI is off,Not paired,AI is off,0,0,0
2044000,2.3,0,1,0.26,0.21,0,0,99,1,0,25,False,True,0,0,55,42,31,3.83,AI is off,AI is off,AI is off,AI is off,Not paired,AI is off,0,0,0
2046000,1.9,0,1,0.25,0.21,0,0,99,1,0,26,False,True,0,0,52,40,29,3.83,AI is off,AI is off,AI is off,AI is off,Not paired,AI is off,0,0,0
2048000,0.9,0,1,0.23,0.21,0,0,99,1,0,26,False,True,0,0,51,38,26,3.83,AI is off,AI is off,AI is off,AI is off,Not paired,AI is off,0,0,0
2050000,0,0,1,0.22,0.21,0,0,99,1,0,26,False,True,0,0,51,37,26,3.83,AI is off,AI is off,AI is off,AI is off,Not paired,AI is off,0,0,0
2052000,0,0,1,0.22,0.21,0,0,99,1,0,26,False,True,0,0,51,38,28,3.83,AI is off,AI is off,AI is off,AI is off,Not paired,AI is off,0,0,0
2054000,0,0,0,0.21,0.21,0,0,99,1,0,26,False,True,0,0,53,41,29,3.83,AI is off,AI is off,AI is off,AI is off,Not paired,AI is off,0,0,0
2056000,0,0,0,0.22,0.21,0,0,99,1,0,26,False,True,0,0,50,37,25,3.83,AI is off,AI is off,AI is off,AI is off,Not paired,AI is off,0,0,0
2058000,0,0,0,0.22,0.21,0,0,99,1,0,26,False,True,0,0,51,40,28,3.83,AI is off,AI is off,AI is off,AI is off,Not paired,AI is off,0,0,0
2060000,0,0,1,0.22,0.21,0,0,99,1,0,26,False,True,0,0,53,39,27,3.83,AI is off,AI is off,AI is off,AI is off,Not paired,AI is off,0,0,0
2062000,0,0,1,0.22,0.21,0,0,99,1,0,26,False,True,0,0,52,40,28,3.83,AI is off,AI is off,AI is off,AI is off,Not paired,AI is off,0,0,0
2064000,1.4,0,1,0.23,0.21,0,0,99,1,0,26,False,True,0,0,52,40,30,3.83,AI is off,AI is off,AI is off,AI is off,Not paired,AI is off,0,0,0
2066000,2,0,1,0.24,0.21,0,0,99,1,0,26,False,True,0,0,51,38,26,3.83,AI is off,AI is off,AI is off,AI is off,Not paired,AI is off,0,0,0
2068000,2.4,0,1,0.26,0.21,0,0,99,1,0,26,False,True,0,0,52,40,29,3.83,AI is off,AI is off,AI is off,AI is off,Not paired,AI is off,0,0,0
2070000,2.6,0,1,0.26,0.21,0,0,99,1,0,26,False,True,0,0,52,40,30,3.83,AI is off,AI is off,AI is off,AI is off,Not paired,AI is off,0,0,0
2072000,3,0,1,0.27,0.21,0,0,99,1,0,26,False,True,0,0,53,40,31,3.83,AI is off,AI is off,AI is off,AI is off,Not paired,AI is off,0,0,0
2074000,3.4,0,1,0.28,0.21,0,0,99,1,0,26,False,True,0,0,53,39,30,3.83,AI is off,AI is off,AI is off,AI is off,Not paired,AI is off,0,0,0
2076000,3.8,0,1,0.28,0.21,0,0,99,1,0,26,False,True,0,0,52,40,31,3.83,AI is off,AI is off,AI is off,AI is off,Not paired,AI is off,0,0,0
2078000,4.1,0,1,0.29,0.21,0,0,99,1,0,26,False,True,0,0,51,39,28,3.83,AI is off,AI is off,AI is off,AI is off,Not paired,AI is off,0,0,0
2080000,4.2,0,1,0.29,0.21,0,0,99,1,0,26,False,True,0,0,53,40,30,3.83,AI is off,AI is off,AI is off,AI is off,Not paired,AI is off,0,0,0
2082000,4.5,0,1,0.3,0.21,0,0,99,1,0,26,False,True,0,0,53,40,31,3.83,AI is off,AI is off,AI is off,AI is off,Not paired,AI is off,0,0,0
2084000,5,0,1,0.31,0.21,0,0,99,1,0,26,False,True,0,0,51,39,30,3.83,AI is off,AI is off,AI is off,AI is off,Not paired,AI is off,0,0,0
2086000,5.6,0,1,0.32,0.21,0,0,99,1,0,26,False,True,0,0,51,38,27,3.83,AI is off,AI is off,AI is off,AI is off,Not paired,AI is off,0,0,0
2088000,6.3,0,1,0.33,0.21,0,0,99,1,0,26,False,True,0,0,53,39,30,3.83,AI is off,AI is off,AI is off,AI is off,Not paired,AI is off,0,0,0
2090000,7,0,1,0.35,0.21,0,0,99,1,0,25,False,True,0,0,52,40,31,3.83,AI is off,AI is off,AI is off,AI is off,Not paired,AI is off,0,0,0
2092000,7.4,0,1,0.36,0.21,0,0,99,1,0,25,False,True,0,0,52,40,31,3.83,AI is off,AI is off,AI is off,AI is off,Not paired,AI is off,0,0,0
2094000,7.7,0,1,0.37,0.21,0,0,99,1,0,25,False,True,0,0,52,39,30,3.83,AI is off,AI is off,AI is off,AI is off,Not paired,AI is off,0,0,0
2096000,8.3,0,1,0.38,0.21,0,0,99,1,0,25,False,True,0,0,51,39,29,3.83,AI is off,AI is off,AI is off,AI is off,Not paired,AI is off,0,0,0
2098000,8.5,0,1,0.38,0.21,0,0,99,1,0,25,False,True,0,0,52,40,32,3.83,AI is off,AI is off,AI is off,AI is off,Not paired,AI is off,0,0,0
2100000,8.3,0,1,0.38,0.21,0,0,99,1,0,25,False,True,0,0,53,40,28,3.83,AI is off,AI is off,AI is off,AI is off,Not paired,AI is off,0,0,0
2102000,8.5,0,1,0.38,0.21,0,0,99,1,0,25,False,True,0,0,51,39,29,3.83,AI is off,AI is off,AI is off,AI is off,Not paired,AI is off,0,0,0
2104000,8.5,0,1,0.38,0.21,0,0,99,1,0,25,False,True,0,0,52,40,31,3.83,AI is off,AI is off,AI is off,AI is off,Not paired,AI is off,0,0,0
2106000,8.6,0,1,0.39,0.21,0,0,99,1,0,25,False,True,0,0,52,39,30,3.83,AI is off,AI is off,AI is off,AI is off,Not paired,AI is off,0,0,0
2108000,8.6,0,1,0.39,0.21,0,0,99,1,0,25,False,True,0,0,52,39,29,3.83,AI is off,AI is off,AI is off,AI is off,Not paired,AI is off,0,0,0
2110000,8.7,0,1,0.39,0.21,0,0,99,1,0,25,False,True,0,0,52,40,32,3.83,AI is off,AI is off,AI is off,AI is off,Not paired,AI is off,0,0,0
2112000,8.7,0,1,0.39,0.21,0,0,99,1,0,25,False,True,0,0,51,39,30,3.83,AI is off,AI is off,AI is off,AI is off,Not paired,AI is off,0,0,0
2114000,8.8,0,1,0.39,0.21,0,0,99,1,0,25,False,True,0,0,51,38,28,3.83,AI is off,AI is off,AI is off,AI is off,Not paired,AI is off,0,0,0
2116000,8.8,0,1,0.39,0.21,0,0,99,1,0,25,False,True,0,0,52,39,30,3.83,AI is off,AI is off,AI is off,AI is off,Not paired,AI is off,0,0,0
2118000,8.6,0,1,0.39,0.21,0,0,99,1,0,25,False,True,0,0,52,40,32,3.83,AI is off,AI is off,AI is off,AI is off,Not paired,AI is off,0,0,0
2120000,8.2,0,1,0.38,0.21,0,0,99,1,0,25,False,True,0,0,53,39,30,3.83,AI is off,AI is off,AI is off,AI is off,Not paired,AI is off,0,0,0
2122000,8.2,0,1,0.38,0.21,0,0,99,1,0,25,False,True,0,0,53,39,30,3.83,AI is off,AI is off,AI is off,AI is off,Not paired,AI is off,0,0,0
2124000,8,0,1,0.38,0.21,0,0,99,1,0,25,False,True,0,0,53,40,31,3.83,AI is off,AI is off,AI is off,AI is off,Not paired,AI is off,0,0,0
2126000,8,0,1,0.37,0.21,0,0,99,1,0,25,False,True,0,0,52,39,31,3.83,AI is off,AI is off,AI is off,AI is off,Not paired,AI is off,0,0,0
2128000,8.1,0,1,0.37,0.21,0,0,99,1,0,25,False,True,0,0,51,39,31,3.83,AI is off,AI is off,AI is off,AI is off,Not paired,AI is off,0,0,0
2130000,8,0,1,0.38,0.21,0,0,99,1,0,25,False,True,0,0,53,39,30,3.83,AI is off,AI is off,AI is off,AI is off,Not paired,AI is off,0,0,0
2132000,7.7,0,1,0.37,0.21,0,0,99,1,0,25,False,True,0,0,53,40,31,3.83,AI is off,AI is off,AI is off,AI is off,Not paired,AI is off,0,0,0
2134000,7.3,0,1,0.36,0.21,0,0,99,1,0,25,False,True,0,0,52,40,31,3.83,AI is off,AI is off,AI is off,AI is off,Not paired,AI is off,0,0,0
2136000,6.4,0,1,0.34,0.21,0,0,99,1,0,25,False,True,0,0,53,40,28,3.83,AI is off,AI is off,AI is off,AI is off,Not paired,AI is off,0,0,0
2138000,5.3,0,1,0.32,0.21,0,0,99,1,0,25,False,True,0,0,55,41,30,3.83,AI is off,AI is off,AI is off,AI is off,Not paired,AI is off,0,0,0
2140000,4,0,1,0.3,0.21,0,0,99,1,0,25,False,True,0,0,53,38,29,3.83,AI is off,AI is off,AI is off,AI is off,Not paired,AI is off,0,0,0
2142000,3,0,1,0.27,0.21,0,0,99,1,0,25,False,True,0,0,54,40,30,3.83,AI is off,AI is off,AI is off,AI is off,Not paired,AI is off,0,0,0
2144000,2,0,1,0.25,0.21,0,0,99,1,0,25,False,True,0,0,53,38,28,3.83,AI is off,AI is off,AI is off,AI is off,Not paired,AI is off,0,0,0
2146000,0.9,0,1,0.23,0.21,0,0,99,1,0,25,False,True,0,0,58,43,33,3.83,AI is off,AI is off,AI is off,AI is off,Not paired,AI is off,0,0,0
2148000,0,0,1,0.22,0.21,0,0,99,1,0,25,False,True,0,0,57,43,32,3.83,AI is off,AI is off,AI is off,AI is off,Not paired,AI is off,0,0,0
2150000,0,0,0,0.22,0.21,0,0,99,1,0,25,False,True,0,0,57,43,32,3.83,AI is off,AI is off,AI is off,AI is off,Not paired,AI is off,0,0,0
2152000,0,0,0,0.22,0.21,0,0,99,1,0,25,False,True,0,0,58,43,32,3.83,AI is off,AI is off,AI is off,AI is off,Not paired,AI is off,0,0,0
2154000,0,0,0,0.22,0.21,0,0,99,1,0,26,False,True,0,0,52,40,29,3.83,AI is off,AI is off,AI is off,AI is off,Not paired,AI is off,0,0,0
2156000,0,0,1,0.22,0.21,0,0,99,1,0,26,False,True,0,0,52,40,28,3.83,AI is off,AI is off,AI is off,AI is off,Not paired,AI is off,0,0,0
2158000,0,0,1,0.22,0.21,0,0,99,1,0,26,False,True,0,0,51,40,28,3.83,AI is off,AI is off,AI is off,AI is off,Not paired,AI is off,0,0,0
2160000,0,0,1,0.22,0.21,0,0,99,1,0,26,False,True,0,0,51,39,27,3.83,AI is off,AI is off,AI is off,AI is off,Not paired,AI is off,0,0,0
2162000,0,0,1,0.23,0.21,0,0,99,1,0,26,False,True,0,0,50,38,26,3.83,AI is off,AI is off,AI is off,AI is off,Not paired,AI is off,0,0,0
2164000,0.9,0,1,0.22,0.21,0,0,99,1,0,26,False,True,0,0,52,40,28,3.83,AI is off,AI is off,AI is off,AI is off,Not paired,AI is off,0,0,0
2166000,1,0,1,0.23,0.21,0,0,99,1,0,26,False,True,0,0,52,38,27,3.83,AI is off,AI is off,AI is off,AI is off,Not paired,AI is off,0,0,0
2168000,1.3,0,1,0.23,0.21,0,0,99,1,0,26,False,True,0,0,52,40,28,3.83,AI is off,AI is off,AI is off,AI is off,Not paired,AI is off,0,0,0
2170000,1.5,0,1,0.24,0.21,0,0,99,1,0,26,False,True,0,0,50,38,27,3.83,AI is off,AI is off,AI is off,AI is off,Not paired,AI is off,0,0,0
2172000,1.6,0,1,0.24,0.21,0,0,99,1,0,26,False,True,0,0,50,38,27,3.83,AI is off,AI is off,AI is off,AI is off,Not paired,AI is off,0,0,0
2174000,1.9,0,1,0.24,0.21,0,0,99,1,0,26,False,True,0,0,51,39,29,3.83,AI is off,AI is off,AI is off,AI is off,Not paired,AI is off,0,0,0
2176000,2.4,0,1,0.25,0.21,0,0,99,1,0,26,False,True,0,0,51,39,30,3.83,AI is off,AI is off,AI is off,AI is off,Not paired,AI is off,0,0,0
2178000,2.7,0,1,0.26,0.21,0,0,99,1,0,26,False,True,0,0,51,38,28,3.83,AI is off,AI is off,AI is off,AI is off,Not paired,AI is off,0,0,0
2180000,3.3,0,1,0.27,0.21,0,0,99,1,0,26,False,True,0,0,51,40,31,3.83,AI is off,AI is off,AI is off,AI is off,Not paired,AI is off,0,0,0
2182000,3.8,0,1,0.28,0.21,0,0,99,1,0,26,False,True,0,0,52,40,31,3.83,AI is off,AI is off,AI is off,AI is off,Not paired,AI is off,0,0,0
2184000,4.2,0,1,0.29,0.21,0,0,99,1,0,26,False,True,0,0,50,38,26,3.83,AI is off,AI is off,AI is off,AI is off,Not paired,AI is off,0,0,0
2186000,4.5,0,1,0.3,0.21,0,0,99,1,0,26,False,True,0,0,51,39,29,3.83,AI is off,AI is off,AI is off,AI is off,Not paired,AI is off,0,0,0
2188000,4.9,0,1,0.31,0.21,0,0,99,1,0,26,False,True,0,0,51,38,27,3.83,AI is off,AI is off,AI is off,AI is off,Not paired,AI is off,0,0,0
2190000,5.4,0,1,0.32,0.21,0,0,99,1,0,26,False,True,0,0,50,38,26,3.83,AI is off,AI is off,AI is off,AI is off,Not paired,AI is off,0,0,0
2192000,5.9,0,1,0.33,0.21,0,0,99,1,0,25,False,True,0,0,50,38,25,3.83,AI is off,AI is off,AI is off,AI is off,Not paired,AI is off,0,0,0
2194000,6.5,0,1,0.34,0.21,0,0,99,1,0,25,False,True,0,0,52,38,28,3.83,AI is off,AI is off,AI is off,AI is off,Not paired,AI is off,0,0,0
2196000,6.8,0,1,0.35,0.21,0,0,99,1,0,25,False,True,0,0,51,38,27,3.83,AI is off,AI is off,AI is off,AI is off,Not paired,AI is off,0,0,0
2198000,7.1,0,1,0.35,0.21,0,0,99,1,0,25,False,True,0,0,51,38,28,3.83,AI is off,AI is off,AI is off,AI is off,Not paired,AI is off,0,0,0
2200000,7.5,0,1,0.36,0.21,0,0,99,1,0,25,False,True,0,0,52,40,28,3.83,AI is off,AI is off,AI is off,AI is off,Not paired,AI is off,0,0,0
2202000,7.7,0,1,0.37,0.21,0,0,99,1,0,25,False,True,0,0,50,38,26,3.83,AI is off,AI is off,AI is off,AI is off,Not paired,AI is off,0,0,0
2204000,7.8,0,1,0.37,0.21,0,0,99,1,0,25,False,True,0,0,51,38,27,3.83,AI is off,AI is off,AI is off,AI is off,Not paired,AI is off,0,0,0
2206000,7.9,0,1,0.37,0.21,0,0,99,1,0,25,False,True,0,0,51,39,27,3.83,AI is off,AI is off,AI is off,AI is off,Not paired,AI is off,0,0,0
2208000,7.8,0,1,0.37,0.21,0,0,99,1,0,25,False,True,0,0,53,40,29,3.83,AI is off,AI is off,AI is off,AI is off,Not paired,AI is off,0,0,0
2210000,8.2,0,1,0.38,0.21,0,0,99,1,0,25,False,True,0,0,51,39,29,3.83,AI is off,AI is off,AI is off,AI is off,Not paired,AI is off,0,0,0
2212000,8.3,0,1,0.38,0.21,0,0,99,1,0,25,False,True,0,0,51,39,29,3.83,AI is off,AI is off,AI is off,AI is off,Not paired,AI is off,0,0,0
2214000,8.3,0,1,0.38,0.21,0,0,99,1,0,25,False,True,0,0,51,38,27,3.83,AI is off,AI is off,AI is off,AI is off,Not paired,AI is off,0,0,0
2216000,8.5,0,1,0.38,0.21,0,0,99,1,0,25,False,True,0,0,50,38,26,3.83,AI is off,AI is off,AI is off,AI is off,Not paired,AI is off,0,0,0
2218000,8.7,0,1,0.39,0.21,0,0,99,1,0,25,False,True,0,0,50,38,26,3.83,AI is off,AI is off,AI is off,AI is off,Not paired,AI is off,0,0,0
2220000,8.5,0,1,0.38,0.21,0,0,99,1,0,25,False,True,0,0,50,38,26,3.83,AI is off,AI is off,AI is off,AI is off,Not paired,AI is off,0,0,0
2222000,8.1,0,1,0.38,0.21,0,0,99,1,0,25,False,True,0,0,50,37,26,3.83,AI is off,AI is off,AI is off,AI is off,Not paired,AI is off,0,0,0
2224000,7.7,0,1,0.37,0.21,0,0,99,1,0,25,False,True,0,0,51,37,26,3.83,AI is off,AI is off,AI is off,AI is off,Not paired,AI is off,0,0,0
2226000,7.3,0,1,0.36,0.21,0,0,99,1,0,25,False,True,0,0,51,38,27,3.83,AI is off,AI is off,AI is off,AI is off,Not paired,AI is off,0,0,0
2228000,6.6,0,1,0.35,0.21,0,0,99,1,0,25,False,True,0,0,50,38,26,3.83,AI is off,AI is off,AI is off,AI is off,Not paired,AI is off,0,0,0
2230000,5.6,0,1,0.33,0.21,0,0,99,1,0,25,False,True,0,0,50,37,26,3.83,AI is off,AI is off,AI is off,AI is off,Not paired,AI is off,0,0,0
2232000,4.6,0,1,0.31,0.21,0,0,99,1,0,25,False,True,0,0,51,38,29,3.83,AI is off,AI is off,AI is off,AI is off,Not paired,AI is off,0,0,0
2234000,3.4,0,1,0.28,0.21,0,0,99,1,0,25,False,True,0,0,50,38,25,3.83,AI is off,AI is off,AI is off,AI is off,Not paired,AI is off,0,0,0
2236000,2.1,0,1,0.26,0.21,0,0,99,1,0,25,False,True,0,0,51,38,26,3.83,AI is off,AI is off,AI is off,AI is off,Not paired,AI is off,0,0,0
2238000,0,0,1,0.23,0.21,0,0,99,1,0,25,False,True,0,0,51,39,28,3.83,AI is off,AI is off,AI is off,AI is off,Not paired,AI is off,0,0,0
2240000,0,0,1,0.22,0.21,0,0,99,1,0,25,False,True,0,0,51,39,28,3.83,AI is off,AI is off,AI is off,AI is off,Not paired,AI is off,0,0,0
2242000,0,0,1,0.22,0.21,0,0,99,1,0,25,False,True,0,0,51,38,26,3.83,AI is off,AI is off,AI is off,AI is off,Not paired,AI is off,0,0,0
2244000,0,0,1,0.22,0.21,0,0,99,1,0,26,False,True,0,0,50,38,27,3.83,AI is off,AI is off,AI is off,AI is off,Not paired,AI is off,0,0,0
2246000,0,0,1,0.22,0.21,0,0,99,1,0,26,False,True,0,0,51,39,27,3.83,AI is off,AI is off,AI is off,AI is off,Not paired,AI is off,0,0,0
2248000,0.9,0,1,0.22,0.21,0,0,99,1,0,26,False,True,0,0,51,39,27,3.83,AI is off,AI is off,AI is off,AI is off,Not paired,AI is off,0,0,0
2250000,0,0,1,0.22,0.21,0,0,99,1,0,26,False,True,0,0,52,40,29,3.83,AI is off,AI is off,AI is off,AI is off,Not paired,AI is off,0,0,0
2252000,0,0,1,0.22,0.21,0,0,99,1,0,26,False,True,0,0,52,39,30,3.83,AI is off,AI is off,AI is off,AI is off,Not paired,AI is off,0,0,0
2254000,0,0,0,0.22,0.21,0,0,99,1,0,26,False,True,0,0,52,40,31,3.83,AI is off,AI is off,AI is off,AI is off,Not paired,AI is off,0,0,0
2256000,0,0,0,0.22,0.21,0,0,99,1,0,26,False,True,0,0,51,39,30,3.83,AI is off,AI is off,AI is off,AI is off,Not paired,AI is off,0,0,0
2258000,0,0,0,0.22,0.21,0,0,99,1,0,26,False,True,0,0,52,39,30,3.83,AI is off,AI is off,AI is off,AI is off,Not paired,AI is off,0,0,0
2260000,0.9,0,0,0.22,0.21,0,0,99,1,0,26,False,True,0,0,52,39,30,3.83,AI is off,AI is off,AI is off,AI is off,Not paired,AI is off,0,0,0
2262000,1.3,0,0,0.23,0.21,0,0,99,1,0,26,False,True,0,0,52,40,31,3.83,AI is off,AI is off,AI is off,AI is off,Not paired,AI is off,0,0,0
2264000,1.5,0,1,0.24,0.21,0,0,99,1,0,26,False,True,0,0,52,39,30,3.83,AI is off,AI is off,AI is off,AI is off,Not paired,AI is off,0,0,0
2266000,1.9,0,1,0.24,0.21,0,0,99,1,0,26,False,True,0,0,52,39,29,3.83,AI is off,AI is off,AI is off,AI is off,Not paired,AI is off,0,0,0
2268000,2.6,0,1,0.26,0.21,0,0,99,1,0,26,False,True,0,0,50,38,26,3.83,AI is off,AI is off,AI is off,AI is off,Not paired,AI is off,0,0,0
2270000,3,0,1,0.27,0.21,0,0,99,1,0,26,False,True,0,0,52,40,31,3.83,AI is off,AI is off,AI is off,AI is off,Not paired,AI is off,0,0,0
2272000,3.2,0,1,0.27,0.21,0,0,99,1,0,26,False,True,0,0,51,39,29,3.83,AI is off,AI is off,AI is off,AI is off,Not paired,AI is off,0,0,0
2274000,3.5,0,1,0.28,0.21,0,0,99,1,0,26,False,True,0,0,50,37,26,3.83,AI is off,AI is off,AI is off,AI is off,Not paired,AI is off,0,0,0
2276000,4,0,1,0.29,0.21,0,0,99,1,0,26,False,True,0,0,50,38,27,3.83,AI is off,AI is off,AI is off,AI is off,Not paired,AI is off,0,0,0
2278000,4.5,0,1,0.3,0.21,0,0,99,1,0,26,False,True,0,0,50,38,27,3.83,AI is off,AI is off,AI is off,AI is off,Not paired,AI is off,0,0,0
2280000,5.1,0,1,0.31,0.21,0,0,99,1,0,26,False,True,0,0,55,40,30,3.83,AI is off,AI is off,AI is off,AI is off,Not paired,AI is off,0,0,0
2282000,5.5,0,1,0.32,0.21,0,0,99,1,0,26,False,True,0,0,51,39,27,3.83,AI is off,AI is off,AI is off,AI is off,Not paired,AI is off,0,0,0
2284000,5.6,0,1,0.32,0.21,0,0,99,1,0,26,False,True,0,0,50,38,26,3.83,AI is off,AI is off,AI is off,AI is off,Not paired,AI is off,0,0,0
2286000,5.5,0,1,0.32,0.21,0,0,99,1,0,26,False,True,0,0,52,40,29,3.83,AI is off,AI is off,AI is off,AI is off,Not paired,AI is off,0,0,0
2288000,5.1,0,1,0.32,0.21,0,0,99,1,0,26,False,True,0,0,51,38,27,3.83,AI is off,AI is off,AI is off,AI is off,Not paired,AI is off,0,0,0
2290000,4.5,0,1,0.3,0.21,0,0,99,1,0,26,False,True,0,0,52,40,28,3.83,AI is off,AI is off,AI is off,AI is off,Not paired,AI is off,0,0,0
2292000,4,0,1,0.29,0.21,0,0,99,1,0,26,False,True,0,0,53,42,31,3.83,AI is off,AI is off,AI is off,AI is off,Not paired,AI is off,0,0,0
2294000,3.4,0,1,0.28,0.21,0,0,99,1,0,26,False,True,0,0,51,39,26,3.83,AI is off,AI is off,AI is off,AI is off,Not paired,AI is off,0,0,0
2296000,2.5,0,1,0.26,0.21,0,0,99,1,0,26,False,True,0,0,51,38,26,3.83,AI is off,AI is off,AI is off,AI is off,Not paired,AI is off,0,0,0
2298000,1.8,0,1,0.25,0.21,0,0,99,1,0,26,False,True,0,0,50,38,27,3.83,AI is off,AI is off,AI is off,AI is off,Not paired,AI is off,0,0,0
2300000,1,0,1,0.23,0.21,0,0,99,1,0,26,False,True,0,0,52,39,27,3.83,AI is off,AI is off,AI is off,AI is off,Not paired,AI is off,0,0,0
2302000,0,0,1,0.22,0.21,0,0,99,1,0,26,False,True,0,0,58,45,33,3.83,AI is off,AI is off,AI is off,AI is off,Not paired,AI is off,0,0,0
2304000,0,0,1,0.22,0.21,0,0,99,1,0,26,False,True,0,0,51,38,29,3.83,AI is off,AI is off,AI is off,AI is off,Not paired,AI is off,0,0,0
2306000,0,0,0,0.22,0.21,0,0,99,1,0,26,False,True,0,0,51,39,28,3.83,AI is off,AI is off,AI is off,AI is off,Not paired,AI is off,0,0,0
2308000,0,0,0,0.22,0.21,0,0,99,1,0,26,False,True,0,0,51,38,27,3.83,AI is off,AI is off,AI is off,AI is off,Not paired,AI is off,0,0,0
2310000,0,0,0,0.22,0.21,0,0,99,1,0,26,False,True,0,0,50,37,26,3.83,AI is off,AI is off,AI is off,AI is off,Not paired,AI is off,0,0,0
2312000,0,0,0,0.21,0.21,0,0,99,1,0,26,False,True,0,0,51,38,28,3.83,AI is off,AI is off,AI is off,AI is off,Not paired,AI is off,0,0,0
2314000,0,0,0,0.22,0.21,0,0,99,1,0,26,False,True,0,0,52,40,28,3.83,AI is off,AI is off,AI is off,AI is off,Not paired,AI is off,0,0,0
2316000,0,0,0,0.22,0.21,0,0,99,1,0,26,False,True,0,0,50,37,27,3.83,AI is off,AI is off,AI is off,AI is off,Not paired,AI is off,0,0,0
2318000,0,0,0,0.22,0.21,0,0,99,1,0,26,False,True,0,0,51,39,29,3.83,AI is off,AI is off,AI is off,AI is off,Not paired,AI is off,0,0,0
2320000,0,0,0,0.22,0.21,0,0,99,1,0,26,False,True,0,0,51,39,30,3.83,AI is off,AI is off,AI is off,AI is off,Not paired,AI is off,0,0,0
2322000,0,0,0,0.22,0.21,0,0,99,1,0,26,False,True,0,0,52,39,29,3.83,AI is off,AI is off,AI is off,AI is off,Not paired,AI is off,0,0,0
2324000,0,0,0,0.22,0.21,0,0,99,1,0,26,False,True,0,0,51,39,31,3.83,AI is off,AI is off,AI is off,AI is off,Not paired,AI is off,0,0,0
2326000,0,0,1,0.22,0.21,0,0,99,1,0,26,False,True,0,0,52,39,30,3.83,AI is off,AI is off,AI is off,AI is off,Not paired,AI is off,0,0,0
2328000,0,0,1,0.22,0.21,0,0,99,1,0,26,False,True,0,0,51,39,30,3.83,AI is off,AI is off,AI is off,AI is off,Not paired,AI is off,0,0,0
2330000,0,0,1,0.22,0.21,0,0,99,1,0,26,False,True,0,0,52,39,30,3.83,AI is off,AI is off,AI is off,AI is off,Not paired,AI is off,0,0,0
2332000,0,0,1,0.22,0.21,0,0,99,1,0,26,False,True,0,0,51,38,28,3.83,AI is off,AI is off,AI is off,AI is off,Not paired,AI is off,0,0,0
2334000,0,0,1,0.22,0.21,0,0,99,1,0,26,False,True,0,0,51,38,27,3.83,AI is off,AI is off,AI is off,AI is off,Not paired,AI is off,0,0,0
2336000,0,0,1,0.22,0.21,0,0,99,1,0,26,False,True,0,0,56,43,31,3.83,AI is off,AI is off,AI is off,AI is off,Not paired,AI is off,0,0,0
2338000,0,0,1,0.21,0.21,0,0,99,1,0,26,False,True,0,0,54,41,30,3.83,AI is off,AI is off,AI is off,AI is off,Not paired,AI is off,0,0,0
2340000,0,0,1,0.21,0.21,0,0,99,1,0,26,False,True,0,0,51,38,27,3.83,AI is off,AI is off,AI is off,AI is off,Not paired,AI is off,0,0,0
2342000,0,0,0,0.22,0.21,0,0,99,1,0,26,False,True,0,0,53,40,28,3.83,AI is off,AI is off,AI is off,AI is off,Not paired,AI is off,0,0,0
2344000,0,0,0,0.22,0.21,0,0,99,1,0,26,False,True,0,0,51,39,26,3.83,AI is off,AI is off,AI is off,AI is off,Not paired,AI is off,0,0,0
2346000,0,0,0,0.22,0.21,0,0,99,1,0,26,False,True,0,0,54,39,29,3.83,AI is off,AI is off,AI is off,AI is off,Not paired,AI is off,0,0,0
2348000,0,0,0,0.22,0.21,0,0,99,1,0,26,False,True,0,0,51,39,27,3.83,AI is off,AI is off,AI is off,AI is off,Not paired,AI is off,0,0,0
2350000,0,0,0,0.22,0.21,0,0,99,1,0,26,False,True,0,0,51,39,27,3.83,AI is off,AI is off,AI is off,AI is off,Not paired,AI is off,0,0,0
2352000,0,0,1,0.22,0.21,0,0,99,1,0,26,False,True,0,0,52,39,30,3.83,AI is off,AI is off,AI is off,AI is off,Not paired,AI is off,0,0,0
2354000,0,0,1,0.22,0.21,0,0,99,1,0,26,False,True,0,0,50,36,24,3.83,AI is off,AI is off,AI is off,AI is off,Not paired,AI is off,0,0,0
2356000,0,0,1,0.23,0.21,0,0,99,1,0,26,False,True,0,0,52,40,29,3.83,AI is off,AI is off,AI is off,AI is off,Not paired,AI is off,0,0,0
2358000,0,0,1,0.22,0.21,0,0,99,1,0,26,False,True,0,0,52,39,29,3.83,AI is off,AI is off,AI is off,AI is off,Not paired,AI is off,0,0,0
2360000,0,0,1,0.21,0.21,0,0,99,1,0,26,False,True,0,0,69,51,38,3.83,AI is off,AI is off,AI is off,AI is off,Not paired,AI is off,0,0,0