Dive Number,GF Minimum,GF Maximum,Surface Interval (min),Imperial Units,Start Battery Voltage,Start CNS %,Start Date,Start External O2 Sensor Status,Start Low Set Point,Start High Set Point,Computer Firmware Version,Max Depth,Max Time,Error History,End Battery Voltage,End CNS,End Date,End External O2 Sensor Status,End Low Set Point,End High Set Point,Computer Serial Number,Computer Firmware Version,Computer Model,Log Version,Deco Model,VPM-B Conservatism,Start Surface Pressure,End Surface Pressure,Product
128,40,85,153,False,3.9,1,7/28/2024 2:30:24 PM,False,0,1,86,5.7,1464,,3.9,1,7/28/2024 2:54:48 PM,False,0,1,937B0677,86,2,13,GF,40/85,1002,1002,Peregrine
Time (ms),Depth,First Stop Depth,Time To Surface (min),Average PPO2,Fraction O2,Fraction He,First Stop Time,Current NDL,Current Circuit Mode,Current CCR Mode,Water Temp,Gas Switch Needed,External PPO2,Set Point Type,Circuit Switch Type,External O2 Sensor 1 (mV),External O2 Sensor 2 (mV),External O2 Sensor 3 (mV),Battery Voltage,Tank 1 pressure (PSI),Tank 2 pressure (PSI),Tank 3 pressure (PSI),Tank 4 pressure (PSI),Gas Time Remaining,SAC Rate (2 minute avg),Ascent Rate,Safe Ascent Depth,CO2mbar
0,1.6,0,1,0.24,0.21,0,0,0,1,0,27,False,True,0,0,50,37,24,3.88,AI is off,AI is off,AI is off,AI is off,Not paired,AI is off,0,0,0
2000,1.5,0,1,0.24,0.21,0,0,0,1,0,27,False,True,0,0,52,38,26,3.88,AI is off,AI is off,AI is off,AI is off,Not paired,AI is off,0,0,0
4000,1.5,0,1,0.24,0.21,0,0,0,1,0,26,False,True,0,0,51,38,26,3.88,AI is off,AI is off,AI is off,AI is off,Not paired,AI is off,0,0,0
6000,1.7,0,1,0.24,0.21,0,0,0,1,0,26,False,True,0,0,57,40,29,3.88,AI is off,AI is off,AI is off,AI is off,Not paired,AI is off,0,0,0
8000,1.9,0,1,0.25,0.21,0,0,0,1,0,26,False,True,0,0,59,45,31,3.88,AI is off,AI is off,AI is off,AI is off,Not paired,AI is off,0,0,0
10000,1.8,0,1,0.25,0.21,0,0,99,1,0,26,False,True,0,0,53,38,27,3.88,AI is off,AI is off,AI is off,AI is off,Not paired,AI is off,0,0,0
12000,2,0,1,0.25,0.21,0,0,99,1,0,26,False,True,0,0,54,38,28,3.88,AI is off,AI is off,AI is off,AI is off,Not paired,AI is off,0,0,0
14000,2.2,0,1,0.25,0.21,0,0,99,1,0,26,False,True,0,0,51,39,27,3.88,AI is off,AI is off,AI is off,AI is off,Not paired,AI is off,0,0,0
16000,2.3,0,1,0.26,0.21,0,0,99,1,0,26,False,True,0,0,53,40,29,3.88,AI is off,AI is off,AI is off,AI is off,Not paired,AI is off,0,0,0
18000,2.4,0,1,0.26,0.21,0,0,99,1,0,26,False,True,0,0,52,37,27,3.88,AI is off,AI is off,AI is off,AI is off,Not paired,AI is off,0,0,0
20000,2.6,0,1,0.26,0.21,0,0,99,1,0,26,False,True,0,0,52,40,28,3.88,AI is off,AI is off,AI is off,AI is off,Not paired,AI is off,0,0,0
22000,2.7,0,1,0.26,0.21,0,0,99,1,0,26,False,True,0,0,52,39,27,3.88,AI is off,AI is off,AI is off,AI is off,Not paired,AI is off,0,0,0
24000,2.7,0,1,0.26,0.21,0,0,99,1,0,26,False,True,0,0,51,39,26,3.88,AI is off,AI is off,AI is off,AI is off,Not paired,AI is off,0,0,0
26000,2.7,0,1,0.26,0.21,0,0,99,1,0,26,False,True,0,0,50,36,25,3.88,AI is off,AI is off,AI is off,AI is off,Not paired,AI is off,0,0,0
28000,2.8,0,1,0.27,0.21,0,0,99,1,0,26,False,True,0,0,52,40,29,3.88,AI is off,AI is off,AI is off,AI is off,Not paired,AI is off,0,0,0
30000,2.9,0,1,0.27,0.21,0,0,99,1,0,26,False,True,0,0,50,37,25,3.88,AI is off,AI is off,AI is off,AI is off,Not paired,AI is off,0,0,0
32000,2.9,0,1,0.27,0.21,0,0,99,1,0,26,False,True,0,0,50,36,24,3.88,AI is off,AI is off,AI is off,AI is off,Not paired,AI is off,0,0,0
34000,2.9,0,1,0.27,0.21,0,0,99,1,0,26,False,True,0,0,52,38,27,3.88,AI is off,AI is off,AI is off,AI is off,Not paired,AI is off,0,0,0
36000,3,0,1,0.27,0.21,0,0,99,1,0,26,False,True,0,0,53,38,28,3.88,AI is off,AI is off,AI is off,AI is off,Not paired,AI is off,0,0,0
38000,3.2,0,1,0.28,0.21,0,0,99,1,0,26,False,True,0,0,52,36,25,3.88,AI is off,AI is off,AI is off,AI is off,Not paired,AI is off,0,0,0
40000,3.3,0,1,0.28,0.21,0,0,99,1,0,26,False,True,0,0,54,40,28,3.88,AI is off,AI is off,AI is off,AI is off,Not paired,AI is off,0,0,0
42000,3.6,0,1,0.28,0.21,0,0,99,1,0,26,False,True,0,0,53,39,28,3.88,AI is off,AI is off,AI is off,AI is off,Not paired,AI is off,0,0,0
44000,3.7,0,1,0.28,0.21,0,0,99,1,0,26,False,True,0,0,51,37,26,3.88,AI is off,AI is off,AI is off,AI is off,Not paired,AI is off,0,0,0
46000,3.3,0,1,0.28,0.21,0,0,99,1,0,26,False,True,0,0,53,38,27,3.88,AI is off,AI is off,AI is off,AI is off,Not paired,AI is off,0,0,0
48000,3.3,0,1,0.28,0.21,0,0,99,1,0,26,False,True,0,0,53,38,27,3.88,AI is off,AI is off,AI is off,AI is off,Not paired,AI is off,0,0,0
50000,3.4,0,1,0.28,0.21,0,0,99,1,0,26,False,True,0,0,53,40,29,3.88,AI is off,AI is off,AI is off,AI is off,Not paired,AI is off,0,0,0
52000,3.3,0,1,0.28,0.21,0,0,99,1,0,26,False,True,0,0,54,40,28,3.88,AI is off,AI is off,AI is off,AI is off,Not paired,AI is off,0,0,0
54000,3.6,0,1,0.28,0.21,0,0,99,1,0,26,False,True,0,0,54,40,29,3.88,AI is off,AI is off,AI is off,AI is off,Not paired,AI is off,0,0,0
56000,3.9,0,1,0.29,0.21,0,0,99,1,0,26,False,True,0,0,53,40,29,3.88,AI is off,AI is off,AI is off,AI is off,Not paired,AI is off,0,0,0
58000,3.9,0,1,0.29,0.21,0,0,99,1,0,26,False,True,0,0,51,39,27,3.88,AI is off,AI is off,AI is off,AI is off,Not paired,AI is off,0,0,0
60000,3.8,0,1,0.29,0.21,0,0,99,1,0,26,False,True,0,0,51,38,26,3.88,AI is off,AI is off,AI is off,AI is off,Not paired,AI is off,0,0,0
62000,3.8,0,1,0.29,0.21,0,0,99,1,0,26,False,True,0,0,52,39,26,3.88,AI is off,AI is off,AI is off,AI is off,Not paired,AI is off,0,0,0
64000,3.8,0,1,0.29,0.21,0,0,99,1,0,26,False,True,0,0,51,36,25,3.88,AI is off,AI is off,AI is off,AI is off,Not paired,AI is off,0,0,0
66000,3.9,0,1,0.29,0.21,0,0,99,1,0,26,False,True,0,0,52,37,27,3.88,AI is off,AI is off,AI is off,AI is off,Not paired,AI is off,0,0,0
68000,4.1,0,1,0.29,0.21,0,0,99,1,0,26,False,True,0,0,54,39,28,3.88,AI is off,AI is off,AI is off,AI is off,Not paired,AI is off,0,0,0
70000,4.3,0,1,0.3,0.21,0,0,99,1,0,26,False,True,0,0,53,37,27,3.88,AI is off,AI is off,AI is off,AI is off,Not paired,AI is off,0,0,0
72000,4.5,0,1,0.3,0.21,0,0,99,1,0,26,False,True,0,0,51,39,27,3.88,AI is off,AI is off,AI is off,AI is off,Not paired,AI is off,0,0,0
74000,4.7,0,1,0.31,0.21,0,0,99,1,0,25,False,True,0,0,53,40,27,3.88,AI is off,AI is off,AI is off,AI is off,Not paired,AI is off,0,0,0
76000,4.9,0,1,0.31,0.21,0,0,99,1,0,25,False,True,0,0,51,39,27,3.88,AI is off,AI is off,AI is off,AI is off,Not paired,AI is off,0,0,0
78000,4.8,0,1,0.31,0.21,0,0,99,1,0,25,False,True,0,0,53,40,27,3.88,AI is off,AI is off,AI is off,AI is off,Not paired,AI is off,0,0,0
80000,4.8,0,1,0.31,0.21,0,0,99,1,0,25,False,True,0,0,52,40,29,3.88,AI is off,AI is off,AI is off,AI is off,Not paired,AI is off,0,0,0
82000,4.8,0,1,0.31,0.21,0,0,99,1,0,25,False,True,0,0,51,36,26,3.88,AI is off,AI is off,AI is off,AI is off,Not paired,AI is off,0,0,0
84000,5,0,1,0.31,0.21,0,0,99,1,0,25,False,True,0,0,55,38,28,3.88,AI is off,AI is off,AI is off,AI is off,Not paired,AI is off,0,0,0
86000,5.4,0,1,0.32,0.21,0,0,99,1,0,25,False,True,0,0,53,41,29,3.88,AI is off,AI is off,AI is off,AI is off,Not paired,AI is off,0,0,0
88000,5.5,0,1,0.32,0.21,0,0,99,1,0,25,False,True,0,0,54,41,30,3.88,AI is off,AI is off,AI is off,AI is off,Not paired,AI is off,0,0,0
90000,5.5,0,1,0.32,0.21,0,0,99,1,0,25,False,True,0,0,53,38,27,3.88,AI is off,AI is off,AI is off,AI is off,Not paired,AI is off,0,0,0
92000,5.1,0,1,0.31,0.21,0,0,99,1,0,25,False,True,0,0,50,37,24,3.88,AI is off,AI is off,AI is off,AI is off,Not paired,AI is off,0,0,0
94000,4.7,0,1,0.31,0.21,0,0,99,1,0,25,False,True,0,0,54,40,28,3.88,AI is off,AI is off,AI is off,AI is off,Not paired,AI is off,0,0,0
96000,5.4,0,1,0.32,0.21,0,0,99,1,0,24,False,True,0,0,51,38,27,3.88,AI is off,AI is off,AI is off,AI is off,Not paired,AI is off,0,0,0
98000,5.5,0,1,0.32,0.21,0,0,99,1,0,24,False,True,0,0,51,38,26,3.88,AI is off,AI is off,AI is off,AI is off,Not paired,AI is off,0,0,0
100000,5.2,0,1,0.32,0.21,0,0,99,1,0,24,False,True,0,0,51,38,25,3.88,AI is off,AI is off,AI is off,AI is off,Not paired,AI is off,0,0,0
102000,5.5,0,1,0.32,0.21,0,0,99,1,0,24,False,True,0,0,51,38,26,3.88,AI is off,AI is off,AI is off,AI is off,Not paired,AI is off,0,0,0
104000,5.5,0,1,0.32,0.21,0,0,99,1,0,24,False,True,0,0,53,38,27,3.88,AI is off,AI is off,AI is off,AI is off,Not paired,AI is off,0,0,0
106000,5.2,0,1,0.32,0.21,0,0,99,1,0,24,False,True,0,0,52,39,27,3.88,AI is off,AI is off,AI is off,AI is off,Not paired,AI is off,0,0,0
108000,5.2,0,1,0.32,0.21,0,0,99,1,0,24,False,True,0,0,52,39,28,3.88,AI is off,AI is off,AI is off,AI is off,Not paired,AI is off,0,0,0
110000,5.1,0,1,0.32,0.21,0,0,99,1,0,24,False,True,0,0,52,38,26,3.88,AI is off,AI is off,AI is off,AI is off,Not paired,AI is off,0,0,0
112000,5.2,0,1,0.32,0.21,0,0,99,1,0,24,False,True,0,0,52,41,30,3.88,AI is off,AI is off,AI is off,AI is off,Not paired,AI is off,0,0,0
114000,5.3,0,1,0.32,0.21,0,0,99,1,0,24,False,True,0,0,51,38,26,3.88,AI is off,AI is off,AI is off,AI is off,Not paired,AI is off,0,0,0
116000,5.5,0,1,0.32,0.21,0,0,99,1,0,24,False,True,0,0,52,39,27,3.88,AI is off,AI is off,AI is off,AI is off,Not paired,AI is off,0,0,0
118000,5.6,0,1,0.32,0.21,0,0,99,1,0,24,False,True,0,0,53,40,28,3.88,AI is off,AI is off,AI is off,AI is off,Not paired,AI is off,0,0,0
120000,5.7,0,1,0.33,0.21,0,0,99,1,0,24,False,True,0,0,52,40,28,3.88,AI is off,AI is off,AI is off,AI is off,Not paired,AI is off,0,0,0
122000,5.7,0,1,0.33,0.21,0,0,99,1,0,24,False,True,0,0,52,38,28,3.88,AI is off,AI is off,AI is off,AI is off,Not paired,AI is off,0,0,0
124000,5.5,0,1,0.32,0.21,0,0,99,1,0,24,False,True,0,0,53,40,30,3.88,AI is off,AI is off,AI is off,AI is off,Not paired,AI is off,0,0,0
126000,5.4,0,1,0.32,0.21,0,0,99,1,0,24,False,True,0,0,51,38,28,3.88,AI is off,AI is off,AI is off,AI is off,Not paired,AI is off,0,0,0
128000,5.4,0,1,0.32,0.21,0,0,99,1,0,24,False,True,0,0,53,38,28,3.88,AI is off,AI is off,AI is off,AI is off,Not paired,AI is off,0,0,0
130000,5.3,0,1,0.32,0.21,0,0,99,1,0,24,False,True,0,0,57,42,31,3.88,AI is off,AI is off,AI is off,AI is off,Not paired,AI is off,0,0,0
132000,5.2,0,1,0.32,0.21,0,0,99,1,0,24,False,True,0,0,51,35,26,3.88,AI is off,AI is off,AI is off,AI is off,Not paired,AI is off,0,0,0
134000,5.1,0,1,0.31,0.21,0,0,99,1,0,24,False,True,0,0,51,39,27,3.87,AI is off,AI is off,AI is off,AI is off,Not paired,AI is off,0,0,0
136000,4.7,0,1,0.31,0.21,0,0,99,1,0,24,False,True,0,0,54,38,29,3.87,AI is off,AI is off,AI is off,AI is off,Not paired,AI is off,0,0,0
138000,4.4,0,1,0.3,0.21,0,0,99,1,0,24,False,True,0,0,54,40,30,3.87,AI is off,AI is off,AI is off,AI is off,Not paired,AI is off,0,0,0
140000,4.5,0,1,0.3,0.21,0,0,99,1,0,24,False,True,0,0,53,38,27,3.87,AI is off,AI is off,AI is off,AI is off,Not paired,AI is off,0,0,0
142000,4.6,0,1,0.3,0.21,0,0,99,1,0,24,False,True,0,0,50,35,24,3.87,AI is off,AI is off,AI is off,AI is off,Not paired,AI is off,0,0,0
144000,4.4,0,1,0.3,0.21,0,0,99,1,0,24,False,True,0,0,55,43,30,3.87,AI is off,AI is off,AI is off,AI is off,Not paired,AI is off,0,0,0
146000,4.2,0,1,0.3,0.21,0,0,99,1,0,24,False,True,0,0,56,40,28,3.87,AI is off,AI is off,AI is off,AI is off,Not paired,AI is off,0,0,0
148000,4.1,0,1,0.29,0.21,0,0,99,1,0,24,False,True,0,0,64,48,36,3.88,AI is off,AI is off,AI is off,AI is off,Not paired,AI is off,0,0,0
150000,3.9,0,1,0.29,0.21,0,0,99,1,0,24,False,True,0,0,69,52,39,3.88,AI is off,AI is off,AI is off,AI is off,Not paired,AI is off,0,0,0
152000,3.8,0,1,0.29,0.21,0,0,99,1,0,24,False,True,0,0,52,37,27,3.88,AI is off,AI is off,AI is off,AI is off,Not paired,AI is off,0,0,0
154000,3.9,0,1,0.29,0.21,0,0,99,1,0,24,False,True,0,0,51,38,26,3.88,AI is off,AI is off,AI is off,AI is off,Not paired,AI is off,0,0,0
156000,3.8,0,1,0.29,0.21,0,0,99,1,0,24,False,True,0,0,52,40,28,3.87,AI is off,AI is off,AI is off,AI is off,Not paired,AI is off,0,0,0
158000,3.8,0,1,0.29,0.21,0,0,99,1,0,24,False,True,0,0,51,38,27,3.87,AI is off,AI is off,AI is off,AI is off,Not paired,AI is off,0,0,0
160000,3.6,0,1,0.28,0.21,0,0,99,1,0,24,False,True,0,0,54,40,29,3.87,AI is off,AI is off,AI is off,AI is off,Not paired,AI is off,0,0,0
162000,3.3,0,1,0.28,0.21,0,0,99,1,0,24,False,True,0,0,54,41,29,3.87,AI is off,AI is off,AI is off,AI is off,Not paired,AI is off,0,0,0
164000,3.2,0,1,0.28,0.21,0,0,99,1,0,24,False,True,0,0,53,38,27,3.87,AI is off,AI is off,AI is off,AI is off,Not paired,AI is off,0,0,0
166000,3.1,0,1,0.27,0.21,0,0,99,1,0,24,False,True,0,0,63,47,35,3.87,AI is off,AI is off,AI is off,AI is off,Not paired,AI is off,0,0,0
168000,3.2,0,1,0.27,0.21,0,0,99,1,0,24,False,True,0,0,53,39,27,3.87,AI is off,AI is off,AI is off,AI is off,Not paired,AI is off,0,0,0
170000,3.3,0,1,0.28,0.21,0,0,99,1,0,24,False,True,0,0,53,39,28,3.87,AI is off,AI is off,AI is off,AI is off,Not paired,AI is off,0,0,0
172000,3.7,0,1,0.28,0.21,0,0,99,1,0,24,False,True,0,0,51,39,28,3.87,AI is off,AI is off,AI is off,AI is off,Not paired,AI is off,0,0,0
174000,3.9,0,1,0.29,0.21,0,0,99,1,0,24,False,True,0,0,53,40,29,3.88,AI is off,AI is off,AI is off,AI is off,Not paired,AI is off,0,0,0
176000,3.7,0,1,0.29,0.21,0,0,99,1,0,24,False,True,0,0,53,40,29,3.88,AI is off,AI is off,AI is off,AI is off,Not paired,AI is off,0,0,0
178000,3.6,0,1,0.28,0.21,0,0,99,1,0,24,False,True,0,0,53,41,30,3.88,AI is off,AI is off,AI is off,AI is off,Not paired,AI is off,0,0,0
180000,3.3,0,1,0.28,0.21,0,0,99,1,0,24,False,True,0,0,54,38,28,3.88,AI is off,AI is off,AI is off,AI is off,Not paired,AI is off,0,0,0
182000,3.2,0,1,0.28,0.21,0,0,99,1,0,24,False,True,0,0,65,50,36,3.87,AI is off,AI is off,AI is off,AI is off,Not paired,AI is off,0,0,0
184000,2.9,0,1,0.27,0.21,0,0,99,1,0,24,False,True,0,0,52,38,27,3.87,AI is off,AI is off,AI is off,AI is off,Not paired,AI is off,0,0,0
186000,2.9,0,1,0.27,0.21,0,0,99,1,0,24,False,True,0,0,52,40,29,3.87,AI is off,AI is off,AI is off,AI is off,Not paired,AI is off,0,0,0
188000,3.3,0,1,0.27,0.21,0,0,99,1,0,24,False,True,0,0,52,39,27,3.87,AI is off,AI is off,AI is off,AI is off,Not paired,AI is off,0,0,0
190000,4.2,0,1,0.29,0.21,0,0,99,1,0,24,False,True,0,0,52,39,28,3.87,AI is off,AI is off,AI is off,AI is off,Not paired,AI is off,0,0,0
192000,4.8,0,1,0.3,0.21,0,0,99,1,0,24,False,True,0,0,52,40,28,3.87,AI is off,AI is off,AI is off,AI is off,Not paired,AI is off,0,0,0
194000,4.5,0,1,0.31,0.21,0,0,99,1,0,24,False,True,0,0,52,38,27,3.87,AI is off,AI is off,AI is off,AI is off,Not paired,AI is off,0,0,0
196000,4.2,0,1,0.29,0.21,0,0,99,1,0,24,False,True,0,0,52,39,27,3.87,AI is off,AI is off,AI is off,AI is off,Not paired,AI is off,0,0,0
198000,4.5,0,1,0.3,0.21,0,0,99,1,0,24,False,True,0,0,52,38,26,3.87,AI is off,AI is off,AI is off,AI is off,Not paired,AI is off,0,0,0
200000,5,0,1,0.31,0.21,0,0,99,1,0,24,False,True,0,0,52,39,27,3.87,AI is off,AI is off,AI is off,AI is off,Not paired,AI is off,0,0,0
202000,4.9,0,1,0.31,0.21,0,0,99,1,0,24,False,True,0,0,51,38,26,3.87,AI is off,AI is off,AI is off,AI is off,Not paired,AI is off,0,0,0
204000,4.8,0,1,0.31,0.21,0,0,99,1,0,24,False,True,0,0,52,38,28,3.87,AI is off,AI is off,AI is off,AI is off,Not paired,AI is off,0,0,0
206000,4.9,0,1,0.31,0.21,0,0,99,1,0,24,False,True,0,0,51,38,26,3.87,AI is off,AI is off,AI is off,AI is off,Not paired,AI is off,0,0,0
208000,4.5,0,1,0.3,0.21,0,0,99,1,0,24,False,True,0,0,53,40,28,3.87,AI is off,AI is off,AI is off,AI is off,Not paired,AI is off,0,0,0
210000,4.1,0,1,0.3,0.21,0,0,99,1,0,24,False,True,0,0,53,40,28,3.87,AI is off,AI is off,AI is off,AI is off,Not paired,AI is off,0,0,0
212000,4,0,1,0.29,0.21,0,0,99,1,0,24,False,True,0,0,52,39,27,3.87,AI is off,AI is off,AI is off,AI is off,Not paired,AI is off,0,0,0
214000,3.7,0,1,0.29,0.21,0,0,99,1,0,24,False,True,0,0,52,39,28,3.87,AI is off,AI is off,AI is off,AI is off,Not paired,AI is off,0,0,0
216000,3.4,0,1,0.28,0.21,0,0,99,1,0,24,False,True,0,0,53,39,28,3.87,AI is off,AI is off,AI is off,AI is off,Not paired,AI is off,0,0,0
218000,3.1,0,1,0.27,0.21,0,0,99,1,0,24,False,True,0,0,54,41,29,3.87,AI is off,AI is off,AI is off,AI is off,Not paired,AI is off,0,0,0
220000,2.6,0,1,0.27,0.21,0,0,99,1,0,24,False,True,0,0,60,45,33,3.87,AI is off,AI is off,AI is off,AI is off,Not paired,AI is off,0,0,0
222000,2.1,0,1,0.26,0.21,0,0,99,1,0,24,False,True,0,0,68,52,38,3.87,AI is off,AI is off,AI is off,AI is off,Not paired,AI is off,0,0,0
224000,1.7,0,1,0.25,0.21,0,0,99,1,0,24,False,True,0,0,61,46,34,3.87,AI is off,AI is off,AI is off,AI is off,Not paired,AI is off,0,0,0
226000,1.4,0,1,0.24,0.21,0,0,99,1,0,24,False,True,0,0,69,53,40,3.87,AI is off,AI is off,AI is off,AI is off,Not paired,AI is off,0,0,0
228000,1.2,0,1,0.23,0.21,0,0,99,1,0,24,False,True,0,0,54,40,30,3.87,AI is off,AI is off,AI is off,AI is off,Not paired,AI is off,0,0,0
230000,1.2,0,1,0.23,0.21,0,0,99,1,0,24,False,True,0,0,52,38,28,3.87,AI is off,AI is off,AI is off,AI is off,Not paired,AI is off,0,0,0
232000,1,0,1,0.23,0.21,0,0,99,1,0,25,False,True,0,0,52,41,29,3.87,AI is off,AI is off,AI is off,AI is off,Not paired,AI is off,0,0,0
234000,0,0,1,0.22,0.21,0,0,99,1,0,25,False,True,0,0,53,38,28,3.87,AI is off,AI is off,AI is off,AI is off,Not paired,AI is off,0,0,0
236000,0,0,1,0.22,0.21,0,0,99,1,0,25,False,True,0,0,66,50,37,3.87,AI is off,AI is off,AI is off,AI is off,Not paired,AI is off,0,0,0
238000,0,0,1,0.22,0.21,0,0,99,1,0,25,False,True,0,0,70,52,40,3.87,AI is off,AI is off,AI is off,AI is off,Not paired,AI is off,0,0,0
240000,0,0,1,0.22,0.21,0,0,99,1,0,25,False,True,0,0,69,52,38,3.87,AI is off,AI is off,AI is off,AI is off,Not paired,AI is off,0,0,0
242000,0,0,1,0.22,0.21,0,0,99,1,0,25,False,True,0,0,55,41,30,3.87,AI is off,AI is off,AI is off,AI is off,Not paired,AI is off,0,0,0
244000,0,0,1,0.21,0.21,0,0,99,1,0,25,False,True,0,0,58,43,31,3.87,AI is off,AI is off,AI is off,AI is off,Not paired,AI is off,0,0,0
246000,0,0,1,0.21,0.21,0,0,99,1,0,25,False,True,0,0,55,41,30,3.87,AI is off,AI is off,AI is off,AI is off,Not paired,AI is off,0,0,0
248000,0,0,1,0.22,0.21,0,0,99,1,0,25,False,True,0,0,52,39,27,3.87,AI is off,AI is off,AI is off,AI is off,Not paired,AI is off,0,0,0
250000,0,0,1,0.22,0.21,0,0,99,1,0,25,False,True,0,0,54,38,27,3.87,AI is off,AI is off,AI is off,AI is off,Not paired,AI is off,0,0,0
252000,0,0,0,0.22,0.21,0,0,99,1,0,25,False,True,0,0,54,41,29,3.87,AI is off,AI is off,AI is off,AI is off,Not paired,AI is off,0,0,0
254000,1,0,0,0.23,0.21,0,0,99,1,0,25,False,True,0,0,52,41,29,3.87,AI is off,AI is off,AI is off,AI is off,Not paired,AI is off,0,0,0
256000,1,0,1,0.23,0.21,0,0,99,1,0,25,False,True,0,0,55,41,30,3.87,AI is off,AI is off,AI is off,AI is off,Not paired,AI is off,0,0,0
258000,1.1,0,1,0.23,0.21,0,0,99,1,0,25,False,True,0,0,70,53,40,3.87,AI is off,AI is off,AI is off,AI is off,Not paired,AI is off,0,0,0
260000,1.1,0,1,0.23,0.21,0,0,99,1,0,25,False,True,0,0,67,50,37,3.87,AI is off,AI is off,AI is off,AI is off,Not paired,AI is off,0,0,0
262000,1.1,0,1,0.23,0.21,0,0,99,1,0,25,False,True,0,0,67,49,36,3.87,AI is off,AI is off,AI is off,AI is off,Not paired,AI is off,0,0,0
264000,1.1,0,1,0.23,0.21,0,0,99,1,0,25,False,True,0,0,60,46,33,3.87,AI is off,AI is off,AI is off,AI is off,Not paired,AI is off,0,0,0
266000,1.1,0,1,0.23,0.21,0,0,99,1,0,25,False,True,0,0,57,41,30,3.87,AI is off,AI is off,AI is off,AI is off,Not paired,AI is off,0,0,0
268000,0.9,0,1,0.23,0.21,0,0,99,1,0,25,False,True,0,0,65,49,36,3.87,AI is off,AI is off,AI is off,AI is off,Not paired,AI is off,0,0,0
270000,0,0,1,0.22,0.21,0,0,99,1,0,25,False,True,0,0,61,46,35,3.87,AI is off,AI is off,AI is off,AI is off,Not paired,AI is off,0,0,0
272000,0,0,1,0.22,0.21,0,0,99,1,0,25,False,True,0,0,53,39,28,3.87,AI is off,AI is off,AI is off,AI is off,Not paired,AI is off,0,0,0
274000,0,0,1,0.22,0.21,0,0,99,1,0,25,False,True,0,0,56,43,30,3.87,AI is off,AI is off,AI is off,AI is off,Not paired,AI is off,0,0,0
276000,1,0,1,0.23,0.21,0,0,99,1,0,25,False,True,0,0,53,40,28,3.87,AI is off,AI is off,AI is off,AI is off,Not paired,AI is off,0,0,0
278000,1.1,0,1,0.23,0.21,0,0,99,1,0,25,False,True,0,0,66,50,37,3.87,AI is off,AI is off,AI is off,AI is off,Not paired,AI is off,0,0,0
280000,1.2,0,1,0.23,0.21,0,0,99,1,0,25,False,True,0,0,57,42,30,3.87,AI is off,AI is off,AI is off,AI is off,Not paired,AI is off,0,0,0
282000,1.1,0,1,0.23,0.21,0,0,99,1,0,25,False,True,0,0,58,43,30,3.87,AI is off,AI is off,AI is off,AI is off,Not paired,AI is off,0,0,0
284000,1.2,0,1,0.23,0.21,0,0,99,1,0,25,False,True,0,0,62,46,33,3.87,AI is off,AI is off,AI is off,AI is off,Not paired,AI is off,0,0,0
286000,1.4,0,1,0.24,0.21,0,0,99,1,0,25,False,True,0,0,63,47,34,3.87,AI is off,AI is off,AI is off,AI is off,Not paired,AI is off,0,0,0
288000,1.6,0,1,0.24,0.21,0,0,99,1,0,25,False,True,0,0,58,43,31,3.87,AI is off,AI is off,AI is off,AI is off,Not paired,AI is off,0,0,0
290000,1.7,0,1,0.24,0.21,0,0,99,1,0,25,False,True,0,0,58,43,32,3.87,AI is off,AI is off,AI is off,AI is off,Not paired,AI is off,0,0,0
292000,1.6,0,1,0.24,0.21,0,0,99,1,0,25,False,True,0,0,58,44,32,3.87,AI is off,AI is off,AI is off,AI is off,Not paired,AI is off,0,0,0
294000,1.8,0,1,0.24,0.21,0,0,99,1,0,25,False,True,0,0,60,46,33,3.87,AI is off,AI is off,AI is off,AI is off,Not paired,AI is off,0,0,0
296000,2,0,1,0.25,0.21,0,0,99,1,0,25,False,True,0,0,57,43,31,3.87,AI is off,AI is off,AI is off,AI is off,Not paired,AI is off,0,0,0
298000,2,0,1,0.25,0.21,0,0,99,1,0,25,False,True,0,0,59,45,33,3.87,AI is off,AI is off,AI is off,AI is off,Not paired,AI is off,0,0,0
300000,2.2,0,1,0.25,0.21,0,0,99,1,0,25,False,True,0,0,57,44,31,3.87,AI is off,AI is off,AI is off,AI is off,Not paired,AI is off,0,0,0
302000,2.6,0,1,0.26,0.21,0,0,99,1,0,25,False,True,0,0,70,53,40,3.87,AI is off,AI is off,AI is off,AI is off,Not paired,AI is off,0,0,0
304000,2.7,0,1,0.26,0.21,0,0,99,1,0,25,False,True,0,0,53,40,28,3.87,AI is off,AI is off,AI is off,AI is off,Not paired,AI is off,0,0,0
306000,2.8,0,1,0.27,0.21,0,0,99,1,0,25,False,True,0,0,50,37,26,3.87,AI is off,AI is off,AI is off,AI is off,Not paired,AI is off,0,0,0
308000,2.9,0,1,0.27,0.21,0,0,99,1,0,25,False,True,0,0,51,39,26,3.87,AI is off,AI is off,AI is off,AI is off,Not paired,AI is off,0,0,0
310000,2.9,0,1,0.27,0.21,0,0,99,1,0,25,False,True,0,0,57,42,31,3.87,AI is off,AI is off,AI is off,AI is off,Not paired,AI is off,0,0,0
312000,3.1,0,1,0.27,0.21,0,0,99,1,0,25,False,True,0,0,52,39,27,3.87,AI is off,AI is off,AI is off,AI is off,Not paired,AI is off,0,0,0
314000,3.1,0,1,0.27,0.21,0,0,99,1,0,25,False,True,0,0,53,39,28,3.87,AI is off,AI is off,AI is off,AI is off,Not paired,AI is off,0,0,0
316000,3.2,0,1,0.27,0.21,0,0,99,1,0,25,False,True,0,0,52,38,28,3.87,AI is off,AI is off,AI is off,AI is off,Not paired,AI is off,0,0,0
318000,3.4,0,1,0.28,0.21,0,0,99,1,0,25,False,True,0,0,52,38,27,3.87,AI is off,AI is off,AI is off,AI is off,Not paired,AI is off,0,0,0
320000,3.3,0,1,0.28,0.21,0,0,99,1,0,25,False,True,0,0,52,39,27,3.87,AI is off,AI is off,AI is off,AI is off,Not paired,AI is off,0,0,0
322000,3.5,0,1,0.28,0.21,0,0,99,1,0,25,False,True,0,0,51,38,26,3.87,AI is off,AI is off,AI is off,AI is off,Not paired,AI is off,0,0,0
324000,3.5,0,1,0.28,0.21,0,0,99,1,0,25,False,True,0,0,52,39,28,3.87,AI is off,AI is off,AI is off,AI is off,Not paired,AI is off,0,0,0
326000,3.2,0,1,0.28,0.21,0,0,99,1,0,25,False,True,0,0,54,41,30,3.87,AI is off,AI is off,AI is off,AI is off,Not paired,AI is off,0,0,0
328000,2.6,0,1,0.26,0.21,0,0,99,1,0,25,False,True,0,0,56,42,30,3.87,AI is off,AI is off,AI is off,AI is off,Not paired,AI is off,0,0,0
330000,2.6,0,1,0.26,0.21,0,0,99,1,0,25,False,True,0,0,56,41,29,3.87,AI is off,AI is off,AI is off,AI is off,Not paired,AI is off,0,0,0
332000,2.7,0,1,0.26,0.21,0,0,99,1,0,25,False,True,0,0,61,46,33,3.87,AI is off,AI is off,AI is off,AI is off,Not paired,AI is off,0,0,0
334000,2.8,0,1,0.27,0.21,0,0,99,1,0,25,False,True,0,0,64,48,35,3.87,AI is off,AI is off,AI is off,AI is off,Not paired,AI is off,0,0,0
336000,2.8,0,1,0.27,0.21,0,0,99,1,0,25,False,True,0,0,61,47,35,3.87,AI is off,AI is off,AI is off,AI is off,Not paired,AI is off,0,0,0
338000,3.1,0,1,0.27,0.21,0,0,99,1,0,25,False,True,0,0,52,40,28,3.87,AI is off,AI is off,AI is off,AI is off,Not paired,AI is off,0,0,0
340000,3.3,0,1,0.28,0.21,0,0,99,1,0,25,False,True,0,0,51,38,25,3.87,AI is off,AI is off,AI is off,AI is off,Not paired,AI is off,0,0,0
342000,3.2,0,1,0.28,0.21,0,0,99,1,0,25,False,True,0,0,50,37,25,3.87,AI is off,AI is off,AI is off,AI is off,Not paired,AI is off,0,0,0
344000,3.1,0,1,0.27,0.21,0,0,99,1,0,25,False,True,0,0,51,38,28,3.87,AI is off,AI is off,AI is off,AI is off,Not paired,AI is off,0,0,0
346000,2.6,0,1,0.26,0.21,0,0,99,1,0,25,False,True,0,0,53,38,26,3.87,AI is off,AI is off,AI is off,AI is off,Not paired,AI is off,0,0,0
348000,2.5,0,1,0.26,0.21,0,0,99,1,0,25,False,True,0,0,52,38,27,3.87,AI is off,AI is off,AI is off,AI is off,Not paired,AI is off,0,0,0
350000,2.6,0,1,0.26,0.21,0,0,99,1,0,25,False,True,0,0,53,38,28,3.87,AI is off,AI is off,AI is off,AI is off,Not paired,AI is off,0,0,0
352000,2.7,0,1,0.26,0.21,0,0,99,1,0,25,False,True,0,0,52,38,26,3.87,AI is off,AI is off,AI is off,AI is off,Not paired,AI is off,0,0,0
354000,2.6,0,1,0.26,0.21,0,0,99,1,0,25,False,True,0,0,55,40,29,3.87,AI is off,AI is off,AI is off,AI is off,Not paired,AI is off,0,0,0
356000,2.6,0,1,0.26,0.21,0,0,99,1,0,25,False,True,0,0,55,40,29,3.87,AI is off,AI is off,AI is off,AI is off,Not paired,AI is off,0,0,0
358000,2.7,0,1,0.26,0.21,0,0,99,1,0,25,False,True,0,0,54,39,30,3.87,AI is off,AI is off,AI is off,AI is off,Not paired,AI is off,0,0,0
360000,2.7,0,1,0.26,0.21,0,0,99,1,0,25,False,True,0,0,55,40,30,3.87,AI is off,AI is off,AI is off,AI is off,Not paired,AI is off,0,0,0
362000,2.7,0,1,0.26,0.21,0,0,99,1,0,25,False,True,0,0,53,38,27,3.87,AI is off,AI is off,AI is off,AI is off,Not paired,AI is off,0,0,0
364000,2.7,0,1,0.26,0.21,0,0,99,1,0,25,False,True,0,0,52,38,26,3.87,AI is off,AI is off,AI is off,AI is off,Not paired,AI is off,0,0,0
366000,2.8,0,1,0.27,0.21,0,0,99,1,0,25,False,True,0,0,52,38,28,3.87,AI is off,AI is off,AI is off,AI is off,Not paired,AI is off,0,0,0
368000,2.8,0,1,0.27,0.21,0,0,99,1,0,25,False,True,0,0,51,36,26,3.87,AI is off,AI is off,AI is off,AI is off,Not paired,AI is off,0,0,0
370000,2.8,0,1,0.27,0.21,0,0,99,1,0,25,False,True,0,0,52,40,28,3.87,AI is off,AI is off,AI is off,AI is off,Not paired,AI is off,0,0,0
372000,2.7,0,1,0.27,0.21,0,0,99,1,0,25,False,True,0,0,51,39,27,3.87,AI is off,AI is off,AI is off,AI is off,Not paired,AI is off,0,0,0
374000,2.7,0,1,0.26,0.21,0,0,99,1,0,25,False,True,0,0,53,41,30,3.87,AI is off,AI is off,AI is off,AI is off,Not paired,AI is off,0,0,0
376000,2.7,0,1,0.26,0.21,0,0,99,1,0,25,False,True,0,0,53,41,30,3.87,AI is off,AI is off,AI is off,AI is off,Not paired,AI is off,0,0,0
378000,2.6,0,1,0.26,0.21,0,0,99,1,0,25,False,True,0,0,53,41,29,3.87,AI is off,AI is off,AI is off,AI is off,Not paired,AI is off,0,0,0
380000,2.6,0,1,0.26,0.21,0,0,99,1,0,25,False,True,0,0,52,40,28,3.87,AI is off,AI is off,AI is off,AI is off,Not paired,AI is off,0,0,0
382000,2.6,0,1,0.26,0.21,0,0,99,1,0,25,False,True,0,0,54,42,30,3.87,AI is off,AI is off,AI is off,AI is off,Not paired,AI is off,0,0,0
384000,2.6,0,1,0.26,0.21,0,0,99,1,0,25,False,True,0,0,52,40,29,3.87,AI is off,AI is off,AI is off,AI is off,Not paired,AI is off,0,0,0
386000,2.7,0,1,0.26,0.21,0,0,99,1,0,25,False,True,0,0,52,40,28,3.87,AI is off,AI is off,AI is off,AI is off,Not paired,AI is off,0,0,0
388000,2.7,0,1,0.26,0.21,0,0,99,1,0,25,False,True,0,0,51,39,27,3.87,AI is off,AI is off,AI is off,AI is off,Not paired,AI is off,0,0,0
390000,2.6,0,1,0.26,0.21,0,0,99,1,0,25,False,True,0,0,52,39,28,3.87,AI is off,AI is off,AI is off,AI is off,Not paired,AI is off,0,0,0
392000,2.6,0,1,0.26,0.21,0,0,99,1,0,25,False,True,0,0,52,40,29,3.87,AI is off,AI is off,AI is off,AI is off,Not paired,AI is off,0,0,0
394000,2.6,0,1,0.26,0.21,0,0,99,1,0,25,False,True,0,0,51,39,27,3.87,AI is off,AI is off,AI is off,AI is off,Not paired,AI is off,0,0,0
396000,2.5,0,1,0.26,0.21,0,0,99,1,0,25,False,True,0,0,52,39,28,3.87,AI is off,AI is off,AI is off,AI is off,Not paired,AI is off,0,0,0
398000,2.5,0,1,0.26,0.21,0,0,99,1,0,25,False,True,0,0,52,40,27,3.87,AI is off,AI is off,AI is off,AI is off,Not paired,AI is off,0,0,0
400000,2.8,0,1,0.27,0.21,0,0,99,1,0,25,False,True,0,0,51,39,27,3.87,AI is off,AI is off,AI is off,AI is off,Not paired,AI is off,0,0,0
402000,3,0,1,0.27,0.21,0,0,99,1,0,25,False,True,0,0,52,40,29,3.87,AI is off,AI is off,AI is off,AI is off,Not paired,AI is off,0,0,0
404000,3,0,1,0.27,0.21,0,0,99,1,0,25,False,True,0,0,56,42,31,3.87,AI is off,AI is off,AI is off,AI is off,Not paired,AI is off,0,0,0
406000,3.2,0,1,0.27,0.21,0,0,99,1,0,25,False,True,0,0,53,38,28,3.87,AI is off,AI is off,AI is off,AI is off,Not paired,AI is off,0,0,0
408000,3.3,0,1,0.28,0.21,0,0,99,1,0,25,False,True,0,0,53,40,29,3.87,AI is off,AI is off,AI is off,AI is off,Not paired,AI is off,0,0,0
410000,3.4,0,1,0.28,0.21,0,0,99,1,0,25,False,True,0,0,50,37,25,3.87,AI is off,AI is off,AI is off,AI is off,Not paired,AI is off,0,0,0
412000,3.5,0,1,0.28,0.21,0,0,99,1,0,25,False,True,0,0,51,38,26,3.87,AI is off,AI is off,AI is off,AI is off,Not paired,AI is off,0,0,0
414000,3.5,0,1,0.28,0.21,0,0,99,1,0,25,False,True,0,0,51,39,28,3.87,AI is off,AI is off,AI is off,AI is off,Not paired,AI is off,0,0,0
416000,3.3,0,1,0.28,0.21,0,0,99,1,0,25,False,True,0,0,51,38,26,3.87,AI is off,AI is off,AI is off,AI is off,Not paired,AI is off,0,0,0
418000,3.1,0,1,0.27,0.21,0,0,99,1,0,25,False,True,0,0,52,39,27,3.87,AI is off,AI is off,AI is off,AI is off,Not paired,AI is off,0,0,0
420000,3.1,0,1,0.27,0.21,0,0,99,1,0,25,False,True,0,0,52,40,28,3.87,AI is off,AI is off,AI is off,AI is off,Not paired,AI is off,0,0,0
422000,3,0,1,0.27,0.21,0,0,99,1,0,25,False,True,0,0,52,41,29,3.87,AI is off,AI is off,AI is off,AI is off,Not paired,AI is off,0,0,0
424000,2.9,0,1,0.27,0.21,0,0,99,1,0,25,False,True,0,0,52,40,29,3.87,AI is off,AI is off,AI is off,AI is off,Not paired,AI is off,0,0,0
426000,3,0,1,0.27,0.21,0,0,99,1,0,25,False,True,0,0,52,40,27,3.87,AI is off,AI is off,AI is off,AI is off,Not paired,AI is off,0,0,0
428000,3.1,0,1,0.27,0.21,0,0,99,1,0,25,False,True,0,0,52,40,28,3.87,AI is off,AI is off,AI is off,AI is off,Not paired,AI is off,0,0,0
430000,3,0,1,0.27,0.21,0,0,99,1,0,25,False,True,0,0,51,39,26,3.87,AI is off,AI is off,AI is off,AI is off,Not paired,AI is off,0,0,0
432000,2.9,0,1,0.27,0.21,0,0,99,1,0,25,False,True,0,0,51,40,27,3.87,AI is off,AI is off,AI is off,AI is off,Not paired,AI is off,0,0,0
434000,2.7,0,1,0.27,0.21,0,0,99,1,0,25,False,True,0,0,52,40,28,3.87,AI is off,AI is off,AI is off,AI is off,Not paired,AI is off,0,0,0
436000,2.6,0,1,0.26,0.21,0,0,99,1,0,25,False,True,0,0,53,40,28,3.87,AI is off,AI is off,AI is off,AI is off,Not paired,AI is off,0,0,0
438000,2.6,0,1,0.26,0.21,0,0,99,1,0,25,False,True,0,0,52,40,28,3.87,AI is off,AI is off,AI is off,AI is off,Not paired,AI is off,0,0,0
440000,2.6,0,1,0.26,0.21,0,0,99,1,0,25,False,True,0,0,52,40,28,3.87,AI is off,AI is off,AI is off,AI is off,Not paired,AI is off,0,0,0
442000,2.2,0,1,0.26,0.21,0,0,99,1,0,25,False,True,0,0,52,40,28,3.87,AI is off,AI is off,AI is off,AI is off,Not paired,AI is off,0,0,0
444000,1.8,0,1,0.25,0.21,0,0,99,1,0,25,False,True,0,0,53,40,28,3.87,AI is off,AI is off,AI is off,AI is off,Not paired,AI is off,0,0,0
446000,1.7,0,1,0.24,0.21,0,0,99,1,0,25,False,True,0,0,52,40,28,3.87,AI is off,AI is off,AI is off,AI is off,Not paired,AI is off,0,0,0
448000,1.5,0,1,0.24,0.21,0,0,99,1,0,25,False,True,0,0,64,49,37,3.87,AI is off,AI is off,AI is off,AI is off,Not paired,AI is off,0,0,0
450000,1.6,0,1,0.24,0.21,0,0,99,1,0,25,False,True,0,0,52,37,27,3.87,AI is off,AI is off,AI is off,AI is off,Not paired,AI is off,0,0,0
452000,1.6,0,1,0.24,0.21,0,0,99,1,0,25,False,True,0,0,55,40,28,3.87,AI is off,AI is off,AI is off,AI is off,Not paired,AI is off,0,0,0
454000,1.8,0,1,0.24,0.21,0,0,99,1,0,25,False,True,0,0,53,38,27,3.87,AI is off,AI is off,AI is off,AI is off,Not paired,AI is off,0,0,0
456000,1.9,0,1,0.25,0.21,0,0,99,1,0,25,False,True,0,0,54,38,27,3.87,AI is off,AI is off,AI is off,AI is off,Not paired,AI is off,0,0,0
458000,1.8,0,1,0.25,0.21,0,0,99,1,0,25,False,True,0,0,53,38,28,3.87,AI is off,AI is off,AI is off,AI is off,Not paired,AI is off,0,0,0
460000,1.7,0,1,0.24,0.21,0,0,99,1,0,25,False,True,0,0,52,38,27,3.87,AI is off,AI is off,AI is off,AI is off,Not paired,AI is off,0,0,0
462000,2,0,1,0.25,0.21,0,0,99,1,0,25,False,True,0,0,55,40,28,3.87,AI is off,AI is off,AI is off,AI is off,Not paired,AI is off,0,0,0
464000,2.1,0,1,0.25,0.21,0,0,99,1,0,25,False,True,0,0,52,38,28,3.87,AI is off,AI is off,AI is off,AI is off,Not paired,AI is off,0,0,0
466000,2,0,1,0.25,0.21,0,0,99,1,0,25,False,True,0,0,53,39,30,3.87,AI is off,AI is off,AI is off,AI is off,Not paired,AI is off,0,0,0
468000,2.3,0,1,0.25,0.21,0,0,99,1,0,25,False,True,0,0,53,39,30,3.87,AI is off,AI is off,AI is off,AI is off,Not paired,AI is off,0,0,0
470000,2.3,0,1,0.26,0.21,0,0,99,1,0,25,False,True,0,0,55,41,30,3.87,AI is off,AI is off,AI is off,AI is off,Not paired,AI is off,0,0,0
472000,2.2,0,1,0.25,0.21,0,0,99,1,0,25,False,True,0,0,54,40,29,3.87,AI is off,AI is off,AI is off,AI is off,Not paired,AI is off,0,0,0
474000,2.2,0,1,0.25,0.21,0,0,99,1,0,25,False,True,0,0,53,39,28,3.87,AI is off,AI is off,AI is off,AI is off,Not paired,AI is off,0,0,0
476000,2.2,0,1,0.25,0.21,0,0,99,1,0,25,False,True,0,0,55,40,31,3.87,AI is off,AI is off,AI is off,AI is off,Not paired,AI is off,0,0,0
478000,2.2,0,1,0.25,0.21,0,0,99,1,0,25,False,True,0,0,54,40,29,3.87,AI is off,AI is off,AI is off,AI is off,Not paired,AI is off,0,0,0
480000,2.1,0,1,0.25,0.21,0,0,99,1,0,25,False,True,0,0,53,41,29,3.87,AI is off,AI is off,AI is off,AI is off,Not paired,AI is off,0,0,0
482000,2.1,0,1,0.25,0.21,0,0,99,1,0,25,False,True,0,0,52,40,29,3.87,AI is off,AI is off,AI is off,AI is off,Not paired,AI is off,0,0,0
484000,2.1,0,1,0.25,0.21,0,0,99,1,0,25,False,True,0,0,53,40,29,3.87,AI is off,AI is off,AI is off,AI is off,Not paired,AI is off,0,0,0
486000,2.1,0,1,0.25,0.21,0,0,99,1,0,25,False,True,0,0,53,40,29,3.87,AI is off,AI is off,AI is off,AI is off,Not paired,AI is off,0,0,0
488000,2,0,1,0.25,0.21,0,0,99,1,0,25,False,True,0,0,53,41,30,3.87,AI is off,AI is off,AI is off,AI is off,Not paired,AI is off,0,0,0
490000,2,0,1,0.25,0.21,0,0,99,1,0,25,False,True,0,0,52,38,27,3.87,AI is off,AI is off,AI is off,AI is off,Not paired,AI is off,0,0,0
492000,1.9,0,1,0.25,0.21,0,0,99,1,0,25,False,True,0,0,58,44,31,3.87,AI is off,AI is off,AI is off,AI is off,Not paired,AI is off,0,0,0
494000,1.8,0,1,0.25,0.21,0,0,99,1,0,25,False,True,0,0,60,43,33,3.87,AI is off,AI is off,AI is off,AI is off,Not paired,AI is off,0,0,0
496000,1.7,0,1,0.24,0.21,0,0,99,1,0,25,False,True,0,0,69,52,40,3.87,AI is off,AI is off,AI is off,AI is off,Not paired,AI is off,0,0,0
498000,1.6,0,1,0.24,0.21,0,0,99,1,0,25,False,True,0,0,67,51,38,3.87,AI is off,AI is off,AI is off,AI is off,Not paired,AI is off,0,0,0
500000,1.7,0,1,0.24,0.21,0,0,99,1,0,25,False,True,0,0,54,39,29,3.87,AI is off,AI is off,AI is off,AI is off,Not paired,AI is off,0,0,0
502000,1.5,0,1,0.24,0.21,0,0,99,1,0,25,False,True,0,0,53,40,28,3.87,AI is off,AI is off,AI is off,AI is off,Not paired,AI is off,0,0,0
504000,1.5,0,1,0.24,0.21,0,0,99,1,0,25,False,True,0,0,53,41,30,3.87,AI is off,AI is off,AI is off,AI is off,Not paired,AI is off,0,0,0
506000,1.7,0,1,0.24,0.21,0,0,99,1,0,25,False,True,0,0,52,41,29,3.87,AI is off,AI is off,AI is off,AI is off,Not paired,AI is off,0,0,0
508000,1.6,0,1,0.24,0.21,0,0,99,1,0,25,False,True,0,0,52,40,28,3.87,AI is off,AI is off,AI is off,AI is off,Not paired,AI is off,0,0,0
510000,1.5,0,1,0.24,0.21,0,0,99,1,0,25,False,True,0,0,69,53,41,3.87,AI is off,AI is off,AI is off,AI is off,Not paired,AI is off,0,0,0
512000,1.5,0,1,0.24,0.21,0,0,99,1,0,25,False,True,0,0,56,43,30,3.87,AI is off,AI is off,AI is off,AI is off,Not paired,AI is off,0,0,0
514000,1.6,0,1,0.24,0.21,0,0,99,1,0,25,False,True,0,0,56,42,30,3.87,AI is off,AI is off,AI is off,AI is off,Not paired,AI is off,0,0,0
516000,1.9,0,1,0.25,0.21,0,0,99,1,0,25,False,True,0,0,54,39,26,3.87,AI is off,AI is off,AI is off,AI is off,Not paired,AI is off,0,0,0
518000,2.1,0,1,0.25,0.21,0,0,99,1,0,25,False,True,0,0,53,39,28,3.87,AI is off,AI is off,AI is off,AI is off,Not paired,AI is off,0,0,0
520000,2.1,0,1,0.25,0.21,0,0,99,1,0,25,False,True,0,0,57,44,31,3.87,AI is off,AI is off,AI is off,AI is off,Not paired,AI is off,0,0,0
522000,2.3,0,1,0.25,0.21,0,0,99,1,0,25,False,True,0,0,62,45,32,3.87,AI is off,AI is off,AI is off,AI is off,Not paired,AI is off,0,0,0
524000,2.6,0,1,0.26,0.21,0,0,99,1,0,25,False,True,0,0,60,45,33,3.87,AI is off,AI is off,AI is off,AI is off,Not paired,AI is off,0,0,0
526000,2.6,0,1,0.26,0.21,0,0,99,1,0,25,False,True,0,0,58,43,31,3.87,AI is off,AI is off,AI is off,AI is off,Not paired,AI is off,0,0,0
528000,2.7,0,1,0.26,0.21,0,0,99,1,0,25,False,True,0,0,60,45,34,3.87,AI is off,AI is off,AI is off,AI is off,Not paired,AI is off,0,0,0
530000,2.8,0,1,0.27,0.21,0,0,99,1,0,25,False,True,0,0,58,46,33,3.87,AI is off,AI is off,AI is off,AI is off,Not paired,AI is off,0,0,0
532000,2.9,0,1,0.27,0.21,0,0,99,1,0,25,False,True,0,0,54,40,28,3.87,AI is off,AI is off,AI is off,AI is off,Not paired,AI is off,0,0,0
534000,3,0,1,0.27,0.21,0,0,99,1,0,25,False,True,0,0,52,38,27,3.87,AI is off,AI is off,AI is off,AI is off,Not paired,AI is off,0,0,0
536000,3.1,0,1,0.27,0.21,0,0,99,1,0,25,False,True,0,0,53,40,28,3.87,AI is off,AI is off,AI is off,AI is off,Not paired,AI is off,0,0,0
538000,3.1,0,1,0.27,0.21,0,0,99,1,0,25,False,True,0,0,52,36,26,3.87,AI is off,AI is off,AI is off,AI is off,Not paired,AI is off,0,0,0
540000,3,0,1,0.27,0.21,0,0,99,1,0,25,False,True,0,0,51,39,27,3.87,AI is off,AI is off,AI is off,AI is off,Not paired,AI is off,0,0,0
542000,3,0,1,0.27,0.21,0,0,99,1,0,25,False,True,0,0,52,39,27,3.87,AI is off,AI is off,AI is off,AI is off,Not paired,AI is off,0,0,0
544000,3.2,0,1,0.27,0.21,0,0,99,1,0,25,False,True,0,0,53,40,28,3.87,AI is off,AI is off,AI is off,AI is off,Not paired,AI is off,0,0,0
546000,3.4,0,1,0.28,0.21,0,0,99,1,0,25,False,True,0,0,52,39,26,3.87,AI is off,AI is off,AI is off,AI is off,Not paired,AI is off,0,0,0
548000,3.4,0,1,0.28,0.21,0,0,99,1,0,25,False,True,0,0,52,40,28,3.87,AI is off,AI is off,AI is off,AI is off,Not paired,AI is off,0,0,0
550000,3.6,0,1,0.28,0.21,0,0,99,1,0,25,False,True,0,0,52,40,29,3.87,AI is off,AI is off,AI is off,AI is off,Not paired,AI is off,0,0,0
552000,3.9,0,1,0.29,0.21,0,0,99,1,0,25,False,True,0,0,52,40,28,3.87,AI is off,AI is off,AI is off,AI is off,Not paired,AI is off,0,0,0
554000,4.3,0,1,0.3,0.21,0,0,99,1,0,25,False,True,0,0,54,41,31,3.87,AI is off,AI is off,AI is off,AI is off,Not paired,AI is off,0,0,0
556000,4.1,0,1,0.29,0.21,0,0,99,1,0,25,False,True,0,0,52,40,28,3.87,AI is off,AI is off,AI is off,AI is off,Not paired,AI is off,0,0,0
558000,4,0,1,0.29,0.21,0,0,99,1,0,25,False,True,0,0,52,40,28,3.87,AI is off,AI is off,AI is off,AI is off,Not paired,AI is off,0,0,0
560000,4.1,0,1,0.29,0.21,0,0,99,1,0,25,False,True,0,0,52,39,28,3.87,AI is off,AI is off,AI is off,AI is off,Not paired,AI is off,0,0,0
562000,4.5,0,1,0.3,0.21,0,0,99,1,0,25,False,True,0,0,51,40,27,3.87,AI is off,AI is off,AI is off,AI is off,Not paired,AI is off,0,0,0
564000,3.9,0,1,0.29,0.21,0,0,99,1,0,25,False,True,0,0,58,43,31,3.87,AI is off,AI is off,AI is off,AI is off,Not paired,AI is off,0,0,0
566000,3.8,0,1,0.29,0.21,0,0,99,1,0,25,False,True,0,0,53,40,29,3.87,AI is off,AI is off,AI is off,AI is off,Not paired,AI is off,0,0,0
568000,4.1,0,1,0.29,0.21,0,0,99,1,0,25,False,True,0,0,51,39,26,3.87,AI is off,AI is off,AI is off,AI is off,Not paired,AI is off,0,0,0
570000,3.9,0,1,0.29,0.21,0,0,99,1,0,25,False,True,0,0,52,39,27,3.87,AI is off,AI is off,AI is off,AI is off,Not paired,AI is off,0,0,0
572000,3.9,0,1,0.29,0.21,0,0,99,1,0,25,False,True,0,0,52,40,28,3.87,AI is off,AI is off,AI is off,AI is off,Not paired,AI is off,0,0,0
574000,3.9,0,1,0.29,0.21,0,0,99,1,0,25,False,True,0,0,52,40,28,3.87,AI is off,AI is off,AI is off,AI is off,Not paired,AI is off,0,0,0
576000,3.9,0,1,0.29,0.21,0,0,99,1,0,25,False,True,0,0,52,40,29,3.87,AI is off,AI is off,AI is off,AI is off,Not paired,AI is off,0,0,0
578000,4.1,0,1,0.29,0.21,0,0,99,1,0,25,False,True,0,0,53,41,29,3.87,AI is off,AI is off,AI is off,AI is off,Not paired,AI is off,0,0,0
580000,4.2,0,1,0.29,0.21,0,0,99,1,0,25,False,True,0,0,52,40,28,3.87,AI is off,AI is off,AI is off,AI is off,Not paired,AI is off,0,0,0
582000,4.2,0,1,0.3,0.21,0,0,99,1,0,25,False,True,0,0,52,40,29,3.87,AI is off,AI is off,AI is off,AI is off,Not paired,AI is off,0,0,0
584000,4.1,0,1,0.29,0.21,0,0,99,1,0,25,False,True,0,0,51,39,27,3.87,AI is off,AI is off,AI is off,AI is off,Not paired,AI is off,0,0,0
586000,4.2,0,1,0.3,0.21,0,0,99,1,0,25,False,True,0,0,52,40,28,3.87,AI is off,AI is off,AI is off,AI is off,Not paired,AI is off,0,0,0
588000,4.3,0,1,0.3,0.21,0,0,99,1,0,25,False,True,0,0,52,40,29,3.87,AI is off,AI is off,AI is off,AI is off,Not paired,AI is off,0,0,0
590000,4.4,0,1,0.3,0.21,0,0,99,1,0,25,False,True,0,0,52,40,29,3.87,AI is off,AI is off,AI is off,AI is off,Not paired,AI is off,0,0,0
592000,4.5,0,1,0.3,0.21,0,0,99,1,0,25,False,True,0,0,54,39,28,3.87,AI is off,AI is off,AI is off,AI is off,Not paired,AI is off,0,0,0
594000,4.6,0,1,0.3,0.21,0,0,99,1,0,25,False,True,0,0,52,40,28,3.87,AI is off,AI is off,AI is off,AI is off,Not paired,AI is off,0,0,0
596000,4.6,0,1,0.3,0.21,0,0,99,1,0,25,False,True,0,0,51,40,28,3.87,AI is off,AI is off,AI is off,AI is off,Not paired,AI is off,0,0,0
598000,4.6,0,1,0.3,0.21,0,0,99,1,0,25,False,True,0,0,52,40,28,3.87,AI is off,AI is off,AI is off,AI is off,Not paired,AI is off,0,0,0
600000,4.6,0,1,0.3,0.21,0,0,99,1,0,25,False,True,0,0,52,41,29,3.87,AI is off,AI is off,AI is off,AI is off,Not paired,AI is off,0,0,0
602000,4.7,0,1,0.31,0.21,0,0,99,1,0,25,False,True,0,0,52,39,28,3.87,AI is off,AI is off,AI is off,AI is off,Not paired,AI is off,0,0,0
604000,4.8,0,1,0.31,0.21,0,0,99,1,0,25,False,True,0,0,52,40,29,3.87,AI is off,AI is off,AI is off,AI is off,Not paired,AI is off,0,0,0
606000,4.9,0,1,0.31,0.21,0,0,99,1,0,25,False,True,0,0,52,40,29,3.87,AI is off,AI is off,AI is off,AI is off,Not paired,AI is off,0,0,0
608000,4.7,0,1,0.31,0.21,0,0,99,1,0,25,False,True,0,0,52,40,28,3.87,AI is off,AI is off,AI is off,AI is off,Not paired,AI is off,0,0,0
610000,4.4,0,1,0.3,0.21,0,0,99,1,0,25,False,True,0,0,53,39,28,3.87,AI is off,AI is off,AI is off,AI is off,Not paired,AI is off,0,0,0
612000,4.4,0,1,0.3,0.21,0,0,99,1,0,25,False,True,0,0,54,40,30,3.87,AI is off,AI is off,AI is off,AI is off,Not paired,AI is off,0,0,0
614000,4.4,0,1,0.3,0.21,0,0,99,1,0,25,False,True,0,0,54,41,29,3.87,AI is off,AI is off,AI is off,AI is off,Not paired,AI is off,0,0,0
616000,4.6,0,1,0.3,0.21,0,0,99,1,0,25,False,True,0,0,51,38,27,3.87,AI is off,AI is off,AI is off,AI is off,Not paired,AI is off,0,0,0
618000,4.6,0,1,0.3,0.21,0,0,99,1,0,25,False,True,0,0,52,40,28,3.87,AI is off,AI is off,AI is off,AI is off,Not paired,AI is off,0,0,0
620000,4.7,0,1,0.3,0.21,0,0,99,1,0,25,False,True,0,0,52,40,29,3.87,AI is off,AI is off,AI is off,AI is off,Not paired,AI is off,0,0,0
622000,4.6,0,1,0.31,0.21,0,0,99,1,0,25,False,True,0,0,51,38,27,3.87,AI is off,AI is off,AI is off,AI is off,Not paired,AI is off,0,0,0
624000,4.7,0,1,0.31,0.21,0,0,99,1,0,25,False,True,0,0,51,38,27,3.87,AI is off,AI is off,AI is off,AI is off,Not paired,AI is off,0,0,0
626000,4.6,0,1,0.3,0.21,0,0,99,1,0,25,False,True,0,0,52,41,30,3.87,AI is off,AI is off,AI is off,AI is off,Not paired,AI is off,0,0,0
628000,4.5,0,1,0.3,0.21,0,0,99,1,0,25,False,True,0,0,50,37,25,3.87,AI is off,AI is off,AI is off,AI is off,Not paired,AI is off,0,0,0
630000,4.6,0,1,0.3,0.21,0,0,99,1,0,25,False,True,0,0,52,40,28,3.87,AI is off,AI is off,AI is off,AI is off,Not paired,AI is off,0,0,0
632000,4.6,0,1,0.3,0.21,0,0,99,1,0,25,False,True,0,0,52,40,28,3.87,AI is off,AI is off,AI is off,AI is off,Not paired,AI is off,0,0,0
634000,4.6,0,1,0.31,0.21,0,0,99,1,0,25,False,True,0,0,51,39,27,3.87,AI is off,AI is off,AI is off,AI is off,Not paired,AI is off,0,0,0
636000,4.4,0,1,0.3,0.21,0,0,99,1,0,25,False,True,0,0,52,40,29,3.87,AI is off,AI is off,AI is off,AI is off,Not paired,AI is off,0,0,0
638000,4.4,0,1,0.3,0.21,0,0,99,1,0,25,False,True,0,0,53,39,27,3.87,AI is off,AI is off,AI is off,AI is off,Not paired,AI is off,0,0,0
640000,4.2,0,1,0.3,0.21,0,0,99,1,0,25,False,True,0,0,58,42,31,3.87,AI is off,AI is off,AI is off,AI is off,Not paired,AI is off,0,0,0
642000,4.4,0,1,0.3,0.21,0,0,99,1,0,25,False,True,0,0,54,41,31,3.87,AI is off,AI is off,AI is off,AI is off,Not paired,AI is off,0,0,0
644000,5,0,1,0.31,0.21,0,0,99,1,0,25,False,True,0,0,52,40,28,3.87,AI is off,AI is off,AI is off,AI is off,Not paired,AI is off,0,0,0
646000,5.1,0,1,0.31,0.21,0,0,99,1,0,25,False,True,0,0,51,39,26,3.87,AI is off,AI is off,AI is off,AI is off,Not paired,AI is off,0,0,0
648000,5.1,0,1,0.31,0.21,0,0,99,1,0,25,False,True,0,0,52,41,29,3.87,AI is off,AI is off,AI is off,AI is off,Not paired,AI is off,0,0,0
650000,5.1,0,1,0.31,0.21,0,0,99,1,0,25,False,True,0,0,53,38,28,3.87,AI is off,AI is off,AI is off,AI is off,Not paired,AI is off,0,0,0
652000,5.2,0,1,0.31,0.21,0,0,99,1,0,25,False,True,0,0,52,40,29,3.87,AI is off,AI is off,AI is off,AI is off,Not paired,AI is off,0,0,0
654000,5.2,0,1,0.32,0.21,0,0,99,1,0,25,False,True,0,0,54,41,29,3.87,AI is off,AI is off,AI is off,AI is off,Not paired,AI is off,0,0,0
656000,5,0,1,0.31,0.21,0,0,99,1,0,25,False,True,0,0,52,39,28,3.87,AI is off,AI is off,AI is off,AI is off,Not paired,AI is off,0,0,0
658000,5,0,1,0.31,0.21,0,0,99,1,0,25,False,True,0,0,51,39,26,3.87,AI is off,AI is off,AI is off,AI is off,Not paired,AI is off,0,0,0
660000,5.1,0,1,0.31,0.21,0,0,99,1,0,25,False,True,0,0,53,40,28,3.87,AI is off,AI is off,AI is off,AI is off,Not paired,AI is off,0,0,0
662000,4.9,0,1,0.31,0.21,0,0,99,1,0,25,False,True,0,0,53,41,29,3.87,AI is off,AI is off,AI is off,AI is off,Not paired,AI is off,0,0,0
664000,5,0,1,0.31,0.21,0,0,99,1,0,25,False,True,0,0,52,40,27,3.87,AI is off,AI is off,AI is off,AI is off,Not paired,AI is off,0,0,0
666000,5,0,1,0.31,0.21,0,0,99,1,0,25,False,True,0,0,52,40,28,3.87,AI is off,AI is off,AI is off,AI is off,Not paired,AI is off,0,0,0
668000,4.6,0,1,0.31,0.21,0,0,99,1,0,25,False,True,0,0,56,42,31,3.87,AI is off,AI is off,AI is off,AI is off,Not paired,AI is off,0,0,0
670000,4.6,0,1,0.3,0.21,0,0,99,1,0,25,False,True,0,0,54,40,29,3.87,AI is off,AI is off,AI is off,AI is off,Not paired,AI is off,0,0,0
672000,4.7,0,1,0.3,0.21,0,0,99,1,0,25,False,True,0,0,66,50,37,3.87,AI is off,AI is off,AI is off,AI is off,Not paired,AI is off,0,0,0
674000,4.8,0,1,0.31,0.21,0,0,99,1,0,25,False,True,0,0,56,42,30,3.87,AI is off,AI is off,AI is off,AI is off,Not paired,AI is off,0,0,0
676000,4.5,0,1,0.31,0.21,0,0,99,1,0,25,False,True,0,0,54,39,27,3.87,AI is off,AI is off,AI is off,AI is off,Not paired,AI is off,0,0,0
678000,4.4,0,1,0.3,0.21,0,0,99,1,0,25,False,True,0,0,54,40,29,3.87,AI is off,AI is off,AI is off,AI is off,Not paired,AI is off,0,0,0
680000,4.9,0,1,0.3,0.21,0,0,99,1,0,25,False,True,0,0,52,40,29,3.87,AI is off,AI is off,AI is off,AI is off,Not paired,AI is off,0,0,0
682000,5.1,0,1,0.31,0.21,0,0,99,1,0,25,False,True,0,0,54,41,30,3.87,AI is off,AI is off,AI is off,AI is off,Not paired,AI is off,0,0,0
684000,4.9,0,1,0.31,0.21,0,0,99,1,0,25,False,True,0,0,51,39,27,3.87,AI is off,AI is off,AI is off,AI is off,Not paired,AI is off,0,0,0
686000,5,0,1,0.31,0.21,0,0,99,1,0,25,False,True,0,0,51,39,27,3.87,AI is off,AI is off,AI is off,AI is off,Not paired,AI is off,0,0,0
688000,5.2,0,1,0.31,0.21,0,0,99,1,0,25,False,True,0,0,52,40,28,3.87,AI is off,AI is off,AI is off,AI is off,Not paired,AI is off,0,0,0
690000,5.2,0,1,0.32,0.21,0,0,99,1,0,25,False,True,0,0,52,40,29,3.87,AI is off,AI is off,AI is off,AI is off,Not paired,AI is off,0,0,0
692000,5,0,1,0.31,0.21,0,0,99,1,0,25,False,True,0,0,52,40,29,3.87,AI is off,AI is off,AI is off,AI is off,Not paired,AI is off,0,0,0
694000,5.2,0,1,0.31,0.21,0,0,99,1,0,25,False,True,0,0,52,40,28,3.87,AI is off,AI is off,AI is off,AI is off,Not paired,AI is off,0,0,0
696000,5.1,0,1,0.32,0.21,0,0,99,1,0,25,False,True,0,0,53,39,29,3.87,AI is off,AI is off,AI is off,AI is off,Not paired,AI is off,0,0,0
698000,5,0,1,0.31,0.21,0,0,99,1,0,25,False,True,0,0,53,40,28,3.87,AI is off,AI is off,AI is off,AI is off,Not paired,AI is off,0,0,0
700000,5,0,1,0.31,0.21,0,0,99,1,0,25,False,True,0,0,52,37,27,3.87,AI is off,AI is off,AI is off,AI is off,Not paired,AI is off,0,0,0
702000,5,0,1,0.31,0.21,0,0,99,1,0,25,False,True,0,0,53,40,28,3.87,AI is off,AI is off,AI is off,AI is off,Not paired,AI is off,0,0,0
704000,4.9,0,1,0.31,0.21,0,0,99,1,0,25,False,True,0,0,54,38,28,3.87,AI is off,AI is off,AI is off,AI is off,Not paired,AI is off,0,0,0
706000,5,0,1,0.31,0.21,0,0,99,1,0,25,False,True,0,0,53,38,27,3.87,AI is off,AI is off,AI is off,AI is off,Not paired,AI is off,0,0,0
708000,5.3,0,1,0.32,0.21,0,0,99,1,0,25,False,True,0,0,53,41,29,3.87,AI is off,AI is off,AI is off,AI is off,Not paired,AI is off,0,0,0
710000,5,0,1,0.31,0.21,0,0,99,1,0,25,False,True,0,0,55,42,30,3.87,AI is off,AI is off,AI is off,AI is off,Not paired,AI is off,0,0,0
712000,5,0,1,0.31,0.21,0,0,99,1,0,25,False,True,0,0,53,40,29,3.87,AI is off,AI is off,AI is off,AI is off,Not paired,AI is off,0,0,0
714000,4.9,0,1,0.31,0.21,0,0,99,1,0,25,False,True,0,0,52,40,28,3.87,AI is off,AI is off,AI is off,AI is off,Not paired,AI is off,0,0,0
716000,4.6,0,1,0.31,0.21,0,0,99,1,0,25,False,True,0,0,53,40,29,3.87,AI is off,AI is off,AI is off,AI is off,Not paired,AI is off,0,0,0
718000,4.4,0,1,0.3,0.21,0,0,99,1,0,25,False,True,0,0,52,37,28,3.87,AI is off,AI is off,AI is off,AI is off,Not paired,AI is off,0,0,0
720000,4.2,0,1,0.3,0.21,0,0,99,1,0,25,False,True,0,0,57,43,31,3.87,AI is off,AI is off,AI is off,AI is off,Not paired,AI is off,0,0,0
722000,4.3,0,1,0.3,0.21,0,0,99,1,0,25,False,True,0,0,53,41,30,3.87,AI is off,AI is off,AI is off,AI is off,Not paired,AI is off,0,0,0
724000,4.2,0,1,0.3,0.21,0,0,99,1,0,25,False,True,0,0,59,44,32,3.87,AI is off,AI is off,AI is off,AI is off,Not paired,AI is off,0,0,0
726000,4.2,0,1,0.3,0.21,0,0,99,1,0,25,False,True,0,0,58,45,32,3.87,AI is off,AI is off,AI is off,AI is off,Not paired,AI is off,0,0,0
728000,4.3,0,1,0.3,0.21,0,0,99,1,0,25,False,True,0,0,57,44,33,3.87,AI is off,AI is off,AI is off,AI is off,Not paired,AI is off,0,0,0
730000,4.2,0,1,0.3,0.21,0,0,99,1,0,25,False,True,0,0,63,49,36,3.87,AI is off,AI is off,AI is off,AI is off,Not paired,AI is off,0,0,0
732000,4.1,0,1,0.3,0.21,0,0,99,1,0,25,False,True,0,0,62,46,35,3.87,AI is off,AI is off,AI is off,AI is off,Not paired,AI is off,0,0,0
734000,4,0,1,0.29,0.21,0,0,99,1,0,25,False,True,0,0,53,41,30,3.87,AI is off,AI is off,AI is off,AI is off,Not paired,AI is off,0,0,0
736000,4,0,1,0.29,0.21,0,0,99,1,0,25,False,True,0,0,53,40,30,3.87,AI is off,AI is off,AI is off,AI is off,Not paired,AI is off,0,0,0
738000,3.9,0,1,0.29,0.21,0,0,99,1,0,25,False,True,0,0,51,39,27,3.87,AI is off,AI is off,AI is off,AI is off,Not paired,AI is off,0,0,0
740000,3.8,0,1,0.29,0.21,0,0,99,1,0,25,False,True,0,0,52,39,27,3.87,AI is off,AI is off,AI is off,AI is off,Not paired,AI is off,0,0,0
742000,3.7,0,1,0.28,0.21,0,0,99,1,0,25,False,True,0,0,51,40,28,3.87,AI is off,AI is off,AI is off,AI is off,Not paired,AI is off,0,0,0
744000,3.8,0,1,0.29,0.21,0,0,99,1,0,25,False,True,0,0,52,40,29,3.87,AI is off,AI is off,AI is off,AI is off,Not paired,AI is off,0,0,0
746000,3.9,0,1,0.29,0.21,0,0,99,1,0,25,False,True,0,0,54,41,29,3.87,AI is off,AI is off,AI is off,AI is off,Not paired,AI is off,0,0,0
748000,3.9,0,1,0.29,0.21,0,0,99,1,0,25,False,True,0,0,53,40,29,3.87,AI is off,AI is off,AI is off,AI is off,Not paired,AI is off,0,0,0
750000,4.1,0,1,0.29,0.21,0,0,99,1,0,25,False,True,0,0,53,41,30,3.87,AI is off,AI is off,AI is off,AI is off,Not paired,AI is off,0,0,0
752000,4.2,0,1,0.3,0.21,0,0,99,1,0,25,False,True,0,0,52,41,30,3.87,AI is off,AI is off,AI is off,AI is off,Not paired,AI is off,0,0,0
754000,4.2,0,1,0.29,0.21,0,0,99,1,0,25,False,True,0,0,52,40,28,3.87,AI is off,AI is off,AI is off,AI is off,Not paired,AI is off,0,0,0
756000,4.1,0,1,0.29,0.21,0,0,99,1,0,25,False,True,0,0,53,41,30,3.87,AI is off,AI is off,AI is off,AI is off,Not paired,AI is off,0,0,0
758000,4.2,0,1,0.3,0.21,0,0,99,1,0,25,False,True,0,0,52,40,27,3.87,AI is off,AI is off,AI is off,AI is off,Not paired,AI is off,0,0,0
760000,4.2,0,1,0.3,0.21,0,0,99,1,0,25,False,True,0,0,53,40,29,3.87,AI is off,AI is off,AI is off,AI is off,Not paired,AI is off,0,0,0
762000,4,0,1,0.29,0.21,0,0,99,1,0,25,False,True,0,0,52,40,28,3.87,AI is off,AI is off,AI is off,AI is off,Not paired,AI is off,0,0,0
764000,3.9,0,1,0.29,0.21,0,0,99,1,0,25,False,True,0,0,52,39,27,3.87,AI is off,AI is off,AI is off,AI is off,Not paired,AI is off,0,0,0
766000,3.7,0,1,0.29,0.21,0,0,99,1,0,25,False,True,0,0,52,39,27,3.87,AI is off,AI is off,AI is off,AI is off,Not paired,AI is off,0,0,0
768000,3.6,0,1,0.28,0.21,0,0,99,1,0,25,False,True,0,0,53,40,29,3.87,AI is off,AI is off,AI is off,AI is off,Not paired,AI is off,0,0,0
770000,3.5,0,1,0.28,0.21,0,0,99,1,0,25,False,True,0,0,55,41,30,3.87,AI is off,AI is off,AI is off,AI is off,Not paired,AI is off,0,0,0
772000,3.2,0,1,0.28,0.21,0,0,99,1,0,25,False,True,0,0,55,39,28,3.87,AI is off,AI is off,AI is off,AI is off,Not paired,AI is off,0,0,0
774000,3.2,0,1,0.27,0.21,0,0,99,1,0,25,False,True,0,0,60,45,33,3.87,AI is off,AI is off,AI is off,AI is off,Not paired,AI is off,0,0,0
776000,3.3,0,1,0.28,0.21,0,0,99,1,0,25,False,True,0,0,52,38,28,3.87,AI is off,AI is off,AI is off,AI is off,Not paired,AI is off,0,0,0
778000,3.4,0,1,0.28,0.21,0,0,99,1,0,25,False,True,0,0,53,40,30,3.87,AI is off,AI is off,AI is off,AI is off,Not paired,AI is off,0,0,0
780000,3.5,0,1,0.28,0.21,0,0,99,1,0,25,False,True,0,0,52,41,30,3.87,AI is off,AI is off,AI is off,AI is off,Not paired,AI is off,0,0,0
782000,3.6,0,1,0.28,0.21,0,0,99,1,0,25,False,True,0,0,53,38,28,3.87,AI is off,AI is off,AI is off,AI is off,Not paired,AI is off,0,0,0
784000,3.7,0,1,0.28,0.21,0,0,99,1,0,25,False,True,0,0,60,47,34,3.87,AI is off,AI is off,AI is off,AI is off,Not paired,AI is off,0,0,0
786000,3.6,0,1,0.28,0.21,0,0,99,1,0,25,False,True,0,0,70,53,39,3.87,AI is off,AI is off,AI is off,AI is off,Not paired,AI is off,0,0,0
788000,3.6,0,1,0.28,0.21,0,0,99,1,0,25,False,True,0,0,61,47,35,3.87,AI is off,AI is off,AI is off,AI is off,Not paired,AI is off,0,0,0
790000,3.6,0,1,0.28,0.21,0,0,99,1,0,25,False,True,0,0,68,52,38,3.87,AI is off,AI is off,AI is off,AI is off,Not paired,AI is off,0,0,0
792000,3.7,0,1,0.29,0.21,0,0,99,1,0,25,False,True,0,0,60,44,33,3.87,AI is off,AI is off,AI is off,AI is off,Not paired,AI is off,0,0,0
794000,3.9,0,1,0.29,0.21,0,0,99,1,0,25,False,True,0,0,62,48,36,3.87,AI is off,AI is off,AI is off,AI is off,Not paired,AI is off,0,0,0
796000,4.3,0,1,0.3,0.21,0,0,99,1,0,25,False,True,0,0,52,40,28,3.87,AI is off,AI is off,AI is off,AI is off,Not paired,AI is off,0,0,0
798000,4.5,0,1,0.3,0.21,0,0,99,1,0,25,False,True,0,0,53,40,30,3.87,AI is off,AI is off,AI is off,AI is off,Not paired,AI is off,0,0,0
800000,4.5,0,1,0.3,0.21,0,0,99,1,0,25,False,True,0,0,52,40,28,3.87,AI is off,AI is off,AI is off,AI is off,Not paired,AI is off,0,0,0
802000,4.5,0,1,0.3,0.21,0,0,99,1,0,25,False,True,0,0,52,39,28,3.87,AI is off,AI is off,AI is off,AI is off,Not paired,AI is off,0,0,0
804000,4.3,0,1,0.3,0.21,0,0,99,1,0,25,False,True,0,0,54,41,31,3.87,AI is off,AI is off,AI is off,AI is off,Not paired,AI is off,0,0,0
806000,4.3,0,1,0.3,0.21,0,0,99,1,0,25,False,True,0,0,53,40,28,3.87,AI is off,AI is off,AI is off,AI is off,Not paired,AI is off,0,0,0
808000,4.1,0,1,0.29,0.21,0,0,99,1,0,25,False,True,0,0,54,39,30,3.87,AI is off,AI is off,AI is off,AI is off,Not paired,AI is off,0,0,0
810000,4,0,1,0.29,0.21,0,0,99,1,0,25,False,True,0,0,54,40,29,3.87,AI is off,AI is off,AI is off,AI is off,Not paired,AI is off,0,0,0
812000,3.9,0,1,0.29,0.21,0,0,99,1,0,25,False,True,0,0,55,41,30,3.87,AI is off,AI is off,AI is off,AI is off,Not paired,AI is off,0,0,0
814000,3.9,0,1,0.29,0.21,0,0,99,1,0,25,False,True,0,0,55,41,29,3.87,AI is off,AI is off,AI is off,AI is off,Not paired,AI is off,0,0,0
816000,4.1,0,1,0.29,0.21,0,0,99,1,0,25,False,True,0,0,55,41,31,3.87,AI is off,AI is off,AI is off,AI is off,Not paired,AI is off,0,0,0
818000,4.1,0,1,0.29,0.21,0,0,99,1,0,25,False,True,0,0,54,40,28,3.87,AI is off,AI is off,AI is off,AI is off,Not paired,AI is off,0,0,0
820000,4.1,0,1,0.29,0.21,0,0,99,1,0,25,False,True,0,0,56,42,31,3.87,AI is off,AI is off,AI is off,AI is off,Not paired,AI is off,0,0,0
822000,4.2,0,1,0.3,0.21,0,0,99,1,0,25,False,True,0,0,55,41,30,3.87,AI is off,AI is off,AI is off,AI is off,Not paired,AI is off,0,0,0
824000,4.1,0,1,0.29,0.21,0,0,99,1,0,25,False,True,0,0,55,41,30,3.87,AI is off,AI is off,AI is off,AI is off,Not paired,AI is off,0,0,0
826000,4,0,1,0.29,0.21,0,0,99,1,0,25,False,True,0,0,57,42,32,3.87,AI is off,AI is off,AI is off,AI is off,Not paired,AI is off,0,0,0
828000,4.2,0,1,0.3,0.21,0,0,99,1,0,25,False,True,0,0,53,39,27,3.87,AI is off,AI is off,AI is off,AI is off,Not paired,AI is off,0,0,0
830000,4.2,0,1,0.3,0.21,0,0,99,1,0,25,False,True,0,0,56,41,30,3.87,AI is off,AI is off,AI is off,AI is off,Not paired,AI is off,0,0,0
832000,4.2,0,1,0.29,0.21,0,0,99,1,0,25,False,True,0,0,59,44,32,3.87,AI is off,AI is off,AI is off,AI is off,Not paired,AI is off,0,0,0
834000,4.1,0,1,0.29,0.21,0,0,99,1,0,25,False,True,0,0,56,42,31,3.87,AI is off,AI is off,AI is off,AI is off,Not paired,AI is off,0,0,0
836000,4.1,0,1,0.29,0.21,0,0,99,1,0,25,False,True,0,0,57,42,31,3.87,AI is off,AI is off,AI is off,AI is off,Not paired,AI is off,0,0,0
838000,3.9,0,1,0.29,0.21,0,0,99,1,0,25,False,True,0,0,56,41,29,3.87,AI is off,AI is off,AI is off,AI is off,Not paired,AI is off,0,0,0
840000,3.9,0,1,0.29,0.21,0,0,99,1,0,25,False,True,0,0,56,42,31,3.87,AI is off,AI is off,AI is off,AI is off,Not paired,AI is off,0,0,0
842000,3.8,0,1,0.29,0.21,0,0,99,1,0,25,False,True,0,0,58,44,32,3.87,AI is off,AI is off,AI is off,AI is off,Not paired,AI is off,0,0,0
844000,4,0,1,0.29,0.21,0,0,99,1,0,25,False,True,0,0,61,46,34,3.87,AI is off,AI is off,AI is off,AI is off,Not paired,AI is off,0,0,0
846000,4,0,1,0.29,0.21,0,0,99,1,0,25,False,True,0,0,55,40,29,3.87,AI is off,AI is off,AI is off,AI is off,Not paired,AI is off,0,0,0
848000,4.3,0,1,0.3,0.21,0,0,99,1,0,25,False,True,0,0,60,44,33,3.87,AI is off,AI is off,AI is off,AI is off,Not paired,AI is off,0,0,0
850000,4.2,0,1,0.3,0.21,0,0,99,1,0,25,False,True,0,0,62,48,34,3.87,AI is off,AI is off,AI is off,AI is off,Not paired,AI is off,0,0,0
852000,4.3,0,1,0.3,0.21,0,0,99,1,0,25,False,True,0,0,59,43,31,3.87,AI is off,AI is off,AI is off,AI is off,Not paired,AI is off,0,0,0
854000,4.3,0,1,0.3,0.21,0,0,99,1,0,25,False,True,0,0,55,40,29,3.87,AI is off,AI is off,AI is off,AI is off,Not paired,AI is off,0,0,0
856000,4.1,0,1,0.29,0.21,0,0,99,1,0,24,False,True,0,0,56,42,30,3.87,AI is off,AI is off,AI is off,AI is off,Not paired,AI is off,0,0,0
858000,4.1,0,1,0.29,0.21,0,0,99,1,0,24,False,True,0,0,55,39,29,3.87,AI is off,AI is off,AI is off,AI is off,Not paired,AI is off,0,0,0
860000,4.1,0,1,0.29,0.21,0,0,99,1,0,24,False,True,0,0,52,40,28,3.87,AI is off,AI is off,AI is off,AI is off,Not paired,AI is off,0,0,0
862000,3.8,0,1,0.29,0.21,0,0,99,1,0,24,False,True,0,0,53,39,29,3.87,AI is off,AI is off,AI is off,AI is off,Not paired,AI is off,0,0,0
864000,3.9,0,1,0.29,0.21,0,0,99,1,0,25,False,True,0,0,53,39,29,3.87,AI is off,AI is off,AI is off,AI is off,Not paired,AI is off,0,0,0
866000,4.1,0,1,0.29,0.21,0,0,99,1,0,25,False,True,0,0,51,39,28,3.87,AI is off,AI is off,AI is off,AI is off,Not paired,AI is off,0,0,0
868000,3.8,0,1,0.29,0.21,0,0,99,1,0,25,False,True,0,0,60,44,32,3.87,AI is off,AI is off,AI is off,AI is off,Not paired,AI is off,0,0,0
870000,3.8,0,1,0.29,0.21,0,0,99,1,0,25,False,True,0,0,51,39,28,3.87,AI is off,AI is off,AI is off,AI is off,Not paired,AI is off,0,0,0
872000,3.9,0,1,0.29,0.21,0,0,99,1,0,25,False,True,0,0,53,38,29,3.87,AI is off,AI is off,AI is off,AI is off,Not paired,AI is off,0,0,0
874000,4.2,0,1,0.3,0.21,0,0,99,1,0,25,False,True,0,0,53,40,28,3.87,AI is off,AI is off,AI is off,AI is off,Not paired,AI is off,0,0,0
876000,4.2,0,1,0.3,0.21,0,0,99,1,0,25,False,True,0,0,56,41,30,3.87,AI is off,AI is off,AI is off,AI is off,Not paired,AI is off,0,0,0
878000,4.1,0,1,0.29,0.21,0,0,99,1,0,25,False,True,0,0,64,49,35,3.87,AI is off,AI is off,AI is off,AI is off,Not paired,AI is off,0,0,0
880000,4.3,0,1,0.3,0.21,0,0,99,1,0,25,False,True,0,0,69,53,39,3.87,AI is off,AI is off,AI is off,AI is off,Not paired,AI is off,0,0,0
882000,4.3,0,1,0.3,0.21,0,0,99,1,0,25,False,True,0,0,59,44,33,3.87,AI is off,AI is off,AI is off,AI is off,Not paired,AI is off,0,0,0
884000,4.5,0,1,0.3,0.21,0,0,99,1,0,25,False,True,0,0,58,42,32,3.87,AI is off,AI is off,AI is off,AI is off,Not paired,AI is off,0,0,0
886000,4.6,0,1,0.3,0.21,0,0,99,1,0,25,False,True,0,0,58,43,31,3.86,AI is off,AI is off,AI is off,AI is off,Not paired,AI is off,0,0,0
888000,4.8,0,1,0.31,0.21,0,0,99,1,0,25,False,True,0,0,54,39,28,3.87,AI is off,AI is off,AI is off,AI is off,Not paired,AI is off,0,0,0
890000,4.6,0,1,0.3,0.21,0,0,99,1,0,25,False,True,0,0,58,44,32,3.87,AI is off,AI is off,AI is off,AI is off,Not paired,AI is off,0,0,0
892000,4.4,0,1,0.3,0.21,0,0,99,1,0,25,False,True,0,0,54,39,29,3.87,AI is off,AI is off,AI is off,AI is off,Not paired,AI is off,0,0,0
894000,4.2,0,1,0.3,0.21,0,0,99,1,0,25,False,True,0,0,54,39,29,3.87,AI is off,AI is off,AI is off,AI is off,Not paired,AI is off,0,0,0
896000,4.6,0,1,0.3,0.21,0,0,99,1,0,25,False,True,0,0,51,38,27,3.87,AI is off,AI is off,AI is off,AI is off,Not paired,AI is off,0,0,0
898000,4.7,0,1,0.31,0.21,0,0,99,1,0,25,False,True,0,0,51,39,27,3.87,AI is off,AI is off,AI is off,AI is off,Not paired,AI is off,0,0,0
900000,4.8,0,1,0.31,0.21,0,0,99,1,0,25,False,True,0,0,53,40,28,3.87,AI is off,AI is off,AI is off,AI is off,Not paired,AI is off,0,0,0
902000,4.8,0,1,0.31,0.21,0,0,99,1,0,24,False,True,0,0,52,40,28,3.87,AI is off,AI is off,AI is off,AI is off,Not paired,AI is off,0,0,0
904000,4.7,0,1,0.31,0.21,0,0,99,1,0,24,False,True,0,0,51,38,26,3.86,AI is off,AI is off,AI is off,AI is off,Not paired,AI is off,0,0,0
906000,4.7,0,1,0.31,0.21,0,0,99,1,0,24,False,True,0,0,53,41,30,3.87,AI is off,AI is off,AI is off,AI is off,Not paired,AI is off,0,0,0
908000,4.8,0,1,0.31,0.21,0,0,99,1,0,24,False,True,0,0,51,39,27,3.87,AI is off,AI is off,AI is off,AI is off,Not paired,AI is off,0,0,0
910000,4.7,0,1,0.31,0.21,0,0,99,1,0,24,False,True,0,0,54,40,28,3.87,AI is off,AI is off,AI is off,AI is off,Not paired,AI is off,0,0,0
912000,4.8,0,1,0.31,0.21,0,0,99,1,0,24,False,True,0,0,56,42,32,3.87,AI is off,AI is off,AI is off,AI is off,Not paired,AI is off,0,0,0
914000,4.9,0,1,0.31,0.21,0,0,99,1,0,24,False,True,0,0,54,39,28,3.87,AI is off,AI is off,AI is off,AI is off,Not paired,AI is off,0,0,0
916000,4.9,0,1,0.31,0.21,0,0,99,1,0,24,False,True,0,0,54,41,30,3.86,AI is off,AI is off,AI is off,AI is off,Not paired,AI is off,0,0,0
918000,4.8,0,1,0.31,0.21,0,0,99,1,0,24,False,True,0,0,56,44,31,3.87,AI is off,AI is off,AI is off,AI is off,Not paired,AI is off,0,0,0
920000,4.9,0,1,0.31,0.21,0,0,99,1,0,24,False,True,0,0,58,44,32,3.87,AI is off,AI is off,AI is off,AI is off,Not paired,AI is off,0,0,0
922000,4.9,0,1,0.31,0.21,0,0,99,1,0,24,False,True,0,0,58,44,33,3.87,AI is off,AI is off,AI is off,AI is off,Not paired,AI is off,0,0,0
924000,4.7,0,1,0.31,0.21,0,0,99,1,0,24,False,True,0,0,56,43,32,3.87,AI is off,AI is off,AI is off,AI is off,Not paired,AI is off,0,0,0
926000,4.9,0,1,0.31,0.21,0,0,99,1,0,24,False,True,0,0,53,39,29,3.87,AI is off,AI is off,AI is off,AI is off,Not paired,AI is off,0,0,0
928000,4.9,0,1,0.31,0.21,0,0,99,1,0,24,False,True,0,0,53,40,28,3.87,AI is off,AI is off,AI is off,AI is off,Not paired,AI is off,0,0,0
930000,4.9,0,1,0.31,0.21,0,0,99,1,0,24,False,True,0,0,52,41,30,3.87,AI is off,AI is off,AI is off,AI is off,Not paired,AI is off,0,0,0
932000,5,0,1,0.31,0.21,0,0,99,1,0,24,False,True,0,0,53,40,28,3.87,AI is off,AI is off,AI is off,AI is off,Not paired,AI is off,0,0,0
934000,4.9,0,1,0.31,0.21,0,0,99,1,0,24,False,True,0,0,52,39,27,3.87,AI is off,AI is off,AI is off,AI is off,Not paired,AI is off,0,0,0
936000,4.9,0,1,0.31,0.21,0,0,99,1,0,24,False,True,0,0,52,39,27,3.87,AI is off,AI is off,AI is off,AI is off,Not paired,AI is off,0,0,0
938000,4.9,0,1,0.31,0.21,0,0,99,1,0,24,False,True,0,0,52,40,28,3.87,AI is off,AI is off,AI is off,AI is off,Not paired,AI is off,0,0,0
940000,4.9,0,1,0.31,0.21,0,0,99,1,0,24,False,True,0,0,52,40,28,3.87,AI is off,AI is off,AI is off,AI is off,Not paired,AI is off,0,0,0
942000,5,0,1,0.31,0.21,0,0,99,1,0,24,False,True,0,0,52,40,29,3.86,AI is off,AI is off,AI is off,AI is off,Not paired,AI is off,0,0,0
944000,5,0,1,0.31,0.21,0,0,99,1,0,24,False,True,0,0,53,40,28,3.86,AI is off,AI is off,AI is off,AI is off,Not paired,AI is off,0,0,0
946000,4.9,0,1,0.31,0.21,0,0,99,1,0,24,False,True,0,0,52,41,30,3.86,AI is off,AI is off,AI is off,AI is off,Not paired,AI is off,0,0,0
948000,5,0,1,0.31,0.21,0,0,99,1,0,24,False,True,0,0,53,40,29,3.86,AI is off,AI is off,AI is off,AI is off,Not paired,AI is off,0,0,0
950000,5.1,0,1,0.31,0.21,0,0,99,1,0,24,False,True,0,0,54,41,29,3.86,AI is off,AI is off,AI is off,AI is off,Not paired,AI is off,0,0,0
952000,4.8,0,1,0.31,0.21,0,0,99,1,0,24,False,True,0,0,53,40,28,3.86,AI is off,AI is off,AI is off,AI is off,Not paired,AI is off,0,0,0
954000,4.7,0,1,0.31,0.21,0,0,99,1,0,24,False,True,0,0,53,41,30,3.86,AI is off,AI is off,AI is off,AI is off,Not paired,AI is off,0,0,0
956000,5,0,1,0.31,0.21,0,0,99,1,0,24,False,True,0,0,54,42,30,3.86,AI is off,AI is off,AI is off,AI is off,Not paired,AI is off,0,0,0
958000,4.7,0,1,0.31,0.21,0,0,99,1,0,24,False,True,0,0,54,40,29,3.86,AI is off,AI is off,AI is off,AI is off,Not paired,AI is off,0,0,0
960000,4.5,0,1,0.3,0.21,0,0,99,1,0,24,False,True,0,0,52,39,27,3.86,AI is off,AI is off,AI is off,AI is off,Not paired,AI is off,0,0,0
962000,4.7,0,1,0.3,0.21,0,0,99,1,0,24,False,True,0,0,52,40,28,3.86,AI is off,AI is off,AI is off,AI is off,Not paired,AI is off,0,0,0
964000,4.9,0,1,0.31,0.21,0,0,99,1,0,24,False,True,0,0,53,41,30,3.86,AI is off,AI is off,AI is off,AI is off,Not paired,AI is off,0,0,0
966000,4.8,0,1,0.31,0.21,0,0,99,1,0,24,False,True,0,0,53,40,28,3.86,AI is off,AI is off,AI is off,AI is off,Not paired,AI is off,0,0,0
968000,4.5,0,1,0.3,0.21,0,0,99,1,0,24,False,True,0,0,52,40,28,3.86,AI is off,AI is off,AI is off,AI is off,Not paired,AI is off,0,0,0
970000,4.5,0,1,0.3,0.21,0,0,99,1,0,24,False,True,0,0,53,41,29,3.87,AI is off,AI is off,AI is off,AI is off,Not paired,AI is off,0,0,0
972000,4.6,0,1,0.3,0.21,0,0,99,1,0,24,False,True,0,0,53,38,28,3.87,AI is off,AI is off,AI is off,AI is off,Not paired,AI is off,0,0,0
974000,4.7,0,1,0.31,0.21,0,0,99,1,0,24,False,True,0,0,53,41,30,3.86,AI is off,AI is off,AI is off,AI is off,Not paired,AI is off,0,0,0
976000,4.6,0,1,0.3,0.21,0,0,99,1,0,24,False,True,0,0,53,40,28,3.86,AI is off,AI is off,AI is off,AI is off,Not paired,AI is off,0,0,0
978000,4.9,0,1,0.31,0.21,0,0,99,1,0,24,False,True,0,0,52,40,28,3.86,AI is off,AI is off,AI is off,AI is off,Not paired,AI is off,0,0,0
980000,5.1,0,1,0.31,0.21,0,0,99,1,0,24,False,True,0,0,54,41,29,3.86,AI is off,AI is off,AI is off,AI is off,Not paired,AI is off,0,0,0
982000,4.7,0,1,0.31,0.21,0,0,99,1,0,24,False,True,0,0,52,40,29,3.86,AI is off,AI is off,AI is off,AI is off,Not paired,AI is off,0,0,0
984000,4.3,0,1,0.3,0.21,0,0,99,1,0,24,False,True,0,0,50,38,26,3.86,AI is off,AI is off,AI is off,AI is off,Not paired,AI is off,0,0,0
986000,4.7,0,1,0.3,0.21,0,0,99,1,0,24,False,True,0,0,51,38,26,3.86,AI is off,AI is off,AI is off,AI is off,Not paired,AI is off,0,0,0
988000,4.6,0,1,0.3,0.21,0,0,99,1,0,24,False,True,0,0,53,40,29,3.86,AI is off,AI is off,AI is off,AI is off,Not paired,AI is off,0,0,0
990000,4.3,0,1,0.3,0.21,0,0,99,1,0,24,False,True,0,0,53,41,30,3.86,AI is off,AI is off,AI is off,AI is off,Not paired,AI is off,0,0,0
992000,4,0,1,0.29,0.21,0,0,99,1,0,24,False,True,0,0,54,40,29,3.86,AI is off,AI is off,AI is off,AI is off,Not paired,AI is off,0,0,0
994000,3.5,0,1,0.28,0.21,0,0,99,1,0,24,False,True,0,0,53,39,29,3.86,AI is off,AI is off,AI is off,AI is off,Not paired,AI is off,0,0,0
996000,3.9,0,1,0.29,0.21,0,0,99,1,0,24,False,True,0,0,51,39,26,3.86,AI is off,AI is off,AI is off,AI is off,Not paired,AI is off,0,0,0
998000,4.2,0,1,0.29,0.21,0,0,99,1,0,24,False,True,0,0,52,41,29,3.86,AI is off,AI is off,AI is off,AI is off,Not paired,AI is off,0,0,0
1000000,4.3,0,1,0.3,0.21,0,0,99,1,0,24,False,True,0,0,52,39,28,3.86,AI is off,AI is off,AI is off,AI is off,Not paired,AI is off,0,0,0
1002000,4.3,0,1,0.3,0.21,0,0,99,1,0,24,False,True,0,0,53,40,28,3.86,AI is off,AI is off,AI is off,AI is off,Not paired,AI is off,0,0,0
1004000,4.2,0,1,0.3,0.21,0,0,99,1,0,24,False,True,0,0,55,40,29,3.86,AI is off,AI is off,AI is off,AI is off,Not paired,AI is off,0,0,0
1006000,4.1,0,1,0.29,0.21,0,0,99,1,0,24,False,True,0,0,53,41,30,3.86,AI is off,AI is off,AI is off,AI is off,Not paired,AI is off,0,0,0
1008000,4.1,0,1,0.29,0.21,0,0,99,1,0,24,False,True,0,0,53,41,31,3.86,AI is off,AI is off,AI is off,AI is off,Not paired,AI is off,0,0,0
1010000,4.4,0,1,0.3,0.21,0,0,99,1,0,24,False,True,0,0,54,41,30,3.86,AI is off,AI is off,AI is off,AI is off,Not paired,AI is off,0,0,0
1012000,4.6,0,1,0.31,0.21,0,0,99,1,0,24,False,True,0,0,51,38,27,3.86,AI is off,AI is off,AI is off,AI is off,Not paired,AI is off,0,0,0
1014000,4.6,0,1,0.31,0.21,0,0,99,1,0,24,False,True,0,0,53,41,29,3.86,AI is off,AI is off,AI is off,AI is off,Not paired,AI is off,0,0,0
1016000,4.4,0,1,0.3,0.21,0,0,99,1,0,24,False,True,0,0,59,44,33,3.86,AI is off,AI is off,AI is off,AI is off,Not paired,AI is off,0,0,0
1018000,4.6,0,1,0.3,0.21,0,0,99,1,0,24,False,True,0,0,54,42,30,3.86,AI is off,AI is off,AI is off,AI is off,Not paired,AI is off,0,0,0
1020000,5,0,1,0.31,0.21,0,0,99,1,0,24,False,True,0,0,53,40,28,3.86,AI is off,AI is off,AI is off,AI is off,Not paired,AI is off,0,0,0
1022000,5.3,0,1,0.32,0.21,0,0,99,1,0,24,False,True,0,0,53,40,29,3.86,AI is off,AI is off,AI is off,AI is off,Not paired,AI is off,0,0,0
1024000,5.2,0,1,0.32,0.21,0,0,99,1,0,24,False,True,0,0,68,51,40,3.86,AI is off,AI is off,AI is off,AI is off,Not paired,AI is off,0,0,0
1026000,5.1,0,1,0.31,0.21,0,0,99,1,0,24,False,True,0,0,53,41,29,3.86,AI is off,AI is off,AI is off,AI is off,Not paired,AI is off,0,0,0
1028000,5,0,1,0.31,0.21,0,0,99,1,0,24,False,True,0,0,53,40,29,3.86,AI is off,AI is off,AI is off,AI is off,Not paired,AI is off,0,0,0
1030000,5.1,0,1,0.31,0.21,0,0,99,1,0,24,False,True,0,0,53,40,29,3.86,AI is off,AI is off,AI is off,AI is off,Not paired,AI is off,0,0,0
1032000,4.9,0,1,0.31,0.21,0,0,99,1,0,24,False,True,0,0,53,41,29,3.86,AI is off,AI is off,AI is off,AI is off,Not paired,AI is off,0,0,0
1034000,5.1,0,1,0.31,0.21,0,0,99,1,0,24,False,True,0,0,51,38,25,3.86,AI is off,AI is off,AI is off,AI is off,Not paired,AI is off,0,0,0
1036000,5.3,0,1,0.32,0.21,0,0,99,1,0,24,False,True,0,0,51,38,27,3.86,AI is off,AI is off,AI is off,AI is off,Not paired,AI is off,0,0,0
1038000,5.2,0,1,0.32,0.21,0,0,99,1,0,24,False,True,0,0,51,38,26,3.86,AI is off,AI is off,AI is off,AI is off,Not paired,AI is off,0,0,0
1040000,5.1,0,1,0.32,0.21,0,0,99,1,0,24,False,True,0,0,51,40,28,3.86,AI is off,AI is off,AI is off,AI is off,Not paired,AI is off,0,0,0
1042000,5.1,0,1,0.31,0.21,0,0,99,1,0,24,False,True,0,0,51,39,27,3.86,AI is off,AI is off,AI is off,AI is off,Not paired,AI is off,0,0,0
1044000,4.9,0,1,0.31,0.21,0,0,99,1,0,24,False,True,0,0,52,40,27,3.86,AI is off,AI is off,AI is off,AI is off,Not paired,AI is off,0,0,0
1046000,5.2,0,1,0.32,0.21,0,0,99,1,0,24,False,True,0,0,52,40,28,3.86,AI is off,AI is off,AI is off,AI is off,Not paired,AI is off,0,0,0
1048000,5.3,0,1,0.32,0.21,0,0,99,1,0,24,False,True,0,0,51,38,26,3.86,AI is off,AI is off,AI is off,AI is off,Not paired,AI is off,0,0,0
1050000,5.1,0,1,0.32,0.21,0,0,99,1,0,24,False,True,0,0,52,38,26,3.86,AI is off,AI is off,AI is off,AI is off,Not paired,AI is off,0,0,0
1052000,5.1,0,1,0.31,0.21,0,0,99,1,0,24,False,True,0,0,52,40,28,3.86,AI is off,AI is off,AI is off,AI is off,Not paired,AI is off,0,0,0
1054000,5.1,0,1,0.31,0.21,0,0,99,1,0,24,False,True,0,0,52,41,29,3.86,AI is off,AI is off,AI is off,AI is off,Not paired,AI is off,0,0,0
1056000,5.1,0,1,0.31,0.21,0,0,99,1,0,24,False,True,0,0,52,40,27,3.86,AI is off,AI is off,AI is off,AI is off,Not paired,AI is off,0,0,0
1058000,5.2,0,1,0.32,0.21,0,0,99,1,0,24,False,True,0,0,51,39,27,3.86,AI is off,AI is off,AI is off,AI is off,Not paired,AI is off,0,0,0
1060000,5.3,0,1,0.32,0.21,0,0,99,1,0,24,False,True,0,0,52,41,29,3.86,AI is off,AI is off,AI is off,AI is off,Not paired,AI is off,0,0,0
1062000,5.3,0,1,0.32,0.21,0,0,99,1,0,24,False,True,0,0,52,40,29,3.86,AI is off,AI is off,AI is off,AI is off,Not paired,AI is off,0,0,0
1064000,5.3,0,1,0.32,0.21,0,0,99,1,0,24,False,True,0,0,51,39,27,3.86,AI is off,AI is off,AI is off,AI is off,Not paired,AI is off,0,0,0
1066000,5.2,0,1,0.32,0.21,0,0,99,1,0,24,False,True,0,0,51,39,27,3.86,AI is off,AI is off,AI is off,AI is off,Not paired,AI is off,0,0,0
1068000,5.2,0,1,0.32,0.21,0,0,99,1,0,24,False,True,0,0,51,39,27,3.86,AI is off,AI is off,AI is off,AI is off,Not paired,AI is off,0,0,0
1070000,5.5,0,1,0.32,0.21,0,0,99,1,0,24,False,True,0,0,51,38,27,3.86,AI is off,AI is off,AI is off,AI is off,Not paired,AI is off,0,0,0
1072000,5.2,0,1,0.32,0.21,0,0,99,1,0,24,False,True,0,0,52,40,28,3.86,AI is off,AI is off,AI is off,AI is off,Not paired,AI is off,0,0,0
1074000,5,0,1,0.31,0.21,0,0,99,1,0,24,False,True,0,0,53,40,28,3.86,AI is off,AI is off,AI is off,AI is off,Not paired,AI is off,0,0,0
1076000,4.8,0,1,0.31,0.21,0,0,99,1,0,24,False,True,0,0,53,40,29,3.86,AI is off,AI is off,AI is off,AI is off,Not paired,AI is off,0,0,0
1078000,4.9,0,1,0.31,0.21,0,0,99,1,0,24,False,True,0,0,52,40,28,3.86,AI is off,AI is off,AI is off,AI is off,Not paired,AI is off,0,0,0
1080000,5,0,1,0.31,0.21,0,0,99,1,0,24,False,True,0,0,54,42,30,3.86,AI is off,AI is off,AI is off,AI is off,Not paired,AI is off,0,0,0
1082000,4.7,0,1,0.31,0.21,0,0,99,1,0,24,False,True,0,0,52,40,30,3.86,AI is off,AI is off,AI is off,AI is off,Not paired,AI is off,0,0,0
1084000,4.7,0,1,0.31,0.21,0,0,99,1,0,24,False,True,0,0,52,40,28,3.86,AI is off,AI is off,AI is off,AI is off,Not paired,AI is off,0,0,0
1086000,4.5,0,1,0.3,0.21,0,0,99,1,0,24,False,True,0,0,53,42,31,3.86,AI is off,AI is off,AI is off,AI is off,Not paired,AI is off,0,0,0
1088000,4.4,0,1,0.3,0.21,0,0,99,1,0,24,False,True,0,0,53,38,28,3.86,AI is off,AI is off,AI is off,AI is off,Not paired,AI is off,0,0,0
1090000,4.4,0,1,0.3,0.21,0,0,99,1,0,24,False,True,0,0,51,39,27,3.86,AI is off,AI is off,AI is off,AI is off,Not paired,AI is off,0,0,0
1092000,4.2,0,1,0.3,0.21,0,0,99,1,0,24,False,True,0,0,51,39,27,3.86,AI is off,AI is off,AI is off,AI is off,Not paired,AI is off,0,0,0
1094000,3.9,0,1,0.29,0.21,0,0,99,1,0,25,False,True,0,0,52,41,28,3.86,AI is off,AI is off,AI is off,AI is off,Not paired,AI is off,0,0,0
1096000,3.7,0,1,0.29,0.21,0,0,99,1,0,25,False,True,0,0,53,40,29,3.86,AI is off,AI is off,AI is off,AI is off,Not paired,AI is off,0,0,0
1098000,3.5,0,1,0.28,0.21,0,0,99,1,0,25,False,True,0,0,53,40,28,3.86,AI is off,AI is off,AI is off,AI is off,Not paired,AI is off,0,0,0
1100000,3.2,0,1,0.28,0.21,0,0,99,1,0,25,False,True,0,0,53,40,29,3.86,AI is off,AI is off,AI is off,AI is off,Not paired,AI is off,0,0,0
1102000,2.9,0,1,0.27,0.21,0,0,99,1,0,25,False,True,0,0,54,41,29,3.86,AI is off,AI is off,AI is off,AI is off,Not paired,AI is off,0,0,0
1104000,2.6,0,1,0.26,0.21,0,0,99,1,0,25,False,True,0,0,69,53,39,3.86,AI is off,AI is off,AI is off,AI is off,Not paired,AI is off,0,0,0
1106000,2.5,0,1,0.26,0.21,0,0,99,1,0,25,False,True,0,0,64,48,35,3.86,AI is off,AI is off,AI is off,AI is off,Not paired,AI is off,0,0,0
1108000,2.4,0,1,0.26,0.21,0,0,99,1,0,25,False,True,0,0,63,47,35,3.86,AI is off,AI is off,AI is off,AI is off,Not paired,AI is off,0,0,0
1110000,2.4,0,1,0.26,0.21,0,0,99,1,0,25,False,True,0,0,65,49,36,3.86,AI is off,AI is off,AI is off,AI is off,Not paired,AI is off,0,0,0
1112000,2.3,0,1,0.26,0.21,0,0,99,1,0,25,False,True,0,0,69,53,38,3.86,AI is off,AI is off,AI is off,AI is off,Not paired,AI is off,0,0,0
1114000,2.2,0,1,0.25,0.21,0,0,99,1,0,25,False,True,0,0,70,54,40,3.86,AI is off,AI is off,AI is off,AI is off,Not paired,AI is off,0,0,0
1116000,1.9,0,1,0.25,0.21,0,0,99,1,0,25,False,True,0,0,70,54,39,3.86,AI is off,AI is off,AI is off,AI is off,Not paired,AI is off,0,0,0
1118000,1.8,0,1,0.25,0.21,0,0,99,1,0,25,False,True,0,0,69,54,39,3.86,AI is off,AI is off,AI is off,AI is off,Not paired,AI is off,0,0,0
1120000,1.6,0,1,0.24,0.21,0,0,99,1,0,25,False,True,0,0,69,54,38,3.86,AI is off,AI is off,AI is off,AI is off,Not paired,AI is off,0,0,0
1122000,1.5,0,1,0.24,0.21,0,0,99,1,0,25,False,True,0,0,64,48,36,3.86,AI is off,AI is off,AI is off,AI is off,Not paired,AI is off,0,0,0
1124000,1.7,0,1,0.24,0.21,0,0,99,1,0,25,False,True,0,0,55,40,31,3.86,AI is off,AI is off,AI is off,AI is off,Not paired,AI is off,0,0,0
1126000,1.8,0,1,0.24,0.21,0,0,99,1,0,25,False,True,0,0,53,39,29,3.86,AI is off,AI is off,AI is off,AI is off,Not paired,AI is off,0,0,0
1128000,1.8,0,1,0.24,0.21,0,0,99,1,0,25,False,True,0,0,53,38,29,3.86,AI is off,AI is off,AI is off,AI is off,Not paired,AI is off,0,0,0
1130000,1.7,0,1,0.24,0.21,0,0,99,1,0,25,False,True,0,0,52,37,27,3.86,AI is off,AI is off,AI is off,AI is off,Not paired,AI is off,0,0,0
1132000,1.7,0,1,0.24,0.21,0,0,99,1,0,25,False,True,0,0,54,41,31,3.86,AI is off,AI is off,AI is off,AI is off,Not paired,AI is off,0,0,0
1134000,1.7,0,1,0.24,0.21,0,0,99,1,0,25,False,True,0,0,53,39,28,3.86,AI is off,AI is off,AI is off,AI is off,Not paired,AI is off,0,0,0
1136000,1.6,0,1,0.24,0.21,0,0,99,1,0,25,False,True,0,0,54,42,30,3.86,AI is off,AI is off,AI is off,AI is off,Not paired,AI is off,0,0,0
1138000,1.4,0,1,0.24,0.21,0,0,99,1,0,25,False,True,0,0,52,40,28,3.86,AI is off,AI is off,AI is off,AI is off,Not paired,AI is off,0,0,0
1140000,1.4,0,1,0.24,0.21,0,0,99,1,0,25,False,True,0,0,52,40,28,3.86,AI is off,AI is off,AI is off,AI is off,Not paired,AI is off,0,0,0
1142000,0,0,1,0.23,0.21,0,0,99,1,0,25,False,True,0,0,53,40,29,3.86,AI is off,AI is off,AI is off,AI is off,Not paired,AI is off,0,0,0
1144000,0,0,1,0.22,0.21,0,0,99,1,0,25,False,True,0,0,53,40,29,3.86,AI is off,AI is off,AI is off,AI is off,Not paired,AI is off,0,0,0
1146000,1.2,0,1,0.23,0.21,0,0,99,1,0,25,False,True,0,0,53,41,30,3.86,AI is off,AI is off,AI is off,AI is off,Not paired,AI is off,0,0,0
1148000,1.3,0,1,0.23,0.21,0,0,99,1,0,25,False,True,0,0,54,40,29,3.86,AI is off,AI is off,AI is off,AI is off,Not paired,AI is off,0,0,0
1150000,1.4,0,1,0.24,0.21,0,0,99,1,0,25,False,True,0,0,57,43,30,3.86,AI is off,AI is off,AI is off,AI is off,Not paired,AI is off,0,0,0
1152000,1.5,0,1,0.24,0.21,0,0,99,1,0,25,False,True,0,0,60,45,33,3.86,AI is off,AI is off,AI is off,AI is off,Not paired,AI is off,0,0,0
1154000,1.6,0,1,0.24,0.21,0,0,99,1,0,26,False,True,0,0,63,48,36,3.86,AI is off,AI is off,AI is off,AI is off,Not paired,AI is off,0,0,0
1156000,1.5,0,1,0.24,0.21,0,0,99,1,0,25,False,True,0,0,63,48,37,3.86,AI is off,AI is off,AI is off,AI is off,Not paired,AI is off,0,0,0
1158000,1.3,0,1,0.24,0.21,0,0,99,1,0,26,False,True,0,0,53,41,31,3.86,AI is off,AI is off,AI is off,AI is off,Not paired,AI is off,0,0,0
1160000,1.4,0,1,0.24,0.21,0,0,99,1,0,26,False,True,0,0,53,40,28,3.86,AI is off,AI is off,AI is off,AI is off,Not paired,AI is off,0,0,0
1162000,1.5,0,1,0.24,0.21,0,0,99,1,0,26,False,True,0,0,54,41,29,3.86,AI is off,AI is off,AI is off,AI is off,Not paired,AI is off,0,0,0
1164000,1.5,0,1,0.24,0.21,0,0,99,1,0,26,False,True,0,0,54,41,29,3.86,AI is off,AI is off,AI is off,AI is off,Not paired,AI is off,0,0,0
1166000,1.5,0,1,0.24,0.21,0,0,99,1,0,26,False,True,0,0,53,41,30,3.86,AI is off,AI is off,AI is off,AI is off,Not paired,AI is off,0,0,0
1168000,1.7,0,1,0.24,0.21,0,0,99,1,0,26,False,True,0,0,52,40,28,3.86,AI is off,AI is off,AI is off,AI is off,Not paired,AI is off,0,0,0
1170000,1.8,0,1,0.25,0.21,0,0,99,1,0,26,False,True,0,0,53,41,29,3.86,AI is off,AI is off,AI is off,AI is off,Not paired,AI is off,0,0,0
1172000,1.8,0,1,0.25,0.21,0,0,99,1,0,26,False,True,0,0,52,38,27,3.86,AI is off,AI is off,AI is off,AI is off,Not paired,AI is off,0,0,0
1174000,1.8,0,1,0.25,0.21,0,0,99,1,0,26,False,True,0,0,53,40,29,3.86,AI is off,AI is off,AI is off,AI is off,Not paired,AI is off,0,0,0
1176000,1.7,0,1,0.24,0.21,0,0,99,1,0,26,False,True,0,0,53,42,31,3.86,AI is off,AI is off,AI is off,AI is off,Not paired,AI is off,0,0,0
1178000,1.4,0,1,0.24,0.21,0,0,99,1,0,26,False,True,0,0,52,41,29,3.86,AI is off,AI is off,AI is off,AI is off,Not paired,AI is off,0,0,0
1180000,1.3,0,1,0.24,0.21,0,0,99,1,0,26,False,True,0,0,54,41,30,3.86,AI is off,AI is off,AI is off,AI is off,Not paired,AI is off,0,0,0
1182000,1.2,0,1,0.23,0.21,0,0,99,1,0,26,False,True,0,0,54,40,29,3.86,AI is off,AI is off,AI is off,AI is off,Not paired,AI is off,0,0,0
1184000,1.1,0,1,0.23,0.21,0,0,99,1,0,26,False,True,0,0,54,39,28,3.86,AI is off,AI is off,AI is off,AI is off,Not paired,AI is off,0,0,0
1186000,1,0,1,0.23,0.21,0,0,99,1,0,26,False,True,0,0,54,39,28,3.86,AI is off,AI is off,AI is off,AI is off,Not paired,AI is off,0,0,0
1188000,1,0,1,0.23,0.21,0,0,99,1,0,26,False,True,0,0,54,38,28,3.86,AI is off,AI is off,AI is off,AI is off,Not paired,AI is off,0,0,0
1190000,0,0,1,0.23,0.21,0,0,99,1,0,26,False,True,0,0,53,39,29,3.86,AI is off,AI is off,AI is off,AI is off,Not paired,AI is off,0,0,0
1192000,0,0,1,0.22,0.21,0,0,99,1,0,26,False,True,0,0,52,39,27,3.86,AI is off,AI is off,AI is off,AI is off,Not paired,AI is off,0,0,0
1194000,0,0,1,0.22,0.21,0,0,99,1,0,26,False,True,0,0,53,41,29,3.86,AI is off,AI is off,AI is off,AI is off,Not paired,AI is off,0,0,0
1196000,0,0,1,0.22,0.21,0,0,99,1,0,26,False,True,0,0,52,39,27,3.86,AI is off,AI is off,AI is off,AI is off,Not paired,AI is off,0,0,0
1198000,0,0,1,0.21,0.21,0,0,99,1,0,26,False,True,0,0,58,42,31,3.86,AI is off,AI is off,AI is off,AI is off,Not paired,AI is off,0,0,0
1200000,0,0,1,0.22,0.21,0,0,99,1,0,26,False,True,0,0,52,40,28,3.86,AI is off,AI is off,AI is off,AI is off,Not paired,AI is off,0,0,0
1202000,1.3,0,1,0.23,0.21,0,0,99,1,0,26,False,True,0,0,51,39,27,3.86,AI is off,AI is off,AI is off,AI is off,Not paired,AI is off,0,0,0
1204000,1.7,0,1,0.24,0.21,0,0,99,1,0,26,False,True,0,0,50,38,27,3.86,AI is off,AI is off,AI is off,AI is off,Not paired,AI is off,0,0,0
1206000,2,0,1,0.25,0.21,0,0,99,1,0,26,False,True,0,0,51,39,27,3.86,AI is off,AI is off,AI is off,AI is off,Not paired,AI is off,0,0,0
1208000,2.1,0,1,0.25,0.21,0,0,99,1,0,26,False,True,0,0,51,40,28,3.86,AI is off,AI is off,AI is off,AI is off,Not paired,AI is off,0,0,0
1210000,2.1,0,1,0.25,0.21,0,0,99,1,0,26,False,True,0,0,51,39,28,3.86,AI is off,AI is off,AI is off,AI is off,Not paired,AI is off,0,0,0
1212000,1.8,0,1,0.25,0.21,0,0,99,1,0,26,False,True,0,0,52,39,28,3.86,AI is off,AI is off,AI is off,AI is off,Not paired,AI is off,0,0,0
1214000,1.5,0,1,0.24,0.21,0,0,99,1,0,26,False,True,0,0,59,44,33,3.86,AI is off,AI is off,AI is off,AI is off,Not paired,AI is off,0,0,0
1216000,1.3,0,1,0.24,0.21,0,0,99,1,0,26,False,True,0,0,67,49,35,3.86,AI is off,AI is off,AI is off,AI is off,Not paired,AI is off,0,0,0
1218000,0.9,0,1,0.23,0.21,0,0,99,1,0,26,False,True,0,0,61,46,34,3.86,AI is off,AI is off,AI is off,AI is off,Not paired,AI is off,0,0,0
1220000,0.9,0,1,0.23,0.21,0,0,99,1,0,26,False,True,0,0,63,46,34,3.86,AI is off,AI is off,AI is off,AI is off,Not paired,AI is off,0,0,0
1222000,1,0,1,0.23,0.21,0,0,99,1,0,26,False,True,0,0,60,46,33,3.86,AI is off,AI is off,AI is off,AI is off,Not paired,AI is off,0,0,0
1224000,1,0,1,0.23,0.21,0,0,99,1,0,26,False,True,0,0,59,45,32,3.86,AI is off,AI is off,AI is off,AI is off,Not paired,AI is off,0,0,0
1226000,1.2,0,1,0.23,0.21,0,0,99,1,0,26,False,True,0,0,58,43,32,3.86,AI is off,AI is off,AI is off,AI is off,Not paired,AI is off,0,0,0
1228000,1.2,0,1,0.23,0.21,0,0,99,1,0,26,False,True,0,0,60,45,32,3.86,AI is off,AI is off,AI is off,AI is off,Not paired,AI is off,0,0,0
1230000,1.2,0,1,0.23,0.21,0,0,99,1,0,26,False,True,0,0,59,45,32,3.86,AI is off,AI is off,AI is off,AI is off,Not paired,AI is off,0,0,0
1232000,1.3,0,1,0.23,0.21,0,0,99,1,0,26,False,True,0,0,59,44,31,3.86,AI is off,AI is off,AI is off,AI is off,Not paired,AI is off,0,0,0
1234000,1.4,0,1,0.24,0.21,0,0,99,1,0,26,False,True,0,0,58,44,32,3.86,AI is off,AI is off,AI is off,AI is off,Not paired,AI is off,0,0,0
1236000,1.4,0,1,0.24,0.21,0,0,99,1,0,26,False,True,0,0,62,46,34,3.86,AI is off,AI is off,AI is off,AI is off,Not paired,AI is off,0,0,0
1238000,1.4,0,1,0.24,0.21,0,0,99,1,0,26,False,True,0,0,61,47,34,3.86,AI is off,AI is off,AI is off,AI is off,Not paired,AI is off,0,0,0
1240000,1.4,0,1,0.24,0.21,0,0,99,1,0,26,False,True,0,0,63,49,37,3.86,AI is off,AI is off,AI is off,AI is off,Not paired,AI is off,0,0,0
1242000,1.5,0,1,0.24,0.21,0,0,99,1,0,26,False,True,0,0,61,46,33,3.86,AI is off,AI is off,AI is off,AI is off,Not paired,AI is off,0,0,0
1244000,1.5,0,1,0.24,0.21,0,0,99,1,0,26,False,True,0,0,62,48,36,3.86,AI is off,AI is off,AI is off,AI is off,Not paired,AI is off,0,0,0
1246000,1.4,0,1,0.24,0.21,0,0,99,1,0,26,False,True,0,0,65,49,36,3.86,AI is off,AI is off,AI is off,AI is off,Not paired,AI is off,0,0,0
1248000,1.4,0,1,0.24,0.21,0,0,99,1,0,26,False,True,0,0,60,44,32,3.86,AI is off,AI is off,AI is off,AI is off,Not paired,AI is off,0,0,0
1250000,1.3,0,1,0.24,0.21,0,0,99,1,0,26,False,True,0,0,61,46,33,3.86,AI is off,AI is off,AI is off,AI is off,Not paired,AI is off,0,0,0
1252000,1.2,0,1,0.23,0.21,0,0,99,1,0,26,False,True,0,0,57,43,32,3.86,AI is off,AI is off,AI is off,AI is off,Not paired,AI is off,0,0,0
1254000,1.2,0,1,0.23,0.21,0,0,99,1,0,26,False,True,0,0,57,45,33,3.86,AI is off,AI is off,AI is off,AI is off,Not paired,AI is off,0,0,0
1256000,1.3,0,1,0.23,0.21,0,0,99,1,0,26,False,True,0,0,62,47,36,3.86,AI is off,AI is off,AI is off,AI is off,Not paired,AI is off,0,0,0
1258000,1.3,0,1,0.23,0.21,0,0,99,1,0,26,False,True,0,0,55,40,30,3.86,AI is off,AI is off,AI is off,AI is off,Not paired,AI is off,0,0,0
1260000,1.3,0,1,0.23,0.21,0,0,99,1,0,26,False,True,0,0,57,42,31,3.86,AI is off,AI is off,AI is off,AI is off,Not paired,AI is off,0,0,0
1262000,1.4,0,1,0.24,0.21,0,0,99,1,0,26,False,True,0,0,57,44,32,3.86,AI is off,AI is off,AI is off,AI is off,Not paired,AI is off,0,0,0
1264000,1.4,0,1,0.24,0.21,0,0,99,1,0,26,False,True,0,0,58,44,32,3.86,AI is off,AI is off,AI is off,AI is off,Not paired,AI is off,0,0,0
1266000,1.5,0,1,0.24,0.21,0,0,99,1,0,26,False,True,0,0,64,47,35,3.86,AI is off,AI is off,AI is off,AI is off,Not paired,AI is off,0,0,0
1268000,1.7,0,1,0.24,0.21,0,0,99,1,0,26,False,True,0,0,57,44,32,3.86,AI is off,AI is off,AI is off,AI is off,Not paired,AI is off,0,0,0
1270000,2,0,1,0.25,0.21,0,0,99,1,0,26,False,True,0,0,57,41,30,3.86,AI is off,AI is off,AI is off,AI is off,Not paired,AI is off,0,0,0
1272000,2,0,1,0.25,0.21,0,0,99,1,0,26,False,True,0,0,58,44,32,3.86,AI is off,AI is off,AI is off,AI is off,Not paired,AI is off,0,0,0
1274000,2.2,0,1,0.25,0.21,0,0,99,1,0,26,False,True,0,0,58,44,33,3.86,AI is off,AI is off,AI is off,AI is off,Not paired,AI is off,0,0,0
1276000,2.4,0,1,0.26,0.21,0,0,99,1,0,26,False,True,0,0,57,43,32,3.86,AI is off,AI is off,AI is off,AI is off,Not paired,AI is off,0,0,0
1278000,2.3,0,1,0.26,0.21,0,0,99,1,0,26,False,True,0,0,55,40,30,3.86,AI is off,AI is off,AI is off,AI is off,Not paired,AI is off,0,0,0
1280000,2.3,0,1,0.25,0.21,0,0,99,1,0,26,False,True,0,0,54,40,29,3.86,AI is off,AI is off,AI is off,AI is off,Not paired,AI is off,0,0,0
1282000,2.5,0,1,0.26,0.21,0,0,99,1,0,26,False,True,0,0,56,43,31,3.86,AI is off,AI is off,AI is off,AI is off,Not paired,AI is off,0,0,0
1284000,2.6,0,1,0.26,0.21,0,0,99,1,0,26,False,True,0,0,53,38,29,3.86,AI is off,AI is off,AI is off,AI is off,Not paired,AI is off,0,0,0
1286000,2.5,0,1,0.26,0.21,0,0,99,1,0,26,False,True,0,0,57,42,31,3.86,AI is off,AI is off,AI is off,AI is off,Not paired,AI is off,0,0,0
1288000,2.6,0,1,0.26,0.21,0,0,99,1,0,26,False,True,0,0,57,43,32,3.86,AI is off,AI is off,AI is off,AI is off,Not paired,AI is off,0,0,0
1290000,2.6,0,1,0.26,0.21,0,0,99,1,0,26,False,True,0,0,61,47,35,3.86,AI is off,AI is off,AI is off,AI is off,Not paired,AI is off,0,0,0
1292000,2.6,0,1,0.26,0.21,0,0,99,1,0,26,False,True,0,0,58,43,32,3.86,AI is off,AI is off,AI is off,AI is off,Not paired,AI is off,0,0,0
1294000,2.4,0,1,0.26,0.21,0,0,99,1,0,26,False,True,0,0,70,53,38,3.86,AI is off,AI is off,AI is off,AI is off,Not paired,AI is off,0,0,0
1296000,2.5,0,1,0.26,0.21,0,0,99,1,0,26,False,True,0,0,65,49,36,3.86,AI is off,AI is off,AI is off,AI is off,Not paired,AI is off,0,0,0
1298000,2.5,0,1,0.26,0.21,0,0,99,1,0,26,False,True,0,0,67,50,37,3.86,AI is off,AI is off,AI is off,AI is off,Not paired,AI is off,0,0,0
1300000,2.5,0,1,0.26,0.21,0,0,99,1,0,26,False,True,0,0,64,47,35,3.86,AI is off,AI is off,AI is off,AI is off,Not paired,AI is off,0,0,0
1302000,2.6,0,1,0.26,0.21,0,0,99,1,0,26,False,True,0,0,62,47,34,3.86,AI is off,AI is off,AI is off,AI is off,Not paired,AI is off,0,0,0
1304000,2.8,0,1,0.26,0.21,0,0,99,1,0,26,False,True,0,0,60,44,33,3.86,AI is off,AI is off,AI is off,AI is off,Not paired,AI is off,0,0,0
1306000,2.9,0,1,0.27,0.21,0,0,99,1,0,26,False,True,0,0,55,40,28,3.86,AI is off,AI is off,AI is off,AI is off,Not paired,AI is off,0,0,0
1308000,3.1,0,1,0.27,0.21,0,0,99,1,0,26,False,True,0,0,53,39,29,3.86,AI is off,AI is off,AI is off,AI is off,Not paired,AI is off,0,0,0
1310000,3,0,1,0.27,0.21,0,0,99,1,0,26,False,True,0,0,53,39,27,3.86,AI is off,AI is off,AI is off,AI is off,Not paired,AI is off,0,0,0
1312000,3,0,1,0.27,0.21,0,0,99,1,0,26,False,True,0,0,55,41,30,3.86,AI is off,AI is off,AI is off,AI is off,Not paired,AI is off,0,0,0
1314000,3,0,1,0.27,0.21,0,0,99,1,0,26,False,True,0,0,63,47,34,3.86,AI is off,AI is off,AI is off,AI is off,Not paired,AI is off,0,0,0
1316000,3,0,1,0.27,0.21,0,0,99,1,0,26,False,True,0,0,63,47,35,3.86,AI is off,AI is off,AI is off,AI is off,Not paired,AI is off,0,0,0
1318000,2.9,0,1,0.27,0.21,0,0,99,1,0,26,False,True,0,0,57,44,32,3.86,AI is off,AI is off,AI is off,AI is off,Not paired,AI is off,0,0,0
1320000,2.9,0,1,0.27,0.21,0,0,99,1,0,26,False,True,0,0,69,53,38,3.86,AI is off,AI is off,AI is off,AI is off,Not paired,AI is off,0,0,0
1322000,3.1,0,1,0.27,0.21,0,0,99,1,0,26,False,True,0,0,61,45,32,3.86,AI is off,AI is off,AI is off,AI is off,Not paired,AI is off,0,0,0
1324000,3.3,0,1,0.28,0.21,0,0,99,1,0,26,False,True,0,0,65,49,36,3.86,AI is off,AI is off,AI is off,AI is off,Not paired,AI is off,0,0,0
1326000,2.9,0,1,0.27,0.21,0,0,99,1,0,26,False,True,0,0,54,40,28,3.86,AI is off,AI is off,AI is off,AI is off,Not paired,AI is off,0,0,0
1328000,2.8,0,1,0.27,0.21,0,0,99,1,0,26,False,True,0,0,61,45,32,3.86,AI is off,AI is off,AI is off,AI is off,Not paired,AI is off,0,0,0
1330000,2.9,0,1,0.27,0.21,0,0,99,1,0,26,False,True,0,0,53,38,26,3.86,AI is off,AI is off,AI is off,AI is off,Not paired,AI is off,0,0,0
1332000,2.9,0,1,0.27,0.21,0,0,99,1,0,26,False,True,0,0,52,37,27,3.86,AI is off,AI is off,AI is off,AI is off,Not paired,AI is off,0,0,0
1334000,3,0,1,0.27,0.21,0,0,99,1,0,26,False,True,0,0,57,43,31,3.86,AI is off,AI is off,AI is off,AI is off,Not paired,AI is off,0,0,0
1336000,3.1,0,1,0.27,0.21,0,0,99,1,0,26,False,True,0,0,53,41,30,3.86,AI is off,AI is off,AI is off,AI is off,Not paired,AI is off,0,0,0
1338000,3.2,0,1,0.27,0.21,0,0,99,1,0,26,False,True,0,0,53,40,30,3.86,AI is off,AI is off,AI is off,AI is off,Not paired,AI is off,0,0,0
1340000,3.2,0,1,0.27,0.21,0,0,99,1,0,26,False,True,0,0,54,39,28,3.86,AI is off,AI is off,AI is off,AI is off,Not paired,AI is off,0,0,0
1342000,3.4,0,1,0.28,0.21,0,0,99,1,0,26,False,True,0,0,52,41,30,3.86,AI is off,AI is off,AI is off,AI is off,Not paired,AI is off,0,0,0
1344000,3.5,0,1,0.28,0.21,0,0,99,1,0,26,False,True,0,0,53,39,28,3.86,AI is off,AI is off,AI is off,AI is off,Not paired,AI is off,0,0,0
1346000,3.6,0,1,0.28,0.21,0,0,99,1,0,26,False,True,0,0,52,39,27,3.86,AI is off,AI is off,AI is off,AI is off,Not paired,AI is off,0,0,0
1348000,3.6,0,1,0.28,0.21,0,0,99,1,0,26,False,True,0,0,51,40,27,3.86,AI is off,AI is off,AI is off,AI is off,Not paired,AI is off,0,0,0
1350000,3.6,0,1,0.28,0.21,0,0,99,1,0,26,False,True,0,0,53,40,28,3.86,AI is off,AI is off,AI is off,AI is off,Not paired,AI is off,0,0,0
1352000,3.8,0,1,0.29,0.21,0,0,99,1,0,26,False,True,0,0,52,38,28,3.86,AI is off,AI is off,AI is off,AI is off,Not paired,AI is off,0,0,0
1354000,4,0,1,0.29,0.21,0,0,99,1,0,26,False,True,0,0,53,41,29,3.86,AI is off,AI is off,AI is off,AI is off,Not paired,AI is off,0,0,0
1356000,4,0,1,0.29,0.21,0,0,99,1,0,26,False,True,0,0,51,39,27,3.86,AI is off,AI is off,AI is off,AI is off,Not paired,AI is off,0,0,0
1358000,3.8,0,1,0.29,0.21,0,0,99,1,0,26,False,True,0,0,53,37,27,3.86,AI is off,AI is off,AI is off,AI is off,Not paired,AI is off,0,0,0
1360000,3.9,0,1,0.29,0.21,0,0,99,1,0,26,False,True,0,0,54,39,29,3.86,AI is off,AI is off,AI is off,AI is off,Not paired,AI is off,0,0,0
1362000,3.5,0,1,0.29,0.21,0,0,99,1,0,26,False,True,0,0,54,39,30,3.86,AI is off,AI is off,AI is off,AI is off,Not paired,AI is off,0,0,0
1364000,3.6,0,1,0.28,0.21,0,0,99,1,0,26,False,True,0,0,53,39,27,3.86,AI is off,AI is off,AI is off,AI is off,Not paired,AI is off,0,0,0
1366000,3.7,0,1,0.29,0.21,0,0,99,1,0,26,False,True,0,0,53,40,28,3.86,AI is off,AI is off,AI is off,AI is off,Not paired,AI is off,0,0,0
1368000,3.7,0,1,0.28,0.21,0,0,99,1,0,26,False,True,0,0,55,39,29,3.86,AI is off,AI is off,AI is off,AI is off,Not paired,AI is off,0,0,0
1370000,3.6,0,1,0.28,0.21,0,0,99,1,0,26,False,True,0,0,55,40,29,3.86,AI is off,AI is off,AI is off,AI is off,Not paired,AI is off,0,0,0
1372000,3.6,0,1,0.28,0.21,0,0,99,1,0,26,False,True,0,0,53,37,27,3.86,AI is off,AI is off,AI is off,AI is off,Not paired,AI is off,0,0,0
1374000,3.5,0,1,0.28,0.21,0,0,99,1,0,26,False,True,0,0,52,37,27,3.86,AI is off,AI is off,AI is off,AI is off,Not paired,AI is off,0,0,0
1376000,3.4,0,1,0.28,0.21,0,0,99,1,0,26,False,True,0,0,53,38,28,3.86,AI is off,AI is off,AI is off,AI is off,Not paired,AI is off,0,0,0
1378000,3.6,0,1,0.28,0.21,0,0,99,1,0,26,False,True,0,0,54,41,29,3.86,AI is off,AI is off,AI is off,AI is off,Not paired,AI is off,0,0,0
1380000,3.7,0,1,0.29,0.21,0,0,99,1,0,26,False,True,0,0,52,39,27,3.86,AI is off,AI is off,AI is off,AI is off,Not paired,AI is off,0,0,0
1382000,3.8,0,1,0.29,0.21,0,0,99,1,0,26,False,True,0,0,52,40,28,3.86,AI is off,AI is off,AI is off,AI is off,Not paired,AI is off,0,0,0
1384000,3.9,0,1,0.29,0.21,0,0,99,1,0,26,False,True,0,0,52,39,27,3.86,AI is off,AI is off,AI is off,AI is off,Not paired,AI is off,0,0,0
1386000,3.9,0,1,0.29,0.21,0,0,99,1,0,26,False,True,0,0,52,40,28,3.86,AI is off,AI is off,AI is off,AI is off,Not paired,AI is off,0,0,0
1388000,3.9,0,1,0.29,0.21,0,0,99,1,0,26,False,True,0,0,52,39,27,3.86,AI is off,AI is off,AI is off,AI is off,Not paired,AI is off,0,0,0
1390000,4.1,0,1,0.29,0.21,0,0,99,1,0,26,False,True,0,0,51,38,26,3.86,AI is off,AI is off,AI is off,AI is off,Not paired,AI is off,0,0,0
1392000,4.3,0,1,0.3,0.21,0,0,99,1,0,26,False,True,0,0,52,39,29,3.86,AI is off,AI is off,AI is off,AI is off,Not paired,AI is off,0,0,0
1394000,4.3,0,1,0.3,0.21,0,0,99,1,0,26,False,True,0,0,53,39,30,3.86,AI is off,AI is off,AI is off,AI is off,Not paired,AI is off,0,0,0
1396000,3.8,0,1,0.29,0.21,0,0,99,1,0,26,False,True,0,0,57,42,32,3.86,AI is off,AI is off,AI is off,AI is off,Not paired,AI is off,0,0,0
1398000,4,0,1,0.29,0.21,0,0,99,1,0,26,False,True,0,0,55,42,30,3.86,AI is off,AI is off,AI is off,AI is off,Not paired,AI is off,0,0,0
1400000,4,0,1,0.29,0.21,0,0,99,1,0,26,False,True,0,0,54,39,28,3.86,AI is off,AI is off,AI is off,AI is off,Not paired,AI is off,0,0,0
1402000,3.8,0,1,0.29,0.21,0,0,99,1,0,26,False,True,0,0,53,39,30,3.86,AI is off,AI is off,AI is off,AI is off,Not paired,AI is off,0,0,0
1404000,3.7,0,1,0.28,0.21,0,0,99,1,0,26,False,True,0,0,54,38,28,3.86,AI is off,AI is off,AI is off,AI is off,Not paired,AI is off,0,0,0
1406000,3.5,0,1,0.28,0.21,0,0,99,1,0,26,False,True,0,0,53,39,28,3.86,AI is off,AI is off,AI is off,AI is off,Not paired,AI is off,0,0,0
1408000,3.4,0,1,0.28,0.21,0,0,99,1,0,26,False,True,0,0,53,39,28,3.86,AI is off,AI is off,AI is off,AI is off,Not paired,AI is off,0,0,0
1410000,3.3,0,1,0.28,0.21,0,0,99,1,0,26,False,True,0,0,52,39,29,3.86,AI is off,AI is off,AI is off,AI is off,Not paired,AI is off,0,0,0
1412000,3.2,0,1,0.27,0.21,0,0,99,1,0,26,False,True,0,0,54,39,27,3.86,AI is off,AI is off,AI is off,AI is off,Not paired,AI is off,0,0,0
1414000,3,0,1,0.27,0.21,0,0,99,1,0,26,False,True,0,0,54,40,28,3.86,AI is off,AI is off,AI is off,AI is off,Not paired,AI is off,0,0,0
1416000,2.7,0,1,0.27,0.21,0,0,99,1,0,26,False,True,0,0,54,40,28,3.86,AI is off,AI is off,AI is off,AI is off,Not paired,AI is off,0,0,0
1418000,2.4,0,1,0.26,0.21,0,0,99,1,0,26,False,True,0,0,61,46,33,3.86,AI is off,AI is off,AI is off,AI is off,Not paired,AI is off,0,0,0
1420000,2.2,0,1,0.25,0.21,0,0,99,1,0,26,False,True,0,0,71,53,40,3.86,AI is off,AI is off,AI is off,AI is off,Not paired,AI is off,0,0,0
1422000,2,0,1,0.25,0.21,0,0,99,1,0,26,False,True,0,0,64,47,36,3.86,AI is off,AI is off,AI is off,AI is off,Not paired,AI is off,0,0,0
1424000,2.1,0,1,0.25,0.21,0,0,99,1,0,26,False,True,0,0,63,48,35,3.86,AI is off,AI is off,AI is off,AI is off,Not paired,AI is off,0,0,0
1426000,2.2,0,1,0.25,0.21,0,0,99,1,0,26,False,True,0,0,57,42,31,3.86,AI is off,AI is off,AI is off,AI is off,Not paired,AI is off,0,0,0
1428000,2.2,0,1,0.25,0.21,0,0,99,1,0,26,False,True,0,0,62,48,36,3.86,AI is off,AI is off,AI is off,AI is off,Not paired,AI is off,0,0,0
1430000,2.1,0,1,0.25,0.21,0,0,99,1,0,26,False,True,0,0,61,46,33,3.86,AI is off,AI is off,AI is off,AI is off,Not paired,AI is off,0,0,0
1432000,2,0,1,0.25,0.21,0,0,99,1,0,26,False,True,0,0,64,48,35,3.86,AI is off,AI is off,AI is off,AI is off,Not paired,AI is off,0,0,0
1434000,2.1,0,1,0.25,0.21,0,0,99,1,0,26,False,True,0,0,61,46,33,3.86,AI is off,AI is off,AI is off,AI is off,Not paired,AI is off,0,0,0
1436000,2.3,0,1,0.26,0.21,0,0,99,1,0,26,False,True,0,0,59,44,33,3.86,AI is off,AI is off,AI is off,AI is off,Not paired,AI is off,0,0,0
1438000,2.3,0,1,0.26,0.21,0,0,99,1,0,26,False,True,0,0,59,44,32,3.86,AI is off,AI is off,AI is off,AI is off,Not paired,AI is off,0,0,0
1440000,2.3,0,1,0.26,0.21,0,0,99,1,0,26,False,True,0,0,61,46,34,3.86,AI is off,AI is off,AI is off,AI is off,Not paired,AI is off,0,0,0
1442000,2.3,0,1,0.26,0.21,0,0,99,1,0,26,False,True,0,0,57,40,29,3.86,AI is off,AI is off,AI is off,AI is off,Not paired,AI is off,0,0,0
1444000,2.3,0,1,0.26,0.21,0,0,99,1,0,26,False,True,0,0,57,44,31,3.86,AI is off,AI is off,AI is off,AI is off,Not paired,AI is off,0,0,0
1446000,2.2,0,1,0.25,0.21,0,0,99,1,0,26,False,True,0,0,56,42,32,3.86,AI is off,AI is off,AI is off,AI is off,Not paired,AI is off,0,0,0
1448000,2,0,1,0.25,0.21,0,0,99,1,0,26,False,True,0,0,59,44,31,3.86,AI is off,AI is off,AI is off,AI is off,Not paired,AI is off,0,0,0
1450000,2,0,1,0.25,0.21,0,0,99,1,0,26,False,True,0,0,61,45,33,3.86,AI is off,AI is off,AI is off,AI is off,Not paired,AI is off,0,0,0
1452000,2,0,1,0.25,0.21,0,0,99,1,0,26,False,True,0,0,55,42,30,3.86,AI is off,AI is off,AI is off,AI is off,Not paired,AI is off,0,0,0
1454000,2,0,1,0.25,0.21,0,0,99,1,0,26,False,True,0,0,60,45,33,3.86,AI is off,AI is off,AI is off,AI is off,Not paired,AI is off,0,0,0
1456000,2,0,1,0.25,0.21,0,0,99,1,0,26,False,True,0,0,64,48,35,3.86,AI is off,AI is off,AI is off,AI is off,Not paired,AI is off,0,0,0
1458000,1.9,0,1,0.25,0.21,0,0,99,1,0,26,False,True,0,0,71,53,41,3.86,AI is off,AI is off,AI is off,AI is off,Not paired,AI is off,0,0,0
1460000,1.7,0,1,0.24,0.21,0,0,99,1,0,26,False,True,0,0,56,42,31,3.86,AI is off,AI is off,AI is off,AI is off,Not paired,AI is off,0,0,0
1462000,1.6,0,1,0.24,0.21,0,0,99,1,0,26,False,True,0,0,50,38,26,3.86,AI is off,AI is off,AI is off,AI is off,Not paired,AI is off,0,0,0
1464000,1.5,0,1,0.24,0.21,0,0,99,1,0,26,False,True,0,0,53,39,29,3.86,AI is off,AI is off,AI is off,AI is off,Not paired,AI is off,0,0,0
1466000,1.4,0,1,0.24,0.21,0,0,99,1,0,26,False,True,0,0,52,41,30,3.86,AI is off,AI is off,AI is off,AI is off,Not paired,AI is off,0,0,0
1468000,1.6,0,1,0.24,0.21,0,0,99,1,0,26,False,True,0,0,53,40,28,3.86,AI is off,AI is off,AI is off,AI is off,Not paired,AI is off,0,0,0
1470000,1.6,0,1,0.24,0.21,0,0,99,1,0,26,False,True,0,0,52,39,26,3.86,AI is off,AI is off,AI is off,AI is off,Not paired,AI is off,0,0,0
1472000,1.5,0,1,0.24,0.21,0,0,99,1,0,26,False,True,0,0,52,40,27,3.86,AI is off,AI is off,AI is off,AI is off,Not paired,AI is off,0,0,0
1474000,1.3,0,1,0.23,0.21,0,0,99,1,0,26,False,True,0,0,51,39,28,3.86,AI is off,AI is off,AI is off,AI is off,Not paired,AI is off,0,0,0
1476000,0,0,1,0.22,0.21,0,0,99,1,0,26,False,True,0,0,53,41,29,3.86,AI is off,AI is off,AI is off,AI is off,Not paired,AI is off,0,0,0
1478000,0,0,1,0.22,0.21,0,0,99,1,0,26,False,True,0,0,54,40,29,3.86,AI is off,AI is off,AI is off,AI is off,Not paired,AI is off,0,0,0
1480000,0,0,1,0.21,0.21,0,0,99,1,0,26,False,True,0,0,55,40,29,3.86,AI is off,AI is off,AI is off,AI is off,Not paired,AI is off,0,0,0
1482000,0,0,0,0.21,0.21,0,0,99,1,0,26,False,True,0,0,56,41,30,3.86,AI is off,AI is off,AI is off,AI is off,Not paired,AI is off,0,0,0
1484000,0,0,0,0.21,0.21,0,0,99,1,0,26,False,True,0,0,52,39,28,3.86,AI is off,AI is off,AI is off,AI is off,Not paired,AI is off,0,0,0
1486000,0,0,0,0.21,0.21,0,0,99,1,0,26,False,True,0,0,53,40,29,3.86,AI is off,AI is off,AI is off,AI is off,Not paired,AI is off,0,0,0
1488000,0,0,0,0.21,0.21,0,0,99,1,0,26,False,True,0,0,61,45,32,3.86,AI is off,AI is off,AI is off,AI is off,Not paired,AI is off,0,0,0
1490000,0,0,0,0.21,0.21,0,0,99,1,0,26,False,True,0,0,62,47,35,3.86,AI is off,AI is off,AI is off,AI is off,Not paired,AI is off,0,0,0
1492000,0,0,0,0.21,0.21,0,0,99,1,0,26,False,True,0,0,66,50,37,3.86,AI is off,AI is off,AI is off,AI is off,Not paired,AI is off,0,0,0
1494000,0,0,0,0.21,0.21,0,0,99,1,0,26,False,True,0,0,66,50,37,3.86,AI is off,AI is off,AI is off,AI is off,Not paired,AI is off,0,0,0
1496000,0,0,0,0.21,0.21,0,0,99,1,0,26,False,True,0,0,70,53,41,3.86,AI is off,AI is off,AI is off,AI is off,Not paired,AI is off,0,0,0
1498000,0,0,0,0.21,0.21,0,0,99,1,0,26,False,True,0,0,69,52,39,3.86,AI is off,AI is off,AI is off,AI is off,Not paired,AI is off,0,0,0
1500000,0,0,0,0.21,0.21,0,0,99,1,0,26,False,True,0,0,65,50,35,3.86,AI is off,AI is off,AI is off,AI is off,Not paired,AI is off,0,0,0
1502000,0,0,0,0.21,0.21,0,0,99,1,0,26,False,True,0,0,62,48,35,3.86,AI is off,AI is off,AI is off,AI is off,Not paired,AI is off,0,0,0
1504000,0,0,0,0.21,0.21,0,0,99,1,0,26,False,True,0,0,50,37,26,3.86,AI is off,AI is off,AI is off,AI is off,Not paired,AI is off,0,0,0
1506000,0,0,0,0.21,0.21,0,0,99,1,0,26,False,True,0,0,56,42,31,3.86,AI is off,AI is off,AI is off,AI is off,Not paired,AI is off,0,0,0
1508000,0,0,0,0.21,0.21,0,0,99,1,0,26,False,True,0,0,57,44,32,3.86,AI is off,AI is off,AI is off,AI is off,Not paired,AI is off,0,0,0
1510000,0,0,0,0.21,0.21,0,0,99,1,0,26,False,True,0,0,57,44,31,3.86,AI is off,AI is off,AI is off,AI is off,Not paired,AI is off,0,0,0
1512000,0,0,0,0.21,0.21,0,0,99,1,0,26,False,True,0,0,65,48,35,3.86,AI is off,AI is off,AI is off,AI is off,Not paired,AI is off,0,0,0
1514000,0,0,0,0.21,0.21,0,0,99,1,0,26,False,True,0,0,65,48,34,3.86,AI is off,AI is off,AI is off,AI is off,Not paired,AI is off,0,0,0
1516000,0,0,0,0.21,0.21,0,0,99,1,0,26,False,True,0,0,60,46,34,3.86,AI is off,AI is off,AI is off,AI is off,Not paired,AI is off,0,0,0
1518000,0,0,0,0.21,0.21,0,0,99,1,0,26,False,True,0,0,54,40,28,3.86,AI is off,AI is off,AI is off,AI is off,Not paired,AI is off,0,0,0
1520000,0,0,0,0.21,0.21,0,0,99,1,0,26,False,True,0,0,64,49,35,3.86,AI is off,AI is off,AI is off,AI is off,Not paired,AI is off,0,0,0
1522000,0,0,0,0.21,0.21,0,0,99,1,0,26,False,True,0,0,64,48,36,3.86,AI is off,AI is off,AI is off,AI is off,Not paired,AI is off,0,0,0
1524000,0,0,0,0.21,0.21,0,0,99,1,0,26,False,True,0,0,63,46,33,3.86,AI is off,AI is off,AI is off,AI is off,Not paired,AI is off,0,0,0
1526000,0,0,0,0.21,0.21,0,0,99,1,0,26,False,True,0,0,67,52,39,3.86,AI is off,AI is off,AI is off,AI is off,Not paired,AI is off,0,0,0
1528000,0,0,0,0.21,0.21,0,0,99,1,0,26,False,True,0,0,51,38,26,3.86,AI is off,AI is off,AI is off,AI is off,Not paired,AI is off,0,0,0
1530000,0,0,0,0.21,0.21,0,0,99,1,0,26,False,True,0,0,63,47,35,3.86,AI is off,AI is off,AI is off,AI is off,Not paired,AI is off,0,0,0
1532000,0,0,0,0.21,0.21,0,0,99,1,0,26,False,True,0,0,57,41,30,3.86,AI is off,AI is off,AI is off,AI is off,Not paired,AI is off,0,0,0
1534000,0,0,0,0.21,0.21,0,0,99,1,0,26,False,True,0,0,59,43,31,3.86,AI is off,AI is off,AI is off,AI is off,Not paired,AI is off,0,0,0