Dive Number,GF Minimum,GF Maximum,Surface Interval (min),Imperial Units,Start Battery Voltage,Start CNS %,Start Date,Start External O2 Sensor Status,Start Low Set Point,Start High Set Point,Computer Firmware Version,Max Depth,Max Time,Error History,End Battery Voltage,End CNS,End Date,End External O2 Sensor Status,End Low Set Point,End High Set Point,Computer Serial Number,Computer Firmware Version,Computer Model,Log Version,Deco Model,VPM-B Conservatism,Start Surface Pressure,End Surface Pressure,Product
114,40,85,64,False,4.1,1,7/19/2024 3:11:09 PM,False,0,1,86,26.9,1634,,4.1,4,7/19/2024 3:38:18 PM,False,0,1,937B0677,86,2,13,GF,40/85,996,996,Peregrine
Time (ms),Depth,First Stop Depth,Time To Surface (min),Average PPO2,Fraction O2,Fraction He,First Stop Time,Current NDL,Current Circuit Mode,Current CCR Mode,Water Temp,Gas Switch Needed,External PPO2,Set Point Type,Circuit Switch Type,External O2 Sensor 1 (mV),External O2 Sensor 2 (mV),External O2 Sensor 3 (mV),Battery Voltage,Tank 1 pressure (PSI),Tank 2 pressure (PSI),Tank 3 pressure (PSI),Tank 4 pressure (PSI),Gas Time Remaining,SAC Rate (2 minute avg),Ascent Rate,Safe Ascent Depth,CO2mbar
0,2.8,0,1,0.26,0.21,0,0,0,1,0,26,False,True,0,0,54,38,27,4.06,AI is off,AI is off,AI is off,AI is off,Not paired,AI is off,0,0,0
2000,3.2,0,1,0.27,0.21,0,0,0,1,0,26,False,True,0,0,52,37,25,4.06,AI is off,AI is off,AI is off,AI is off,Not paired,AI is off,0,0,0
4000,3.5,0,1,0.28,0.21,0,0,99,1,0,26,False,True,0,0,52,37,27,4.06,AI is off,AI is off,AI is off,AI is off,Not paired,AI is off,0,0,0
6000,3.9,0,1,0.29,0.21,0,0,99,1,0,26,False,True,0,0,53,38,26,4.07,AI is off,AI is off,AI is off,AI is off,Not paired,AI is off,0,0,0
8000,4,0,1,0.29,0.21,0,0,99,1,0,25,False,True,0,0,54,39,28,4.07,AI is off,AI is off,AI is off,AI is off,Not paired,AI is off,0,0,0
10000,4.2,0,1,0.29,0.21,0,0,99,1,0,25,False,True,0,0,52,37,25,4.07,AI is off,AI is off,AI is off,AI is off,Not paired,AI is off,0,0,0
12000,4.8,0,1,0.3,0.21,0,0,99,1,0,25,False,True,0,0,51,36,24,4.07,AI is off,AI is off,AI is off,AI is off,Not paired,AI is off,0,0,0
14000,5,0,1,0.31,0.21,0,0,99,1,0,25,False,True,0,0,51,36,23,4.07,AI is off,AI is off,AI is off,AI is off,Not paired,AI is off,0,0,0
16000,5.6,0,1,0.32,0.21,0,0,99,1,0,25,False,True,0,0,52,36,24,4.07,AI is off,AI is off,AI is off,AI is off,Not paired,AI is off,0,0,0
18000,6.1,0,1,0.33,0.21,0,0,99,1,0,25,False,True,0,0,51,36,24,4.07,AI is off,AI is off,AI is off,AI is off,Not paired,AI is off,0,0,0
20000,6.6,0,1,0.34,0.21,0,0,99,1,0,25,False,True,0,0,55,40,30,4.07,AI is off,AI is off,AI is off,AI is off,Not paired,AI is off,0,0,0
22000,7,0,1,0.35,0.21,0,0,99,1,0,25,False,True,0,0,51,36,24,4.07,AI is off,AI is off,AI is off,AI is off,Not paired,AI is off,0,0,0
24000,7.6,0,1,0.36,0.21,0,0,99,1,0,25,False,True,0,0,55,39,29,4.07,AI is off,AI is off,AI is off,AI is off,Not paired,AI is off,0,0,0
26000,8.1,0,1,0.37,0.21,0,0,99,1,0,25,False,True,0,0,54,39,28,4.07,AI is off,AI is off,AI is off,AI is off,Not paired,AI is off,0,0,0
28000,8.5,0,1,0.38,0.21,0,0,99,1,0,24,False,True,0,0,54,39,26,4.07,AI is off,AI is off,AI is off,AI is off,Not paired,AI is off,0,0,0
30000,8.900001,0,1,0.39,0.21,0,0,99,1,0,24,False,True,0,0,54,38,27,4.07,AI is off,AI is off,AI is off,AI is off,Not paired,AI is off,0,0,0
32000,9.400001,0,1,0.4,0.21,0,0,99,1,0,24,False,True,0,0,51,37,25,4.07,AI is off,AI is off,AI is off,AI is off,Not paired,AI is off,0,0,0
34000,10,0,1,0.41,0.21,0,0,99,1,0,24,False,True,0,0,54,39,28,4.07,AI is off,AI is off,AI is off,AI is off,Not paired,AI is off,0,0,0
36000,10.4,0,1,0.42,0.21,0,0,99,1,0,24,False,True,0,0,52,37,26,4.07,AI is off,AI is off,AI is off,AI is off,Not paired,AI is off,0,0,0
38000,10.8,0,1,0.43,0.21,0,0,99,1,0,23,False,True,0,0,52,37,27,4.06,AI is off,AI is off,AI is off,AI is off,Not paired,AI is off,0,0,0
40000,11.2,0,1,0.44,0.21,0,0,99,1,0,23,False,True,0,0,53,38,26,4.06,AI is off,AI is off,AI is off,AI is off,Not paired,AI is off,0,0,0
42000,11.7,0,1,0.45,0.21,0,0,99,1,0,23,False,True,0,0,52,36,24,4.06,AI is off,AI is off,AI is off,AI is off,Not paired,AI is off,0,0,0
44000,12.2,0,1,0.46,0.21,0,0,99,1,0,23,False,True,0,0,53,38,26,4.06,AI is off,AI is off,AI is off,AI is off,Not paired,AI is off,0,0,0
46000,12.6,0,5,0.47,0.21,0,0,99,1,0,23,False,True,0,0,53,39,26,4.06,AI is off,AI is off,AI is off,AI is off,Not paired,AI is off,0,0,0
48000,13.1,0,5,0.48,0.21,0,0,99,1,0,23,False,True,0,0,52,37,25,4.06,AI is off,AI is off,AI is off,AI is off,Not paired,AI is off,0,0,0
50000,13.7,0,5,0.49,0.21,0,0,76,1,0,23,False,True,0,0,52,36,24,4.06,AI is off,AI is off,AI is off,AI is off,Not paired,AI is off,0,0,0
52000,14.2,0,5,0.5,0.21,0,0,76,1,0,23,False,True,0,0,54,37,27,4.06,AI is off,AI is off,AI is off,AI is off,Not paired,AI is off,0,0,0
54000,14.7,0,5,0.51,0.21,0,0,76,1,0,22,False,True,0,0,52,37,25,4.06,AI is off,AI is off,AI is off,AI is off,Not paired,AI is off,0,0,0
56000,15.3,0,5,0.52,0.21,0,0,60,1,0,22,False,True,0,0,54,38,27,4.06,AI is off,AI is off,AI is off,AI is off,Not paired,AI is off,0,0,0
58000,15.7,0,5,0.53,0.21,0,0,60,1,0,22,False,True,0,0,54,38,27,4.06,AI is off,AI is off,AI is off,AI is off,Not paired,AI is off,0,0,0
60000,16,0,5,0.54,0.21,0,0,60,1,0,21,False,True,0,0,53,38,27,4.06,AI is off,AI is off,AI is off,AI is off,Not paired,AI is off,0,0,0
62000,16.3,0,5,0.55,0.21,0,0,60,1,0,21,False,True,0,0,55,38,28,4.06,AI is off,AI is off,AI is off,AI is off,Not paired,AI is off,0,0,0
64000,16.7,0,5,0.55,0.21,0,0,60,1,0,20,False,True,0,0,51,36,24,4.06,AI is off,AI is off,AI is off,AI is off,Not paired,AI is off,0,0,0
66000,17.2,0,5,0.56,0.21,0,0,45,1,0,20,False,True,0,0,55,39,29,4.06,AI is off,AI is off,AI is off,AI is off,Not paired,AI is off,0,0,0
68000,17.6,0,5,0.57,0.21,0,0,45,1,0,20,False,True,0,0,55,39,28,4.06,AI is off,AI is off,AI is off,AI is off,Not paired,AI is off,0,0,0
70000,17.9,0,5,0.58,0.21,0,0,45,1,0,19,False,True,0,0,55,39,29,4.06,AI is off,AI is off,AI is off,AI is off,Not paired,AI is off,0,0,0
72000,18.1,0,5,0.59,0.21,0,0,40,1,0,19,False,True,0,0,55,39,29,4.06,AI is off,AI is off,AI is off,AI is off,Not paired,AI is off,0,0,0
74000,18.4,0,5,0.59,0.21,0,0,40,1,0,19,False,True,0,0,54,39,29,4.06,AI is off,AI is off,AI is off,AI is off,Not paired,AI is off,0,0,0
76000,18.3,0,5,0.59,0.21,0,0,39,1,0,19,False,True,0,0,54,39,29,4.06,AI is off,AI is off,AI is off,AI is off,Not paired,AI is off,0,0,0
78000,18.3,0,5,0.59,0.21,0,0,39,1,0,19,False,True,0,0,54,39,28,4.06,AI is off,AI is off,AI is off,AI is off,Not paired,AI is off,0,0,0
80000,18.3,0,5,0.59,0.21,0,0,39,1,0,19,False,True,0,0,55,40,30,4.06,AI is off,AI is off,AI is off,AI is off,Not paired,AI is off,0,0,0
82000,18.2,0,5,0.59,0.21,0,0,39,1,0,19,False,True,0,0,53,38,27,4.07,AI is off,AI is off,AI is off,AI is off,Not paired,AI is off,0,0,0
84000,18.3,0,5,0.59,0.21,0,0,39,1,0,18,False,True,0,0,51,36,24,4.07,AI is off,AI is off,AI is off,AI is off,Not paired,AI is off,0,0,0
86000,18.6,0,5,0.59,0.21,0,0,39,1,0,19,False,True,0,0,53,38,26,4.06,AI is off,AI is off,AI is off,AI is off,Not paired,AI is off,0,0,0
88000,18.9,0,5,0.6,0.21,0,0,36,1,0,18,False,True,0,0,53,38,27,4.06,AI is off,AI is off,AI is off,AI is off,Not paired,AI is off,0,0,0
90000,19.3,0,5,0.61,0.21,0,0,36,1,0,18,False,True,0,0,54,39,28,4.06,AI is off,AI is off,AI is off,AI is off,Not paired,AI is off,0,0,0
92000,19.5,0,5,0.62,0.21,0,0,36,1,0,18,False,True,0,0,53,38,27,4.06,AI is off,AI is off,AI is off,AI is off,Not paired,AI is off,0,0,0
94000,19.6,0,5,0.62,0.21,0,0,33,1,0,18,False,True,0,0,55,39,29,4.06,AI is off,AI is off,AI is off,AI is off,Not paired,AI is off,0,0,0
96000,19.5,0,5,0.61,0.21,0,0,33,1,0,18,False,True,0,0,52,38,26,4.06,AI is off,AI is off,AI is off,AI is off,Not paired,AI is off,0,0,0
98000,19.5,0,5,0.62,0.21,0,0,33,1,0,18,False,True,0,0,51,36,24,4.06,AI is off,AI is off,AI is off,AI is off,Not paired,AI is off,0,0,0
100000,19.6,0,5,0.62,0.21,0,0,33,1,0,17,False,True,0,0,50,37,25,4.06,AI is off,AI is off,AI is off,AI is off,Not paired,AI is off,0,0,0
102000,19.7,0,5,0.62,0.21,0,0,33,1,0,17,False,True,0,0,52,38,27,4.06,AI is off,AI is off,AI is off,AI is off,Not paired,AI is off,0,0,0
104000,19.8,0,5,0.62,0.21,0,0,32,1,0,17,False,True,0,0,51,37,25,4.06,AI is off,AI is off,AI is off,AI is off,Not paired,AI is off,0,0,0
106000,20,0,5,0.62,0.21,0,0,32,1,0,17,False,True,0,0,52,38,26,4.06,AI is off,AI is off,AI is off,AI is off,Not paired,AI is off,0,0,0
108000,20.1,0,5,0.63,0.21,0,0,32,1,0,17,False,True,0,0,51,38,25,4.06,AI is off,AI is off,AI is off,AI is off,Not paired,AI is off,0,0,0
110000,20.2,0,5,0.63,0.21,0,0,31,1,0,17,False,True,0,0,52,38,27,4.06,AI is off,AI is off,AI is off,AI is off,Not paired,AI is off,0,0,0
112000,20.2,0,5,0.63,0.21,0,0,31,1,0,17,False,True,0,0,52,38,28,4.06,AI is off,AI is off,AI is off,AI is off,Not paired,AI is off,0,0,0
114000,20.4,0,5,0.63,0.21,0,0,31,1,0,16,False,True,0,0,52,37,26,4.06,AI is off,AI is off,AI is off,AI is off,Not paired,AI is off,0,0,0
116000,20.6,0,5,0.64,0.21,0,0,31,1,0,17,False,True,0,0,50,37,25,4.06,AI is off,AI is off,AI is off,AI is off,Not paired,AI is off,0,0,0
118000,20.6,0,5,0.64,0.21,0,0,31,1,0,16,False,True,0,0,52,38,27,4.06,AI is off,AI is off,AI is off,AI is off,Not paired,AI is off,0,0,0
120000,20.5,0,5,0.64,0.21,0,0,29,1,0,16,False,True,0,0,51,38,25,4.06,AI is off,AI is off,AI is off,AI is off,Not paired,AI is off,0,0,0
122000,20,0,5,0.63,0.21,0,0,29,1,0,16,False,True,0,0,52,37,26,4.06,AI is off,AI is off,AI is off,AI is off,Not paired,AI is off,0,0,0
124000,19.8,0,5,0.62,0.21,0,0,29,1,0,16,False,True,0,0,52,37,25,4.06,AI is off,AI is off,AI is off,AI is off,Not paired,AI is off,0,0,0
126000,19.8,0,5,0.62,0.21,0,0,31,1,0,16,False,True,0,0,52,38,26,4.06,AI is off,AI is off,AI is off,AI is off,Not paired,AI is off,0,0,0
128000,19.8,0,5,0.62,0.21,0,0,31,1,0,16,False,True,0,0,52,37,25,4.06,AI is off,AI is off,AI is off,AI is off,Not paired,AI is off,0,0,0
130000,19.6,0,5,0.62,0.21,0,0,31,1,0,16,False,True,0,0,52,38,26,4.06,AI is off,AI is off,AI is off,AI is off,Not paired,AI is off,0,0,0
132000,19.6,0,5,0.62,0.21,0,0,31,1,0,16,False,True,0,0,52,37,26,4.06,AI is off,AI is off,AI is off,AI is off,Not paired,AI is off,0,0,0
134000,19.6,0,5,0.62,0.21,0,0,31,1,0,16,False,True,0,0,52,37,25,4.06,AI is off,AI is off,AI is off,AI is off,Not paired,AI is off,0,0,0
136000,19.5,0,5,0.62,0.21,0,0,32,1,0,16,False,True,0,0,52,36,25,4.06,AI is off,AI is off,AI is off,AI is off,Not paired,AI is off,0,0,0
138000,19.5,0,5,0.62,0.21,0,0,32,1,0,16,False,True,0,0,53,39,27,4.06,AI is off,AI is off,AI is off,AI is off,Not paired,AI is off,0,0,0
140000,19.5,0,5,0.62,0.21,0,0,32,1,0,16,False,True,0,0,52,38,26,4.06,AI is off,AI is off,AI is off,AI is off,Not paired,AI is off,0,0,0
142000,19.6,0,5,0.62,0.21,0,0,32,1,0,16,False,True,0,0,52,37,26,4.06,AI is off,AI is off,AI is off,AI is off,Not paired,AI is off,0,0,0
144000,19.6,0,5,0.62,0.21,0,0,32,1,0,16,False,True,0,0,52,38,26,4.06,AI is off,AI is off,AI is off,AI is off,Not paired,AI is off,0,0,0
146000,19.6,0,5,0.62,0.21,0,0,32,1,0,16,False,True,0,0,52,38,27,4.06,AI is off,AI is off,AI is off,AI is off,Not paired,AI is off,0,0,0
148000,19.6,0,5,0.62,0.21,0,0,32,1,0,15,False,True,0,0,52,38,25,4.06,AI is off,AI is off,AI is off,AI is off,Not paired,AI is off,0,0,0
150000,19.5,0,5,0.62,0.21,0,0,32,1,0,15,False,True,0,0,52,38,26,4.06,AI is off,AI is off,AI is off,AI is off,Not paired,AI is off,0,0,0
152000,19.5,0,5,0.62,0.21,0,0,32,1,0,15,False,True,0,0,52,38,26,4.06,AI is off,AI is off,AI is off,AI is off,Not paired,AI is off,0,0,0
154000,19.7,0,5,0.62,0.21,0,0,32,1,0,15,False,True,0,0,53,39,27,4.06,AI is off,AI is off,AI is off,AI is off,Not paired,AI is off,0,0,0
156000,19.7,0,5,0.62,0.21,0,0,32,1,0,15,False,True,0,0,54,40,30,4.06,AI is off,AI is off,AI is off,AI is off,Not paired,AI is off,0,0,0
158000,19.6,0,5,0.62,0.21,0,0,31,1,0,15,False,True,0,0,54,40,29,4.06,AI is off,AI is off,AI is off,AI is off,Not paired,AI is off,0,0,0
160000,19.4,0,5,0.61,0.21,0,0,31,1,0,15,False,True,0,0,53,39,26,4.06,AI is off,AI is off,AI is off,AI is off,Not paired,AI is off,0,0,0
162000,19,0,5,0.61,0.21,0,0,31,1,0,15,False,True,0,0,54,40,29,4.06,AI is off,AI is off,AI is off,AI is off,Not paired,AI is off,0,0,0
164000,19,0,5,0.6,0.21,0,0,31,1,0,15,False,True,0,0,54,40,28,4.06,AI is off,AI is off,AI is off,AI is off,Not paired,AI is off,0,0,0
166000,19.1,0,5,0.61,0.21,0,0,31,1,0,15,False,True,0,0,54,39,27,4.06,AI is off,AI is off,AI is off,AI is off,Not paired,AI is off,0,0,0
168000,18.8,0,5,0.6,0.21,0,0,31,1,0,15,False,True,0,0,53,39,26,4.06,AI is off,AI is off,AI is off,AI is off,Not paired,AI is off,0,0,0
170000,18.7,0,5,0.6,0.21,0,0,35,1,0,15,False,True,0,0,53,39,28,4.06,AI is off,AI is off,AI is off,AI is off,Not paired,AI is off,0,0,0
172000,18.7,0,5,0.6,0.21,0,0,35,1,0,15,False,True,0,0,53,40,28,4.06,AI is off,AI is off,AI is off,AI is off,Not paired,AI is off,0,0,0
174000,18.7,0,5,0.6,0.21,0,0,35,1,0,15,False,True,0,0,54,41,29,4.06,AI is off,AI is off,AI is off,AI is off,Not paired,AI is off,0,0,0
176000,18.8,0,5,0.6,0.21,0,0,35,1,0,15,False,True,0,0,54,40,28,4.06,AI is off,AI is off,AI is off,AI is off,Not paired,AI is off,0,0,0
178000,18.9,0,5,0.6,0.21,0,0,35,1,0,15,False,True,0,0,54,41,30,4.06,AI is off,AI is off,AI is off,AI is off,Not paired,AI is off,0,0,0
180000,18.8,0,5,0.6,0.21,0,0,35,1,0,15,False,True,0,0,53,40,29,4.06,AI is off,AI is off,AI is off,AI is off,Not paired,AI is off,0,0,0
182000,19,0,5,0.6,0.21,0,0,35,1,0,15,False,True,0,0,53,39,27,4.06,AI is off,AI is off,AI is off,AI is off,Not paired,AI is off,0,0,0
184000,18.9,0,5,0.6,0.21,0,0,35,1,0,15,False,True,0,0,53,39,27,4.06,AI is off,AI is off,AI is off,AI is off,Not paired,AI is off,0,0,0
186000,18.9,0,5,0.6,0.21,0,0,34,1,0,15,False,True,0,0,54,39,27,4.06,AI is off,AI is off,AI is off,AI is off,Not paired,AI is off,0,0,0
188000,19,0,5,0.61,0.21,0,0,34,1,0,14,False,True,0,0,53,39,27,4.06,AI is off,AI is off,AI is off,AI is off,Not paired,AI is off,0,0,0
190000,19.1,0,5,0.6,0.21,0,0,34,1,0,14,False,True,0,0,54,40,28,4.06,AI is off,AI is off,AI is off,AI is off,Not paired,AI is off,0,0,0
192000,19.2,0,5,0.61,0.21,0,0,33,1,0,14,False,True,0,0,54,40,28,4.06,AI is off,AI is off,AI is off,AI is off,Not paired,AI is off,0,0,0
194000,19.1,0,5,0.61,0.21,0,0,33,1,0,14,False,True,0,0,54,39,28,4.06,AI is off,AI is off,AI is off,AI is off,Not paired,AI is off,0,0,0
196000,18.9,0,5,0.6,0.21,0,0,33,1,0,14,False,True,0,0,54,40,28,4.06,AI is off,AI is off,AI is off,AI is off,Not paired,AI is off,0,0,0
198000,18.7,0,5,0.6,0.21,0,0,33,1,0,14,False,True,0,0,54,39,27,4.06,AI is off,AI is off,AI is off,AI is off,Not paired,AI is off,0,0,0
200000,18.6,0,5,0.6,0.21,0,0,33,1,0,14,False,True,0,0,53,39,28,4.06,AI is off,AI is off,AI is off,AI is off,Not paired,AI is off,0,0,0
202000,18.5,0,5,0.59,0.21,0,0,35,1,0,14,False,True,0,0,55,41,30,4.06,AI is off,AI is off,AI is off,AI is off,Not paired,AI is off,0,0,0
204000,18.3,0,5,0.59,0.21,0,0,35,1,0,14,False,True,0,0,53,40,28,4.06,AI is off,AI is off,AI is off,AI is off,Not paired,AI is off,0,0,0
206000,18.5,0,5,0.59,0.21,0,0,36,1,0,14,False,True,0,0,54,41,29,4.06,AI is off,AI is off,AI is off,AI is off,Not paired,AI is off,0,0,0
208000,18.6,0,5,0.6,0.21,0,0,36,1,0,14,False,True,0,0,54,40,28,4.06,AI is off,AI is off,AI is off,AI is off,Not paired,AI is off,0,0,0
210000,18.5,0,5,0.6,0.21,0,0,36,1,0,14,False,True,0,0,55,40,30,4.06,AI is off,AI is off,AI is off,AI is off,Not paired,AI is off,0,0,0
212000,18.6,0,5,0.59,0.21,0,0,35,1,0,14,False,True,0,0,54,41,29,4.06,AI is off,AI is off,AI is off,AI is off,Not paired,AI is off,0,0,0
214000,18.6,0,5,0.6,0.21,0,0,35,1,0,14,False,True,0,0,54,39,27,4.06,AI is off,AI is off,AI is off,AI is off,Not paired,AI is off,0,0,0
216000,18.7,0,5,0.6,0.21,0,0,35,1,0,14,False,True,0,0,54,40,28,4.06,AI is off,AI is off,AI is off,AI is off,Not paired,AI is off,0,0,0
218000,18.7,0,5,0.6,0.21,0,0,35,1,0,14,False,True,0,0,55,41,30,4.06,AI is off,AI is off,AI is off,AI is off,Not paired,AI is off,0,0,0
220000,18.8,0,5,0.6,0.21,0,0,35,1,0,14,False,True,0,0,54,40,29,4.06,AI is off,AI is off,AI is off,AI is off,Not paired,AI is off,0,0,0
222000,18.9,0,5,0.6,0.21,0,0,35,1,0,14,False,True,0,0,54,39,27,4.06,AI is off,AI is off,AI is off,AI is off,Not paired,AI is off,0,0,0
224000,19.1,0,5,0.61,0.21,0,0,33,1,0,14,False,True,0,0,54,40,28,4.06,AI is off,AI is off,AI is off,AI is off,Not paired,AI is off,0,0,0
226000,19,0,5,0.61,0.21,0,0,33,1,0,14,False,True,0,0,55,40,29,4.06,AI is off,AI is off,AI is off,AI is off,Not paired,AI is off,0,0,0
228000,19.1,0,5,0.61,0.21,0,0,32,1,0,14,False,True,0,0,54,40,29,4.06,AI is off,AI is off,AI is off,AI is off,Not paired,AI is off,0,0,0
230000,19,0,5,0.6,0.21,0,0,32,1,0,14,False,True,0,0,54,39,28,4.06,AI is off,AI is off,AI is off,AI is off,Not paired,AI is off,0,0,0
232000,18.7,0,5,0.6,0.21,0,0,32,1,0,14,False,True,0,0,55,41,30,4.06,AI is off,AI is off,AI is off,AI is off,Not paired,AI is off,0,0,0
234000,18.7,0,5,0.6,0.21,0,0,32,1,0,14,False,True,0,0,55,41,30,4.06,AI is off,AI is off,AI is off,AI is off,Not paired,AI is off,0,0,0
236000,19,0,5,0.6,0.21,0,0,32,1,0,14,False,True,0,0,54,40,29,4.06,AI is off,AI is off,AI is off,AI is off,Not paired,AI is off,0,0,0
238000,19.1,0,5,0.6,0.21,0,0,32,1,0,14,False,True,0,0,54,40,29,4.06,AI is off,AI is off,AI is off,AI is off,Not paired,AI is off,0,0,0
240000,19.3,0,5,0.61,0.21,0,0,32,1,0,14,False,True,0,0,54,40,29,4.06,AI is off,AI is off,AI is off,AI is off,Not paired,AI is off,0,0,0
242000,19.6,0,5,0.61,0.21,0,0,32,1,0,14,False,True,0,0,54,41,30,4.06,AI is off,AI is off,AI is off,AI is off,Not paired,AI is off,0,0,0
244000,19.6,0,5,0.62,0.21,0,0,32,1,0,14,False,True,0,0,55,41,31,4.06,AI is off,AI is off,AI is off,AI is off,Not paired,AI is off,0,0,0
246000,19.6,0,5,0.62,0.21,0,0,30,1,0,13,False,True,0,0,55,41,30,4.06,AI is off,AI is off,AI is off,AI is off,Not paired,AI is off,0,0,0
248000,19.6,0,5,0.62,0.21,0,0,30,1,0,14,False,True,0,0,54,41,31,4.06,AI is off,AI is off,AI is off,AI is off,Not paired,AI is off,0,0,0
250000,19.5,0,5,0.62,0.21,0,0,30,1,0,14,False,True,0,0,55,41,30,4.06,AI is off,AI is off,AI is off,AI is off,Not paired,AI is off,0,0,0
252000,19.7,0,5,0.62,0.21,0,0,30,1,0,14,False,True,0,0,55,41,30,4.06,AI is off,AI is off,AI is off,AI is off,Not paired,AI is off,0,0,0
254000,19.7,0,5,0.62,0.21,0,0,30,1,0,14,False,True,0,0,56,41,30,4.06,AI is off,AI is off,AI is off,AI is off,Not paired,AI is off,0,0,0
256000,19.6,0,5,0.62,0.21,0,0,30,1,0,13,False,True,0,0,54,41,31,4.06,AI is off,AI is off,AI is off,AI is off,Not paired,AI is off,0,0,0
258000,19.5,0,5,0.62,0.21,0,0,30,1,0,13,False,True,0,0,55,41,30,4.06,AI is off,AI is off,AI is off,AI is off,Not paired,AI is off,0,0,0
260000,19.1,0,5,0.61,0.21,0,0,30,1,0,13,False,True,0,0,54,41,31,4.06,AI is off,AI is off,AI is off,AI is off,Not paired,AI is off,0,0,0
262000,19.2,0,5,0.6,0.21,0,0,32,1,0,13,False,True,0,0,55,41,30,4.06,AI is off,AI is off,AI is off,AI is off,Not paired,AI is off,0,0,0
264000,19.3,0,5,0.61,0.21,0,0,32,1,0,13,False,True,0,0,54,41,30,4.06,AI is off,AI is off,AI is off,AI is off,Not paired,AI is off,0,0,0
266000,19.3,0,5,0.61,0.21,0,0,32,1,0,13,False,True,0,0,55,42,30,4.06,AI is off,AI is off,AI is off,AI is off,Not paired,AI is off,0,0,0
268000,19.5,0,5,0.61,0.21,0,0,32,1,0,13,False,True,0,0,56,42,30,4.06,AI is off,AI is off,AI is off,AI is off,Not paired,AI is off,0,0,0
270000,19.6,0,5,0.62,0.21,0,0,32,1,0,13,False,True,0,0,55,42,30,4.06,AI is off,AI is off,AI is off,AI is off,Not paired,AI is off,0,0,0
272000,19.4,0,5,0.62,0.21,0,0,30,1,0,13,False,True,0,0,56,41,29,4.06,AI is off,AI is off,AI is off,AI is off,Not paired,AI is off,0,0,0
274000,19.4,0,5,0.61,0.21,0,0,30,1,0,13,False,True,0,0,54,39,28,4.06,AI is off,AI is off,AI is off,AI is off,Not paired,AI is off,0,0,0
276000,19.4,0,5,0.61,0.21,0,0,30,1,0,13,False,True,0,0,56,42,31,4.06,AI is off,AI is off,AI is off,AI is off,Not paired,AI is off,0,0,0
278000,19.4,0,5,0.61,0.21,0,0,30,1,0,13,False,True,0,0,56,42,30,4.06,AI is off,AI is off,AI is off,AI is off,Not paired,AI is off,0,0,0
280000,19.5,0,5,0.61,0.21,0,0,30,1,0,13,False,True,0,0,54,41,30,4.06,AI is off,AI is off,AI is off,AI is off,Not paired,AI is off,0,0,0
282000,19.4,0,5,0.61,0.21,0,0,30,1,0,13,False,True,0,0,55,41,31,4.06,AI is off,AI is off,AI is off,AI is off,Not paired,AI is off,0,0,0
284000,19.6,0,5,0.61,0.21,0,0,30,1,0,13,False,True,0,0,55,43,31,4.06,AI is off,AI is off,AI is off,AI is off,Not paired,AI is off,0,0,0
286000,19.5,0,5,0.62,0.21,0,0,30,1,0,13,False,True,0,0,55,40,29,4.06,AI is off,AI is off,AI is off,AI is off,Not paired,AI is off,0,0,0
288000,19.7,0,5,0.62,0.21,0,0,30,1,0,13,False,True,0,0,55,41,29,4.06,AI is off,AI is off,AI is off,AI is off,Not paired,AI is off,0,0,0
290000,19.8,0,5,0.62,0.21,0,0,29,1,0,13,False,True,0,0,55,41,31,4.06,AI is off,AI is off,AI is off,AI is off,Not paired,AI is off,0,0,0
292000,20,0,5,0.62,0.21,0,0,29,1,0,13,False,True,0,0,55,42,31,4.06,AI is off,AI is off,AI is off,AI is off,Not paired,AI is off,0,0,0
294000,20.1,0,5,0.63,0.21,0,0,28,1,0,13,False,True,0,0,55,42,31,4.06,AI is off,AI is off,AI is off,AI is off,Not paired,AI is off,0,0,0
296000,20.1,0,5,0.63,0.21,0,0,28,1,0,13,False,True,0,0,55,40,30,4.06,AI is off,AI is off,AI is off,AI is off,Not paired,AI is off,0,0,0
298000,19.9,0,5,0.63,0.21,0,0,28,1,0,13,False,True,0,0,54,40,29,4.06,AI is off,AI is off,AI is off,AI is off,Not paired,AI is off,0,0,0
300000,20,0,5,0.62,0.21,0,0,28,1,0,13,False,True,0,0,55,41,30,4.06,AI is off,AI is off,AI is off,AI is off,Not paired,AI is off,0,0,0
302000,20,0,5,0.63,0.21,0,0,28,1,0,13,False,True,0,0,55,41,30,4.06,AI is off,AI is off,AI is off,AI is off,Not paired,AI is off,0,0,0
304000,20.1,0,5,0.63,0.21,0,0,28,1,0,13,False,True,0,0,55,41,30,4.06,AI is off,AI is off,AI is off,AI is off,Not paired,AI is off,0,0,0
306000,20,0,5,0.63,0.21,0,0,28,1,0,13,False,True,0,0,55,40,30,4.06,AI is off,AI is off,AI is off,AI is off,Not paired,AI is off,0,0,0
308000,19.9,0,5,0.62,0.21,0,0,28,1,0,13,False,True,0,0,55,41,30,4.06,AI is off,AI is off,AI is off,AI is off,Not paired,AI is off,0,0,0
310000,19.9,0,5,0.62,0.21,0,0,28,1,0,13,False,True,0,0,55,41,30,4.06,AI is off,AI is off,AI is off,AI is off,Not paired,AI is off,0,0,0
312000,19.8,0,5,0.62,0.21,0,0,28,1,0,13,False,True,0,0,54,41,30,4.06,AI is off,AI is off,AI is off,AI is off,Not paired,AI is off,0,0,0
314000,19.7,0,5,0.62,0.21,0,0,28,1,0,13,False,True,0,0,55,41,30,4.06,AI is off,AI is off,AI is off,AI is off,Not paired,AI is off,0,0,0
316000,19.5,0,5,0.62,0.21,0,0,28,1,0,13,False,True,0,0,55,41,30,4.06,AI is off,AI is off,AI is off,AI is off,Not paired,AI is off,0,0,0
318000,19.4,0,5,0.61,0.21,0,0,28,1,0,13,False,True,0,0,55,40,29,4.06,AI is off,AI is off,AI is off,AI is off,Not paired,AI is off,0,0,0
320000,19.4,0,5,0.61,0.21,0,0,28,1,0,13,False,True,0,0,56,42,31,4.06,AI is off,AI is off,AI is off,AI is off,Not paired,AI is off,0,0,0
322000,19.3,0,5,0.61,0.21,0,0,30,1,0,13,False,True,0,0,55,41,30,4.06,AI is off,AI is off,AI is off,AI is off,Not paired,AI is off,0,0,0
324000,19.3,0,5,0.61,0.21,0,0,30,1,0,13,False,True,0,0,55,42,31,4.06,AI is off,AI is off,AI is off,AI is off,Not paired,AI is off,0,0,0
326000,19.1,0,5,0.61,0.21,0,0,30,1,0,13,False,True,0,0,55,42,30,4.06,AI is off,AI is off,AI is off,AI is off,Not paired,AI is off,0,0,0
328000,19.1,0,5,0.61,0.21,0,0,31,1,0,13,False,True,0,0,56,42,31,4.06,AI is off,AI is off,AI is off,AI is off,Not paired,AI is off,0,0,0
330000,19.1,0,5,0.61,0.21,0,0,31,1,0,13,False,True,0,0,56,42,31,4.06,AI is off,AI is off,AI is off,AI is off,Not paired,AI is off,0,0,0
332000,19,0,5,0.61,0.21,0,0,31,1,0,13,False,True,0,0,56,43,31,4.06,AI is off,AI is off,AI is off,AI is off,Not paired,AI is off,0,0,0
334000,19,0,5,0.6,0.21,0,0,31,1,0,13,False,True,0,0,56,42,30,4.06,AI is off,AI is off,AI is off,AI is off,Not paired,AI is off,0,0,0
336000,18.9,0,5,0.6,0.21,0,0,31,1,0,13,False,True,0,0,56,42,32,4.06,AI is off,AI is off,AI is off,AI is off,Not paired,AI is off,0,0,0
338000,18.8,0,5,0.6,0.21,0,0,32,1,0,13,False,True,0,0,56,43,31,4.06,AI is off,AI is off,AI is off,AI is off,Not paired,AI is off,0,0,0
340000,18.7,0,5,0.6,0.21,0,0,32,1,0,13,False,True,0,0,56,43,32,4.06,AI is off,AI is off,AI is off,AI is off,Not paired,AI is off,0,0,0
342000,18.6,0,5,0.6,0.21,0,0,32,1,0,13,False,True,0,0,55,42,31,4.06,AI is off,AI is off,AI is off,AI is off,Not paired,AI is off,0,0,0
344000,18.5,0,5,0.6,0.21,0,0,33,1,0,13,False,True,0,0,55,41,30,4.06,AI is off,AI is off,AI is off,AI is off,Not paired,AI is off,0,0,0
346000,18.5,0,5,0.59,0.21,0,0,33,1,0,13,False,True,0,0,55,42,31,4.06,AI is off,AI is off,AI is off,AI is off,Not paired,AI is off,0,0,0
348000,18.6,0,5,0.59,0.21,0,0,33,1,0,13,False,True,0,0,55,42,31,4.06,AI is off,AI is off,AI is off,AI is off,Not paired,AI is off,0,0,0
350000,18.7,0,5,0.6,0.21,0,0,33,1,0,13,False,True,0,0,55,42,31,4.06,AI is off,AI is off,AI is off,AI is off,Not paired,AI is off,0,0,0
352000,18.9,0,5,0.6,0.21,0,0,33,1,0,13,False,True,0,0,54,41,30,4.06,AI is off,AI is off,AI is off,AI is off,Not paired,AI is off,0,0,0
354000,19.1,0,5,0.6,0.21,0,0,33,1,0,13,False,True,0,0,54,42,31,4.06,AI is off,AI is off,AI is off,AI is off,Not paired,AI is off,0,0,0
356000,19.2,0,5,0.61,0.21,0,0,30,1,0,13,False,True,0,0,54,41,31,4.06,AI is off,AI is off,AI is off,AI is off,Not paired,AI is off,0,0,0
358000,19.3,0,5,0.61,0.21,0,0,30,1,0,13,False,True,0,0,55,42,31,4.06,AI is off,AI is off,AI is off,AI is off,Not paired,AI is off,0,0,0
360000,19.4,0,5,0.61,0.21,0,0,29,1,0,13,False,True,0,0,55,41,31,4.06,AI is off,AI is off,AI is off,AI is off,Not paired,AI is off,0,0,0
362000,19.6,0,5,0.62,0.21,0,0,29,1,0,13,False,True,0,0,54,41,30,4.06,AI is off,AI is off,AI is off,AI is off,Not paired,AI is off,0,0,0
364000,19.7,0,5,0.62,0.21,0,0,29,1,0,13,False,True,0,0,54,42,30,4.06,AI is off,AI is off,AI is off,AI is off,Not paired,AI is off,0,0,0
366000,19.8,0,5,0.62,0.21,0,0,29,1,0,13,False,True,0,0,55,41,30,4.06,AI is off,AI is off,AI is off,AI is off,Not paired,AI is off,0,0,0
368000,20,0,5,0.62,0.21,0,0,29,1,0,13,False,True,0,0,56,42,31,4.06,AI is off,AI is off,AI is off,AI is off,Not paired,AI is off,0,0,0
370000,20.1,0,5,0.63,0.21,0,0,29,1,0,13,False,True,0,0,55,41,31,4.06,AI is off,AI is off,AI is off,AI is off,Not paired,AI is off,0,0,0
372000,20.3,0,5,0.63,0.21,0,0,26,1,0,13,False,True,0,0,55,42,31,4.06,AI is off,AI is off,AI is off,AI is off,Not paired,AI is off,0,0,0
374000,20.6,0,5,0.64,0.21,0,0,26,1,0,13,False,True,0,0,54,41,32,4.06,AI is off,AI is off,AI is off,AI is off,Not paired,AI is off,0,0,0
376000,20.8,0,5,0.64,0.21,0,0,26,1,0,13,False,True,0,0,54,42,30,4.06,AI is off,AI is off,AI is off,AI is off,Not paired,AI is off,0,0,0
378000,21,0,6,0.65,0.21,0,0,24,1,0,13,False,True,0,0,54,42,31,4.06,AI is off,AI is off,AI is off,AI is off,Not paired,AI is off,0,0,0
380000,21.2,0,6,0.65,0.21,0,0,24,1,0,13,False,True,0,0,54,42,31,4.06,AI is off,AI is off,AI is off,AI is off,Not paired,AI is off,0,0,0
382000,21.3,0,6,0.65,0.21,0,0,24,1,0,13,False,True,0,0,54,41,31,4.06,AI is off,AI is off,AI is off,AI is off,Not paired,AI is off,0,0,0
384000,21.4,0,6,0.66,0.21,0,0,24,1,0,13,False,True,0,0,54,41,30,4.06,AI is off,AI is off,AI is off,AI is off,Not paired,AI is off,0,0,0
386000,21.7,0,6,0.66,0.21,0,0,24,1,0,13,False,True,0,0,55,40,29,4.06,AI is off,AI is off,AI is off,AI is off,Not paired,AI is off,0,0,0
388000,21.9,0,6,0.66,0.21,0,0,21,1,0,13,False,True,0,0,55,42,30,4.06,AI is off,AI is off,AI is off,AI is off,Not paired,AI is off,0,0,0
390000,22.1,0,6,0.67,0.21,0,0,21,1,0,13,False,True,0,0,55,41,31,4.06,AI is off,AI is off,AI is off,AI is off,Not paired,AI is off,0,0,0
392000,22.4,0,6,0.67,0.21,0,0,21,1,0,13,False,True,0,0,55,42,31,4.06,AI is off,AI is off,AI is off,AI is off,Not paired,AI is off,0,0,0
394000,22.6,0,6,0.68,0.21,0,0,19,1,0,13,False,True,0,0,55,42,30,4.06,AI is off,AI is off,AI is off,AI is off,Not paired,AI is off,0,0,0
396000,22.7,0,6,0.68,0.21,0,0,19,1,0,13,False,True,0,0,55,42,31,4.06,AI is off,AI is off,AI is off,AI is off,Not paired,AI is off,0,0,0
398000,22.9,0,6,0.69,0.21,0,0,19,1,0,13,False,True,0,0,55,42,30,4.06,AI is off,AI is off,AI is off,AI is off,Not paired,AI is off,0,0,0
400000,22.9,0,6,0.68,0.21,0,0,19,1,0,13,False,True,0,0,55,42,31,4.06,AI is off,AI is off,AI is off,AI is off,Not paired,AI is off,0,0,0
402000,23,0,6,0.69,0.21,0,0,19,1,0,13,False,True,0,0,54,41,31,4.06,AI is off,AI is off,AI is off,AI is off,Not paired,AI is off,0,0,0
404000,22.9,0,6,0.69,0.21,0,0,18,1,0,13,False,True,0,0,54,42,31,4.06,AI is off,AI is off,AI is off,AI is off,Not paired,AI is off,0,0,0
406000,23,0,6,0.69,0.21,0,0,18,1,0,13,False,True,0,0,54,42,30,4.06,AI is off,AI is off,AI is off,AI is off,Not paired,AI is off,0,0,0
408000,23,0,6,0.69,0.21,0,0,18,1,0,13,False,True,0,0,55,42,31,4.06,AI is off,AI is off,AI is off,AI is off,Not paired,AI is off,0,0,0
410000,22.8,0,6,0.68,0.21,0,0,18,1,0,13,False,True,0,0,55,42,31,4.06,AI is off,AI is off,AI is off,AI is off,Not paired,AI is off,0,0,0
412000,22.7,0,6,0.68,0.21,0,0,18,1,0,13,False,True,0,0,56,43,32,4.06,AI is off,AI is off,AI is off,AI is off,Not paired,AI is off,0,0,0
414000,22.6,0,6,0.68,0.21,0,0,18,1,0,13,False,True,0,0,54,42,31,4.06,AI is off,AI is off,AI is off,AI is off,Not paired,AI is off,0,0,0
416000,22.4,0,6,0.68,0.21,0,0,18,1,0,13,False,True,0,0,55,42,32,4.06,AI is off,AI is off,AI is off,AI is off,Not paired,AI is off,0,0,0
418000,22.3,0,6,0.67,0.21,0,0,18,1,0,13,False,True,0,0,55,42,31,4.06,AI is off,AI is off,AI is off,AI is off,Not paired,AI is off,0,0,0
420000,22.5,0,6,0.68,0.21,0,0,18,1,0,13,False,True,0,0,56,43,33,4.06,AI is off,AI is off,AI is off,AI is off,Not paired,AI is off,0,0,0
422000,22.8,0,6,0.68,0.21,0,0,18,1,0,13,False,True,0,0,54,42,30,4.06,AI is off,AI is off,AI is off,AI is off,Not paired,AI is off,0,0,0
424000,23,0,6,0.69,0.21,0,0,18,1,0,13,False,True,0,0,55,42,32,4.06,AI is off,AI is off,AI is off,AI is off,Not paired,AI is off,0,0,0
426000,22.9,0,6,0.69,0.21,0,0,18,1,0,13,False,True,0,0,55,42,31,4.06,AI is off,AI is off,AI is off,AI is off,Not paired,AI is off,0,0,0
428000,22.8,0,6,0.68,0.21,0,0,18,1,0,13,False,True,0,0,55,43,32,4.06,AI is off,AI is off,AI is off,AI is off,Not paired,AI is off,0,0,0
430000,22.8,0,6,0.68,0.21,0,0,18,1,0,13,False,True,0,0,55,42,31,4.06,AI is off,AI is off,AI is off,AI is off,Not paired,AI is off,0,0,0
432000,22.7,0,6,0.68,0.21,0,0,18,1,0,13,False,True,0,0,55,41,30,4.06,AI is off,AI is off,AI is off,AI is off,Not paired,AI is off,0,0,0
434000,22,0,6,0.67,0.21,0,0,18,1,0,13,False,True,0,0,56,42,31,4.06,AI is off,AI is off,AI is off,AI is off,Not paired,AI is off,0,0,0
436000,21.2,0,6,0.65,0.21,0,0,21,1,0,13,False,True,0,0,56,42,31,4.06,AI is off,AI is off,AI is off,AI is off,Not paired,AI is off,0,0,0
438000,20.4,0,6,0.64,0.21,0,0,21,1,0,13,False,True,0,0,55,41,31,4.06,AI is off,AI is off,AI is off,AI is off,Not paired,AI is off,0,0,0
440000,20.1,0,6,0.63,0.21,0,0,21,1,0,13,False,True,0,0,55,42,31,4.06,AI is off,AI is off,AI is off,AI is off,Not paired,AI is off,0,0,0
442000,20.2,0,5,0.63,0.21,0,0,25,1,0,13,False,True,0,0,56,42,30,4.06,AI is off,AI is off,AI is off,AI is off,Not paired,AI is off,0,0,0
444000,20.3,0,5,0.63,0.21,0,0,25,1,0,13,False,True,0,0,54,41,32,4.06,AI is off,AI is off,AI is off,AI is off,Not paired,AI is off,0,0,0
446000,20.2,0,5,0.63,0.21,0,0,25,1,0,13,False,True,0,0,55,42,31,4.06,AI is off,AI is off,AI is off,AI is off,Not paired,AI is off,0,0,0
448000,19.8,0,5,0.62,0.21,0,0,25,1,0,13,False,True,0,0,55,42,32,4.06,AI is off,AI is off,AI is off,AI is off,Not paired,AI is off,0,0,0
450000,19.4,0,5,0.61,0.21,0,0,25,1,0,13,False,True,0,0,55,42,31,4.06,AI is off,AI is off,AI is off,AI is off,Not paired,AI is off,0,0,0
452000,19.2,0,5,0.61,0.21,0,0,25,1,0,13,False,True,0,0,56,42,31,4.06,AI is off,AI is off,AI is off,AI is off,Not paired,AI is off,0,0,0
454000,19.2,0,5,0.61,0.21,0,0,25,1,0,13,False,True,0,0,54,42,32,4.06,AI is off,AI is off,AI is off,AI is off,Not paired,AI is off,0,0,0
456000,19,0,5,0.61,0.21,0,0,25,1,0,13,False,True,0,0,55,41,31,4.06,AI is off,AI is off,AI is off,AI is off,Not paired,AI is off,0,0,0
458000,18.7,0,5,0.6,0.21,0,0,29,1,0,13,False,True,0,0,55,41,31,4.06,AI is off,AI is off,AI is off,AI is off,Not paired,AI is off,0,0,0
460000,18.6,0,5,0.6,0.21,0,0,29,1,0,13,False,True,0,0,55,42,31,4.06,AI is off,AI is off,AI is off,AI is off,Not paired,AI is off,0,0,0
462000,18.7,0,5,0.6,0.21,0,0,29,1,0,13,False,True,0,0,55,42,32,4.06,AI is off,AI is off,AI is off,AI is off,Not paired,AI is off,0,0,0
464000,18.9,0,5,0.6,0.21,0,0,29,1,0,13,False,True,0,0,56,42,32,4.06,AI is off,AI is off,AI is off,AI is off,Not paired,AI is off,0,0,0
466000,19.5,0,5,0.61,0.21,0,0,29,1,0,13,False,True,0,0,56,42,32,4.06,AI is off,AI is off,AI is off,AI is off,Not paired,AI is off,0,0,0
468000,20.3,0,5,0.63,0.21,0,0,29,1,0,13,False,True,0,0,55,42,31,4.06,AI is off,AI is off,AI is off,AI is off,Not paired,AI is off,0,0,0
470000,20.6,0,5,0.64,0.21,0,0,29,1,0,13,False,True,0,0,54,41,31,4.06,AI is off,AI is off,AI is off,AI is off,Not paired,AI is off,0,0,0
472000,21,0,5,0.64,0.21,0,0,29,1,0,13,False,True,0,0,55,41,30,4.06,AI is off,AI is off,AI is off,AI is off,Not paired,AI is off,0,0,0
474000,21.4,0,5,0.65,0.21,0,0,29,1,0,13,False,True,0,0,55,42,31,4.06,AI is off,AI is off,AI is off,AI is off,Not paired,AI is off,0,0,0
476000,21.6,0,6,0.66,0.21,0,0,20,1,0,13,False,True,0,0,54,41,31,4.06,AI is off,AI is off,AI is off,AI is off,Not paired,AI is off,0,0,0
478000,21.8,0,6,0.66,0.21,0,0,20,1,0,13,False,True,0,0,55,42,32,4.06,AI is off,AI is off,AI is off,AI is off,Not paired,AI is off,0,0,0
480000,22.1,0,6,0.67,0.21,0,0,19,1,0,13,False,True,0,0,55,41,31,4.06,AI is off,AI is off,AI is off,AI is off,Not paired,AI is off,0,0,0
482000,22.2,0,6,0.67,0.21,0,0,19,1,0,13,False,True,0,0,54,41,31,4.06,AI is off,AI is off,AI is off,AI is off,Not paired,AI is off,0,0,0
484000,22.4,0,6,0.67,0.21,0,0,19,1,0,13,False,True,0,0,54,40,30,4.06,AI is off,AI is off,AI is off,AI is off,Not paired,AI is off,0,0,0
486000,22.8,0,6,0.68,0.21,0,0,19,1,0,13,False,True,0,0,54,41,31,4.06,AI is off,AI is off,AI is off,AI is off,Not paired,AI is off,0,0,0
488000,22.9,0,6,0.69,0.21,0,0,19,1,0,13,False,True,0,0,55,42,32,4.06,AI is off,AI is off,AI is off,AI is off,Not paired,AI is off,0,0,0
490000,23,0,6,0.69,0.21,0,0,19,1,0,13,False,True,0,0,55,42,31,4.06,AI is off,AI is off,AI is off,AI is off,Not paired,AI is off,0,0,0
492000,23.1,0,6,0.69,0.21,0,0,16,1,0,13,False,True,0,0,55,42,31,4.06,AI is off,AI is off,AI is off,AI is off,Not paired,AI is off,0,0,0
494000,23.2,0,6,0.69,0.21,0,0,16,1,0,13,False,True,0,0,55,42,32,4.06,AI is off,AI is off,AI is off,AI is off,Not paired,AI is off,0,0,0
496000,23.3,0,6,0.69,0.21,0,0,16,1,0,13,False,True,0,0,55,42,31,4.06,AI is off,AI is off,AI is off,AI is off,Not paired,AI is off,0,0,0
498000,23.5,0,6,0.7,0.21,0,0,16,1,0,13,False,True,0,0,53,42,32,4.06,AI is off,AI is off,AI is off,AI is off,Not paired,AI is off,0,0,0
500000,23.8,0,6,0.7,0.21,0,0,16,1,0,13,False,True,0,0,55,42,31,4.06,AI is off,AI is off,AI is off,AI is off,Not paired,AI is off,0,0,0
502000,24.1,0,6,0.71,0.21,0,0,16,1,0,12,False,True,0,0,55,42,31,4.06,AI is off,AI is off,AI is off,AI is off,Not paired,AI is off,0,0,0
504000,24.1,0,6,0.71,0.21,0,0,16,1,0,12,False,True,0,0,56,42,31,4.06,AI is off,AI is off,AI is off,AI is off,Not paired,AI is off,0,0,0
506000,24.3,0,6,0.71,0.21,0,0,16,1,0,12,False,True,0,0,54,41,31,4.06,AI is off,AI is off,AI is off,AI is off,Not paired,AI is off,0,0,0
508000,24.4,0,6,0.72,0.21,0,0,14,1,0,12,False,True,0,0,54,42,31,4.06,AI is off,AI is off,AI is off,AI is off,Not paired,AI is off,0,0,0
510000,24.5,0,6,0.72,0.21,0,0,14,1,0,12,False,True,0,0,55,41,31,4.06,AI is off,AI is off,AI is off,AI is off,Not paired,AI is off,0,0,0
512000,24.6,0,6,0.72,0.21,0,0,14,1,0,12,False,True,0,0,55,41,30,4.06,AI is off,AI is off,AI is off,AI is off,Not paired,AI is off,0,0,0
514000,24.3,0,6,0.72,0.21,0,0,14,1,0,12,False,True,0,0,54,41,31,4.06,AI is off,AI is off,AI is off,AI is off,Not paired,AI is off,0,0,0
516000,24.4,0,6,0.72,0.21,0,0,14,1,0,12,False,True,0,0,55,42,31,4.06,AI is off,AI is off,AI is off,AI is off,Not paired,AI is off,0,0,0
518000,24.2,0,6,0.71,0.21,0,0,14,1,0,12,False,True,0,0,54,42,32,4.06,AI is off,AI is off,AI is off,AI is off,Not paired,AI is off,0,0,0
520000,24.2,0,6,0.71,0.21,0,0,14,1,0,12,False,True,0,0,54,41,31,4.06,AI is off,AI is off,AI is off,AI is off,Not paired,AI is off,0,0,0
522000,24.2,0,6,0.71,0.21,0,0,14,1,0,12,False,True,0,0,55,41,30,4.06,AI is off,AI is off,AI is off,AI is off,Not paired,AI is off,0,0,0
524000,24,0,6,0.71,0.21,0,0,14,1,0,12,False,True,0,0,55,42,31,4.06,AI is off,AI is off,AI is off,AI is off,Not paired,AI is off,0,0,0
526000,23.9,0,6,0.71,0.21,0,0,14,1,0,12,False,True,0,0,54,41,30,4.06,AI is off,AI is off,AI is off,AI is off,Not paired,AI is off,0,0,0
528000,23.8,0,6,0.71,0.21,0,0,14,1,0,12,False,True,0,0,54,41,31,4.06,AI is off,AI is off,AI is off,AI is off,Not paired,AI is off,0,0,0
530000,23.9,0,6,0.71,0.21,0,0,14,1,0,12,False,True,0,0,56,42,31,4.06,AI is off,AI is off,AI is off,AI is off,Not paired,AI is off,0,0,0
532000,23.6,0,6,0.7,0.21,0,0,14,1,0,12,False,True,0,0,54,41,31,4.06,AI is off,AI is off,AI is off,AI is off,Not paired,AI is off,0,0,0
534000,23.5,0,6,0.7,0.21,0,0,14,1,0,12,False,True,0,0,55,42,31,4.06,AI is off,AI is off,AI is off,AI is off,Not paired,AI is off,0,0,0
536000,23.5,0,6,0.7,0.21,0,0,14,1,0,12,False,True,0,0,55,42,31,4.06,AI is off,AI is off,AI is off,AI is off,Not paired,AI is off,0,0,0
538000,23.4,0,6,0.7,0.21,0,0,14,1,0,12,False,True,0,0,55,42,31,4.06,AI is off,AI is off,AI is off,AI is off,Not paired,AI is off,0,0,0
540000,23.3,0,6,0.69,0.21,0,0,14,1,0,12,False,True,0,0,54,41,31,4.06,AI is off,AI is off,AI is off,AI is off,Not paired,AI is off,0,0,0
542000,23.2,0,6,0.69,0.21,0,0,15,1,0,12,False,True,0,0,55,42,31,4.06,AI is off,AI is off,AI is off,AI is off,Not paired,AI is off,0,0,0
544000,23,0,6,0.69,0.21,0,0,15,1,0,12,False,True,0,0,55,43,31,4.06,AI is off,AI is off,AI is off,AI is off,Not paired,AI is off,0,0,0
546000,22.9,0,6,0.69,0.21,0,0,16,1,0,12,False,True,0,0,56,43,32,4.06,AI is off,AI is off,AI is off,AI is off,Not paired,AI is off,0,0,0
548000,22.6,0,6,0.68,0.21,0,0,16,1,0,12,False,True,0,0,54,42,31,4.06,AI is off,AI is off,AI is off,AI is off,Not paired,AI is off,0,0,0
550000,22.5,0,6,0.68,0.21,0,0,16,1,0,12,False,True,0,0,55,42,31,4.06,AI is off,AI is off,AI is off,AI is off,Not paired,AI is off,0,0,0
552000,22.5,0,6,0.68,0.21,0,0,16,1,0,12,False,True,0,0,55,43,32,4.06,AI is off,AI is off,AI is off,AI is off,Not paired,AI is off,0,0,0
554000,22.4,0,6,0.68,0.21,0,0,16,1,0,12,False,True,0,0,56,43,32,4.06,AI is off,AI is off,AI is off,AI is off,Not paired,AI is off,0,0,0
556000,22.4,0,6,0.68,0.21,0,0,16,1,0,12,False,True,0,0,56,43,32,4.06,AI is off,AI is off,AI is off,AI is off,Not paired,AI is off,0,0,0
558000,22.4,0,6,0.68,0.21,0,0,17,1,0,12,False,True,0,0,54,42,31,4.06,AI is off,AI is off,AI is off,AI is off,Not paired,AI is off,0,0,0
560000,22.3,0,6,0.67,0.21,0,0,17,1,0,12,False,True,0,0,54,41,31,4.06,AI is off,AI is off,AI is off,AI is off,Not paired,AI is off,0,0,0
562000,22.2,0,6,0.67,0.21,0,0,17,1,0,12,False,True,0,0,54,41,31,4.06,AI is off,AI is off,AI is off,AI is off,Not paired,AI is off,0,0,0
564000,22.1,0,6,0.67,0.21,0,0,17,1,0,12,False,True,0,0,55,42,31,4.06,AI is off,AI is off,AI is off,AI is off,Not paired,AI is off,0,0,0
566000,22.1,0,6,0.67,0.21,0,0,17,1,0,12,False,True,0,0,56,43,32,4.06,AI is off,AI is off,AI is off,AI is off,Not paired,AI is off,0,0,0
568000,22.1,0,6,0.67,0.21,0,0,17,1,0,12,False,True,0,0,56,43,32,4.06,AI is off,AI is off,AI is off,AI is off,Not paired,AI is off,0,0,0
570000,22.1,0,6,0.67,0.21,0,0,17,1,0,12,False,True,0,0,55,41,31,4.06,AI is off,AI is off,AI is off,AI is off,Not paired,AI is off,0,0,0
572000,22,0,6,0.67,0.21,0,0,17,1,0,12,False,True,0,0,56,43,32,4.06,AI is off,AI is off,AI is off,AI is off,Not paired,AI is off,0,0,0
574000,22,0,6,0.67,0.21,0,0,17,1,0,12,False,True,0,0,54,41,32,4.06,AI is off,AI is off,AI is off,AI is off,Not paired,AI is off,0,0,0
576000,22,0,6,0.67,0.21,0,0,17,1,0,12,False,True,0,0,55,42,32,4.06,AI is off,AI is off,AI is off,AI is off,Not paired,AI is off,0,0,0
578000,22.1,0,6,0.67,0.21,0,0,17,1,0,12,False,True,0,0,55,42,32,4.06,AI is off,AI is off,AI is off,AI is off,Not paired,AI is off,0,0,0
580000,22.2,0,6,0.67,0.21,0,0,17,1,0,12,False,True,0,0,56,42,32,4.06,AI is off,AI is off,AI is off,AI is off,Not paired,AI is off,0,0,0
582000,22.2,0,6,0.67,0.21,0,0,17,1,0,12,False,True,0,0,54,41,31,4.06,AI is off,AI is off,AI is off,AI is off,Not paired,AI is off,0,0,0
584000,22.2,0,6,0.67,0.21,0,0,17,1,0,12,False,True,0,0,55,41,31,4.06,AI is off,AI is off,AI is off,AI is off,Not paired,AI is off,0,0,0
586000,22,0,6,0.67,0.21,0,0,17,1,0,12,False,True,0,0,55,42,31,4.06,AI is off,AI is off,AI is off,AI is off,Not paired,AI is off,0,0,0
588000,21.9,0,6,0.67,0.21,0,0,17,1,0,12,False,True,0,0,55,41,31,4.06,AI is off,AI is off,AI is off,AI is off,Not paired,AI is off,0,0,0
590000,21.6,0,6,0.66,0.21,0,0,18,1,0,12,False,True,0,0,56,43,32,4.06,AI is off,AI is off,AI is off,AI is off,Not paired,AI is off,0,0,0
592000,21.8,0,6,0.66,0.21,0,0,18,1,0,12,False,True,0,0,54,42,31,4.06,AI is off,AI is off,AI is off,AI is off,Not paired,AI is off,0,0,0
594000,22,0,6,0.67,0.21,0,0,18,1,0,12,False,True,0,0,54,42,32,4.06,AI is off,AI is off,AI is off,AI is off,Not paired,AI is off,0,0,0
596000,22.1,0,6,0.67,0.21,0,0,17,1,0,12,False,True,0,0,54,41,30,4.06,AI is off,AI is off,AI is off,AI is off,Not paired,AI is off,0,0,0
598000,22.1,0,6,0.67,0.21,0,0,17,1,0,12,False,True,0,0,55,41,31,4.06,AI is off,AI is off,AI is off,AI is off,Not paired,AI is off,0,0,0
600000,22,0,6,0.67,0.21,0,0,17,1,0,12,False,True,0,0,55,41,32,4.06,AI is off,AI is off,AI is off,AI is off,Not paired,AI is off,0,0,0
602000,22.1,0,6,0.67,0.21,0,0,17,1,0,12,False,True,0,0,56,42,32,4.06,AI is off,AI is off,AI is off,AI is off,Not paired,AI is off,0,0,0
604000,22.4,0,6,0.67,0.21,0,0,17,1,0,12,False,True,0,0,56,43,33,4.06,AI is off,AI is off,AI is off,AI is off,Not paired,AI is off,0,0,0
606000,22.6,0,6,0.68,0.21,0,0,17,1,0,12,False,True,0,0,55,42,32,4.06,AI is off,AI is off,AI is off,AI is off,Not paired,AI is off,0,0,0
608000,22.7,0,6,0.68,0.21,0,0,15,1,0,12,False,True,0,0,55,41,31,4.06,AI is off,AI is off,AI is off,AI is off,Not paired,AI is off,0,0,0
610000,22.9,0,6,0.69,0.21,0,0,15,1,0,12,False,True,0,0,54,41,31,4.06,AI is off,AI is off,AI is off,AI is off,Not paired,AI is off,0,0,0
612000,23.1,0,6,0.69,0.21,0,0,14,1,0,12,False,True,0,0,55,41,31,4.06,AI is off,AI is off,AI is off,AI is off,Not paired,AI is off,0,0,0
614000,23.2,0,6,0.69,0.21,0,0,14,1,0,12,False,True,0,0,56,43,33,4.06,AI is off,AI is off,AI is off,AI is off,Not paired,AI is off,0,0,0
616000,23.3,0,6,0.69,0.21,0,0,14,1,0,12,False,True,0,0,55,41,31,4.06,AI is off,AI is off,AI is off,AI is off,Not paired,AI is off,0,0,0
618000,23.5,0,6,0.7,0.21,0,0,14,1,0,12,False,True,0,0,56,44,33,4.06,AI is off,AI is off,AI is off,AI is off,Not paired,AI is off,0,0,0
620000,23.7,0,6,0.7,0.21,0,0,14,1,0,12,False,True,0,0,56,43,33,4.06,AI is off,AI is off,AI is off,AI is off,Not paired,AI is off,0,0,0
622000,24,0,6,0.71,0.21,0,0,14,1,0,12,False,True,0,0,56,44,33,4.06,AI is off,AI is off,AI is off,AI is off,Not paired,AI is off,0,0,0
624000,24.1,0,6,0.71,0.21,0,0,13,1,0,12,False,True,0,0,56,44,33,4.06,AI is off,AI is off,AI is off,AI is off,Not paired,AI is off,0,0,0
626000,24.1,0,6,0.71,0.21,0,0,13,1,0,12,False,True,0,0,55,41,31,4.06,AI is off,AI is off,AI is off,AI is off,Not paired,AI is off,0,0,0
628000,24.3,0,6,0.71,0.21,0,0,13,1,0,12,False,True,0,0,54,40,30,4.06,AI is off,AI is off,AI is off,AI is off,Not paired,AI is off,0,0,0
630000,24.5,0,6,0.72,0.21,0,0,12,1,0,12,False,True,0,0,55,42,31,4.06,AI is off,AI is off,AI is off,AI is off,Not paired,AI is off,0,0,0
632000,24.5,0,6,0.72,0.21,0,0,12,1,0,12,False,True,0,0,55,42,31,4.06,AI is off,AI is off,AI is off,AI is off,Not paired,AI is off,0,0,0
634000,24.5,0,6,0.72,0.21,0,0,12,1,0,12,False,True,0,0,55,42,32,4.06,AI is off,AI is off,AI is off,AI is off,Not paired,AI is off,0,0,0
636000,24.8,0,6,0.72,0.21,0,0,12,1,0,12,False,True,0,0,55,42,31,4.06,AI is off,AI is off,AI is off,AI is off,Not paired,AI is off,0,0,0
638000,25,0,6,0.73,0.21,0,0,12,1,0,12,False,True,0,0,54,41,32,4.06,AI is off,AI is off,AI is off,AI is off,Not paired,AI is off,0,0,0
640000,25,0,6,0.73,0.21,0,0,11,1,0,12,False,True,0,0,56,43,33,4.06,AI is off,AI is off,AI is off,AI is off,Not paired,AI is off,0,0,0
642000,25,0,6,0.73,0.21,0,0,11,1,0,12,False,True,0,0,56,43,33,4.06,AI is off,AI is off,AI is off,AI is off,Not paired,AI is off,0,0,0
644000,25.1,0,6,0.73,0.21,0,0,11,1,0,12,False,True,0,0,55,41,31,4.06,AI is off,AI is off,AI is off,AI is off,Not paired,AI is off,0,0,0
646000,25.3,0,6,0.73,0.21,0,0,11,1,0,12,False,True,0,0,55,42,33,4.06,AI is off,AI is off,AI is off,AI is off,Not paired,AI is off,0,0,0
648000,25.3,0,6,0.74,0.21,0,0,11,1,0,12,False,True,0,0,55,42,31,4.06,AI is off,AI is off,AI is off,AI is off,Not paired,AI is off,0,0,0
650000,25.4,0,6,0.74,0.21,0,0,11,1,0,12,False,True,0,0,55,41,31,4.06,AI is off,AI is off,AI is off,AI is off,Not paired,AI is off,0,0,0
652000,25.4,0,6,0.74,0.21,0,0,11,1,0,12,False,True,0,0,55,42,32,4.06,AI is off,AI is off,AI is off,AI is off,Not paired,AI is off,0,0,0
654000,25.4,0,6,0.74,0.21,0,0,11,1,0,12,False,True,0,0,54,42,31,4.06,AI is off,AI is off,AI is off,AI is off,Not paired,AI is off,0,0,0
656000,25.5,0,6,0.74,0.21,0,0,10,1,0,12,False,True,0,0,54,41,31,4.06,AI is off,AI is off,AI is off,AI is off,Not paired,AI is off,0,0,0
658000,25.4,0,6,0.74,0.21,0,0,10,1,0,12,False,True,0,0,56,43,32,4.06,AI is off,AI is off,AI is off,AI is off,Not paired,AI is off,0,0,0
660000,25.4,0,6,0.74,0.21,0,0,10,1,0,12,False,True,0,0,55,42,32,4.06,AI is off,AI is off,AI is off,AI is off,Not paired,AI is off,0,0,0
662000,25.5,0,6,0.74,0.21,0,0,10,1,0,12,False,True,0,0,55,41,31,4.06,AI is off,AI is off,AI is off,AI is off,Not paired,AI is off,0,0,0
664000,25.6,0,6,0.74,0.21,0,0,10,1,0,12,False,True,0,0,54,42,31,4.06,AI is off,AI is off,AI is off,AI is off,Not paired,AI is off,0,0,0
666000,25.8,0,6,0.75,0.21,0,0,10,1,0,12,False,True,0,0,54,42,31,4.06,AI is off,AI is off,AI is off,AI is off,Not paired,AI is off,0,0,0
668000,26,0,6,0.75,0.21,0,0,10,1,0,12,False,True,0,0,56,42,31,4.06,AI is off,AI is off,AI is off,AI is off,Not paired,AI is off,0,0,0
670000,26.1,0,6,0.75,0.21,0,0,10,1,0,12,False,True,0,0,55,41,32,4.06,AI is off,AI is off,AI is off,AI is off,Not paired,AI is off,0,0,0
672000,26.2,0,6,0.75,0.21,0,0,10,1,0,12,False,True,0,0,54,41,31,4.06,AI is off,AI is off,AI is off,AI is off,Not paired,AI is off,0,0,0
674000,26.2,0,6,0.75,0.21,0,0,9,1,0,12,False,True,0,0,55,41,30,4.06,AI is off,AI is off,AI is off,AI is off,Not paired,AI is off,0,0,0
676000,26.3,0,6,0.76,0.21,0,0,9,1,0,12,False,True,0,0,55,42,31,4.06,AI is off,AI is off,AI is off,AI is off,Not paired,AI is off,0,0,0
678000,26.2,0,6,0.76,0.21,0,0,9,1,0,12,False,True,0,0,55,43,32,4.06,AI is off,AI is off,AI is off,AI is off,Not paired,AI is off,0,0,0
680000,26.3,0,6,0.76,0.21,0,0,9,1,0,12,False,True,0,0,55,42,31,4.06,AI is off,AI is off,AI is off,AI is off,Not paired,AI is off,0,0,0
682000,26.1,0,6,0.76,0.21,0,0,9,1,0,12,False,True,0,0,55,42,31,4.06,AI is off,AI is off,AI is off,AI is off,Not paired,AI is off,0,0,0
684000,26.1,0,6,0.75,0.21,0,0,9,1,0,12,False,True,0,0,55,42,30,4.06,AI is off,AI is off,AI is off,AI is off,Not paired,AI is off,0,0,0
686000,26.2,0,6,0.76,0.21,0,0,9,1,0,12,False,True,0,0,55,41,30,4.06,AI is off,AI is off,AI is off,AI is off,Not paired,AI is off,0,0,0
688000,26.3,0,6,0.76,0.21,0,0,9,1,0,12,False,True,0,0,55,42,31,4.06,AI is off,AI is off,AI is off,AI is off,Not paired,AI is off,0,0,0
690000,26.5,0,6,0.76,0.21,0,0,9,1,0,12,False,True,0,0,56,42,31,4.06,AI is off,AI is off,AI is off,AI is off,Not paired,AI is off,0,0,0
692000,26.9,0,6,0.77,0.21,0,0,9,1,0,12,False,True,0,0,55,42,32,4.06,AI is off,AI is off,AI is off,AI is off,Not paired,AI is off,0,0,0
694000,26.8,0,6,0.77,0.21,0,0,9,1,0,12,False,True,0,0,55,41,30,4.06,AI is off,AI is off,AI is off,AI is off,Not paired,AI is off,0,0,0
696000,26.6,0,6,0.77,0.21,0,0,8,1,0,12,False,True,0,0,54,40,30,4.06,AI is off,AI is off,AI is off,AI is off,Not paired,AI is off,0,0,0
698000,26.6,0,6,0.76,0.21,0,0,8,1,0,12,False,True,0,0,56,42,32,4.06,AI is off,AI is off,AI is off,AI is off,Not paired,AI is off,0,0,0
700000,26.5,0,6,0.76,0.21,0,0,8,1,0,12,False,True,0,0,54,41,30,4.06,AI is off,AI is off,AI is off,AI is off,Not paired,AI is off,0,0,0
702000,26.5,0,6,0.76,0.21,0,0,8,1,0,12,False,True,0,0,54,42,32,4.06,AI is off,AI is off,AI is off,AI is off,Not paired,AI is off,0,0,0
704000,26.4,0,6,0.76,0.21,0,0,8,1,0,12,False,True,0,0,54,41,30,4.06,AI is off,AI is off,AI is off,AI is off,Not paired,AI is off,0,0,0
706000,26.5,0,6,0.76,0.21,0,0,9,1,0,12,False,True,0,0,55,43,32,4.06,AI is off,AI is off,AI is off,AI is off,Not paired,AI is off,0,0,0
708000,26.5,0,6,0.76,0.21,0,0,9,1,0,12,False,True,0,0,55,42,31,4.06,AI is off,AI is off,AI is off,AI is off,Not paired,AI is off,0,0,0
710000,26.4,0,6,0.76,0.21,0,0,9,1,0,12,False,True,0,0,55,42,33,4.06,AI is off,AI is off,AI is off,AI is off,Not paired,AI is off,0,0,0
712000,26.2,0,6,0.76,0.21,0,0,9,1,0,12,False,True,0,0,55,42,32,4.06,AI is off,AI is off,AI is off,AI is off,Not paired,AI is off,0,0,0
714000,26,0,6,0.75,0.21,0,0,9,1,0,12,False,True,0,0,54,40,30,4.06,AI is off,AI is off,AI is off,AI is off,Not paired,AI is off,0,0,0
716000,26,0,6,0.75,0.21,0,0,9,1,0,12,False,True,0,0,54,42,31,4.06,AI is off,AI is off,AI is off,AI is off,Not paired,AI is off,0,0,0
718000,26.1,0,6,0.75,0.21,0,0,9,1,0,12,False,True,0,0,55,43,32,4.06,AI is off,AI is off,AI is off,AI is off,Not paired,AI is off,0,0,0
720000,26,0,6,0.75,0.21,0,0,9,1,0,12,False,True,0,0,55,43,32,4.06,AI is off,AI is off,AI is off,AI is off,Not paired,AI is off,0,0,0
722000,25.9,0,6,0.75,0.21,0,0,9,1,0,12,False,True,0,0,55,42,32,4.06,AI is off,AI is off,AI is off,AI is off,Not paired,AI is off,0,0,0
724000,25.7,0,6,0.75,0.21,0,0,9,1,0,12,False,True,0,0,55,42,31,4.06,AI is off,AI is off,AI is off,AI is off,Not paired,AI is off,0,0,0
726000,25.7,0,6,0.74,0.21,0,0,9,1,0,12,False,True,0,0,55,42,31,4.06,AI is off,AI is off,AI is off,AI is off,Not paired,AI is off,0,0,0
728000,25.5,0,6,0.74,0.21,0,0,9,1,0,12,False,True,0,0,56,43,32,4.06,AI is off,AI is off,AI is off,AI is off,Not paired,AI is off,0,0,0
730000,25.4,0,6,0.74,0.21,0,0,9,1,0,12,False,True,0,0,55,42,32,4.06,AI is off,AI is off,AI is off,AI is off,Not paired,AI is off,0,0,0
732000,25.4,0,6,0.74,0.21,0,0,9,1,0,12,False,True,0,0,56,42,32,4.06,AI is off,AI is off,AI is off,AI is off,Not paired,AI is off,0,0,0
734000,25,0,6,0.73,0.21,0,0,9,1,0,12,False,True,0,0,55,42,32,4.06,AI is off,AI is off,AI is off,AI is off,Not paired,AI is off,0,0,0
736000,24.7,0,6,0.73,0.21,0,0,9,1,0,12,False,True,0,0,55,41,30,4.06,AI is off,AI is off,AI is off,AI is off,Not paired,AI is off,0,0,0
738000,24.6,0,6,0.72,0.21,0,0,9,1,0,12,False,True,0,0,55,41,31,4.06,AI is off,AI is off,AI is off,AI is off,Not paired,AI is off,0,0,0
740000,24.8,0,6,0.72,0.21,0,0,10,1,0,12,False,True,0,0,55,41,31,4.06,AI is off,AI is off,AI is off,AI is off,Not paired,AI is off,0,0,0
742000,24.9,0,6,0.73,0.21,0,0,10,1,0,12,False,True,0,0,55,42,33,4.06,AI is off,AI is off,AI is off,AI is off,Not paired,AI is off,0,0,0
744000,24.9,0,6,0.73,0.21,0,0,10,1,0,12,False,True,0,0,54,42,31,4.06,AI is off,AI is off,AI is off,AI is off,Not paired,AI is off,0,0,0
746000,25.1,0,6,0.73,0.21,0,0,10,1,0,12,False,True,0,0,55,42,31,4.06,AI is off,AI is off,AI is off,AI is off,Not paired,AI is off,0,0,0
748000,25.1,0,6,0.73,0.21,0,0,10,1,0,12,False,True,0,0,55,42,31,4.06,AI is off,AI is off,AI is off,AI is off,Not paired,AI is off,0,0,0
750000,25.3,0,6,0.73,0.21,0,0,10,1,0,12,False,True,0,0,55,43,32,4.06,AI is off,AI is off,AI is off,AI is off,Not paired,AI is off,0,0,0
752000,25.3,0,6,0.74,0.21,0,0,10,1,0,12,False,True,0,0,54,40,30,4.06,AI is off,AI is off,AI is off,AI is off,Not paired,AI is off,0,0,0
754000,25.4,0,6,0.74,0.21,0,0,10,1,0,12,False,True,0,0,55,42,33,4.06,AI is off,AI is off,AI is off,AI is off,Not paired,AI is off,0,0,0
756000,25.4,0,6,0.74,0.21,0,0,9,1,0,12,False,True,0,0,55,41,32,4.06,AI is off,AI is off,AI is off,AI is off,Not paired,AI is off,0,0,0
758000,25.3,0,6,0.74,0.21,0,0,9,1,0,12,False,True,0,0,55,42,32,4.06,AI is off,AI is off,AI is off,AI is off,Not paired,AI is off,0,0,0
760000,25,0,6,0.73,0.21,0,0,9,1,0,12,False,True,0,0,56,42,31,4.06,AI is off,AI is off,AI is off,AI is off,Not paired,AI is off,0,0,0
762000,25.2,0,6,0.73,0.21,0,0,9,1,0,12,False,True,0,0,55,42,32,4.06,AI is off,AI is off,AI is off,AI is off,Not paired,AI is off,0,0,0
764000,25.1,0,6,0.73,0.21,0,0,9,1,0,12,False,True,0,0,54,41,30,4.06,AI is off,AI is off,AI is off,AI is off,Not paired,AI is off,0,0,0
766000,24.9,0,6,0.73,0.21,0,0,9,1,0,12,False,True,0,0,56,43,33,4.06,AI is off,AI is off,AI is off,AI is off,Not paired,AI is off,0,0,0
768000,24.9,0,6,0.73,0.21,0,0,9,1,0,12,False,True,0,0,55,41,32,4.06,AI is off,AI is off,AI is off,AI is off,Not paired,AI is off,0,0,0
770000,24.7,0,6,0.73,0.21,0,0,9,1,0,12,False,True,0,0,54,41,30,4.06,AI is off,AI is off,AI is off,AI is off,Not paired,AI is off,0,0,0
772000,24.5,0,6,0.72,0.21,0,0,9,1,0,12,False,True,0,0,54,41,31,4.06,AI is off,AI is off,AI is off,AI is off,Not paired,AI is off,0,0,0
774000,24.3,0,6,0.72,0.21,0,0,9,1,0,12,False,True,0,0,54,41,31,4.06,AI is off,AI is off,AI is off,AI is off,Not paired,AI is off,0,0,0
776000,24.2,0,6,0.71,0.21,0,0,9,1,0,12,False,True,0,0,55,41,31,4.06,AI is off,AI is off,AI is off,AI is off,Not paired,AI is off,0,0,0
778000,24,0,6,0.71,0.21,0,0,10,1,0,12,False,True,0,0,55,42,32,4.06,AI is off,AI is off,AI is off,AI is off,Not paired,AI is off,0,0,0
780000,23.7,0,6,0.71,0.21,0,0,10,1,0,12,False,True,0,0,55,41,31,4.06,AI is off,AI is off,AI is off,AI is off,Not paired,AI is off,0,0,0
782000,23.6,0,6,0.7,0.21,0,0,10,1,0,12,False,True,0,0,56,42,32,4.06,AI is off,AI is off,AI is off,AI is off,Not paired,AI is off,0,0,0
784000,23.3,0,6,0.7,0.21,0,0,10,1,0,12,False,True,0,0,54,40,31,4.06,AI is off,AI is off,AI is off,AI is off,Not paired,AI is off,0,0,0
786000,23.1,0,6,0.69,0.21,0,0,10,1,0,12,False,True,0,0,54,41,31,4.06,AI is off,AI is off,AI is off,AI is off,Not paired,AI is off,0,0,0
788000,22.9,0,6,0.69,0.21,0,0,11,1,0,12,False,True,0,0,55,42,31,4.06,AI is off,AI is off,AI is off,AI is off,Not paired,AI is off,0,0,0
790000,22.7,0,6,0.68,0.21,0,0,11,1,0,12,False,True,0,0,55,41,30,4.06,AI is off,AI is off,AI is off,AI is off,Not paired,AI is off,0,0,0
792000,22.6,0,6,0.68,0.21,0,0,11,1,0,12,False,True,0,0,56,43,32,4.06,AI is off,AI is off,AI is off,AI is off,Not paired,AI is off,0,0,0
794000,22.5,0,6,0.68,0.21,0,0,12,1,0,12,False,True,0,0,55,41,31,4.06,AI is off,AI is off,AI is off,AI is off,Not paired,AI is off,0,0,0
796000,22.3,0,6,0.67,0.21,0,0,12,1,0,12,False,True,0,0,55,41,31,4.06,AI is off,AI is off,AI is off,AI is off,Not paired,AI is off,0,0,0
798000,22.2,0,6,0.67,0.21,0,0,12,1,0,12,False,True,0,0,55,42,31,4.06,AI is off,AI is off,AI is off,AI is off,Not paired,AI is off,0,0,0
800000,22.1,0,6,0.67,0.21,0,0,12,1,0,12,False,True,0,0,54,41,31,4.06,AI is off,AI is off,AI is off,AI is off,Not paired,AI is off,0,0,0
802000,21.9,0,6,0.67,0.21,0,0,12,1,0,12,False,True,0,0,55,41,31,4.06,AI is off,AI is off,AI is off,AI is off,Not paired,AI is off,0,0,0
804000,21.8,0,6,0.66,0.21,0,0,12,1,0,12,False,True,0,0,55,42,31,4.06,AI is off,AI is off,AI is off,AI is off,Not paired,AI is off,0,0,0
806000,21.2,0,6,0.65,0.21,0,0,13,1,0,12,False,True,0,0,55,41,31,4.06,AI is off,AI is off,AI is off,AI is off,Not paired,AI is off,0,0,0
808000,21,0,6,0.65,0.21,0,0,13,1,0,12,False,True,0,0,55,41,31,4.06,AI is off,AI is off,AI is off,AI is off,Not paired,AI is off,0,0,0
810000,20.9,0,6,0.64,0.21,0,0,15,1,0,12,False,True,0,0,54,40,31,4.06,AI is off,AI is off,AI is off,AI is off,Not paired,AI is off,0,0,0
812000,20.6,0,6,0.64,0.21,0,0,15,1,0,12,False,True,0,0,56,42,32,4.06,AI is off,AI is off,AI is off,AI is off,Not paired,AI is off,0,0,0
814000,20.4,0,6,0.63,0.21,0,0,15,1,0,12,False,True,0,0,56,43,32,4.06,AI is off,AI is off,AI is off,AI is off,Not paired,AI is off,0,0,0
816000,20.4,0,6,0.63,0.21,0,0,15,1,0,12,False,True,0,0,55,42,32,4.06,AI is off,AI is off,AI is off,AI is off,Not paired,AI is off,0,0,0
818000,20.5,0,6,0.64,0.21,0,0,15,1,0,12,False,True,0,0,56,44,34,4.06,AI is off,AI is off,AI is off,AI is off,Not paired,AI is off,0,0,0
820000,20.6,0,6,0.64,0.21,0,0,15,1,0,12,False,True,0,0,55,41,30,4.06,AI is off,AI is off,AI is off,AI is off,Not paired,AI is off,0,0,0
822000,20.7,0,6,0.64,0.21,0,0,15,1,0,12,False,True,0,0,56,43,33,4.06,AI is off,AI is off,AI is off,AI is off,Not paired,AI is off,0,0,0
824000,20.6,0,6,0.64,0.21,0,0,15,1,0,12,False,True,0,0,55,41,31,4.06,AI is off,AI is off,AI is off,AI is off,Not paired,AI is off,0,0,0
826000,20.5,0,6,0.64,0.21,0,0,15,1,0,12,False,True,0,0,55,42,33,4.06,AI is off,AI is off,AI is off,AI is off,Not paired,AI is off,0,0,0
828000,20.6,0,5,0.64,0.21,0,0,16,1,0,12,False,True,0,0,54,41,30,4.06,AI is off,AI is off,AI is off,AI is off,Not paired,AI is off,0,0,0
830000,20.6,0,5,0.64,0.21,0,0,16,1,0,12,False,True,0,0,55,42,31,4.06,AI is off,AI is off,AI is off,AI is off,Not paired,AI is off,0,0,0
832000,20.6,0,5,0.64,0.21,0,0,16,1,0,12,False,True,0,0,56,43,33,4.06,AI is off,AI is off,AI is off,AI is off,Not paired,AI is off,0,0,0
834000,20.6,0,5,0.64,0.21,0,0,16,1,0,12,False,True,0,0,56,42,32,4.06,AI is off,AI is off,AI is off,AI is off,Not paired,AI is off,0,0,0
836000,20.4,0,5,0.63,0.21,0,0,16,1,0,12,False,True,0,0,55,42,32,4.06,AI is off,AI is off,AI is off,AI is off,Not paired,AI is off,0,0,0
838000,20.2,0,5,0.63,0.21,0,0,16,1,0,12,False,True,0,0,55,42,32,4.06,AI is off,AI is off,AI is off,AI is off,Not paired,AI is off,0,0,0
840000,19.9,0,5,0.62,0.21,0,0,16,1,0,12,False,True,0,0,55,43,32,4.06,AI is off,AI is off,AI is off,AI is off,Not paired,AI is off,0,0,0
842000,20.1,0,5,0.63,0.21,0,0,16,1,0,12,False,True,0,0,56,43,32,4.06,AI is off,AI is off,AI is off,AI is off,Not paired,AI is off,0,0,0
844000,20.1,0,5,0.63,0.21,0,0,17,1,0,12,False,True,0,0,55,42,31,4.06,AI is off,AI is off,AI is off,AI is off,Not paired,AI is off,0,0,0
846000,20,0,5,0.62,0.21,0,0,17,1,0,12,False,True,0,0,55,41,31,4.06,AI is off,AI is off,AI is off,AI is off,Not paired,AI is off,0,0,0
848000,19.7,0,5,0.62,0.21,0,0,17,1,0,12,False,True,0,0,56,43,33,4.06,AI is off,AI is off,AI is off,AI is off,Not paired,AI is off,0,0,0
850000,19.6,0,5,0.62,0.21,0,0,17,1,0,12,False,True,0,0,57,44,34,4.06,AI is off,AI is off,AI is off,AI is off,Not paired,AI is off,0,0,0
852000,19.6,0,5,0.62,0.21,0,0,17,1,0,12,False,True,0,0,56,42,32,4.06,AI is off,AI is off,AI is off,AI is off,Not paired,AI is off,0,0,0
854000,19.7,0,5,0.62,0.21,0,0,17,1,0,12,False,True,0,0,56,44,34,4.06,AI is off,AI is off,AI is off,AI is off,Not paired,AI is off,0,0,0
856000,19.7,0,5,0.62,0.21,0,0,17,1,0,12,False,True,0,0,57,44,34,4.06,AI is off,AI is off,AI is off,AI is off,Not paired,AI is off,0,0,0
858000,19.7,0,5,0.62,0.21,0,0,17,1,0,12,False,True,0,0,56,43,33,4.06,AI is off,AI is off,AI is off,AI is off,Not paired,AI is off,0,0,0
860000,19.7,0,5,0.62,0.21,0,0,17,1,0,12,False,True,0,0,55,41,31,4.06,AI is off,AI is off,AI is off,AI is off,Not paired,AI is off,0,0,0
862000,19.8,0,5,0.62,0.21,0,0,17,1,0,12,False,True,0,0,57,44,35,4.06,AI is off,AI is off,AI is off,AI is off,Not paired,AI is off,0,0,0
864000,19.9,0,5,0.62,0.21,0,0,17,1,0,12,False,True,0,0,55,40,31,4.06,AI is off,AI is off,AI is off,AI is off,Not paired,AI is off,0,0,0
866000,19.7,0,5,0.62,0.21,0,0,17,1,0,12,False,True,0,0,56,42,32,4.06,AI is off,AI is off,AI is off,AI is off,Not paired,AI is off,0,0,0
868000,19.5,0,5,0.61,0.21,0,0,17,1,0,12,False,True,0,0,57,45,35,4.06,AI is off,AI is off,AI is off,AI is off,Not paired,AI is off,0,0,0
870000,19.5,0,5,0.61,0.21,0,0,17,1,0,12,False,True,0,0,58,44,34,4.06,AI is off,AI is off,AI is off,AI is off,Not paired,AI is off,0,0,0
872000,19.2,0,5,0.61,0.21,0,0,18,1,0,12,False,True,0,0,56,42,33,4.06,AI is off,AI is off,AI is off,AI is off,Not paired,AI is off,0,0,0
874000,19.1,0,5,0.61,0.21,0,0,18,1,0,12,False,True,0,0,55,42,33,4.06,AI is off,AI is off,AI is off,AI is off,Not paired,AI is off,0,0,0
876000,19.1,0,5,0.61,0.21,0,0,19,1,0,12,False,True,0,0,58,44,34,4.06,AI is off,AI is off,AI is off,AI is off,Not paired,AI is off,0,0,0
878000,18.9,0,5,0.6,0.21,0,0,19,1,0,12,False,True,0,0,58,44,34,4.06,AI is off,AI is off,AI is off,AI is off,Not paired,AI is off,0,0,0
880000,18.8,0,5,0.6,0.21,0,0,19,1,0,12,False,True,0,0,55,41,31,4.06,AI is off,AI is off,AI is off,AI is off,Not paired,AI is off,0,0,0
882000,19,0,5,0.61,0.21,0,0,19,1,0,12,False,True,0,0,56,43,32,4.06,AI is off,AI is off,AI is off,AI is off,Not paired,AI is off,0,0,0
884000,19.2,0,5,0.61,0.21,0,0,19,1,0,12,False,True,0,0,56,43,34,4.06,AI is off,AI is off,AI is off,AI is off,Not paired,AI is off,0,0,0
886000,19.3,0,5,0.61,0.21,0,0,19,1,0,12,False,True,0,0,57,43,33,4.06,AI is off,AI is off,AI is off,AI is off,Not paired,AI is off,0,0,0
888000,19.2,0,5,0.61,0.21,0,0,18,1,0,12,False,True,0,0,55,42,32,4.06,AI is off,AI is off,AI is off,AI is off,Not paired,AI is off,0,0,0
890000,19.3,0,5,0.61,0.21,0,0,18,1,0,12,False,True,0,0,54,41,31,4.06,AI is off,AI is off,AI is off,AI is off,Not paired,AI is off,0,0,0
892000,19.5,0,5,0.61,0.21,0,0,18,1,0,12,False,True,0,0,55,41,31,4.06,AI is off,AI is off,AI is off,AI is off,Not paired,AI is off,0,0,0
894000,19.6,0,5,0.62,0.21,0,0,17,1,0,12,False,True,0,0,55,42,33,4.06,AI is off,AI is off,AI is off,AI is off,Not paired,AI is off,0,0,0
896000,19.4,0,5,0.61,0.21,0,0,17,1,0,12,False,True,0,0,54,40,31,4.06,AI is off,AI is off,AI is off,AI is off,Not paired,AI is off,0,0,0
898000,19.3,0,5,0.61,0.21,0,0,17,1,0,12,False,True,0,0,55,42,31,4.06,AI is off,AI is off,AI is off,AI is off,Not paired,AI is off,0,0,0
900000,19.4,0,5,0.61,0.21,0,0,17,1,0,12,False,True,0,0,55,41,31,4.06,AI is off,AI is off,AI is off,AI is off,Not paired,AI is off,0,0,0
902000,19.3,0,5,0.61,0.21,0,0,17,1,0,12,False,True,0,0,56,43,33,4.06,AI is off,AI is off,AI is off,AI is off,Not paired,AI is off,0,0,0
904000,19.5,0,5,0.61,0.21,0,0,17,1,0,12,False,True,0,0,56,43,33,4.06,AI is off,AI is off,AI is off,AI is off,Not paired,AI is off,0,0,0
906000,19.7,0,5,0.62,0.21,0,0,17,1,0,12,False,True,0,0,55,41,31,4.06,AI is off,AI is off,AI is off,AI is off,Not paired,AI is off,0,0,0
908000,19.8,0,5,0.62,0.21,0,0,17,1,0,12,False,True,0,0,54,40,30,4.06,AI is off,AI is off,AI is off,AI is off,Not paired,AI is off,0,0,0
910000,19.8,0,5,0.62,0.21,0,0,16,1,0,12,False,True,0,0,56,43,33,4.06,AI is off,AI is off,AI is off,AI is off,Not paired,AI is off,0,0,0
912000,19.8,0,5,0.62,0.21,0,0,16,1,0,12,False,True,0,0,55,43,33,4.06,AI is off,AI is off,AI is off,AI is off,Not paired,AI is off,0,0,0
914000,19.9,0,5,0.62,0.21,0,0,16,1,0,12,False,True,0,0,55,41,31,4.06,AI is off,AI is off,AI is off,AI is off,Not paired,AI is off,0,0,0
916000,19.9,0,5,0.62,0.21,0,0,16,1,0,12,False,True,0,0,55,41,31,4.06,AI is off,AI is off,AI is off,AI is off,Not paired,AI is off,0,0,0
918000,20,0,5,0.63,0.21,0,0,16,1,0,12,False,True,0,0,55,41,32,4.06,AI is off,AI is off,AI is off,AI is off,Not paired,AI is off,0,0,0
920000,20,0,5,0.63,0.21,0,0,16,1,0,12,False,True,0,0,54,41,31,4.06,AI is off,AI is off,AI is off,AI is off,Not paired,AI is off,0,0,0
922000,20,0,5,0.63,0.21,0,0,16,1,0,12,False,True,0,0,55,42,32,4.06,AI is off,AI is off,AI is off,AI is off,Not paired,AI is off,0,0,0
924000,19.9,0,5,0.62,0.21,0,0,16,1,0,12,False,True,0,0,55,40,31,4.06,AI is off,AI is off,AI is off,AI is off,Not paired,AI is off,0,0,0
926000,19.8,0,5,0.62,0.21,0,0,16,1,0,12,False,True,0,0,55,42,31,4.06,AI is off,AI is off,AI is off,AI is off,Not paired,AI is off,0,0,0
928000,19.8,0,5,0.62,0.21,0,0,16,1,0,12,False,True,0,0,56,43,33,4.06,AI is off,AI is off,AI is off,AI is off,Not paired,AI is off,0,0,0
930000,19.7,0,5,0.62,0.21,0,0,16,1,0,12,False,True,0,0,56,43,33,4.06,AI is off,AI is off,AI is off,AI is off,Not paired,AI is off,0,0,0
932000,19.5,0,5,0.61,0.21,0,0,16,1,0,12,False,True,0,0,54,41,31,4.06,AI is off,AI is off,AI is off,AI is off,Not paired,AI is off,0,0,0
934000,19.5,0,5,0.61,0.21,0,0,16,1,0,12,False,True,0,0,56,44,34,4.06,AI is off,AI is off,AI is off,AI is off,Not paired,AI is off,0,0,0
936000,19.4,0,5,0.61,0.21,0,0,16,1,0,12,False,True,0,0,55,43,33,4.06,AI is off,AI is off,AI is off,AI is off,Not paired,AI is off,0,0,0
938000,19.4,0,5,0.61,0.21,0,0,17,1,0,12,False,True,0,0,55,41,32,4.06,AI is off,AI is off,AI is off,AI is off,Not paired,AI is off,0,0,0
940000,19.3,0,5,0.61,0.21,0,0,17,1,0,12,False,True,0,0,56,42,32,4.06,AI is off,AI is off,AI is off,AI is off,Not paired,AI is off,0,0,0
942000,19.4,0,5,0.61,0.21,0,0,17,1,0,12,False,True,0,0,57,42,32,4.06,AI is off,AI is off,AI is off,AI is off,Not paired,AI is off,0,0,0
944000,19.4,0,5,0.61,0.21,0,0,17,1,0,12,False,True,0,0,56,42,32,4.06,AI is off,AI is off,AI is off,AI is off,Not paired,AI is off,0,0,0
946000,19.3,0,5,0.61,0.21,0,0,17,1,0,12,False,True,0,0,54,41,31,4.06,AI is off,AI is off,AI is off,AI is off,Not paired,AI is off,0,0,0
948000,19.4,0,5,0.61,0.21,0,0,17,1,0,12,False,True,0,0,55,41,32,4.06,AI is off,AI is off,AI is off,AI is off,Not paired,AI is off,0,0,0
950000,19.3,0,5,0.61,0.21,0,0,17,1,0,12,False,True,0,0,54,41,32,4.06,AI is off,AI is off,AI is off,AI is off,Not paired,AI is off,0,0,0
952000,19.1,0,5,0.61,0.21,0,0,17,1,0,12,False,True,0,0,54,41,32,4.06,AI is off,AI is off,AI is off,AI is off,Not paired,AI is off,0,0,0
954000,19.1,0,5,0.61,0.21,0,0,17,1,0,12,False,True,0,0,54,41,31,4.06,AI is off,AI is off,AI is off,AI is off,Not paired,AI is off,0,0,0
956000,19.1,0,5,0.61,0.21,0,0,17,1,0,12,False,True,0,0,54,42,32,4.06,AI is off,AI is off,AI is off,AI is off,Not paired,AI is off,0,0,0
958000,19,0,5,0.6,0.21,0,0,17,1,0,12,False,True,0,0,55,41,31,4.06,AI is off,AI is off,AI is off,AI is off,Not paired,AI is off,0,0,0
960000,18.9,0,5,0.6,0.21,0,0,18,1,0,12,False,True,0,0,56,43,32,4.06,AI is off,AI is off,AI is off,AI is off,Not paired,AI is off,0,0,0
962000,19,0,5,0.6,0.21,0,0,18,1,0,12,False,True,0,0,55,41,31,4.06,AI is off,AI is off,AI is off,AI is off,Not paired,AI is off,0,0,0
964000,19,0,5,0.61,0.21,0,0,18,1,0,12,False,True,0,0,55,41,32,4.06,AI is off,AI is off,AI is off,AI is off,Not paired,AI is off,0,0,0
966000,19.1,0,5,0.61,0.21,0,0,18,1,0,12,False,True,0,0,56,43,32,4.06,AI is off,AI is off,AI is off,AI is off,Not paired,AI is off,0,0,0
968000,19,0,5,0.6,0.21,0,0,18,1,0,12,False,True,0,0,56,42,32,4.06,AI is off,AI is off,AI is off,AI is off,Not paired,AI is off,0,0,0
970000,19,0,5,0.6,0.21,0,0,17,1,0,12,False,True,0,0,57,44,33,4.06,AI is off,AI is off,AI is off,AI is off,Not paired,AI is off,0,0,0
972000,19.2,0,5,0.61,0.21,0,0,17,1,0,12,False,True,0,0,55,42,31,4.06,AI is off,AI is off,AI is off,AI is off,Not paired,AI is off,0,0,0
974000,19.3,0,5,0.61,0.21,0,0,17,1,0,12,False,True,0,0,57,43,33,4.06,AI is off,AI is off,AI is off,AI is off,Not paired,AI is off,0,0,0
976000,19.3,0,5,0.61,0.21,0,0,16,1,0,12,False,True,0,0,56,42,32,4.06,AI is off,AI is off,AI is off,AI is off,Not paired,AI is off,0,0,0
978000,19.3,0,5,0.61,0.21,0,0,16,1,0,12,False,True,0,0,57,43,32,4.06,AI is off,AI is off,AI is off,AI is off,Not paired,AI is off,0,0,0
980000,19.3,0,5,0.61,0.21,0,0,16,1,0,12,False,True,0,0,55,42,32,4.06,AI is off,AI is off,AI is off,AI is off,Not paired,AI is off,0,0,0
982000,19.2,0,5,0.61,0.21,0,0,16,1,0,12,False,True,0,0,57,43,32,4.06,AI is off,AI is off,AI is off,AI is off,Not paired,AI is off,0,0,0
984000,19.2,0,5,0.61,0.21,0,0,16,1,0,12,False,True,0,0,54,41,31,4.06,AI is off,AI is off,AI is off,AI is off,Not paired,AI is off,0,0,0
986000,19.2,0,5,0.61,0.21,0,0,17,1,0,12,False,True,0,0,55,41,31,4.06,AI is off,AI is off,AI is off,AI is off,Not paired,AI is off,0,0,0
988000,19.1,0,5,0.61,0.21,0,0,17,1,0,12,False,True,0,0,56,42,32,4.06,AI is off,AI is off,AI is off,AI is off,Not paired,AI is off,0,0,0
990000,19,0,5,0.6,0.21,0,0,17,1,0,12,False,True,0,0,55,42,32,4.06,AI is off,AI is off,AI is off,AI is off,Not paired,AI is off,0,0,0
992000,18.9,0,5,0.6,0.21,0,0,17,1,0,12,False,True,0,0,57,43,33,4.06,AI is off,AI is off,AI is off,AI is off,Not paired,AI is off,0,0,0
994000,18.8,0,5,0.6,0.21,0,0,17,1,0,12,False,True,0,0,57,44,33,4.06,AI is off,AI is off,AI is off,AI is off,Not paired,AI is off,0,0,0
996000,18.8,0,5,0.6,0.21,0,0,17,1,0,12,False,True,0,0,56,43,32,4.06,AI is off,AI is off,AI is off,AI is off,Not paired,AI is off,0,0,0
998000,19.1,0,5,0.61,0.21,0,0,17,1,0,12,False,True,0,0,56,43,33,4.06,AI is off,AI is off,AI is off,AI is off,Not paired,AI is off,0,0,0
1000000,19,0,5,0.6,0.21,0,0,17,1,0,12,False,True,0,0,56,43,33,4.06,AI is off,AI is off,AI is off,AI is off,Not paired,AI is off,0,0,0
1002000,19,0,5,0.6,0.21,0,0,17,1,0,12,False,True,0,0,56,43,32,4.06,AI is off,AI is off,AI is off,AI is off,Not paired,AI is off,0,0,0
1004000,19,0,5,0.61,0.21,0,0,17,1,0,12,False,True,0,0,56,43,33,4.06,AI is off,AI is off,AI is off,AI is off,Not paired,AI is off,0,0,0
1006000,19.1,0,5,0.61,0.21,0,0,17,1,0,12,False,True,0,0,56,42,32,4.06,AI is off,AI is off,AI is off,AI is off,Not paired,AI is off,0,0,0
1008000,19.2,0,5,0.61,0.21,0,0,16,1,0,12,False,True,0,0,56,42,32,4.06,AI is off,AI is off,AI is off,AI is off,Not paired,AI is off,0,0,0
1010000,19.3,0,5,0.61,0.21,0,0,16,1,0,12,False,True,0,0,55,41,32,4.06,AI is off,AI is off,AI is off,AI is off,Not paired,AI is off,0,0,0
1012000,19.3,0,5,0.61,0.21,0,0,16,1,0,12,False,True,0,0,54,41,31,4.06,AI is off,AI is off,AI is off,AI is off,Not paired,AI is off,0,0,0
1014000,19.2,0,5,0.61,0.21,0,0,16,1,0,12,False,True,0,0,56,42,32,4.06,AI is off,AI is off,AI is off,AI is off,Not paired,AI is off,0,0,0
1016000,18.6,0,5,0.6,0.21,0,0,16,1,0,12,False,True,0,0,55,42,31,4.06,AI is off,AI is off,AI is off,AI is off,Not paired,AI is off,0,0,0
1018000,18,0,5,0.58,0.21,0,0,16,1,0,12,False,True,0,0,54,41,32,4.06,AI is off,AI is off,AI is off,AI is off,Not paired,AI is off,0,0,0
1020000,16.9,0,5,0.56,0.21,0,0,24,1,0,12,False,True,0,0,56,42,32,4.06,AI is off,AI is off,AI is off,AI is off,Not paired,AI is off,0,0,0
1022000,16.7,0,5,0.56,0.21,0,0,24,1,0,12,False,True,0,0,55,42,32,4.06,AI is off,AI is off,AI is off,AI is off,Not paired,AI is off,0,0,0
1024000,16.6,0,5,0.55,0.21,0,0,24,1,0,12,False,True,0,0,55,42,32,4.06,AI is off,AI is off,AI is off,AI is off,Not paired,AI is off,0,0,0
1026000,16.3,0,5,0.55,0.21,0,0,26,1,0,12,False,True,0,0,55,42,33,4.06,AI is off,AI is off,AI is off,AI is off,Not paired,AI is off,0,0,0
1028000,16.1,0,5,0.54,0.21,0,0,26,1,0,12,False,True,0,0,55,42,32,4.06,AI is off,AI is off,AI is off,AI is off,Not paired,AI is off,0,0,0
1030000,16.1,0,5,0.54,0.21,0,0,26,1,0,12,False,True,0,0,55,41,32,4.06,AI is off,AI is off,AI is off,AI is off,Not paired,AI is off,0,0,0
1032000,16,0,5,0.54,0.21,0,0,26,1,0,12,False,True,0,0,56,43,33,4.06,AI is off,AI is off,AI is off,AI is off,Not paired,AI is off,0,0,0
1034000,16.1,0,5,0.54,0.21,0,0,26,1,0,12,False,True,0,0,55,42,33,4.06,AI is off,AI is off,AI is off,AI is off,Not paired,AI is off,0,0,0
1036000,16.5,0,5,0.55,0.21,0,0,26,1,0,12,False,True,0,0,56,43,34,4.06,AI is off,AI is off,AI is off,AI is off,Not paired,AI is off,0,0,0
1038000,16.5,0,5,0.55,0.21,0,0,26,1,0,12,False,True,0,0,55,42,31,4.06,AI is off,AI is off,AI is off,AI is off,Not paired,AI is off,0,0,0
1040000,16.5,0,5,0.55,0.21,0,0,26,1,0,12,False,True,0,0,54,42,31,4.06,AI is off,AI is off,AI is off,AI is off,Not paired,AI is off,0,0,0
1042000,16.2,0,5,0.55,0.21,0,0,27,1,0,12,False,True,0,0,55,43,33,4.06,AI is off,AI is off,AI is off,AI is off,Not paired,AI is off,0,0,0
1044000,15.9,0,5,0.54,0.21,0,0,27,1,0,12,False,True,0,0,54,41,32,4.06,AI is off,AI is off,AI is off,AI is off,Not paired,AI is off,0,0,0
1046000,15.5,0,5,0.53,0.21,0,0,27,1,0,12,False,True,0,0,55,41,30,4.06,AI is off,AI is off,AI is off,AI is off,Not paired,AI is off,0,0,0
1048000,15.3,0,5,0.53,0.21,0,0,27,1,0,12,False,True,0,0,55,42,32,4.06,AI is off,AI is off,AI is off,AI is off,Not paired,AI is off,0,0,0
1050000,15.1,0,5,0.52,0.21,0,0,27,1,0,12,False,True,0,0,54,41,32,4.06,AI is off,AI is off,AI is off,AI is off,Not paired,AI is off,0,0,0
1052000,15.2,0,5,0.52,0.21,0,0,27,1,0,12,False,True,0,0,56,42,32,4.06,AI is off,AI is off,AI is off,AI is off,Not paired,AI is off,0,0,0
1054000,15.6,0,5,0.53,0.21,0,0,33,1,0,12,False,True,0,0,55,41,31,4.06,AI is off,AI is off,AI is off,AI is off,Not paired,AI is off,0,0,0
1056000,16.3,0,5,0.55,0.21,0,0,33,1,0,12,False,True,0,0,54,40,30,4.06,AI is off,AI is off,AI is off,AI is off,Not paired,AI is off,0,0,0
1058000,17.1,0,5,0.56,0.21,0,0,24,1,0,12,False,True,0,0,56,44,35,4.06,AI is off,AI is off,AI is off,AI is off,Not paired,AI is off,0,0,0
1060000,18.2,0,5,0.59,0.21,0,0,24,1,0,12,False,True,0,0,54,41,32,4.06,AI is off,AI is off,AI is off,AI is off,Not paired,AI is off,0,0,0
1062000,19,0,5,0.6,0.21,0,0,24,1,0,12,False,True,0,0,55,42,32,4.06,AI is off,AI is off,AI is off,AI is off,Not paired,AI is off,0,0,0
1064000,19.4,0,5,0.61,0.21,0,0,24,1,0,12,False,True,0,0,54,41,31,4.06,AI is off,AI is off,AI is off,AI is off,Not paired,AI is off,0,0,0
1066000,19.8,0,5,0.62,0.21,0,0,24,1,0,12,False,True,0,0,57,44,33,4.06,AI is off,AI is off,AI is off,AI is off,Not paired,AI is off,0,0,0
1068000,20.3,0,5,0.63,0.21,0,0,24,1,0,12,False,True,0,0,57,44,34,4.06,AI is off,AI is off,AI is off,AI is off,Not paired,AI is off,0,0,0
1070000,20.8,0,5,0.64,0.21,0,0,13,1,0,12,False,True,0,0,54,42,33,4.06,AI is off,AI is off,AI is off,AI is off,Not paired,AI is off,0,0,0
1072000,21.1,0,5,0.65,0.21,0,0,13,1,0,12,False,True,0,0,54,41,31,4.06,AI is off,AI is off,AI is off,AI is off,Not paired,AI is off,0,0,0
1074000,20.9,0,5,0.65,0.21,0,0,13,1,0,12,False,True,0,0,56,42,32,4.06,AI is off,AI is off,AI is off,AI is off,Not paired,AI is off,0,0,0
1076000,20.8,0,6,0.64,0.21,0,0,12,1,0,12,False,True,0,0,58,44,34,4.06,AI is off,AI is off,AI is off,AI is off,Not paired,AI is off,0,0,0
1078000,20.9,0,6,0.64,0.21,0,0,12,1,0,12,False,True,0,0,57,43,33,4.06,AI is off,AI is off,AI is off,AI is off,Not paired,AI is off,0,0,0
1080000,21,0,6,0.65,0.21,0,0,12,1,0,12,False,True,0,0,56,43,33,4.06,AI is off,AI is off,AI is off,AI is off,Not paired,AI is off,0,0,0
1082000,21,0,6,0.65,0.21,0,0,12,1,0,12,False,True,0,0,56,43,32,4.06,AI is off,AI is off,AI is off,AI is off,Not paired,AI is off,0,0,0
1084000,20.9,0,6,0.65,0.21,0,0,12,1,0,12,False,True,0,0,57,44,34,4.06,AI is off,AI is off,AI is off,AI is off,Not paired,AI is off,0,0,0
1086000,21,0,6,0.64,0.21,0,0,11,1,0,12,False,True,0,0,55,42,32,4.06,AI is off,AI is off,AI is off,AI is off,Not paired,AI is off,0,0,0
1088000,21.7,0,6,0.65,0.21,0,0,11,1,0,12,False,True,0,0,54,40,30,4.06,AI is off,AI is off,AI is off,AI is off,Not paired,AI is off,0,0,0
1090000,22,0,6,0.66,0.21,0,0,11,1,0,12,False,True,0,0,54,41,31,4.06,AI is off,AI is off,AI is off,AI is off,Not paired,AI is off,0,0,0
1092000,22.3,0,6,0.67,0.21,0,0,9,1,0,12,False,True,0,0,55,42,32,4.06,AI is off,AI is off,AI is off,AI is off,Not paired,AI is off,0,0,0
1094000,22.2,0,6,0.67,0.21,0,0,9,1,0,12,False,True,0,0,55,42,32,4.06,AI is off,AI is off,AI is off,AI is off,Not paired,AI is off,0,0,0
1096000,22,0,6,0.67,0.21,0,0,9,1,0,12,False,True,0,0,54,41,31,4.06,AI is off,AI is off,AI is off,AI is off,Not paired,AI is off,0,0,0
1098000,21.8,0,6,0.67,0.21,0,0,9,1,0,12,False,True,0,0,54,41,31,4.06,AI is off,AI is off,AI is off,AI is off,Not paired,AI is off,0,0,0
1100000,21.8,0,6,0.66,0.21,0,0,9,1,0,12,False,True,0,0,55,41,31,4.06,AI is off,AI is off,AI is off,AI is off,Not paired,AI is off,0,0,0
1102000,21.8,0,6,0.66,0.21,0,0,9,1,0,12,False,True,0,0,56,43,33,4.06,AI is off,AI is off,AI is off,AI is off,Not paired,AI is off,0,0,0
1104000,21.9,0,6,0.66,0.21,0,0,9,1,0,12,False,True,0,0,54,41,32,4.06,AI is off,AI is off,AI is off,AI is off,Not paired,AI is off,0,0,0
1106000,22.1,0,6,0.67,0.21,0,0,9,1,0,12,False,True,0,0,54,41,30,4.06,AI is off,AI is off,AI is off,AI is off,Not paired,AI is off,0,0,0
1108000,22.4,0,6,0.67,0.21,0,0,8,1,0,12,False,True,0,0,55,43,33,4.06,AI is off,AI is off,AI is off,AI is off,Not paired,AI is off,0,0,0
1110000,22.6,0,6,0.68,0.21,0,0,8,1,0,12,False,True,0,0,54,41,31,4.06,AI is off,AI is off,AI is off,AI is off,Not paired,AI is off,0,0,0
1112000,22.8,0,6,0.68,0.21,0,0,8,1,0,12,False,True,0,0,56,43,32,4.06,AI is off,AI is off,AI is off,AI is off,Not paired,AI is off,0,0,0
1114000,23.3,0,6,0.69,0.21,0,0,8,1,0,12,False,True,0,0,56,43,32,4.06,AI is off,AI is off,AI is off,AI is off,Not paired,AI is off,0,0,0
1116000,23.5,0,6,0.7,0.21,0,0,8,1,0,12,False,True,0,0,55,43,33,4.06,AI is off,AI is off,AI is off,AI is off,Not paired,AI is off,0,0,0
1118000,23.8,0,6,0.7,0.21,0,0,8,1,0,12,False,True,0,0,57,44,33,4.06,AI is off,AI is off,AI is off,AI is off,Not paired,AI is off,0,0,0
1120000,24.2,0,6,0.71,0.21,0,0,7,1,0,12,False,True,0,0,56,43,33,4.06,AI is off,AI is off,AI is off,AI is off,Not paired,AI is off,0,0,0
1122000,24,0,6,0.71,0.21,0,0,7,1,0,12,False,True,0,0,57,44,34,4.06,AI is off,AI is off,AI is off,AI is off,Not paired,AI is off,0,0,0
1124000,24,0,6,0.71,0.21,0,0,6,1,0,12,False,True,0,0,54,41,31,4.06,AI is off,AI is off,AI is off,AI is off,Not paired,AI is off,0,0,0
1126000,24,0,6,0.71,0.21,0,0,6,1,0,12,False,True,0,0,55,42,32,4.06,AI is off,AI is off,AI is off,AI is off,Not paired,AI is off,0,0,0
1128000,23.9,0,6,0.71,0.21,0,0,6,1,0,12,False,True,0,0,54,41,30,4.06,AI is off,AI is off,AI is off,AI is off,Not paired,AI is off,0,0,0
1130000,23.5,0,6,0.7,0.21,0,0,6,1,0,12,False,True,0,0,55,42,31,4.06,AI is off,AI is off,AI is off,AI is off,Not paired,AI is off,0,0,0
1132000,23.6,0,6,0.7,0.21,0,0,6,1,0,12,False,True,0,0,56,44,35,4.06,AI is off,AI is off,AI is off,AI is off,Not paired,AI is off,0,0,0
1134000,23.6,0,6,0.7,0.21,0,0,6,1,0,12,False,True,0,0,54,41,31,4.06,AI is off,AI is off,AI is off,AI is off,Not paired,AI is off,0,0,0
1136000,23.7,0,6,0.7,0.21,0,0,6,1,0,12,False,True,0,0,54,41,32,4.06,AI is off,AI is off,AI is off,AI is off,Not paired,AI is off,0,0,0
1138000,23.8,0,6,0.7,0.21,0,0,6,1,0,12,False,True,0,0,54,41,31,4.06,AI is off,AI is off,AI is off,AI is off,Not paired,AI is off,0,0,0
1140000,23.8,0,6,0.7,0.21,0,0,6,1,0,12,False,True,0,0,54,40,30,4.06,AI is off,AI is off,AI is off,AI is off,Not paired,AI is off,0,0,0
1142000,23.4,0,6,0.7,0.21,0,0,6,1,0,12,False,True,0,0,54,40,30,4.06,AI is off,AI is off,AI is off,AI is off,Not paired,AI is off,0,0,0
1144000,23.4,0,6,0.69,0.21,0,0,6,1,0,12,False,True,0,0,54,40,31,4.06,AI is off,AI is off,AI is off,AI is off,Not paired,AI is off,0,0,0
1146000,23.5,0,6,0.7,0.21,0,0,6,1,0,12,False,True,0,0,54,41,31,4.06,AI is off,AI is off,AI is off,AI is off,Not paired,AI is off,0,0,0
1148000,23.6,0,6,0.7,0.21,0,0,6,1,0,12,False,True,0,0,53,41,32,4.06,AI is off,AI is off,AI is off,AI is off,Not paired,AI is off,0,0,0
1150000,23.7,0,6,0.7,0.21,0,0,6,1,0,12,False,True,0,0,54,40,31,4.06,AI is off,AI is off,AI is off,AI is off,Not paired,AI is off,0,0,0
1152000,23.8,0,6,0.71,0.21,0,0,6,1,0,12,False,True,0,0,54,41,31,4.06,AI is off,AI is off,AI is off,AI is off,Not paired,AI is off,0,0,0
1154000,23.8,0,6,0.71,0.21,0,0,6,1,0,12,False,True,0,0,54,40,30,4.06,AI is off,AI is off,AI is off,AI is off,Not paired,AI is off,0,0,0
1156000,23.8,0,6,0.7,0.21,0,0,6,1,0,12,False,True,0,0,54,41,30,4.06,AI is off,AI is off,AI is off,AI is off,Not paired,AI is off,0,0,0
1158000,23.6,0,6,0.7,0.21,0,0,6,1,0,12,False,True,0,0,54,41,31,4.06,AI is off,AI is off,AI is off,AI is off,Not paired,AI is off,0,0,0
1160000,22.9,0,6,0.69,0.21,0,0,6,1,0,12,False,True,0,0,55,42,32,4.06,AI is off,AI is off,AI is off,AI is off,Not paired,AI is off,0,0,0
1162000,22.6,0,6,0.68,0.21,0,0,6,1,0,12,False,True,0,0,54,41,31,4.06,AI is off,AI is off,AI is off,AI is off,Not paired,AI is off,0,0,0
1164000,22.4,0,6,0.68,0.21,0,0,6,1,0,12,False,True,0,0,54,41,31,4.06,AI is off,AI is off,AI is off,AI is off,Not paired,AI is off,0,0,0
1166000,22.4,0,6,0.68,0.21,0,0,6,1,0,12,False,True,0,0,55,42,32,4.06,AI is off,AI is off,AI is off,AI is off,Not paired,AI is off,0,0,0
1168000,22,0,6,0.67,0.21,0,0,8,1,0,12,False,True,0,0,54,41,31,4.06,AI is off,AI is off,AI is off,AI is off,Not paired,AI is off,0,0,0
1170000,21.9,0,6,0.66,0.21,0,0,8,1,0,12,False,True,0,0,55,42,31,4.06,AI is off,AI is off,AI is off,AI is off,Not paired,AI is off,0,0,0
1172000,21.9,0,6,0.66,0.21,0,0,8,1,0,12,False,True,0,0,55,42,31,4.06,AI is off,AI is off,AI is off,AI is off,Not paired,AI is off,0,0,0
1174000,21.9,0,6,0.67,0.21,0,0,8,1,0,12,False,True,0,0,54,41,31,4.06,AI is off,AI is off,AI is off,AI is off,Not paired,AI is off,0,0,0
1176000,21.8,0,6,0.66,0.21,0,0,8,1,0,12,False,True,0,0,54,40,30,4.06,AI is off,AI is off,AI is off,AI is off,Not paired,AI is off,0,0,0
1178000,21.7,0,6,0.66,0.21,0,0,8,1,0,12,False,True,0,0,56,42,31,4.06,AI is off,AI is off,AI is off,AI is off,Not paired,AI is off,0,0,0
1180000,22,0,6,0.67,0.21,0,0,8,1,0,12,False,True,0,0,55,41,32,4.06,AI is off,AI is off,AI is off,AI is off,Not paired,AI is off,0,0,0
1182000,22.1,0,6,0.67,0.21,0,0,8,1,0,12,False,True,0,0,55,41,31,4.06,AI is off,AI is off,AI is off,AI is off,Not paired,AI is off,0,0,0
1184000,22.1,0,6,0.67,0.21,0,0,8,1,0,12,False,True,0,0,54,40,31,4.06,AI is off,AI is off,AI is off,AI is off,Not paired,AI is off,0,0,0
1186000,22,0,6,0.67,0.21,0,0,7,1,0,12,False,True,0,0,55,42,31,4.06,AI is off,AI is off,AI is off,AI is off,Not paired,AI is off,0,0,0
1188000,21.9,0,6,0.66,0.21,0,0,7,1,0,12,False,True,0,0,54,41,31,4.06,AI is off,AI is off,AI is off,AI is off,Not paired,AI is off,0,0,0
1190000,21.9,0,6,0.67,0.21,0,0,7,1,0,12,False,True,0,0,55,41,31,4.06,AI is off,AI is off,AI is off,AI is off,Not paired,AI is off,0,0,0
1192000,21.6,0,6,0.66,0.21,0,0,7,1,0,12,False,True,0,0,54,41,31,4.06,AI is off,AI is off,AI is off,AI is off,Not paired,AI is off,0,0,0
1194000,21.5,0,6,0.66,0.21,0,0,7,1,0,12,False,True,0,0,55,42,31,4.06,AI is off,AI is off,AI is off,AI is off,Not paired,AI is off,0,0,0
1196000,21.5,0,6,0.65,0.21,0,0,7,1,0,12,False,True,0,0,54,43,32,4.06,AI is off,AI is off,AI is off,AI is off,Not paired,AI is off,0,0,0
1198000,21.6,0,6,0.66,0.21,0,0,7,1,0,12,False,True,0,0,56,43,32,4.06,AI is off,AI is off,AI is off,AI is off,Not paired,AI is off,0,0,0
1200000,21.7,0,6,0.66,0.21,0,0,7,1,0,12,False,True,0,0,56,43,32,4.06,AI is off,AI is off,AI is off,AI is off,Not paired,AI is off,0,0,0
1202000,21.9,0,6,0.66,0.21,0,0,7,1,0,12,False,True,0,0,56,43,32,4.06,AI is off,AI is off,AI is off,AI is off,Not paired,AI is off,0,0,0
1204000,22.1,0,6,0.67,0.21,0,0,7,1,0,12,False,True,0,0,55,43,33,4.06,AI is off,AI is off,AI is off,AI is off,Not paired,AI is off,0,0,0
1206000,22.1,0,6,0.67,0.21,0,0,7,1,0,12,False,True,0,0,57,44,34,4.06,AI is off,AI is off,AI is off,AI is off,Not paired,AI is off,0,0,0
1208000,22.1,0,6,0.67,0.21,0,0,7,1,0,12,False,True,0,0,57,44,33,4.06,AI is off,AI is off,AI is off,AI is off,Not paired,AI is off,0,0,0
1210000,22.1,0,6,0.67,0.21,0,0,7,1,0,12,False,True,0,0,54,41,31,4.06,AI is off,AI is off,AI is off,AI is off,Not paired,AI is off,0,0,0
1212000,21.9,0,6,0.67,0.21,0,0,7,1,0,12,False,True,0,0,54,41,31,4.06,AI is off,AI is off,AI is off,AI is off,Not paired,AI is off,0,0,0
1214000,21.9,0,6,0.66,0.21,0,0,7,1,0,12,False,True,0,0,55,41,32,4.06,AI is off,AI is off,AI is off,AI is off,Not paired,AI is off,0,0,0
1216000,21.9,0,6,0.67,0.21,0,0,7,1,0,12,False,True,0,0,56,43,32,4.06,AI is off,AI is off,AI is off,AI is off,Not paired,AI is off,0,0,0
1218000,21.9,0,6,0.67,0.21,0,0,7,1,0,12,False,True,0,0,55,41,32,4.06,AI is off,AI is off,AI is off,AI is off,Not paired,AI is off,0,0,0
1220000,21.9,0,6,0.67,0.21,0,0,7,1,0,12,False,True,0,0,55,41,31,4.06,AI is off,AI is off,AI is off,AI is off,Not paired,AI is off,0,0,0
1222000,21.8,0,6,0.66,0.21,0,0,7,1,0,12,False,True,0,0,54,41,32,4.06,AI is off,AI is off,AI is off,AI is off,Not paired,AI is off,0,0,0
1224000,21.8,0,6,0.66,0.21,0,0,7,1,0,12,False,True,0,0,54,41,31,4.06,AI is off,AI is off,AI is off,AI is off,Not paired,AI is off,0,0,0
1226000,21.7,0,6,0.66,0.21,0,0,7,1,0,12,False,True,0,0,55,42,32,4.06,AI is off,AI is off,AI is off,AI is off,Not paired,AI is off,0,0,0
1228000,21.7,0,6,0.66,0.21,0,0,7,1,0,12,False,True,0,0,55,43,32,4.06,AI is off,AI is off,AI is off,AI is off,Not paired,AI is off,0,0,0
1230000,21.6,0,6,0.66,0.21,0,0,7,1,0,12,False,True,0,0,55,41,32,4.06,AI is off,AI is off,AI is off,AI is off,Not paired,AI is off,0,0,0
1232000,21.6,0,6,0.66,0.21,0,0,7,1,0,12,False,True,0,0,55,43,32,4.06,AI is off,AI is off,AI is off,AI is off,Not paired,AI is off,0,0,0
1234000,21.5,0,6,0.66,0.21,0,0,7,1,0,12,False,True,0,0,56,43,33,4.06,AI is off,AI is off,AI is off,AI is off,Not paired,AI is off,0,0,0
1236000,21.3,0,6,0.65,0.21,0,0,7,1,0,12,False,True,0,0,54,42,32,4.06,AI is off,AI is off,AI is off,AI is off,Not paired,AI is off,0,0,0
1238000,21.1,0,6,0.65,0.21,0,0,7,1,0,12,False,True,0,0,55,42,32,4.06,AI is off,AI is off,AI is off,AI is off,Not paired,AI is off,0,0,0
1240000,21,0,6,0.65,0.21,0,0,8,1,0,12,False,True,0,0,55,42,32,4.06,AI is off,AI is off,AI is off,AI is off,Not paired,AI is off,0,0,0
1242000,21,0,6,0.65,0.21,0,0,8,1,0,12,False,True,0,0,54,41,31,4.06,AI is off,AI is off,AI is off,AI is off,Not paired,AI is off,0,0,0
1244000,20.9,0,6,0.64,0.21,0,0,8,1,0,12,False,True,0,0,56,44,33,4.06,AI is off,AI is off,AI is off,AI is off,Not paired,AI is off,0,0,0
1246000,20.7,0,6,0.64,0.21,0,0,8,1,0,12,False,True,0,0,55,41,32,4.06,AI is off,AI is off,AI is off,AI is off,Not paired,AI is off,0,0,0
1248000,20.6,0,6,0.64,0.21,0,0,8,1,0,12,False,True,0,0,57,43,34,4.06,AI is off,AI is off,AI is off,AI is off,Not paired,AI is off,0,0,0
1250000,20.5,0,6,0.64,0.21,0,0,8,1,0,12,False,True,0,0,55,42,32,4.06,AI is off,AI is off,AI is off,AI is off,Not paired,AI is off,0,0,0
1252000,20.3,0,5,0.63,0.21,0,0,9,1,0,12,False,True,0,0,55,42,31,4.06,AI is off,AI is off,AI is off,AI is off,Not paired,AI is off,0,0,0
1254000,20.1,0,5,0.63,0.21,0,0,9,1,0,12,False,True,0,0,55,42,32,4.06,AI is off,AI is off,AI is off,AI is off,Not paired,AI is off,0,0,0
1256000,19.8,0,5,0.62,0.21,0,0,10,1,0,12,False,True,0,0,56,43,33,4.06,AI is off,AI is off,AI is off,AI is off,Not paired,AI is off,0,0,0
1258000,19.8,0,5,0.62,0.21,0,0,10,1,0,12,False,True,0,0,56,43,32,4.06,AI is off,AI is off,AI is off,AI is off,Not paired,AI is off,0,0,0
1260000,19.7,0,5,0.62,0.21,0,0,10,1,0,12,False,True,0,0,55,42,32,4.06,AI is off,AI is off,AI is off,AI is off,Not paired,AI is off,0,0,0
1262000,19.5,0,5,0.62,0.21,0,0,10,1,0,12,False,True,0,0,58,45,36,4.05,AI is off,AI is off,AI is off,AI is off,Not paired,AI is off,0,0,0
1264000,19.4,0,5,0.61,0.21,0,0,10,1,0,12,False,True,0,0,56,42,32,4.05,AI is off,AI is off,AI is off,AI is off,Not paired,AI is off,0,0,0
1266000,19.3,0,5,0.61,0.21,0,0,10,1,0,12,False,True,0,0,57,45,35,4.05,AI is off,AI is off,AI is off,AI is off,Not paired,AI is off,0,0,0
1268000,19.2,0,5,0.61,0.21,0,0,11,1,0,12,False,True,0,0,54,42,31,4.05,AI is off,AI is off,AI is off,AI is off,Not paired,AI is off,0,0,0
1270000,19.2,0,5,0.61,0.21,0,0,11,1,0,12,False,True,0,0,55,42,32,4.06,AI is off,AI is off,AI is off,AI is off,Not paired,AI is off,0,0,0
1272000,19.1,0,5,0.61,0.21,0,0,11,1,0,12,False,True,0,0,55,41,31,4.06,AI is off,AI is off,AI is off,AI is off,Not paired,AI is off,0,0,0
1274000,19,0,5,0.6,0.21,0,0,11,1,0,12,False,True,0,0,54,41,32,4.06,AI is off,AI is off,AI is off,AI is off,Not paired,AI is off,0,0,0
1276000,18.9,0,5,0.6,0.21,0,0,11,1,0,12,False,True,0,0,56,43,32,4.06,AI is off,AI is off,AI is off,AI is off,Not paired,AI is off,0,0,0
1278000,18.9,0,5,0.6,0.21,0,0,11,1,0,12,False,True,0,0,55,41,31,4.06,AI is off,AI is off,AI is off,AI is off,Not paired,AI is off,0,0,0
1280000,18.7,0,5,0.6,0.21,0,0,11,1,0,12,False,True,0,0,55,41,31,4.06,AI is off,AI is off,AI is off,AI is off,Not paired,AI is off,0,0,0
1282000,18.8,0,5,0.6,0.21,0,0,11,1,0,12,False,True,0,0,54,40,30,4.06,AI is off,AI is off,AI is off,AI is off,Not paired,AI is off,0,0,0
1284000,18.6,0,5,0.6,0.21,0,0,12,1,0,12,False,True,0,0,54,41,32,4.06,AI is off,AI is off,AI is off,AI is off,Not paired,AI is off,0,0,0
1286000,18.3,0,5,0.59,0.21,0,0,12,1,0,12,False,True,0,0,57,43,33,4.06,AI is off,AI is off,AI is off,AI is off,Not paired,AI is off,0,0,0
1288000,18.1,0,5,0.58,0.21,0,0,13,1,0,12,False,True,0,0,55,42,32,4.06,AI is off,AI is off,AI is off,AI is off,Not paired,AI is off,0,0,0
1290000,17.9,0,5,0.58,0.21,0,0,13,1,0,12,False,True,0,0,55,41,31,4.06,AI is off,AI is off,AI is off,AI is off,Not paired,AI is off,0,0,0
1292000,17.8,0,5,0.58,0.21,0,0,13,1,0,12,False,True,0,0,56,43,33,4.06,AI is off,AI is off,AI is off,AI is off,Not paired,AI is off,0,0,0
1294000,17.6,0,5,0.57,0.21,0,0,15,1,0,12,False,True,0,0,55,43,32,4.06,AI is off,AI is off,AI is off,AI is off,Not paired,AI is off,0,0,0
1296000,17.8,0,5,0.58,0.21,0,0,15,1,0,12,False,True,0,0,54,42,31,4.06,AI is off,AI is off,AI is off,AI is off,Not paired,AI is off,0,0,0
1298000,17.8,0,5,0.58,0.21,0,0,15,1,0,12,False,True,0,0,55,42,32,4.06,AI is off,AI is off,AI is off,AI is off,Not paired,AI is off,0,0,0
1300000,17.9,0,5,0.58,0.21,0,0,15,1,0,12,False,True,0,0,55,42,31,4.06,AI is off,AI is off,AI is off,AI is off,Not paired,AI is off,0,0,0
1302000,17.8,0,5,0.58,0.21,0,0,15,1,0,12,False,True,0,0,54,42,31,4.06,AI is off,AI is off,AI is off,AI is off,Not paired,AI is off,0,0,0
1304000,17.8,0,5,0.58,0.21,0,0,15,1,0,12,False,True,0,0,55,41,32,4.06,AI is off,AI is off,AI is off,AI is off,Not paired,AI is off,0,0,0
1306000,17.7,0,5,0.58,0.21,0,0,14,1,0,12,False,True,0,0,56,43,33,4.06,AI is off,AI is off,AI is off,AI is off,Not paired,AI is off,0,0,0
1308000,17.4,0,5,0.57,0.21,0,0,14,1,0,12,False,True,0,0,54,41,31,4.06,AI is off,AI is off,AI is off,AI is off,Not paired,AI is off,0,0,0
1310000,17.4,0,5,0.57,0.21,0,0,15,1,0,12,False,True,0,0,55,42,31,4.06,AI is off,AI is off,AI is off,AI is off,Not paired,AI is off,0,0,0
1312000,17.3,0,5,0.57,0.21,0,0,15,1,0,12,False,True,0,0,57,44,35,4.06,AI is off,AI is off,AI is off,AI is off,Not paired,AI is off,0,0,0
1314000,17.2,0,5,0.57,0.21,0,0,15,1,0,12,False,True,0,0,54,41,31,4.06,AI is off,AI is off,AI is off,AI is off,Not paired,AI is off,0,0,0
1316000,16.9,0,5,0.56,0.21,0,0,15,1,0,12,False,True,0,0,54,41,31,4.06,AI is off,AI is off,AI is off,AI is off,Not paired,AI is off,0,0,0
1318000,16.7,0,5,0.56,0.21,0,0,15,1,0,12,False,True,0,0,55,42,33,4.06,AI is off,AI is off,AI is off,AI is off,Not paired,AI is off,0,0,0
1320000,16.5,0,5,0.55,0.21,0,0,15,1,0,12,False,True,0,0,55,41,31,4.06,AI is off,AI is off,AI is off,AI is off,Not paired,AI is off,0,0,0
1322000,16.5,0,5,0.55,0.21,0,0,19,1,0,12,False,True,0,0,56,43,34,4.06,AI is off,AI is off,AI is off,AI is off,Not paired,AI is off,0,0,0
1324000,16.4,0,5,0.55,0.21,0,0,19,1,0,12,False,True,0,0,55,42,32,4.06,AI is off,AI is off,AI is off,AI is off,Not paired,AI is off,0,0,0
1326000,16.4,0,5,0.55,0.21,0,0,19,1,0,12,False,True,0,0,54,41,31,4.06,AI is off,AI is off,AI is off,AI is off,Not paired,AI is off,0,0,0
1328000,16.3,0,5,0.55,0.21,0,0,19,1,0,12,False,True,0,0,55,42,32,4.06,AI is off,AI is off,AI is off,AI is off,Not paired,AI is off,0,0,0
1330000,16.2,0,5,0.55,0.21,0,0,19,1,0,12,False,True,0,0,55,41,30,4.06,AI is off,AI is off,AI is off,AI is off,Not paired,AI is off,0,0,0
1332000,16,0,5,0.54,0.21,0,0,19,1,0,12,False,True,0,0,55,41,32,4.06,AI is off,AI is off,AI is off,AI is off,Not paired,AI is off,0,0,0
1334000,15.9,0,5,0.54,0.21,0,0,19,1,0,12,False,True,0,0,55,42,32,4.06,AI is off,AI is off,AI is off,AI is off,Not paired,AI is off,0,0,0
1336000,15.8,0,5,0.54,0.21,0,0,19,1,0,12,False,True,0,0,58,46,36,4.06,AI is off,AI is off,AI is off,AI is off,Not paired,AI is off,0,0,0
1338000,15.8,0,5,0.54,0.21,0,0,22,1,0,12,False,True,0,0,55,41,32,4.06,AI is off,AI is off,AI is off,AI is off,Not paired,AI is off,0,0,0
1340000,15.7,0,5,0.54,0.21,0,0,22,1,0,12,False,True,0,0,55,42,31,4.05,AI is off,AI is off,AI is off,AI is off,Not paired,AI is off,0,0,0
1342000,15.5,0,5,0.53,0.21,0,0,22,1,0,12,False,True,0,0,56,43,32,4.05,AI is off,AI is off,AI is off,AI is off,Not paired,AI is off,0,0,0
1344000,15.3,0,5,0.53,0.21,0,0,24,1,0,12,False,True,0,0,56,43,32,4.05,AI is off,AI is off,AI is off,AI is off,Not paired,AI is off,0,0,0
1346000,15.4,0,5,0.53,0.21,0,0,24,1,0,12,False,True,0,0,55,42,31,4.06,AI is off,AI is off,AI is off,AI is off,Not paired,AI is off,0,0,0
1348000,15.5,0,5,0.53,0.21,0,0,24,1,0,12,False,True,0,0,55,42,33,4.06,AI is off,AI is off,AI is off,AI is off,Not paired,AI is off,0,0,0
1350000,15.5,0,5,0.53,0.21,0,0,24,1,0,12,False,True,0,0,55,41,30,4.06,AI is off,AI is off,AI is off,AI is off,Not paired,AI is off,0,0,0
1352000,15.5,0,5,0.53,0.21,0,0,24,1,0,12,False,True,0,0,55,41,32,4.05,AI is off,AI is off,AI is off,AI is off,Not paired,AI is off,0,0,0
1354000,15.4,0,5,0.53,0.21,0,0,24,1,0,12,False,True,0,0,57,44,34,4.05,AI is off,AI is off,AI is off,AI is off,Not paired,AI is off,0,0,0
1356000,15.3,0,5,0.53,0.21,0,0,24,1,0,12,False,True,0,0,55,42,33,4.05,AI is off,AI is off,AI is off,AI is off,Not paired,AI is off,0,0,0
1358000,15.1,0,5,0.52,0.21,0,0,24,1,0,12,False,True,0,0,58,45,35,4.05,AI is off,AI is off,AI is off,AI is off,Not paired,AI is off,0,0,0
1360000,14.7,0,5,0.52,0.21,0,0,27,1,0,12,False,True,0,0,58,46,37,4.05,AI is off,AI is off,AI is off,AI is off,Not paired,AI is off,0,0,0
1362000,14.5,0,5,0.51,0.21,0,0,27,1,0,12,False,True,0,0,58,45,36,4.05,AI is off,AI is off,AI is off,AI is off,Not paired,AI is off,0,0,0
1364000,14.5,0,5,0.51,0.21,0,0,27,1,0,12,False,True,0,0,55,42,33,4.05,AI is off,AI is off,AI is off,AI is off,Not paired,AI is off,0,0,0
1366000,14.2,0,5,0.5,0.21,0,0,27,1,0,12,False,True,0,0,54,42,30,4.05,AI is off,AI is off,AI is off,AI is off,Not paired,AI is off,0,0,0
1368000,13.8,0,5,0.5,0.21,0,0,27,1,0,12,False,True,0,0,55,42,32,4.06,AI is off,AI is off,AI is off,AI is off,Not paired,AI is off,0,0,0
1370000,13.7,0,5,0.49,0.21,0,0,27,1,0,12,False,True,0,0,54,40,30,4.06,AI is off,AI is off,AI is off,AI is off,Not paired,AI is off,0,0,0
1372000,13.5,0,5,0.49,0.21,0,0,34,1,0,12,False,True,0,0,58,46,35,4.06,AI is off,AI is off,AI is off,AI is off,Not paired,AI is off,0,0,0
1374000,13.3,0,5,0.49,0.21,0,0,34,1,0,12,False,True,0,0,56,44,34,4.05,AI is off,AI is off,AI is off,AI is off,Not paired,AI is off,0,0,0
1376000,13,0,5,0.48,0.21,0,0,34,1,0,13,False,True,0,0,57,44,34,4.05,AI is off,AI is off,AI is off,AI is off,Not paired,AI is off,0,0,0
1378000,12.4,0,5,0.47,0.21,0,0,40,1,0,13,False,True,0,0,57,44,35,4.05,AI is off,AI is off,AI is off,AI is off,Not paired,AI is off,0,0,0
1380000,11.9,0,5,0.46,0.21,0,0,40,1,0,13,False,True,0,0,54,42,31,4.05,AI is off,AI is off,AI is off,AI is off,Not paired,AI is off,0,0,0
1382000,11.4,0,5,0.45,0.21,0,0,40,1,0,13,False,True,0,0,56,43,34,4.05,AI is off,AI is off,AI is off,AI is off,Not paired,AI is off,0,0,0
1384000,10.9,0,5,0.44,0.21,0,0,40,1,0,13,False,True,0,0,56,42,32,4.06,AI is off,AI is off,AI is off,AI is off,Not paired,AI is off,0,0,0
1386000,10.4,0,5,0.42,0.21,0,0,40,1,0,13,False,True,0,0,57,44,34,4.06,AI is off,AI is off,AI is off,AI is off,Not paired,AI is off,0,0,0
1388000,9.8,0,4,0.41,0.21,0,0,99,1,0,13,False,True,0,0,58,45,34,4.06,AI is off,AI is off,AI is off,AI is off,Not paired,AI is off,0,0,0
1390000,9.400001,0,4,0.4,0.21,0,0,99,1,0,13,False,True,0,0,57,45,35,4.05,AI is off,AI is off,AI is off,AI is off,Not paired,AI is off,0,0,0
1392000,9.1,0,4,0.4,0.21,0,0,99,1,0,13,False,True,0,0,59,45,37,4.05,AI is off,AI is off,AI is off,AI is off,Not paired,AI is off,0,0,0
1394000,8.900001,0,4,0.39,0.21,0,0,99,1,0,13,False,True,0,0,57,45,35,4.05,AI is off,AI is off,AI is off,AI is off,Not paired,AI is off,0,0,0
1396000,8.7,0,4,0.39,0.21,0,0,99,1,0,14,False,True,0,0,57,45,34,4.05,AI is off,AI is off,AI is off,AI is off,Not paired,AI is off,0,0,0
1398000,8.6,0,4,0.39,0.21,0,0,99,1,0,14,False,True,0,0,55,41,31,4.05,AI is off,AI is off,AI is off,AI is off,Not paired,AI is off,0,0,0
1400000,8.400001,0,4,0.38,0.21,0,0,99,1,0,14,False,True,0,0,55,41,31,4.05,AI is off,AI is off,AI is off,AI is off,Not paired,AI is off,0,0,0
1402000,8.5,0,4,0.39,0.21,0,0,99,1,0,14,False,True,0,0,56,43,33,4.05,AI is off,AI is off,AI is off,AI is off,Not paired,AI is off,0,0,0
1404000,8.3,0,4,0.38,0.21,0,0,99,1,0,14,False,True,0,0,55,42,31,4.05,AI is off,AI is off,AI is off,AI is off,Not paired,AI is off,0,0,0
1406000,8,0,4,0.37,0.21,0,0,99,1,0,14,False,True,0,0,58,44,34,4.05,AI is off,AI is off,AI is off,AI is off,Not paired,AI is off,0,0,0
1408000,7.5,0,4,0.36,0.21,0,0,99,1,0,15,False,True,0,0,56,43,33,4.05,AI is off,AI is off,AI is off,AI is off,Not paired,AI is off,0,0,0
1410000,7.2,0,4,0.36,0.21,0,0,99,1,0,15,False,True,0,0,55,42,32,4.05,AI is off,AI is off,AI is off,AI is off,Not paired,AI is off,0,0,0
1412000,7.1,0,4,0.35,0.21,0,0,99,1,0,15,False,True,0,0,57,44,34,4.05,AI is off,AI is off,AI is off,AI is off,Not paired,AI is off,0,0,0
1414000,7,0,4,0.35,0.21,0,0,99,1,0,15,False,True,0,0,54,42,31,4.06,AI is off,AI is off,AI is off,AI is off,Not paired,AI is off,0,0,0
1416000,6.5,0,4,0.34,0.21,0,0,99,1,0,16,False,True,0,0,59,45,36,4.06,AI is off,AI is off,AI is off,AI is off,Not paired,AI is off,0,0,0
1418000,6.4,0,4,0.34,0.21,0,0,99,1,0,16,False,True,0,0,59,46,34,4.05,AI is off,AI is off,AI is off,AI is off,Not paired,AI is off,0,0,0
1420000,6.4,0,4,0.34,0.21,0,0,99,1,0,16,False,True,0,0,58,45,34,4.05,AI is off,AI is off,AI is off,AI is off,Not paired,AI is off,0,0,0
1422000,6.4,0,4,0.34,0.21,0,0,99,1,0,16,False,True,0,0,57,44,34,4.05,AI is off,AI is off,AI is off,AI is off,Not paired,AI is off,0,0,0
1424000,6.4,0,4,0.34,0.21,0,0,99,1,0,16,False,True,0,0,56,44,34,4.05,AI is off,AI is off,AI is off,AI is off,Not paired,AI is off,0,0,0
1426000,6.4,0,4,0.34,0.21,0,0,99,1,0,16,False,True,0,0,57,45,32,4.05,AI is off,AI is off,AI is off,AI is off,Not paired,AI is off,0,0,0
1428000,6.1,0,4,0.33,0.21,0,0,99,1,0,17,False,True,0,0,58,45,35,4.05,AI is off,AI is off,AI is off,AI is off,Not paired,AI is off,0,0,0
1430000,5.9,0,4,0.33,0.21,0,0,99,1,0,17,False,True,0,0,57,43,33,4.05,AI is off,AI is off,AI is off,AI is off,Not paired,AI is off,0,0,0
1432000,6.2,0,4,0.34,0.21,0,0,99,1,0,17,False,True,0,0,57,44,34,4.05,AI is off,AI is off,AI is off,AI is off,Not paired,AI is off,0,0,0
1434000,6.5,0,4,0.34,0.21,0,0,99,1,0,17,False,True,0,0,59,47,37,4.05,AI is off,AI is off,AI is off,AI is off,Not paired,AI is off,0,0,0
1436000,7,0,4,0.35,0.21,0,0,99,1,0,17,False,True,0,0,57,45,34,4.05,AI is off,AI is off,AI is off,AI is off,Not paired,AI is off,0,0,0
1438000,7.4,0,4,0.36,0.21,0,0,99,1,0,17,False,True,0,0,57,44,34,4.05,AI is off,AI is off,AI is off,AI is off,Not paired,AI is off,0,0,0
1440000,7.7,0,4,0.37,0.21,0,0,99,1,0,16,False,True,0,0,56,44,34,4.05,AI is off,AI is off,AI is off,AI is off,Not paired,AI is off,0,0,0
1442000,7.8,0,4,0.37,0.21,0,0,99,1,0,16,False,True,0,0,56,43,33,4.05,AI is off,AI is off,AI is off,AI is off,Not paired,AI is off,0,0,0
1444000,7.5,0,4,0.36,0.21,0,0,99,1,0,16,False,True,0,0,57,44,34,4.05,AI is off,AI is off,AI is off,AI is off,Not paired,AI is off,0,0,0
1446000,7.3,0,4,0.36,0.21,0,0,99,1,0,16,False,True,0,0,56,43,32,4.05,AI is off,AI is off,AI is off,AI is off,Not paired,AI is off,0,0,0
1448000,7.6,0,4,0.36,0.21,0,0,99,1,0,16,False,True,0,0,58,45,35,4.05,AI is off,AI is off,AI is off,AI is off,Not paired,AI is off,0,0,0
1450000,7.7,0,4,0.37,0.21,0,0,99,1,0,16,False,True,0,0,56,42,33,4.05,AI is off,AI is off,AI is off,AI is off,Not paired,AI is off,0,0,0
1452000,7.5,0,4,0.36,0.21,0,0,99,1,0,16,False,True,0,0,58,45,35,4.06,AI is off,AI is off,AI is off,AI is off,Not paired,AI is off,0,0,0
1454000,7.4,0,4,0.36,0.21,0,0,99,1,0,16,False,True,0,0,60,46,36,4.06,AI is off,AI is off,AI is off,AI is off,Not paired,AI is off,0,0,0
1456000,7.2,0,4,0.36,0.21,0,0,99,1,0,16,False,True,0,0,56,42,31,4.06,AI is off,AI is off,AI is off,AI is off,Not paired,AI is off,0,0,0
1458000,7,0,4,0.35,0.21,0,0,99,1,0,16,False,True,0,0,57,44,34,4.05,AI is off,AI is off,AI is off,AI is off,Not paired,AI is off,0,0,0
1460000,6.7,0,4,0.35,0.21,0,0,99,1,0,16,False,True,0,0,58,44,35,4.05,AI is off,AI is off,AI is off,AI is off,Not paired,AI is off,0,0,0
1462000,6.9,0,4,0.35,0.21,0,0,99,1,0,17,False,True,0,0,58,45,34,4.05,AI is off,AI is off,AI is off,AI is off,Not paired,AI is off,0,0,0
1464000,7.1,0,4,0.35,0.21,0,0,99,1,0,17,False,True,0,0,58,46,36,4.05,AI is off,AI is off,AI is off,AI is off,Not paired,AI is off,0,0,0
1466000,7,0,4,0.35,0.21,0,0,99,1,0,17,False,True,0,0,60,47,37,4.05,AI is off,AI is off,AI is off,AI is off,Not paired,AI is off,0,0,0
1468000,6.9,0,4,0.35,0.21,0,0,99,1,0,17,False,True,0,0,59,46,36,4.05,AI is off,AI is off,AI is off,AI is off,Not paired,AI is off,0,0,0
1470000,7.1,0,4,0.36,0.21,0,0,99,1,0,17,False,True,0,0,59,44,35,4.05,AI is off,AI is off,AI is off,AI is off,Not paired,AI is off,0,0,0
1472000,7,0,3,0.35,0.21,0,0,99,1,0,17,False,True,0,0,58,45,36,4.05,AI is off,AI is off,AI is off,AI is off,Not paired,AI is off,0,0,0
1474000,6.7,0,3,0.35,0.21,0,0,99,1,0,17,False,True,0,0,58,46,34,4.05,AI is off,AI is off,AI is off,AI is off,Not paired,AI is off,0,0,0
1476000,6.3,0,3,0.34,0.21,0,0,99,1,0,17,False,True,0,0,56,44,32,4.05,AI is off,AI is off,AI is off,AI is off,Not paired,AI is off,0,0,0
1478000,6.1,0,3,0.33,0.21,0,0,99,1,0,17,False,True,0,0,58,46,36,4.05,AI is off,AI is off,AI is off,AI is off,Not paired,AI is off,0,0,0
1480000,6,0,3,0.33,0.21,0,0,99,1,0,17,False,True,0,0,57,44,33,4.05,AI is off,AI is off,AI is off,AI is off,Not paired,AI is off,0,0,0
1482000,6,0,3,0.33,0.21,0,0,99,1,0,17,False,True,0,0,58,45,36,4.05,AI is off,AI is off,AI is off,AI is off,Not paired,AI is off,0,0,0
1484000,5.9,0,3,0.33,0.21,0,0,99,1,0,17,False,True,0,0,57,43,34,4.05,AI is off,AI is off,AI is off,AI is off,Not paired,AI is off,0,0,0
1486000,6,0,3,0.33,0.21,0,0,99,1,0,17,False,True,0,0,56,43,34,4.05,AI is off,AI is off,AI is off,AI is off,Not paired,AI is off,0,0,0
1488000,6,0,3,0.33,0.21,0,0,99,1,0,17,False,True,0,0,59,47,36,4.05,AI is off,AI is off,AI is off,AI is off,Not paired,AI is off,0,0,0
1490000,6.2,0,3,0.34,0.21,0,0,99,1,0,17,False,True,0,0,54,40,30,4.05,AI is off,AI is off,AI is off,AI is off,Not paired,AI is off,0,0,0
1492000,6.5,0,3,0.34,0.21,0,0,99,1,0,17,False,True,0,0,58,44,34,4.05,AI is off,AI is off,AI is off,AI is off,Not paired,AI is off,0,0,0
1494000,6.7,0,3,0.35,0.21,0,0,99,1,0,17,False,True,0,0,59,44,35,4.05,AI is off,AI is off,AI is off,AI is off,Not paired,AI is off,0,0,0
1496000,7,0,3,0.35,0.21,0,0,99,1,0,17,False,True,0,0,58,45,35,4.05,AI is off,AI is off,AI is off,AI is off,Not paired,AI is off,0,0,0
1498000,7.1,0,3,0.36,0.21,0,0,99,1,0,17,False,True,0,0,57,44,34,4.05,AI is off,AI is off,AI is off,AI is off,Not paired,AI is off,0,0,0
1500000,7.2,0,3,0.36,0.21,0,0,99,1,0,17,False,True,0,0,58,45,35,4.05,AI is off,AI is off,AI is off,AI is off,Not paired,AI is off,0,0,0
1502000,7,0,3,0.35,0.21,0,0,99,1,0,17,False,True,0,0,59,45,36,4.05,AI is off,AI is off,AI is off,AI is off,Not paired,AI is off,0,0,0
1504000,6.8,0,3,0.35,0.21,0,0,99,1,0,17,False,True,0,0,56,42,32,4.05,AI is off,AI is off,AI is off,AI is off,Not paired,AI is off,0,0,0
1506000,6.7,0,3,0.35,0.21,0,0,99,1,0,17,False,True,0,0,57,45,34,4.05,AI is off,AI is off,AI is off,AI is off,Not paired,AI is off,0,0,0
1508000,6.7,0,3,0.35,0.21,0,0,99,1,0,17,False,True,0,0,58,44,35,4.05,AI is off,AI is off,AI is off,AI is off,Not paired,AI is off,0,0,0
1510000,6.4,0,3,0.34,0.21,0,0,99,1,0,17,False,True,0,0,58,45,35,4.05,AI is off,AI is off,AI is off,AI is off,Not paired,AI is off,0,0,0
1512000,6.1,0,3,0.33,0.21,0,0,99,1,0,18,False,True,0,0,57,43,34,4.05,AI is off,AI is off,AI is off,AI is off,Not paired,AI is off,0,0,0
1514000,6,0,3,0.33,0.21,0,0,99,1,0,18,False,True,0,0,57,44,34,4.05,AI is off,AI is off,AI is off,AI is off,Not paired,AI is off,0,0,0
1516000,5.8,0,3,0.33,0.21,0,0,99,1,0,18,False,True,0,0,58,44,35,4.05,AI is off,AI is off,AI is off,AI is off,Not paired,AI is off,0,0,0
1518000,5.8,0,3,0.33,0.21,0,0,99,1,0,18,False,True,0,0,57,44,34,4.05,AI is off,AI is off,AI is off,AI is off,Not paired,AI is off,0,0,0
1520000,5.8,0,3,0.33,0.21,0,0,99,1,0,18,False,True,0,0,58,44,34,4.05,AI is off,AI is off,AI is off,AI is off,Not paired,AI is off,0,0,0
1522000,5.7,0,3,0.33,0.21,0,0,99,1,0,18,False,True,0,0,56,44,32,4.05,AI is off,AI is off,AI is off,AI is off,Not paired,AI is off,0,0,0
1524000,5.4,0,3,0.32,0.21,0,0,99,1,0,18,False,True,0,0,57,44,34,4.05,AI is off,AI is off,AI is off,AI is off,Not paired,AI is off,0,0,0
1526000,5.2,0,2,0.31,0.21,0,0,99,1,0,18,False,True,0,0,60,47,36,4.05,AI is off,AI is off,AI is off,AI is off,Not paired,AI is off,0,0,0
1528000,5.1,0,2,0.31,0.21,0,0,99,1,0,18,False,True,0,0,58,46,35,4.05,AI is off,AI is off,AI is off,AI is off,Not paired,AI is off,0,0,0
1530000,5.2,0,2,0.31,0.21,0,0,99,1,0,18,False,True,0,0,57,44,33,4.05,AI is off,AI is off,AI is off,AI is off,Not paired,AI is off,0,0,0
1532000,5.3,0,2,0.32,0.21,0,0,99,1,0,18,False,True,0,0,57,44,32,4.05,AI is off,AI is off,AI is off,AI is off,Not paired,AI is off,0,0,0
1534000,5.3,0,2,0.32,0.21,0,0,99,1,0,18,False,True,0,0,56,43,33,4.05,AI is off,AI is off,AI is off,AI is off,Not paired,AI is off,0,0,0
1536000,5.4,0,2,0.32,0.21,0,0,99,1,0,18,False,True,0,0,57,44,34,4.05,AI is off,AI is off,AI is off,AI is off,Not paired,AI is off,0,0,0
1538000,5.5,0,2,0.32,0.21,0,0,99,1,0,19,False,True,0,0,57,45,35,4.05,AI is off,AI is off,AI is off,AI is off,Not paired,AI is off,0,0,0
1540000,5.7,0,2,0.33,0.21,0,0,99,1,0,19,False,True,0,0,55,42,33,4.05,AI is off,AI is off,AI is off,AI is off,Not paired,AI is off,0,0,0
1542000,5.8,0,2,0.33,0.21,0,0,99,1,0,19,False,True,0,0,57,44,35,4.05,AI is off,AI is off,AI is off,AI is off,Not paired,AI is off,0,0,0
1544000,5.8,0,2,0.33,0.21,0,0,99,1,0,19,False,True,0,0,57,45,35,4.05,AI is off,AI is off,AI is off,AI is off,Not paired,AI is off,0,0,0
1546000,5.9,0,2,0.33,0.21,0,0,99,1,0,19,False,True,0,0,59,46,35,4.05,AI is off,AI is off,AI is off,AI is off,Not paired,AI is off,0,0,0
1548000,5.7,0,2,0.33,0.21,0,0,99,1,0,19,False,True,0,0,59,46,35,4.05,AI is off,AI is off,AI is off,AI is off,Not paired,AI is off,0,0,0
1550000,5.5,0,2,0.32,0.21,0,0,99,1,0,19,False,True,0,0,59,47,36,4.05,AI is off,AI is off,AI is off,AI is off,Not paired,AI is off,0,0,0
1552000,5.3,0,2,0.32,0.21,0,0,99,1,0,19,False,True,0,0,59,44,33,4.05,AI is off,AI is off,AI is off,AI is off,Not paired,AI is off,0,0,0
1554000,5.3,0,2,0.32,0.21,0,0,99,1,0,19,False,True,0,0,59,46,34,4.05,AI is off,AI is off,AI is off,AI is off,Not paired,AI is off,0,0,0
1556000,5.4,0,2,0.32,0.21,0,0,99,1,0,19,False,True,0,0,60,48,36,4.05,AI is off,AI is off,AI is off,AI is off,Not paired,AI is off,0,0,0
1558000,5.5,0,2,0.32,0.21,0,0,99,1,0,19,False,True,0,0,58,46,34,4.05,AI is off,AI is off,AI is off,AI is off,Not paired,AI is off,0,0,0
1560000,5.6,0,2,0.32,0.21,0,0,99,1,0,19,False,True,0,0,57,44,34,4.05,AI is off,AI is off,AI is off,AI is off,Not paired,AI is off,0,0,0
1562000,5.5,0,2,0.32,0.21,0,0,99,1,0,19,False,True,0,0,58,44,34,4.05,AI is off,AI is off,AI is off,AI is off,Not paired,AI is off,0,0,0
1564000,5.4,0,2,0.32,0.21,0,0,99,1,0,19,False,True,0,0,57,44,34,4.05,AI is off,AI is off,AI is off,AI is off,Not paired,AI is off,0,0,0
1566000,5.3,0,2,0.32,0.21,0,0,99,1,0,19,False,True,0,0,57,44,34,4.05,AI is off,AI is off,AI is off,AI is off,Not paired,AI is off,0,0,0
1568000,5.3,0,2,0.32,0.21,0,0,99,1,0,19,False,True,0,0,58,45,34,4.05,AI is off,AI is off,AI is off,AI is off,Not paired,AI is off,0,0,0
1570000,5.2,0,2,0.31,0.21,0,0,99,1,0,19,False,True,0,0,56,42,33,4.05,AI is off,AI is off,AI is off,AI is off,Not paired,AI is off,0,0,0
1572000,5.3,0,2,0.32,0.21,0,0,99,1,0,19,False,True,0,0,63,48,38,4.05,AI is off,AI is off,AI is off,AI is off,Not paired,AI is off,0,0,0
1574000,5.5,0,2,0.32,0.21,0,0,99,1,0,19,False,True,0,0,58,44,34,4.05,AI is off,AI is off,AI is off,AI is off,Not paired,AI is off,0,0,0
1576000,5.4,0,2,0.32,0.21,0,0,99,1,0,19,False,True,0,0,58,44,34,4.05,AI is off,AI is off,AI is off,AI is off,Not paired,AI is off,0,0,0
1578000,5.4,0,2,0.32,0.21,0,0,99,1,0,19,False,True,0,0,56,45,33,4.05,AI is off,AI is off,AI is off,AI is off,Not paired,AI is off,0,0,0
1580000,5.5,0,2,0.32,0.21,0,0,99,1,0,19,False,True,0,0,57,44,34,4.05,AI is off,AI is off,AI is off,AI is off,Not paired,AI is off,0,0,0
1582000,5.7,0,2,0.33,0.21,0,0,99,1,0,19,False,True,0,0,59,45,36,4.05,AI is off,AI is off,AI is off,AI is off,Not paired,AI is off,0,0,0
1584000,5.6,0,2,0.32,0.21,0,0,99,1,0,19,False,True,0,0,58,46,34,4.05,AI is off,AI is off,AI is off,AI is off,Not paired,AI is off,0,0,0
1586000,5.7,0,1,0.32,0.21,0,0,99,1,0,19,False,True,0,0,58,46,35,4.05,AI is off,AI is off,AI is off,AI is off,Not paired,AI is off,0,0,0
1588000,5.8,0,1,0.33,0.21,0,0,99,1,0,19,False,True,0,0,59,47,34,4.05,AI is off,AI is off,AI is off,AI is off,Not paired,AI is off,0,0,0
1590000,5.7,0,1,0.33,0.21,0,0,99,1,0,19,False,True,0,0,58,44,34,4.05,AI is off,AI is off,AI is off,AI is off,Not paired,AI is off,0,0,0
1592000,5.6,0,1,0.33,0.21,0,0,99,1,0,19,False,True,0,0,57,44,34,4.05,AI is off,AI is off,AI is off,AI is off,Not paired,AI is off,0,0,0
1594000,5.5,0,1,0.32,0.21,0,0,99,1,0,19,False,True,0,0,58,45,35,4.05,AI is off,AI is off,AI is off,AI is off,Not paired,AI is off,0,0,0
1596000,5.3,0,1,0.32,0.21,0,0,99,1,0,19,False,True,0,0,58,45,35,4.05,AI is off,AI is off,AI is off,AI is off,Not paired,AI is off,0,0,0
1598000,5.2,0,1,0.32,0.21,0,0,99,1,0,19,False,True,0,0,58,46,36,4.05,AI is off,AI is off,AI is off,AI is off,Not paired,AI is off,0,0,0
1600000,5,0,1,0.31,0.21,0,0,99,1,0,19,False,True,0,0,64,48,37,4.05,AI is off,AI is off,AI is off,AI is off,Not paired,AI is off,0,0,0
1602000,5,0,1,0.31,0.21,0,0,99,1,0,19,False,True,0,0,70,54,42,4.05,AI is off,AI is off,AI is off,AI is off,Not paired,AI is off,0,0,0
1604000,5.2,0,1,0.31,0.21,0,0,99,1,0,20,False,True,0,0,57,44,33,4.05,AI is off,AI is off,AI is off,AI is off,Not paired,AI is off,0,0,0
1606000,5.2,0,1,0.32,0.21,0,0,99,1,0,20,False,True,0,0,57,45,35,4.05,AI is off,AI is off,AI is off,AI is off,Not paired,AI is off,0,0,0
1608000,5,0,1,0.31,0.21,0,0,99,1,0,20,False,True,0,0,58,45,35,4.05,AI is off,AI is off,AI is off,AI is off,Not paired,AI is off,0,0,0
1610000,5.1,0,1,0.31,0.21,0,0,99,1,0,20,False,True,0,0,55,42,31,4.05,AI is off,AI is off,AI is off,AI is off,Not paired,AI is off,0,0,0
1612000,5,0,1,0.31,0.21,0,0,99,1,0,20,False,True,0,0,58,45,35,4.05,AI is off,AI is off,AI is off,AI is off,Not paired,AI is off,0,0,0
1614000,4.9,0,1,0.31,0.21,0,0,99,1,0,20,False,True,0,0,59,45,36,4.05,AI is off,AI is off,AI is off,AI is off,Not paired,AI is off,0,0,0
1616000,4.6,0,1,0.31,0.21,0,0,99,1,0,20,False,True,0,0,58,45,35,4.05,AI is off,AI is off,AI is off,AI is off,Not paired,AI is off,0,0,0
1618000,4.4,0,1,0.3,0.21,0,0,99,1,0,20,False,True,0,0,57,45,35,4.05,AI is off,AI is off,AI is off,AI is off,Not paired,AI is off,0,0,0
1620000,4.2,0,1,0.3,0.21,0,0,99,1,0,20,False,True,0,0,57,44,34,4.05,AI is off,AI is off,AI is off,AI is off,Not paired,AI is off,0,0,0
1622000,3.8,0,1,0.29,0.21,0,0,99,1,0,20,False,True,0,0,56,42,32,4.05,AI is off,AI is off,AI is off,AI is off,Not paired,AI is off,0,0,0
1624000,3.3,0,1,0.28,0.21,0,0,99,1,0,20,False,True,0,0,57,45,36,4.05,AI is off,AI is off,AI is off,AI is off,Not paired,AI is off,0,0,0
1626000,2.7,0,1,0.27,0.21,0,0,99,1,0,20,False,True,0,0,57,44,34,4.05,AI is off,AI is off,AI is off,AI is off,Not paired,AI is off,0,0,0
1628000,2.2,0,1,0.26,0.21,0,0,99,1,0,20,False,True,0,0,57,45,35,4.05,AI is off,AI is off,AI is off,AI is off,Not paired,AI is off,0,0,0
1630000,1.7,0,1,0.25,0.21,0,0,99,1,0,20,False,True,0,0,57,44,33,4.05,AI is off,AI is off,AI is off,AI is off,Not paired,AI is off,0,0,0
1632000,0.9,0,1,0.23,0.21,0,0,99,1,0,20,False,True,0,0,54,42,31,4.05,AI is off,AI is off,AI is off,AI is off,Not paired,AI is off,0,0,0
1634000,0,0,1,0.22,0.21,0,0,99,1,0,20,False,True,0,0,54,41,32,4.05,AI is off,AI is off,AI is off,AI is off,Not paired,AI is off,0,0,0
1636000,0,0,1,0.21,0.21,0,0,99,1,0,20,False,True,0,0,72,56,42,4.05,AI is off,AI is off,AI is off,AI is off,Not paired,AI is off,0,0,0
1638000,0,0,0,0.21,0.21,0,0,99,1,0,20,False,True,0,0,57,43,33,4.05,AI is off,AI is off,AI is off,AI is off,Not paired,AI is off,0,0,0
1640000,0,0,0,0.21,0.21,0,0,99,1,0,20,False,True,0,0,61,47,36,4.05,AI is off,AI is off,AI is off,AI is off,Not paired,AI is off,0,0,0
1642000,0,0,0,0.21,0.21,0,0,99,1,0,21,False,True,0,0,56,43,33,4.05,AI is off,AI is off,AI is off,AI is off,Not paired,AI is off,0,0,0
1644000,0,0,0,0.21,0.21,0,0,99,1,0,21,False,True,0,0,55,43,33,4.05,AI is off,AI is off,AI is off,AI is off,Not paired,AI is off,0,0,0
1646000,0,0,0,0.21,0.21,0,0,99,1,0,21,False,True,0,0,60,46,35,4.05,AI is off,AI is off,AI is off,AI is off,Not paired,AI is off,0,0,0
1648000,0,0,0,0.21,0.21,0,0,99,1,0,21,False,True,0,0,57,44,33,4.05,AI is off,AI is off,AI is off,AI is off,Not paired,AI is off,0,0,0
1650000,0,0,0,0.21,0.21,0,0,99,1,0,21,False,True,0,0,59,46,35,4.05,AI is off,AI is off,AI is off,AI is off,Not paired,AI is off,0,0,0
1652000,0,0,0,0.21,0.21,0,0,99,1,0,21,False,True,0,0,59,44,33,4.05,AI is off,AI is off,AI is off,AI is off,Not paired,AI is off,0,0,0
1654000,0,0,0,0.21,0.21,0,0,99,1,0,21,False,True,0,0,66,50,38,4.05,AI is off,AI is off,AI is off,AI is off,Not paired,AI is off,0,0,0
1656000,0,0,0,0.21,0.21,0,0,99,1,0,21,False,True,0,0,55,41,31,4.05,AI is off,AI is off,AI is off,AI is off,Not paired,AI is off,0,0,0
1658000,0,0,0,0.21,0.21,0,0,99,1,0,21,False,True,0,0,55,42,32,4.05,AI is off,AI is off,AI is off,AI is off,Not paired,AI is off,0,0,0
1660000,0,0,0,0.21,0.21,0,0,99,1,0,21,False,True,0,0,59,44,33,4.05,AI is off,AI is off,AI is off,AI is off,Not paired,AI is off,0,0,0
1662000,0,0,0,0.21,0.21,0,0,99,1,0,21,False,True,0,0,64,50,38,4.05,AI is off,AI is off,AI is off,AI is off,Not paired,AI is off,0,0,0
1664000,0,0,0,0.21,0.21,0,0,99,1,0,21,False,True,0,0,59,45,34,4.05,AI is off,AI is off,AI is off,AI is off,Not paired,AI is off,0,0,0
1666000,0,0,0,0.21,0.21,0,0,99,1,0,21,False,True,0,0,62,48,37,4.05,AI is off,AI is off,AI is off,AI is off,Not paired,AI is off,0,0,0
1668000,0,0,0,0.21,0.21,0,0,99,1,0,22,False,True,0,0,64,51,39,4.05,AI is off,AI is off,AI is off,AI is off,Not paired,AI is off,0,0,0
1670000,0,0,0,0.21,0.21,0,0,99,1,0,22,False,True,0,0,69,54,41,4.05,AI is off,AI is off,AI is off,AI is off,Not paired,AI is off,0,0,0
1672000,0,0,0,0.21,0.21,0,0,99,1,0,22,False,True,0,0,62,49,36,4.05,AI is off,AI is off,AI is off,AI is off,Not paired,AI is off,0,0,0
1674000,0,0,0,0.21,0.21,0,0,99,1,0,22,False,True,0,0,69,53,41,4.05,AI is off,AI is off,AI is off,AI is off,Not paired,AI is off,0,0,0
1676000,0,0,0,0.21,0.21,0,0,99,1,0,22,False,True,0,0,69,53,41,4.05,AI is off,AI is off,AI is off,AI is off,Not paired,AI is off,0,0,0
1678000,0,0,0,0.21,0.21,0,0,99,1,0,22,False,True,0,0,72,55,40,4.05,AI is off,AI is off,AI is off,AI is off,Not paired,AI is off,0,0,0
1680000,0,0,0,0.21,0.21,0,0,99,1,0,22,False,True,0,0,67,52,40,4.05,AI is off,AI is off,AI is off,AI is off,Not paired,AI is off,0,0,0
1682000,0,0,0,0.21,0.21,0,0,99,1,0,22,False,True,0,0,68,52,39,4.05,AI is off,AI is off,AI is off,AI is off,Not paired,AI is off,0,0,0
1684000,0,0,0,0.21,0.21,0,0,99,1,0,22,False,True,0,0,69,53,40,4.05,AI is off,AI is off,AI is off,AI is off,Not paired,AI is off,0,0,0
1686000,0,0,0,0.21,0.21,0,0,99,1,0,22,False,True,0,0,72,55,43,4.05,AI is off,AI is off,AI is off,AI is off,Not paired,AI is off,0,0,0
1688000,0,0,0,0.21,0.21,0,0,99,1,0,22,False,True,0,0,68,52,39,4.05,AI is off,AI is off,AI is off,AI is off,Not paired,AI is off,0,0,0
1690000,0,0,0,0.21,0.21,0,0,99,1,0,22,False,True,0,0,70,53,40,4.05,AI is off,AI is off,AI is off,AI is off,Not paired,AI is off,0,0,0
1692000,0,0,0,0.21,0.21,0,0,99,1,0,22,False,True,0,0,67,52,40,4.05,AI is off,AI is off,AI is off,AI is off,Not paired,AI is off,0,0,0