Dive Number,GF Minimum,GF Maximum,Surface Interval (min),Imperial Units,Start Battery Voltage,Start CNS %,Start Date,Start External O2 Sensor Status,Start Low Set Point,Start High Set Point,Computer Firmware Version,Max Depth,Max Time,Error History,End Battery Voltage,End CNS,End Date,End External O2 Sensor Status,End Low Set Point,End High Set Point,Computer Serial Number,Computer Firmware Version,Computer Model,Log Version,Deco Model,VPM-B Conservatism,Start Surface Pressure,End Surface Pressure,Product
124,40,85,84,False,3.9,0,7/27/2024 11:18:36 AM,False,0,1,86,26.7,1849,,3.9,4,7/27/2024 11:49:20 AM,False,0,1,937B0677,86,2,13,GF,40/85,1007,1007,Peregrine
Time (ms),Depth,First Stop Depth,Time To Surface (min),Average PPO2,Fraction O2,Fraction He,First Stop Time,Current NDL,Current Circuit Mode,Current CCR Mode,Water Temp,Gas Switch Needed,External PPO2,Set Point Type,Circuit Switch Type,External O2 Sensor 1 (mV),External O2 Sensor 2 (mV),External O2 Sensor 3 (mV),Battery Voltage,Tank 1 pressure (PSI),Tank 2 pressure (PSI),Tank 3 pressure (PSI),Tank 4 pressure (PSI),Gas Time Remaining,SAC Rate (2 minute avg),Ascent Rate,Safe Ascent Depth,CO2mbar
0,5.5,0,1,0.32,0.21,0,0,0,1,0,27,False,True,0,0,51,38,27,3.92,AI is off,AI is off,AI is off,AI is off,Not paired,AI is off,0,0,0
2000,6.3,0,1,0.33,0.21,0,0,0,1,0,27,False,True,0,0,52,40,28,3.92,AI is off,AI is off,AI is off,AI is off,Not paired,AI is off,0,0,0
4000,6.9,0,1,0.35,0.21,0,0,99,1,0,27,False,True,0,0,52,39,27,3.92,AI is off,AI is off,AI is off,AI is off,Not paired,AI is off,0,0,0
6000,7.6,0,1,0.37,0.21,0,0,99,1,0,27,False,True,0,0,52,39,27,3.93,AI is off,AI is off,AI is off,AI is off,Not paired,AI is off,0,0,0
8000,8.3,0,1,0.38,0.21,0,0,99,1,0,27,False,True,0,0,51,38,26,3.93,AI is off,AI is off,AI is off,AI is off,Not paired,AI is off,0,0,0
10000,9,0,1,0.39,0.21,0,0,99,1,0,27,False,True,0,0,51,38,27,3.93,AI is off,AI is off,AI is off,AI is off,Not paired,AI is off,0,0,0
12000,9.8,0,1,0.41,0.21,0,0,99,1,0,26,False,True,0,0,51,38,25,3.93,AI is off,AI is off,AI is off,AI is off,Not paired,AI is off,0,0,0
14000,10.5,0,1,0.42,0.21,0,0,99,1,0,26,False,True,0,0,51,38,26,3.93,AI is off,AI is off,AI is off,AI is off,Not paired,AI is off,0,0,0
16000,10.9,0,1,0.44,0.21,0,0,99,1,0,26,False,True,0,0,52,39,27,3.93,AI is off,AI is off,AI is off,AI is off,Not paired,AI is off,0,0,0
18000,11.6,0,1,0.45,0.21,0,0,99,1,0,25,False,True,0,0,53,40,28,3.93,AI is off,AI is off,AI is off,AI is off,Not paired,AI is off,0,0,0
20000,12.3,0,1,0.46,0.21,0,0,99,1,0,25,False,True,0,0,53,40,28,3.93,AI is off,AI is off,AI is off,AI is off,Not paired,AI is off,0,0,0
22000,12.9,0,1,0.48,0.21,0,0,99,1,0,25,False,True,0,0,53,40,28,3.93,AI is off,AI is off,AI is off,AI is off,Not paired,AI is off,0,0,0
24000,13.6,0,1,0.49,0.21,0,0,99,1,0,25,False,True,0,0,51,38,26,3.93,AI is off,AI is off,AI is off,AI is off,Not paired,AI is off,0,0,0
26000,14.1,0,5,0.5,0.21,0,0,77,1,0,25,False,True,0,0,51,38,26,3.93,AI is off,AI is off,AI is off,AI is off,Not paired,AI is off,0,0,0
28000,14.8,0,5,0.52,0.21,0,0,77,1,0,25,False,True,0,0,53,40,27,3.93,AI is off,AI is off,AI is off,AI is off,Not paired,AI is off,0,0,0
30000,15.6,0,5,0.53,0.21,0,0,59,1,0,24,False,True,0,0,51,39,27,3.93,AI is off,AI is off,AI is off,AI is off,Not paired,AI is off,0,0,0
32000,16.5,0,5,0.55,0.21,0,0,59,1,0,24,False,True,0,0,51,38,26,3.93,AI is off,AI is off,AI is off,AI is off,Not paired,AI is off,0,0,0
34000,17.2,0,5,0.56,0.21,0,0,59,1,0,24,False,True,0,0,52,40,28,3.93,AI is off,AI is off,AI is off,AI is off,Not paired,AI is off,0,0,0
36000,17.8,0,5,0.58,0.21,0,0,59,1,0,24,False,True,0,0,51,39,27,3.93,AI is off,AI is off,AI is off,AI is off,Not paired,AI is off,0,0,0
38000,18.3,0,5,0.59,0.21,0,0,59,1,0,23,False,True,0,0,52,39,27,3.93,AI is off,AI is off,AI is off,AI is off,Not paired,AI is off,0,0,0
40000,19,0,5,0.6,0.21,0,0,59,1,0,23,False,True,0,0,53,41,30,3.93,AI is off,AI is off,AI is off,AI is off,Not paired,AI is off,0,0,0
42000,19,0,5,0.61,0.21,0,0,36,1,0,23,False,True,0,0,54,41,30,3.93,AI is off,AI is off,AI is off,AI is off,Not paired,AI is off,0,0,0
44000,19.6,0,5,0.62,0.21,0,0,36,1,0,22,False,True,0,0,51,39,26,3.93,AI is off,AI is off,AI is off,AI is off,Not paired,AI is off,0,0,0
46000,20.2,0,5,0.63,0.21,0,0,36,1,0,22,False,True,0,0,52,40,27,3.93,AI is off,AI is off,AI is off,AI is off,Not paired,AI is off,0,0,0
48000,20.7,0,5,0.64,0.21,0,0,32,1,0,22,False,True,0,0,52,40,27,3.93,AI is off,AI is off,AI is off,AI is off,Not paired,AI is off,0,0,0
50000,21.1,0,5,0.65,0.21,0,0,32,1,0,22,False,True,0,0,52,39,27,3.93,AI is off,AI is off,AI is off,AI is off,Not paired,AI is off,0,0,0
52000,21.5,0,5,0.66,0.21,0,0,32,1,0,21,False,True,0,0,52,41,29,3.93,AI is off,AI is off,AI is off,AI is off,Not paired,AI is off,0,0,0
54000,22,0,5,0.67,0.21,0,0,32,1,0,21,False,True,0,0,52,39,28,3.93,AI is off,AI is off,AI is off,AI is off,Not paired,AI is off,0,0,0
56000,22.5,0,5,0.68,0.21,0,0,32,1,0,21,False,True,0,0,53,39,27,3.93,AI is off,AI is off,AI is off,AI is off,Not paired,AI is off,0,0,0
58000,22.9,0,6,0.69,0.21,0,0,23,1,0,20,False,True,0,0,52,39,27,3.93,AI is off,AI is off,AI is off,AI is off,Not paired,AI is off,0,0,0
60000,23.3,0,6,0.69,0.21,0,0,23,1,0,20,False,True,0,0,53,39,27,3.93,AI is off,AI is off,AI is off,AI is off,Not paired,AI is off,0,0,0
62000,23.7,0,6,0.7,0.21,0,0,23,1,0,19,False,True,0,0,53,39,27,3.93,AI is off,AI is off,AI is off,AI is off,Not paired,AI is off,0,0,0
64000,24.1,0,6,0.71,0.21,0,0,21,1,0,19,False,True,0,0,53,39,27,3.93,AI is off,AI is off,AI is off,AI is off,Not paired,AI is off,0,0,0
66000,24.4,0,6,0.72,0.21,0,0,21,1,0,19,False,True,0,0,53,40,28,3.93,AI is off,AI is off,AI is off,AI is off,Not paired,AI is off,0,0,0
68000,24.6,0,6,0.72,0.21,0,0,21,1,0,19,False,True,0,0,53,40,28,3.93,AI is off,AI is off,AI is off,AI is off,Not paired,AI is off,0,0,0
70000,24.6,0,6,0.72,0.21,0,0,21,1,0,19,False,True,0,0,53,40,28,3.93,AI is off,AI is off,AI is off,AI is off,Not paired,AI is off,0,0,0
72000,24.8,0,6,0.73,0.21,0,0,21,1,0,18,False,True,0,0,53,40,29,3.93,AI is off,AI is off,AI is off,AI is off,Not paired,AI is off,0,0,0
74000,24.8,0,6,0.73,0.21,0,0,19,1,0,18,False,True,0,0,52,39,28,3.93,AI is off,AI is off,AI is off,AI is off,Not paired,AI is off,0,0,0
76000,25,0,6,0.73,0.21,0,0,19,1,0,18,False,True,0,0,52,40,29,3.93,AI is off,AI is off,AI is off,AI is off,Not paired,AI is off,0,0,0
78000,24.9,0,6,0.73,0.21,0,0,19,1,0,18,False,True,0,0,53,40,28,3.93,AI is off,AI is off,AI is off,AI is off,Not paired,AI is off,0,0,0
80000,24.7,0,6,0.73,0.21,0,0,19,1,0,18,False,True,0,0,53,41,29,3.93,AI is off,AI is off,AI is off,AI is off,Not paired,AI is off,0,0,0
82000,24.7,0,6,0.73,0.21,0,0,19,1,0,17,False,True,0,0,52,39,27,3.93,AI is off,AI is off,AI is off,AI is off,Not paired,AI is off,0,0,0
84000,24.7,0,6,0.73,0.21,0,0,19,1,0,17,False,True,0,0,52,40,28,3.92,AI is off,AI is off,AI is off,AI is off,Not paired,AI is off,0,0,0
86000,24.7,0,6,0.73,0.21,0,0,19,1,0,17,False,True,0,0,53,40,28,3.93,AI is off,AI is off,AI is off,AI is off,Not paired,AI is off,0,0,0
88000,24.7,0,6,0.73,0.21,0,0,19,1,0,17,False,True,0,0,53,40,28,3.93,AI is off,AI is off,AI is off,AI is off,Not paired,AI is off,0,0,0
90000,24.6,0,6,0.73,0.21,0,0,19,1,0,16,False,True,0,0,53,39,27,3.93,AI is off,AI is off,AI is off,AI is off,Not paired,AI is off,0,0,0
92000,24.6,0,6,0.72,0.21,0,0,19,1,0,16,False,True,0,0,54,42,30,3.93,AI is off,AI is off,AI is off,AI is off,Not paired,AI is off,0,0,0
94000,24.6,0,6,0.72,0.21,0,0,19,1,0,16,False,True,0,0,53,40,29,3.93,AI is off,AI is off,AI is off,AI is off,Not paired,AI is off,0,0,0
96000,24.6,0,6,0.72,0.21,0,0,19,1,0,16,False,True,0,0,53,41,29,3.93,AI is off,AI is off,AI is off,AI is off,Not paired,AI is off,0,0,0
98000,24.6,0,6,0.72,0.21,0,0,19,1,0,16,False,True,0,0,52,41,30,3.93,AI is off,AI is off,AI is off,AI is off,Not paired,AI is off,0,0,0
100000,24.8,0,6,0.73,0.21,0,0,19,1,0,16,False,True,0,0,52,41,30,3.93,AI is off,AI is off,AI is off,AI is off,Not paired,AI is off,0,0,0
102000,24.9,0,6,0.73,0.21,0,0,19,1,0,16,False,True,0,0,52,41,30,3.93,AI is off,AI is off,AI is off,AI is off,Not paired,AI is off,0,0,0
104000,24.9,0,6,0.73,0.21,0,0,19,1,0,16,False,True,0,0,53,40,29,3.93,AI is off,AI is off,AI is off,AI is off,Not paired,AI is off,0,0,0
106000,25,0,6,0.73,0.21,0,0,18,1,0,16,False,True,0,0,53,41,30,3.93,AI is off,AI is off,AI is off,AI is off,Not paired,AI is off,0,0,0
108000,25.1,0,6,0.73,0.21,0,0,18,1,0,15,False,True,0,0,53,40,29,3.93,AI is off,AI is off,AI is off,AI is off,Not paired,AI is off,0,0,0
110000,25.3,0,6,0.74,0.21,0,0,18,1,0,15,False,True,0,0,53,41,30,3.93,AI is off,AI is off,AI is off,AI is off,Not paired,AI is off,0,0,0
112000,25.4,0,6,0.74,0.21,0,0,18,1,0,15,False,True,0,0,52,41,29,3.93,AI is off,AI is off,AI is off,AI is off,Not paired,AI is off,0,0,0
114000,25.4,0,6,0.74,0.21,0,0,18,1,0,15,False,True,0,0,53,41,29,3.93,AI is off,AI is off,AI is off,AI is off,Not paired,AI is off,0,0,0
116000,25.4,0,6,0.74,0.21,0,0,18,1,0,15,False,True,0,0,52,40,28,3.93,AI is off,AI is off,AI is off,AI is off,Not paired,AI is off,0,0,0
118000,25.4,0,6,0.74,0.21,0,0,18,1,0,15,False,True,0,0,53,40,29,3.93,AI is off,AI is off,AI is off,AI is off,Not paired,AI is off,0,0,0
120000,25.5,0,6,0.74,0.21,0,0,18,1,0,15,False,True,0,0,52,42,31,3.93,AI is off,AI is off,AI is off,AI is off,Not paired,AI is off,0,0,0
122000,25.6,0,6,0.74,0.21,0,0,18,1,0,15,False,True,0,0,52,41,30,3.93,AI is off,AI is off,AI is off,AI is off,Not paired,AI is off,0,0,0
124000,25.7,0,6,0.75,0.21,0,0,17,1,0,15,False,True,0,0,53,41,30,3.93,AI is off,AI is off,AI is off,AI is off,Not paired,AI is off,0,0,0
126000,25.8,0,6,0.75,0.21,0,0,17,1,0,14,False,True,0,0,53,41,30,3.92,AI is off,AI is off,AI is off,AI is off,Not paired,AI is off,0,0,0
128000,25.8,0,6,0.75,0.21,0,0,17,1,0,14,False,True,0,0,53,41,30,3.92,AI is off,AI is off,AI is off,AI is off,Not paired,AI is off,0,0,0
130000,25.8,0,6,0.75,0.21,0,0,17,1,0,14,False,True,0,0,53,41,29,3.92,AI is off,AI is off,AI is off,AI is off,Not paired,AI is off,0,0,0
132000,25.9,0,6,0.75,0.21,0,0,17,1,0,14,False,True,0,0,54,41,30,3.92,AI is off,AI is off,AI is off,AI is off,Not paired,AI is off,0,0,0
134000,26,0,6,0.75,0.21,0,0,17,1,0,14,False,True,0,0,53,40,29,3.92,AI is off,AI is off,AI is off,AI is off,Not paired,AI is off,0,0,0
136000,26.1,0,6,0.75,0.21,0,0,17,1,0,14,False,True,0,0,54,41,30,3.92,AI is off,AI is off,AI is off,AI is off,Not paired,AI is off,0,0,0
138000,26.1,0,6,0.76,0.21,0,0,17,1,0,14,False,True,0,0,54,41,31,3.92,AI is off,AI is off,AI is off,AI is off,Not paired,AI is off,0,0,0
140000,26.3,0,6,0.76,0.21,0,0,16,1,0,14,False,True,0,0,54,41,31,3.93,AI is off,AI is off,AI is off,AI is off,Not paired,AI is off,0,0,0
142000,26.4,0,6,0.76,0.21,0,0,16,1,0,14,False,True,0,0,53,42,32,3.93,AI is off,AI is off,AI is off,AI is off,Not paired,AI is off,0,0,0
144000,26.4,0,6,0.76,0.21,0,0,16,1,0,14,False,True,0,0,54,42,32,3.92,AI is off,AI is off,AI is off,AI is off,Not paired,AI is off,0,0,0
146000,26.6,0,6,0.76,0.21,0,0,15,1,0,13,False,True,0,0,53,42,30,3.92,AI is off,AI is off,AI is off,AI is off,Not paired,AI is off,0,0,0
148000,26.5,0,6,0.76,0.21,0,0,15,1,0,13,False,True,0,0,53,41,30,3.92,AI is off,AI is off,AI is off,AI is off,Not paired,AI is off,0,0,0
150000,26.4,0,6,0.76,0.21,0,0,15,1,0,13,False,True,0,0,52,41,30,3.92,AI is off,AI is off,AI is off,AI is off,Not paired,AI is off,0,0,0
152000,26.3,0,6,0.76,0.21,0,0,15,1,0,13,False,True,0,0,53,41,30,3.92,AI is off,AI is off,AI is off,AI is off,Not paired,AI is off,0,0,0
154000,26.4,0,6,0.76,0.21,0,0,15,1,0,13,False,True,0,0,54,41,30,3.92,AI is off,AI is off,AI is off,AI is off,Not paired,AI is off,0,0,0
156000,26.6,0,6,0.76,0.21,0,0,15,1,0,13,False,True,0,0,54,42,30,3.92,AI is off,AI is off,AI is off,AI is off,Not paired,AI is off,0,0,0
158000,26.7,0,6,0.77,0.21,0,0,15,1,0,12,False,True,0,0,53,42,31,3.92,AI is off,AI is off,AI is off,AI is off,Not paired,AI is off,0,0,0
160000,26.6,0,6,0.77,0.21,0,0,15,1,0,12,False,True,0,0,53,41,31,3.92,AI is off,AI is off,AI is off,AI is off,Not paired,AI is off,0,0,0
162000,26.6,0,6,0.77,0.21,0,0,15,1,0,12,False,True,0,0,53,41,30,3.92,AI is off,AI is off,AI is off,AI is off,Not paired,AI is off,0,0,0
164000,26.5,0,6,0.77,0.21,0,0,15,1,0,12,False,True,0,0,53,41,30,3.92,AI is off,AI is off,AI is off,AI is off,Not paired,AI is off,0,0,0
166000,26.4,0,6,0.76,0.21,0,0,15,1,0,12,False,True,0,0,54,42,31,3.93,AI is off,AI is off,AI is off,AI is off,Not paired,AI is off,0,0,0
168000,26.4,0,6,0.76,0.21,0,0,15,1,0,12,False,True,0,0,53,40,30,3.92,AI is off,AI is off,AI is off,AI is off,Not paired,AI is off,0,0,0
170000,26.1,0,6,0.76,0.21,0,0,15,1,0,12,False,True,0,0,53,41,30,3.92,AI is off,AI is off,AI is off,AI is off,Not paired,AI is off,0,0,0
172000,26,0,6,0.75,0.21,0,0,15,1,0,12,False,True,0,0,53,41,31,3.92,AI is off,AI is off,AI is off,AI is off,Not paired,AI is off,0,0,0
174000,26.1,0,6,0.75,0.21,0,0,15,1,0,12,False,True,0,0,54,43,32,3.92,AI is off,AI is off,AI is off,AI is off,Not paired,AI is off,0,0,0
176000,26,0,6,0.75,0.21,0,0,15,1,0,12,False,True,0,0,54,43,33,3.93,AI is off,AI is off,AI is off,AI is off,Not paired,AI is off,0,0,0
178000,26,0,6,0.75,0.21,0,0,15,1,0,12,False,True,0,0,55,43,32,3.93,AI is off,AI is off,AI is off,AI is off,Not paired,AI is off,0,0,0
180000,26.1,0,6,0.75,0.21,0,0,15,1,0,12,False,True,0,0,55,43,32,3.93,AI is off,AI is off,AI is off,AI is off,Not paired,AI is off,0,0,0
182000,26.2,0,6,0.76,0.21,0,0,15,1,0,12,False,True,0,0,54,42,32,3.93,AI is off,AI is off,AI is off,AI is off,Not paired,AI is off,0,0,0
184000,26.3,0,6,0.76,0.21,0,0,15,1,0,12,False,True,0,0,55,43,33,3.92,AI is off,AI is off,AI is off,AI is off,Not paired,AI is off,0,0,0
186000,26.3,0,6,0.76,0.21,0,0,15,1,0,12,False,True,0,0,55,43,33,3.92,AI is off,AI is off,AI is off,AI is off,Not paired,AI is off,0,0,0
188000,26.3,0,6,0.76,0.21,0,0,15,1,0,12,False,True,0,0,55,44,34,3.92,AI is off,AI is off,AI is off,AI is off,Not paired,AI is off,0,0,0
190000,26.2,0,6,0.76,0.21,0,0,15,1,0,12,False,True,0,0,54,42,33,3.92,AI is off,AI is off,AI is off,AI is off,Not paired,AI is off,0,0,0
192000,26.2,0,6,0.76,0.21,0,0,15,1,0,12,False,True,0,0,54,42,31,3.92,AI is off,AI is off,AI is off,AI is off,Not paired,AI is off,0,0,0
194000,26.3,0,6,0.76,0.21,0,0,15,1,0,12,False,True,0,0,55,44,34,3.92,AI is off,AI is off,AI is off,AI is off,Not paired,AI is off,0,0,0
196000,26.3,0,6,0.76,0.21,0,0,15,1,0,12,False,True,0,0,55,44,33,3.92,AI is off,AI is off,AI is off,AI is off,Not paired,AI is off,0,0,0
198000,26.3,0,6,0.76,0.21,0,0,15,1,0,12,False,True,0,0,55,45,34,3.92,AI is off,AI is off,AI is off,AI is off,Not paired,AI is off,0,0,0
200000,26.4,0,6,0.76,0.21,0,0,15,1,0,12,False,True,0,0,56,45,34,3.92,AI is off,AI is off,AI is off,AI is off,Not paired,AI is off,0,0,0
202000,26.5,0,6,0.76,0.21,0,0,15,1,0,12,False,True,0,0,55,44,34,3.92,AI is off,AI is off,AI is off,AI is off,Not paired,AI is off,0,0,0
204000,26.5,0,6,0.76,0.21,0,0,15,1,0,12,False,True,0,0,55,45,34,3.92,AI is off,AI is off,AI is off,AI is off,Not paired,AI is off,0,0,0
206000,26.4,0,6,0.76,0.21,0,0,14,1,0,12,False,True,0,0,54,42,31,3.92,AI is off,AI is off,AI is off,AI is off,Not paired,AI is off,0,0,0
208000,26.4,0,6,0.76,0.21,0,0,14,1,0,11,False,True,0,0,54,43,32,3.92,AI is off,AI is off,AI is off,AI is off,Not paired,AI is off,0,0,0
210000,26.5,0,6,0.76,0.21,0,0,14,1,0,11,False,True,0,0,55,44,32,3.92,AI is off,AI is off,AI is off,AI is off,Not paired,AI is off,0,0,0
212000,26.4,0,6,0.76,0.21,0,0,14,1,0,11,False,True,0,0,55,45,35,3.92,AI is off,AI is off,AI is off,AI is off,Not paired,AI is off,0,0,0
214000,26.4,0,6,0.76,0.21,0,0,14,1,0,11,False,True,0,0,55,44,33,3.92,AI is off,AI is off,AI is off,AI is off,Not paired,AI is off,0,0,0
216000,26.4,0,6,0.76,0.21,0,0,14,1,0,11,False,True,0,0,55,44,34,3.92,AI is off,AI is off,AI is off,AI is off,Not paired,AI is off,0,0,0
218000,26.4,0,6,0.76,0.21,0,0,14,1,0,11,False,True,0,0,55,44,35,3.92,AI is off,AI is off,AI is off,AI is off,Not paired,AI is off,0,0,0
220000,26.4,0,6,0.76,0.21,0,0,14,1,0,11,False,True,0,0,55,45,35,3.92,AI is off,AI is off,AI is off,AI is off,Not paired,AI is off,0,0,0
222000,26.4,0,6,0.76,0.21,0,0,14,1,0,11,False,True,0,0,56,45,35,3.92,AI is off,AI is off,AI is off,AI is off,Not paired,AI is off,0,0,0
224000,26.4,0,6,0.76,0.21,0,0,14,1,0,11,False,True,0,0,56,44,34,3.92,AI is off,AI is off,AI is off,AI is off,Not paired,AI is off,0,0,0
226000,26.4,0,6,0.76,0.21,0,0,14,1,0,11,False,True,0,0,56,44,33,3.92,AI is off,AI is off,AI is off,AI is off,Not paired,AI is off,0,0,0
228000,26.3,0,6,0.76,0.21,0,0,14,1,0,11,False,True,0,0,56,45,35,3.92,AI is off,AI is off,AI is off,AI is off,Not paired,AI is off,0,0,0
230000,26.3,0,6,0.76,0.21,0,0,14,1,0,11,False,True,0,0,56,44,33,3.92,AI is off,AI is off,AI is off,AI is off,Not paired,AI is off,0,0,0
232000,26.3,0,6,0.76,0.21,0,0,14,1,0,11,False,True,0,0,56,45,34,3.92,AI is off,AI is off,AI is off,AI is off,Not paired,AI is off,0,0,0
234000,26.4,0,6,0.76,0.21,0,0,14,1,0,11,False,True,0,0,53,41,30,3.92,AI is off,AI is off,AI is off,AI is off,Not paired,AI is off,0,0,0
236000,26.4,0,6,0.76,0.21,0,0,14,1,0,11,False,True,0,0,53,41,30,3.92,AI is off,AI is off,AI is off,AI is off,Not paired,AI is off,0,0,0
238000,26.2,0,6,0.76,0.21,0,0,14,1,0,11,False,True,0,0,56,44,34,3.92,AI is off,AI is off,AI is off,AI is off,Not paired,AI is off,0,0,0
240000,26.1,0,6,0.76,0.21,0,0,14,1,0,11,False,True,0,0,56,45,34,3.92,AI is off,AI is off,AI is off,AI is off,Not paired,AI is off,0,0,0
242000,26.1,0,6,0.76,0.21,0,0,14,1,0,11,False,True,0,0,55,43,33,3.92,AI is off,AI is off,AI is off,AI is off,Not paired,AI is off,0,0,0
244000,26.1,0,6,0.76,0.21,0,0,14,1,0,11,False,True,0,0,55,43,33,3.92,AI is off,AI is off,AI is off,AI is off,Not paired,AI is off,0,0,0
246000,26.1,0,6,0.76,0.21,0,0,14,1,0,11,False,True,0,0,53,41,31,3.92,AI is off,AI is off,AI is off,AI is off,Not paired,AI is off,0,0,0
248000,26.1,0,6,0.75,0.21,0,0,14,1,0,11,False,True,0,0,55,44,34,3.92,AI is off,AI is off,AI is off,AI is off,Not paired,AI is off,0,0,0
250000,26,0,6,0.75,0.21,0,0,14,1,0,11,False,True,0,0,55,44,34,3.92,AI is off,AI is off,AI is off,AI is off,Not paired,AI is off,0,0,0
252000,26.1,0,6,0.75,0.21,0,0,14,1,0,11,False,True,0,0,56,44,34,3.92,AI is off,AI is off,AI is off,AI is off,Not paired,AI is off,0,0,0
254000,26.1,0,6,0.76,0.21,0,0,14,1,0,10,False,True,0,0,56,44,34,3.92,AI is off,AI is off,AI is off,AI is off,Not paired,AI is off,0,0,0
256000,26.2,0,6,0.76,0.21,0,0,14,1,0,10,False,True,0,0,55,44,33,3.92,AI is off,AI is off,AI is off,AI is off,Not paired,AI is off,0,0,0
258000,26.3,0,6,0.76,0.21,0,0,14,1,0,10,False,True,0,0,54,43,33,3.92,AI is off,AI is off,AI is off,AI is off,Not paired,AI is off,0,0,0
260000,26.2,0,6,0.76,0.21,0,0,14,1,0,10,False,True,0,0,55,44,34,3.92,AI is off,AI is off,AI is off,AI is off,Not paired,AI is off,0,0,0
262000,26.1,0,6,0.76,0.21,0,0,14,1,0,10,False,True,0,0,55,43,33,3.92,AI is off,AI is off,AI is off,AI is off,Not paired,AI is off,0,0,0
264000,26,0,6,0.75,0.21,0,0,14,1,0,10,False,True,0,0,55,44,34,3.92,AI is off,AI is off,AI is off,AI is off,Not paired,AI is off,0,0,0
266000,25.7,0,6,0.75,0.21,0,0,14,1,0,10,False,True,0,0,56,44,34,3.92,AI is off,AI is off,AI is off,AI is off,Not paired,AI is off,0,0,0
268000,25.5,0,6,0.74,0.21,0,0,14,1,0,10,False,True,0,0,55,44,34,3.92,AI is off,AI is off,AI is off,AI is off,Not paired,AI is off,0,0,0
270000,25.5,0,6,0.74,0.21,0,0,14,1,0,10,False,True,0,0,56,45,35,3.92,AI is off,AI is off,AI is off,AI is off,Not paired,AI is off,0,0,0
272000,25.4,0,6,0.74,0.21,0,0,15,1,0,10,False,True,0,0,55,44,34,3.92,AI is off,AI is off,AI is off,AI is off,Not paired,AI is off,0,0,0
274000,25.4,0,6,0.74,0.21,0,0,15,1,0,10,False,True,0,0,55,45,35,3.92,AI is off,AI is off,AI is off,AI is off,Not paired,AI is off,0,0,0
276000,25.3,0,6,0.74,0.21,0,0,15,1,0,10,False,True,0,0,56,45,36,3.92,AI is off,AI is off,AI is off,AI is off,Not paired,AI is off,0,0,0
278000,25.4,0,6,0.74,0.21,0,0,15,1,0,10,False,True,0,0,55,43,32,3.92,AI is off,AI is off,AI is off,AI is off,Not paired,AI is off,0,0,0
280000,25.4,0,6,0.74,0.21,0,0,15,1,0,10,False,True,0,0,56,44,35,3.92,AI is off,AI is off,AI is off,AI is off,Not paired,AI is off,0,0,0
282000,25.4,0,6,0.74,0.21,0,0,15,1,0,10,False,True,0,0,55,44,34,3.92,AI is off,AI is off,AI is off,AI is off,Not paired,AI is off,0,0,0
284000,25.2,0,6,0.74,0.21,0,0,15,1,0,10,False,True,0,0,56,44,33,3.92,AI is off,AI is off,AI is off,AI is off,Not paired,AI is off,0,0,0
286000,25,0,6,0.73,0.21,0,0,15,1,0,10,False,True,0,0,56,44,33,3.92,AI is off,AI is off,AI is off,AI is off,Not paired,AI is off,0,0,0
288000,25.1,0,6,0.73,0.21,0,0,15,1,0,10,False,True,0,0,57,44,34,3.92,AI is off,AI is off,AI is off,AI is off,Not paired,AI is off,0,0,0
290000,25.2,0,6,0.74,0.21,0,0,15,1,0,10,False,True,0,0,56,45,35,3.92,AI is off,AI is off,AI is off,AI is off,Not paired,AI is off,0,0,0
292000,25.1,0,6,0.74,0.21,0,0,15,1,0,10,False,True,0,0,56,43,33,3.92,AI is off,AI is off,AI is off,AI is off,Not paired,AI is off,0,0,0
294000,25.1,0,6,0.73,0.21,0,0,15,1,0,10,False,True,0,0,56,44,33,3.92,AI is off,AI is off,AI is off,AI is off,Not paired,AI is off,0,0,0
296000,25.2,0,6,0.74,0.21,0,0,15,1,0,10,False,True,0,0,56,44,34,3.92,AI is off,AI is off,AI is off,AI is off,Not paired,AI is off,0,0,0
298000,25.1,0,6,0.73,0.21,0,0,15,1,0,10,False,True,0,0,56,44,34,3.92,AI is off,AI is off,AI is off,AI is off,Not paired,AI is off,0,0,0
300000,25,0,6,0.73,0.21,0,0,15,1,0,10,False,True,0,0,56,44,34,3.92,AI is off,AI is off,AI is off,AI is off,Not paired,AI is off,0,0,0
302000,25.1,0,6,0.73,0.21,0,0,15,1,0,10,False,True,0,0,56,44,33,3.92,AI is off,AI is off,AI is off,AI is off,Not paired,AI is off,0,0,0
304000,25.3,0,6,0.74,0.21,0,0,14,1,0,10,False,True,0,0,55,44,34,3.92,AI is off,AI is off,AI is off,AI is off,Not paired,AI is off,0,0,0
306000,25.2,0,6,0.74,0.21,0,0,14,1,0,10,False,True,0,0,57,44,34,3.92,AI is off,AI is off,AI is off,AI is off,Not paired,AI is off,0,0,0
308000,25,0,6,0.73,0.21,0,0,14,1,0,10,False,True,0,0,56,45,36,3.92,AI is off,AI is off,AI is off,AI is off,Not paired,AI is off,0,0,0
310000,24.9,0,6,0.73,0.21,0,0,15,1,0,10,False,True,0,0,56,44,34,3.92,AI is off,AI is off,AI is off,AI is off,Not paired,AI is off,0,0,0
312000,24.9,0,6,0.73,0.21,0,0,15,1,0,10,False,True,0,0,56,44,34,3.92,AI is off,AI is off,AI is off,AI is off,Not paired,AI is off,0,0,0
314000,25,0,6,0.73,0.21,0,0,15,1,0,10,False,True,0,0,56,45,35,3.92,AI is off,AI is off,AI is off,AI is off,Not paired,AI is off,0,0,0
316000,24.9,0,6,0.73,0.21,0,0,15,1,0,10,False,True,0,0,57,44,34,3.92,AI is off,AI is off,AI is off,AI is off,Not paired,AI is off,0,0,0
318000,24.8,0,6,0.73,0.21,0,0,15,1,0,10,False,True,0,0,55,43,32,3.92,AI is off,AI is off,AI is off,AI is off,Not paired,AI is off,0,0,0
320000,25,0,6,0.73,0.21,0,0,15,1,0,10,False,True,0,0,54,42,32,3.92,AI is off,AI is off,AI is off,AI is off,Not paired,AI is off,0,0,0
322000,25.1,0,6,0.73,0.21,0,0,14,1,0,10,False,True,0,0,54,42,32,3.92,AI is off,AI is off,AI is off,AI is off,Not paired,AI is off,0,0,0
324000,25.3,0,6,0.74,0.21,0,0,14,1,0,10,False,True,0,0,54,42,32,3.92,AI is off,AI is off,AI is off,AI is off,Not paired,AI is off,0,0,0
326000,25.3,0,6,0.74,0.21,0,0,14,1,0,10,False,True,0,0,54,42,32,3.92,AI is off,AI is off,AI is off,AI is off,Not paired,AI is off,0,0,0
328000,25.4,0,6,0.74,0.21,0,0,14,1,0,10,False,True,0,0,54,42,32,3.92,AI is off,AI is off,AI is off,AI is off,Not paired,AI is off,0,0,0
330000,25.4,0,6,0.74,0.21,0,0,14,1,0,10,False,True,0,0,55,43,32,3.92,AI is off,AI is off,AI is off,AI is off,Not paired,AI is off,0,0,0
332000,25.5,0,6,0.74,0.21,0,0,14,1,0,10,False,True,0,0,55,44,34,3.92,AI is off,AI is off,AI is off,AI is off,Not paired,AI is off,0,0,0
334000,25.4,0,6,0.74,0.21,0,0,14,1,0,10,False,True,0,0,54,43,32,3.92,AI is off,AI is off,AI is off,AI is off,Not paired,AI is off,0,0,0
336000,25.4,0,6,0.74,0.21,0,0,14,1,0,10,False,True,0,0,56,45,35,3.92,AI is off,AI is off,AI is off,AI is off,Not paired,AI is off,0,0,0
338000,25.6,0,6,0.74,0.21,0,0,14,1,0,10,False,True,0,0,56,44,34,3.92,AI is off,AI is off,AI is off,AI is off,Not paired,AI is off,0,0,0
340000,25.6,0,6,0.75,0.21,0,0,14,1,0,10,False,True,0,0,57,46,37,3.92,AI is off,AI is off,AI is off,AI is off,Not paired,AI is off,0,0,0
342000,25.6,0,6,0.74,0.21,0,0,14,1,0,10,False,True,0,0,57,45,36,3.92,AI is off,AI is off,AI is off,AI is off,Not paired,AI is off,0,0,0
344000,25.6,0,6,0.75,0.21,0,0,13,1,0,10,False,True,0,0,57,45,35,3.92,AI is off,AI is off,AI is off,AI is off,Not paired,AI is off,0,0,0
346000,25.8,0,6,0.75,0.21,0,0,13,1,0,10,False,True,0,0,57,46,36,3.92,AI is off,AI is off,AI is off,AI is off,Not paired,AI is off,0,0,0
348000,25.7,0,6,0.75,0.21,0,0,13,1,0,10,False,True,0,0,54,41,32,3.92,AI is off,AI is off,AI is off,AI is off,Not paired,AI is off,0,0,0
350000,25.6,0,6,0.75,0.21,0,0,13,1,0,10,False,True,0,0,55,42,32,3.92,AI is off,AI is off,AI is off,AI is off,Not paired,AI is off,0,0,0
352000,25.5,0,6,0.74,0.21,0,0,13,1,0,10,False,True,0,0,55,43,33,3.92,AI is off,AI is off,AI is off,AI is off,Not paired,AI is off,0,0,0
354000,25.4,0,6,0.74,0.21,0,0,13,1,0,10,False,True,0,0,57,46,36,3.92,AI is off,AI is off,AI is off,AI is off,Not paired,AI is off,0,0,0
356000,25.3,0,6,0.74,0.21,0,0,13,1,0,10,False,True,0,0,56,45,35,3.92,AI is off,AI is off,AI is off,AI is off,Not paired,AI is off,0,0,0
358000,25.4,0,6,0.74,0.21,0,0,13,1,0,10,False,True,0,0,56,45,35,3.92,AI is off,AI is off,AI is off,AI is off,Not paired,AI is off,0,0,0
360000,25.4,0,6,0.74,0.21,0,0,13,1,0,10,False,True,0,0,58,46,36,3.92,AI is off,AI is off,AI is off,AI is off,Not paired,AI is off,0,0,0
362000,25.3,0,6,0.74,0.21,0,0,13,1,0,10,False,True,0,0,57,45,34,3.92,AI is off,AI is off,AI is off,AI is off,Not paired,AI is off,0,0,0
364000,25.3,0,6,0.74,0.21,0,0,13,1,0,10,False,True,0,0,56,45,34,3.92,AI is off,AI is off,AI is off,AI is off,Not paired,AI is off,0,0,0
366000,25.3,0,6,0.74,0.21,0,0,13,1,0,10,False,True,0,0,57,46,35,3.92,AI is off,AI is off,AI is off,AI is off,Not paired,AI is off,0,0,0
368000,25.3,0,6,0.74,0.21,0,0,13,1,0,10,False,True,0,0,55,45,34,3.92,AI is off,AI is off,AI is off,AI is off,Not paired,AI is off,0,0,0
370000,25.3,0,6,0.74,0.21,0,0,13,1,0,10,False,True,0,0,57,46,35,3.92,AI is off,AI is off,AI is off,AI is off,Not paired,AI is off,0,0,0
372000,25.1,0,6,0.74,0.21,0,0,13,1,0,10,False,True,0,0,56,46,36,3.92,AI is off,AI is off,AI is off,AI is off,Not paired,AI is off,0,0,0
374000,25,0,6,0.73,0.21,0,0,13,1,0,10,False,True,0,0,56,45,35,3.92,AI is off,AI is off,AI is off,AI is off,Not paired,AI is off,0,0,0
376000,24.9,0,6,0.73,0.21,0,0,14,1,0,10,False,True,0,0,56,45,35,3.92,AI is off,AI is off,AI is off,AI is off,Not paired,AI is off,0,0,0
378000,24.9,0,6,0.73,0.21,0,0,14,1,0,10,False,True,0,0,56,44,34,3.92,AI is off,AI is off,AI is off,AI is off,Not paired,AI is off,0,0,0
380000,25,0,6,0.73,0.21,0,0,14,1,0,10,False,True,0,0,56,44,33,3.92,AI is off,AI is off,AI is off,AI is off,Not paired,AI is off,0,0,0
382000,25.1,0,6,0.73,0.21,0,0,14,1,0,10,False,True,0,0,56,44,34,3.92,AI is off,AI is off,AI is off,AI is off,Not paired,AI is off,0,0,0
384000,25,0,6,0.73,0.21,0,0,14,1,0,10,False,True,0,0,56,45,35,3.92,AI is off,AI is off,AI is off,AI is off,Not paired,AI is off,0,0,0
386000,25.1,0,6,0.73,0.21,0,0,14,1,0,10,False,True,0,0,55,46,37,3.92,AI is off,AI is off,AI is off,AI is off,Not paired,AI is off,0,0,0
388000,25.2,0,6,0.74,0.21,0,0,13,1,0,10,False,True,0,0,56,45,35,3.92,AI is off,AI is off,AI is off,AI is off,Not paired,AI is off,0,0,0
390000,25.2,0,6,0.74,0.21,0,0,13,1,0,10,False,True,0,0,55,44,35,3.92,AI is off,AI is off,AI is off,AI is off,Not paired,AI is off,0,0,0
392000,25.2,0,6,0.74,0.21,0,0,13,1,0,10,False,True,0,0,55,45,35,3.92,AI is off,AI is off,AI is off,AI is off,Not paired,AI is off,0,0,0
394000,25.2,0,6,0.74,0.21,0,0,13,1,0,10,False,True,0,0,56,45,35,3.92,AI is off,AI is off,AI is off,AI is off,Not paired,AI is off,0,0,0
396000,25.4,0,6,0.74,0.21,0,0,13,1,0,10,False,True,0,0,56,45,36,3.92,AI is off,AI is off,AI is off,AI is off,Not paired,AI is off,0,0,0
398000,25.5,0,6,0.74,0.21,0,0,13,1,0,10,False,True,0,0,56,45,36,3.92,AI is off,AI is off,AI is off,AI is off,Not paired,AI is off,0,0,0
400000,25.7,0,6,0.75,0.21,0,0,13,1,0,10,False,True,0,0,56,45,36,3.92,AI is off,AI is off,AI is off,AI is off,Not paired,AI is off,0,0,0
402000,25.7,0,6,0.75,0.21,0,0,13,1,0,10,False,True,0,0,56,45,35,3.92,AI is off,AI is off,AI is off,AI is off,Not paired,AI is off,0,0,0
404000,25.8,0,6,0.75,0.21,0,0,12,1,0,10,False,True,0,0,56,45,36,3.92,AI is off,AI is off,AI is off,AI is off,Not paired,AI is off,0,0,0
406000,25.9,0,6,0.75,0.21,0,0,12,1,0,10,False,True,0,0,56,46,37,3.92,AI is off,AI is off,AI is off,AI is off,Not paired,AI is off,0,0,0
408000,25.9,0,6,0.75,0.21,0,0,12,1,0,10,False,True,0,0,55,45,36,3.92,AI is off,AI is off,AI is off,AI is off,Not paired,AI is off,0,0,0
410000,25.9,0,6,0.75,0.21,0,0,12,1,0,10,False,True,0,0,56,45,35,3.92,AI is off,AI is off,AI is off,AI is off,Not paired,AI is off,0,0,0
412000,26,0,6,0.75,0.21,0,0,12,1,0,10,False,True,0,0,55,45,36,3.92,AI is off,AI is off,AI is off,AI is off,Not paired,AI is off,0,0,0
414000,26.2,0,6,0.76,0.21,0,0,12,1,0,10,False,True,0,0,56,46,37,3.92,AI is off,AI is off,AI is off,AI is off,Not paired,AI is off,0,0,0
416000,26.2,0,6,0.76,0.21,0,0,12,1,0,10,False,True,0,0,56,45,36,3.92,AI is off,AI is off,AI is off,AI is off,Not paired,AI is off,0,0,0
418000,26.1,0,6,0.76,0.21,0,0,12,1,0,10,False,True,0,0,56,46,36,3.92,AI is off,AI is off,AI is off,AI is off,Not paired,AI is off,0,0,0
420000,26.1,0,6,0.76,0.21,0,0,11,1,0,10,False,True,0,0,56,46,36,3.92,AI is off,AI is off,AI is off,AI is off,Not paired,AI is off,0,0,0
422000,26.1,0,6,0.76,0.21,0,0,11,1,0,10,False,True,0,0,57,45,36,3.92,AI is off,AI is off,AI is off,AI is off,Not paired,AI is off,0,0,0
424000,25.9,0,6,0.75,0.21,0,0,11,1,0,10,False,True,0,0,56,45,36,3.92,AI is off,AI is off,AI is off,AI is off,Not paired,AI is off,0,0,0
426000,25.8,0,6,0.75,0.21,0,0,12,1,0,10,False,True,0,0,56,45,36,3.92,AI is off,AI is off,AI is off,AI is off,Not paired,AI is off,0,0,0
428000,25.8,0,6,0.75,0.21,0,0,12,1,0,10,False,True,0,0,56,45,36,3.92,AI is off,AI is off,AI is off,AI is off,Not paired,AI is off,0,0,0
430000,25.8,0,6,0.75,0.21,0,0,12,1,0,10,False,True,0,0,57,45,36,3.92,AI is off,AI is off,AI is off,AI is off,Not paired,AI is off,0,0,0
432000,25.8,0,6,0.75,0.21,0,0,12,1,0,10,False,True,0,0,57,46,37,3.92,AI is off,AI is off,AI is off,AI is off,Not paired,AI is off,0,0,0
434000,25.7,0,6,0.75,0.21,0,0,12,1,0,10,False,True,0,0,57,46,36,3.92,AI is off,AI is off,AI is off,AI is off,Not paired,AI is off,0,0,0
436000,25.4,0,6,0.74,0.21,0,0,12,1,0,10,False,True,0,0,57,46,37,3.92,AI is off,AI is off,AI is off,AI is off,Not paired,AI is off,0,0,0
438000,25.5,0,6,0.74,0.21,0,0,12,1,0,10,False,True,0,0,56,46,37,3.92,AI is off,AI is off,AI is off,AI is off,Not paired,AI is off,0,0,0
440000,25.6,0,6,0.74,0.21,0,0,12,1,0,10,False,True,0,0,57,45,35,3.92,AI is off,AI is off,AI is off,AI is off,Not paired,AI is off,0,0,0
442000,25.5,0,6,0.74,0.21,0,0,12,1,0,10,False,True,0,0,56,45,35,3.92,AI is off,AI is off,AI is off,AI is off,Not paired,AI is off,0,0,0
444000,25.6,0,6,0.74,0.21,0,0,12,1,0,10,False,True,0,0,57,46,37,3.92,AI is off,AI is off,AI is off,AI is off,Not paired,AI is off,0,0,0
446000,25.5,0,6,0.74,0.21,0,0,12,1,0,10,False,True,0,0,57,46,37,3.92,AI is off,AI is off,AI is off,AI is off,Not paired,AI is off,0,0,0
448000,25.6,0,6,0.75,0.21,0,0,12,1,0,10,False,True,0,0,57,45,36,3.92,AI is off,AI is off,AI is off,AI is off,Not paired,AI is off,0,0,0
450000,25.6,0,6,0.74,0.21,0,0,12,1,0,10,False,True,0,0,57,45,36,3.92,AI is off,AI is off,AI is off,AI is off,Not paired,AI is off,0,0,0
452000,25.6,0,6,0.75,0.21,0,0,12,1,0,10,False,True,0,0,57,45,36,3.92,AI is off,AI is off,AI is off,AI is off,Not paired,AI is off,0,0,0
454000,25.7,0,6,0.75,0.21,0,0,11,1,0,10,False,True,0,0,57,44,35,3.92,AI is off,AI is off,AI is off,AI is off,Not paired,AI is off,0,0,0
456000,25.8,0,6,0.75,0.21,0,0,11,1,0,10,False,True,0,0,57,46,37,3.92,AI is off,AI is off,AI is off,AI is off,Not paired,AI is off,0,0,0
458000,25.8,0,6,0.75,0.21,0,0,11,1,0,10,False,True,0,0,57,46,37,3.92,AI is off,AI is off,AI is off,AI is off,Not paired,AI is off,0,0,0
460000,25.8,0,6,0.75,0.21,0,0,11,1,0,10,False,True,0,0,57,45,36,3.92,AI is off,AI is off,AI is off,AI is off,Not paired,AI is off,0,0,0
462000,25.9,0,6,0.75,0.21,0,0,11,1,0,10,False,True,0,0,57,45,36,3.92,AI is off,AI is off,AI is off,AI is off,Not paired,AI is off,0,0,0
464000,25.9,0,6,0.75,0.21,0,0,11,1,0,10,False,True,0,0,57,46,37,3.92,AI is off,AI is off,AI is off,AI is off,Not paired,AI is off,0,0,0
466000,26,0,6,0.75,0.21,0,0,11,1,0,10,False,True,0,0,57,46,37,3.92,AI is off,AI is off,AI is off,AI is off,Not paired,AI is off,0,0,0
468000,26.1,0,6,0.75,0.21,0,0,11,1,0,10,False,True,0,0,57,46,37,3.92,AI is off,AI is off,AI is off,AI is off,Not paired,AI is off,0,0,0
470000,26,0,6,0.75,0.21,0,0,11,1,0,10,False,True,0,0,57,46,37,3.92,AI is off,AI is off,AI is off,AI is off,Not paired,AI is off,0,0,0
472000,25.9,0,6,0.75,0.21,0,0,11,1,0,10,False,True,0,0,57,46,37,3.92,AI is off,AI is off,AI is off,AI is off,Not paired,AI is off,0,0,0
474000,25.9,0,6,0.75,0.21,0,0,11,1,0,10,False,True,0,0,57,46,37,3.92,AI is off,AI is off,AI is off,AI is off,Not paired,AI is off,0,0,0
476000,25.9,0,6,0.75,0.21,0,0,11,1,0,10,False,True,0,0,57,46,37,3.92,AI is off,AI is off,AI is off,AI is off,Not paired,AI is off,0,0,0
478000,25.9,0,6,0.75,0.21,0,0,11,1,0,10,False,True,0,0,57,46,37,3.92,AI is off,AI is off,AI is off,AI is off,Not paired,AI is off,0,0,0
480000,25.8,0,6,0.75,0.21,0,0,11,1,0,10,False,True,0,0,58,46,37,3.92,AI is off,AI is off,AI is off,AI is off,Not paired,AI is off,0,0,0
482000,26,0,6,0.75,0.21,0,0,11,1,0,10,False,True,0,0,56,45,34,3.92,AI is off,AI is off,AI is off,AI is off,Not paired,AI is off,0,0,0
484000,26,0,6,0.75,0.21,0,0,11,1,0,10,False,True,0,0,57,45,37,3.92,AI is off,AI is off,AI is off,AI is off,Not paired,AI is off,0,0,0
486000,25.9,0,6,0.75,0.21,0,0,10,1,0,10,False,True,0,0,55,44,34,3.92,AI is off,AI is off,AI is off,AI is off,Not paired,AI is off,0,0,0
488000,25.4,0,6,0.74,0.21,0,0,10,1,0,10,False,True,0,0,57,46,36,3.92,AI is off,AI is off,AI is off,AI is off,Not paired,AI is off,0,0,0
490000,25.2,0,6,0.74,0.21,0,0,10,1,0,10,False,True,0,0,57,45,35,3.92,AI is off,AI is off,AI is off,AI is off,Not paired,AI is off,0,0,0
492000,24.9,0,6,0.73,0.21,0,0,12,1,0,10,False,True,0,0,57,45,36,3.92,AI is off,AI is off,AI is off,AI is off,Not paired,AI is off,0,0,0
494000,24.8,0,6,0.73,0.21,0,0,12,1,0,10,False,True,0,0,55,44,34,3.92,AI is off,AI is off,AI is off,AI is off,Not paired,AI is off,0,0,0
496000,24.7,0,6,0.73,0.21,0,0,12,1,0,10,False,True,0,0,55,44,35,3.92,AI is off,AI is off,AI is off,AI is off,Not paired,AI is off,0,0,0
498000,24.5,0,6,0.72,0.21,0,0,12,1,0,10,False,True,0,0,55,44,34,3.92,AI is off,AI is off,AI is off,AI is off,Not paired,AI is off,0,0,0
500000,24.2,0,6,0.72,0.21,0,0,12,1,0,10,False,True,0,0,55,43,34,3.92,AI is off,AI is off,AI is off,AI is off,Not paired,AI is off,0,0,0
502000,24,0,6,0.71,0.21,0,0,13,1,0,10,False,True,0,0,55,44,34,3.92,AI is off,AI is off,AI is off,AI is off,Not paired,AI is off,0,0,0
504000,23.9,0,6,0.71,0.21,0,0,13,1,0,10,False,True,0,0,56,44,35,3.92,AI is off,AI is off,AI is off,AI is off,Not paired,AI is off,0,0,0
506000,23.8,0,6,0.71,0.21,0,0,13,1,0,10,False,True,0,0,57,46,36,3.92,AI is off,AI is off,AI is off,AI is off,Not paired,AI is off,0,0,0
508000,23.9,0,6,0.71,0.21,0,0,13,1,0,10,False,True,0,0,57,45,34,3.92,AI is off,AI is off,AI is off,AI is off,Not paired,AI is off,0,0,0
510000,24.2,0,6,0.71,0.21,0,0,13,1,0,10,False,True,0,0,56,45,36,3.92,AI is off,AI is off,AI is off,AI is off,Not paired,AI is off,0,0,0
512000,24.2,0,6,0.72,0.21,0,0,13,1,0,10,False,True,0,0,57,45,35,3.92,AI is off,AI is off,AI is off,AI is off,Not paired,AI is off,0,0,0
514000,23.8,0,6,0.71,0.21,0,0,13,1,0,10,False,True,0,0,56,45,35,3.92,AI is off,AI is off,AI is off,AI is off,Not paired,AI is off,0,0,0
516000,23.7,0,6,0.71,0.21,0,0,13,1,0,10,False,True,0,0,57,46,36,3.92,AI is off,AI is off,AI is off,AI is off,Not paired,AI is off,0,0,0
518000,23.7,0,6,0.71,0.21,0,0,13,1,0,10,False,True,0,0,55,45,35,3.92,AI is off,AI is off,AI is off,AI is off,Not paired,AI is off,0,0,0
520000,23.4,0,6,0.7,0.21,0,0,13,1,0,10,False,True,0,0,56,45,36,3.92,AI is off,AI is off,AI is off,AI is off,Not paired,AI is off,0,0,0
522000,23.3,0,6,0.7,0.21,0,0,13,1,0,10,False,True,0,0,58,46,36,3.92,AI is off,AI is off,AI is off,AI is off,Not paired,AI is off,0,0,0
524000,23.4,0,6,0.7,0.21,0,0,13,1,0,10,False,True,0,0,56,45,35,3.92,AI is off,AI is off,AI is off,AI is off,Not paired,AI is off,0,0,0
526000,23.2,0,6,0.7,0.21,0,0,13,1,0,10,False,True,0,0,55,44,35,3.92,AI is off,AI is off,AI is off,AI is off,Not paired,AI is off,0,0,0
528000,23.1,0,6,0.69,0.21,0,0,13,1,0,10,False,True,0,0,55,44,34,3.92,AI is off,AI is off,AI is off,AI is off,Not paired,AI is off,0,0,0
530000,23,0,6,0.69,0.21,0,0,13,1,0,10,False,True,0,0,56,44,34,3.92,AI is off,AI is off,AI is off,AI is off,Not paired,AI is off,0,0,0
532000,23,0,6,0.69,0.21,0,0,13,1,0,10,False,True,0,0,54,43,33,3.92,AI is off,AI is off,AI is off,AI is off,Not paired,AI is off,0,0,0
534000,23.1,0,6,0.69,0.21,0,0,13,1,0,10,False,True,0,0,56,45,35,3.92,AI is off,AI is off,AI is off,AI is off,Not paired,AI is off,0,0,0
536000,23.1,0,6,0.69,0.21,0,0,13,1,0,10,False,True,0,0,56,44,34,3.92,AI is off,AI is off,AI is off,AI is off,Not paired,AI is off,0,0,0
538000,23.1,0,6,0.69,0.21,0,0,13,1,0,10,False,True,0,0,56,44,35,3.92,AI is off,AI is off,AI is off,AI is off,Not paired,AI is off,0,0,0
540000,23.3,0,6,0.7,0.21,0,0,13,1,0,10,False,True,0,0,57,47,37,3.92,AI is off,AI is off,AI is off,AI is off,Not paired,AI is off,0,0,0
542000,23.4,0,6,0.7,0.21,0,0,13,1,0,10,False,True,0,0,56,44,35,3.92,AI is off,AI is off,AI is off,AI is off,Not paired,AI is off,0,0,0
544000,23.6,0,6,0.7,0.21,0,0,13,1,0,10,False,True,0,0,56,45,36,3.92,AI is off,AI is off,AI is off,AI is off,Not paired,AI is off,0,0,0
546000,23.4,0,6,0.7,0.21,0,0,13,1,0,10,False,True,0,0,56,45,36,3.92,AI is off,AI is off,AI is off,AI is off,Not paired,AI is off,0,0,0
548000,23.4,0,6,0.7,0.21,0,0,13,1,0,10,False,True,0,0,56,46,36,3.92,AI is off,AI is off,AI is off,AI is off,Not paired,AI is off,0,0,0
550000,23.4,0,6,0.7,0.21,0,0,13,1,0,10,False,True,0,0,56,45,36,3.92,AI is off,AI is off,AI is off,AI is off,Not paired,AI is off,0,0,0
552000,23.6,0,6,0.7,0.21,0,0,13,1,0,10,False,True,0,0,55,45,36,3.92,AI is off,AI is off,AI is off,AI is off,Not paired,AI is off,0,0,0
554000,23.6,0,6,0.7,0.21,0,0,13,1,0,10,False,True,0,0,56,45,36,3.92,AI is off,AI is off,AI is off,AI is off,Not paired,AI is off,0,0,0
556000,23.6,0,6,0.7,0.21,0,0,13,1,0,10,False,True,0,0,56,45,35,3.92,AI is off,AI is off,AI is off,AI is off,Not paired,AI is off,0,0,0
558000,23.4,0,6,0.7,0.21,0,0,12,1,0,10,False,True,0,0,57,44,35,3.92,AI is off,AI is off,AI is off,AI is off,Not paired,AI is off,0,0,0
560000,23.3,0,6,0.7,0.21,0,0,12,1,0,10,False,True,0,0,56,45,36,3.92,AI is off,AI is off,AI is off,AI is off,Not paired,AI is off,0,0,0
562000,23.5,0,6,0.7,0.21,0,0,12,1,0,10,False,True,0,0,57,46,37,3.92,AI is off,AI is off,AI is off,AI is off,Not paired,AI is off,0,0,0
564000,23.7,0,6,0.71,0.21,0,0,12,1,0,10,False,True,0,0,55,45,36,3.92,AI is off,AI is off,AI is off,AI is off,Not paired,AI is off,0,0,0
566000,23.9,0,6,0.71,0.21,0,0,12,1,0,10,False,True,0,0,56,45,36,3.92,AI is off,AI is off,AI is off,AI is off,Not paired,AI is off,0,0,0
568000,23.8,0,6,0.71,0.21,0,0,12,1,0,10,False,True,0,0,55,45,36,3.92,AI is off,AI is off,AI is off,AI is off,Not paired,AI is off,0,0,0
570000,23.8,0,6,0.71,0.21,0,0,12,1,0,10,False,True,0,0,55,45,36,3.92,AI is off,AI is off,AI is off,AI is off,Not paired,AI is off,0,0,0
572000,23.7,0,6,0.71,0.21,0,0,12,1,0,10,False,True,0,0,56,45,36,3.92,AI is off,AI is off,AI is off,AI is off,Not paired,AI is off,0,0,0
574000,23.7,0,6,0.7,0.21,0,0,12,1,0,10,False,True,0,0,56,45,35,3.92,AI is off,AI is off,AI is off,AI is off,Not paired,AI is off,0,0,0
576000,23.7,0,6,0.7,0.21,0,0,12,1,0,10,False,True,0,0,56,44,35,3.92,AI is off,AI is off,AI is off,AI is off,Not paired,AI is off,0,0,0
578000,23.6,0,6,0.7,0.21,0,0,12,1,0,10,False,True,0,0,56,45,36,3.92,AI is off,AI is off,AI is off,AI is off,Not paired,AI is off,0,0,0
580000,23.3,0,6,0.7,0.21,0,0,12,1,0,10,False,True,0,0,56,45,35,3.92,AI is off,AI is off,AI is off,AI is off,Not paired,AI is off,0,0,0
582000,23.1,0,6,0.69,0.21,0,0,12,1,0,10,False,True,0,0,56,45,36,3.92,AI is off,AI is off,AI is off,AI is off,Not paired,AI is off,0,0,0
584000,23.1,0,6,0.69,0.21,0,0,13,1,0,10,False,True,0,0,56,44,34,3.92,AI is off,AI is off,AI is off,AI is off,Not paired,AI is off,0,0,0
586000,23.5,0,6,0.7,0.21,0,0,13,1,0,10,False,True,0,0,56,45,36,3.92,AI is off,AI is off,AI is off,AI is off,Not paired,AI is off,0,0,0
588000,23.5,0,6,0.7,0.21,0,0,13,1,0,10,False,True,0,0,55,45,36,3.92,AI is off,AI is off,AI is off,AI is off,Not paired,AI is off,0,0,0
590000,23.5,0,6,0.7,0.21,0,0,12,1,0,10,False,True,0,0,57,45,36,3.92,AI is off,AI is off,AI is off,AI is off,Not paired,AI is off,0,0,0
592000,23.5,0,6,0.7,0.21,0,0,12,1,0,10,False,True,0,0,55,45,36,3.92,AI is off,AI is off,AI is off,AI is off,Not paired,AI is off,0,0,0
594000,23.6,0,6,0.7,0.21,0,0,12,1,0,10,False,True,0,0,55,45,35,3.92,AI is off,AI is off,AI is off,AI is off,Not paired,AI is off,0,0,0
596000,23.6,0,6,0.7,0.21,0,0,12,1,0,10,False,True,0,0,55,46,37,3.92,AI is off,AI is off,AI is off,AI is off,Not paired,AI is off,0,0,0
598000,23.6,0,6,0.7,0.21,0,0,12,1,0,10,False,True,0,0,55,46,37,3.92,AI is off,AI is off,AI is off,AI is off,Not paired,AI is off,0,0,0
600000,23.7,0,6,0.71,0.21,0,0,11,1,0,10,False,True,0,0,56,46,37,3.92,AI is off,AI is off,AI is off,AI is off,Not paired,AI is off,0,0,0
602000,23.8,0,6,0.71,0.21,0,0,11,1,0,10,False,True,0,0,56,45,37,3.92,AI is off,AI is off,AI is off,AI is off,Not paired,AI is off,0,0,0
604000,23.9,0,6,0.71,0.21,0,0,11,1,0,10,False,True,0,0,56,45,37,3.92,AI is off,AI is off,AI is off,AI is off,Not paired,AI is off,0,0,0
606000,23.8,0,6,0.71,0.21,0,0,11,1,0,10,False,True,0,0,56,46,36,3.92,AI is off,AI is off,AI is off,AI is off,Not paired,AI is off,0,0,0
608000,23.8,0,6,0.71,0.21,0,0,11,1,0,10,False,True,0,0,55,45,35,3.92,AI is off,AI is off,AI is off,AI is off,Not paired,AI is off,0,0,0
610000,23.9,0,6,0.71,0.21,0,0,11,1,0,10,False,True,0,0,56,45,35,3.92,AI is off,AI is off,AI is off,AI is off,Not paired,AI is off,0,0,0
612000,24,0,6,0.71,0.21,0,0,11,1,0,10,False,True,0,0,57,46,37,3.92,AI is off,AI is off,AI is off,AI is off,Not paired,AI is off,0,0,0
614000,24.1,0,6,0.71,0.21,0,0,11,1,0,10,False,True,0,0,56,46,36,3.92,AI is off,AI is off,AI is off,AI is off,Not paired,AI is off,0,0,0
616000,24.1,0,6,0.71,0.21,0,0,11,1,0,10,False,True,0,0,57,46,37,3.92,AI is off,AI is off,AI is off,AI is off,Not paired,AI is off,0,0,0
618000,24.2,0,6,0.71,0.21,0,0,11,1,0,10,False,True,0,0,56,45,36,3.92,AI is off,AI is off,AI is off,AI is off,Not paired,AI is off,0,0,0
620000,24.2,0,6,0.72,0.21,0,0,11,1,0,10,False,True,0,0,56,45,36,3.92,AI is off,AI is off,AI is off,AI is off,Not paired,AI is off,0,0,0
622000,24.2,0,6,0.72,0.21,0,0,10,1,0,10,False,True,0,0,56,45,36,3.92,AI is off,AI is off,AI is off,AI is off,Not paired,AI is off,0,0,0
624000,24.2,0,6,0.72,0.21,0,0,10,1,0,10,False,True,0,0,56,45,36,3.92,AI is off,AI is off,AI is off,AI is off,Not paired,AI is off,0,0,0
626000,24.1,0,6,0.71,0.21,0,0,10,1,0,10,False,True,0,0,57,45,35,3.92,AI is off,AI is off,AI is off,AI is off,Not paired,AI is off,0,0,0
628000,24.1,0,6,0.71,0.21,0,0,10,1,0,10,False,True,0,0,56,45,37,3.92,AI is off,AI is off,AI is off,AI is off,Not paired,AI is off,0,0,0
630000,23.9,0,6,0.71,0.21,0,0,10,1,0,10,False,True,0,0,56,45,37,3.92,AI is off,AI is off,AI is off,AI is off,Not paired,AI is off,0,0,0
632000,23.8,0,6,0.71,0.21,0,0,11,1,0,10,False,True,0,0,56,46,37,3.92,AI is off,AI is off,AI is off,AI is off,Not paired,AI is off,0,0,0
634000,23.9,0,6,0.71,0.21,0,0,11,1,0,10,False,True,0,0,56,46,37,3.92,AI is off,AI is off,AI is off,AI is off,Not paired,AI is off,0,0,0
636000,24,0,6,0.71,0.21,0,0,11,1,0,10,False,True,0,0,56,46,37,3.92,AI is off,AI is off,AI is off,AI is off,Not paired,AI is off,0,0,0
638000,24,0,6,0.71,0.21,0,0,10,1,0,10,False,True,0,0,55,45,36,3.92,AI is off,AI is off,AI is off,AI is off,Not paired,AI is off,0,0,0
640000,24.1,0,6,0.71,0.21,0,0,10,1,0,10,False,True,0,0,56,45,37,3.92,AI is off,AI is off,AI is off,AI is off,Not paired,AI is off,0,0,0
642000,24.2,0,6,0.71,0.21,0,0,10,1,0,10,False,True,0,0,56,45,36,3.92,AI is off,AI is off,AI is off,AI is off,Not paired,AI is off,0,0,0
644000,24.2,0,6,0.72,0.21,0,0,10,1,0,10,False,True,0,0,56,45,36,3.92,AI is off,AI is off,AI is off,AI is off,Not paired,AI is off,0,0,0
646000,24,0,6,0.71,0.21,0,0,10,1,0,10,False,True,0,0,56,45,37,3.92,AI is off,AI is off,AI is off,AI is off,Not paired,AI is off,0,0,0
648000,23.9,0,6,0.71,0.21,0,0,10,1,0,10,False,True,0,0,56,45,35,3.92,AI is off,AI is off,AI is off,AI is off,Not paired,AI is off,0,0,0
650000,23.8,0,6,0.71,0.21,0,0,10,1,0,10,False,True,0,0,56,45,35,3.92,AI is off,AI is off,AI is off,AI is off,Not paired,AI is off,0,0,0
652000,23.8,0,6,0.71,0.21,0,0,10,1,0,10,False,True,0,0,56,45,36,3.92,AI is off,AI is off,AI is off,AI is off,Not paired,AI is off,0,0,0
654000,23.7,0,6,0.71,0.21,0,0,11,1,0,10,False,True,0,0,56,46,37,3.92,AI is off,AI is off,AI is off,AI is off,Not paired,AI is off,0,0,0
656000,23.4,0,6,0.7,0.21,0,0,11,1,0,10,False,True,0,0,56,46,35,3.92,AI is off,AI is off,AI is off,AI is off,Not paired,AI is off,0,0,0
658000,23.3,0,6,0.7,0.21,0,0,11,1,0,10,False,True,0,0,56,46,37,3.92,AI is off,AI is off,AI is off,AI is off,Not paired,AI is off,0,0,0
660000,23.3,0,6,0.7,0.21,0,0,11,1,0,10,False,True,0,0,56,45,35,3.92,AI is off,AI is off,AI is off,AI is off,Not paired,AI is off,0,0,0
662000,23.1,0,6,0.69,0.21,0,0,11,1,0,10,False,True,0,0,56,46,38,3.92,AI is off,AI is off,AI is off,AI is off,Not paired,AI is off,0,0,0
664000,22.9,0,6,0.69,0.21,0,0,11,1,0,10,False,True,0,0,57,46,36,3.92,AI is off,AI is off,AI is off,AI is off,Not paired,AI is off,0,0,0
666000,22.8,0,6,0.69,0.21,0,0,12,1,0,10,False,True,0,0,56,46,37,3.92,AI is off,AI is off,AI is off,AI is off,Not paired,AI is off,0,0,0
668000,22.7,0,6,0.68,0.21,0,0,12,1,0,10,False,True,0,0,56,46,35,3.92,AI is off,AI is off,AI is off,AI is off,Not paired,AI is off,0,0,0
670000,22.5,0,6,0.68,0.21,0,0,12,1,0,10,False,True,0,0,57,46,36,3.92,AI is off,AI is off,AI is off,AI is off,Not paired,AI is off,0,0,0
672000,22.3,0,6,0.68,0.21,0,0,12,1,0,10,False,True,0,0,56,45,36,3.92,AI is off,AI is off,AI is off,AI is off,Not paired,AI is off,0,0,0
674000,22.2,0,6,0.67,0.21,0,0,12,1,0,10,False,True,0,0,56,46,37,3.92,AI is off,AI is off,AI is off,AI is off,Not paired,AI is off,0,0,0
676000,22.1,0,6,0.67,0.21,0,0,12,1,0,10,False,True,0,0,57,46,36,3.92,AI is off,AI is off,AI is off,AI is off,Not paired,AI is off,0,0,0
678000,22.1,0,6,0.67,0.21,0,0,12,1,0,10,False,True,0,0,56,44,34,3.92,AI is off,AI is off,AI is off,AI is off,Not paired,AI is off,0,0,0
680000,22.1,0,6,0.67,0.21,0,0,12,1,0,10,False,True,0,0,56,45,37,3.92,AI is off,AI is off,AI is off,AI is off,Not paired,AI is off,0,0,0
682000,21.8,0,6,0.67,0.21,0,0,13,1,0,10,False,True,0,0,56,45,35,3.92,AI is off,AI is off,AI is off,AI is off,Not paired,AI is off,0,0,0
684000,21.8,0,6,0.66,0.21,0,0,13,1,0,10,False,True,0,0,57,45,35,3.92,AI is off,AI is off,AI is off,AI is off,Not paired,AI is off,0,0,0
686000,21.8,0,6,0.66,0.21,0,0,13,1,0,10,False,True,0,0,56,45,35,3.92,AI is off,AI is off,AI is off,AI is off,Not paired,AI is off,0,0,0
688000,21.8,0,6,0.66,0.21,0,0,13,1,0,10,False,True,0,0,56,46,38,3.92,AI is off,AI is off,AI is off,AI is off,Not paired,AI is off,0,0,0
690000,21.8,0,6,0.67,0.21,0,0,13,1,0,10,False,True,0,0,56,46,37,3.92,AI is off,AI is off,AI is off,AI is off,Not paired,AI is off,0,0,0
692000,21.7,0,6,0.66,0.21,0,0,13,1,0,10,False,True,0,0,56,45,35,3.92,AI is off,AI is off,AI is off,AI is off,Not paired,AI is off,0,0,0
694000,21.7,0,6,0.66,0.21,0,0,13,1,0,10,False,True,0,0,56,45,35,3.92,AI is off,AI is off,AI is off,AI is off,Not paired,AI is off,0,0,0
696000,21.7,0,6,0.66,0.21,0,0,13,1,0,10,False,True,0,0,57,45,35,3.92,AI is off,AI is off,AI is off,AI is off,Not paired,AI is off,0,0,0
698000,21.6,0,6,0.66,0.21,0,0,13,1,0,10,False,True,0,0,56,46,36,3.92,AI is off,AI is off,AI is off,AI is off,Not paired,AI is off,0,0,0
700000,21.6,0,6,0.66,0.21,0,0,13,1,0,10,False,True,0,0,57,44,35,3.92,AI is off,AI is off,AI is off,AI is off,Not paired,AI is off,0,0,0
702000,21.6,0,6,0.66,0.21,0,0,13,1,0,10,False,True,0,0,56,46,37,3.92,AI is off,AI is off,AI is off,AI is off,Not paired,AI is off,0,0,0
704000,21.6,0,6,0.66,0.21,0,0,13,1,0,10,False,True,0,0,57,45,35,3.92,AI is off,AI is off,AI is off,AI is off,Not paired,AI is off,0,0,0
706000,21.6,0,6,0.66,0.21,0,0,13,1,0,10,False,True,0,0,56,44,35,3.92,AI is off,AI is off,AI is off,AI is off,Not paired,AI is off,0,0,0
708000,21.5,0,6,0.66,0.21,0,0,13,1,0,10,False,True,0,0,57,44,35,3.92,AI is off,AI is off,AI is off,AI is off,Not paired,AI is off,0,0,0
710000,21.5,0,6,0.66,0.21,0,0,13,1,0,11,False,True,0,0,57,45,35,3.92,AI is off,AI is off,AI is off,AI is off,Not paired,AI is off,0,0,0
712000,21.7,0,6,0.66,0.21,0,0,13,1,0,11,False,True,0,0,57,46,36,3.92,AI is off,AI is off,AI is off,AI is off,Not paired,AI is off,0,0,0
714000,21.8,0,6,0.66,0.21,0,0,13,1,0,11,False,True,0,0,57,45,35,3.92,AI is off,AI is off,AI is off,AI is off,Not paired,AI is off,0,0,0
716000,22,0,6,0.67,0.21,0,0,13,1,0,11,False,True,0,0,56,45,35,3.92,AI is off,AI is off,AI is off,AI is off,Not paired,AI is off,0,0,0
718000,22.3,0,6,0.67,0.21,0,0,13,1,0,11,False,True,0,0,56,45,36,3.92,AI is off,AI is off,AI is off,AI is off,Not paired,AI is off,0,0,0
720000,22.4,0,6,0.68,0.21,0,0,12,1,0,11,False,True,0,0,56,44,34,3.92,AI is off,AI is off,AI is off,AI is off,Not paired,AI is off,0,0,0
722000,22.7,0,6,0.68,0.21,0,0,12,1,0,11,False,True,0,0,56,45,35,3.92,AI is off,AI is off,AI is off,AI is off,Not paired,AI is off,0,0,0
724000,22.8,0,6,0.69,0.21,0,0,12,1,0,11,False,True,0,0,57,45,35,3.92,AI is off,AI is off,AI is off,AI is off,Not paired,AI is off,0,0,0
726000,22.8,0,6,0.69,0.21,0,0,12,1,0,11,False,True,0,0,56,46,36,3.92,AI is off,AI is off,AI is off,AI is off,Not paired,AI is off,0,0,0
728000,22.9,0,6,0.69,0.21,0,0,12,1,0,11,False,True,0,0,56,45,37,3.92,AI is off,AI is off,AI is off,AI is off,Not paired,AI is off,0,0,0
730000,22.8,0,6,0.69,0.21,0,0,12,1,0,11,False,True,0,0,56,46,37,3.92,AI is off,AI is off,AI is off,AI is off,Not paired,AI is off,0,0,0
732000,22.8,0,6,0.68,0.21,0,0,11,1,0,11,False,True,0,0,57,45,36,3.92,AI is off,AI is off,AI is off,AI is off,Not paired,AI is off,0,0,0
734000,22.9,0,6,0.69,0.21,0,0,11,1,0,11,False,True,0,0,56,44,35,3.92,AI is off,AI is off,AI is off,AI is off,Not paired,AI is off,0,0,0
736000,23,0,6,0.69,0.21,0,0,10,1,0,11,False,True,0,0,56,46,37,3.92,AI is off,AI is off,AI is off,AI is off,Not paired,AI is off,0,0,0
738000,23,0,6,0.69,0.21,0,0,10,1,0,11,False,True,0,0,56,45,35,3.92,AI is off,AI is off,AI is off,AI is off,Not paired,AI is off,0,0,0
740000,23.2,0,6,0.69,0.21,0,0,10,1,0,11,False,True,0,0,56,46,36,3.92,AI is off,AI is off,AI is off,AI is off,Not paired,AI is off,0,0,0
742000,23.2,0,6,0.69,0.21,0,0,10,1,0,11,False,True,0,0,56,45,37,3.92,AI is off,AI is off,AI is off,AI is off,Not paired,AI is off,0,0,0
744000,23.2,0,6,0.69,0.21,0,0,10,1,0,11,False,True,0,0,56,46,36,3.92,AI is off,AI is off,AI is off,AI is off,Not paired,AI is off,0,0,0
746000,23.2,0,6,0.69,0.21,0,0,10,1,0,11,False,True,0,0,56,45,36,3.92,AI is off,AI is off,AI is off,AI is off,Not paired,AI is off,0,0,0
748000,23.2,0,6,0.69,0.21,0,0,10,1,0,11,False,True,0,0,57,45,36,3.92,AI is off,AI is off,AI is off,AI is off,Not paired,AI is off,0,0,0
750000,23.3,0,6,0.7,0.21,0,0,10,1,0,11,False,True,0,0,57,46,37,3.92,AI is off,AI is off,AI is off,AI is off,Not paired,AI is off,0,0,0
752000,23.3,0,6,0.7,0.21,0,0,10,1,0,10,False,True,0,0,56,45,36,3.92,AI is off,AI is off,AI is off,AI is off,Not paired,AI is off,0,0,0
754000,23.4,0,6,0.7,0.21,0,0,9,1,0,10,False,True,0,0,57,47,36,3.92,AI is off,AI is off,AI is off,AI is off,Not paired,AI is off,0,0,0
756000,23.3,0,6,0.7,0.21,0,0,9,1,0,10,False,True,0,0,56,45,36,3.92,AI is off,AI is off,AI is off,AI is off,Not paired,AI is off,0,0,0
758000,23.2,0,6,0.7,0.21,0,0,9,1,0,10,False,True,0,0,56,44,35,3.92,AI is off,AI is off,AI is off,AI is off,Not paired,AI is off,0,0,0
760000,23.3,0,6,0.7,0.21,0,0,9,1,0,10,False,True,0,0,56,46,38,3.92,AI is off,AI is off,AI is off,AI is off,Not paired,AI is off,0,0,0
762000,23.4,0,6,0.7,0.21,0,0,9,1,0,10,False,True,0,0,56,46,37,3.92,AI is off,AI is off,AI is off,AI is off,Not paired,AI is off,0,0,0
764000,23.5,0,6,0.7,0.21,0,0,9,1,0,10,False,True,0,0,57,45,35,3.92,AI is off,AI is off,AI is off,AI is off,Not paired,AI is off,0,0,0
766000,23.6,0,6,0.7,0.21,0,0,9,1,0,10,False,True,0,0,56,45,36,3.92,AI is off,AI is off,AI is off,AI is off,Not paired,AI is off,0,0,0
768000,23.7,0,6,0.7,0.21,0,0,9,1,0,10,False,True,0,0,57,46,36,3.92,AI is off,AI is off,AI is off,AI is off,Not paired,AI is off,0,0,0
770000,23.7,0,6,0.7,0.21,0,0,9,1,0,10,False,True,0,0,57,45,36,3.92,AI is off,AI is off,AI is off,AI is off,Not paired,AI is off,0,0,0
772000,23.7,0,6,0.71,0.21,0,0,9,1,0,10,False,True,0,0,57,45,34,3.92,AI is off,AI is off,AI is off,AI is off,Not paired,AI is off,0,0,0
774000,23.7,0,6,0.71,0.21,0,0,9,1,0,10,False,True,0,0,56,45,35,3.92,AI is off,AI is off,AI is off,AI is off,Not paired,AI is off,0,0,0
776000,23.8,0,6,0.71,0.21,0,0,9,1,0,10,False,True,0,0,56,45,35,3.92,AI is off,AI is off,AI is off,AI is off,Not paired,AI is off,0,0,0
778000,23.8,0,6,0.71,0.21,0,0,9,1,0,10,False,True,0,0,57,46,35,3.92,AI is off,AI is off,AI is off,AI is off,Not paired,AI is off,0,0,0
780000,23.9,0,6,0.71,0.21,0,0,8,1,0,10,False,True,0,0,56,45,34,3.92,AI is off,AI is off,AI is off,AI is off,Not paired,AI is off,0,0,0
782000,23.9,0,6,0.71,0.21,0,0,8,1,0,10,False,True,0,0,56,45,35,3.92,AI is off,AI is off,AI is off,AI is off,Not paired,AI is off,0,0,0
784000,24,0,6,0.71,0.21,0,0,8,1,0,10,False,True,0,0,56,46,36,3.92,AI is off,AI is off,AI is off,AI is off,Not paired,AI is off,0,0,0
786000,24,0,6,0.71,0.21,0,0,8,1,0,10,False,True,0,0,57,45,34,3.92,AI is off,AI is off,AI is off,AI is off,Not paired,AI is off,0,0,0
788000,23.9,0,6,0.71,0.21,0,0,8,1,0,10,False,True,0,0,56,44,34,3.92,AI is off,AI is off,AI is off,AI is off,Not paired,AI is off,0,0,0
790000,23.8,0,6,0.71,0.21,0,0,8,1,0,10,False,True,0,0,57,45,35,3.92,AI is off,AI is off,AI is off,AI is off,Not paired,AI is off,0,0,0
792000,23.9,0,6,0.71,0.21,0,0,8,1,0,10,False,True,0,0,57,45,35,3.92,AI is off,AI is off,AI is off,AI is off,Not paired,AI is off,0,0,0
794000,24,0,6,0.71,0.21,0,0,8,1,0,10,False,True,0,0,57,45,35,3.92,AI is off,AI is off,AI is off,AI is off,Not paired,AI is off,0,0,0
796000,23.9,0,6,0.71,0.21,0,0,8,1,0,10,False,True,0,0,57,45,35,3.92,AI is off,AI is off,AI is off,AI is off,Not paired,AI is off,0,0,0
798000,23.9,0,6,0.71,0.21,0,0,8,1,0,10,False,True,0,0,57,46,36,3.92,AI is off,AI is off,AI is off,AI is off,Not paired,AI is off,0,0,0
800000,23.9,0,6,0.71,0.21,0,0,8,1,0,10,False,True,0,0,56,45,36,3.92,AI is off,AI is off,AI is off,AI is off,Not paired,AI is off,0,0,0
802000,23.9,0,6,0.71,0.21,0,0,8,1,0,10,False,True,0,0,56,44,35,3.92,AI is off,AI is off,AI is off,AI is off,Not paired,AI is off,0,0,0
804000,23.8,0,6,0.71,0.21,0,0,8,1,0,10,False,True,0,0,57,45,34,3.92,AI is off,AI is off,AI is off,AI is off,Not paired,AI is off,0,0,0
806000,23.9,0,6,0.71,0.21,0,0,8,1,0,10,False,True,0,0,57,44,34,3.92,AI is off,AI is off,AI is off,AI is off,Not paired,AI is off,0,0,0
808000,23.9,0,6,0.71,0.21,0,0,8,1,0,10,False,True,0,0,57,46,36,3.92,AI is off,AI is off,AI is off,AI is off,Not paired,AI is off,0,0,0
810000,24,0,6,0.71,0.21,0,0,8,1,0,10,False,True,0,0,57,45,35,3.92,AI is off,AI is off,AI is off,AI is off,Not paired,AI is off,0,0,0
812000,24,0,6,0.71,0.21,0,0,8,1,0,10,False,True,0,0,57,45,36,3.92,AI is off,AI is off,AI is off,AI is off,Not paired,AI is off,0,0,0
814000,24.1,0,6,0.71,0.21,0,0,8,1,0,10,False,True,0,0,57,46,36,3.92,AI is off,AI is off,AI is off,AI is off,Not paired,AI is off,0,0,0
816000,24,0,6,0.71,0.21,0,0,8,1,0,10,False,True,0,0,57,45,37,3.92,AI is off,AI is off,AI is off,AI is off,Not paired,AI is off,0,0,0
818000,24,0,6,0.71,0.21,0,0,8,1,0,10,False,True,0,0,57,46,37,3.92,AI is off,AI is off,AI is off,AI is off,Not paired,AI is off,0,0,0
820000,24,0,6,0.71,0.21,0,0,8,1,0,10,False,True,0,0,57,47,36,3.92,AI is off,AI is off,AI is off,AI is off,Not paired,AI is off,0,0,0
822000,23.8,0,6,0.71,0.21,0,0,8,1,0,10,False,True,0,0,57,46,36,3.92,AI is off,AI is off,AI is off,AI is off,Not paired,AI is off,0,0,0
824000,23.9,0,6,0.71,0.21,0,0,8,1,0,10,False,True,0,0,57,45,37,3.92,AI is off,AI is off,AI is off,AI is off,Not paired,AI is off,0,0,0
826000,23.9,0,6,0.71,0.21,0,0,8,1,0,10,False,True,0,0,56,44,34,3.92,AI is off,AI is off,AI is off,AI is off,Not paired,AI is off,0,0,0
828000,23.9,0,6,0.71,0.21,0,0,8,1,0,10,False,True,0,0,55,45,36,3.92,AI is off,AI is off,AI is off,AI is off,Not paired,AI is off,0,0,0
830000,23.5,0,6,0.7,0.21,0,0,8,1,0,10,False,True,0,0,57,45,35,3.92,AI is off,AI is off,AI is off,AI is off,Not paired,AI is off,0,0,0
832000,23.5,0,6,0.7,0.21,0,0,8,1,0,10,False,True,0,0,56,46,36,3.92,AI is off,AI is off,AI is off,AI is off,Not paired,AI is off,0,0,0
834000,23.4,0,6,0.7,0.21,0,0,8,1,0,10,False,True,0,0,57,46,37,3.92,AI is off,AI is off,AI is off,AI is off,Not paired,AI is off,0,0,0
836000,23.5,0,6,0.7,0.21,0,0,8,1,0,10,False,True,0,0,57,46,36,3.92,AI is off,AI is off,AI is off,AI is off,Not paired,AI is off,0,0,0
838000,23.5,0,6,0.7,0.21,0,0,8,1,0,10,False,True,0,0,57,45,35,3.92,AI is off,AI is off,AI is off,AI is off,Not paired,AI is off,0,0,0
840000,23.6,0,6,0.7,0.21,0,0,8,1,0,10,False,True,0,0,57,46,36,3.92,AI is off,AI is off,AI is off,AI is off,Not paired,AI is off,0,0,0
842000,23.7,0,6,0.71,0.21,0,0,8,1,0,10,False,True,0,0,57,45,36,3.92,AI is off,AI is off,AI is off,AI is off,Not paired,AI is off,0,0,0
844000,23.8,0,6,0.71,0.21,0,0,8,1,0,10,False,True,0,0,57,46,36,3.92,AI is off,AI is off,AI is off,AI is off,Not paired,AI is off,0,0,0
846000,23.9,0,6,0.71,0.21,0,0,8,1,0,10,False,True,0,0,57,46,37,3.92,AI is off,AI is off,AI is off,AI is off,Not paired,AI is off,0,0,0
848000,24,0,6,0.71,0.21,0,0,7,1,0,10,False,True,0,0,57,45,37,3.92,AI is off,AI is off,AI is off,AI is off,Not paired,AI is off,0,0,0
850000,24.1,0,6,0.71,0.21,0,0,7,1,0,10,False,True,0,0,57,45,35,3.92,AI is off,AI is off,AI is off,AI is off,Not paired,AI is off,0,0,0
852000,24,0,6,0.71,0.21,0,0,7,1,0,10,False,True,0,0,57,46,36,3.92,AI is off,AI is off,AI is off,AI is off,Not paired,AI is off,0,0,0
854000,23.7,0,6,0.71,0.21,0,0,7,1,0,10,False,True,0,0,56,44,34,3.92,AI is off,AI is off,AI is off,AI is off,Not paired,AI is off,0,0,0
856000,23.7,0,6,0.71,0.21,0,0,7,1,0,10,False,True,0,0,56,44,34,3.92,AI is off,AI is off,AI is off,AI is off,Not paired,AI is off,0,0,0
858000,23.5,0,6,0.7,0.21,0,0,7,1,0,10,False,True,0,0,57,45,35,3.92,AI is off,AI is off,AI is off,AI is off,Not paired,AI is off,0,0,0
860000,23.3,0,6,0.7,0.21,0,0,7,1,0,10,False,True,0,0,55,44,35,3.92,AI is off,AI is off,AI is off,AI is off,Not paired,AI is off,0,0,0
862000,23.1,0,6,0.69,0.21,0,0,7,1,0,10,False,True,0,0,56,44,34,3.92,AI is off,AI is off,AI is off,AI is off,Not paired,AI is off,0,0,0
864000,23,0,6,0.69,0.21,0,0,8,1,0,10,False,True,0,0,57,45,35,3.92,AI is off,AI is off,AI is off,AI is off,Not paired,AI is off,0,0,0
866000,23,0,6,0.69,0.21,0,0,8,1,0,10,False,True,0,0,57,45,34,3.92,AI is off,AI is off,AI is off,AI is off,Not paired,AI is off,0,0,0
868000,23.1,0,6,0.69,0.21,0,0,8,1,0,10,False,True,0,0,57,45,34,3.92,AI is off,AI is off,AI is off,AI is off,Not paired,AI is off,0,0,0
870000,23.2,0,6,0.69,0.21,0,0,8,1,0,10,False,True,0,0,56,44,34,3.92,AI is off,AI is off,AI is off,AI is off,Not paired,AI is off,0,0,0
872000,23.1,0,6,0.69,0.21,0,0,8,1,0,10,False,True,0,0,57,46,37,3.92,AI is off,AI is off,AI is off,AI is off,Not paired,AI is off,0,0,0
874000,22.9,0,6,0.69,0.21,0,0,8,1,0,10,False,True,0,0,56,45,36,3.92,AI is off,AI is off,AI is off,AI is off,Not paired,AI is off,0,0,0
876000,23,0,6,0.69,0.21,0,0,8,1,0,10,False,True,0,0,57,46,36,3.92,AI is off,AI is off,AI is off,AI is off,Not paired,AI is off,0,0,0
878000,22.9,0,6,0.69,0.21,0,0,8,1,0,10,False,True,0,0,58,46,36,3.92,AI is off,AI is off,AI is off,AI is off,Not paired,AI is off,0,0,0
880000,22.9,0,6,0.69,0.21,0,0,8,1,0,10,False,True,0,0,57,46,37,3.92,AI is off,AI is off,AI is off,AI is off,Not paired,AI is off,0,0,0
882000,22.9,0,6,0.69,0.21,0,0,8,1,0,10,False,True,0,0,57,44,35,3.92,AI is off,AI is off,AI is off,AI is off,Not paired,AI is off,0,0,0
884000,23,0,6,0.69,0.21,0,0,8,1,0,10,False,True,0,0,56,44,35,3.92,AI is off,AI is off,AI is off,AI is off,Not paired,AI is off,0,0,0
886000,23,0,6,0.69,0.21,0,0,8,1,0,10,False,True,0,0,57,46,37,3.92,AI is off,AI is off,AI is off,AI is off,Not paired,AI is off,0,0,0
888000,23,0,6,0.69,0.21,0,0,8,1,0,10,False,True,0,0,57,46,36,3.92,AI is off,AI is off,AI is off,AI is off,Not paired,AI is off,0,0,0
890000,23,0,6,0.69,0.21,0,0,8,1,0,10,False,True,0,0,58,47,36,3.92,AI is off,AI is off,AI is off,AI is off,Not paired,AI is off,0,0,0
892000,23,0,6,0.69,0.21,0,0,8,1,0,10,False,True,0,0,56,46,37,3.92,AI is off,AI is off,AI is off,AI is off,Not paired,AI is off,0,0,0
894000,23,0,6,0.69,0.21,0,0,8,1,0,10,False,True,0,0,57,46,37,3.92,AI is off,AI is off,AI is off,AI is off,Not paired,AI is off,0,0,0
896000,23,0,6,0.69,0.21,0,0,7,1,0,10,False,True,0,0,58,47,36,3.92,AI is off,AI is off,AI is off,AI is off,Not paired,AI is off,0,0,0
898000,22.9,0,6,0.69,0.21,0,0,7,1,0,10,False,True,0,0,57,46,37,3.92,AI is off,AI is off,AI is off,AI is off,Not paired,AI is off,0,0,0
900000,22.8,0,6,0.69,0.21,0,0,7,1,0,10,False,True,0,0,56,45,36,3.92,AI is off,AI is off,AI is off,AI is off,Not paired,AI is off,0,0,0
902000,22.8,0,6,0.69,0.21,0,0,8,1,0,10,False,True,0,0,57,46,37,3.92,AI is off,AI is off,AI is off,AI is off,Not paired,AI is off,0,0,0
904000,22.8,0,6,0.69,0.21,0,0,8,1,0,10,False,True,0,0,58,46,37,3.92,AI is off,AI is off,AI is off,AI is off,Not paired,AI is off,0,0,0
906000,22.8,0,6,0.69,0.21,0,0,8,1,0,10,False,True,0,0,57,44,35,3.92,AI is off,AI is off,AI is off,AI is off,Not paired,AI is off,0,0,0
908000,22.7,0,6,0.68,0.21,0,0,8,1,0,10,False,True,0,0,57,45,36,3.92,AI is off,AI is off,AI is off,AI is off,Not paired,AI is off,0,0,0
910000,22.8,0,6,0.69,0.21,0,0,8,1,0,10,False,True,0,0,57,45,35,3.92,AI is off,AI is off,AI is off,AI is off,Not paired,AI is off,0,0,0
912000,22.7,0,6,0.69,0.21,0,0,7,1,0,10,False,True,0,0,56,46,36,3.92,AI is off,AI is off,AI is off,AI is off,Not paired,AI is off,0,0,0
914000,22.8,0,6,0.69,0.21,0,0,7,1,0,10,False,True,0,0,55,45,36,3.92,AI is off,AI is off,AI is off,AI is off,Not paired,AI is off,0,0,0
916000,22.9,0,6,0.69,0.21,0,0,7,1,0,10,False,True,0,0,55,45,36,3.92,AI is off,AI is off,AI is off,AI is off,Not paired,AI is off,0,0,0
918000,23.1,0,6,0.69,0.21,0,0,7,1,0,10,False,True,0,0,56,44,35,3.92,AI is off,AI is off,AI is off,AI is off,Not paired,AI is off,0,0,0
920000,23.1,0,6,0.69,0.21,0,0,7,1,0,10,False,True,0,0,57,45,34,3.92,AI is off,AI is off,AI is off,AI is off,Not paired,AI is off,0,0,0
922000,23.1,0,6,0.69,0.21,0,0,7,1,0,10,False,True,0,0,56,44,34,3.92,AI is off,AI is off,AI is off,AI is off,Not paired,AI is off,0,0,0
924000,23.1,0,6,0.69,0.21,0,0,7,1,0,10,False,True,0,0,57,45,34,3.92,AI is off,AI is off,AI is off,AI is off,Not paired,AI is off,0,0,0
926000,23.1,0,6,0.69,0.21,0,0,7,1,0,10,False,True,0,0,57,45,35,3.92,AI is off,AI is off,AI is off,AI is off,Not paired,AI is off,0,0,0
928000,23.1,0,6,0.69,0.21,0,0,7,1,0,10,False,True,0,0,56,44,34,3.92,AI is off,AI is off,AI is off,AI is off,Not paired,AI is off,0,0,0
930000,23.3,0,6,0.69,0.21,0,0,7,1,0,10,False,True,0,0,56,45,35,3.92,AI is off,AI is off,AI is off,AI is off,Not paired,AI is off,0,0,0
932000,23.4,0,6,0.7,0.21,0,0,7,1,0,10,False,True,0,0,56,45,35,3.92,AI is off,AI is off,AI is off,AI is off,Not paired,AI is off,0,0,0
934000,23.7,0,6,0.7,0.21,0,0,6,1,0,10,False,True,0,0,55,45,36,3.92,AI is off,AI is off,AI is off,AI is off,Not paired,AI is off,0,0,0
936000,24,0,6,0.71,0.21,0,0,6,1,0,10,False,True,0,0,57,44,35,3.92,AI is off,AI is off,AI is off,AI is off,Not paired,AI is off,0,0,0
938000,24,0,6,0.71,0.21,0,0,6,1,0,10,False,True,0,0,55,44,35,3.92,AI is off,AI is off,AI is off,AI is off,Not paired,AI is off,0,0,0
940000,24.1,0,6,0.71,0.21,0,0,6,1,0,10,False,True,0,0,57,44,35,3.92,AI is off,AI is off,AI is off,AI is off,Not paired,AI is off,0,0,0
942000,24.4,0,6,0.72,0.21,0,0,6,1,0,10,False,True,0,0,56,45,35,3.92,AI is off,AI is off,AI is off,AI is off,Not paired,AI is off,0,0,0
944000,24.5,0,6,0.72,0.21,0,0,6,1,0,10,False,True,0,0,55,45,36,3.92,AI is off,AI is off,AI is off,AI is off,Not paired,AI is off,0,0,0
946000,24.4,0,6,0.72,0.21,0,0,5,1,0,10,False,True,0,0,55,44,34,3.92,AI is off,AI is off,AI is off,AI is off,Not paired,AI is off,0,0,0
948000,24.4,0,6,0.72,0.21,0,0,5,1,0,10,False,True,0,0,55,45,36,3.92,AI is off,AI is off,AI is off,AI is off,Not paired,AI is off,0,0,0
950000,24.2,0,6,0.72,0.21,0,0,5,1,0,10,False,True,0,0,57,46,36,3.92,AI is off,AI is off,AI is off,AI is off,Not paired,AI is off,0,0,0
952000,24,0,6,0.71,0.21,0,0,5,1,0,10,False,True,0,0,56,44,34,3.92,AI is off,AI is off,AI is off,AI is off,Not paired,AI is off,0,0,0
954000,24,0,6,0.71,0.21,0,0,5,1,0,10,False,True,0,0,56,45,34,3.92,AI is off,AI is off,AI is off,AI is off,Not paired,AI is off,0,0,0
956000,23.6,0,6,0.7,0.21,0,0,5,1,0,10,False,True,0,0,57,46,36,3.92,AI is off,AI is off,AI is off,AI is off,Not paired,AI is off,0,0,0
958000,23.5,0,6,0.7,0.21,0,0,5,1,0,10,False,True,0,0,57,45,35,3.92,AI is off,AI is off,AI is off,AI is off,Not paired,AI is off,0,0,0
960000,23.2,0,6,0.69,0.21,0,0,5,1,0,10,False,True,0,0,57,45,35,3.92,AI is off,AI is off,AI is off,AI is off,Not paired,AI is off,0,0,0
962000,23,0,6,0.69,0.21,0,0,6,1,0,10,False,True,0,0,56,45,35,3.92,AI is off,AI is off,AI is off,AI is off,Not paired,AI is off,0,0,0
964000,22.8,0,6,0.69,0.21,0,0,6,1,0,10,False,True,0,0,57,45,34,3.92,AI is off,AI is off,AI is off,AI is off,Not paired,AI is off,0,0,0
966000,22.7,0,6,0.68,0.21,0,0,6,1,0,10,False,True,0,0,56,44,35,3.92,AI is off,AI is off,AI is off,AI is off,Not paired,AI is off,0,0,0
968000,23,0,6,0.69,0.21,0,0,6,1,0,10,False,True,0,0,56,44,35,3.92,AI is off,AI is off,AI is off,AI is off,Not paired,AI is off,0,0,0
970000,23.1,0,6,0.69,0.21,0,0,6,1,0,10,False,True,0,0,56,45,36,3.92,AI is off,AI is off,AI is off,AI is off,Not paired,AI is off,0,0,0
972000,23,0,6,0.69,0.21,0,0,6,1,0,10,False,True,0,0,56,44,34,3.92,AI is off,AI is off,AI is off,AI is off,Not paired,AI is off,0,0,0
974000,22.6,0,6,0.68,0.21,0,0,6,1,0,10,False,True,0,0,57,46,37,3.92,AI is off,AI is off,AI is off,AI is off,Not paired,AI is off,0,0,0
976000,22.6,0,6,0.68,0.21,0,0,6,1,0,10,False,True,0,0,57,45,35,3.92,AI is off,AI is off,AI is off,AI is off,Not paired,AI is off,0,0,0
978000,22.7,0,6,0.68,0.21,0,0,6,1,0,10,False,True,0,0,56,44,35,3.92,AI is off,AI is off,AI is off,AI is off,Not paired,AI is off,0,0,0
980000,22.9,0,6,0.69,0.21,0,0,6,1,0,10,False,True,0,0,57,45,35,3.92,AI is off,AI is off,AI is off,AI is off,Not paired,AI is off,0,0,0
982000,22.9,0,6,0.69,0.21,0,0,6,1,0,10,False,True,0,0,57,46,36,3.92,AI is off,AI is off,AI is off,AI is off,Not paired,AI is off,0,0,0
984000,22.8,0,6,0.69,0.21,0,0,6,1,0,10,False,True,0,0,57,45,35,3.92,AI is off,AI is off,AI is off,AI is off,Not paired,AI is off,0,0,0
986000,22.7,0,6,0.68,0.21,0,0,6,1,0,10,False,True,0,0,57,46,36,3.92,AI is off,AI is off,AI is off,AI is off,Not paired,AI is off,0,0,0
988000,22.7,0,6,0.68,0.21,0,0,6,1,0,10,False,True,0,0,57,46,37,3.92,AI is off,AI is off,AI is off,AI is off,Not paired,AI is off,0,0,0
990000,22.5,0,6,0.68,0.21,0,0,6,1,0,10,False,True,0,0,57,45,36,3.92,AI is off,AI is off,AI is off,AI is off,Not paired,AI is off,0,0,0
992000,22.2,0,6,0.67,0.21,0,0,6,1,0,10,False,True,0,0,57,45,35,3.92,AI is off,AI is off,AI is off,AI is off,Not paired,AI is off,0,0,0
994000,22.1,0,6,0.67,0.21,0,0,6,1,0,10,False,True,0,0,56,45,35,3.92,AI is off,AI is off,AI is off,AI is off,Not paired,AI is off,0,0,0
996000,21.8,0,6,0.67,0.21,0,0,7,1,0,10,False,True,0,0,55,45,35,3.92,AI is off,AI is off,AI is off,AI is off,Not paired,AI is off,0,0,0
998000,21.2,0,6,0.65,0.21,0,0,7,1,0,11,False,True,0,0,57,46,36,3.92,AI is off,AI is off,AI is off,AI is off,Not paired,AI is off,0,0,0
1000000,20.8,0,6,0.64,0.21,0,0,7,1,0,11,False,True,0,0,56,45,35,3.92,AI is off,AI is off,AI is off,AI is off,Not paired,AI is off,0,0,0
1002000,20.5,0,6,0.64,0.21,0,0,9,1,0,11,False,True,0,0,56,46,37,3.92,AI is off,AI is off,AI is off,AI is off,Not paired,AI is off,0,0,0
1004000,20.4,0,6,0.64,0.21,0,0,9,1,0,11,False,True,0,0,58,47,36,3.92,AI is off,AI is off,AI is off,AI is off,Not paired,AI is off,0,0,0
1006000,20.5,0,6,0.64,0.21,0,0,9,1,0,11,False,True,0,0,57,45,36,3.92,AI is off,AI is off,AI is off,AI is off,Not paired,AI is off,0,0,0
1008000,20.6,0,6,0.64,0.21,0,0,9,1,0,11,False,True,0,0,57,46,37,3.92,AI is off,AI is off,AI is off,AI is off,Not paired,AI is off,0,0,0
1010000,20.8,0,6,0.64,0.21,0,0,9,1,0,11,False,True,0,0,56,44,34,3.92,AI is off,AI is off,AI is off,AI is off,Not paired,AI is off,0,0,0
1012000,21,0,6,0.65,0.21,0,0,8,1,0,11,False,True,0,0,58,46,36,3.92,AI is off,AI is off,AI is off,AI is off,Not paired,AI is off,0,0,0
1014000,21,0,6,0.65,0.21,0,0,8,1,0,11,False,True,0,0,56,44,35,3.92,AI is off,AI is off,AI is off,AI is off,Not paired,AI is off,0,0,0
1016000,21,0,6,0.65,0.21,0,0,8,1,0,11,False,True,0,0,55,45,36,3.92,AI is off,AI is off,AI is off,AI is off,Not paired,AI is off,0,0,0
1018000,20.9,0,6,0.65,0.21,0,0,8,1,0,11,False,True,0,0,56,45,36,3.92,AI is off,AI is off,AI is off,AI is off,Not paired,AI is off,0,0,0
1020000,20.8,0,6,0.64,0.21,0,0,8,1,0,11,False,True,0,0,56,45,35,3.92,AI is off,AI is off,AI is off,AI is off,Not paired,AI is off,0,0,0
1022000,20.7,0,6,0.64,0.21,0,0,8,1,0,11,False,True,0,0,56,44,35,3.92,AI is off,AI is off,AI is off,AI is off,Not paired,AI is off,0,0,0
1024000,20.8,0,6,0.64,0.21,0,0,8,1,0,11,False,True,0,0,56,44,34,3.92,AI is off,AI is off,AI is off,AI is off,Not paired,AI is off,0,0,0
1026000,20.9,0,6,0.65,0.21,0,0,8,1,0,11,False,True,0,0,57,44,35,3.92,AI is off,AI is off,AI is off,AI is off,Not paired,AI is off,0,0,0
1028000,20.9,0,6,0.65,0.21,0,0,8,1,0,11,False,True,0,0,57,45,35,3.92,AI is off,AI is off,AI is off,AI is off,Not paired,AI is off,0,0,0
1030000,20.8,0,6,0.64,0.21,0,0,8,1,0,11,False,True,0,0,56,44,35,3.92,AI is off,AI is off,AI is off,AI is off,Not paired,AI is off,0,0,0
1032000,20.9,0,6,0.65,0.21,0,0,8,1,0,11,False,True,0,0,56,44,34,3.92,AI is off,AI is off,AI is off,AI is off,Not paired,AI is off,0,0,0
1034000,20.8,0,6,0.65,0.21,0,0,8,1,0,11,False,True,0,0,56,44,34,3.92,AI is off,AI is off,AI is off,AI is off,Not paired,AI is off,0,0,0
1036000,20.5,0,6,0.64,0.21,0,0,8,1,0,11,False,True,0,0,56,44,34,3.92,AI is off,AI is off,AI is off,AI is off,Not paired,AI is off,0,0,0
1038000,20.5,0,5,0.64,0.21,0,0,9,1,0,11,False,True,0,0,57,46,36,3.92,AI is off,AI is off,AI is off,AI is off,Not paired,AI is off,0,0,0
1040000,20.3,0,5,0.63,0.21,0,0,9,1,0,11,False,True,0,0,57,45,35,3.92,AI is off,AI is off,AI is off,AI is off,Not paired,AI is off,0,0,0
1042000,20.3,0,5,0.63,0.21,0,0,9,1,0,11,False,True,0,0,57,45,36,3.92,AI is off,AI is off,AI is off,AI is off,Not paired,AI is off,0,0,0
1044000,20.3,0,5,0.63,0.21,0,0,9,1,0,11,False,True,0,0,57,46,37,3.92,AI is off,AI is off,AI is off,AI is off,Not paired,AI is off,0,0,0
1046000,20.2,0,5,0.63,0.21,0,0,9,1,0,11,False,True,0,0,57,46,37,3.92,AI is off,AI is off,AI is off,AI is off,Not paired,AI is off,0,0,0
1048000,20.3,0,5,0.63,0.21,0,0,9,1,0,11,False,True,0,0,57,46,36,3.92,AI is off,AI is off,AI is off,AI is off,Not paired,AI is off,0,0,0
1050000,20.4,0,5,0.64,0.21,0,0,9,1,0,11,False,True,0,0,57,45,35,3.92,AI is off,AI is off,AI is off,AI is off,Not paired,AI is off,0,0,0
1052000,20.5,0,5,0.64,0.21,0,0,9,1,0,11,False,True,0,0,57,45,36,3.92,AI is off,AI is off,AI is off,AI is off,Not paired,AI is off,0,0,0
1054000,20.4,0,5,0.64,0.21,0,0,9,1,0,11,False,True,0,0,57,45,35,3.92,AI is off,AI is off,AI is off,AI is off,Not paired,AI is off,0,0,0
1056000,20.4,0,5,0.64,0.21,0,0,9,1,0,11,False,True,0,0,57,44,35,3.92,AI is off,AI is off,AI is off,AI is off,Not paired,AI is off,0,0,0
1058000,20.5,0,5,0.64,0.21,0,0,9,1,0,11,False,True,0,0,57,46,36,3.92,AI is off,AI is off,AI is off,AI is off,Not paired,AI is off,0,0,0
1060000,20.4,0,5,0.64,0.21,0,0,9,1,0,12,False,True,0,0,57,46,36,3.92,AI is off,AI is off,AI is off,AI is off,Not paired,AI is off,0,0,0
1062000,20.3,0,5,0.63,0.21,0,0,9,1,0,12,False,True,0,0,57,45,35,3.92,AI is off,AI is off,AI is off,AI is off,Not paired,AI is off,0,0,0
1064000,20.3,0,5,0.63,0.21,0,0,9,1,0,12,False,True,0,0,57,45,36,3.92,AI is off,AI is off,AI is off,AI is off,Not paired,AI is off,0,0,0
1066000,20.4,0,5,0.64,0.21,0,0,9,1,0,12,False,True,0,0,57,45,35,3.92,AI is off,AI is off,AI is off,AI is off,Not paired,AI is off,0,0,0
1068000,20.5,0,5,0.64,0.21,0,0,9,1,0,12,False,True,0,0,57,45,35,3.92,AI is off,AI is off,AI is off,AI is off,Not paired,AI is off,0,0,0
1070000,20.5,0,5,0.64,0.21,0,0,8,1,0,12,False,True,0,0,57,45,36,3.92,AI is off,AI is off,AI is off,AI is off,Not paired,AI is off,0,0,0
1072000,20.3,0,5,0.63,0.21,0,0,8,1,0,12,False,True,0,0,57,45,35,3.92,AI is off,AI is off,AI is off,AI is off,Not paired,AI is off,0,0,0
1074000,20.3,0,5,0.63,0.21,0,0,8,1,0,12,False,True,0,0,57,46,37,3.92,AI is off,AI is off,AI is off,AI is off,Not paired,AI is off,0,0,0
1076000,20.3,0,5,0.63,0.21,0,0,8,1,0,12,False,True,0,0,57,45,36,3.92,AI is off,AI is off,AI is off,AI is off,Not paired,AI is off,0,0,0
1078000,20.3,0,5,0.63,0.21,0,0,8,1,0,12,False,True,0,0,57,45,35,3.92,AI is off,AI is off,AI is off,AI is off,Not paired,AI is off,0,0,0
1080000,20.1,0,5,0.63,0.21,0,0,8,1,0,12,False,True,0,0,57,45,35,3.92,AI is off,AI is off,AI is off,AI is off,Not paired,AI is off,0,0,0
1082000,20,0,5,0.63,0.21,0,0,9,1,0,12,False,True,0,0,57,45,36,3.92,AI is off,AI is off,AI is off,AI is off,Not paired,AI is off,0,0,0
1084000,20,0,5,0.63,0.21,0,0,9,1,0,12,False,True,0,0,57,46,37,3.92,AI is off,AI is off,AI is off,AI is off,Not paired,AI is off,0,0,0
1086000,20.1,0,5,0.63,0.21,0,0,9,1,0,12,False,True,0,0,58,46,36,3.92,AI is off,AI is off,AI is off,AI is off,Not paired,AI is off,0,0,0
1088000,20.1,0,5,0.63,0.21,0,0,9,1,0,12,False,True,0,0,57,46,36,3.92,AI is off,AI is off,AI is off,AI is off,Not paired,AI is off,0,0,0
1090000,20.2,0,5,0.63,0.21,0,0,9,1,0,12,False,True,0,0,57,45,35,3.92,AI is off,AI is off,AI is off,AI is off,Not paired,AI is off,0,0,0
1092000,20.1,0,5,0.63,0.21,0,0,9,1,0,12,False,True,0,0,57,45,35,3.92,AI is off,AI is off,AI is off,AI is off,Not paired,AI is off,0,0,0
1094000,20,0,5,0.63,0.21,0,0,9,1,0,12,False,True,0,0,56,45,36,3.92,AI is off,AI is off,AI is off,AI is off,Not paired,AI is off,0,0,0
1096000,19.9,0,5,0.63,0.21,0,0,9,1,0,12,False,True,0,0,57,45,36,3.92,AI is off,AI is off,AI is off,AI is off,Not paired,AI is off,0,0,0
1098000,19.9,0,5,0.62,0.21,0,0,9,1,0,12,False,True,0,0,56,44,34,3.92,AI is off,AI is off,AI is off,AI is off,Not paired,AI is off,0,0,0
1100000,19.7,0,5,0.62,0.21,0,0,9,1,0,12,False,True,0,0,56,45,36,3.92,AI is off,AI is off,AI is off,AI is off,Not paired,AI is off,0,0,0
1102000,19.6,0,5,0.62,0.21,0,0,9,1,0,12,False,True,0,0,57,45,36,3.92,AI is off,AI is off,AI is off,AI is off,Not paired,AI is off,0,0,0
1104000,19.7,0,5,0.62,0.21,0,0,10,1,0,12,False,True,0,0,56,45,35,3.92,AI is off,AI is off,AI is off,AI is off,Not paired,AI is off,0,0,0
1106000,19.8,0,5,0.62,0.21,0,0,10,1,0,13,False,True,0,0,56,45,36,3.92,AI is off,AI is off,AI is off,AI is off,Not paired,AI is off,0,0,0
1108000,19.9,0,5,0.62,0.21,0,0,10,1,0,13,False,True,0,0,56,45,35,3.92,AI is off,AI is off,AI is off,AI is off,Not paired,AI is off,0,0,0
1110000,19.9,0,5,0.63,0.21,0,0,10,1,0,13,False,True,0,0,57,45,35,3.92,AI is off,AI is off,AI is off,AI is off,Not paired,AI is off,0,0,0
1112000,19.8,0,5,0.63,0.21,0,0,10,1,0,13,False,True,0,0,56,45,35,3.92,AI is off,AI is off,AI is off,AI is off,Not paired,AI is off,0,0,0
1114000,19.8,0,5,0.62,0.21,0,0,9,1,0,13,False,True,0,0,56,45,35,3.92,AI is off,AI is off,AI is off,AI is off,Not paired,AI is off,0,0,0
1116000,19.7,0,5,0.62,0.21,0,0,9,1,0,13,False,True,0,0,55,44,34,3.92,AI is off,AI is off,AI is off,AI is off,Not paired,AI is off,0,0,0
1118000,19.6,0,5,0.62,0.21,0,0,9,1,0,13,False,True,0,0,57,46,36,3.92,AI is off,AI is off,AI is off,AI is off,Not paired,AI is off,0,0,0
1120000,19.6,0,5,0.62,0.21,0,0,9,1,0,13,False,True,0,0,56,44,33,3.92,AI is off,AI is off,AI is off,AI is off,Not paired,AI is off,0,0,0
1122000,19.4,0,5,0.62,0.21,0,0,9,1,0,13,False,True,0,0,57,45,35,3.92,AI is off,AI is off,AI is off,AI is off,Not paired,AI is off,0,0,0
1124000,19.1,0,5,0.61,0.21,0,0,9,1,0,13,False,True,0,0,57,44,35,3.92,AI is off,AI is off,AI is off,AI is off,Not paired,AI is off,0,0,0
1126000,18.9,0,5,0.61,0.21,0,0,9,1,0,13,False,True,0,0,56,44,34,3.92,AI is off,AI is off,AI is off,AI is off,Not paired,AI is off,0,0,0
1128000,19,0,5,0.61,0.21,0,0,9,1,0,13,False,True,0,0,56,44,33,3.92,AI is off,AI is off,AI is off,AI is off,Not paired,AI is off,0,0,0
1130000,18.7,0,5,0.6,0.21,0,0,9,1,0,13,False,True,0,0,56,44,34,3.92,AI is off,AI is off,AI is off,AI is off,Not paired,AI is off,0,0,0
1132000,18.8,0,5,0.6,0.21,0,0,12,1,0,13,False,True,0,0,56,44,34,3.92,AI is off,AI is off,AI is off,AI is off,Not paired,AI is off,0,0,0
1134000,19.2,0,5,0.61,0.21,0,0,12,1,0,13,False,True,0,0,56,45,35,3.92,AI is off,AI is off,AI is off,AI is off,Not paired,AI is off,0,0,0
1136000,19.4,0,5,0.61,0.21,0,0,10,1,0,13,False,True,0,0,57,45,36,3.92,AI is off,AI is off,AI is off,AI is off,Not paired,AI is off,0,0,0
1138000,19.5,0,5,0.62,0.21,0,0,10,1,0,13,False,True,0,0,56,45,36,3.92,AI is off,AI is off,AI is off,AI is off,Not paired,AI is off,0,0,0
1140000,19.4,0,5,0.62,0.21,0,0,10,1,0,13,False,True,0,0,56,44,34,3.92,AI is off,AI is off,AI is off,AI is off,Not paired,AI is off,0,0,0
1142000,19.5,0,5,0.62,0.21,0,0,10,1,0,13,False,True,0,0,57,46,35,3.91,AI is off,AI is off,AI is off,AI is off,Not paired,AI is off,0,0,0
1144000,19.5,0,5,0.62,0.21,0,0,10,1,0,13,False,True,0,0,57,46,36,3.91,AI is off,AI is off,AI is off,AI is off,Not paired,AI is off,0,0,0
1146000,19.5,0,5,0.62,0.21,0,0,10,1,0,13,False,True,0,0,57,46,35,3.91,AI is off,AI is off,AI is off,AI is off,Not paired,AI is off,0,0,0
1148000,19.6,0,5,0.62,0.21,0,0,9,1,0,13,False,True,0,0,56,46,36,3.92,AI is off,AI is off,AI is off,AI is off,Not paired,AI is off,0,0,0
1150000,19.8,0,5,0.62,0.21,0,0,9,1,0,13,False,True,0,0,57,45,35,3.92,AI is off,AI is off,AI is off,AI is off,Not paired,AI is off,0,0,0
1152000,19.7,0,5,0.62,0.21,0,0,9,1,0,13,False,True,0,0,56,46,36,3.92,AI is off,AI is off,AI is off,AI is off,Not paired,AI is off,0,0,0
1154000,19.4,0,5,0.62,0.21,0,0,9,1,0,13,False,True,0,0,56,45,34,3.92,AI is off,AI is off,AI is off,AI is off,Not paired,AI is off,0,0,0
1156000,19.2,0,5,0.61,0.21,0,0,9,1,0,13,False,True,0,0,56,44,34,3.92,AI is off,AI is off,AI is off,AI is off,Not paired,AI is off,0,0,0
1158000,19.2,0,5,0.61,0.21,0,0,9,1,0,13,False,True,0,0,57,45,34,3.92,AI is off,AI is off,AI is off,AI is off,Not paired,AI is off,0,0,0
1160000,19.3,0,5,0.61,0.21,0,0,9,1,0,13,False,True,0,0,56,46,35,3.92,AI is off,AI is off,AI is off,AI is off,Not paired,AI is off,0,0,0
1162000,19.3,0,5,0.61,0.21,0,0,9,1,0,13,False,True,0,0,56,45,35,3.92,AI is off,AI is off,AI is off,AI is off,Not paired,AI is off,0,0,0
1164000,19.5,0,5,0.61,0.21,0,0,10,1,0,13,False,True,0,0,56,45,35,3.92,AI is off,AI is off,AI is off,AI is off,Not paired,AI is off,0,0,0
1166000,19.6,0,5,0.62,0.21,0,0,10,1,0,13,False,True,0,0,57,45,35,3.92,AI is off,AI is off,AI is off,AI is off,Not paired,AI is off,0,0,0
1168000,19.7,0,5,0.62,0.21,0,0,10,1,0,13,False,True,0,0,56,46,35,3.92,AI is off,AI is off,AI is off,AI is off,Not paired,AI is off,0,0,0
1170000,19.7,0,5,0.62,0.21,0,0,8,1,0,13,False,True,0,0,55,44,34,3.92,AI is off,AI is off,AI is off,AI is off,Not paired,AI is off,0,0,0
1172000,19.8,0,5,0.62,0.21,0,0,8,1,0,13,False,True,0,0,57,46,36,3.92,AI is off,AI is off,AI is off,AI is off,Not paired,AI is off,0,0,0
1174000,19.9,0,5,0.62,0.21,0,0,8,1,0,13,False,True,0,0,56,46,37,3.92,AI is off,AI is off,AI is off,AI is off,Not paired,AI is off,0,0,0
1176000,19.8,0,5,0.63,0.21,0,0,8,1,0,13,False,True,0,0,56,45,34,3.92,AI is off,AI is off,AI is off,AI is off,Not paired,AI is off,0,0,0
1178000,19.8,0,5,0.62,0.21,0,0,8,1,0,13,False,True,0,0,58,47,36,3.92,AI is off,AI is off,AI is off,AI is off,Not paired,AI is off,0,0,0
1180000,19.8,0,5,0.62,0.21,0,0,8,1,0,13,False,True,0,0,55,45,35,3.92,AI is off,AI is off,AI is off,AI is off,Not paired,AI is off,0,0,0
1182000,19.7,0,5,0.62,0.21,0,0,8,1,0,13,False,True,0,0,57,45,36,3.92,AI is off,AI is off,AI is off,AI is off,Not paired,AI is off,0,0,0
1184000,19.8,0,5,0.62,0.21,0,0,8,1,0,13,False,True,0,0,56,45,36,3.92,AI is off,AI is off,AI is off,AI is off,Not paired,AI is off,0,0,0
1186000,19.8,0,5,0.62,0.21,0,0,8,1,0,13,False,True,0,0,56,46,36,3.92,AI is off,AI is off,AI is off,AI is off,Not paired,AI is off,0,0,0
1188000,19.8,0,5,0.62,0.21,0,0,8,1,0,13,False,True,0,0,57,46,35,3.91,AI is off,AI is off,AI is off,AI is off,Not paired,AI is off,0,0,0
1190000,19.9,0,5,0.62,0.21,0,0,8,1,0,13,False,True,0,0,57,45,36,3.91,AI is off,AI is off,AI is off,AI is off,Not paired,AI is off,0,0,0
1192000,19.8,0,5,0.62,0.21,0,0,8,1,0,13,False,True,0,0,57,45,36,3.91,AI is off,AI is off,AI is off,AI is off,Not paired,AI is off,0,0,0
1194000,19.7,0,5,0.62,0.21,0,0,8,1,0,13,False,True,0,0,56,45,36,3.91,AI is off,AI is off,AI is off,AI is off,Not paired,AI is off,0,0,0
1196000,19.6,0,5,0.62,0.21,0,0,8,1,0,13,False,True,0,0,56,45,35,3.91,AI is off,AI is off,AI is off,AI is off,Not paired,AI is off,0,0,0
1198000,19.8,0,5,0.62,0.21,0,0,8,1,0,13,False,True,0,0,56,45,35,3.91,AI is off,AI is off,AI is off,AI is off,Not paired,AI is off,0,0,0
1200000,19.7,0,5,0.62,0.21,0,0,8,1,0,13,False,True,0,0,56,44,34,3.91,AI is off,AI is off,AI is off,AI is off,Not paired,AI is off,0,0,0
1202000,19.6,0,5,0.62,0.21,0,0,8,1,0,13,False,True,0,0,56,44,35,3.91,AI is off,AI is off,AI is off,AI is off,Not paired,AI is off,0,0,0
1204000,19.4,0,5,0.62,0.21,0,0,8,1,0,13,False,True,0,0,56,46,37,3.91,AI is off,AI is off,AI is off,AI is off,Not paired,AI is off,0,0,0
1206000,19.7,0,5,0.62,0.21,0,0,8,1,0,13,False,True,0,0,57,46,36,3.91,AI is off,AI is off,AI is off,AI is off,Not paired,AI is off,0,0,0
1208000,19.7,0,5,0.62,0.21,0,0,8,1,0,13,False,True,0,0,56,45,35,3.91,AI is off,AI is off,AI is off,AI is off,Not paired,AI is off,0,0,0
1210000,19.8,0,5,0.62,0.21,0,0,8,1,0,13,False,True,0,0,57,46,37,3.91,AI is off,AI is off,AI is off,AI is off,Not paired,AI is off,0,0,0
1212000,20,0,5,0.63,0.21,0,0,8,1,0,13,False,True,0,0,57,45,35,3.92,AI is off,AI is off,AI is off,AI is off,Not paired,AI is off,0,0,0
1214000,20,0,5,0.63,0.21,0,0,7,1,0,13,False,True,0,0,56,45,36,3.92,AI is off,AI is off,AI is off,AI is off,Not paired,AI is off,0,0,0
1216000,20,0,5,0.63,0.21,0,0,7,1,0,13,False,True,0,0,56,45,35,3.92,AI is off,AI is off,AI is off,AI is off,Not paired,AI is off,0,0,0
1218000,20,0,5,0.63,0.21,0,0,7,1,0,13,False,True,0,0,56,45,36,3.91,AI is off,AI is off,AI is off,AI is off,Not paired,AI is off,0,0,0
1220000,20.2,0,5,0.63,0.21,0,0,7,1,0,13,False,True,0,0,57,45,35,3.91,AI is off,AI is off,AI is off,AI is off,Not paired,AI is off,0,0,0
1222000,20.2,0,5,0.63,0.21,0,0,7,1,0,13,False,True,0,0,57,45,36,3.91,AI is off,AI is off,AI is off,AI is off,Not paired,AI is off,0,0,0
1224000,20.2,0,5,0.63,0.21,0,0,7,1,0,13,False,True,0,0,56,45,35,3.91,AI is off,AI is off,AI is off,AI is off,Not paired,AI is off,0,0,0
1226000,20.1,0,5,0.63,0.21,0,0,7,1,0,13,False,True,0,0,56,45,35,3.91,AI is off,AI is off,AI is off,AI is off,Not paired,AI is off,0,0,0
1228000,20,0,5,0.63,0.21,0,0,7,1,0,13,False,True,0,0,56,45,35,3.91,AI is off,AI is off,AI is off,AI is off,Not paired,AI is off,0,0,0
1230000,20,0,5,0.63,0.21,0,0,7,1,0,13,False,True,0,0,55,45,36,3.91,AI is off,AI is off,AI is off,AI is off,Not paired,AI is off,0,0,0
1232000,19.9,0,5,0.63,0.21,0,0,7,1,0,13,False,True,0,0,57,45,35,3.91,AI is off,AI is off,AI is off,AI is off,Not paired,AI is off,0,0,0
1234000,19.8,0,5,0.62,0.21,0,0,7,1,0,13,False,True,0,0,55,45,35,3.91,AI is off,AI is off,AI is off,AI is off,Not paired,AI is off,0,0,0
1236000,19.9,0,5,0.63,0.21,0,0,7,1,0,13,False,True,0,0,56,45,37,3.91,AI is off,AI is off,AI is off,AI is off,Not paired,AI is off,0,0,0
1238000,20.1,0,5,0.63,0.21,0,0,7,1,0,13,False,True,0,0,56,45,36,3.91,AI is off,AI is off,AI is off,AI is off,Not paired,AI is off,0,0,0
1240000,20.1,0,5,0.63,0.21,0,0,7,1,0,13,False,True,0,0,56,45,35,3.91,AI is off,AI is off,AI is off,AI is off,Not paired,AI is off,0,0,0
1242000,20,0,5,0.63,0.21,0,0,7,1,0,13,False,True,0,0,55,44,35,3.91,AI is off,AI is off,AI is off,AI is off,Not paired,AI is off,0,0,0
1244000,19.9,0,5,0.63,0.21,0,0,7,1,0,13,False,True,0,0,57,46,36,3.91,AI is off,AI is off,AI is off,AI is off,Not paired,AI is off,0,0,0
1246000,20,0,5,0.63,0.21,0,0,6,1,0,13,False,True,0,0,57,46,36,3.91,AI is off,AI is off,AI is off,AI is off,Not paired,AI is off,0,0,0
1248000,19.9,0,5,0.63,0.21,0,0,6,1,0,13,False,True,0,0,55,44,35,3.91,AI is off,AI is off,AI is off,AI is off,Not paired,AI is off,0,0,0
1250000,19.9,0,5,0.62,0.21,0,0,6,1,0,13,False,True,0,0,55,45,34,3.91,AI is off,AI is off,AI is off,AI is off,Not paired,AI is off,0,0,0
1252000,20,0,5,0.63,0.21,0,0,6,1,0,13,False,True,0,0,56,45,35,3.91,AI is off,AI is off,AI is off,AI is off,Not paired,AI is off,0,0,0
1254000,20,0,5,0.63,0.21,0,0,6,1,0,13,False,True,0,0,57,45,36,3.91,AI is off,AI is off,AI is off,AI is off,Not paired,AI is off,0,0,0
1256000,19.9,0,5,0.62,0.21,0,0,6,1,0,13,False,True,0,0,56,45,36,3.91,AI is off,AI is off,AI is off,AI is off,Not paired,AI is off,0,0,0
1258000,20.2,0,5,0.63,0.21,0,0,6,1,0,13,False,True,0,0,57,46,36,3.91,AI is off,AI is off,AI is off,AI is off,Not paired,AI is off,0,0,0
1260000,20.2,0,5,0.63,0.21,0,0,6,1,0,13,False,True,0,0,57,45,36,3.91,AI is off,AI is off,AI is off,AI is off,Not paired,AI is off,0,0,0
1262000,20.4,0,5,0.64,0.21,0,0,6,1,0,13,False,True,0,0,56,44,34,3.91,AI is off,AI is off,AI is off,AI is off,Not paired,AI is off,0,0,0
1264000,20.4,0,5,0.64,0.21,0,0,5,1,0,13,False,True,0,0,55,45,36,3.91,AI is off,AI is off,AI is off,AI is off,Not paired,AI is off,0,0,0
1266000,20.2,0,5,0.63,0.21,0,0,5,1,0,13,False,True,0,0,56,45,36,3.91,AI is off,AI is off,AI is off,AI is off,Not paired,AI is off,0,0,0
1268000,20.4,0,5,0.63,0.21,0,0,5,1,0,13,False,True,0,0,56,45,36,3.91,AI is off,AI is off,AI is off,AI is off,Not paired,AI is off,0,0,0
1270000,20.4,0,5,0.64,0.21,0,0,5,1,0,13,False,True,0,0,55,44,35,3.91,AI is off,AI is off,AI is off,AI is off,Not paired,AI is off,0,0,0
1272000,20.3,0,5,0.64,0.21,0,0,5,1,0,13,False,True,0,0,56,45,35,3.91,AI is off,AI is off,AI is off,AI is off,Not paired,AI is off,0,0,0
1274000,20.2,0,5,0.63,0.21,0,0,5,1,0,13,False,True,0,0,56,45,35,3.91,AI is off,AI is off,AI is off,AI is off,Not paired,AI is off,0,0,0
1276000,20,0,5,0.63,0.21,0,0,5,1,0,13,False,True,0,0,56,45,35,3.91,AI is off,AI is off,AI is off,AI is off,Not paired,AI is off,0,0,0
1278000,19.9,0,5,0.63,0.21,0,0,6,1,0,13,False,True,0,0,57,45,36,3.91,AI is off,AI is off,AI is off,AI is off,Not paired,AI is off,0,0,0
1280000,19.9,0,5,0.63,0.21,0,0,6,1,0,13,False,True,0,0,57,45,37,3.91,AI is off,AI is off,AI is off,AI is off,Not paired,AI is off,0,0,0
1282000,19.4,0,5,0.62,0.21,0,0,6,1,0,13,False,True,0,0,57,46,37,3.91,AI is off,AI is off,AI is off,AI is off,Not paired,AI is off,0,0,0
1284000,19.2,0,5,0.61,0.21,0,0,8,1,0,13,False,True,0,0,55,45,35,3.91,AI is off,AI is off,AI is off,AI is off,Not paired,AI is off,0,0,0
1286000,19,0,5,0.61,0.21,0,0,8,1,0,13,False,True,0,0,57,46,37,3.91,AI is off,AI is off,AI is off,AI is off,Not paired,AI is off,0,0,0
1288000,19,0,5,0.6,0.21,0,0,8,1,0,13,False,True,0,0,57,46,37,3.91,AI is off,AI is off,AI is off,AI is off,Not paired,AI is off,0,0,0
1290000,19.1,0,5,0.61,0.21,0,0,8,1,0,13,False,True,0,0,57,46,37,3.91,AI is off,AI is off,AI is off,AI is off,Not paired,AI is off,0,0,0
1292000,19.2,0,5,0.61,0.21,0,0,8,1,0,13,False,True,0,0,56,45,35,3.91,AI is off,AI is off,AI is off,AI is off,Not paired,AI is off,0,0,0
1294000,19.3,0,5,0.61,0.21,0,0,8,1,0,13,False,True,0,0,56,45,36,3.91,AI is off,AI is off,AI is off,AI is off,Not paired,AI is off,0,0,0
1296000,19.4,0,5,0.61,0.21,0,0,7,1,0,13,False,True,0,0,56,45,35,3.91,AI is off,AI is off,AI is off,AI is off,Not paired,AI is off,0,0,0
1298000,19.3,0,5,0.61,0.21,0,0,7,1,0,13,False,True,0,0,56,45,36,3.91,AI is off,AI is off,AI is off,AI is off,Not paired,AI is off,0,0,0
1300000,19.2,0,5,0.61,0.21,0,0,7,1,0,13,False,True,0,0,55,44,34,3.91,AI is off,AI is off,AI is off,AI is off,Not paired,AI is off,0,0,0
1302000,19.3,0,5,0.61,0.21,0,0,7,1,0,13,False,True,0,0,56,45,36,3.91,AI is off,AI is off,AI is off,AI is off,Not paired,AI is off,0,0,0
1304000,19.3,0,5,0.61,0.21,0,0,7,1,0,13,False,True,0,0,55,44,34,3.91,AI is off,AI is off,AI is off,AI is off,Not paired,AI is off,0,0,0
1306000,19.3,0,5,0.61,0.21,0,0,7,1,0,13,False,True,0,0,56,45,36,3.91,AI is off,AI is off,AI is off,AI is off,Not paired,AI is off,0,0,0
1308000,19.2,0,5,0.61,0.21,0,0,7,1,0,13,False,True,0,0,57,46,37,3.91,AI is off,AI is off,AI is off,AI is off,Not paired,AI is off,0,0,0
1310000,19.1,0,5,0.61,0.21,0,0,7,1,0,13,False,True,0,0,57,46,37,3.91,AI is off,AI is off,AI is off,AI is off,Not paired,AI is off,0,0,0
1312000,19,0,5,0.61,0.21,0,0,8,1,0,13,False,True,0,0,56,45,35,3.91,AI is off,AI is off,AI is off,AI is off,Not paired,AI is off,0,0,0
1314000,18.8,0,5,0.6,0.21,0,0,8,1,0,13,False,True,0,0,56,45,35,3.91,AI is off,AI is off,AI is off,AI is off,Not paired,AI is off,0,0,0
1316000,18.7,0,5,0.6,0.21,0,0,8,1,0,13,False,True,0,0,56,45,35,3.91,AI is off,AI is off,AI is off,AI is off,Not paired,AI is off,0,0,0
1318000,18.5,0,5,0.6,0.21,0,0,8,1,0,13,False,True,0,0,56,44,35,3.91,AI is off,AI is off,AI is off,AI is off,Not paired,AI is off,0,0,0
1320000,18.4,0,5,0.59,0.21,0,0,8,1,0,13,False,True,0,0,55,44,34,3.91,AI is off,AI is off,AI is off,AI is off,Not paired,AI is off,0,0,0
1322000,18.5,0,5,0.59,0.21,0,0,8,1,0,13,False,True,0,0,56,45,36,3.91,AI is off,AI is off,AI is off,AI is off,Not paired,AI is off,0,0,0
1324000,18.3,0,5,0.59,0.21,0,0,8,1,0,13,False,True,0,0,57,46,35,3.91,AI is off,AI is off,AI is off,AI is off,Not paired,AI is off,0,0,0
1326000,18.3,0,5,0.59,0.21,0,0,8,1,0,13,False,True,0,0,55,45,36,3.91,AI is off,AI is off,AI is off,AI is off,Not paired,AI is off,0,0,0
1328000,18.5,0,5,0.59,0.21,0,0,8,1,0,13,False,True,0,0,57,46,35,3.91,AI is off,AI is off,AI is off,AI is off,Not paired,AI is off,0,0,0
1330000,18.5,0,5,0.6,0.21,0,0,8,1,0,13,False,True,0,0,56,46,36,3.91,AI is off,AI is off,AI is off,AI is off,Not paired,AI is off,0,0,0
1332000,18.5,0,5,0.6,0.21,0,0,8,1,0,14,False,True,0,0,58,46,36,3.91,AI is off,AI is off,AI is off,AI is off,Not paired,AI is off,0,0,0
1334000,18.7,0,5,0.6,0.21,0,0,8,1,0,14,False,True,0,0,57,45,36,3.91,AI is off,AI is off,AI is off,AI is off,Not paired,AI is off,0,0,0
1336000,18.8,0,5,0.6,0.21,0,0,8,1,0,14,False,True,0,0,55,44,35,3.91,AI is off,AI is off,AI is off,AI is off,Not paired,AI is off,0,0,0
1338000,18.9,0,5,0.61,0.21,0,0,8,1,0,14,False,True,0,0,57,45,35,3.91,AI is off,AI is off,AI is off,AI is off,Not paired,AI is off,0,0,0
1340000,19,0,5,0.61,0.21,0,0,8,1,0,14,False,True,0,0,56,45,36,3.91,AI is off,AI is off,AI is off,AI is off,Not paired,AI is off,0,0,0
1342000,19,0,5,0.61,0.21,0,0,8,1,0,14,False,True,0,0,56,45,35,3.91,AI is off,AI is off,AI is off,AI is off,Not paired,AI is off,0,0,0
1344000,19.1,0,5,0.61,0.21,0,0,7,1,0,14,False,True,0,0,56,45,36,3.91,AI is off,AI is off,AI is off,AI is off,Not paired,AI is off,0,0,0
1346000,18.9,0,5,0.61,0.21,0,0,7,1,0,14,False,True,0,0,55,44,34,3.91,AI is off,AI is off,AI is off,AI is off,Not paired,AI is off,0,0,0
1348000,18.8,0,5,0.6,0.21,0,0,7,1,0,14,False,True,0,0,56,45,35,3.91,AI is off,AI is off,AI is off,AI is off,Not paired,AI is off,0,0,0
1350000,18.8,0,5,0.6,0.21,0,0,7,1,0,14,False,True,0,0,57,45,36,3.91,AI is off,AI is off,AI is off,AI is off,Not paired,AI is off,0,0,0
1352000,18.6,0,5,0.6,0.21,0,0,7,1,0,14,False,True,0,0,56,45,35,3.91,AI is off,AI is off,AI is off,AI is off,Not paired,AI is off,0,0,0
1354000,18.6,0,5,0.6,0.21,0,0,7,1,0,14,False,True,0,0,55,45,35,3.91,AI is off,AI is off,AI is off,AI is off,Not paired,AI is off,0,0,0
1356000,18.5,0,5,0.6,0.21,0,0,7,1,0,14,False,True,0,0,56,44,34,3.91,AI is off,AI is off,AI is off,AI is off,Not paired,AI is off,0,0,0
1358000,18.3,0,5,0.59,0.21,0,0,7,1,0,14,False,True,0,0,56,45,36,3.91,AI is off,AI is off,AI is off,AI is off,Not paired,AI is off,0,0,0
1360000,18.1,0,5,0.59,0.21,0,0,8,1,0,14,False,True,0,0,56,45,35,3.91,AI is off,AI is off,AI is off,AI is off,Not paired,AI is off,0,0,0
1362000,18.1,0,5,0.59,0.21,0,0,8,1,0,14,False,True,0,0,56,45,35,3.91,AI is off,AI is off,AI is off,AI is off,Not paired,AI is off,0,0,0
1364000,18,0,5,0.59,0.21,0,0,8,1,0,14,False,True,0,0,57,45,35,3.91,AI is off,AI is off,AI is off,AI is off,Not paired,AI is off,0,0,0
1366000,18.1,0,5,0.59,0.21,0,0,8,1,0,14,False,True,0,0,56,45,36,3.91,AI is off,AI is off,AI is off,AI is off,Not paired,AI is off,0,0,0
1368000,18.2,0,5,0.59,0.21,0,0,8,1,0,14,False,True,0,0,56,44,35,3.91,AI is off,AI is off,AI is off,AI is off,Not paired,AI is off,0,0,0
1370000,18.2,0,5,0.59,0.21,0,0,8,1,0,14,False,True,0,0,56,45,36,3.91,AI is off,AI is off,AI is off,AI is off,Not paired,AI is off,0,0,0
1372000,18.3,0,5,0.59,0.21,0,0,8,1,0,14,False,True,0,0,57,44,36,3.91,AI is off,AI is off,AI is off,AI is off,Not paired,AI is off,0,0,0
1374000,18.2,0,5,0.59,0.21,0,0,8,1,0,14,False,True,0,0,56,44,35,3.91,AI is off,AI is off,AI is off,AI is off,Not paired,AI is off,0,0,0
1376000,18.1,0,5,0.59,0.21,0,0,8,1,0,14,False,True,0,0,56,45,36,3.91,AI is off,AI is off,AI is off,AI is off,Not paired,AI is off,0,0,0
1378000,18.2,0,5,0.59,0.21,0,0,8,1,0,14,False,True,0,0,56,45,35,3.91,AI is off,AI is off,AI is off,AI is off,Not paired,AI is off,0,0,0
1380000,18.1,0,5,0.59,0.21,0,0,8,1,0,14,False,True,0,0,57,45,36,3.91,AI is off,AI is off,AI is off,AI is off,Not paired,AI is off,0,0,0
1382000,18.2,0,5,0.59,0.21,0,0,8,1,0,14,False,True,0,0,56,45,36,3.91,AI is off,AI is off,AI is off,AI is off,Not paired,AI is off,0,0,0
1384000,18,0,5,0.59,0.21,0,0,8,1,0,14,False,True,0,0,57,46,35,3.91,AI is off,AI is off,AI is off,AI is off,Not paired,AI is off,0,0,0
1386000,17.8,0,5,0.58,0.21,0,0,8,1,0,14,False,True,0,0,57,46,36,3.91,AI is off,AI is off,AI is off,AI is off,Not paired,AI is off,0,0,0
1388000,17.6,0,5,0.58,0.21,0,0,8,1,0,14,False,True,0,0,57,45,35,3.91,AI is off,AI is off,AI is off,AI is off,Not paired,AI is off,0,0,0
1390000,17.5,0,5,0.58,0.21,0,0,8,1,0,14,False,True,0,0,56,46,36,3.91,AI is off,AI is off,AI is off,AI is off,Not paired,AI is off,0,0,0
1392000,17.2,0,5,0.57,0.21,0,0,8,1,0,14,False,True,0,0,57,45,36,3.91,AI is off,AI is off,AI is off,AI is off,Not paired,AI is off,0,0,0
1394000,17,0,5,0.57,0.21,0,0,10,1,0,14,False,True,0,0,57,45,37,3.91,AI is off,AI is off,AI is off,AI is off,Not paired,AI is off,0,0,0
1396000,16.8,0,5,0.56,0.21,0,0,10,1,0,14,False,True,0,0,57,45,35,3.91,AI is off,AI is off,AI is off,AI is off,Not paired,AI is off,0,0,0
1398000,16.6,0,5,0.56,0.21,0,0,10,1,0,14,False,True,0,0,56,45,35,3.91,AI is off,AI is off,AI is off,AI is off,Not paired,AI is off,0,0,0
1400000,16.5,0,5,0.55,0.21,0,0,13,1,0,14,False,True,0,0,57,45,36,3.91,AI is off,AI is off,AI is off,AI is off,Not paired,AI is off,0,0,0
1402000,16.2,0,5,0.55,0.21,0,0,13,1,0,14,False,True,0,0,56,45,35,3.91,AI is off,AI is off,AI is off,AI is off,Not paired,AI is off,0,0,0
1404000,15.8,0,5,0.54,0.21,0,0,13,1,0,14,False,True,0,0,58,46,36,3.91,AI is off,AI is off,AI is off,AI is off,Not paired,AI is off,0,0,0
1406000,15.7,0,5,0.54,0.21,0,0,13,1,0,14,False,True,0,0,57,45,36,3.91,AI is off,AI is off,AI is off,AI is off,Not paired,AI is off,0,0,0
1408000,15.4,0,5,0.53,0.21,0,0,13,1,0,14,False,True,0,0,56,45,35,3.91,AI is off,AI is off,AI is off,AI is off,Not paired,AI is off,0,0,0
1410000,15.2,0,5,0.53,0.21,0,0,19,1,0,15,False,True,0,0,56,44,34,3.91,AI is off,AI is off,AI is off,AI is off,Not paired,AI is off,0,0,0
1412000,15.2,0,5,0.53,0.21,0,0,19,1,0,15,False,True,0,0,57,45,36,3.91,AI is off,AI is off,AI is off,AI is off,Not paired,AI is off,0,0,0
1414000,15.2,0,5,0.53,0.21,0,0,19,1,0,15,False,True,0,0,57,45,36,3.91,AI is off,AI is off,AI is off,AI is off,Not paired,AI is off,0,0,0
1416000,15.4,0,5,0.53,0.21,0,0,20,1,0,15,False,True,0,0,57,45,35,3.91,AI is off,AI is off,AI is off,AI is off,Not paired,AI is off,0,0,0
1418000,15.3,0,5,0.53,0.21,0,0,20,1,0,15,False,True,0,0,56,45,35,3.91,AI is off,AI is off,AI is off,AI is off,Not paired,AI is off,0,0,0
1420000,15.2,0,5,0.53,0.21,0,0,20,1,0,15,False,True,0,0,55,44,34,3.91,AI is off,AI is off,AI is off,AI is off,Not paired,AI is off,0,0,0
1422000,15.1,0,5,0.52,0.21,0,0,20,1,0,15,False,True,0,0,57,46,37,3.91,AI is off,AI is off,AI is off,AI is off,Not paired,AI is off,0,0,0
1424000,15.1,0,5,0.52,0.21,0,0,20,1,0,15,False,True,0,0,56,45,35,3.91,AI is off,AI is off,AI is off,AI is off,Not paired,AI is off,0,0,0
1426000,15.1,0,5,0.52,0.21,0,0,20,1,0,15,False,True,0,0,57,45,35,3.91,AI is off,AI is off,AI is off,AI is off,Not paired,AI is off,0,0,0
1428000,14.9,0,5,0.52,0.21,0,0,20,1,0,15,False,True,0,0,56,44,35,3.91,AI is off,AI is off,AI is off,AI is off,Not paired,AI is off,0,0,0
1430000,14.6,0,5,0.52,0.21,0,0,20,1,0,15,False,True,0,0,57,45,36,3.91,AI is off,AI is off,AI is off,AI is off,Not paired,AI is off,0,0,0
1432000,14.4,0,5,0.51,0.21,0,0,24,1,0,15,False,True,0,0,56,44,33,3.91,AI is off,AI is off,AI is off,AI is off,Not paired,AI is off,0,0,0
1434000,14.1,0,5,0.5,0.21,0,0,24,1,0,15,False,True,0,0,56,44,34,3.91,AI is off,AI is off,AI is off,AI is off,Not paired,AI is off,0,0,0
1436000,13.9,0,5,0.5,0.21,0,0,24,1,0,15,False,True,0,0,57,45,36,3.91,AI is off,AI is off,AI is off,AI is off,Not paired,AI is off,0,0,0
1438000,14,0,5,0.5,0.21,0,0,24,1,0,15,False,True,0,0,57,45,35,3.91,AI is off,AI is off,AI is off,AI is off,Not paired,AI is off,0,0,0
1440000,14.1,0,5,0.5,0.21,0,0,24,1,0,15,False,True,0,0,55,44,34,3.91,AI is off,AI is off,AI is off,AI is off,Not paired,AI is off,0,0,0
1442000,14,0,5,0.5,0.21,0,0,24,1,0,15,False,True,0,0,56,44,34,3.91,AI is off,AI is off,AI is off,AI is off,Not paired,AI is off,0,0,0
1444000,13.7,0,5,0.5,0.21,0,0,27,1,0,15,False,True,0,0,56,44,34,3.91,AI is off,AI is off,AI is off,AI is off,Not paired,AI is off,0,0,0
1446000,13.5,0,5,0.49,0.21,0,0,27,1,0,15,False,True,0,0,56,44,35,3.91,AI is off,AI is off,AI is off,AI is off,Not paired,AI is off,0,0,0
1448000,13.5,0,5,0.49,0.21,0,0,31,1,0,15,False,True,0,0,56,44,34,3.91,AI is off,AI is off,AI is off,AI is off,Not paired,AI is off,0,0,0
1450000,13.5,0,5,0.49,0.21,0,0,31,1,0,15,False,True,0,0,56,45,35,3.91,AI is off,AI is off,AI is off,AI is off,Not paired,AI is off,0,0,0
1452000,13.2,0,5,0.49,0.21,0,0,31,1,0,15,False,True,0,0,56,44,34,3.91,AI is off,AI is off,AI is off,AI is off,Not paired,AI is off,0,0,0
1454000,13,0,5,0.48,0.21,0,0,31,1,0,15,False,True,0,0,56,44,34,3.91,AI is off,AI is off,AI is off,AI is off,Not paired,AI is off,0,0,0
1456000,12.9,0,5,0.48,0.21,0,0,31,1,0,15,False,True,0,0,55,43,33,3.91,AI is off,AI is off,AI is off,AI is off,Not paired,AI is off,0,0,0
1458000,12.6,0,5,0.47,0.21,0,0,31,1,0,16,False,True,0,0,56,44,34,3.91,AI is off,AI is off,AI is off,AI is off,Not paired,AI is off,0,0,0
1460000,12.4,0,5,0.47,0.21,0,0,41,1,0,16,False,True,0,0,56,43,33,3.91,AI is off,AI is off,AI is off,AI is off,Not paired,AI is off,0,0,0
1462000,12.1,0,5,0.46,0.21,0,0,41,1,0,16,False,True,0,0,55,44,33,3.91,AI is off,AI is off,AI is off,AI is off,Not paired,AI is off,0,0,0
1464000,12,0,5,0.46,0.21,0,0,41,1,0,16,False,True,0,0,56,45,35,3.91,AI is off,AI is off,AI is off,AI is off,Not paired,AI is off,0,0,0
1466000,11.8,0,5,0.46,0.21,0,0,52,1,0,16,False,True,0,0,55,42,33,3.91,AI is off,AI is off,AI is off,AI is off,Not paired,AI is off,0,0,0
1468000,11.5,0,5,0.45,0.21,0,0,52,1,0,16,False,True,0,0,55,43,33,3.91,AI is off,AI is off,AI is off,AI is off,Not paired,AI is off,0,0,0
1470000,11.4,0,5,0.45,0.21,0,0,52,1,0,16,False,True,0,0,56,44,33,3.91,AI is off,AI is off,AI is off,AI is off,Not paired,AI is off,0,0,0
1472000,11.2,0,5,0.44,0.21,0,0,52,1,0,16,False,True,0,0,57,45,36,3.91,AI is off,AI is off,AI is off,AI is off,Not paired,AI is off,0,0,0
1474000,11,0,5,0.44,0.21,0,0,52,1,0,16,False,True,0,0,55,45,35,3.91,AI is off,AI is off,AI is off,AI is off,Not paired,AI is off,0,0,0
1476000,10.7,0,5,0.43,0.21,0,0,89,1,0,16,False,True,0,0,53,39,30,3.91,AI is off,AI is off,AI is off,AI is off,Not paired,AI is off,0,0,0
1478000,10.6,0,5,0.43,0.21,0,0,89,1,0,16,False,True,0,0,56,45,36,3.91,AI is off,AI is off,AI is off,AI is off,Not paired,AI is off,0,0,0
1480000,10.6,0,5,0.43,0.21,0,0,89,1,0,16,False,True,0,0,57,45,35,3.91,AI is off,AI is off,AI is off,AI is off,Not paired,AI is off,0,0,0
1482000,10.7,0,5,0.43,0.21,0,0,96,1,0,16,False,True,0,0,56,44,35,3.91,AI is off,AI is off,AI is off,AI is off,Not paired,AI is off,0,0,0
1484000,10.6,0,5,0.43,0.21,0,0,96,1,0,16,False,True,0,0,56,45,34,3.91,AI is off,AI is off,AI is off,AI is off,Not paired,AI is off,0,0,0
1486000,10.4,0,5,0.43,0.21,0,0,96,1,0,16,False,True,0,0,55,43,33,3.91,AI is off,AI is off,AI is off,AI is off,Not paired,AI is off,0,0,0
1488000,10.1,0,5,0.42,0.21,0,0,96,1,0,16,False,True,0,0,55,44,33,3.91,AI is off,AI is off,AI is off,AI is off,Not paired,AI is off,0,0,0
1490000,10,0,5,0.42,0.21,0,0,96,1,0,16,False,True,0,0,56,45,36,3.91,AI is off,AI is off,AI is off,AI is off,Not paired,AI is off,0,0,0
1492000,10,0,4,0.42,0.21,0,0,99,1,0,17,False,True,0,0,55,42,33,3.91,AI is off,AI is off,AI is off,AI is off,Not paired,AI is off,0,0,0
1494000,10.2,0,4,0.42,0.21,0,0,99,1,0,17,False,True,0,0,56,45,35,3.91,AI is off,AI is off,AI is off,AI is off,Not paired,AI is off,0,0,0
1496000,10.2,0,4,0.42,0.21,0,0,99,1,0,17,False,True,0,0,57,46,36,3.91,AI is off,AI is off,AI is off,AI is off,Not paired,AI is off,0,0,0
1498000,10.2,0,4,0.42,0.21,0,0,99,1,0,17,False,True,0,0,53,40,29,3.91,AI is off,AI is off,AI is off,AI is off,Not paired,AI is off,0,0,0
1500000,10.5,0,4,0.43,0.21,0,0,99,1,0,17,False,True,0,0,56,43,32,3.91,AI is off,AI is off,AI is off,AI is off,Not paired,AI is off,0,0,0
1502000,10.4,0,4,0.43,0.21,0,0,99,1,0,17,False,True,0,0,56,45,35,3.91,AI is off,AI is off,AI is off,AI is off,Not paired,AI is off,0,0,0
1504000,10.2,0,4,0.42,0.21,0,0,99,1,0,17,False,True,0,0,55,41,32,3.91,AI is off,AI is off,AI is off,AI is off,Not paired,AI is off,0,0,0
1506000,10.2,0,4,0.42,0.21,0,0,99,1,0,17,False,True,0,0,55,42,32,3.91,AI is off,AI is off,AI is off,AI is off,Not paired,AI is off,0,0,0
1508000,10.2,0,4,0.42,0.21,0,0,99,1,0,17,False,True,0,0,56,45,35,3.91,AI is off,AI is off,AI is off,AI is off,Not paired,AI is off,0,0,0
1510000,10.3,0,4,0.42,0.21,0,0,99,1,0,17,False,True,0,0,55,44,33,3.91,AI is off,AI is off,AI is off,AI is off,Not paired,AI is off,0,0,0
1512000,10.4,0,4,0.42,0.21,0,0,99,1,0,17,False,True,0,0,56,44,34,3.91,AI is off,AI is off,AI is off,AI is off,Not paired,AI is off,0,0,0
1514000,10.5,0,4,0.43,0.21,0,0,99,1,0,17,False,True,0,0,55,40,32,3.91,AI is off,AI is off,AI is off,AI is off,Not paired,AI is off,0,0,0
1516000,10.6,0,4,0.43,0.21,0,0,99,1,0,17,False,True,0,0,54,39,31,3.91,AI is off,AI is off,AI is off,AI is off,Not paired,AI is off,0,0,0
1518000,10.5,0,4,0.43,0.21,0,0,99,1,0,17,False,True,0,0,53,40,30,3.91,AI is off,AI is off,AI is off,AI is off,Not paired,AI is off,0,0,0
1520000,10.4,0,4,0.43,0.21,0,0,99,1,0,17,False,True,0,0,53,40,30,3.91,AI is off,AI is off,AI is off,AI is off,Not paired,AI is off,0,0,0
1522000,10.4,0,4,0.43,0.21,0,0,99,1,0,18,False,True,0,0,54,40,31,3.91,AI is off,AI is off,AI is off,AI is off,Not paired,AI is off,0,0,0
1524000,10.2,0,4,0.42,0.21,0,0,99,1,0,18,False,True,0,0,53,39,29,3.91,AI is off,AI is off,AI is off,AI is off,Not paired,AI is off,0,0,0
1526000,10.1,0,4,0.42,0.21,0,0,99,1,0,18,False,True,0,0,54,41,32,3.91,AI is off,AI is off,AI is off,AI is off,Not paired,AI is off,0,0,0
1528000,10,0,4,0.42,0.21,0,0,99,1,0,18,False,True,0,0,56,45,34,3.91,AI is off,AI is off,AI is off,AI is off,Not paired,AI is off,0,0,0
1530000,10,0,4,0.42,0.21,0,0,99,1,0,18,False,True,0,0,56,44,35,3.91,AI is off,AI is off,AI is off,AI is off,Not paired,AI is off,0,0,0
1532000,9.900001,0,4,0.42,0.21,0,0,99,1,0,18,False,True,0,0,56,45,35,3.91,AI is off,AI is off,AI is off,AI is off,Not paired,AI is off,0,0,0
1534000,9.7,0,4,0.41,0.21,0,0,99,1,0,18,False,True,0,0,54,41,31,3.91,AI is off,AI is off,AI is off,AI is off,Not paired,AI is off,0,0,0
1536000,9.400001,0,4,0.41,0.21,0,0,99,1,0,18,False,True,0,0,56,45,34,3.91,AI is off,AI is off,AI is off,AI is off,Not paired,AI is off,0,0,0
1538000,8.900001,0,4,0.4,0.21,0,0,99,1,0,18,False,True,0,0,58,46,36,3.91,AI is off,AI is off,AI is off,AI is off,Not paired,AI is off,0,0,0
1540000,8.5,0,4,0.39,0.21,0,0,99,1,0,18,False,True,0,0,55,43,34,3.91,AI is off,AI is off,AI is off,AI is off,Not paired,AI is off,0,0,0
1542000,8.2,0,4,0.38,0.21,0,0,99,1,0,18,False,True,0,0,56,45,36,3.91,AI is off,AI is off,AI is off,AI is off,Not paired,AI is off,0,0,0
1544000,8,0,4,0.38,0.21,0,0,99,1,0,18,False,True,0,0,56,45,35,3.91,AI is off,AI is off,AI is off,AI is off,Not paired,AI is off,0,0,0
1546000,7.7,0,4,0.37,0.21,0,0,99,1,0,18,False,True,0,0,56,44,34,3.91,AI is off,AI is off,AI is off,AI is off,Not paired,AI is off,0,0,0
1548000,7.5,0,4,0.37,0.21,0,0,99,1,0,18,False,True,0,0,55,43,33,3.91,AI is off,AI is off,AI is off,AI is off,Not paired,AI is off,0,0,0
1550000,7.4,0,4,0.36,0.21,0,0,99,1,0,18,False,True,0,0,54,42,32,3.91,AI is off,AI is off,AI is off,AI is off,Not paired,AI is off,0,0,0
1552000,7.3,0,4,0.36,0.21,0,0,99,1,0,18,False,True,0,0,55,41,31,3.91,AI is off,AI is off,AI is off,AI is off,Not paired,AI is off,0,0,0
1554000,7.2,0,4,0.36,0.21,0,0,99,1,0,18,False,True,0,0,56,43,34,3.91,AI is off,AI is off,AI is off,AI is off,Not paired,AI is off,0,0,0
1556000,7.2,0,4,0.36,0.21,0,0,99,1,0,18,False,True,0,0,56,45,35,3.91,AI is off,AI is off,AI is off,AI is off,Not paired,AI is off,0,0,0
1558000,7.4,0,4,0.36,0.21,0,0,99,1,0,18,False,True,0,0,54,40,30,3.91,AI is off,AI is off,AI is off,AI is off,Not paired,AI is off,0,0,0
1560000,7.5,0,4,0.37,0.21,0,0,99,1,0,18,False,True,0,0,56,44,34,3.91,AI is off,AI is off,AI is off,AI is off,Not paired,AI is off,0,0,0
1562000,7.4,0,4,0.36,0.21,0,0,99,1,0,18,False,True,0,0,56,44,35,3.91,AI is off,AI is off,AI is off,AI is off,Not paired,AI is off,0,0,0
1564000,7.4,0,4,0.36,0.21,0,0,99,1,0,18,False,True,0,0,56,46,36,3.91,AI is off,AI is off,AI is off,AI is off,Not paired,AI is off,0,0,0
1566000,7.5,0,4,0.37,0.21,0,0,99,1,0,18,False,True,0,0,54,40,31,3.91,AI is off,AI is off,AI is off,AI is off,Not paired,AI is off,0,0,0
1568000,7.7,0,4,0.37,0.21,0,0,99,1,0,18,False,True,0,0,53,40,28,3.91,AI is off,AI is off,AI is off,AI is off,Not paired,AI is off,0,0,0
1570000,7.7,0,4,0.37,0.21,0,0,99,1,0,18,False,True,0,0,56,45,35,3.91,AI is off,AI is off,AI is off,AI is off,Not paired,AI is off,0,0,0
1572000,7.6,0,4,0.37,0.21,0,0,99,1,0,18,False,True,0,0,56,44,33,3.91,AI is off,AI is off,AI is off,AI is off,Not paired,AI is off,0,0,0
1574000,7.5,0,4,0.37,0.21,0,0,99,1,0,18,False,True,0,0,54,42,31,3.91,AI is off,AI is off,AI is off,AI is off,Not paired,AI is off,0,0,0
1576000,7.3,0,4,0.36,0.21,0,0,99,1,0,18,False,True,0,0,54,42,32,3.91,AI is off,AI is off,AI is off,AI is off,Not paired,AI is off,0,0,0
1578000,7.2,0,4,0.36,0.21,0,0,99,1,0,18,False,True,0,0,55,41,33,3.91,AI is off,AI is off,AI is off,AI is off,Not paired,AI is off,0,0,0
1580000,7.1,0,4,0.36,0.21,0,0,99,1,0,19,False,True,0,0,56,45,36,3.91,AI is off,AI is off,AI is off,AI is off,Not paired,AI is off,0,0,0
1582000,7.1,0,4,0.36,0.21,0,0,99,1,0,19,False,True,0,0,55,43,34,3.91,AI is off,AI is off,AI is off,AI is off,Not paired,AI is off,0,0,0
1584000,7,0,4,0.36,0.21,0,0,99,1,0,19,False,True,0,0,54,40,31,3.91,AI is off,AI is off,AI is off,AI is off,Not paired,AI is off,0,0,0
1586000,7,0,4,0.36,0.21,0,0,99,1,0,19,False,True,0,0,57,45,36,3.91,AI is off,AI is off,AI is off,AI is off,Not paired,AI is off,0,0,0
1588000,7,0,4,0.35,0.21,0,0,99,1,0,19,False,True,0,0,55,45,36,3.91,AI is off,AI is off,AI is off,AI is off,Not paired,AI is off,0,0,0
1590000,6.9,0,4,0.35,0.21,0,0,99,1,0,19,False,True,0,0,53,40,29,3.91,AI is off,AI is off,AI is off,AI is off,Not paired,AI is off,0,0,0
1592000,6.8,0,4,0.35,0.21,0,0,99,1,0,19,False,True,0,0,56,45,35,3.91,AI is off,AI is off,AI is off,AI is off,Not paired,AI is off,0,0,0
1594000,6.7,0,4,0.35,0.21,0,0,99,1,0,19,False,True,0,0,57,46,37,3.91,AI is off,AI is off,AI is off,AI is off,Not paired,AI is off,0,0,0
1596000,6.5,0,4,0.34,0.21,0,0,99,1,0,19,False,True,0,0,54,40,30,3.91,AI is off,AI is off,AI is off,AI is off,Not paired,AI is off,0,0,0
1598000,6.2,0,4,0.34,0.21,0,0,99,1,0,19,False,True,0,0,54,40,31,3.91,AI is off,AI is off,AI is off,AI is off,Not paired,AI is off,0,0,0
1600000,6,0,4,0.33,0.21,0,0,99,1,0,19,False,True,0,0,55,41,31,3.91,AI is off,AI is off,AI is off,AI is off,Not paired,AI is off,0,0,0
1602000,5.8,0,4,0.33,0.21,0,0,99,1,0,19,False,True,0,0,57,45,35,3.91,AI is off,AI is off,AI is off,AI is off,Not paired,AI is off,0,0,0
1604000,5.7,0,4,0.33,0.21,0,0,99,1,0,19,False,True,0,0,54,41,31,3.91,AI is off,AI is off,AI is off,AI is off,Not paired,AI is off,0,0,0
1606000,5.8,0,4,0.33,0.21,0,0,99,1,0,19,False,True,0,0,53,40,29,3.91,AI is off,AI is off,AI is off,AI is off,Not paired,AI is off,0,0,0
1608000,5.7,0,4,0.33,0.21,0,0,99,1,0,19,False,True,0,0,54,40,31,3.91,AI is off,AI is off,AI is off,AI is off,Not paired,AI is off,0,0,0
1610000,5.8,0,4,0.33,0.21,0,0,99,1,0,19,False,True,0,0,57,45,35,3.91,AI is off,AI is off,AI is off,AI is off,Not paired,AI is off,0,0,0
1612000,5.9,0,4,0.33,0.21,0,0,99,1,0,19,False,True,0,0,56,44,34,3.91,AI is off,AI is off,AI is off,AI is off,Not paired,AI is off,0,0,0
1614000,6.1,0,4,0.34,0.21,0,0,99,1,0,19,False,True,0,0,55,43,32,3.91,AI is off,AI is off,AI is off,AI is off,Not paired,AI is off,0,0,0
1616000,6.2,0,4,0.34,0.21,0,0,99,1,0,19,False,True,0,0,56,45,35,3.91,AI is off,AI is off,AI is off,AI is off,Not paired,AI is off,0,0,0
1618000,6.3,0,4,0.34,0.21,0,0,99,1,0,19,False,True,0,0,54,42,32,3.91,AI is off,AI is off,AI is off,AI is off,Not paired,AI is off,0,0,0
1620000,6.2,0,4,0.34,0.21,0,0,99,1,0,19,False,True,0,0,54,42,32,3.91,AI is off,AI is off,AI is off,AI is off,Not paired,AI is off,0,0,0
1622000,6.2,0,4,0.34,0.21,0,0,99,1,0,19,False,True,0,0,54,40,31,3.91,AI is off,AI is off,AI is off,AI is off,Not paired,AI is off,0,0,0
1624000,6.2,0,4,0.34,0.21,0,0,99,1,0,19,False,True,0,0,56,44,34,3.91,AI is off,AI is off,AI is off,AI is off,Not paired,AI is off,0,0,0
1626000,6,0,4,0.34,0.21,0,0,99,1,0,19,False,True,0,0,54,40,29,3.91,AI is off,AI is off,AI is off,AI is off,Not paired,AI is off,0,0,0
1628000,5.8,0,4,0.33,0.21,0,0,99,1,0,19,False,True,0,0,55,42,31,3.91,AI is off,AI is off,AI is off,AI is off,Not paired,AI is off,0,0,0
1630000,5.7,0,4,0.33,0.21,0,0,99,1,0,20,False,True,0,0,54,40,32,3.91,AI is off,AI is off,AI is off,AI is off,Not paired,AI is off,0,0,0
1632000,5.8,0,4,0.33,0.21,0,0,99,1,0,20,False,True,0,0,56,44,34,3.91,AI is off,AI is off,AI is off,AI is off,Not paired,AI is off,0,0,0
1634000,5.6,0,3,0.33,0.21,0,0,99,1,0,20,False,True,0,0,54,42,31,3.91,AI is off,AI is off,AI is off,AI is off,Not paired,AI is off,0,0,0
1636000,5.4,0,3,0.32,0.21,0,0,99,1,0,20,False,True,0,0,54,39,28,3.91,AI is off,AI is off,AI is off,AI is off,Not paired,AI is off,0,0,0
1638000,5.5,0,3,0.32,0.21,0,0,99,1,0,20,False,True,0,0,56,44,35,3.91,AI is off,AI is off,AI is off,AI is off,Not paired,AI is off,0,0,0
1640000,5.6,0,3,0.33,0.21,0,0,99,1,0,20,False,True,0,0,54,39,29,3.91,AI is off,AI is off,AI is off,AI is off,Not paired,AI is off,0,0,0
1642000,5.5,0,3,0.32,0.21,0,0,99,1,0,20,False,True,0,0,54,39,30,3.91,AI is off,AI is off,AI is off,AI is off,Not paired,AI is off,0,0,0
1644000,5.7,0,3,0.33,0.21,0,0,99,1,0,20,False,True,0,0,54,40,31,3.91,AI is off,AI is off,AI is off,AI is off,Not paired,AI is off,0,0,0
1646000,5.6,0,3,0.33,0.21,0,0,99,1,0,20,False,True,0,0,56,45,36,3.91,AI is off,AI is off,AI is off,AI is off,Not paired,AI is off,0,0,0
1648000,5.5,0,3,0.32,0.21,0,0,99,1,0,20,False,True,0,0,55,40,31,3.91,AI is off,AI is off,AI is off,AI is off,Not paired,AI is off,0,0,0
1650000,5.5,0,3,0.32,0.21,0,0,99,1,0,20,False,True,0,0,56,42,31,3.91,AI is off,AI is off,AI is off,AI is off,Not paired,AI is off,0,0,0
1652000,5.4,0,3,0.32,0.21,0,0,99,1,0,20,False,True,0,0,56,42,31,3.91,AI is off,AI is off,AI is off,AI is off,Not paired,AI is off,0,0,0
1654000,5.3,0,3,0.32,0.21,0,0,99,1,0,20,False,True,0,0,54,40,30,3.91,AI is off,AI is off,AI is off,AI is off,Not paired,AI is off,0,0,0
1656000,4.9,0,3,0.31,0.21,0,0,99,1,0,20,False,True,0,0,56,43,33,3.91,AI is off,AI is off,AI is off,AI is off,Not paired,AI is off,0,0,0
1658000,4.7,0,3,0.31,0.21,0,0,99,1,0,20,False,True,0,0,55,41,32,3.91,AI is off,AI is off,AI is off,AI is off,Not paired,AI is off,0,0,0
1660000,4.9,0,3,0.31,0.21,0,0,99,1,0,20,False,True,0,0,55,44,33,3.91,AI is off,AI is off,AI is off,AI is off,Not paired,AI is off,0,0,0
1662000,5,0,3,0.31,0.21,0,0,99,1,0,21,False,True,0,0,54,40,29,3.91,AI is off,AI is off,AI is off,AI is off,Not paired,AI is off,0,0,0
1664000,4.9,0,3,0.31,0.21,0,0,99,1,0,21,False,True,0,0,55,42,31,3.91,AI is off,AI is off,AI is off,AI is off,Not paired,AI is off,0,0,0
1666000,5,0,3,0.31,0.21,0,0,99,1,0,21,False,True,0,0,55,44,33,3.91,AI is off,AI is off,AI is off,AI is off,Not paired,AI is off,0,0,0
1668000,5,0,3,0.31,0.21,0,0,99,1,0,21,False,True,0,0,55,41,30,3.91,AI is off,AI is off,AI is off,AI is off,Not paired,AI is off,0,0,0
1670000,4.9,0,3,0.31,0.21,0,0,99,1,0,21,False,True,0,0,54,42,32,3.91,AI is off,AI is off,AI is off,AI is off,Not paired,AI is off,0,0,0
1672000,4.8,0,3,0.31,0.21,0,0,99,1,0,21,False,True,0,0,53,40,31,3.91,AI is off,AI is off,AI is off,AI is off,Not paired,AI is off,0,0,0
1674000,4.5,0,3,0.3,0.21,0,0,99,1,0,21,False,True,0,0,54,39,31,3.91,AI is off,AI is off,AI is off,AI is off,Not paired,AI is off,0,0,0
1676000,4.3,0,3,0.3,0.21,0,0,99,1,0,21,False,True,0,0,54,40,30,3.91,AI is off,AI is off,AI is off,AI is off,Not paired,AI is off,0,0,0
1678000,4.1,0,3,0.29,0.21,0,0,99,1,0,21,False,True,0,0,56,42,31,3.91,AI is off,AI is off,AI is off,AI is off,Not paired,AI is off,0,0,0
1680000,4.1,0,3,0.29,0.21,0,0,99,1,0,21,False,True,0,0,53,39,29,3.91,AI is off,AI is off,AI is off,AI is off,Not paired,AI is off,0,0,0
1682000,4.2,0,3,0.3,0.21,0,0,99,1,0,21,False,True,0,0,55,43,32,3.91,AI is off,AI is off,AI is off,AI is off,Not paired,AI is off,0,0,0
1684000,4.1,0,3,0.29,0.21,0,0,99,1,0,21,False,True,0,0,56,44,35,3.91,AI is off,AI is off,AI is off,AI is off,Not paired,AI is off,0,0,0
1686000,4.1,0,3,0.29,0.21,0,0,99,1,0,21,False,True,0,0,54,41,32,3.91,AI is off,AI is off,AI is off,AI is off,Not paired,AI is off,0,0,0
1688000,4.1,0,3,0.3,0.21,0,0,99,1,0,21,False,True,0,0,55,45,35,3.91,AI is off,AI is off,AI is off,AI is off,Not paired,AI is off,0,0,0
1690000,4.3,0,2,0.3,0.21,0,0,99,1,0,21,False,True,0,0,55,41,31,3.91,AI is off,AI is off,AI is off,AI is off,Not paired,AI is off,0,0,0
1692000,4.5,0,2,0.3,0.21,0,0,99,1,0,21,False,True,0,0,53,39,30,3.91,AI is off,AI is off,AI is off,AI is off,Not paired,AI is off,0,0,0
1694000,4.5,0,2,0.3,0.21,0,0,99,1,0,21,False,True,0,0,55,43,33,3.91,AI is off,AI is off,AI is off,AI is off,Not paired,AI is off,0,0,0
1696000,4.6,0,2,0.31,0.21,0,0,99,1,0,22,False,True,0,0,55,42,31,3.91,AI is off,AI is off,AI is off,AI is off,Not paired,AI is off,0,0,0
1698000,4.8,0,2,0.31,0.21,0,0,99,1,0,22,False,True,0,0,54,40,30,3.91,AI is off,AI is off,AI is off,AI is off,Not paired,AI is off,0,0,0
1700000,4.3,0,2,0.3,0.21,0,0,99,1,0,22,False,True,0,0,55,44,33,3.91,AI is off,AI is off,AI is off,AI is off,Not paired,AI is off,0,0,0
1702000,3.9,0,2,0.29,0.21,0,0,99,1,0,22,False,True,0,0,55,43,32,3.91,AI is off,AI is off,AI is off,AI is off,Not paired,AI is off,0,0,0
1704000,3.8,0,2,0.29,0.21,0,0,99,1,0,22,False,True,0,0,56,44,34,3.91,AI is off,AI is off,AI is off,AI is off,Not paired,AI is off,0,0,0
1706000,3.7,0,2,0.29,0.21,0,0,99,1,0,22,False,True,0,0,56,44,34,3.91,AI is off,AI is off,AI is off,AI is off,Not paired,AI is off,0,0,0
1708000,3.5,0,2,0.28,0.21,0,0,99,1,0,22,False,True,0,0,55,42,30,3.91,AI is off,AI is off,AI is off,AI is off,Not paired,AI is off,0,0,0
1710000,3.6,0,2,0.28,0.21,0,0,99,1,0,22,False,True,0,0,55,40,30,3.91,AI is off,AI is off,AI is off,AI is off,Not paired,AI is off,0,0,0
1712000,3.7,0,2,0.29,0.21,0,0,99,1,0,22,False,True,0,0,56,42,32,3.91,AI is off,AI is off,AI is off,AI is off,Not paired,AI is off,0,0,0
1714000,3.9,0,2,0.29,0.21,0,0,99,1,0,22,False,True,0,0,54,39,29,3.91,AI is off,AI is off,AI is off,AI is off,Not paired,AI is off,0,0,0
1716000,4.1,0,2,0.3,0.21,0,0,99,1,0,22,False,True,0,0,54,39,28,3.91,AI is off,AI is off,AI is off,AI is off,Not paired,AI is off,0,0,0
1718000,4.3,0,2,0.3,0.21,0,0,99,1,0,22,False,True,0,0,54,39,29,3.91,AI is off,AI is off,AI is off,AI is off,Not paired,AI is off,0,0,0
1720000,4.5,0,2,0.3,0.21,0,0,99,1,0,22,False,True,0,0,53,40,30,3.91,AI is off,AI is off,AI is off,AI is off,Not paired,AI is off,0,0,0
1722000,4.7,0,2,0.31,0.21,0,0,99,1,0,22,False,True,0,0,55,40,29,3.91,AI is off,AI is off,AI is off,AI is off,Not paired,AI is off,0,0,0
1724000,4.9,0,2,0.31,0.21,0,0,99,1,0,22,False,True,0,0,54,41,31,3.91,AI is off,AI is off,AI is off,AI is off,Not paired,AI is off,0,0,0
1726000,5.2,0,2,0.32,0.21,0,0,99,1,0,22,False,True,0,0,56,43,34,3.91,AI is off,AI is off,AI is off,AI is off,Not paired,AI is off,0,0,0
1728000,5.3,0,2,0.32,0.21,0,0,99,1,0,22,False,True,0,0,54,40,29,3.91,AI is off,AI is off,AI is off,AI is off,Not paired,AI is off,0,0,0
1730000,5.4,0,2,0.32,0.21,0,0,99,1,0,22,False,True,0,0,56,45,35,3.91,AI is off,AI is off,AI is off,AI is off,Not paired,AI is off,0,0,0
1732000,5.6,0,2,0.33,0.21,0,0,99,1,0,22,False,True,0,0,53,40,30,3.91,AI is off,AI is off,AI is off,AI is off,Not paired,AI is off,0,0,0
1734000,5.7,0,2,0.33,0.21,0,0,99,1,0,22,False,True,0,0,53,39,29,3.91,AI is off,AI is off,AI is off,AI is off,Not paired,AI is off,0,0,0
1736000,5.7,0,2,0.33,0.21,0,0,99,1,0,22,False,True,0,0,54,41,29,3.91,AI is off,AI is off,AI is off,AI is off,Not paired,AI is off,0,0,0
1738000,5.7,0,2,0.33,0.21,0,0,99,1,0,22,False,True,0,0,52,38,27,3.91,AI is off,AI is off,AI is off,AI is off,Not paired,AI is off,0,0,0
1740000,5.7,0,2,0.33,0.21,0,0,99,1,0,22,False,True,0,0,55,41,30,3.91,AI is off,AI is off,AI is off,AI is off,Not paired,AI is off,0,0,0
1742000,5.8,0,2,0.33,0.21,0,0,99,1,0,22,False,True,0,0,53,39,28,3.91,AI is off,AI is off,AI is off,AI is off,Not paired,AI is off,0,0,0
1744000,5.8,0,2,0.33,0.21,0,0,99,1,0,22,False,True,0,0,53,39,29,3.91,AI is off,AI is off,AI is off,AI is off,Not paired,AI is off,0,0,0
1746000,5.8,0,2,0.33,0.21,0,0,99,1,0,22,False,True,0,0,53,39,30,3.91,AI is off,AI is off,AI is off,AI is off,Not paired,AI is off,0,0,0
1748000,5.7,0,2,0.33,0.21,0,0,99,1,0,22,False,True,0,0,54,41,30,3.91,AI is off,AI is off,AI is off,AI is off,Not paired,AI is off,0,0,0
1750000,6,0,2,0.33,0.21,0,0,99,1,0,22,False,True,0,0,52,39,27,3.91,AI is off,AI is off,AI is off,AI is off,Not paired,AI is off,0,0,0
1752000,6.1,0,2,0.34,0.21,0,0,99,1,0,22,False,True,0,0,53,39,30,3.91,AI is off,AI is off,AI is off,AI is off,Not paired,AI is off,0,0,0
1754000,5.9,0,2,0.33,0.21,0,0,99,1,0,22,False,True,0,0,55,40,30,3.91,AI is off,AI is off,AI is off,AI is off,Not paired,AI is off,0,0,0
1756000,5.8,0,1,0.33,0.21,0,0,99,1,0,22,False,True,0,0,53,39,31,3.91,AI is off,AI is off,AI is off,AI is off,Not paired,AI is off,0,0,0
1758000,5.7,0,1,0.33,0.21,0,0,99,1,0,22,False,True,0,0,53,41,30,3.91,AI is off,AI is off,AI is off,AI is off,Not paired,AI is off,0,0,0
1760000,5.5,0,1,0.32,0.21,0,0,99,1,0,22,False,True,0,0,53,40,31,3.91,AI is off,AI is off,AI is off,AI is off,Not paired,AI is off,0,0,0
1762000,5.5,0,1,0.32,0.21,0,0,99,1,0,22,False,True,0,0,55,42,31,3.91,AI is off,AI is off,AI is off,AI is off,Not paired,AI is off,0,0,0
1764000,5.7,0,1,0.33,0.21,0,0,99,1,0,22,False,True,0,0,55,41,30,3.91,AI is off,AI is off,AI is off,AI is off,Not paired,AI is off,0,0,0
1766000,5.5,0,1,0.32,0.21,0,0,99,1,0,22,False,True,0,0,55,41,30,3.91,AI is off,AI is off,AI is off,AI is off,Not paired,AI is off,0,0,0
1768000,5.4,0,1,0.32,0.21,0,0,99,1,0,22,False,True,0,0,54,40,29,3.91,AI is off,AI is off,AI is off,AI is off,Not paired,AI is off,0,0,0
1770000,5.2,0,1,0.32,0.21,0,0,99,1,0,22,False,True,0,0,54,41,30,3.91,AI is off,AI is off,AI is off,AI is off,Not paired,AI is off,0,0,0
1772000,5.1,0,1,0.32,0.21,0,0,99,1,0,22,False,True,0,0,55,41,31,3.91,AI is off,AI is off,AI is off,AI is off,Not paired,AI is off,0,0,0
1774000,5.1,0,1,0.32,0.21,0,0,99,1,0,22,False,True,0,0,56,42,31,3.91,AI is off,AI is off,AI is off,AI is off,Not paired,AI is off,0,0,0
1776000,5.1,0,1,0.32,0.21,0,0,99,1,0,22,False,True,0,0,57,43,32,3.91,AI is off,AI is off,AI is off,AI is off,Not paired,AI is off,0,0,0
1778000,5.1,0,1,0.32,0.21,0,0,99,1,0,22,False,True,0,0,55,41,30,3.91,AI is off,AI is off,AI is off,AI is off,Not paired,AI is off,0,0,0
1780000,5.1,0,1,0.32,0.21,0,0,99,1,0,22,False,True,0,0,56,42,32,3.91,AI is off,AI is off,AI is off,AI is off,Not paired,AI is off,0,0,0
1782000,5.1,0,1,0.32,0.21,0,0,99,1,0,22,False,True,0,0,55,42,31,3.91,AI is off,AI is off,AI is off,AI is off,Not paired,AI is off,0,0,0
1784000,5.2,0,1,0.32,0.21,0,0,99,1,0,22,False,True,0,0,55,41,30,3.91,AI is off,AI is off,AI is off,AI is off,Not paired,AI is off,0,0,0
1786000,4.9,0,1,0.31,0.21,0,0,99,1,0,22,False,True,0,0,57,43,33,3.91,AI is off,AI is off,AI is off,AI is off,Not paired,AI is off,0,0,0
1788000,4.7,0,1,0.31,0.21,0,0,99,1,0,22,False,True,0,0,55,41,30,3.91,AI is off,AI is off,AI is off,AI is off,Not paired,AI is off,0,0,0
1790000,4.6,0,1,0.31,0.21,0,0,99,1,0,22,False,True,0,0,55,41,30,3.91,AI is off,AI is off,AI is off,AI is off,Not paired,AI is off,0,0,0
1792000,4.6,0,1,0.3,0.21,0,0,99,1,0,22,False,True,0,0,54,40,30,3.91,AI is off,AI is off,AI is off,AI is off,Not paired,AI is off,0,0,0
1794000,4.5,0,1,0.3,0.21,0,0,99,1,0,22,False,True,0,0,55,40,29,3.91,AI is off,AI is off,AI is off,AI is off,Not paired,AI is off,0,0,0
1796000,4.2,0,1,0.3,0.21,0,0,99,1,0,22,False,True,0,0,53,41,30,3.91,AI is off,AI is off,AI is off,AI is off,Not paired,AI is off,0,0,0
1798000,4.2,0,1,0.3,0.21,0,0,99,1,0,22,False,True,0,0,53,40,29,3.91,AI is off,AI is off,AI is off,AI is off,Not paired,AI is off,0,0,0
1800000,4.2,0,1,0.3,0.21,0,0,99,1,0,22,False,True,0,0,55,41,31,3.91,AI is off,AI is off,AI is off,AI is off,Not paired,AI is off,0,0,0
1802000,4.3,0,1,0.3,0.21,0,0,99,1,0,22,False,True,0,0,54,39,29,3.91,AI is off,AI is off,AI is off,AI is off,Not paired,AI is off,0,0,0
1804000,4.5,0,1,0.3,0.21,0,0,99,1,0,22,False,True,0,0,56,43,31,3.91,AI is off,AI is off,AI is off,AI is off,Not paired,AI is off,0,0,0
1806000,4.7,0,1,0.31,0.21,0,0,99,1,0,22,False,True,0,0,54,41,30,3.91,AI is off,AI is off,AI is off,AI is off,Not paired,AI is off,0,0,0
1808000,4.9,0,1,0.31,0.21,0,0,99,1,0,22,False,True,0,0,55,41,31,3.91,AI is off,AI is off,AI is off,AI is off,Not paired,AI is off,0,0,0
1810000,5.1,0,1,0.32,0.21,0,0,99,1,0,22,False,True,0,0,54,42,32,3.91,AI is off,AI is off,AI is off,AI is off,Not paired,AI is off,0,0,0
1812000,5.1,0,1,0.32,0.21,0,0,99,1,0,22,False,True,0,0,54,40,31,3.91,AI is off,AI is off,AI is off,AI is off,Not paired,AI is off,0,0,0
1814000,5.2,0,1,0.32,0.21,0,0,99,1,0,22,False,True,0,0,55,44,32,3.91,AI is off,AI is off,AI is off,AI is off,Not paired,AI is off,0,0,0
1816000,5,0,1,0.31,0.21,0,0,99,1,0,22,False,True,0,0,54,42,32,3.91,AI is off,AI is off,AI is off,AI is off,Not paired,AI is off,0,0,0
1818000,4.8,0,1,0.31,0.21,0,0,99,1,0,23,False,True,0,0,53,41,30,3.91,AI is off,AI is off,AI is off,AI is off,Not paired,AI is off,0,0,0
1820000,4.6,0,1,0.31,0.21,0,0,99,1,0,23,False,True,0,0,54,42,32,3.91,AI is off,AI is off,AI is off,AI is off,Not paired,AI is off,0,0,0
1822000,4.3,0,1,0.3,0.21,0,0,99,1,0,23,False,True,0,0,54,40,30,3.91,AI is off,AI is off,AI is off,AI is off,Not paired,AI is off,0,0,0
1824000,4.2,0,1,0.3,0.21,0,0,99,1,0,23,False,True,0,0,54,43,32,3.91,AI is off,AI is off,AI is off,AI is off,Not paired,AI is off,0,0,0
1826000,4,0,1,0.29,0.21,0,0,99,1,0,23,False,True,0,0,54,42,31,3.91,AI is off,AI is off,AI is off,AI is off,Not paired,AI is off,0,0,0
1828000,3.8,0,1,0.29,0.21,0,0,99,1,0,23,False,True,0,0,53,42,31,3.91,AI is off,AI is off,AI is off,AI is off,Not paired,AI is off,0,0,0
1830000,3.4,0,1,0.28,0.21,0,0,99,1,0,23,False,True,0,0,54,42,32,3.91,AI is off,AI is off,AI is off,AI is off,Not paired,AI is off,0,0,0
1832000,3.1,0,1,0.27,0.21,0,0,99,1,0,23,False,True,0,0,55,42,33,3.91,AI is off,AI is off,AI is off,AI is off,Not paired,AI is off,0,0,0
1834000,2.7,0,1,0.26,0.21,0,0,99,1,0,23,False,True,0,0,54,43,33,3.91,AI is off,AI is off,AI is off,AI is off,Not paired,AI is off,0,0,0
1836000,2.3,0,1,0.26,0.21,0,0,99,1,0,23,False,True,0,0,54,39,30,3.91,AI is off,AI is off,AI is off,AI is off,Not paired,AI is off,0,0,0
1838000,2,0,1,0.25,0.21,0,0,99,1,0,23,False,True,0,0,55,43,33,3.91,AI is off,AI is off,AI is off,AI is off,Not paired,AI is off,0,0,0
1840000,1.9,0,1,0.25,0.21,0,0,99,1,0,23,False,True,0,0,53,41,29,3.91,AI is off,AI is off,AI is off,AI is off,Not paired,AI is off,0,0,0
1842000,1.7,0,1,0.24,0.21,0,0,99,1,0,23,False,True,0,0,53,40,30,3.91,AI is off,AI is off,AI is off,AI is off,Not paired,AI is off,0,0,0
1844000,1.4,0,1,0.24,0.21,0,0,99,1,0,23,False,True,0,0,53,40,30,3.91,AI is off,AI is off,AI is off,AI is off,Not paired,AI is off,0,0,0
1846000,1.2,0,1,0.23,0.21,0,0,99,1,0,23,False,True,0,0,53,40,30,3.91,AI is off,AI is off,AI is off,AI is off,Not paired,AI is off,0,0,0
1848000,1,0,1,0.23,0.21,0,0,99,1,0,23,False,True,0,0,53,41,31,3.91,AI is off,AI is off,AI is off,AI is off,Not paired,AI is off,0,0,0
1850000,0,0,1,0.22,0.21,0,0,99,1,0,23,False,True,0,0,53,41,31,3.91,AI is off,AI is off,AI is off,AI is off,Not paired,AI is off,0,0,0
1852000,0,0,1,0.22,0.21,0,0,99,1,0,23,False,True,0,0,52,41,30,3.91,AI is off,AI is off,AI is off,AI is off,Not paired,AI is off,0,0,0
1854000,0,0,0,0.22,0.21,0,0,99,1,0,23,False,True,0,0,55,42,31,3.91,AI is off,AI is off,AI is off,AI is off,Not paired,AI is off,0,0,0
1856000,0,0,0,0.22,0.21,0,0,99,1,0,23,False,True,0,0,55,42,31,3.91,AI is off,AI is off,AI is off,AI is off,Not paired,AI is off,0,0,0
1858000,0,0,0,0.22,0.21,0,0,99,1,0,23,False,True,0,0,54,41,32,3.91,AI is off,AI is off,AI is off,AI is off,Not paired,AI is off,0,0,0
1860000,0,0,0,0.22,0.21,0,0,99,1,0,23,False,True,0,0,59,46,34,3.91,AI is off,AI is off,AI is off,AI is off,Not paired,AI is off,0,0,0
1862000,0,0,0,0.22,0.21,0,0,99,1,0,23,False,True,0,0,53,42,31,3.91,AI is off,AI is off,AI is off,AI is off,Not paired,AI is off,0,0,0
1864000,0,0,0,0.22,0.21,0,0,99,1,0,23,False,True,0,0,54,42,31,3.91,AI is off,AI is off,AI is off,AI is off,Not paired,AI is off,0,0,0
1866000,0,0,0,0.22,0.21,0,0,99,1,0,23,False,True,0,0,53,41,30,3.91,AI is off,AI is off,AI is off,AI is off,Not paired,AI is off,0,0,0
1868000,0,0,0,0.22,0.21,0,0,99,1,0,23,False,True,0,0,54,43,30,3.91,AI is off,AI is off,AI is off,AI is off,Not paired,AI is off,0,0,0
1870000,0,0,0,0.22,0.21,0,0,99,1,0,24,False,True,0,0,53,41,31,3.91,AI is off,AI is off,AI is off,AI is off,Not paired,AI is off,0,0,0
1872000,0,0,0,0.22,0.21,0,0,99,1,0,24,False,True,0,0,53,38,28,3.91,AI is off,AI is off,AI is off,AI is off,Not paired,AI is off,0,0,0
1874000,0,0,0,0.22,0.21,0,0,99,1,0,24,False,True,0,0,54,43,32,3.91,AI is off,AI is off,AI is off,AI is off,Not paired,AI is off,0,0,0
1876000,0,0,0,0.22,0.21,0,0,99,1,0,24,False,True,0,0,54,43,31,3.91,AI is off,AI is off,AI is off,AI is off,Not paired,AI is off,0,0,0
1878000,0,0,0,0.22,0.21,0,0,99,1,0,24,False,True,0,0,56,42,32,3.91,AI is off,AI is off,AI is off,AI is off,Not paired,AI is off,0,0,0
1880000,0,0,0,0.22,0.21,0,0,99,1,0,24,False,True,0,0,54,41,30,3.91,AI is off,AI is off,AI is off,AI is off,Not paired,AI is off,0,0,0
1882000,0,0,0,0.22,0.21,0,0,99,1,0,24,False,True,0,0,55,44,34,3.91,AI is off,AI is off,AI is off,AI is off,Not paired,AI is off,0,0,0
1884000,0,0,0,0.22,0.21,0,0,99,1,0,24,False,True,0,0,53,39,29,3.91,AI is off,AI is off,AI is off,AI is off,Not paired,AI is off,0,0,0
1886000,0,0,0,0.22,0.21,0,0,99,1,0,24,False,True,0,0,54,41,30,3.91,AI is off,AI is off,AI is off,AI is off,Not paired,AI is off,0,0,0
1888000,0,0,0,0.21,0.21,0,0,99,1,0,24,False,True,0,0,53,40,29,3.91,AI is off,AI is off,AI is off,AI is off,Not paired,AI is off,0,0,0
1890000,0,0,0,0.22,0.21,0,0,99,1,0,24,False,True,0,0,55,42,32,3.91,AI is off,AI is off,AI is off,AI is off,Not paired,AI is off,0,0,0
1892000,0,0,0,0.22,0.21,0,0,99,1,0,24,False,True,0,0,53,42,31,3.91,AI is off,AI is off,AI is off,AI is off,Not paired,AI is off,0,0,0
1894000,0,0,0,0.22,0.21,0,0,99,1,0,24,False,True,0,0,53,42,30,3.91,AI is off,AI is off,AI is off,AI is off,Not paired,AI is off,0,0,0
1896000,0,0,0,0.22,0.21,0,0,99,1,0,24,False,True,0,0,56,44,34,3.91,AI is off,AI is off,AI is off,AI is off,Not paired,AI is off,0,0,0
1898000,0,0,0,0.22,0.21,0,0,99,1,0,24,False,True,0,0,54,40,29,3.91,AI is off,AI is off,AI is off,AI is off,Not paired,AI is off,0,0,0
1900000,0,0,0,0.22,0.21,0,0,99,1,0,24,False,True,0,0,54,42,32,3.91,AI is off,AI is off,AI is off,AI is off,Not paired,AI is off,0,0,0
1902000,0,0,0,0.21,0.21,0,0,99,1,0,24,False,True,0,0,54,39,29,3.91,AI is off,AI is off,AI is off,AI is off,Not paired,AI is off,0,0,0
1904000,0,0,0,0.21,0.21,0,0,99,1,0,24,False,True,0,0,53,40,30,3.91,AI is off,AI is off,AI is off,AI is off,Not paired,AI is off,0,0,0
1906000,0,0,0,0.21,0.21,0,0,99,1,0,24,False,True,0,0,58,44,32,3.91,AI is off,AI is off,AI is off,AI is off,Not paired,AI is off,0,0,0
1908000,0,0,0,0.21,0.21,0,0,99,1,0,24,False,True,0,0,54,41,32,3.91,AI is off,AI is off,AI is off,AI is off,Not paired,AI is off,0,0,0