Dive Number,GF Minimum,GF Maximum,Surface Interval (min),Imperial Units,Start Battery Voltage,Start CNS %,Start Date,Start External O2 Sensor Status,Start Low Set Point,Start High Set Point,Computer Firmware Version,Max Depth,Max Time,Error History,End Battery Voltage,End CNS,End Date,End External O2 Sensor Status,End Low Set Point,End High Set Point,Computer Serial Number,Computer Firmware Version,Computer Model,Log Version,Deco Model,VPM-B Conservatism,Start Surface Pressure,End Surface Pressure,Product
142,40,85,91,False,3.8,0,8/4/2024 11:28:52 AM,False,0,1,86,27.2,1657,,3.8,9,8/4/2024 11:56:24 AM,False,0,1,937B0677,86,2,13,GF,40/85,1003,1003,Peregrine
Time (ms),Depth,First Stop Depth,Time To Surface (min),Average PPO2,Fraction O2,Fraction He,First Stop Time,Current NDL,Current Circuit Mode,Current CCR Mode,Water Temp,Gas Switch Needed,External PPO2,Set Point Type,Circuit Switch Type,External O2 Sensor 1 (mV),External O2 Sensor 2 (mV),External O2 Sensor 3 (mV),Battery Voltage,Tank 1 pressure (PSI),Tank 2 pressure (PSI),Tank 3 pressure (PSI),Tank 4 pressure (PSI),Gas Time Remaining,SAC Rate (2 minute avg),Ascent Rate,Safe Ascent Depth,CO2mbar
0,2.4,0,1,0.39,0.32,0,0,0,1,0,30,False,True,0,0,49,35,23,3.77,AI is off,AI is off,AI is off,AI is off,Not paired,AI is off,0,0,0
2000,2.5,0,1,0.4,0.32,0,0,0,1,0,30,False,True,0,0,53,39,27,3.77,AI is off,AI is off,AI is off,AI is off,Not paired,AI is off,0,0,0
4000,2.8,0,1,0.4,0.32,0,0,99,1,0,30,False,True,0,0,48,35,24,3.78,AI is off,AI is off,AI is off,AI is off,Not paired,AI is off,0,0,0
6000,3,0,1,0.41,0.32,0,0,99,1,0,30,False,True,0,0,50,37,25,3.78,AI is off,AI is off,AI is off,AI is off,Not paired,AI is off,0,0,0
8000,3.4,0,1,0.42,0.32,0,0,99,1,0,30,False,True,0,0,51,37,26,3.78,AI is off,AI is off,AI is off,AI is off,Not paired,AI is off,0,0,0
10000,3.6,0,1,0.43,0.32,0,0,99,1,0,30,False,True,0,0,49,35,24,3.78,AI is off,AI is off,AI is off,AI is off,Not paired,AI is off,0,0,0
12000,3.8,0,1,0.44,0.32,0,0,99,1,0,30,False,True,0,0,49,35,25,3.78,AI is off,AI is off,AI is off,AI is off,Not paired,AI is off,0,0,0
14000,4.1,0,1,0.45,0.32,0,0,99,1,0,30,False,True,0,0,51,38,27,3.78,AI is off,AI is off,AI is off,AI is off,Not paired,AI is off,0,0,0
16000,4.4,0,1,0.46,0.32,0,0,99,1,0,30,False,True,0,0,49,35,24,3.78,AI is off,AI is off,AI is off,AI is off,Not paired,AI is off,0,0,0
18000,4.5,0,1,0.46,0.32,0,0,99,1,0,29,False,True,0,0,66,48,35,3.78,AI is off,AI is off,AI is off,AI is off,Not paired,AI is off,0,0,0
20000,4.9,0,1,0.46,0.32,0,0,99,1,0,29,False,True,0,0,49,35,24,3.78,AI is off,AI is off,AI is off,AI is off,Not paired,AI is off,0,0,0
22000,5.7,0,1,0.49,0.32,0,0,99,1,0,29,False,True,0,0,49,34,22,3.78,AI is off,AI is off,AI is off,AI is off,Not paired,AI is off,0,0,0
24000,6.1,0,1,0.51,0.32,0,0,99,1,0,29,False,True,0,0,49,35,24,3.78,AI is off,AI is off,AI is off,AI is off,Not paired,AI is off,0,0,0
26000,6.8,0,1,0.53,0.32,0,0,99,1,0,29,False,True,0,0,50,35,24,3.78,AI is off,AI is off,AI is off,AI is off,Not paired,AI is off,0,0,0
28000,7.5,0,1,0.55,0.32,0,0,99,1,0,29,False,True,0,0,49,35,25,3.78,AI is off,AI is off,AI is off,AI is off,Not paired,AI is off,0,0,0
30000,8.2,0,1,0.57,0.32,0,0,99,1,0,29,False,True,0,0,49,35,24,3.78,AI is off,AI is off,AI is off,AI is off,Not paired,AI is off,0,0,0
32000,8.900001,0,1,0.59,0.32,0,0,99,1,0,28,False,True,0,0,49,35,24,3.78,AI is off,AI is off,AI is off,AI is off,Not paired,AI is off,0,0,0
34000,9.5,0,1,0.61,0.32,0,0,99,1,0,28,False,True,0,0,49,35,24,3.78,AI is off,AI is off,AI is off,AI is off,Not paired,AI is off,0,0,0
36000,10.4,0,1,0.64,0.32,0,0,99,1,0,28,False,True,0,0,49,35,24,3.78,AI is off,AI is off,AI is off,AI is off,Not paired,AI is off,0,0,0
38000,11.1,0,1,0.67,0.32,0,0,99,1,0,27,False,True,0,0,49,35,24,3.78,AI is off,AI is off,AI is off,AI is off,Not paired,AI is off,0,0,0
40000,12,0,1,0.69,0.32,0,0,99,1,0,27,False,True,0,0,49,35,25,3.78,AI is off,AI is off,AI is off,AI is off,Not paired,AI is off,0,0,0
42000,12.8,0,1,0.72,0.32,0,0,99,1,0,27,False,True,0,0,51,38,26,3.78,AI is off,AI is off,AI is off,AI is off,Not paired,AI is off,0,0,0
44000,13.6,0,1,0.74,0.32,0,0,99,1,0,26,False,True,0,0,51,38,25,3.78,AI is off,AI is off,AI is off,AI is off,Not paired,AI is off,0,0,0
46000,14.3,0,5,0.77,0.32,0,0,99,1,0,26,False,True,0,0,49,35,24,3.78,AI is off,AI is off,AI is off,AI is off,Not paired,AI is off,0,0,0
48000,14.8,0,5,0.79,0.32,0,0,99,1,0,26,False,True,0,0,48,34,23,3.78,AI is off,AI is off,AI is off,AI is off,Not paired,AI is off,0,0,0
50000,15.6,0,5,0.81,0.32,0,0,99,1,0,25,False,True,0,0,50,35,23,3.78,AI is off,AI is off,AI is off,AI is off,Not paired,AI is off,0,0,0
52000,16.5,0,5,0.84,0.32,0,0,99,1,0,25,False,True,0,0,49,35,23,3.78,AI is off,AI is off,AI is off,AI is off,Not paired,AI is off,0,0,0
54000,17.2,0,5,0.86,0.32,0,0,99,1,0,25,False,True,0,0,49,35,23,3.78,AI is off,AI is off,AI is off,AI is off,Not paired,AI is off,0,0,0
56000,17.4,0,5,0.87,0.32,0,0,79,1,0,25,False,True,0,0,50,35,25,3.78,AI is off,AI is off,AI is off,AI is off,Not paired,AI is off,0,0,0
58000,17.5,0,5,0.87,0.32,0,0,79,1,0,25,False,True,0,0,49,35,24,3.78,AI is off,AI is off,AI is off,AI is off,Not paired,AI is off,0,0,0
60000,17.9,0,5,0.89,0.32,0,0,79,1,0,24,False,True,0,0,49,35,24,3.78,AI is off,AI is off,AI is off,AI is off,Not paired,AI is off,0,0,0
62000,18.4,0,5,0.9,0.32,0,0,79,1,0,24,False,True,0,0,48,35,25,3.78,AI is off,AI is off,AI is off,AI is off,Not paired,AI is off,0,0,0
64000,18.7,0,5,0.91,0.32,0,0,79,1,0,24,False,True,0,0,48,35,24,3.78,AI is off,AI is off,AI is off,AI is off,Not paired,AI is off,0,0,0
66000,19,0,5,0.92,0.32,0,0,63,1,0,24,False,True,0,0,48,35,25,3.78,AI is off,AI is off,AI is off,AI is off,Not paired,AI is off,0,0,0
68000,19.3,0,5,0.93,0.32,0,0,63,1,0,24,False,True,0,0,49,35,25,3.78,AI is off,AI is off,AI is off,AI is off,Not paired,AI is off,0,0,0
70000,19.7,0,5,0.94,0.32,0,0,58,1,0,24,False,True,0,0,48,35,24,3.78,AI is off,AI is off,AI is off,AI is off,Not paired,AI is off,0,0,0
72000,20.1,0,5,0.96,0.32,0,0,58,1,0,23,False,True,0,0,49,34,24,3.78,AI is off,AI is off,AI is off,AI is off,Not paired,AI is off,0,0,0
74000,20.5,0,5,0.97,0.32,0,0,58,1,0,23,False,True,0,0,50,36,25,3.78,AI is off,AI is off,AI is off,AI is off,Not paired,AI is off,0,0,0
76000,20.8,0,5,0.98,0.32,0,0,58,1,0,23,False,True,0,0,49,34,22,3.78,AI is off,AI is off,AI is off,AI is off,Not paired,AI is off,0,0,0
78000,21,0,5,0.9899999,0.32,0,0,58,1,0,23,False,True,0,0,48,35,24,3.78,AI is off,AI is off,AI is off,AI is off,Not paired,AI is off,0,0,0
80000,21.4,0,5,1,0.32,0,0,58,1,0,23,False,True,0,0,48,35,24,3.78,AI is off,AI is off,AI is off,AI is off,Not paired,AI is off,0,0,0
82000,21.7,0,6,1.01,0.32,0,0,47,1,0,22,False,True,0,0,48,34,24,3.78,AI is off,AI is off,AI is off,AI is off,Not paired,AI is off,0,0,0
84000,22,0,6,1.02,0.32,0,0,47,1,0,22,False,True,0,0,47,34,23,3.78,AI is off,AI is off,AI is off,AI is off,Not paired,AI is off,0,0,0
86000,22.2,0,6,1.02,0.32,0,0,44,1,0,22,False,True,0,0,48,35,24,3.78,AI is off,AI is off,AI is off,AI is off,Not paired,AI is off,0,0,0
88000,22.5,0,6,1.03,0.32,0,0,44,1,0,21,False,True,0,0,49,35,25,3.78,AI is off,AI is off,AI is off,AI is off,Not paired,AI is off,0,0,0
90000,22.6,0,6,1.04,0.32,0,0,44,1,0,21,False,True,0,0,50,37,27,3.78,AI is off,AI is off,AI is off,AI is off,Not paired,AI is off,0,0,0
92000,22.9,0,6,1.05,0.32,0,0,41,1,0,21,False,True,0,0,50,37,27,3.78,AI is off,AI is off,AI is off,AI is off,Not paired,AI is off,0,0,0
94000,23.1,0,6,1.05,0.32,0,0,41,1,0,21,False,True,0,0,49,34,24,3.78,AI is off,AI is off,AI is off,AI is off,Not paired,AI is off,0,0,0
96000,23.3,0,6,1.06,0.32,0,0,41,1,0,20,False,True,0,0,50,36,25,3.78,AI is off,AI is off,AI is off,AI is off,Not paired,AI is off,0,0,0
98000,23.5,0,6,1.07,0.32,0,0,41,1,0,20,False,True,0,0,49,34,24,3.78,AI is off,AI is off,AI is off,AI is off,Not paired,AI is off,0,0,0
100000,23.6,0,6,1.07,0.32,0,0,41,1,0,20,False,True,0,0,50,37,25,3.78,AI is off,AI is off,AI is off,AI is off,Not paired,AI is off,0,0,0
102000,23.7,0,6,1.07,0.32,0,0,36,1,0,20,False,True,0,0,50,36,25,3.78,AI is off,AI is off,AI is off,AI is off,Not paired,AI is off,0,0,0
104000,23.7,0,6,1.07,0.32,0,0,36,1,0,19,False,True,0,0,50,36,26,3.78,AI is off,AI is off,AI is off,AI is off,Not paired,AI is off,0,0,0
106000,23.9,0,6,1.08,0.32,0,0,35,1,0,19,False,True,0,0,50,36,25,3.78,AI is off,AI is off,AI is off,AI is off,Not paired,AI is off,0,0,0
108000,24.1,0,6,1.08,0.32,0,0,35,1,0,19,False,True,0,0,50,37,27,3.78,AI is off,AI is off,AI is off,AI is off,Not paired,AI is off,0,0,0
110000,24.1,0,6,1.09,0.32,0,0,35,1,0,19,False,True,0,0,50,37,26,3.78,AI is off,AI is off,AI is off,AI is off,Not paired,AI is off,0,0,0
112000,24.2,0,6,1.09,0.32,0,0,35,1,0,19,False,True,0,0,50,37,27,3.78,AI is off,AI is off,AI is off,AI is off,Not paired,AI is off,0,0,0
114000,24.4,0,6,1.09,0.32,0,0,35,1,0,19,False,True,0,0,51,38,28,3.78,AI is off,AI is off,AI is off,AI is off,Not paired,AI is off,0,0,0
116000,24.5,0,6,1.1,0.32,0,0,35,1,0,18,False,True,0,0,52,37,27,3.78,AI is off,AI is off,AI is off,AI is off,Not paired,AI is off,0,0,0
118000,24.7,0,6,1.1,0.32,0,0,33,1,0,18,False,True,0,0,51,37,26,3.78,AI is off,AI is off,AI is off,AI is off,Not paired,AI is off,0,0,0
120000,24.7,0,6,1.11,0.32,0,0,33,1,0,18,False,True,0,0,50,36,26,3.78,AI is off,AI is off,AI is off,AI is off,Not paired,AI is off,0,0,0
122000,24.9,0,6,1.11,0.32,0,0,32,1,0,18,False,True,0,0,50,36,26,3.78,AI is off,AI is off,AI is off,AI is off,Not paired,AI is off,0,0,0
124000,25,0,6,1.11,0.32,0,0,32,1,0,18,False,True,0,0,51,38,28,3.78,AI is off,AI is off,AI is off,AI is off,Not paired,AI is off,0,0,0
126000,25.1,0,6,1.12,0.32,0,0,32,1,0,17,False,True,0,0,51,38,27,3.78,AI is off,AI is off,AI is off,AI is off,Not paired,AI is off,0,0,0
128000,25.2,0,6,1.12,0.32,0,0,31,1,0,17,False,True,0,0,51,38,27,3.78,AI is off,AI is off,AI is off,AI is off,Not paired,AI is off,0,0,0
130000,25.4,0,6,1.12,0.32,0,0,31,1,0,17,False,True,0,0,51,38,27,3.78,AI is off,AI is off,AI is off,AI is off,Not paired,AI is off,0,0,0
132000,25.6,0,6,1.13,0.32,0,0,31,1,0,17,False,True,0,0,50,38,28,3.78,AI is off,AI is off,AI is off,AI is off,Not paired,AI is off,0,0,0
134000,25.7,0,6,1.14,0.32,0,0,31,1,0,17,False,True,0,0,51,38,28,3.78,AI is off,AI is off,AI is off,AI is off,Not paired,AI is off,0,0,0
136000,25.8,0,6,1.14,0.32,0,0,31,1,0,17,False,True,0,0,51,38,28,3.78,AI is off,AI is off,AI is off,AI is off,Not paired,AI is off,0,0,0
138000,25.9,0,6,1.14,0.32,0,0,29,1,0,17,False,True,0,0,52,38,27,3.78,AI is off,AI is off,AI is off,AI is off,Not paired,AI is off,0,0,0
140000,25.9,0,6,1.14,0.32,0,0,29,1,0,17,False,True,0,0,51,38,28,3.78,AI is off,AI is off,AI is off,AI is off,Not paired,AI is off,0,0,0
142000,26,0,6,1.14,0.32,0,0,29,1,0,17,False,True,0,0,51,38,27,3.78,AI is off,AI is off,AI is off,AI is off,Not paired,AI is off,0,0,0
144000,26,0,6,1.15,0.32,0,0,29,1,0,16,False,True,0,0,52,39,29,3.78,AI is off,AI is off,AI is off,AI is off,Not paired,AI is off,0,0,0
146000,25.9,0,6,1.15,0.32,0,0,29,1,0,16,False,True,0,0,51,37,27,3.78,AI is off,AI is off,AI is off,AI is off,Not paired,AI is off,0,0,0
148000,25.9,0,6,1.14,0.32,0,0,29,1,0,16,False,True,0,0,50,36,25,3.78,AI is off,AI is off,AI is off,AI is off,Not paired,AI is off,0,0,0
150000,25.9,0,6,1.14,0.32,0,0,29,1,0,16,False,True,0,0,49,35,25,3.78,AI is off,AI is off,AI is off,AI is off,Not paired,AI is off,0,0,0
152000,26,0,6,1.15,0.32,0,0,29,1,0,16,False,True,0,0,51,39,29,3.78,AI is off,AI is off,AI is off,AI is off,Not paired,AI is off,0,0,0
154000,26.1,0,6,1.15,0.32,0,0,28,1,0,16,False,True,0,0,50,37,26,3.78,AI is off,AI is off,AI is off,AI is off,Not paired,AI is off,0,0,0
156000,26.2,0,6,1.15,0.32,0,0,28,1,0,16,False,True,0,0,50,37,27,3.78,AI is off,AI is off,AI is off,AI is off,Not paired,AI is off,0,0,0
158000,26.2,0,6,1.15,0.32,0,0,27,1,0,16,False,True,0,0,50,37,27,3.78,AI is off,AI is off,AI is off,AI is off,Not paired,AI is off,0,0,0
160000,26.3,0,6,1.15,0.32,0,0,27,1,0,16,False,True,0,0,52,38,29,3.78,AI is off,AI is off,AI is off,AI is off,Not paired,AI is off,0,0,0
162000,26.3,0,6,1.15,0.32,0,0,27,1,0,15,False,True,0,0,50,38,28,3.78,AI is off,AI is off,AI is off,AI is off,Not paired,AI is off,0,0,0
164000,26.3,0,6,1.16,0.32,0,0,27,1,0,15,False,True,0,0,52,37,27,3.78,AI is off,AI is off,AI is off,AI is off,Not paired,AI is off,0,0,0
166000,26.2,0,6,1.16,0.32,0,0,27,1,0,15,False,True,0,0,51,38,28,3.78,AI is off,AI is off,AI is off,AI is off,Not paired,AI is off,0,0,0
168000,26.3,0,6,1.15,0.32,0,0,27,1,0,15,False,True,0,0,52,38,28,3.78,AI is off,AI is off,AI is off,AI is off,Not paired,AI is off,0,0,0
170000,26.3,0,6,1.16,0.32,0,0,27,1,0,15,False,True,0,0,51,38,29,3.78,AI is off,AI is off,AI is off,AI is off,Not paired,AI is off,0,0,0
172000,26.3,0,6,1.16,0.32,0,0,27,1,0,15,False,True,0,0,51,37,26,3.78,AI is off,AI is off,AI is off,AI is off,Not paired,AI is off,0,0,0
174000,26.3,0,6,1.16,0.32,0,0,27,1,0,15,False,True,0,0,51,38,27,3.78,AI is off,AI is off,AI is off,AI is off,Not paired,AI is off,0,0,0
176000,26.4,0,6,1.16,0.32,0,0,27,1,0,15,False,True,0,0,52,40,29,3.78,AI is off,AI is off,AI is off,AI is off,Not paired,AI is off,0,0,0
178000,26.3,0,6,1.16,0.32,0,0,27,1,0,15,False,True,0,0,51,39,29,3.78,AI is off,AI is off,AI is off,AI is off,Not paired,AI is off,0,0,0
180000,26.3,0,6,1.15,0.32,0,0,27,1,0,15,False,True,0,0,52,38,28,3.78,AI is off,AI is off,AI is off,AI is off,Not paired,AI is off,0,0,0
182000,26.4,0,6,1.16,0.32,0,0,27,1,0,15,False,True,0,0,52,38,28,3.78,AI is off,AI is off,AI is off,AI is off,Not paired,AI is off,0,0,0
184000,26.5,0,6,1.16,0.32,0,0,27,1,0,15,False,True,0,0,52,38,28,3.78,AI is off,AI is off,AI is off,AI is off,Not paired,AI is off,0,0,0
186000,26.6,0,6,1.16,0.32,0,0,27,1,0,14,False,True,0,0,51,38,29,3.78,AI is off,AI is off,AI is off,AI is off,Not paired,AI is off,0,0,0
188000,26.6,0,6,1.16,0.32,0,0,27,1,0,14,False,True,0,0,51,38,28,3.78,AI is off,AI is off,AI is off,AI is off,Not paired,AI is off,0,0,0
190000,26.6,0,6,1.17,0.32,0,0,26,1,0,14,False,True,0,0,52,39,30,3.78,AI is off,AI is off,AI is off,AI is off,Not paired,AI is off,0,0,0
192000,26.7,0,6,1.17,0.32,0,0,26,1,0,14,False,True,0,0,52,38,29,3.78,AI is off,AI is off,AI is off,AI is off,Not paired,AI is off,0,0,0
194000,26.7,0,6,1.17,0.32,0,0,25,1,0,14,False,True,0,0,52,39,30,3.78,AI is off,AI is off,AI is off,AI is off,Not paired,AI is off,0,0,0
196000,26.7,0,6,1.17,0.32,0,0,25,1,0,14,False,True,0,0,52,38,29,3.78,AI is off,AI is off,AI is off,AI is off,Not paired,AI is off,0,0,0
198000,26.7,0,6,1.17,0.32,0,0,25,1,0,14,False,True,0,0,53,40,29,3.78,AI is off,AI is off,AI is off,AI is off,Not paired,AI is off,0,0,0
200000,26.9,0,6,1.17,0.32,0,0,25,1,0,14,False,True,0,0,52,38,28,3.78,AI is off,AI is off,AI is off,AI is off,Not paired,AI is off,0,0,0
202000,26.9,0,6,1.18,0.32,0,0,25,1,0,14,False,True,0,0,50,38,28,3.78,AI is off,AI is off,AI is off,AI is off,Not paired,AI is off,0,0,0
204000,26.8,0,6,1.17,0.32,0,0,25,1,0,14,False,True,0,0,52,39,28,3.78,AI is off,AI is off,AI is off,AI is off,Not paired,AI is off,0,0,0
206000,26.9,0,6,1.17,0.32,0,0,25,1,0,14,False,True,0,0,52,39,29,3.78,AI is off,AI is off,AI is off,AI is off,Not paired,AI is off,0,0,0
208000,26.9,0,6,1.18,0.32,0,0,25,1,0,14,False,True,0,0,52,38,28,3.78,AI is off,AI is off,AI is off,AI is off,Not paired,AI is off,0,0,0
210000,27,0,6,1.18,0.32,0,0,24,1,0,14,False,True,0,0,52,38,29,3.78,AI is off,AI is off,AI is off,AI is off,Not paired,AI is off,0,0,0
212000,26.9,0,6,1.18,0.32,0,0,24,1,0,13,False,True,0,0,52,38,29,3.78,AI is off,AI is off,AI is off,AI is off,Not paired,AI is off,0,0,0
214000,26.9,0,6,1.18,0.32,0,0,24,1,0,13,False,True,0,0,52,39,29,3.78,AI is off,AI is off,AI is off,AI is off,Not paired,AI is off,0,0,0
216000,26.9,0,6,1.18,0.32,0,0,24,1,0,13,False,True,0,0,52,39,30,3.78,AI is off,AI is off,AI is off,AI is off,Not paired,AI is off,0,0,0
218000,26.9,0,6,1.17,0.32,0,0,24,1,0,13,False,True,0,0,51,38,29,3.78,AI is off,AI is off,AI is off,AI is off,Not paired,AI is off,0,0,0
220000,26.9,0,6,1.17,0.32,0,0,24,1,0,13,False,True,0,0,52,40,31,3.78,AI is off,AI is off,AI is off,AI is off,Not paired,AI is off,0,0,0
222000,27,0,6,1.18,0.32,0,0,24,1,0,13,False,True,0,0,52,39,30,3.78,AI is off,AI is off,AI is off,AI is off,Not paired,AI is off,0,0,0
224000,27,0,6,1.18,0.32,0,0,24,1,0,13,False,True,0,0,53,41,31,3.78,AI is off,AI is off,AI is off,AI is off,Not paired,AI is off,0,0,0
226000,27,0,6,1.18,0.32,0,0,24,1,0,13,False,True,0,0,53,40,30,3.78,AI is off,AI is off,AI is off,AI is off,Not paired,AI is off,0,0,0
228000,26.8,0,6,1.18,0.32,0,0,24,1,0,13,False,True,0,0,53,39,30,3.78,AI is off,AI is off,AI is off,AI is off,Not paired,AI is off,0,0,0
230000,26.8,0,6,1.17,0.32,0,0,24,1,0,13,False,True,0,0,53,40,30,3.78,AI is off,AI is off,AI is off,AI is off,Not paired,AI is off,0,0,0
232000,26.8,0,6,1.17,0.32,0,0,24,1,0,13,False,True,0,0,53,40,30,3.78,AI is off,AI is off,AI is off,AI is off,Not paired,AI is off,0,0,0
234000,26.8,0,6,1.17,0.32,0,0,24,1,0,13,False,True,0,0,52,37,28,3.78,AI is off,AI is off,AI is off,AI is off,Not paired,AI is off,0,0,0
236000,26.7,0,6,1.17,0.32,0,0,24,1,0,13,False,True,0,0,52,39,29,3.78,AI is off,AI is off,AI is off,AI is off,Not paired,AI is off,0,0,0
238000,26.6,0,6,1.17,0.32,0,0,24,1,0,13,False,True,0,0,52,38,29,3.78,AI is off,AI is off,AI is off,AI is off,Not paired,AI is off,0,0,0
240000,26.6,0,6,1.16,0.32,0,0,25,1,0,13,False,True,0,0,53,40,30,3.78,AI is off,AI is off,AI is off,AI is off,Not paired,AI is off,0,0,0
242000,26.5,0,6,1.17,0.32,0,0,25,1,0,13,False,True,0,0,52,38,29,3.78,AI is off,AI is off,AI is off,AI is off,Not paired,AI is off,0,0,0
244000,26.4,0,6,1.16,0.32,0,0,25,1,0,13,False,True,0,0,52,39,31,3.78,AI is off,AI is off,AI is off,AI is off,Not paired,AI is off,0,0,0
246000,26.3,0,6,1.16,0.32,0,0,25,1,0,13,False,True,0,0,51,39,28,3.78,AI is off,AI is off,AI is off,AI is off,Not paired,AI is off,0,0,0
248000,26.3,0,6,1.16,0.32,0,0,25,1,0,13,False,True,0,0,51,39,29,3.78,AI is off,AI is off,AI is off,AI is off,Not paired,AI is off,0,0,0
250000,26.4,0,6,1.16,0.32,0,0,25,1,0,13,False,True,0,0,52,39,29,3.78,AI is off,AI is off,AI is off,AI is off,Not paired,AI is off,0,0,0
252000,26.5,0,6,1.16,0.32,0,0,25,1,0,13,False,True,0,0,51,39,29,3.78,AI is off,AI is off,AI is off,AI is off,Not paired,AI is off,0,0,0
254000,26.4,0,6,1.16,0.32,0,0,25,1,0,13,False,True,0,0,51,40,29,3.78,AI is off,AI is off,AI is off,AI is off,Not paired,AI is off,0,0,0
256000,26.4,0,6,1.16,0.32,0,0,25,1,0,12,False,True,0,0,53,39,31,3.78,AI is off,AI is off,AI is off,AI is off,Not paired,AI is off,0,0,0
258000,26.3,0,6,1.16,0.32,0,0,25,1,0,12,False,True,0,0,52,40,30,3.78,AI is off,AI is off,AI is off,AI is off,Not paired,AI is off,0,0,0
260000,26.3,0,6,1.16,0.32,0,0,25,1,0,12,False,True,0,0,52,40,31,3.78,AI is off,AI is off,AI is off,AI is off,Not paired,AI is off,0,0,0
262000,26.4,0,6,1.16,0.32,0,0,25,1,0,12,False,True,0,0,51,39,31,3.78,AI is off,AI is off,AI is off,AI is off,Not paired,AI is off,0,0,0
264000,26.5,0,6,1.16,0.32,0,0,25,1,0,12,False,True,0,0,52,40,30,3.78,AI is off,AI is off,AI is off,AI is off,Not paired,AI is off,0,0,0
266000,26.5,0,6,1.16,0.32,0,0,25,1,0,12,False,True,0,0,51,40,31,3.78,AI is off,AI is off,AI is off,AI is off,Not paired,AI is off,0,0,0
268000,26.5,0,6,1.16,0.32,0,0,25,1,0,12,False,True,0,0,51,40,31,3.78,AI is off,AI is off,AI is off,AI is off,Not paired,AI is off,0,0,0
270000,26.4,0,6,1.16,0.32,0,0,25,1,0,12,False,True,0,0,50,38,26,3.78,AI is off,AI is off,AI is off,AI is off,Not paired,AI is off,0,0,0
272000,26.5,0,6,1.16,0.32,0,0,25,1,0,12,False,True,0,0,52,39,28,3.78,AI is off,AI is off,AI is off,AI is off,Not paired,AI is off,0,0,0
274000,26.5,0,6,1.16,0.32,0,0,24,1,0,12,False,True,0,0,52,39,30,3.78,AI is off,AI is off,AI is off,AI is off,Not paired,AI is off,0,0,0
276000,26.6,0,6,1.16,0.32,0,0,24,1,0,12,False,True,0,0,51,38,28,3.78,AI is off,AI is off,AI is off,AI is off,Not paired,AI is off,0,0,0
278000,26.7,0,6,1.17,0.32,0,0,24,1,0,12,False,True,0,0,52,39,28,3.78,AI is off,AI is off,AI is off,AI is off,Not paired,AI is off,0,0,0
280000,26.6,0,6,1.17,0.32,0,0,24,1,0,12,False,True,0,0,51,38,28,3.78,AI is off,AI is off,AI is off,AI is off,Not paired,AI is off,0,0,0
282000,26.7,0,6,1.17,0.32,0,0,24,1,0,12,False,True,0,0,51,40,29,3.78,AI is off,AI is off,AI is off,AI is off,Not paired,AI is off,0,0,0
284000,26.7,0,6,1.17,0.32,0,0,24,1,0,12,False,True,0,0,52,39,29,3.78,AI is off,AI is off,AI is off,AI is off,Not paired,AI is off,0,0,0
286000,26.8,0,6,1.17,0.32,0,0,24,1,0,12,False,True,0,0,51,39,30,3.78,AI is off,AI is off,AI is off,AI is off,Not paired,AI is off,0,0,0
288000,26.9,0,6,1.18,0.32,0,0,24,1,0,12,False,True,0,0,52,40,31,3.78,AI is off,AI is off,AI is off,AI is off,Not paired,AI is off,0,0,0
290000,27,0,6,1.18,0.32,0,0,23,1,0,12,False,True,0,0,53,40,30,3.78,AI is off,AI is off,AI is off,AI is off,Not paired,AI is off,0,0,0
292000,27.2,0,6,1.18,0.32,0,0,23,1,0,12,False,True,0,0,53,40,30,3.78,AI is off,AI is off,AI is off,AI is off,Not paired,AI is off,0,0,0
294000,27,0,6,1.18,0.32,0,0,23,1,0,12,False,True,0,0,52,39,30,3.78,AI is off,AI is off,AI is off,AI is off,Not paired,AI is off,0,0,0
296000,26.9,0,6,1.18,0.32,0,0,23,1,0,12,False,True,0,0,51,39,27,3.78,AI is off,AI is off,AI is off,AI is off,Not paired,AI is off,0,0,0
298000,26.8,0,6,1.17,0.32,0,0,23,1,0,12,False,True,0,0,51,39,28,3.78,AI is off,AI is off,AI is off,AI is off,Not paired,AI is off,0,0,0
300000,26.8,0,6,1.17,0.32,0,0,23,1,0,12,False,True,0,0,51,39,29,3.78,AI is off,AI is off,AI is off,AI is off,Not paired,AI is off,0,0,0
302000,26.8,0,6,1.17,0.32,0,0,23,1,0,12,False,True,0,0,51,39,29,3.78,AI is off,AI is off,AI is off,AI is off,Not paired,AI is off,0,0,0
304000,26.8,0,6,1.17,0.32,0,0,23,1,0,12,False,True,0,0,52,39,30,3.78,AI is off,AI is off,AI is off,AI is off,Not paired,AI is off,0,0,0
306000,26.8,0,6,1.17,0.32,0,0,23,1,0,12,False,True,0,0,52,39,30,3.78,AI is off,AI is off,AI is off,AI is off,Not paired,AI is off,0,0,0
308000,26.8,0,6,1.17,0.32,0,0,23,1,0,12,False,True,0,0,52,40,28,3.78,AI is off,AI is off,AI is off,AI is off,Not paired,AI is off,0,0,0
310000,26.8,0,6,1.17,0.32,0,0,23,1,0,12,False,True,0,0,52,40,31,3.78,AI is off,AI is off,AI is off,AI is off,Not paired,AI is off,0,0,0
312000,26.9,0,6,1.17,0.32,0,0,23,1,0,12,False,True,0,0,52,39,30,3.78,AI is off,AI is off,AI is off,AI is off,Not paired,AI is off,0,0,0
314000,26.8,0,6,1.17,0.32,0,0,23,1,0,12,False,True,0,0,52,40,31,3.78,AI is off,AI is off,AI is off,AI is off,Not paired,AI is off,0,0,0
316000,26.9,0,6,1.17,0.32,0,0,23,1,0,12,False,True,0,0,51,40,30,3.78,AI is off,AI is off,AI is off,AI is off,Not paired,AI is off,0,0,0
318000,26.9,0,6,1.18,0.32,0,0,23,1,0,12,False,True,0,0,51,40,29,3.78,AI is off,AI is off,AI is off,AI is off,Not paired,AI is off,0,0,0
320000,26.9,0,6,1.18,0.32,0,0,23,1,0,12,False,True,0,0,52,39,32,3.78,AI is off,AI is off,AI is off,AI is off,Not paired,AI is off,0,0,0
322000,26.9,0,6,1.18,0.32,0,0,23,1,0,12,False,True,0,0,52,40,30,3.78,AI is off,AI is off,AI is off,AI is off,Not paired,AI is off,0,0,0
324000,26.8,0,6,1.17,0.32,0,0,23,1,0,12,False,True,0,0,50,39,28,3.78,AI is off,AI is off,AI is off,AI is off,Not paired,AI is off,0,0,0
326000,26.8,0,6,1.17,0.32,0,0,23,1,0,12,False,True,0,0,52,39,30,3.78,AI is off,AI is off,AI is off,AI is off,Not paired,AI is off,0,0,0
328000,26.8,0,6,1.17,0.32,0,0,23,1,0,12,False,True,0,0,51,40,29,3.78,AI is off,AI is off,AI is off,AI is off,Not paired,AI is off,0,0,0
330000,26.9,0,6,1.17,0.32,0,0,23,1,0,12,False,True,0,0,51,38,30,3.78,AI is off,AI is off,AI is off,AI is off,Not paired,AI is off,0,0,0
332000,26.9,0,6,1.18,0.32,0,0,23,1,0,12,False,True,0,0,51,39,30,3.78,AI is off,AI is off,AI is off,AI is off,Not paired,AI is off,0,0,0
334000,26.8,0,6,1.17,0.32,0,0,23,1,0,12,False,True,0,0,53,41,31,3.78,AI is off,AI is off,AI is off,AI is off,Not paired,AI is off,0,0,0
336000,27,0,6,1.18,0.32,0,0,22,1,0,12,False,True,0,0,53,40,31,3.78,AI is off,AI is off,AI is off,AI is off,Not paired,AI is off,0,0,0
338000,26.9,0,6,1.18,0.32,0,0,22,1,0,12,False,True,0,0,52,38,30,3.78,AI is off,AI is off,AI is off,AI is off,Not paired,AI is off,0,0,0
340000,26.9,0,6,1.18,0.32,0,0,22,1,0,12,False,True,0,0,52,40,31,3.78,AI is off,AI is off,AI is off,AI is off,Not paired,AI is off,0,0,0
342000,26.9,0,6,1.18,0.32,0,0,22,1,0,11,False,True,0,0,52,39,29,3.78,AI is off,AI is off,AI is off,AI is off,Not paired,AI is off,0,0,0
344000,26.8,0,6,1.17,0.32,0,0,22,1,0,11,False,True,0,0,51,39,28,3.78,AI is off,AI is off,AI is off,AI is off,Not paired,AI is off,0,0,0
346000,26.8,0,6,1.17,0.32,0,0,22,1,0,11,False,True,0,0,51,40,31,3.78,AI is off,AI is off,AI is off,AI is off,Not paired,AI is off,0,0,0
348000,26.8,0,6,1.17,0.32,0,0,22,1,0,11,False,True,0,0,51,39,28,3.78,AI is off,AI is off,AI is off,AI is off,Not paired,AI is off,0,0,0
350000,26.7,0,6,1.17,0.32,0,0,22,1,0,11,False,True,0,0,52,39,30,3.78,AI is off,AI is off,AI is off,AI is off,Not paired,AI is off,0,0,0
352000,26.6,0,6,1.17,0.32,0,0,23,1,0,11,False,True,0,0,52,40,30,3.78,AI is off,AI is off,AI is off,AI is off,Not paired,AI is off,0,0,0
354000,26.5,0,6,1.16,0.32,0,0,23,1,0,11,False,True,0,0,52,41,32,3.78,AI is off,AI is off,AI is off,AI is off,Not paired,AI is off,0,0,0
356000,26.3,0,6,1.16,0.32,0,0,23,1,0,11,False,True,0,0,52,39,29,3.78,AI is off,AI is off,AI is off,AI is off,Not paired,AI is off,0,0,0
358000,26.2,0,6,1.16,0.32,0,0,23,1,0,11,False,True,0,0,52,40,30,3.78,AI is off,AI is off,AI is off,AI is off,Not paired,AI is off,0,0,0
360000,26,0,6,1.15,0.32,0,0,23,1,0,11,False,True,0,0,51,40,29,3.78,AI is off,AI is off,AI is off,AI is off,Not paired,AI is off,0,0,0
362000,25.9,0,6,1.15,0.32,0,0,25,1,0,11,False,True,0,0,51,39,28,3.78,AI is off,AI is off,AI is off,AI is off,Not paired,AI is off,0,0,0
364000,26,0,6,1.15,0.32,0,0,25,1,0,11,False,True,0,0,51,38,29,3.78,AI is off,AI is off,AI is off,AI is off,Not paired,AI is off,0,0,0
366000,26,0,6,1.15,0.32,0,0,25,1,0,11,False,True,0,0,51,39,29,3.78,AI is off,AI is off,AI is off,AI is off,Not paired,AI is off,0,0,0
368000,26.1,0,6,1.15,0.32,0,0,24,1,0,11,False,True,0,0,51,40,29,3.78,AI is off,AI is off,AI is off,AI is off,Not paired,AI is off,0,0,0
370000,26.2,0,6,1.15,0.32,0,0,24,1,0,11,False,True,0,0,52,39,31,3.78,AI is off,AI is off,AI is off,AI is off,Not paired,AI is off,0,0,0
372000,26.2,0,6,1.15,0.32,0,0,24,1,0,11,False,True,0,0,51,40,29,3.78,AI is off,AI is off,AI is off,AI is off,Not paired,AI is off,0,0,0
374000,26.2,0,6,1.15,0.32,0,0,24,1,0,11,False,True,0,0,52,39,30,3.78,AI is off,AI is off,AI is off,AI is off,Not paired,AI is off,0,0,0
376000,26.2,0,6,1.15,0.32,0,0,24,1,0,11,False,True,0,0,51,40,30,3.78,AI is off,AI is off,AI is off,AI is off,Not paired,AI is off,0,0,0
378000,26.2,0,6,1.15,0.32,0,0,24,1,0,11,False,True,0,0,51,40,30,3.78,AI is off,AI is off,AI is off,AI is off,Not paired,AI is off,0,0,0
380000,26.1,0,6,1.15,0.32,0,0,24,1,0,11,False,True,0,0,52,39,31,3.78,AI is off,AI is off,AI is off,AI is off,Not paired,AI is off,0,0,0
382000,25.9,0,6,1.15,0.32,0,0,24,1,0,11,False,True,0,0,52,39,30,3.78,AI is off,AI is off,AI is off,AI is off,Not paired,AI is off,0,0,0
384000,25.9,0,6,1.14,0.32,0,0,24,1,0,11,False,True,0,0,52,40,28,3.78,AI is off,AI is off,AI is off,AI is off,Not paired,AI is off,0,0,0
386000,25.9,0,6,1.14,0.32,0,0,24,1,0,11,False,True,0,0,52,40,30,3.78,AI is off,AI is off,AI is off,AI is off,Not paired,AI is off,0,0,0
388000,25.9,0,6,1.14,0.32,0,0,24,1,0,11,False,True,0,0,52,40,32,3.78,AI is off,AI is off,AI is off,AI is off,Not paired,AI is off,0,0,0
390000,25.9,0,6,1.14,0.32,0,0,24,1,0,11,False,True,0,0,52,41,28,3.78,AI is off,AI is off,AI is off,AI is off,Not paired,AI is off,0,0,0
392000,25.8,0,6,1.14,0.32,0,0,24,1,0,11,False,True,0,0,52,40,32,3.78,AI is off,AI is off,AI is off,AI is off,Not paired,AI is off,0,0,0
394000,25.8,0,6,1.14,0.32,0,0,24,1,0,11,False,True,0,0,52,40,30,3.78,AI is off,AI is off,AI is off,AI is off,Not paired,AI is off,0,0,0
396000,25.9,0,6,1.14,0.32,0,0,24,1,0,11,False,True,0,0,51,41,29,3.78,AI is off,AI is off,AI is off,AI is off,Not paired,AI is off,0,0,0
398000,25.9,0,6,1.14,0.32,0,0,24,1,0,11,False,True,0,0,51,41,30,3.78,AI is off,AI is off,AI is off,AI is off,Not paired,AI is off,0,0,0
400000,25.8,0,6,1.14,0.32,0,0,24,1,0,11,False,True,0,0,53,41,32,3.78,AI is off,AI is off,AI is off,AI is off,Not paired,AI is off,0,0,0
402000,25.9,0,6,1.14,0.32,0,0,24,1,0,11,False,True,0,0,52,40,31,3.78,AI is off,AI is off,AI is off,AI is off,Not paired,AI is off,0,0,0
404000,25.8,0,6,1.14,0.32,0,0,24,1,0,11,False,True,0,0,52,40,29,3.78,AI is off,AI is off,AI is off,AI is off,Not paired,AI is off,0,0,0
406000,25.7,0,6,1.14,0.32,0,0,24,1,0,11,False,True,0,0,52,40,28,3.78,AI is off,AI is off,AI is off,AI is off,Not paired,AI is off,0,0,0
408000,25.7,0,6,1.14,0.32,0,0,24,1,0,11,False,True,0,0,52,40,29,3.78,AI is off,AI is off,AI is off,AI is off,Not paired,AI is off,0,0,0
410000,25.6,0,6,1.14,0.32,0,0,24,1,0,11,False,True,0,0,52,41,31,3.78,AI is off,AI is off,AI is off,AI is off,Not paired,AI is off,0,0,0
412000,25.6,0,6,1.13,0.32,0,0,24,1,0,11,False,True,0,0,53,40,33,3.78,AI is off,AI is off,AI is off,AI is off,Not paired,AI is off,0,0,0
414000,25.6,0,6,1.13,0.32,0,0,24,1,0,11,False,True,0,0,53,41,30,3.78,AI is off,AI is off,AI is off,AI is off,Not paired,AI is off,0,0,0
416000,25.5,0,6,1.13,0.32,0,0,24,1,0,11,False,True,0,0,52,41,30,3.78,AI is off,AI is off,AI is off,AI is off,Not paired,AI is off,0,0,0
418000,25.5,0,6,1.13,0.32,0,0,24,1,0,11,False,True,0,0,52,40,29,3.78,AI is off,AI is off,AI is off,AI is off,Not paired,AI is off,0,0,0
420000,25.6,0,6,1.13,0.32,0,0,25,1,0,11,False,True,0,0,52,40,31,3.78,AI is off,AI is off,AI is off,AI is off,Not paired,AI is off,0,0,0
422000,25.5,0,6,1.13,0.32,0,0,25,1,0,11,False,True,0,0,52,39,28,3.78,AI is off,AI is off,AI is off,AI is off,Not paired,AI is off,0,0,0
424000,25.5,0,6,1.13,0.32,0,0,25,1,0,11,False,True,0,0,52,40,31,3.78,AI is off,AI is off,AI is off,AI is off,Not paired,AI is off,0,0,0
426000,25.6,0,6,1.13,0.32,0,0,25,1,0,11,False,True,0,0,52,40,29,3.78,AI is off,AI is off,AI is off,AI is off,Not paired,AI is off,0,0,0
428000,25.5,0,6,1.13,0.32,0,0,25,1,0,11,False,True,0,0,53,40,31,3.78,AI is off,AI is off,AI is off,AI is off,Not paired,AI is off,0,0,0
430000,25.5,0,6,1.13,0.32,0,0,25,1,0,11,False,True,0,0,52,40,31,3.78,AI is off,AI is off,AI is off,AI is off,Not paired,AI is off,0,0,0
432000,25.5,0,6,1.13,0.32,0,0,25,1,0,11,False,True,0,0,52,39,28,3.78,AI is off,AI is off,AI is off,AI is off,Not paired,AI is off,0,0,0
434000,25.4,0,6,1.13,0.32,0,0,25,1,0,11,False,True,0,0,52,40,29,3.78,AI is off,AI is off,AI is off,AI is off,Not paired,AI is off,0,0,0
436000,25.4,0,6,1.13,0.32,0,0,25,1,0,11,False,True,0,0,52,40,31,3.78,AI is off,AI is off,AI is off,AI is off,Not paired,AI is off,0,0,0
438000,25.4,0,6,1.13,0.32,0,0,25,1,0,11,False,True,0,0,52,39,29,3.78,AI is off,AI is off,AI is off,AI is off,Not paired,AI is off,0,0,0
440000,25.3,0,6,1.13,0.32,0,0,25,1,0,11,False,True,0,0,52,40,30,3.78,AI is off,AI is off,AI is off,AI is off,Not paired,AI is off,0,0,0
442000,25.2,0,6,1.12,0.32,0,0,25,1,0,11,False,True,0,0,51,39,29,3.78,AI is off,AI is off,AI is off,AI is off,Not paired,AI is off,0,0,0
444000,25.2,0,6,1.12,0.32,0,0,25,1,0,11,False,True,0,0,52,40,31,3.78,AI is off,AI is off,AI is off,AI is off,Not paired,AI is off,0,0,0
446000,25.1,0,6,1.12,0.32,0,0,25,1,0,11,False,True,0,0,51,40,29,3.78,AI is off,AI is off,AI is off,AI is off,Not paired,AI is off,0,0,0
448000,25.1,0,6,1.12,0.32,0,0,25,1,0,11,False,True,0,0,53,41,31,3.78,AI is off,AI is off,AI is off,AI is off,Not paired,AI is off,0,0,0
450000,25.1,0,6,1.12,0.32,0,0,25,1,0,11,False,True,0,0,53,40,32,3.78,AI is off,AI is off,AI is off,AI is off,Not paired,AI is off,0,0,0
452000,25.1,0,6,1.12,0.32,0,0,25,1,0,11,False,True,0,0,52,40,30,3.78,AI is off,AI is off,AI is off,AI is off,Not paired,AI is off,0,0,0
454000,25,0,6,1.12,0.32,0,0,25,1,0,11,False,True,0,0,53,40,31,3.78,AI is off,AI is off,AI is off,AI is off,Not paired,AI is off,0,0,0
456000,24.9,0,6,1.11,0.32,0,0,25,1,0,11,False,True,0,0,53,41,30,3.78,AI is off,AI is off,AI is off,AI is off,Not paired,AI is off,0,0,0
458000,24.9,0,6,1.11,0.32,0,0,25,1,0,11,False,True,0,0,53,40,31,3.78,AI is off,AI is off,AI is off,AI is off,Not paired,AI is off,0,0,0
460000,24.9,0,6,1.11,0.32,0,0,26,1,0,11,False,True,0,0,52,41,31,3.78,AI is off,AI is off,AI is off,AI is off,Not paired,AI is off,0,0,0
462000,24.8,0,6,1.11,0.32,0,0,26,1,0,11,False,True,0,0,52,40,30,3.78,AI is off,AI is off,AI is off,AI is off,Not paired,AI is off,0,0,0
464000,24.7,0,6,1.11,0.32,0,0,26,1,0,11,False,True,0,0,52,40,30,3.78,AI is off,AI is off,AI is off,AI is off,Not paired,AI is off,0,0,0
466000,24.6,0,6,1.1,0.32,0,0,26,1,0,11,False,True,0,0,51,40,30,3.78,AI is off,AI is off,AI is off,AI is off,Not paired,AI is off,0,0,0
468000,24.7,0,6,1.1,0.32,0,0,26,1,0,11,False,True,0,0,52,40,31,3.78,AI is off,AI is off,AI is off,AI is off,Not paired,AI is off,0,0,0
470000,24.8,0,6,1.11,0.32,0,0,26,1,0,11,False,True,0,0,52,40,29,3.78,AI is off,AI is off,AI is off,AI is off,Not paired,AI is off,0,0,0
472000,24.6,0,6,1.1,0.32,0,0,26,1,0,11,False,True,0,0,53,41,30,3.78,AI is off,AI is off,AI is off,AI is off,Not paired,AI is off,0,0,0
474000,24.6,0,6,1.1,0.32,0,0,26,1,0,11,False,True,0,0,53,41,31,3.78,AI is off,AI is off,AI is off,AI is off,Not paired,AI is off,0,0,0
476000,24.6,0,6,1.1,0.32,0,0,26,1,0,11,False,True,0,0,52,41,31,3.78,AI is off,AI is off,AI is off,AI is off,Not paired,AI is off,0,0,0
478000,24.6,0,6,1.1,0.32,0,0,26,1,0,11,False,True,0,0,52,41,30,3.78,AI is off,AI is off,AI is off,AI is off,Not paired,AI is off,0,0,0
480000,24.5,0,6,1.1,0.32,0,0,26,1,0,11,False,True,0,0,52,40,30,3.78,AI is off,AI is off,AI is off,AI is off,Not paired,AI is off,0,0,0
482000,24.4,0,6,1.1,0.32,0,0,26,1,0,11,False,True,0,0,52,40,31,3.78,AI is off,AI is off,AI is off,AI is off,Not paired,AI is off,0,0,0
484000,24.4,0,6,1.1,0.32,0,0,26,1,0,11,False,True,0,0,53,40,33,3.78,AI is off,AI is off,AI is off,AI is off,Not paired,AI is off,0,0,0
486000,24.5,0,6,1.1,0.32,0,0,26,1,0,11,False,True,0,0,53,40,32,3.78,AI is off,AI is off,AI is off,AI is off,Not paired,AI is off,0,0,0
488000,24.3,0,6,1.1,0.32,0,0,26,1,0,11,False,True,0,0,52,40,30,3.78,AI is off,AI is off,AI is off,AI is off,Not paired,AI is off,0,0,0
490000,24.2,0,6,1.09,0.32,0,0,26,1,0,11,False,True,0,0,53,41,32,3.78,AI is off,AI is off,AI is off,AI is off,Not paired,AI is off,0,0,0
492000,24.3,0,6,1.09,0.32,0,0,27,1,0,11,False,True,0,0,51,39,30,3.78,AI is off,AI is off,AI is off,AI is off,Not paired,AI is off,0,0,0
494000,24.2,0,6,1.09,0.32,0,0,27,1,0,11,False,True,0,0,53,41,31,3.78,AI is off,AI is off,AI is off,AI is off,Not paired,AI is off,0,0,0
496000,24.2,0,6,1.09,0.32,0,0,27,1,0,11,False,True,0,0,52,41,30,3.78,AI is off,AI is off,AI is off,AI is off,Not paired,AI is off,0,0,0
498000,24.2,0,6,1.09,0.32,0,0,27,1,0,11,False,True,0,0,51,41,29,3.78,AI is off,AI is off,AI is off,AI is off,Not paired,AI is off,0,0,0
500000,24.1,0,6,1.09,0.32,0,0,27,1,0,11,False,True,0,0,52,41,30,3.78,AI is off,AI is off,AI is off,AI is off,Not paired,AI is off,0,0,0
502000,24.1,0,6,1.09,0.32,0,0,27,1,0,11,False,True,0,0,51,40,29,3.78,AI is off,AI is off,AI is off,AI is off,Not paired,AI is off,0,0,0
504000,24.2,0,6,1.09,0.32,0,0,27,1,0,11,False,True,0,0,53,40,32,3.78,AI is off,AI is off,AI is off,AI is off,Not paired,AI is off,0,0,0
506000,24.2,0,6,1.09,0.32,0,0,27,1,0,11,False,True,0,0,52,41,31,3.78,AI is off,AI is off,AI is off,AI is off,Not paired,AI is off,0,0,0
508000,24.2,0,6,1.09,0.32,0,0,27,1,0,11,False,True,0,0,53,40,30,3.78,AI is off,AI is off,AI is off,AI is off,Not paired,AI is off,0,0,0
510000,24.2,0,6,1.09,0.32,0,0,27,1,0,11,False,True,0,0,52,39,29,3.78,AI is off,AI is off,AI is off,AI is off,Not paired,AI is off,0,0,0
512000,24.1,0,6,1.09,0.32,0,0,27,1,0,11,False,True,0,0,52,40,28,3.78,AI is off,AI is off,AI is off,AI is off,Not paired,AI is off,0,0,0
514000,24.1,0,6,1.09,0.32,0,0,27,1,0,11,False,True,0,0,52,39,28,3.78,AI is off,AI is off,AI is off,AI is off,Not paired,AI is off,0,0,0
516000,24.1,0,6,1.09,0.32,0,0,27,1,0,11,False,True,0,0,52,40,29,3.78,AI is off,AI is off,AI is off,AI is off,Not paired,AI is off,0,0,0
518000,24.1,0,6,1.09,0.32,0,0,27,1,0,11,False,True,0,0,53,41,32,3.78,AI is off,AI is off,AI is off,AI is off,Not paired,AI is off,0,0,0
520000,24.1,0,6,1.09,0.32,0,0,27,1,0,11,False,True,0,0,52,40,29,3.78,AI is off,AI is off,AI is off,AI is off,Not paired,AI is off,0,0,0
522000,24.1,0,6,1.09,0.32,0,0,27,1,0,11,False,True,0,0,52,40,31,3.78,AI is off,AI is off,AI is off,AI is off,Not paired,AI is off,0,0,0
524000,24,0,6,1.08,0.32,0,0,27,1,0,11,False,True,0,0,52,40,30,3.78,AI is off,AI is off,AI is off,AI is off,Not paired,AI is off,0,0,0
526000,24.1,0,6,1.09,0.32,0,0,27,1,0,11,False,True,0,0,53,40,29,3.78,AI is off,AI is off,AI is off,AI is off,Not paired,AI is off,0,0,0
528000,24,0,6,1.08,0.32,0,0,27,1,0,11,False,True,0,0,52,40,29,3.78,AI is off,AI is off,AI is off,AI is off,Not paired,AI is off,0,0,0
530000,24,0,6,1.08,0.32,0,0,27,1,0,11,False,True,0,0,52,40,30,3.78,AI is off,AI is off,AI is off,AI is off,Not paired,AI is off,0,0,0
532000,24,0,6,1.08,0.32,0,0,27,1,0,11,False,True,0,0,51,39,28,3.78,AI is off,AI is off,AI is off,AI is off,Not paired,AI is off,0,0,0
534000,23.9,0,6,1.08,0.32,0,0,27,1,0,11,False,True,0,0,52,40,30,3.78,AI is off,AI is off,AI is off,AI is off,Not paired,AI is off,0,0,0
536000,23.9,0,6,1.08,0.32,0,0,27,1,0,11,False,True,0,0,52,40,30,3.78,AI is off,AI is off,AI is off,AI is off,Not paired,AI is off,0,0,0
538000,23.9,0,6,1.08,0.32,0,0,27,1,0,11,False,True,0,0,52,40,31,3.78,AI is off,AI is off,AI is off,AI is off,Not paired,AI is off,0,0,0
540000,23.8,0,6,1.08,0.32,0,0,27,1,0,11,False,True,0,0,53,40,30,3.78,AI is off,AI is off,AI is off,AI is off,Not paired,AI is off,0,0,0
542000,23.7,0,6,1.07,0.32,0,0,27,1,0,11,False,True,0,0,53,41,31,3.78,AI is off,AI is off,AI is off,AI is off,Not paired,AI is off,0,0,0
544000,23.8,0,6,1.08,0.32,0,0,27,1,0,11,False,True,0,0,53,42,31,3.78,AI is off,AI is off,AI is off,AI is off,Not paired,AI is off,0,0,0
546000,23.6,0,6,1.07,0.32,0,0,27,1,0,11,False,True,0,0,52,41,29,3.78,AI is off,AI is off,AI is off,AI is off,Not paired,AI is off,0,0,0
548000,23.6,0,6,1.07,0.32,0,0,28,1,0,11,False,True,0,0,52,40,31,3.78,AI is off,AI is off,AI is off,AI is off,Not paired,AI is off,0,0,0
550000,23.8,0,6,1.07,0.32,0,0,28,1,0,11,False,True,0,0,52,41,29,3.78,AI is off,AI is off,AI is off,AI is off,Not paired,AI is off,0,0,0
552000,23.6,0,6,1.07,0.32,0,0,28,1,0,11,False,True,0,0,52,40,30,3.78,AI is off,AI is off,AI is off,AI is off,Not paired,AI is off,0,0,0
554000,23.6,0,6,1.07,0.32,0,0,28,1,0,11,False,True,0,0,53,41,30,3.78,AI is off,AI is off,AI is off,AI is off,Not paired,AI is off,0,0,0
556000,23.7,0,6,1.07,0.32,0,0,28,1,0,11,False,True,0,0,51,40,30,3.78,AI is off,AI is off,AI is off,AI is off,Not paired,AI is off,0,0,0
558000,23.7,0,6,1.07,0.32,0,0,28,1,0,11,False,True,0,0,53,41,30,3.78,AI is off,AI is off,AI is off,AI is off,Not paired,AI is off,0,0,0
560000,23.6,0,6,1.07,0.32,0,0,28,1,0,11,False,True,0,0,52,40,29,3.78,AI is off,AI is off,AI is off,AI is off,Not paired,AI is off,0,0,0
562000,23.6,0,6,1.07,0.32,0,0,28,1,0,11,False,True,0,0,53,41,31,3.78,AI is off,AI is off,AI is off,AI is off,Not paired,AI is off,0,0,0
564000,23.5,0,6,1.07,0.32,0,0,28,1,0,11,False,True,0,0,52,40,30,3.78,AI is off,AI is off,AI is off,AI is off,Not paired,AI is off,0,0,0
566000,23.5,0,6,1.07,0.32,0,0,28,1,0,11,False,True,0,0,53,42,31,3.78,AI is off,AI is off,AI is off,AI is off,Not paired,AI is off,0,0,0
568000,23.4,0,6,1.06,0.32,0,0,28,1,0,11,False,True,0,0,54,42,32,3.78,AI is off,AI is off,AI is off,AI is off,Not paired,AI is off,0,0,0
570000,23.4,0,6,1.06,0.32,0,0,28,1,0,11,False,True,0,0,53,41,29,3.78,AI is off,AI is off,AI is off,AI is off,Not paired,AI is off,0,0,0
572000,23.5,0,6,1.07,0.32,0,0,28,1,0,11,False,True,0,0,52,40,31,3.78,AI is off,AI is off,AI is off,AI is off,Not paired,AI is off,0,0,0
574000,23.4,0,6,1.06,0.32,0,0,28,1,0,11,False,True,0,0,54,43,32,3.78,AI is off,AI is off,AI is off,AI is off,Not paired,AI is off,0,0,0
576000,23.3,0,6,1.06,0.32,0,0,28,1,0,11,False,True,0,0,52,40,30,3.78,AI is off,AI is off,AI is off,AI is off,Not paired,AI is off,0,0,0
578000,23.3,0,6,1.06,0.32,0,0,28,1,0,11,False,True,0,0,52,42,32,3.78,AI is off,AI is off,AI is off,AI is off,Not paired,AI is off,0,0,0
580000,23.3,0,6,1.06,0.32,0,0,28,1,0,11,False,True,0,0,53,41,30,3.78,AI is off,AI is off,AI is off,AI is off,Not paired,AI is off,0,0,0
582000,23.3,0,6,1.06,0.32,0,0,28,1,0,11,False,True,0,0,53,41,31,3.78,AI is off,AI is off,AI is off,AI is off,Not paired,AI is off,0,0,0
584000,23.3,0,6,1.06,0.32,0,0,29,1,0,11,False,True,0,0,53,41,31,3.78,AI is off,AI is off,AI is off,AI is off,Not paired,AI is off,0,0,0
586000,23.4,0,6,1.06,0.32,0,0,29,1,0,11,False,True,0,0,52,41,31,3.78,AI is off,AI is off,AI is off,AI is off,Not paired,AI is off,0,0,0
588000,23.5,0,6,1.06,0.32,0,0,28,1,0,11,False,True,0,0,52,40,30,3.78,AI is off,AI is off,AI is off,AI is off,Not paired,AI is off,0,0,0
590000,23.5,0,6,1.07,0.32,0,0,28,1,0,11,False,True,0,0,52,40,30,3.78,AI is off,AI is off,AI is off,AI is off,Not paired,AI is off,0,0,0
592000,23.5,0,6,1.07,0.32,0,0,28,1,0,11,False,True,0,0,52,40,30,3.78,AI is off,AI is off,AI is off,AI is off,Not paired,AI is off,0,0,0
594000,23.7,0,6,1.07,0.32,0,0,28,1,0,11,False,True,0,0,52,40,29,3.78,AI is off,AI is off,AI is off,AI is off,Not paired,AI is off,0,0,0
596000,23.7,0,6,1.07,0.32,0,0,28,1,0,11,False,True,0,0,53,42,31,3.78,AI is off,AI is off,AI is off,AI is off,Not paired,AI is off,0,0,0
598000,23.8,0,6,1.08,0.32,0,0,28,1,0,11,False,True,0,0,52,40,30,3.78,AI is off,AI is off,AI is off,AI is off,Not paired,AI is off,0,0,0
600000,23.8,0,6,1.08,0.32,0,0,27,1,0,11,False,True,0,0,53,41,32,3.78,AI is off,AI is off,AI is off,AI is off,Not paired,AI is off,0,0,0
602000,23.9,0,6,1.08,0.32,0,0,27,1,0,11,False,True,0,0,53,40,32,3.78,AI is off,AI is off,AI is off,AI is off,Not paired,AI is off,0,0,0
604000,23.8,0,6,1.08,0.32,0,0,26,1,0,11,False,True,0,0,53,41,33,3.78,AI is off,AI is off,AI is off,AI is off,Not paired,AI is off,0,0,0
606000,23.5,0,6,1.07,0.32,0,0,26,1,0,11,False,True,0,0,53,41,31,3.78,AI is off,AI is off,AI is off,AI is off,Not paired,AI is off,0,0,0
608000,23.4,0,6,1.06,0.32,0,0,26,1,0,11,False,True,0,0,53,41,32,3.78,AI is off,AI is off,AI is off,AI is off,Not paired,AI is off,0,0,0
610000,23.4,0,6,1.06,0.32,0,0,28,1,0,11,False,True,0,0,52,41,31,3.78,AI is off,AI is off,AI is off,AI is off,Not paired,AI is off,0,0,0
612000,23.6,0,6,1.07,0.32,0,0,28,1,0,11,False,True,0,0,53,41,30,3.78,AI is off,AI is off,AI is off,AI is off,Not paired,AI is off,0,0,0
614000,23.6,0,6,1.07,0.32,0,0,28,1,0,11,False,True,0,0,53,40,30,3.78,AI is off,AI is off,AI is off,AI is off,Not paired,AI is off,0,0,0
616000,23.6,0,6,1.07,0.32,0,0,28,1,0,11,False,True,0,0,52,40,30,3.78,AI is off,AI is off,AI is off,AI is off,Not paired,AI is off,0,0,0
618000,23.8,0,6,1.07,0.32,0,0,28,1,0,11,False,True,0,0,53,41,31,3.78,AI is off,AI is off,AI is off,AI is off,Not paired,AI is off,0,0,0
620000,24,0,6,1.08,0.32,0,0,26,1,0,11,False,True,0,0,52,40,28,3.78,AI is off,AI is off,AI is off,AI is off,Not paired,AI is off,0,0,0
622000,24.1,0,6,1.08,0.32,0,0,26,1,0,11,False,True,0,0,53,41,32,3.78,AI is off,AI is off,AI is off,AI is off,Not paired,AI is off,0,0,0
624000,24.2,0,6,1.09,0.32,0,0,26,1,0,11,False,True,0,0,52,40,30,3.78,AI is off,AI is off,AI is off,AI is off,Not paired,AI is off,0,0,0
626000,24.3,0,6,1.09,0.32,0,0,25,1,0,11,False,True,0,0,52,41,32,3.78,AI is off,AI is off,AI is off,AI is off,Not paired,AI is off,0,0,0
628000,24.5,0,6,1.1,0.32,0,0,25,1,0,11,False,True,0,0,53,41,31,3.78,AI is off,AI is off,AI is off,AI is off,Not paired,AI is off,0,0,0
630000,24.5,0,6,1.1,0.32,0,0,25,1,0,11,False,True,0,0,52,40,30,3.78,AI is off,AI is off,AI is off,AI is off,Not paired,AI is off,0,0,0
632000,24.6,0,6,1.1,0.32,0,0,25,1,0,11,False,True,0,0,51,40,29,3.78,AI is off,AI is off,AI is off,AI is off,Not paired,AI is off,0,0,0
634000,24.8,0,6,1.11,0.32,0,0,25,1,0,11,False,True,0,0,54,43,35,3.78,AI is off,AI is off,AI is off,AI is off,Not paired,AI is off,0,0,0
636000,24.8,0,6,1.11,0.32,0,0,23,1,0,11,False,True,0,0,54,43,34,3.78,AI is off,AI is off,AI is off,AI is off,Not paired,AI is off,0,0,0
638000,24.8,0,6,1.11,0.32,0,0,23,1,0,11,False,True,0,0,53,41,32,3.78,AI is off,AI is off,AI is off,AI is off,Not paired,AI is off,0,0,0
640000,24.8,0,6,1.11,0.32,0,0,23,1,0,11,False,True,0,0,51,41,29,3.78,AI is off,AI is off,AI is off,AI is off,Not paired,AI is off,0,0,0
642000,24.8,0,6,1.11,0.32,0,0,23,1,0,11,False,True,0,0,52,40,30,3.78,AI is off,AI is off,AI is off,AI is off,Not paired,AI is off,0,0,0
644000,24.9,0,6,1.11,0.32,0,0,23,1,0,11,False,True,0,0,53,41,30,3.78,AI is off,AI is off,AI is off,AI is off,Not paired,AI is off,0,0,0
646000,25,0,6,1.11,0.32,0,0,23,1,0,11,False,True,0,0,52,40,30,3.78,AI is off,AI is off,AI is off,AI is off,Not paired,AI is off,0,0,0
648000,24.9,0,6,1.11,0.32,0,0,23,1,0,11,False,True,0,0,53,41,32,3.78,AI is off,AI is off,AI is off,AI is off,Not paired,AI is off,0,0,0
650000,24.9,0,6,1.11,0.32,0,0,23,1,0,11,False,True,0,0,54,42,33,3.78,AI is off,AI is off,AI is off,AI is off,Not paired,AI is off,0,0,0
652000,24.9,0,6,1.11,0.32,0,0,23,1,0,11,False,True,0,0,53,41,31,3.78,AI is off,AI is off,AI is off,AI is off,Not paired,AI is off,0,0,0
654000,24.8,0,6,1.11,0.32,0,0,23,1,0,11,False,True,0,0,53,40,30,3.78,AI is off,AI is off,AI is off,AI is off,Not paired,AI is off,0,0,0
656000,24.8,0,6,1.11,0.32,0,0,23,1,0,11,False,True,0,0,54,42,31,3.78,AI is off,AI is off,AI is off,AI is off,Not paired,AI is off,0,0,0
658000,25,0,6,1.11,0.32,0,0,23,1,0,11,False,True,0,0,53,40,30,3.78,AI is off,AI is off,AI is off,AI is off,Not paired,AI is off,0,0,0
660000,25,0,6,1.12,0.32,0,0,23,1,0,11,False,True,0,0,53,41,30,3.78,AI is off,AI is off,AI is off,AI is off,Not paired,AI is off,0,0,0
662000,25.1,0,6,1.12,0.32,0,0,22,1,0,11,False,True,0,0,52,41,30,3.78,AI is off,AI is off,AI is off,AI is off,Not paired,AI is off,0,0,0
664000,25.1,0,6,1.12,0.32,0,0,22,1,0,11,False,True,0,0,53,41,30,3.78,AI is off,AI is off,AI is off,AI is off,Not paired,AI is off,0,0,0
666000,25.2,0,6,1.12,0.32,0,0,22,1,0,11,False,True,0,0,52,41,30,3.78,AI is off,AI is off,AI is off,AI is off,Not paired,AI is off,0,0,0
668000,25.4,0,6,1.12,0.32,0,0,22,1,0,11,False,True,0,0,53,40,31,3.78,AI is off,AI is off,AI is off,AI is off,Not paired,AI is off,0,0,0
670000,25.5,0,6,1.13,0.32,0,0,22,1,0,11,False,True,0,0,52,40,30,3.78,AI is off,AI is off,AI is off,AI is off,Not paired,AI is off,0,0,0
672000,25.6,0,6,1.13,0.32,0,0,22,1,0,11,False,True,0,0,54,43,35,3.78,AI is off,AI is off,AI is off,AI is off,Not paired,AI is off,0,0,0
674000,25.7,0,6,1.14,0.32,0,0,22,1,0,11,False,True,0,0,52,42,31,3.78,AI is off,AI is off,AI is off,AI is off,Not paired,AI is off,0,0,0
676000,25.6,0,6,1.13,0.32,0,0,21,1,0,11,False,True,0,0,52,40,28,3.78,AI is off,AI is off,AI is off,AI is off,Not paired,AI is off,0,0,0
678000,25.8,0,6,1.14,0.32,0,0,21,1,0,11,False,True,0,0,53,40,29,3.78,AI is off,AI is off,AI is off,AI is off,Not paired,AI is off,0,0,0
680000,25.9,0,6,1.14,0.32,0,0,20,1,0,11,False,True,0,0,52,40,29,3.78,AI is off,AI is off,AI is off,AI is off,Not paired,AI is off,0,0,0
682000,25.9,0,6,1.14,0.32,0,0,20,1,0,11,False,True,0,0,53,42,33,3.78,AI is off,AI is off,AI is off,AI is off,Not paired,AI is off,0,0,0
684000,26,0,6,1.15,0.32,0,0,20,1,0,11,False,True,0,0,53,41,30,3.78,AI is off,AI is off,AI is off,AI is off,Not paired,AI is off,0,0,0
686000,26.1,0,6,1.15,0.32,0,0,19,1,0,11,False,True,0,0,53,41,29,3.78,AI is off,AI is off,AI is off,AI is off,Not paired,AI is off,0,0,0
688000,26.2,0,6,1.15,0.32,0,0,19,1,0,11,False,True,0,0,52,39,31,3.78,AI is off,AI is off,AI is off,AI is off,Not paired,AI is off,0,0,0
690000,26.3,0,6,1.16,0.32,0,0,19,1,0,11,False,True,0,0,52,40,31,3.78,AI is off,AI is off,AI is off,AI is off,Not paired,AI is off,0,0,0
692000,26.4,0,6,1.16,0.32,0,0,19,1,0,11,False,True,0,0,53,41,32,3.78,AI is off,AI is off,AI is off,AI is off,Not paired,AI is off,0,0,0
694000,26.4,0,6,1.16,0.32,0,0,19,1,0,11,False,True,0,0,53,40,32,3.78,AI is off,AI is off,AI is off,AI is off,Not paired,AI is off,0,0,0
696000,26.4,0,6,1.16,0.32,0,0,18,1,0,11,False,True,0,0,52,40,33,3.78,AI is off,AI is off,AI is off,AI is off,Not paired,AI is off,0,0,0
698000,26.4,0,6,1.16,0.32,0,0,18,1,0,11,False,True,0,0,54,43,35,3.78,AI is off,AI is off,AI is off,AI is off,Not paired,AI is off,0,0,0
700000,26.5,0,6,1.16,0.32,0,0,18,1,0,11,False,True,0,0,52,40,29,3.78,AI is off,AI is off,AI is off,AI is off,Not paired,AI is off,0,0,0
702000,26.6,0,6,1.17,0.32,0,0,18,1,0,11,False,True,0,0,51,41,29,3.78,AI is off,AI is off,AI is off,AI is off,Not paired,AI is off,0,0,0
704000,26.5,0,6,1.16,0.32,0,0,18,1,0,11,False,True,0,0,52,41,30,3.78,AI is off,AI is off,AI is off,AI is off,Not paired,AI is off,0,0,0
706000,26.6,0,6,1.16,0.32,0,0,18,1,0,11,False,True,0,0,53,41,30,3.78,AI is off,AI is off,AI is off,AI is off,Not paired,AI is off,0,0,0
708000,26.7,0,6,1.17,0.32,0,0,18,1,0,11,False,True,0,0,52,39,29,3.78,AI is off,AI is off,AI is off,AI is off,Not paired,AI is off,0,0,0
710000,26.6,0,6,1.17,0.32,0,0,18,1,0,11,False,True,0,0,52,41,31,3.78,AI is off,AI is off,AI is off,AI is off,Not paired,AI is off,0,0,0
712000,26.5,0,6,1.16,0.32,0,0,18,1,0,11,False,True,0,0,53,41,31,3.78,AI is off,AI is off,AI is off,AI is off,Not paired,AI is off,0,0,0
714000,26.5,0,6,1.16,0.32,0,0,18,1,0,11,False,True,0,0,53,42,32,3.78,AI is off,AI is off,AI is off,AI is off,Not paired,AI is off,0,0,0
716000,26.5,0,6,1.16,0.32,0,0,18,1,0,11,False,True,0,0,53,41,31,3.78,AI is off,AI is off,AI is off,AI is off,Not paired,AI is off,0,0,0
718000,26.5,0,6,1.16,0.32,0,0,18,1,0,11,False,True,0,0,53,41,30,3.78,AI is off,AI is off,AI is off,AI is off,Not paired,AI is off,0,0,0
720000,26.5,0,6,1.16,0.32,0,0,18,1,0,11,False,True,0,0,53,41,30,3.78,AI is off,AI is off,AI is off,AI is off,Not paired,AI is off,0,0,0
722000,26.5,0,6,1.16,0.32,0,0,18,1,0,11,False,True,0,0,53,42,30,3.78,AI is off,AI is off,AI is off,AI is off,Not paired,AI is off,0,0,0
724000,26.4,0,6,1.16,0.32,0,0,18,1,0,11,False,True,0,0,52,41,29,3.78,AI is off,AI is off,AI is off,AI is off,Not paired,AI is off,0,0,0
726000,26.5,0,6,1.16,0.32,0,0,18,1,0,11,False,True,0,0,53,41,30,3.78,AI is off,AI is off,AI is off,AI is off,Not paired,AI is off,0,0,0
728000,26.7,0,6,1.17,0.32,0,0,18,1,0,11,False,True,0,0,52,39,29,3.78,AI is off,AI is off,AI is off,AI is off,Not paired,AI is off,0,0,0
730000,26.5,0,6,1.16,0.32,0,0,18,1,0,11,False,True,0,0,52,40,29,3.78,AI is off,AI is off,AI is off,AI is off,Not paired,AI is off,0,0,0
732000,26.5,0,6,1.16,0.32,0,0,18,1,0,11,False,True,0,0,54,42,31,3.78,AI is off,AI is off,AI is off,AI is off,Not paired,AI is off,0,0,0
734000,26.5,0,6,1.16,0.32,0,0,18,1,0,11,False,True,0,0,53,41,30,3.78,AI is off,AI is off,AI is off,AI is off,Not paired,AI is off,0,0,0
736000,26.6,0,6,1.16,0.32,0,0,18,1,0,11,False,True,0,0,53,42,30,3.78,AI is off,AI is off,AI is off,AI is off,Not paired,AI is off,0,0,0
738000,26.6,0,6,1.16,0.32,0,0,17,1,0,11,False,True,0,0,52,42,30,3.78,AI is off,AI is off,AI is off,AI is off,Not paired,AI is off,0,0,0
740000,26.7,0,6,1.17,0.32,0,0,17,1,0,11,False,True,0,0,53,41,31,3.78,AI is off,AI is off,AI is off,AI is off,Not paired,AI is off,0,0,0
742000,26.7,0,6,1.17,0.32,0,0,17,1,0,11,False,True,0,0,52,41,30,3.78,AI is off,AI is off,AI is off,AI is off,Not paired,AI is off,0,0,0
744000,26.7,0,6,1.17,0.32,0,0,17,1,0,11,False,True,0,0,52,40,30,3.78,AI is off,AI is off,AI is off,AI is off,Not paired,AI is off,0,0,0
746000,26.8,0,6,1.17,0.32,0,0,17,1,0,11,False,True,0,0,53,41,30,3.78,AI is off,AI is off,AI is off,AI is off,Not paired,AI is off,0,0,0
748000,26.7,0,6,1.17,0.32,0,0,17,1,0,11,False,True,0,0,54,42,34,3.78,AI is off,AI is off,AI is off,AI is off,Not paired,AI is off,0,0,0
750000,26.7,0,6,1.17,0.32,0,0,17,1,0,11,False,True,0,0,52,40,29,3.78,AI is off,AI is off,AI is off,AI is off,Not paired,AI is off,0,0,0
752000,26.8,0,6,1.17,0.32,0,0,17,1,0,11,False,True,0,0,53,42,30,3.78,AI is off,AI is off,AI is off,AI is off,Not paired,AI is off,0,0,0
754000,26.8,0,6,1.17,0.32,0,0,17,1,0,10,False,True,0,0,52,40,30,3.78,AI is off,AI is off,AI is off,AI is off,Not paired,AI is off,0,0,0
756000,26.7,0,6,1.17,0.32,0,0,17,1,0,11,False,True,0,0,52,41,29,3.78,AI is off,AI is off,AI is off,AI is off,Not paired,AI is off,0,0,0
758000,26.5,0,6,1.17,0.32,0,0,17,1,0,10,False,True,0,0,53,40,32,3.78,AI is off,AI is off,AI is off,AI is off,Not paired,AI is off,0,0,0
760000,26.4,0,6,1.16,0.32,0,0,17,1,0,11,False,True,0,0,53,42,30,3.78,AI is off,AI is off,AI is off,AI is off,Not paired,AI is off,0,0,0
762000,26.4,0,6,1.16,0.32,0,0,17,1,0,10,False,True,0,0,52,40,30,3.78,AI is off,AI is off,AI is off,AI is off,Not paired,AI is off,0,0,0
764000,26.4,0,6,1.16,0.32,0,0,17,1,0,11,False,True,0,0,51,40,29,3.78,AI is off,AI is off,AI is off,AI is off,Not paired,AI is off,0,0,0
766000,26.4,0,6,1.16,0.32,0,0,17,1,0,11,False,True,0,0,52,40,30,3.78,AI is off,AI is off,AI is off,AI is off,Not paired,AI is off,0,0,0
768000,26.3,0,6,1.16,0.32,0,0,17,1,0,11,False,True,0,0,53,42,30,3.78,AI is off,AI is off,AI is off,AI is off,Not paired,AI is off,0,0,0
770000,26.4,0,6,1.16,0.32,0,0,17,1,0,10,False,True,0,0,53,42,30,3.78,AI is off,AI is off,AI is off,AI is off,Not paired,AI is off,0,0,0
772000,26.4,0,6,1.16,0.32,0,0,17,1,0,10,False,True,0,0,53,41,30,3.78,AI is off,AI is off,AI is off,AI is off,Not paired,AI is off,0,0,0
774000,26.5,0,6,1.16,0.32,0,0,17,1,0,10,False,True,0,0,53,41,30,3.78,AI is off,AI is off,AI is off,AI is off,Not paired,AI is off,0,0,0
776000,26.6,0,6,1.17,0.32,0,0,17,1,0,10,False,True,0,0,52,41,30,3.78,AI is off,AI is off,AI is off,AI is off,Not paired,AI is off,0,0,0
778000,26.7,0,6,1.17,0.32,0,0,16,1,0,10,False,True,0,0,53,40,30,3.78,AI is off,AI is off,AI is off,AI is off,Not paired,AI is off,0,0,0
780000,26.7,0,6,1.17,0.32,0,0,16,1,0,10,False,True,0,0,53,41,33,3.78,AI is off,AI is off,AI is off,AI is off,Not paired,AI is off,0,0,0
782000,26.8,0,6,1.17,0.32,0,0,16,1,0,10,False,True,0,0,52,40,29,3.78,AI is off,AI is off,AI is off,AI is off,Not paired,AI is off,0,0,0
784000,26.7,0,6,1.17,0.32,0,0,16,1,0,10,False,True,0,0,51,40,28,3.78,AI is off,AI is off,AI is off,AI is off,Not paired,AI is off,0,0,0
786000,26.7,0,6,1.17,0.32,0,0,16,1,0,10,False,True,0,0,52,41,29,3.78,AI is off,AI is off,AI is off,AI is off,Not paired,AI is off,0,0,0
788000,26.6,0,6,1.16,0.32,0,0,16,1,0,10,False,True,0,0,52,40,32,3.78,AI is off,AI is off,AI is off,AI is off,Not paired,AI is off,0,0,0
790000,26.5,0,6,1.16,0.32,0,0,16,1,0,10,False,True,0,0,53,41,32,3.78,AI is off,AI is off,AI is off,AI is off,Not paired,AI is off,0,0,0
792000,26.4,0,6,1.16,0.32,0,0,16,1,0,10,False,True,0,0,52,40,29,3.78,AI is off,AI is off,AI is off,AI is off,Not paired,AI is off,0,0,0
794000,26.4,0,6,1.16,0.32,0,0,17,1,0,10,False,True,0,0,52,41,31,3.78,AI is off,AI is off,AI is off,AI is off,Not paired,AI is off,0,0,0
796000,26.5,0,6,1.16,0.32,0,0,17,1,0,10,False,True,0,0,53,40,33,3.78,AI is off,AI is off,AI is off,AI is off,Not paired,AI is off,0,0,0
798000,26.4,0,6,1.16,0.32,0,0,17,1,0,10,False,True,0,0,52,40,30,3.78,AI is off,AI is off,AI is off,AI is off,Not paired,AI is off,0,0,0
800000,26.3,0,6,1.15,0.32,0,0,17,1,0,10,False,True,0,0,53,41,30,3.78,AI is off,AI is off,AI is off,AI is off,Not paired,AI is off,0,0,0
802000,26.3,0,6,1.16,0.32,0,0,17,1,0,10,False,True,0,0,52,41,29,3.78,AI is off,AI is off,AI is off,AI is off,Not paired,AI is off,0,0,0
804000,26.3,0,6,1.16,0.32,0,0,17,1,0,10,False,True,0,0,53,41,30,3.78,AI is off,AI is off,AI is off,AI is off,Not paired,AI is off,0,0,0
806000,26.3,0,6,1.16,0.32,0,0,17,1,0,10,False,True,0,0,54,42,31,3.78,AI is off,AI is off,AI is off,AI is off,Not paired,AI is off,0,0,0
808000,26.4,0,6,1.16,0.32,0,0,17,1,0,10,False,True,0,0,53,41,31,3.78,AI is off,AI is off,AI is off,AI is off,Not paired,AI is off,0,0,0
810000,26.4,0,6,1.16,0.32,0,0,16,1,0,10,False,True,0,0,53,41,30,3.78,AI is off,AI is off,AI is off,AI is off,Not paired,AI is off,0,0,0
812000,26.4,0,6,1.16,0.32,0,0,16,1,0,10,False,True,0,0,53,41,30,3.78,AI is off,AI is off,AI is off,AI is off,Not paired,AI is off,0,0,0
814000,26.6,0,6,1.17,0.32,0,0,16,1,0,10,False,True,0,0,53,42,31,3.78,AI is off,AI is off,AI is off,AI is off,Not paired,AI is off,0,0,0
816000,26.8,0,6,1.17,0.32,0,0,16,1,0,10,False,True,0,0,53,42,30,3.78,AI is off,AI is off,AI is off,AI is off,Not paired,AI is off,0,0,0
818000,26.9,0,6,1.17,0.32,0,0,16,1,0,10,False,True,0,0,53,42,31,3.78,AI is off,AI is off,AI is off,AI is off,Not paired,AI is off,0,0,0
820000,27,0,6,1.18,0.32,0,0,16,1,0,10,False,True,0,0,52,41,31,3.78,AI is off,AI is off,AI is off,AI is off,Not paired,AI is off,0,0,0
822000,26.9,0,6,1.18,0.32,0,0,16,1,0,10,False,True,0,0,51,40,29,3.78,AI is off,AI is off,AI is off,AI is off,Not paired,AI is off,0,0,0
824000,27,0,6,1.18,0.32,0,0,15,1,0,10,False,True,0,0,54,42,31,3.78,AI is off,AI is off,AI is off,AI is off,Not paired,AI is off,0,0,0
826000,26.9,0,6,1.18,0.32,0,0,15,1,0,10,False,True,0,0,53,42,32,3.78,AI is off,AI is off,AI is off,AI is off,Not paired,AI is off,0,0,0
828000,27,0,6,1.18,0.32,0,0,15,1,0,10,False,True,0,0,51,40,30,3.78,AI is off,AI is off,AI is off,AI is off,Not paired,AI is off,0,0,0
830000,27,0,6,1.18,0.32,0,0,15,1,0,10,False,True,0,0,53,42,31,3.78,AI is off,AI is off,AI is off,AI is off,Not paired,AI is off,0,0,0
832000,26.8,0,6,1.17,0.32,0,0,15,1,0,10,False,True,0,0,52,39,28,3.78,AI is off,AI is off,AI is off,AI is off,Not paired,AI is off,0,0,0
834000,26.7,0,6,1.17,0.32,0,0,15,1,0,10,False,True,0,0,53,41,31,3.78,AI is off,AI is off,AI is off,AI is off,Not paired,AI is off,0,0,0
836000,26.7,0,6,1.17,0.32,0,0,15,1,0,10,False,True,0,0,52,39,29,3.78,AI is off,AI is off,AI is off,AI is off,Not paired,AI is off,0,0,0
838000,26.6,0,6,1.16,0.32,0,0,15,1,0,10,False,True,0,0,53,41,32,3.78,AI is off,AI is off,AI is off,AI is off,Not paired,AI is off,0,0,0
840000,26.5,0,6,1.16,0.32,0,0,15,1,0,10,False,True,0,0,52,39,29,3.78,AI is off,AI is off,AI is off,AI is off,Not paired,AI is off,0,0,0
842000,26.5,0,6,1.16,0.32,0,0,15,1,0,10,False,True,0,0,53,42,31,3.78,AI is off,AI is off,AI is off,AI is off,Not paired,AI is off,0,0,0
844000,26.6,0,6,1.17,0.32,0,0,15,1,0,10,False,True,0,0,52,40,29,3.78,AI is off,AI is off,AI is off,AI is off,Not paired,AI is off,0,0,0
846000,26.5,0,6,1.16,0.32,0,0,15,1,0,10,False,True,0,0,51,40,30,3.78,AI is off,AI is off,AI is off,AI is off,Not paired,AI is off,0,0,0
848000,26.5,0,6,1.16,0.32,0,0,15,1,0,10,False,True,0,0,52,40,31,3.78,AI is off,AI is off,AI is off,AI is off,Not paired,AI is off,0,0,0
850000,26.5,0,6,1.16,0.32,0,0,16,1,0,10,False,True,0,0,53,41,30,3.78,AI is off,AI is off,AI is off,AI is off,Not paired,AI is off,0,0,0
852000,26.6,0,6,1.17,0.32,0,0,16,1,0,10,False,True,0,0,53,42,31,3.78,AI is off,AI is off,AI is off,AI is off,Not paired,AI is off,0,0,0
854000,26.6,0,6,1.17,0.32,0,0,16,1,0,10,False,True,0,0,52,40,29,3.78,AI is off,AI is off,AI is off,AI is off,Not paired,AI is off,0,0,0
856000,26.6,0,6,1.16,0.32,0,0,16,1,0,10,False,True,0,0,52,41,30,3.78,AI is off,AI is off,AI is off,AI is off,Not paired,AI is off,0,0,0
858000,26.7,0,6,1.17,0.32,0,0,16,1,0,10,False,True,0,0,53,42,30,3.78,AI is off,AI is off,AI is off,AI is off,Not paired,AI is off,0,0,0
860000,26.7,0,6,1.17,0.32,0,0,15,1,0,10,False,True,0,0,52,40,29,3.78,AI is off,AI is off,AI is off,AI is off,Not paired,AI is off,0,0,0
862000,26.8,0,6,1.17,0.32,0,0,15,1,0,10,False,True,0,0,53,40,32,3.78,AI is off,AI is off,AI is off,AI is off,Not paired,AI is off,0,0,0
864000,26.9,0,6,1.17,0.32,0,0,15,1,0,10,False,True,0,0,53,40,32,3.78,AI is off,AI is off,AI is off,AI is off,Not paired,AI is off,0,0,0
866000,26.9,0,6,1.17,0.32,0,0,14,1,0,10,False,True,0,0,53,41,32,3.78,AI is off,AI is off,AI is off,AI is off,Not paired,AI is off,0,0,0
868000,26.9,0,6,1.18,0.32,0,0,14,1,0,10,False,True,0,0,52,39,29,3.78,AI is off,AI is off,AI is off,AI is off,Not paired,AI is off,0,0,0
870000,27,0,6,1.18,0.32,0,0,14,1,0,10,False,True,0,0,53,42,32,3.78,AI is off,AI is off,AI is off,AI is off,Not paired,AI is off,0,0,0
872000,26.9,0,6,1.18,0.32,0,0,14,1,0,10,False,True,0,0,52,40,31,3.78,AI is off,AI is off,AI is off,AI is off,Not paired,AI is off,0,0,0
874000,26.8,0,6,1.17,0.32,0,0,14,1,0,10,False,True,0,0,53,41,31,3.78,AI is off,AI is off,AI is off,AI is off,Not paired,AI is off,0,0,0
876000,26.8,0,6,1.17,0.32,0,0,14,1,0,10,False,True,0,0,53,41,30,3.78,AI is off,AI is off,AI is off,AI is off,Not paired,AI is off,0,0,0
878000,26.9,0,6,1.17,0.32,0,0,14,1,0,10,False,True,0,0,54,42,31,3.78,AI is off,AI is off,AI is off,AI is off,Not paired,AI is off,0,0,0
880000,27,0,6,1.18,0.32,0,0,14,1,0,10,False,True,0,0,52,41,30,3.78,AI is off,AI is off,AI is off,AI is off,Not paired,AI is off,0,0,0
882000,27,0,6,1.18,0.32,0,0,14,1,0,10,False,True,0,0,51,40,30,3.78,AI is off,AI is off,AI is off,AI is off,Not paired,AI is off,0,0,0
884000,27,0,6,1.18,0.32,0,0,14,1,0,10,False,True,0,0,53,42,31,3.78,AI is off,AI is off,AI is off,AI is off,Not paired,AI is off,0,0,0
886000,27,0,6,1.18,0.32,0,0,14,1,0,10,False,True,0,0,53,42,31,3.78,AI is off,AI is off,AI is off,AI is off,Not paired,AI is off,0,0,0
888000,27,0,6,1.18,0.32,0,0,14,1,0,10,False,True,0,0,52,40,31,3.78,AI is off,AI is off,AI is off,AI is off,Not paired,AI is off,0,0,0
890000,27.1,0,6,1.18,0.32,0,0,14,1,0,10,False,True,0,0,53,40,30,3.78,AI is off,AI is off,AI is off,AI is off,Not paired,AI is off,0,0,0
892000,27,0,6,1.18,0.32,0,0,14,1,0,10,False,True,0,0,53,41,30,3.78,AI is off,AI is off,AI is off,AI is off,Not paired,AI is off,0,0,0
894000,27.1,0,6,1.18,0.32,0,0,14,1,0,10,False,True,0,0,53,41,31,3.78,AI is off,AI is off,AI is off,AI is off,Not paired,AI is off,0,0,0
896000,27,0,6,1.18,0.32,0,0,14,1,0,10,False,True,0,0,52,40,30,3.78,AI is off,AI is off,AI is off,AI is off,Not paired,AI is off,0,0,0
898000,26.9,0,6,1.18,0.32,0,0,14,1,0,10,False,True,0,0,53,40,30,3.78,AI is off,AI is off,AI is off,AI is off,Not paired,AI is off,0,0,0
900000,26.8,0,6,1.17,0.32,0,0,14,1,0,10,False,True,0,0,53,41,30,3.78,AI is off,AI is off,AI is off,AI is off,Not paired,AI is off,0,0,0
902000,26.8,0,6,1.17,0.32,0,0,14,1,0,10,False,True,0,0,52,41,30,3.78,AI is off,AI is off,AI is off,AI is off,Not paired,AI is off,0,0,0
904000,26.7,0,6,1.17,0.32,0,0,14,1,0,10,False,True,0,0,54,43,32,3.78,AI is off,AI is off,AI is off,AI is off,Not paired,AI is off,0,0,0
906000,26.5,0,6,1.16,0.32,0,0,14,1,0,10,False,True,0,0,53,42,32,3.78,AI is off,AI is off,AI is off,AI is off,Not paired,AI is off,0,0,0
908000,26.5,0,6,1.16,0.32,0,0,14,1,0,10,False,True,0,0,52,40,30,3.78,AI is off,AI is off,AI is off,AI is off,Not paired,AI is off,0,0,0
910000,26.6,0,6,1.17,0.32,0,0,14,1,0,10,False,True,0,0,53,42,32,3.78,AI is off,AI is off,AI is off,AI is off,Not paired,AI is off,0,0,0
912000,26.6,0,6,1.17,0.32,0,0,14,1,0,10,False,True,0,0,52,40,30,3.78,AI is off,AI is off,AI is off,AI is off,Not paired,AI is off,0,0,0
914000,26.7,0,6,1.17,0.32,0,0,14,1,0,10,False,True,0,0,53,41,30,3.78,AI is off,AI is off,AI is off,AI is off,Not paired,AI is off,0,0,0
916000,26.8,0,6,1.17,0.32,0,0,14,1,0,10,False,True,0,0,52,41,31,3.78,AI is off,AI is off,AI is off,AI is off,Not paired,AI is off,0,0,0
918000,26.8,0,6,1.17,0.32,0,0,14,1,0,10,False,True,0,0,52,40,29,3.78,AI is off,AI is off,AI is off,AI is off,Not paired,AI is off,0,0,0
920000,26.9,0,6,1.17,0.32,0,0,14,1,0,10,False,True,0,0,53,42,32,3.78,AI is off,AI is off,AI is off,AI is off,Not paired,AI is off,0,0,0
922000,26.8,0,6,1.17,0.32,0,0,14,1,0,10,False,True,0,0,53,42,31,3.78,AI is off,AI is off,AI is off,AI is off,Not paired,AI is off,0,0,0
924000,26.9,0,6,1.17,0.32,0,0,14,1,0,10,False,True,0,0,53,41,32,3.78,AI is off,AI is off,AI is off,AI is off,Not paired,AI is off,0,0,0
926000,26.8,0,6,1.17,0.32,0,0,14,1,0,10,False,True,0,0,52,40,29,3.78,AI is off,AI is off,AI is off,AI is off,Not paired,AI is off,0,0,0
928000,26.7,0,6,1.17,0.32,0,0,14,1,0,10,False,True,0,0,52,41,30,3.78,AI is off,AI is off,AI is off,AI is off,Not paired,AI is off,0,0,0
930000,26.8,0,6,1.17,0.32,0,0,14,1,0,10,False,True,0,0,51,40,30,3.78,AI is off,AI is off,AI is off,AI is off,Not paired,AI is off,0,0,0
932000,26.9,0,6,1.17,0.32,0,0,13,1,0,10,False,True,0,0,52,40,30,3.78,AI is off,AI is off,AI is off,AI is off,Not paired,AI is off,0,0,0
934000,26.9,0,6,1.18,0.32,0,0,13,1,0,10,False,True,0,0,52,40,29,3.78,AI is off,AI is off,AI is off,AI is off,Not paired,AI is off,0,0,0
936000,27,0,6,1.18,0.32,0,0,13,1,0,10,False,True,0,0,53,40,30,3.78,AI is off,AI is off,AI is off,AI is off,Not paired,AI is off,0,0,0
938000,26.9,0,6,1.18,0.32,0,0,13,1,0,10,False,True,0,0,52,40,30,3.78,AI is off,AI is off,AI is off,AI is off,Not paired,AI is off,0,0,0
940000,27,0,6,1.18,0.32,0,0,13,1,0,10,False,True,0,0,52,40,31,3.78,AI is off,AI is off,AI is off,AI is off,Not paired,AI is off,0,0,0
942000,27,0,6,1.18,0.32,0,0,13,1,0,10,False,True,0,0,53,41,33,3.78,AI is off,AI is off,AI is off,AI is off,Not paired,AI is off,0,0,0
944000,27,0,6,1.18,0.32,0,0,13,1,0,10,False,True,0,0,53,42,34,3.78,AI is off,AI is off,AI is off,AI is off,Not paired,AI is off,0,0,0
946000,27,0,6,1.18,0.32,0,0,13,1,0,10,False,True,0,0,53,42,33,3.78,AI is off,AI is off,AI is off,AI is off,Not paired,AI is off,0,0,0
948000,27,0,6,1.18,0.32,0,0,13,1,0,10,False,True,0,0,53,41,34,3.78,AI is off,AI is off,AI is off,AI is off,Not paired,AI is off,0,0,0
950000,27,0,6,1.18,0.32,0,0,13,1,0,10,False,True,0,0,53,41,33,3.78,AI is off,AI is off,AI is off,AI is off,Not paired,AI is off,0,0,0
952000,26.9,0,6,1.18,0.32,0,0,13,1,0,10,False,True,0,0,53,41,32,3.78,AI is off,AI is off,AI is off,AI is off,Not paired,AI is off,0,0,0
954000,26.9,0,6,1.18,0.32,0,0,13,1,0,10,False,True,0,0,53,40,32,3.78,AI is off,AI is off,AI is off,AI is off,Not paired,AI is off,0,0,0
956000,26.9,0,6,1.18,0.32,0,0,13,1,0,10,False,True,0,0,53,41,33,3.78,AI is off,AI is off,AI is off,AI is off,Not paired,AI is off,0,0,0
958000,26.9,0,6,1.17,0.32,0,0,13,1,0,10,False,True,0,0,52,41,30,3.78,AI is off,AI is off,AI is off,AI is off,Not paired,AI is off,0,0,0
960000,26.9,0,6,1.17,0.32,0,0,13,1,0,10,False,True,0,0,52,40,30,3.78,AI is off,AI is off,AI is off,AI is off,Not paired,AI is off,0,0,0
962000,26.8,0,6,1.17,0.32,0,0,13,1,0,10,False,True,0,0,53,41,30,3.78,AI is off,AI is off,AI is off,AI is off,Not paired,AI is off,0,0,0
964000,26.8,0,6,1.17,0.32,0,0,13,1,0,10,False,True,0,0,54,42,33,3.78,AI is off,AI is off,AI is off,AI is off,Not paired,AI is off,0,0,0
966000,26.8,0,6,1.17,0.32,0,0,13,1,0,10,False,True,0,0,53,41,33,3.78,AI is off,AI is off,AI is off,AI is off,Not paired,AI is off,0,0,0
968000,26.7,0,6,1.17,0.32,0,0,13,1,0,10,False,True,0,0,53,42,34,3.78,AI is off,AI is off,AI is off,AI is off,Not paired,AI is off,0,0,0
970000,26.6,0,6,1.17,0.32,0,0,13,1,0,10,False,True,0,0,53,41,33,3.78,AI is off,AI is off,AI is off,AI is off,Not paired,AI is off,0,0,0
972000,26.6,0,6,1.17,0.32,0,0,13,1,0,10,False,True,0,0,53,41,32,3.78,AI is off,AI is off,AI is off,AI is off,Not paired,AI is off,0,0,0
974000,26.7,0,6,1.17,0.32,0,0,13,1,0,10,False,True,0,0,53,41,31,3.78,AI is off,AI is off,AI is off,AI is off,Not paired,AI is off,0,0,0
976000,26.7,0,6,1.17,0.32,0,0,13,1,0,10,False,True,0,0,53,41,33,3.78,AI is off,AI is off,AI is off,AI is off,Not paired,AI is off,0,0,0
978000,26.6,0,6,1.17,0.32,0,0,13,1,0,10,False,True,0,0,53,42,33,3.78,AI is off,AI is off,AI is off,AI is off,Not paired,AI is off,0,0,0
980000,26.5,0,6,1.16,0.32,0,0,13,1,0,10,False,True,0,0,52,41,31,3.78,AI is off,AI is off,AI is off,AI is off,Not paired,AI is off,0,0,0
982000,26.5,0,6,1.16,0.32,0,0,13,1,0,10,False,True,0,0,53,41,30,3.78,AI is off,AI is off,AI is off,AI is off,Not paired,AI is off,0,0,0
984000,26.5,0,6,1.16,0.32,0,0,13,1,0,10,False,True,0,0,54,42,32,3.78,AI is off,AI is off,AI is off,AI is off,Not paired,AI is off,0,0,0
986000,26.3,0,6,1.16,0.32,0,0,13,1,0,10,False,True,0,0,52,40,29,3.78,AI is off,AI is off,AI is off,AI is off,Not paired,AI is off,0,0,0
988000,26.4,0,6,1.16,0.32,0,0,13,1,0,10,False,True,0,0,52,41,30,3.78,AI is off,AI is off,AI is off,AI is off,Not paired,AI is off,0,0,0
990000,26.4,0,6,1.16,0.32,0,0,13,1,0,10,False,True,0,0,53,42,31,3.78,AI is off,AI is off,AI is off,AI is off,Not paired,AI is off,0,0,0
992000,26.3,0,6,1.16,0.32,0,0,13,1,0,10,False,True,0,0,53,42,31,3.78,AI is off,AI is off,AI is off,AI is off,Not paired,AI is off,0,0,0
994000,26.2,0,6,1.15,0.32,0,0,14,1,0,10,False,True,0,0,53,42,31,3.78,AI is off,AI is off,AI is off,AI is off,Not paired,AI is off,0,0,0
996000,26.2,0,6,1.15,0.32,0,0,14,1,0,10,False,True,0,0,53,41,31,3.78,AI is off,AI is off,AI is off,AI is off,Not paired,AI is off,0,0,0
998000,26.2,0,6,1.15,0.32,0,0,14,1,0,10,False,True,0,0,52,40,30,3.78,AI is off,AI is off,AI is off,AI is off,Not paired,AI is off,0,0,0
1000000,26.2,0,6,1.15,0.32,0,0,14,1,0,10,False,True,0,0,52,40,30,3.78,AI is off,AI is off,AI is off,AI is off,Not paired,AI is off,0,0,0
1002000,26.1,0,6,1.15,0.32,0,0,14,1,0,10,False,True,0,0,53,41,31,3.78,AI is off,AI is off,AI is off,AI is off,Not paired,AI is off,0,0,0
1004000,26.1,0,6,1.15,0.32,0,0,14,1,0,10,False,True,0,0,52,41,31,3.78,AI is off,AI is off,AI is off,AI is off,Not paired,AI is off,0,0,0
1006000,26.2,0,6,1.15,0.32,0,0,14,1,0,10,False,True,0,0,53,42,31,3.78,AI is off,AI is off,AI is off,AI is off,Not paired,AI is off,0,0,0
1008000,26.4,0,6,1.16,0.32,0,0,13,1,0,10,False,True,0,0,53,42,31,3.78,AI is off,AI is off,AI is off,AI is off,Not paired,AI is off,0,0,0
1010000,26.5,0,6,1.16,0.32,0,0,13,1,0,10,False,True,0,0,53,41,32,3.78,AI is off,AI is off,AI is off,AI is off,Not paired,AI is off,0,0,0
1012000,26.3,0,6,1.16,0.32,0,0,13,1,0,10,False,True,0,0,52,42,30,3.78,AI is off,AI is off,AI is off,AI is off,Not paired,AI is off,0,0,0
1014000,26,0,6,1.15,0.32,0,0,14,1,0,10,False,True,0,0,54,43,33,3.78,AI is off,AI is off,AI is off,AI is off,Not paired,AI is off,0,0,0
1016000,25.8,0,6,1.14,0.32,0,0,14,1,0,10,False,True,0,0,52,41,30,3.78,AI is off,AI is off,AI is off,AI is off,Not paired,AI is off,0,0,0
1018000,25.8,0,6,1.14,0.32,0,0,14,1,0,10,False,True,0,0,52,40,31,3.78,AI is off,AI is off,AI is off,AI is off,Not paired,AI is off,0,0,0
1020000,25.7,0,6,1.14,0.32,0,0,14,1,0,10,False,True,0,0,52,40,32,3.78,AI is off,AI is off,AI is off,AI is off,Not paired,AI is off,0,0,0
1022000,25.6,0,6,1.13,0.32,0,0,14,1,0,10,False,True,0,0,53,40,31,3.78,AI is off,AI is off,AI is off,AI is off,Not paired,AI is off,0,0,0
1024000,25.6,0,6,1.13,0.32,0,0,14,1,0,10,False,True,0,0,53,40,32,3.78,AI is off,AI is off,AI is off,AI is off,Not paired,AI is off,0,0,0
1026000,25.4,0,6,1.13,0.32,0,0,14,1,0,10,False,True,0,0,52,41,32,3.78,AI is off,AI is off,AI is off,AI is off,Not paired,AI is off,0,0,0
1028000,25,0,6,1.12,0.32,0,0,14,1,0,10,False,True,0,0,52,40,30,3.78,AI is off,AI is off,AI is off,AI is off,Not paired,AI is off,0,0,0
1030000,24.8,0,6,1.11,0.32,0,0,15,1,0,10,False,True,0,0,52,40,33,3.78,AI is off,AI is off,AI is off,AI is off,Not paired,AI is off,0,0,0
1032000,24.6,0,6,1.1,0.32,0,0,15,1,0,10,False,True,0,0,53,41,31,3.78,AI is off,AI is off,AI is off,AI is off,Not paired,AI is off,0,0,0
1034000,24.5,0,6,1.1,0.32,0,0,16,1,0,10,False,True,0,0,52,41,31,3.78,AI is off,AI is off,AI is off,AI is off,Not paired,AI is off,0,0,0
1036000,24.7,0,6,1.1,0.32,0,0,16,1,0,10,False,True,0,0,53,42,31,3.78,AI is off,AI is off,AI is off,AI is off,Not paired,AI is off,0,0,0
1038000,24.6,0,6,1.1,0.32,0,0,16,1,0,10,False,True,0,0,52,41,30,3.78,AI is off,AI is off,AI is off,AI is off,Not paired,AI is off,0,0,0
1040000,24.4,0,6,1.1,0.32,0,0,16,1,0,10,False,True,0,0,54,42,32,3.78,AI is off,AI is off,AI is off,AI is off,Not paired,AI is off,0,0,0
1042000,24.4,0,6,1.1,0.32,0,0,16,1,0,10,False,True,0,0,52,40,31,3.78,AI is off,AI is off,AI is off,AI is off,Not paired,AI is off,0,0,0
1044000,24.3,0,6,1.09,0.32,0,0,16,1,0,10,False,True,0,0,52,40,29,3.78,AI is off,AI is off,AI is off,AI is off,Not paired,AI is off,0,0,0
1046000,24.5,0,6,1.1,0.32,0,0,16,1,0,10,False,True,0,0,52,40,30,3.78,AI is off,AI is off,AI is off,AI is off,Not paired,AI is off,0,0,0
1048000,24.5,0,6,1.1,0.32,0,0,16,1,0,10,False,True,0,0,53,41,31,3.78,AI is off,AI is off,AI is off,AI is off,Not paired,AI is off,0,0,0
1050000,24.6,0,6,1.1,0.32,0,0,16,1,0,10,False,True,0,0,52,41,30,3.78,AI is off,AI is off,AI is off,AI is off,Not paired,AI is off,0,0,0
1052000,24.8,0,6,1.11,0.32,0,0,16,1,0,10,False,True,0,0,52,40,32,3.78,AI is off,AI is off,AI is off,AI is off,Not paired,AI is off,0,0,0
1054000,24.9,0,6,1.11,0.32,0,0,16,1,0,10,False,True,0,0,51,40,31,3.78,AI is off,AI is off,AI is off,AI is off,Not paired,AI is off,0,0,0
1056000,24.8,0,6,1.11,0.32,0,0,16,1,0,10,False,True,0,0,53,41,31,3.78,AI is off,AI is off,AI is off,AI is off,Not paired,AI is off,0,0,0
1058000,25,0,6,1.12,0.32,0,0,16,1,0,10,False,True,0,0,52,41,31,3.78,AI is off,AI is off,AI is off,AI is off,Not paired,AI is off,0,0,0
1060000,24.8,0,6,1.11,0.32,0,0,15,1,0,10,False,True,0,0,53,41,33,3.78,AI is off,AI is off,AI is off,AI is off,Not paired,AI is off,0,0,0
1062000,24.9,0,6,1.11,0.32,0,0,15,1,0,10,False,True,0,0,52,40,31,3.78,AI is off,AI is off,AI is off,AI is off,Not paired,AI is off,0,0,0
1064000,25,0,6,1.11,0.32,0,0,15,1,0,10,False,True,0,0,53,42,31,3.78,AI is off,AI is off,AI is off,AI is off,Not paired,AI is off,0,0,0
1066000,25,0,6,1.11,0.32,0,0,15,1,0,10,False,True,0,0,52,40,30,3.78,AI is off,AI is off,AI is off,AI is off,Not paired,AI is off,0,0,0
1068000,25,0,6,1.11,0.32,0,0,15,1,0,10,False,True,0,0,52,40,31,3.78,AI is off,AI is off,AI is off,AI is off,Not paired,AI is off,0,0,0
1070000,25,0,6,1.11,0.32,0,0,15,1,0,10,False,True,0,0,52,41,30,3.78,AI is off,AI is off,AI is off,AI is off,Not paired,AI is off,0,0,0
1072000,24.9,0,6,1.11,0.32,0,0,15,1,0,10,False,True,0,0,52,40,32,3.78,AI is off,AI is off,AI is off,AI is off,Not paired,AI is off,0,0,0
1074000,25.1,0,6,1.12,0.32,0,0,15,1,0,10,False,True,0,0,53,40,29,3.78,AI is off,AI is off,AI is off,AI is off,Not paired,AI is off,0,0,0
1076000,25.1,0,6,1.12,0.32,0,0,15,1,0,10,False,True,0,0,53,41,30,3.78,AI is off,AI is off,AI is off,AI is off,Not paired,AI is off,0,0,0
1078000,25.3,0,6,1.12,0.32,0,0,15,1,0,10,False,True,0,0,53,41,30,3.78,AI is off,AI is off,AI is off,AI is off,Not paired,AI is off,0,0,0
1080000,25.4,0,6,1.13,0.32,0,0,15,1,0,10,False,True,0,0,53,41,31,3.78,AI is off,AI is off,AI is off,AI is off,Not paired,AI is off,0,0,0
1082000,25.5,0,6,1.13,0.32,0,0,14,1,0,10,False,True,0,0,52,40,32,3.78,AI is off,AI is off,AI is off,AI is off,Not paired,AI is off,0,0,0
1084000,25.5,0,6,1.13,0.32,0,0,14,1,0,10,False,True,0,0,52,40,31,3.78,AI is off,AI is off,AI is off,AI is off,Not paired,AI is off,0,0,0
1086000,25.5,0,6,1.13,0.32,0,0,14,1,0,10,False,True,0,0,52,40,32,3.78,AI is off,AI is off,AI is off,AI is off,Not paired,AI is off,0,0,0
1088000,25.6,0,6,1.13,0.32,0,0,14,1,0,10,False,True,0,0,52,40,30,3.78,AI is off,AI is off,AI is off,AI is off,Not paired,AI is off,0,0,0
1090000,25.4,0,6,1.13,0.32,0,0,14,1,0,10,False,True,0,0,52,42,30,3.78,AI is off,AI is off,AI is off,AI is off,Not paired,AI is off,0,0,0
1092000,25.3,0,6,1.12,0.32,0,0,14,1,0,10,False,True,0,0,52,40,30,3.78,AI is off,AI is off,AI is off,AI is off,Not paired,AI is off,0,0,0
1094000,25.2,0,6,1.12,0.32,0,0,14,1,0,10,False,True,0,0,53,40,30,3.78,AI is off,AI is off,AI is off,AI is off,Not paired,AI is off,0,0,0
1096000,25,0,6,1.12,0.32,0,0,14,1,0,10,False,True,0,0,53,42,31,3.78,AI is off,AI is off,AI is off,AI is off,Not paired,AI is off,0,0,0
1098000,24.9,0,6,1.11,0.32,0,0,14,1,0,10,False,True,0,0,53,41,30,3.78,AI is off,AI is off,AI is off,AI is off,Not paired,AI is off,0,0,0
1100000,24.6,0,6,1.11,0.32,0,0,14,1,0,10,False,True,0,0,53,40,32,3.77,AI is off,AI is off,AI is off,AI is off,Not paired,AI is off,0,0,0
1102000,24.4,0,6,1.1,0.32,0,0,15,1,0,10,False,True,0,0,52,40,32,3.78,AI is off,AI is off,AI is off,AI is off,Not paired,AI is off,0,0,0
1104000,24.3,0,6,1.09,0.32,0,0,15,1,0,10,False,True,0,0,52,40,32,3.78,AI is off,AI is off,AI is off,AI is off,Not paired,AI is off,0,0,0
1106000,24,0,6,1.08,0.32,0,0,16,1,0,10,False,True,0,0,52,40,31,3.78,AI is off,AI is off,AI is off,AI is off,Not paired,AI is off,0,0,0
1108000,23.7,0,6,1.08,0.32,0,0,16,1,0,10,False,True,0,0,52,41,31,3.78,AI is off,AI is off,AI is off,AI is off,Not paired,AI is off,0,0,0
1110000,23.3,0,6,1.06,0.32,0,0,16,1,0,10,False,True,0,0,52,41,30,3.78,AI is off,AI is off,AI is off,AI is off,Not paired,AI is off,0,0,0
1112000,23,0,6,1.05,0.32,0,0,16,1,0,10,False,True,0,0,53,40,32,3.78,AI is off,AI is off,AI is off,AI is off,Not paired,AI is off,0,0,0
1114000,23,0,6,1.05,0.32,0,0,16,1,0,10,False,True,0,0,52,41,30,3.78,AI is off,AI is off,AI is off,AI is off,Not paired,AI is off,0,0,0
1116000,22.9,0,6,1.05,0.32,0,0,16,1,0,10,False,True,0,0,52,40,30,3.78,AI is off,AI is off,AI is off,AI is off,Not paired,AI is off,0,0,0
1118000,22.6,0,6,1.04,0.32,0,0,19,1,0,10,False,True,0,0,53,41,30,3.78,AI is off,AI is off,AI is off,AI is off,Not paired,AI is off,0,0,0
1120000,22.4,0,6,1.03,0.32,0,0,19,1,0,10,False,True,0,0,53,41,31,3.78,AI is off,AI is off,AI is off,AI is off,Not paired,AI is off,0,0,0
1122000,22.3,0,6,1.03,0.32,0,0,21,1,0,10,False,True,0,0,52,39,31,3.78,AI is off,AI is off,AI is off,AI is off,Not paired,AI is off,0,0,0
1124000,22.3,0,6,1.03,0.32,0,0,21,1,0,10,False,True,0,0,52,40,30,3.78,AI is off,AI is off,AI is off,AI is off,Not paired,AI is off,0,0,0
1126000,22.2,0,6,1.03,0.32,0,0,21,1,0,10,False,True,0,0,52,40,30,3.78,AI is off,AI is off,AI is off,AI is off,Not paired,AI is off,0,0,0
1128000,22.1,0,6,1.02,0.32,0,0,21,1,0,10,False,True,0,0,53,40,30,3.78,AI is off,AI is off,AI is off,AI is off,Not paired,AI is off,0,0,0
1130000,22,0,6,1.02,0.32,0,0,21,1,0,10,False,True,0,0,53,41,31,3.78,AI is off,AI is off,AI is off,AI is off,Not paired,AI is off,0,0,0
1132000,21.9,0,6,1.02,0.32,0,0,21,1,0,10,False,True,0,0,53,41,32,3.78,AI is off,AI is off,AI is off,AI is off,Not paired,AI is off,0,0,0
1134000,21.7,0,6,1.01,0.32,0,0,21,1,0,10,False,True,0,0,53,41,30,3.78,AI is off,AI is off,AI is off,AI is off,Not paired,AI is off,0,0,0
1136000,21.4,0,6,1,0.32,0,0,21,1,0,10,False,True,0,0,52,40,31,3.78,AI is off,AI is off,AI is off,AI is off,Not paired,AI is off,0,0,0
1138000,21.2,0,6,1,0.32,0,0,24,1,0,10,False,True,0,0,53,41,30,3.78,AI is off,AI is off,AI is off,AI is off,Not paired,AI is off,0,0,0
1140000,21.1,0,6,0.9899999,0.32,0,0,24,1,0,11,False,True,0,0,52,40,30,3.78,AI is off,AI is off,AI is off,AI is off,Not paired,AI is off,0,0,0
1142000,20.8,0,6,0.98,0.32,0,0,26,1,0,11,False,True,0,0,53,41,31,3.78,AI is off,AI is off,AI is off,AI is off,Not paired,AI is off,0,0,0
1144000,20.5,0,6,0.97,0.32,0,0,26,1,0,11,False,True,0,0,53,42,31,3.78,AI is off,AI is off,AI is off,AI is off,Not paired,AI is off,0,0,0
1146000,20.1,0,6,0.96,0.32,0,0,26,1,0,11,False,True,0,0,53,41,32,3.78,AI is off,AI is off,AI is off,AI is off,Not paired,AI is off,0,0,0
1148000,19.7,0,6,0.95,0.32,0,0,26,1,0,11,False,True,0,0,52,40,30,3.78,AI is off,AI is off,AI is off,AI is off,Not paired,AI is off,0,0,0
1150000,19.4,0,6,0.94,0.32,0,0,26,1,0,11,False,True,0,0,53,42,31,3.78,AI is off,AI is off,AI is off,AI is off,Not paired,AI is off,0,0,0
1152000,19.1,0,6,0.93,0.32,0,0,26,1,0,11,False,True,0,0,56,44,33,3.78,AI is off,AI is off,AI is off,AI is off,Not paired,AI is off,0,0,0
1154000,18.7,0,5,0.91,0.32,0,0,34,1,0,11,False,True,0,0,53,42,32,3.78,AI is off,AI is off,AI is off,AI is off,Not paired,AI is off,0,0,0
1156000,18.4,0,5,0.91,0.32,0,0,34,1,0,11,False,True,0,0,53,41,31,3.78,AI is off,AI is off,AI is off,AI is off,Not paired,AI is off,0,0,0
1158000,18.3,0,5,0.9,0.32,0,0,39,1,0,11,False,True,0,0,54,42,32,3.78,AI is off,AI is off,AI is off,AI is off,Not paired,AI is off,0,0,0
1160000,18.3,0,5,0.9,0.32,0,0,39,1,0,11,False,True,0,0,53,42,32,3.78,AI is off,AI is off,AI is off,AI is off,Not paired,AI is off,0,0,0
1162000,18,0,5,0.89,0.32,0,0,39,1,0,11,False,True,0,0,56,44,35,3.78,AI is off,AI is off,AI is off,AI is off,Not paired,AI is off,0,0,0
1164000,17.8,0,5,0.89,0.32,0,0,41,1,0,11,False,True,0,0,55,45,36,3.78,AI is off,AI is off,AI is off,AI is off,Not paired,AI is off,0,0,0
1166000,17.7,0,5,0.88,0.32,0,0,41,1,0,11,False,True,0,0,55,44,34,3.78,AI is off,AI is off,AI is off,AI is off,Not paired,AI is off,0,0,0
1168000,17.6,0,5,0.88,0.32,0,0,41,1,0,11,False,True,0,0,55,44,34,3.78,AI is off,AI is off,AI is off,AI is off,Not paired,AI is off,0,0,0
1170000,17.4,0,5,0.87,0.32,0,0,41,1,0,11,False,True,0,0,54,42,32,3.78,AI is off,AI is off,AI is off,AI is off,Not paired,AI is off,0,0,0
1172000,17.3,0,5,0.87,0.32,0,0,41,1,0,11,False,True,0,0,54,42,32,3.78,AI is off,AI is off,AI is off,AI is off,Not paired,AI is off,0,0,0
1174000,17.3,0,5,0.87,0.32,0,0,46,1,0,11,False,True,0,0,55,44,34,3.78,AI is off,AI is off,AI is off,AI is off,Not paired,AI is off,0,0,0
1176000,17.2,0,5,0.87,0.32,0,0,46,1,0,11,False,True,0,0,54,43,32,3.78,AI is off,AI is off,AI is off,AI is off,Not paired,AI is off,0,0,0
1178000,17.1,0,5,0.86,0.32,0,0,46,1,0,11,False,True,0,0,54,42,32,3.78,AI is off,AI is off,AI is off,AI is off,Not paired,AI is off,0,0,0
1180000,16.9,0,5,0.86,0.32,0,0,48,1,0,11,False,True,0,0,54,43,32,3.78,AI is off,AI is off,AI is off,AI is off,Not paired,AI is off,0,0,0
1182000,16.7,0,5,0.85,0.32,0,0,48,1,0,11,False,True,0,0,53,41,31,3.78,AI is off,AI is off,AI is off,AI is off,Not paired,AI is off,0,0,0
1184000,16.6,0,5,0.85,0.32,0,0,48,1,0,12,False,True,0,0,54,44,34,3.78,AI is off,AI is off,AI is off,AI is off,Not paired,AI is off,0,0,0
1186000,16.4,0,5,0.84,0.32,0,0,48,1,0,12,False,True,0,0,55,43,33,3.78,AI is off,AI is off,AI is off,AI is off,Not paired,AI is off,0,0,0
1188000,16.2,0,5,0.83,0.32,0,0,48,1,0,12,False,True,0,0,57,46,35,3.78,AI is off,AI is off,AI is off,AI is off,Not paired,AI is off,0,0,0
1190000,16,0,5,0.83,0.32,0,0,59,1,0,12,False,True,0,0,56,45,36,3.78,AI is off,AI is off,AI is off,AI is off,Not paired,AI is off,0,0,0
1192000,15.8,0,5,0.82,0.32,0,0,59,1,0,12,False,True,0,0,56,45,35,3.78,AI is off,AI is off,AI is off,AI is off,Not paired,AI is off,0,0,0
1194000,15.6,0,5,0.81,0.32,0,0,70,1,0,12,False,True,0,0,52,42,32,3.78,AI is off,AI is off,AI is off,AI is off,Not paired,AI is off,0,0,0
1196000,15.3,0,5,0.81,0.32,0,0,70,1,0,12,False,True,0,0,53,41,32,3.78,AI is off,AI is off,AI is off,AI is off,Not paired,AI is off,0,0,0
1198000,15.1,0,5,0.8,0.32,0,0,70,1,0,12,False,True,0,0,54,43,33,3.78,AI is off,AI is off,AI is off,AI is off,Not paired,AI is off,0,0,0
1200000,15,0,5,0.79,0.32,0,0,83,1,0,12,False,True,0,0,55,43,32,3.78,AI is off,AI is off,AI is off,AI is off,Not paired,AI is off,0,0,0
1202000,14.7,0,5,0.79,0.32,0,0,83,1,0,13,False,True,0,0,54,41,33,3.78,AI is off,AI is off,AI is off,AI is off,Not paired,AI is off,0,0,0
1204000,14.5,0,5,0.78,0.32,0,0,83,1,0,13,False,True,0,0,55,44,35,3.78,AI is off,AI is off,AI is off,AI is off,Not paired,AI is off,0,0,0
1206000,14.3,0,5,0.77,0.32,0,0,83,1,0,13,False,True,0,0,57,45,35,3.78,AI is off,AI is off,AI is off,AI is off,Not paired,AI is off,0,0,0
1208000,14.1,0,5,0.77,0.32,0,0,83,1,0,13,False,True,0,0,56,44,35,3.78,AI is off,AI is off,AI is off,AI is off,Not paired,AI is off,0,0,0
1210000,13.8,0,5,0.76,0.32,0,0,99,1,0,13,False,True,0,0,53,42,31,3.78,AI is off,AI is off,AI is off,AI is off,Not paired,AI is off,0,0,0
1212000,13.6,0,5,0.75,0.32,0,0,99,1,0,13,False,True,0,0,53,42,31,3.78,AI is off,AI is off,AI is off,AI is off,Not paired,AI is off,0,0,0
1214000,13.3,0,5,0.74,0.32,0,0,99,1,0,13,False,True,0,0,57,45,35,3.78,AI is off,AI is off,AI is off,AI is off,Not paired,AI is off,0,0,0
1216000,13,0,5,0.73,0.32,0,0,99,1,0,13,False,True,0,0,56,46,35,3.78,AI is off,AI is off,AI is off,AI is off,Not paired,AI is off,0,0,0
1218000,12.8,0,5,0.72,0.32,0,0,99,1,0,13,False,True,0,0,54,40,31,3.78,AI is off,AI is off,AI is off,AI is off,Not paired,AI is off,0,0,0
1220000,12.5,0,5,0.72,0.32,0,0,99,1,0,13,False,True,0,0,55,44,34,3.78,AI is off,AI is off,AI is off,AI is off,Not paired,AI is off,0,0,0
1222000,12.4,0,5,0.71,0.32,0,0,99,1,0,14,False,True,0,0,55,45,35,3.78,AI is off,AI is off,AI is off,AI is off,Not paired,AI is off,0,0,0
1224000,12.3,0,5,0.71,0.32,0,0,99,1,0,14,False,True,0,0,54,43,33,3.78,AI is off,AI is off,AI is off,AI is off,Not paired,AI is off,0,0,0
1226000,12.3,0,5,0.71,0.32,0,0,99,1,0,14,False,True,0,0,55,44,34,3.78,AI is off,AI is off,AI is off,AI is off,Not paired,AI is off,0,0,0
1228000,12.2,0,5,0.7,0.32,0,0,99,1,0,14,False,True,0,0,54,43,32,3.78,AI is off,AI is off,AI is off,AI is off,Not paired,AI is off,0,0,0
1230000,12.1,0,5,0.7,0.32,0,0,99,1,0,14,False,True,0,0,54,43,33,3.78,AI is off,AI is off,AI is off,AI is off,Not paired,AI is off,0,0,0
1232000,12,0,5,0.7,0.32,0,0,99,1,0,14,False,True,0,0,55,45,35,3.77,AI is off,AI is off,AI is off,AI is off,Not paired,AI is off,0,0,0
1234000,12.1,0,5,0.7,0.32,0,0,99,1,0,14,False,True,0,0,56,44,35,3.78,AI is off,AI is off,AI is off,AI is off,Not paired,AI is off,0,0,0
1236000,12,0,5,0.7,0.32,0,0,99,1,0,14,False,True,0,0,54,40,31,3.78,AI is off,AI is off,AI is off,AI is off,Not paired,AI is off,0,0,0
1238000,12,0,5,0.7,0.32,0,0,99,1,0,15,False,True,0,0,56,44,34,3.78,AI is off,AI is off,AI is off,AI is off,Not paired,AI is off,0,0,0
1240000,12,0,5,0.7,0.32,0,0,99,1,0,15,False,True,0,0,56,43,34,3.78,AI is off,AI is off,AI is off,AI is off,Not paired,AI is off,0,0,0
1242000,11.9,0,5,0.7,0.32,0,0,99,1,0,15,False,True,0,0,56,45,35,3.78,AI is off,AI is off,AI is off,AI is off,Not paired,AI is off,0,0,0
1244000,12,0,5,0.7,0.32,0,0,99,1,0,15,False,True,0,0,59,47,36,3.78,AI is off,AI is off,AI is off,AI is off,Not paired,AI is off,0,0,0
1246000,12.3,0,5,0.71,0.32,0,0,99,1,0,15,False,True,0,0,59,46,36,3.78,AI is off,AI is off,AI is off,AI is off,Not paired,AI is off,0,0,0
1248000,12.2,0,5,0.71,0.32,0,0,99,1,0,15,False,True,0,0,58,45,36,3.78,AI is off,AI is off,AI is off,AI is off,Not paired,AI is off,0,0,0
1250000,12.2,0,5,0.7,0.32,0,0,99,1,0,15,False,True,0,0,59,47,36,3.78,AI is off,AI is off,AI is off,AI is off,Not paired,AI is off,0,0,0
1252000,12.1,0,5,0.7,0.32,0,0,99,1,0,15,False,True,0,0,58,46,36,3.78,AI is off,AI is off,AI is off,AI is off,Not paired,AI is off,0,0,0
1254000,11.9,0,5,0.7,0.32,0,0,99,1,0,15,False,True,0,0,55,44,35,3.78,AI is off,AI is off,AI is off,AI is off,Not paired,AI is off,0,0,0
1256000,11.6,0,5,0.69,0.32,0,0,99,1,0,15,False,True,0,0,56,43,32,3.78,AI is off,AI is off,AI is off,AI is off,Not paired,AI is off,0,0,0
1258000,11.3,0,5,0.68,0.32,0,0,99,1,0,15,False,True,0,0,55,41,30,3.78,AI is off,AI is off,AI is off,AI is off,Not paired,AI is off,0,0,0
1260000,11,0,5,0.67,0.32,0,0,99,1,0,15,False,True,0,0,54,41,30,3.78,AI is off,AI is off,AI is off,AI is off,Not paired,AI is off,0,0,0
1262000,10.9,0,5,0.67,0.32,0,0,99,1,0,15,False,True,0,0,54,41,30,3.78,AI is off,AI is off,AI is off,AI is off,Not paired,AI is off,0,0,0
1264000,11,0,5,0.67,0.32,0,0,99,1,0,16,False,True,0,0,54,41,30,3.77,AI is off,AI is off,AI is off,AI is off,Not paired,AI is off,0,0,0
1266000,11,0,5,0.67,0.32,0,0,99,1,0,16,False,True,0,0,57,44,34,3.78,AI is off,AI is off,AI is off,AI is off,Not paired,AI is off,0,0,0
1268000,11,0,5,0.67,0.32,0,0,99,1,0,16,False,True,0,0,55,42,31,3.78,AI is off,AI is off,AI is off,AI is off,Not paired,AI is off,0,0,0
1270000,10.8,0,5,0.66,0.32,0,0,99,1,0,16,False,True,0,0,54,40,31,3.78,AI is off,AI is off,AI is off,AI is off,Not paired,AI is off,0,0,0
1272000,10.5,0,4,0.65,0.32,0,0,99,1,0,16,False,True,0,0,54,40,32,3.78,AI is off,AI is off,AI is off,AI is off,Not paired,AI is off,0,0,0
1274000,10.4,0,4,0.65,0.32,0,0,99,1,0,16,False,True,0,0,54,43,32,3.78,AI is off,AI is off,AI is off,AI is off,Not paired,AI is off,0,0,0
1276000,10.2,0,4,0.64,0.32,0,0,99,1,0,16,False,True,0,0,53,42,31,3.77,AI is off,AI is off,AI is off,AI is off,Not paired,AI is off,0,0,0
1278000,10.3,0,4,0.65,0.32,0,0,99,1,0,16,False,True,0,0,55,41,33,3.77,AI is off,AI is off,AI is off,AI is off,Not paired,AI is off,0,0,0
1280000,10.1,0,4,0.64,0.32,0,0,99,1,0,16,False,True,0,0,54,41,30,3.77,AI is off,AI is off,AI is off,AI is off,Not paired,AI is off,0,0,0
1282000,10.1,0,4,0.64,0.32,0,0,99,1,0,16,False,True,0,0,53,41,30,3.77,AI is off,AI is off,AI is off,AI is off,Not paired,AI is off,0,0,0
1284000,10.1,0,4,0.64,0.32,0,0,99,1,0,16,False,True,0,0,53,41,30,3.77,AI is off,AI is off,AI is off,AI is off,Not paired,AI is off,0,0,0
1286000,10.2,0,4,0.64,0.32,0,0,99,1,0,16,False,True,0,0,59,46,37,3.77,AI is off,AI is off,AI is off,AI is off,Not paired,AI is off,0,0,0
1288000,10.2,0,4,0.64,0.32,0,0,99,1,0,16,False,True,0,0,56,43,33,3.78,AI is off,AI is off,AI is off,AI is off,Not paired,AI is off,0,0,0
1290000,10.4,0,4,0.65,0.32,0,0,99,1,0,17,False,True,0,0,54,40,31,3.77,AI is off,AI is off,AI is off,AI is off,Not paired,AI is off,0,0,0
1292000,10.6,0,4,0.65,0.32,0,0,99,1,0,17,False,True,0,0,55,41,31,3.78,AI is off,AI is off,AI is off,AI is off,Not paired,AI is off,0,0,0
1294000,10.4,0,4,0.65,0.32,0,0,99,1,0,17,False,True,0,0,52,41,30,3.78,AI is off,AI is off,AI is off,AI is off,Not paired,AI is off,0,0,0
1296000,10.3,0,4,0.65,0.32,0,0,99,1,0,17,False,True,0,0,52,40,29,3.78,AI is off,AI is off,AI is off,AI is off,Not paired,AI is off,0,0,0
1298000,10.1,0,4,0.64,0.32,0,0,99,1,0,17,False,True,0,0,55,41,32,3.78,AI is off,AI is off,AI is off,AI is off,Not paired,AI is off,0,0,0
1300000,10.3,0,4,0.64,0.32,0,0,99,1,0,17,False,True,0,0,57,45,34,3.77,AI is off,AI is off,AI is off,AI is off,Not paired,AI is off,0,0,0
1302000,10.3,0,4,0.65,0.32,0,0,99,1,0,17,False,True,0,0,56,44,34,3.77,AI is off,AI is off,AI is off,AI is off,Not paired,AI is off,0,0,0
1304000,10.1,0,4,0.64,0.32,0,0,99,1,0,17,False,True,0,0,55,42,33,3.77,AI is off,AI is off,AI is off,AI is off,Not paired,AI is off,0,0,0
1306000,10,0,4,0.64,0.32,0,0,99,1,0,17,False,True,0,0,56,44,34,3.77,AI is off,AI is off,AI is off,AI is off,Not paired,AI is off,0,0,0
1308000,10,0,4,0.64,0.32,0,0,99,1,0,17,False,True,0,0,52,40,30,3.77,AI is off,AI is off,AI is off,AI is off,Not paired,AI is off,0,0,0
1310000,10,0,4,0.64,0.32,0,0,99,1,0,17,False,True,0,0,54,40,31,3.77,AI is off,AI is off,AI is off,AI is off,Not paired,AI is off,0,0,0
1312000,10,0,4,0.63,0.32,0,0,99,1,0,18,False,True,0,0,55,42,31,3.77,AI is off,AI is off,AI is off,AI is off,Not paired,AI is off,0,0,0
1314000,9.900001,0,4,0.63,0.32,0,0,99,1,0,18,False,True,0,0,55,43,33,3.77,AI is off,AI is off,AI is off,AI is off,Not paired,AI is off,0,0,0
1316000,9.8,0,4,0.63,0.32,0,0,99,1,0,18,False,True,0,0,54,41,30,3.77,AI is off,AI is off,AI is off,AI is off,Not paired,AI is off,0,0,0
1318000,9.6,0,4,0.62,0.32,0,0,99,1,0,18,False,True,0,0,58,44,35,3.77,AI is off,AI is off,AI is off,AI is off,Not paired,AI is off,0,0,0
1320000,9.400001,0,4,0.62,0.32,0,0,99,1,0,18,False,True,0,0,55,42,31,3.77,AI is off,AI is off,AI is off,AI is off,Not paired,AI is off,0,0,0
1322000,9.400001,0,4,0.62,0.32,0,0,99,1,0,18,False,True,0,0,57,46,37,3.77,AI is off,AI is off,AI is off,AI is off,Not paired,AI is off,0,0,0
1324000,9.2,0,4,0.61,0.32,0,0,99,1,0,18,False,True,0,0,55,43,32,3.77,AI is off,AI is off,AI is off,AI is off,Not paired,AI is off,0,0,0
1326000,9,0,4,0.61,0.32,0,0,99,1,0,18,False,True,0,0,58,46,36,3.78,AI is off,AI is off,AI is off,AI is off,Not paired,AI is off,0,0,0
1328000,8.7,0,4,0.6,0.32,0,0,99,1,0,18,False,True,0,0,57,43,34,3.78,AI is off,AI is off,AI is off,AI is off,Not paired,AI is off,0,0,0
1330000,8.5,0,4,0.59,0.32,0,0,99,1,0,18,False,True,0,0,57,44,35,3.78,AI is off,AI is off,AI is off,AI is off,Not paired,AI is off,0,0,0
1332000,8.6,0,4,0.59,0.32,0,0,99,1,0,18,False,True,0,0,57,44,35,3.78,AI is off,AI is off,AI is off,AI is off,Not paired,AI is off,0,0,0
1334000,8.5,0,4,0.59,0.32,0,0,99,1,0,18,False,True,0,0,56,42,32,3.77,AI is off,AI is off,AI is off,AI is off,Not paired,AI is off,0,0,0
1336000,8.400001,0,4,0.59,0.32,0,0,99,1,0,18,False,True,0,0,63,49,38,3.77,AI is off,AI is off,AI is off,AI is off,Not paired,AI is off,0,0,0
1338000,8.3,0,4,0.58,0.32,0,0,99,1,0,18,False,True,0,0,54,41,31,3.77,AI is off,AI is off,AI is off,AI is off,Not paired,AI is off,0,0,0
1340000,8.2,0,4,0.58,0.32,0,0,99,1,0,18,False,True,0,0,56,43,33,3.77,AI is off,AI is off,AI is off,AI is off,Not paired,AI is off,0,0,0
1342000,8,0,4,0.57,0.32,0,0,99,1,0,18,False,True,0,0,54,42,31,3.77,AI is off,AI is off,AI is off,AI is off,Not paired,AI is off,0,0,0
1344000,7.9,0,4,0.57,0.32,0,0,99,1,0,19,False,True,0,0,58,44,35,3.77,AI is off,AI is off,AI is off,AI is off,Not paired,AI is off,0,0,0
1346000,7.8,0,4,0.57,0.32,0,0,99,1,0,19,False,True,0,0,54,39,31,3.77,AI is off,AI is off,AI is off,AI is off,Not paired,AI is off,0,0,0
1348000,7.7,0,4,0.56,0.32,0,0,99,1,0,19,False,True,0,0,54,41,30,3.77,AI is off,AI is off,AI is off,AI is off,Not paired,AI is off,0,0,0
1350000,7.5,0,4,0.56,0.32,0,0,99,1,0,19,False,True,0,0,55,41,31,3.77,AI is off,AI is off,AI is off,AI is off,Not paired,AI is off,0,0,0
1352000,7.3,0,4,0.55,0.32,0,0,99,1,0,19,False,True,0,0,54,41,31,3.77,AI is off,AI is off,AI is off,AI is off,Not paired,AI is off,0,0,0
1354000,7.2,0,4,0.55,0.32,0,0,99,1,0,19,False,True,0,0,55,41,32,3.77,AI is off,AI is off,AI is off,AI is off,Not paired,AI is off,0,0,0
1356000,7.1,0,4,0.55,0.32,0,0,99,1,0,19,False,True,0,0,57,44,34,3.77,AI is off,AI is off,AI is off,AI is off,Not paired,AI is off,0,0,0
1358000,7,0,4,0.54,0.32,0,0,99,1,0,19,False,True,0,0,55,41,30,3.77,AI is off,AI is off,AI is off,AI is off,Not paired,AI is off,0,0,0
1360000,6.9,0,4,0.54,0.32,0,0,99,1,0,19,False,True,0,0,57,44,34,3.77,AI is off,AI is off,AI is off,AI is off,Not paired,AI is off,0,0,0
1362000,6.8,0,4,0.54,0.32,0,0,99,1,0,19,False,True,0,0,59,47,35,3.77,AI is off,AI is off,AI is off,AI is off,Not paired,AI is off,0,0,0
1364000,6.8,0,4,0.53,0.32,0,0,99,1,0,20,False,True,0,0,63,48,38,3.77,AI is off,AI is off,AI is off,AI is off,Not paired,AI is off,0,0,0
1366000,6.6,0,4,0.53,0.32,0,0,99,1,0,20,False,True,0,0,57,45,34,3.77,AI is off,AI is off,AI is off,AI is off,Not paired,AI is off,0,0,0
1368000,6.4,0,4,0.53,0.32,0,0,99,1,0,20,False,True,0,0,59,45,34,3.77,AI is off,AI is off,AI is off,AI is off,Not paired,AI is off,0,0,0
1370000,6.1,0,4,0.52,0.32,0,0,99,1,0,20,False,True,0,0,58,44,34,3.77,AI is off,AI is off,AI is off,AI is off,Not paired,AI is off,0,0,0
1372000,5.8,0,4,0.51,0.32,0,0,99,1,0,20,False,True,0,0,56,43,32,3.77,AI is off,AI is off,AI is off,AI is off,Not paired,AI is off,0,0,0
1374000,5.6,0,4,0.5,0.32,0,0,99,1,0,20,False,True,0,0,54,41,31,3.77,AI is off,AI is off,AI is off,AI is off,Not paired,AI is off,0,0,0
1376000,5.4,0,4,0.49,0.32,0,0,99,1,0,20,False,True,0,0,59,47,35,3.77,AI is off,AI is off,AI is off,AI is off,Not paired,AI is off,0,0,0
1378000,5.2,0,4,0.48,0.32,0,0,99,1,0,20,False,True,0,0,54,42,31,3.77,AI is off,AI is off,AI is off,AI is off,Not paired,AI is off,0,0,0
1380000,5,0,4,0.48,0.32,0,0,99,1,0,20,False,True,0,0,56,45,35,3.77,AI is off,AI is off,AI is off,AI is off,Not paired,AI is off,0,0,0
1382000,4.8,0,4,0.47,0.32,0,0,99,1,0,21,False,True,0,0,59,46,35,3.77,AI is off,AI is off,AI is off,AI is off,Not paired,AI is off,0,0,0
1384000,4.6,0,4,0.47,0.32,0,0,99,1,0,21,False,True,0,0,58,46,35,3.77,AI is off,AI is off,AI is off,AI is off,Not paired,AI is off,0,0,0
1386000,4.5,0,4,0.46,0.32,0,0,99,1,0,21,False,True,0,0,58,46,35,3.77,AI is off,AI is off,AI is off,AI is off,Not paired,AI is off,0,0,0
1388000,4.4,0,4,0.46,0.32,0,0,99,1,0,21,False,True,0,0,52,40,30,3.77,AI is off,AI is off,AI is off,AI is off,Not paired,AI is off,0,0,0
1390000,4.3,0,4,0.46,0.32,0,0,99,1,0,21,False,True,0,0,56,44,33,3.77,AI is off,AI is off,AI is off,AI is off,Not paired,AI is off,0,0,0
1392000,4.2,0,4,0.45,0.32,0,0,99,1,0,21,False,True,0,0,57,44,33,3.77,AI is off,AI is off,AI is off,AI is off,Not paired,AI is off,0,0,0
1394000,4.2,0,4,0.45,0.32,0,0,99,1,0,21,False,True,0,0,57,44,34,3.77,AI is off,AI is off,AI is off,AI is off,Not paired,AI is off,0,0,0
1396000,4.3,0,3,0.45,0.32,0,0,99,1,0,21,False,True,0,0,57,44,33,3.77,AI is off,AI is off,AI is off,AI is off,Not paired,AI is off,0,0,0
1398000,4.3,0,3,0.45,0.32,0,0,99,1,0,21,False,True,0,0,56,44,34,3.77,AI is off,AI is off,AI is off,AI is off,Not paired,AI is off,0,0,0
1400000,4.6,0,3,0.46,0.32,0,0,99,1,0,22,False,True,0,0,57,44,34,3.77,AI is off,AI is off,AI is off,AI is off,Not paired,AI is off,0,0,0
1402000,4.8,0,3,0.47,0.32,0,0,99,1,0,22,False,True,0,0,58,45,34,3.77,AI is off,AI is off,AI is off,AI is off,Not paired,AI is off,0,0,0
1404000,5.2,0,3,0.48,0.32,0,0,99,1,0,22,False,True,0,0,58,45,35,3.77,AI is off,AI is off,AI is off,AI is off,Not paired,AI is off,0,0,0
1406000,5.5,0,3,0.49,0.32,0,0,99,1,0,22,False,True,0,0,56,44,33,3.77,AI is off,AI is off,AI is off,AI is off,Not paired,AI is off,0,0,0
1408000,5.6,0,3,0.5,0.32,0,0,99,1,0,22,False,True,0,0,58,44,34,3.77,AI is off,AI is off,AI is off,AI is off,Not paired,AI is off,0,0,0
1410000,5.6,0,3,0.5,0.32,0,0,99,1,0,22,False,True,0,0,54,40,29,3.77,AI is off,AI is off,AI is off,AI is off,Not paired,AI is off,0,0,0
1412000,5.7,0,3,0.5,0.32,0,0,99,1,0,22,False,True,0,0,55,42,31,3.77,AI is off,AI is off,AI is off,AI is off,Not paired,AI is off,0,0,0
1414000,5.7,0,3,0.5,0.32,0,0,99,1,0,22,False,True,0,0,55,41,31,3.77,AI is off,AI is off,AI is off,AI is off,Not paired,AI is off,0,0,0
1416000,5.6,0,3,0.5,0.32,0,0,99,1,0,22,False,True,0,0,55,41,30,3.77,AI is off,AI is off,AI is off,AI is off,Not paired,AI is off,0,0,0
1418000,5.6,0,3,0.49,0.32,0,0,99,1,0,22,False,True,0,0,57,44,33,3.77,AI is off,AI is off,AI is off,AI is off,Not paired,AI is off,0,0,0
1420000,5.6,0,3,0.5,0.32,0,0,99,1,0,22,False,True,0,0,55,42,31,3.77,AI is off,AI is off,AI is off,AI is off,Not paired,AI is off,0,0,0
1422000,5.6,0,3,0.5,0.32,0,0,99,1,0,23,False,True,0,0,56,44,32,3.77,AI is off,AI is off,AI is off,AI is off,Not paired,AI is off,0,0,0
1424000,5.6,0,3,0.5,0.32,0,0,99,1,0,23,False,True,0,0,60,46,36,3.77,AI is off,AI is off,AI is off,AI is off,Not paired,AI is off,0,0,0
1426000,5.8,0,3,0.5,0.32,0,0,99,1,0,23,False,True,0,0,63,49,37,3.77,AI is off,AI is off,AI is off,AI is off,Not paired,AI is off,0,0,0
1428000,6,0,3,0.51,0.32,0,0,99,1,0,23,False,True,0,0,58,44,33,3.77,AI is off,AI is off,AI is off,AI is off,Not paired,AI is off,0,0,0
1430000,6.1,0,3,0.51,0.32,0,0,99,1,0,23,False,True,0,0,56,43,33,3.77,AI is off,AI is off,AI is off,AI is off,Not paired,AI is off,0,0,0
1432000,6.2,0,3,0.51,0.32,0,0,99,1,0,23,False,True,0,0,54,41,30,3.77,AI is off,AI is off,AI is off,AI is off,Not paired,AI is off,0,0,0
1434000,6.2,0,3,0.52,0.32,0,0,99,1,0,23,False,True,0,0,57,44,31,3.77,AI is off,AI is off,AI is off,AI is off,Not paired,AI is off,0,0,0
1436000,6.1,0,3,0.51,0.32,0,0,99,1,0,23,False,True,0,0,56,43,33,3.77,AI is off,AI is off,AI is off,AI is off,Not paired,AI is off,0,0,0
1438000,6.1,0,3,0.51,0.32,0,0,99,1,0,23,False,True,0,0,55,41,30,3.77,AI is off,AI is off,AI is off,AI is off,Not paired,AI is off,0,0,0
1440000,6,0,3,0.51,0.32,0,0,99,1,0,23,False,True,0,0,57,43,32,3.77,AI is off,AI is off,AI is off,AI is off,Not paired,AI is off,0,0,0
1442000,5.9,0,3,0.51,0.32,0,0,99,1,0,23,False,True,0,0,58,45,34,3.77,AI is off,AI is off,AI is off,AI is off,Not paired,AI is off,0,0,0
1444000,5.7,0,3,0.5,0.32,0,0,99,1,0,23,False,True,0,0,57,43,33,3.77,AI is off,AI is off,AI is off,AI is off,Not paired,AI is off,0,0,0
1446000,5.5,0,3,0.49,0.32,0,0,99,1,0,23,False,True,0,0,56,42,32,3.77,AI is off,AI is off,AI is off,AI is off,Not paired,AI is off,0,0,0
1448000,5.6,0,3,0.49,0.32,0,0,99,1,0,23,False,True,0,0,59,46,35,3.77,AI is off,AI is off,AI is off,AI is off,Not paired,AI is off,0,0,0
1450000,5.6,0,3,0.5,0.32,0,0,99,1,0,23,False,True,0,0,58,44,34,3.77,AI is off,AI is off,AI is off,AI is off,Not paired,AI is off,0,0,0
1452000,5.4,0,3,0.49,0.32,0,0,99,1,0,23,False,True,0,0,60,47,35,3.77,AI is off,AI is off,AI is off,AI is off,Not paired,AI is off,0,0,0
1454000,5.4,0,3,0.49,0.32,0,0,99,1,0,23,False,True,0,0,55,42,30,3.77,AI is off,AI is off,AI is off,AI is off,Not paired,AI is off,0,0,0
1456000,5.6,0,3,0.49,0.32,0,0,99,1,0,24,False,True,0,0,55,41,30,3.77,AI is off,AI is off,AI is off,AI is off,Not paired,AI is off,0,0,0
1458000,5.5,0,3,0.49,0.32,0,0,99,1,0,24,False,True,0,0,58,44,33,3.77,AI is off,AI is off,AI is off,AI is off,Not paired,AI is off,0,0,0
1460000,5.3,0,3,0.49,0.32,0,0,99,1,0,24,False,True,0,0,63,48,36,3.77,AI is off,AI is off,AI is off,AI is off,Not paired,AI is off,0,0,0
1462000,5.1,0,3,0.48,0.32,0,0,99,1,0,24,False,True,0,0,57,45,35,3.77,AI is off,AI is off,AI is off,AI is off,Not paired,AI is off,0,0,0
1464000,5.1,0,3,0.48,0.32,0,0,99,1,0,24,False,True,0,0,65,51,38,3.77,AI is off,AI is off,AI is off,AI is off,Not paired,AI is off,0,0,0
1466000,4.8,0,3,0.47,0.32,0,0,99,1,0,24,False,True,0,0,56,42,32,3.77,AI is off,AI is off,AI is off,AI is off,Not paired,AI is off,0,0,0
1468000,4.6,0,2,0.47,0.32,0,0,99,1,0,24,False,True,0,0,59,44,33,3.77,AI is off,AI is off,AI is off,AI is off,Not paired,AI is off,0,0,0
1470000,4.5,0,2,0.46,0.32,0,0,99,1,0,24,False,True,0,0,55,42,31,3.77,AI is off,AI is off,AI is off,AI is off,Not paired,AI is off,0,0,0
1472000,4.4,0,2,0.46,0.32,0,0,99,1,0,24,False,True,0,0,64,49,37,3.77,AI is off,AI is off,AI is off,AI is off,Not paired,AI is off,0,0,0
1474000,4.5,0,2,0.46,0.32,0,0,99,1,0,24,False,True,0,0,58,45,34,3.77,AI is off,AI is off,AI is off,AI is off,Not paired,AI is off,0,0,0
1476000,4.5,0,2,0.46,0.32,0,0,99,1,0,24,False,True,0,0,69,52,40,3.77,AI is off,AI is off,AI is off,AI is off,Not paired,AI is off,0,0,0
1478000,4.8,0,2,0.47,0.32,0,0,99,1,0,24,False,True,0,0,64,49,38,3.77,AI is off,AI is off,AI is off,AI is off,Not paired,AI is off,0,0,0
1480000,5.1,0,2,0.48,0.32,0,0,99,1,0,24,False,True,0,0,57,44,32,3.77,AI is off,AI is off,AI is off,AI is off,Not paired,AI is off,0,0,0
1482000,5.5,0,2,0.49,0.32,0,0,99,1,0,24,False,True,0,0,55,41,29,3.77,AI is off,AI is off,AI is off,AI is off,Not paired,AI is off,0,0,0
1484000,5.8,0,2,0.5,0.32,0,0,99,1,0,24,False,True,0,0,56,43,32,3.77,AI is off,AI is off,AI is off,AI is off,Not paired,AI is off,0,0,0
1486000,6.1,0,2,0.51,0.32,0,0,99,1,0,24,False,True,0,0,52,40,29,3.77,AI is off,AI is off,AI is off,AI is off,Not paired,AI is off,0,0,0
1488000,6.1,0,2,0.51,0.32,0,0,99,1,0,24,False,True,0,0,54,41,30,3.77,AI is off,AI is off,AI is off,AI is off,Not paired,AI is off,0,0,0
1490000,6.1,0,2,0.51,0.32,0,0,99,1,0,24,False,True,0,0,53,40,30,3.77,AI is off,AI is off,AI is off,AI is off,Not paired,AI is off,0,0,0
1492000,5.9,0,2,0.51,0.32,0,0,99,1,0,24,False,True,0,0,52,39,30,3.77,AI is off,AI is off,AI is off,AI is off,Not paired,AI is off,0,0,0
1494000,5.7,0,2,0.5,0.32,0,0,99,1,0,25,False,True,0,0,52,40,30,3.77,AI is off,AI is off,AI is off,AI is off,Not paired,AI is off,0,0,0
1496000,5.5,0,2,0.49,0.32,0,0,99,1,0,25,False,True,0,0,65,50,39,3.77,AI is off,AI is off,AI is off,AI is off,Not paired,AI is off,0,0,0
1498000,5.3,0,2,0.49,0.32,0,0,99,1,0,25,False,True,0,0,54,41,31,3.77,AI is off,AI is off,AI is off,AI is off,Not paired,AI is off,0,0,0
1500000,5.2,0,2,0.48,0.32,0,0,99,1,0,25,False,True,0,0,55,42,31,3.77,AI is off,AI is off,AI is off,AI is off,Not paired,AI is off,0,0,0
1502000,5.2,0,2,0.48,0.32,0,0,99,1,0,25,False,True,0,0,55,42,30,3.77,AI is off,AI is off,AI is off,AI is off,Not paired,AI is off,0,0,0
1504000,5.2,0,2,0.48,0.32,0,0,99,1,0,25,False,True,0,0,54,41,31,3.77,AI is off,AI is off,AI is off,AI is off,Not paired,AI is off,0,0,0
1506000,5.2,0,2,0.48,0.32,0,0,99,1,0,25,False,True,0,0,51,38,29,3.77,AI is off,AI is off,AI is off,AI is off,Not paired,AI is off,0,0,0
1508000,5,0,2,0.48,0.32,0,0,99,1,0,25,False,True,0,0,60,45,33,3.77,AI is off,AI is off,AI is off,AI is off,Not paired,AI is off,0,0,0
1510000,5.1,0,2,0.48,0.32,0,0,99,1,0,25,False,True,0,0,56,43,32,3.77,AI is off,AI is off,AI is off,AI is off,Not paired,AI is off,0,0,0
1512000,5.1,0,2,0.48,0.32,0,0,99,1,0,25,False,True,0,0,58,44,33,3.77,AI is off,AI is off,AI is off,AI is off,Not paired,AI is off,0,0,0
1514000,5.2,0,2,0.48,0.32,0,0,99,1,0,25,False,True,0,0,63,49,37,3.77,AI is off,AI is off,AI is off,AI is off,Not paired,AI is off,0,0,0
1516000,5.1,0,2,0.48,0.32,0,0,99,1,0,25,False,True,0,0,55,40,30,3.77,AI is off,AI is off,AI is off,AI is off,Not paired,AI is off,0,0,0
1518000,5,0,2,0.48,0.32,0,0,99,1,0,25,False,True,0,0,58,44,32,3.77,AI is off,AI is off,AI is off,AI is off,Not paired,AI is off,0,0,0
1520000,5,0,1,0.48,0.32,0,0,99,1,0,25,False,True,0,0,58,46,34,3.77,AI is off,AI is off,AI is off,AI is off,Not paired,AI is off,0,0,0
1522000,5.1,0,1,0.48,0.32,0,0,99,1,0,25,False,True,0,0,57,43,32,3.77,AI is off,AI is off,AI is off,AI is off,Not paired,AI is off,0,0,0
1524000,5,0,1,0.48,0.32,0,0,99,1,0,25,False,True,0,0,64,50,38,3.77,AI is off,AI is off,AI is off,AI is off,Not paired,AI is off,0,0,0
1526000,5,0,1,0.48,0.32,0,0,99,1,0,25,False,True,0,0,59,45,34,3.77,AI is off,AI is off,AI is off,AI is off,Not paired,AI is off,0,0,0
1528000,4.8,0,1,0.47,0.32,0,0,99,1,0,25,False,True,0,0,56,43,32,3.77,AI is off,AI is off,AI is off,AI is off,Not paired,AI is off,0,0,0
1530000,4.7,0,1,0.47,0.32,0,0,99,1,0,25,False,True,0,0,58,45,35,3.77,AI is off,AI is off,AI is off,AI is off,Not paired,AI is off,0,0,0
1532000,4.8,0,1,0.47,0.32,0,0,99,1,0,25,False,True,0,0,54,42,31,3.77,AI is off,AI is off,AI is off,AI is off,Not paired,AI is off,0,0,0
1534000,4.8,0,1,0.47,0.32,0,0,99,1,0,25,False,True,0,0,54,39,28,3.77,AI is off,AI is off,AI is off,AI is off,Not paired,AI is off,0,0,0
1536000,4.7,0,1,0.47,0.32,0,0,99,1,0,25,False,True,0,0,58,44,32,3.77,AI is off,AI is off,AI is off,AI is off,Not paired,AI is off,0,0,0
1538000,4.5,0,1,0.46,0.32,0,0,99,1,0,25,False,True,0,0,63,49,36,3.77,AI is off,AI is off,AI is off,AI is off,Not paired,AI is off,0,0,0
1540000,4.4,0,1,0.46,0.32,0,0,99,1,0,25,False,True,0,0,62,48,35,3.77,AI is off,AI is off,AI is off,AI is off,Not paired,AI is off,0,0,0
1542000,4.5,0,1,0.46,0.32,0,0,99,1,0,25,False,True,0,0,58,45,33,3.77,AI is off,AI is off,AI is off,AI is off,Not paired,AI is off,0,0,0
1544000,4.7,0,1,0.47,0.32,0,0,99,1,0,25,False,True,0,0,55,42,31,3.77,AI is off,AI is off,AI is off,AI is off,Not paired,AI is off,0,0,0
1546000,4.8,0,1,0.47,0.32,0,0,99,1,0,25,False,True,0,0,61,45,33,3.77,AI is off,AI is off,AI is off,AI is off,Not paired,AI is off,0,0,0
1548000,4.8,0,1,0.47,0.32,0,0,99,1,0,25,False,True,0,0,58,44,33,3.77,AI is off,AI is off,AI is off,AI is off,Not paired,AI is off,0,0,0
1550000,4.8,0,1,0.47,0.32,0,0,99,1,0,25,False,True,0,0,57,43,33,3.77,AI is off,AI is off,AI is off,AI is off,Not paired,AI is off,0,0,0
1552000,4.9,0,1,0.47,0.32,0,0,99,1,0,25,False,True,0,0,55,42,30,3.77,AI is off,AI is off,AI is off,AI is off,Not paired,AI is off,0,0,0
1554000,5.1,0,1,0.48,0.32,0,0,99,1,0,25,False,True,0,0,60,45,34,3.77,AI is off,AI is off,AI is off,AI is off,Not paired,AI is off,0,0,0
1556000,5.2,0,1,0.48,0.32,0,0,99,1,0,26,False,True,0,0,51,38,27,3.77,AI is off,AI is off,AI is off,AI is off,Not paired,AI is off,0,0,0
1558000,5.4,0,1,0.49,0.32,0,0,99,1,0,26,False,True,0,0,58,44,34,3.77,AI is off,AI is off,AI is off,AI is off,Not paired,AI is off,0,0,0
1560000,5.4,0,1,0.49,0.32,0,0,99,1,0,26,False,True,0,0,53,42,31,3.77,AI is off,AI is off,AI is off,AI is off,Not paired,AI is off,0,0,0
1562000,5.5,0,1,0.49,0.32,0,0,99,1,0,26,False,True,0,0,59,46,34,3.77,AI is off,AI is off,AI is off,AI is off,Not paired,AI is off,0,0,0
1564000,5.3,0,1,0.49,0.32,0,0,99,1,0,26,False,True,0,0,55,41,29,3.77,AI is off,AI is off,AI is off,AI is off,Not paired,AI is off,0,0,0
1566000,5.2,0,1,0.49,0.32,0,0,99,1,0,26,False,True,0,0,53,40,29,3.77,AI is off,AI is off,AI is off,AI is off,Not paired,AI is off,0,0,0
1568000,5,0,1,0.48,0.32,0,0,99,1,0,26,False,True,0,0,62,50,37,3.77,AI is off,AI is off,AI is off,AI is off,Not paired,AI is off,0,0,0
1570000,4.8,0,1,0.47,0.32,0,0,99,1,0,26,False,True,0,0,56,42,32,3.77,AI is off,AI is off,AI is off,AI is off,Not paired,AI is off,0,0,0
1572000,4.7,0,1,0.46,0.32,0,0,99,1,0,26,False,True,0,0,58,43,32,3.77,AI is off,AI is off,AI is off,AI is off,Not paired,AI is off,0,0,0
1574000,4.6,0,1,0.47,0.32,0,0,99,1,0,26,False,True,0,0,55,42,30,3.77,AI is off,AI is off,AI is off,AI is off,Not paired,AI is off,0,0,0
1576000,4.3,0,1,0.46,0.32,0,0,99,1,0,26,False,True,0,0,68,53,40,3.77,AI is off,AI is off,AI is off,AI is off,Not paired,AI is off,0,0,0
1578000,4,0,1,0.45,0.32,0,0,99,1,0,26,False,True,0,0,51,39,31,3.77,AI is off,AI is off,AI is off,AI is off,Not paired,AI is off,0,0,0
1580000,3.9,0,1,0.44,0.32,0,0,99,1,0,26,False,True,0,0,53,39,29,3.77,AI is off,AI is off,AI is off,AI is off,Not paired,AI is off,0,0,0
1582000,3.9,0,1,0.44,0.32,0,0,99,1,0,26,False,True,0,0,54,40,28,3.77,AI is off,AI is off,AI is off,AI is off,Not paired,AI is off,0,0,0
1584000,3.8,0,1,0.44,0.32,0,0,99,1,0,26,False,True,0,0,57,43,31,3.77,AI is off,AI is off,AI is off,AI is off,Not paired,AI is off,0,0,0
1586000,3.7,0,1,0.44,0.32,0,0,99,1,0,26,False,True,0,0,56,43,32,3.77,AI is off,AI is off,AI is off,AI is off,Not paired,AI is off,0,0,0
1588000,3.7,0,1,0.44,0.32,0,0,99,1,0,26,False,True,0,0,58,43,32,3.77,AI is off,AI is off,AI is off,AI is off,Not paired,AI is off,0,0,0
1590000,3.6,0,1,0.43,0.32,0,0,99,1,0,26,False,True,0,0,64,49,36,3.77,AI is off,AI is off,AI is off,AI is off,Not paired,AI is off,0,0,0
1592000,3.6,0,1,0.43,0.32,0,0,99,1,0,26,False,True,0,0,58,44,31,3.77,AI is off,AI is off,AI is off,AI is off,Not paired,AI is off,0,0,0
1594000,3.6,0,1,0.43,0.32,0,0,99,1,0,26,False,True,0,0,64,50,38,3.77,AI is off,AI is off,AI is off,AI is off,Not paired,AI is off,0,0,0
1596000,3.6,0,1,0.43,0.32,0,0,99,1,0,26,False,True,0,0,52,39,31,3.77,AI is off,AI is off,AI is off,AI is off,Not paired,AI is off,0,0,0
1598000,3.6,0,1,0.43,0.32,0,0,99,1,0,26,False,True,0,0,52,39,30,3.77,AI is off,AI is off,AI is off,AI is off,Not paired,AI is off,0,0,0
1600000,3.6,0,1,0.43,0.32,0,0,99,1,0,26,False,True,0,0,50,38,28,3.77,AI is off,AI is off,AI is off,AI is off,Not paired,AI is off,0,0,0
1602000,3.7,0,1,0.43,0.32,0,0,99,1,0,26,False,True,0,0,52,39,30,3.77,AI is off,AI is off,AI is off,AI is off,Not paired,AI is off,0,0,0
1604000,3.7,0,1,0.43,0.32,0,0,99,1,0,26,False,True,0,0,52,39,29,3.77,AI is off,AI is off,AI is off,AI is off,Not paired,AI is off,0,0,0
1606000,3.6,0,1,0.43,0.32,0,0,99,1,0,26,False,True,0,0,53,42,30,3.77,AI is off,AI is off,AI is off,AI is off,Not paired,AI is off,0,0,0
1608000,3.5,0,1,0.43,0.32,0,0,99,1,0,26,False,True,0,0,52,39,29,3.77,AI is off,AI is off,AI is off,AI is off,Not paired,AI is off,0,0,0
1610000,3.4,0,1,0.43,0.32,0,0,99,1,0,26,False,True,0,0,53,41,30,3.77,AI is off,AI is off,AI is off,AI is off,Not paired,AI is off,0,0,0
1612000,3.3,0,1,0.42,0.32,0,0,99,1,0,26,False,True,0,0,68,51,38,3.77,AI is off,AI is off,AI is off,AI is off,Not paired,AI is off,0,0,0
1614000,3.4,0,1,0.42,0.32,0,0,99,1,0,26,False,True,0,0,51,40,30,3.77,AI is off,AI is off,AI is off,AI is off,Not paired,AI is off,0,0,0
1616000,3.4,0,1,0.42,0.32,0,0,99,1,0,26,False,True,0,0,53,39,29,3.77,AI is off,AI is off,AI is off,AI is off,Not paired,AI is off,0,0,0
1618000,3.5,0,1,0.43,0.32,0,0,99,1,0,26,False,True,0,0,53,39,30,3.77,AI is off,AI is off,AI is off,AI is off,Not paired,AI is off,0,0,0
1620000,3.6,0,1,0.43,0.32,0,0,99,1,0,27,False,True,0,0,52,41,31,3.77,AI is off,AI is off,AI is off,AI is off,Not paired,AI is off,0,0,0
1622000,3.6,0,1,0.43,0.32,0,0,99,1,0,27,False,True,0,0,52,39,30,3.77,AI is off,AI is off,AI is off,AI is off,Not paired,AI is off,0,0,0
1624000,3.6,0,1,0.43,0.32,0,0,99,1,0,27,False,True,0,0,53,40,31,3.77,AI is off,AI is off,AI is off,AI is off,Not paired,AI is off,0,0,0
1626000,3.5,0,1,0.43,0.32,0,0,99,1,0,27,False,True,0,0,52,39,30,3.77,AI is off,AI is off,AI is off,AI is off,Not paired,AI is off,0,0,0
1628000,3.3,0,1,0.42,0.32,0,0,99,1,0,27,False,True,0,0,67,51,38,3.77,AI is off,AI is off,AI is off,AI is off,Not paired,AI is off,0,0,0
1630000,3.3,0,1,0.42,0.32,0,0,99,1,0,27,False,True,0,0,52,40,29,3.77,AI is off,AI is off,AI is off,AI is off,Not paired,AI is off,0,0,0
1632000,3.2,0,1,0.42,0.32,0,0,99,1,0,27,False,True,0,0,56,41,30,3.77,AI is off,AI is off,AI is off,AI is off,Not paired,AI is off,0,0,0
1634000,3.1,0,1,0.42,0.32,0,0,99,1,0,27,False,True,0,0,51,38,28,3.77,AI is off,AI is off,AI is off,AI is off,Not paired,AI is off,0,0,0
1636000,3.2,0,1,0.42,0.32,0,0,99,1,0,27,False,True,0,0,51,39,30,3.77,AI is off,AI is off,AI is off,AI is off,Not paired,AI is off,0,0,0
1638000,3,0,1,0.41,0.32,0,0,99,1,0,27,False,True,0,0,51,39,28,3.77,AI is off,AI is off,AI is off,AI is off,Not paired,AI is off,0,0,0
1640000,2.9,0,1,0.41,0.32,0,0,99,1,0,27,False,True,0,0,51,39,28,3.77,AI is off,AI is off,AI is off,AI is off,Not paired,AI is off,0,0,0
1642000,2.7,0,1,0.4,0.32,0,0,99,1,0,27,False,True,0,0,57,43,31,3.77,AI is off,AI is off,AI is off,AI is off,Not paired,AI is off,0,0,0
1644000,2.5,0,1,0.4,0.32,0,0,99,1,0,27,False,True,0,0,52,38,27,3.77,AI is off,AI is off,AI is off,AI is off,Not paired,AI is off,0,0,0
1646000,2.3,0,1,0.39,0.32,0,0,99,1,0,27,False,True,0,0,57,42,31,3.77,AI is off,AI is off,AI is off,AI is off,Not paired,AI is off,0,0,0
1648000,2.1,0,1,0.39,0.32,0,0,99,1,0,27,False,True,0,0,56,42,30,3.77,AI is off,AI is off,AI is off,AI is off,Not paired,AI is off,0,0,0
1650000,1.9,0,1,0.38,0.32,0,0,99,1,0,27,False,True,0,0,53,39,29,3.77,AI is off,AI is off,AI is off,AI is off,Not paired,AI is off,0,0,0
1652000,1.6,0,1,0.37,0.32,0,0,99,1,0,27,False,True,0,0,52,40,30,3.77,AI is off,AI is off,AI is off,AI is off,Not paired,AI is off,0,0,0
1654000,1.3,0,1,0.36,0.32,0,0,99,1,0,27,False,True,0,0,51,39,29,3.77,AI is off,AI is off,AI is off,AI is off,Not paired,AI is off,0,0,0
1656000,0.9,0,1,0.35,0.32,0,0,99,1,0,27,False,True,0,0,69,51,37,3.77,AI is off,AI is off,AI is off,AI is off,Not paired,AI is off,0,0,0
1658000,0,0,1,0.34,0.32,0,0,99,1,0,27,False,True,0,0,53,40,29,3.77,AI is off,AI is off,AI is off,AI is off,Not paired,AI is off,0,0,0
1660000,0,0,1,0.34,0.32,0,0,99,1,0,27,False,True,0,0,52,39,29,3.77,AI is off,AI is off,AI is off,AI is off,Not paired,AI is off,0,0,0
1662000,0,0,1,0.34,0.32,0,0,99,1,0,27,False,True,0,0,52,39,29,3.77,AI is off,AI is off,AI is off,AI is off,Not paired,AI is off,0,0,0
1664000,0,0,1,0.34,0.32,0,0,99,1,0,27,False,True,0,0,52,39,28,3.77,AI is off,AI is off,AI is off,AI is off,Not paired,AI is off,0,0,0
1666000,0,0,1,0.34,0.32,0,0,99,1,0,27,False,True,0,0,52,39,28,3.77,AI is off,AI is off,AI is off,AI is off,Not paired,AI is off,0,0,0
1668000,0,0,1,0.33,0.32,0,0,99,1,0,27,False,True,0,0,52,39,29,3.77,AI is off,AI is off,AI is off,AI is off,Not paired,AI is off,0,0,0
1670000,0,0,1,0.34,0.32,0,0,99,1,0,27,False,True,0,0,52,38,28,3.77,AI is off,AI is off,AI is off,AI is off,Not paired,AI is off,0,0,0
1672000,0,0,1,0.34,0.32,0,0,99,1,0,27,False,True,0,0,51,39,30,3.77,AI is off,AI is off,AI is off,AI is off,Not paired,AI is off,0,0,0
1674000,0,0,1,0.34,0.32,0,0,99,1,0,27,False,True,0,0,51,38,29,3.77,AI is off,AI is off,AI is off,AI is off,Not paired,AI is off,0,0,0
1676000,0,0,1,0.34,0.32,0,0,99,1,0,27,False,True,0,0,52,39,29,3.77,AI is off,AI is off,AI is off,AI is off,Not paired,AI is off,0,0,0
1678000,0,0,1,0.33,0.32,0,0,99,1,0,27,False,True,0,0,53,39,29,3.77,AI is off,AI is off,AI is off,AI is off,Not paired,AI is off,0,0,0
1680000,0,0,1,0.34,0.32,0,0,99,1,0,27,False,True,0,0,52,39,29,3.77,AI is off,AI is off,AI is off,AI is off,Not paired,AI is off,0,0,0
1682000,0,0,1,0.33,0.32,0,0,99,1,0,27,False,True,0,0,52,40,29,3.77,AI is off,AI is off,AI is off,AI is off,Not paired,AI is off,0,0,0
1684000,0,0,1,0.33,0.32,0,0,99,1,0,27,False,True,0,0,53,39,28,3.77,AI is off,AI is off,AI is off,AI is off,Not paired,AI is off,0,0,0
1686000,0,0,1,0.33,0.32,0,0,99,1,0,27,False,True,0,0,52,39,28,3.77,AI is off,AI is off,AI is off,AI is off,Not paired,AI is off,0,0,0
1688000,0,0,1,0.33,0.32,0,0,99,1,0,28,False,True,0,0,54,40,29,3.77,AI is off,AI is off,AI is off,AI is off,Not paired,AI is off,0,0,0
1690000,0,0,1,0.33,0.32,0,0,99,1,0,28,False,True,0,0,64,48,35,3.77,AI is off,AI is off,AI is off,AI is off,Not paired,AI is off,0,0,0
1692000,0,0,0,0.33,0.32,0,0,99,1,0,28,False,True,0,0,52,38,28,3.77,AI is off,AI is off,AI is off,AI is off,Not paired,AI is off,0,0,0
1694000,0,0,0,0.33,0.32,0,0,99,1,0,28,False,True,0,0,53,39,28,3.77,AI is off,AI is off,AI is off,AI is off,Not paired,AI is off,0,0,0
1696000,0,0,0,0.33,0.32,0,0,99,1,0,28,False,True,0,0,60,45,34,3.77,AI is off,AI is off,AI is off,AI is off,Not paired,AI is off,0,0,0
1698000,0,0,0,0.33,0.32,0,0,99,1,0,28,False,True,0,0,55,43,32,3.77,AI is off,AI is off,AI is off,AI is off,Not paired,AI is off,0,0,0
1700000,0,0,0,0.33,0.32,0,0,99,1,0,28,False,True,0,0,54,40,30,3.77,AI is off,AI is off,AI is off,AI is off,Not paired,AI is off,0,0,0
1702000,0,0,0,0.33,0.32,0,0,99,1,0,28,False,True,0,0,52,39,29,3.77,AI is off,AI is off,AI is off,AI is off,Not paired,AI is off,0,0,0
1704000,0,0,0,0.33,0.32,0,0,99,1,0,28,False,True,0,0,51,38,28,3.77,AI is off,AI is off,AI is off,AI is off,Not paired,AI is off,0,0,0
1706000,0,0,0,0.33,0.32,0,0,99,1,0,28,False,True,0,0,53,40,30,3.77,AI is off,AI is off,AI is off,AI is off,Not paired,AI is off,0,0,0
1708000,0,0,0,0.33,0.32,0,0,99,1,0,28,False,True,0,0,52,38,29,3.77,AI is off,AI is off,AI is off,AI is off,Not paired,AI is off,0,0,0
1710000,0,0,0,0.33,0.32,0,0,99,1,0,28,False,True,0,0,51,39,29,3.77,AI is off,AI is off,AI is off,AI is off,Not paired,AI is off,0,0,0
1712000,0,0,0,0.33,0.32,0,0,99,1,0,28,False,True,0,0,67,50,37,3.77,AI is off,AI is off,AI is off,AI is off,Not paired,AI is off,0,0,0
1714000,0,0,0,0.32,0.32,0,0,99,1,0,28,False,True,0,0,68,50,38,3.77,AI is off,AI is off,AI is off,AI is off,Not paired,AI is off,0,0,0
1716000,0,0,0,0.33,0.32,0,0,99,1,0,28,False,True,0,0,53,40,28,3.77,AI is off,AI is off,AI is off,AI is off,Not paired,AI is off,0,0,0