Dive Number,GF Minimum,GF Maximum,Surface Interval (min),Imperial Units,Start Battery Voltage,Start CNS %,Start Date,Start External O2 Sensor Status,Start Low Set Point,Start High Set Point,Computer Firmware Version,Max Depth,Max Time,Error History,End Battery Voltage,End CNS,End Date,End External O2 Sensor Status,End Low Set Point,End High Set Point,Computer Serial Number,Computer Firmware Version,Computer Model,Log Version,Deco Model,VPM-B Conservatism,Start Surface Pressure,End Surface Pressure,Product
92,40,85,8441,False,4,0,7/5/2024 12:41:12 PM,False,0,1,86,14.6,1541,,4,0,7/5/2024 1:06:48 PM,False,0,1,937B0677,86,2,13,GF,40/85,993,993,Peregrine
Time (ms),Depth,First Stop Depth,Time To Surface (min),Average PPO2,Fraction O2,Fraction He,First Stop Time,Current NDL,Current Circuit Mode,Current CCR Mode,Water Temp,Gas Switch Needed,External PPO2,Set Point Type,Circuit Switch Type,External O2 Sensor 1 (mV),External O2 Sensor 2 (mV),External O2 Sensor 3 (mV),Battery Voltage,Tank 1 pressure (PSI),Tank 2 pressure (PSI),Tank 3 pressure (PSI),Tank 4 pressure (PSI),Gas Time Remaining,SAC Rate (2 minute avg),Ascent Rate,Safe Ascent Depth,CO2mbar
0,3.3,0,1,0.27,0.21,0,0,0,1,0,33,False,True,0,0,51,34,22,4.02,AI is off,AI is off,AI is off,AI is off,Not paired,AI is off,0,0,0
2000,3.7,0,1,0.28,0.21,0,0,0,1,0,32,False,True,0,0,50,34,22,4.02,AI is off,AI is off,AI is off,AI is off,Not paired,AI is off,0,0,0
4000,4.3,0,1,0.29,0.21,0,0,99,1,0,32,False,True,0,0,51,34,21,4.02,AI is off,AI is off,AI is off,AI is off,Not paired,AI is off,0,0,0
6000,4.8,0,1,0.3,0.21,0,0,99,1,0,32,False,True,0,0,51,33,21,4.03,AI is off,AI is off,AI is off,AI is off,Not paired,AI is off,0,0,0
8000,5.2,0,1,0.31,0.21,0,0,99,1,0,32,False,True,0,0,51,33,22,4.03,AI is off,AI is off,AI is off,AI is off,Not paired,AI is off,0,0,0
10000,5.6,0,1,0.32,0.21,0,0,99,1,0,31,False,True,0,0,51,34,23,4.03,AI is off,AI is off,AI is off,AI is off,Not paired,AI is off,0,0,0
12000,6,0,1,0.33,0.21,0,0,99,1,0,31,False,True,0,0,50,34,22,4.03,AI is off,AI is off,AI is off,AI is off,Not paired,AI is off,0,0,0
14000,6.4,0,1,0.34,0.21,0,0,99,1,0,31,False,True,0,0,52,34,22,4.03,AI is off,AI is off,AI is off,AI is off,Not paired,AI is off,0,0,0
16000,6.6,0,1,0.34,0.21,0,0,99,1,0,31,False,True,0,0,50,35,23,4.03,AI is off,AI is off,AI is off,AI is off,Not paired,AI is off,0,0,0
18000,7,0,1,0.35,0.21,0,0,99,1,0,30,False,True,0,0,51,34,22,4.03,AI is off,AI is off,AI is off,AI is off,Not paired,AI is off,0,0,0
20000,7.4,0,1,0.36,0.21,0,0,99,1,0,30,False,True,0,0,50,34,22,4.03,AI is off,AI is off,AI is off,AI is off,Not paired,AI is off,0,0,0
22000,7.8,0,1,0.37,0.21,0,0,99,1,0,30,False,True,0,0,50,34,21,4.03,AI is off,AI is off,AI is off,AI is off,Not paired,AI is off,0,0,0
24000,7.9,0,1,0.37,0.21,0,0,99,1,0,29,False,True,0,0,51,35,22,4.03,AI is off,AI is off,AI is off,AI is off,Not paired,AI is off,0,0,0
26000,7.9,0,1,0.37,0.21,0,0,99,1,0,29,False,True,0,0,53,36,23,4.03,AI is off,AI is off,AI is off,AI is off,Not paired,AI is off,0,0,0
28000,8.2,0,1,0.37,0.21,0,0,99,1,0,29,False,True,0,0,52,36,25,4.03,AI is off,AI is off,AI is off,AI is off,Not paired,AI is off,0,0,0
30000,8.900001,0,1,0.39,0.21,0,0,99,1,0,29,False,True,0,0,50,34,21,4.03,AI is off,AI is off,AI is off,AI is off,Not paired,AI is off,0,0,0
32000,9.2,0,1,0.4,0.21,0,0,99,1,0,28,False,True,0,0,51,34,21,4.03,AI is off,AI is off,AI is off,AI is off,Not paired,AI is off,0,0,0
34000,9.7,0,1,0.41,0.21,0,0,99,1,0,28,False,True,0,0,50,33,21,4.03,AI is off,AI is off,AI is off,AI is off,Not paired,AI is off,0,0,0
36000,10,0,1,0.41,0.21,0,0,99,1,0,28,False,True,0,0,50,34,22,4.03,AI is off,AI is off,AI is off,AI is off,Not paired,AI is off,0,0,0
38000,10.4,0,1,0.42,0.21,0,0,99,1,0,28,False,True,0,0,50,35,23,4.03,AI is off,AI is off,AI is off,AI is off,Not paired,AI is off,0,0,0
40000,10.8,0,1,0.43,0.21,0,0,99,1,0,27,False,True,0,0,50,32,21,4.03,AI is off,AI is off,AI is off,AI is off,Not paired,AI is off,0,0,0
42000,10.8,0,1,0.43,0.21,0,0,99,1,0,27,False,True,0,0,51,35,21,4.03,AI is off,AI is off,AI is off,AI is off,Not paired,AI is off,0,0,0
44000,11.1,0,1,0.44,0.21,0,0,99,1,0,27,False,True,0,0,50,34,24,4.03,AI is off,AI is off,AI is off,AI is off,Not paired,AI is off,0,0,0
46000,11.5,0,5,0.44,0.21,0,0,99,1,0,27,False,True,0,0,50,34,23,4.03,AI is off,AI is off,AI is off,AI is off,Not paired,AI is off,0,0,0
48000,11.5,0,5,0.45,0.21,0,0,99,1,0,26,False,True,0,0,50,34,22,4.03,AI is off,AI is off,AI is off,AI is off,Not paired,AI is off,0,0,0
50000,11.7,0,5,0.45,0.21,0,0,99,1,0,26,False,True,0,0,51,35,24,4.03,AI is off,AI is off,AI is off,AI is off,Not paired,AI is off,0,0,0
52000,12.1,0,5,0.46,0.21,0,0,99,1,0,26,False,True,0,0,50,34,22,4.03,AI is off,AI is off,AI is off,AI is off,Not paired,AI is off,0,0,0
54000,12.2,0,5,0.46,0.21,0,0,99,1,0,26,False,True,0,0,51,34,22,4.03,AI is off,AI is off,AI is off,AI is off,Not paired,AI is off,0,0,0
56000,12.3,0,5,0.46,0.21,0,0,99,1,0,26,False,True,0,0,51,34,22,4.03,AI is off,AI is off,AI is off,AI is off,Not paired,AI is off,0,0,0
58000,12.5,0,5,0.47,0.21,0,0,99,1,0,25,False,True,0,0,52,35,23,4.03,AI is off,AI is off,AI is off,AI is off,Not paired,AI is off,0,0,0
60000,12.6,0,5,0.47,0.21,0,0,99,1,0,25,False,True,0,0,51,34,22,4.03,AI is off,AI is off,AI is off,AI is off,Not paired,AI is off,0,0,0
62000,12.7,0,5,0.47,0.21,0,0,99,1,0,25,False,True,0,0,50,34,23,4.03,AI is off,AI is off,AI is off,AI is off,Not paired,AI is off,0,0,0
64000,12.8,0,5,0.47,0.21,0,0,99,1,0,25,False,True,0,0,50,33,22,4.03,AI is off,AI is off,AI is off,AI is off,Not paired,AI is off,0,0,0
66000,13,0,5,0.48,0.21,0,0,89,1,0,24,False,True,0,0,51,34,22,4.03,AI is off,AI is off,AI is off,AI is off,Not paired,AI is off,0,0,0
68000,13,0,5,0.48,0.21,0,0,89,1,0,24,False,True,0,0,51,34,23,4.03,AI is off,AI is off,AI is off,AI is off,Not paired,AI is off,0,0,0
70000,13.1,0,5,0.48,0.21,0,0,89,1,0,24,False,True,0,0,50,35,24,4.03,AI is off,AI is off,AI is off,AI is off,Not paired,AI is off,0,0,0
72000,13.2,0,5,0.48,0.21,0,0,86,1,0,24,False,True,0,0,50,35,23,4.03,AI is off,AI is off,AI is off,AI is off,Not paired,AI is off,0,0,0
74000,13.2,0,5,0.48,0.21,0,0,86,1,0,24,False,True,0,0,51,36,23,4.03,AI is off,AI is off,AI is off,AI is off,Not paired,AI is off,0,0,0
76000,13.3,0,5,0.48,0.21,0,0,86,1,0,24,False,True,0,0,51,37,24,4.03,AI is off,AI is off,AI is off,AI is off,Not paired,AI is off,0,0,0
78000,13.4,0,5,0.48,0.21,0,0,86,1,0,24,False,True,0,0,53,37,24,4.03,AI is off,AI is off,AI is off,AI is off,Not paired,AI is off,0,0,0
80000,13.3,0,5,0.49,0.21,0,0,86,1,0,24,False,True,0,0,50,36,22,4.03,AI is off,AI is off,AI is off,AI is off,Not paired,AI is off,0,0,0
82000,13.3,0,5,0.48,0.21,0,0,86,1,0,23,False,True,0,0,50,36,24,4.03,AI is off,AI is off,AI is off,AI is off,Not paired,AI is off,0,0,0
84000,13.1,0,5,0.48,0.21,0,0,85,1,0,23,False,True,0,0,51,37,24,4.03,AI is off,AI is off,AI is off,AI is off,Not paired,AI is off,0,0,0
86000,12.9,0,5,0.48,0.21,0,0,85,1,0,23,False,True,0,0,51,36,24,4.03,AI is off,AI is off,AI is off,AI is off,Not paired,AI is off,0,0,0
88000,12.9,0,5,0.48,0.21,0,0,91,1,0,23,False,True,0,0,52,37,24,4.03,AI is off,AI is off,AI is off,AI is off,Not paired,AI is off,0,0,0
90000,12.9,0,5,0.48,0.21,0,0,91,1,0,23,False,True,0,0,52,37,24,4.03,AI is off,AI is off,AI is off,AI is off,Not paired,AI is off,0,0,0
92000,13,0,5,0.48,0.21,0,0,91,1,0,23,False,True,0,0,51,36,24,4.03,AI is off,AI is off,AI is off,AI is off,Not paired,AI is off,0,0,0
94000,13,0,5,0.48,0.21,0,0,91,1,0,23,False,True,0,0,52,36,24,4.03,AI is off,AI is off,AI is off,AI is off,Not paired,AI is off,0,0,0
96000,13.1,0,5,0.48,0.21,0,0,91,1,0,23,False,True,0,0,54,38,27,4.03,AI is off,AI is off,AI is off,AI is off,Not paired,AI is off,0,0,0
98000,13.2,0,5,0.48,0.21,0,0,91,1,0,23,False,True,0,0,53,38,27,4.03,AI is off,AI is off,AI is off,AI is off,Not paired,AI is off,0,0,0
100000,13.1,0,5,0.48,0.21,0,0,87,1,0,23,False,True,0,0,54,38,28,4.03,AI is off,AI is off,AI is off,AI is off,Not paired,AI is off,0,0,0
102000,13.2,0,5,0.48,0.21,0,0,87,1,0,22,False,True,0,0,53,37,27,4.03,AI is off,AI is off,AI is off,AI is off,Not paired,AI is off,0,0,0
104000,13,0,5,0.48,0.21,0,0,88,1,0,22,False,True,0,0,54,39,27,4.03,AI is off,AI is off,AI is off,AI is off,Not paired,AI is off,0,0,0
106000,13,0,5,0.48,0.21,0,0,88,1,0,22,False,True,0,0,53,38,27,4.03,AI is off,AI is off,AI is off,AI is off,Not paired,AI is off,0,0,0
108000,13,0,5,0.48,0.21,0,0,88,1,0,22,False,True,0,0,52,37,26,4.03,AI is off,AI is off,AI is off,AI is off,Not paired,AI is off,0,0,0
110000,12.9,0,5,0.48,0.21,0,0,88,1,0,22,False,True,0,0,53,37,26,4.03,AI is off,AI is off,AI is off,AI is off,Not paired,AI is off,0,0,0
112000,12.7,0,5,0.47,0.21,0,0,88,1,0,22,False,True,0,0,53,37,27,4.03,AI is off,AI is off,AI is off,AI is off,Not paired,AI is off,0,0,0
114000,12.7,0,5,0.47,0.21,0,0,88,1,0,22,False,True,0,0,53,36,26,4.03,AI is off,AI is off,AI is off,AI is off,Not paired,AI is off,0,0,0
116000,12.7,0,5,0.47,0.21,0,0,95,1,0,22,False,True,0,0,52,36,26,4.03,AI is off,AI is off,AI is off,AI is off,Not paired,AI is off,0,0,0
118000,12.7,0,5,0.47,0.21,0,0,95,1,0,22,False,True,0,0,53,39,29,4.03,AI is off,AI is off,AI is off,AI is off,Not paired,AI is off,0,0,0
120000,12.8,0,5,0.47,0.21,0,0,95,1,0,22,False,True,0,0,53,38,27,4.03,AI is off,AI is off,AI is off,AI is off,Not paired,AI is off,0,0,0
122000,12.8,0,5,0.47,0.21,0,0,92,1,0,22,False,True,0,0,54,39,28,4.03,AI is off,AI is off,AI is off,AI is off,Not paired,AI is off,0,0,0
124000,12.9,0,5,0.48,0.21,0,0,92,1,0,21,False,True,0,0,52,37,26,4.03,AI is off,AI is off,AI is off,AI is off,Not paired,AI is off,0,0,0
126000,13,0,5,0.48,0.21,0,0,92,1,0,21,False,True,0,0,53,38,27,4.03,AI is off,AI is off,AI is off,AI is off,Not paired,AI is off,0,0,0
128000,13,0,5,0.48,0.21,0,0,92,1,0,21,False,True,0,0,53,38,27,4.03,AI is off,AI is off,AI is off,AI is off,Not paired,AI is off,0,0,0
130000,12.5,0,5,0.48,0.21,0,0,92,1,0,21,False,True,0,0,53,38,27,4.03,AI is off,AI is off,AI is off,AI is off,Not paired,AI is off,0,0,0
132000,11.6,0,5,0.46,0.21,0,0,99,1,0,21,False,True,0,0,53,37,27,4.03,AI is off,AI is off,AI is off,AI is off,Not paired,AI is off,0,0,0
134000,11,0,5,0.44,0.21,0,0,99,1,0,21,False,True,0,0,53,38,27,4.03,AI is off,AI is off,AI is off,AI is off,Not paired,AI is off,0,0,0
136000,10,0,5,0.43,0.21,0,0,99,1,0,21,False,True,0,0,53,38,27,4.03,AI is off,AI is off,AI is off,AI is off,Not paired,AI is off,0,0,0
138000,9.2,0,4,0.41,0.21,0,0,99,1,0,21,False,True,0,0,54,39,28,4.03,AI is off,AI is off,AI is off,AI is off,Not paired,AI is off,0,0,0
140000,9,0,4,0.4,0.21,0,0,99,1,0,20,False,True,0,0,52,38,27,4.03,AI is off,AI is off,AI is off,AI is off,Not paired,AI is off,0,0,0
142000,9.3,0,4,0.4,0.21,0,0,99,1,0,20,False,True,0,0,53,38,28,4.03,AI is off,AI is off,AI is off,AI is off,Not paired,AI is off,0,0,0
144000,9.5,0,4,0.4,0.21,0,0,99,1,0,20,False,True,0,0,53,38,28,4.03,AI is off,AI is off,AI is off,AI is off,Not paired,AI is off,0,0,0
146000,9.900001,0,4,0.41,0.21,0,0,99,1,0,20,False,True,0,0,54,39,29,4.03,AI is off,AI is off,AI is off,AI is off,Not paired,AI is off,0,0,0
148000,10.6,0,4,0.42,0.21,0,0,99,1,0,20,False,True,0,0,54,39,29,4.03,AI is off,AI is off,AI is off,AI is off,Not paired,AI is off,0,0,0
150000,10.9,0,5,0.43,0.21,0,0,99,1,0,20,False,True,0,0,53,39,26,4.03,AI is off,AI is off,AI is off,AI is off,Not paired,AI is off,0,0,0
152000,11.4,0,5,0.44,0.21,0,0,99,1,0,20,False,True,0,0,52,37,25,4.03,AI is off,AI is off,AI is off,AI is off,Not paired,AI is off,0,0,0
154000,11.6,0,5,0.45,0.21,0,0,99,1,0,20,False,True,0,0,53,38,26,4.03,AI is off,AI is off,AI is off,AI is off,Not paired,AI is off,0,0,0
156000,11.9,0,5,0.45,0.21,0,0,99,1,0,20,False,True,0,0,53,37,25,4.03,AI is off,AI is off,AI is off,AI is off,Not paired,AI is off,0,0,0
158000,12.1,0,5,0.46,0.21,0,0,99,1,0,20,False,True,0,0,55,40,28,4.03,AI is off,AI is off,AI is off,AI is off,Not paired,AI is off,0,0,0
160000,12.7,0,5,0.46,0.21,0,0,99,1,0,20,False,True,0,0,53,38,26,4.03,AI is off,AI is off,AI is off,AI is off,Not paired,AI is off,0,0,0
162000,12.9,0,5,0.47,0.21,0,0,99,1,0,20,False,True,0,0,52,37,26,4.03,AI is off,AI is off,AI is off,AI is off,Not paired,AI is off,0,0,0
164000,13.1,0,5,0.48,0.21,0,0,99,1,0,20,False,True,0,0,51,37,25,4.03,AI is off,AI is off,AI is off,AI is off,Not paired,AI is off,0,0,0
166000,13.2,0,5,0.48,0.21,0,0,85,1,0,20,False,True,0,0,52,38,25,4.03,AI is off,AI is off,AI is off,AI is off,Not paired,AI is off,0,0,0
168000,13.3,0,5,0.48,0.21,0,0,85,1,0,20,False,True,0,0,54,39,29,4.03,AI is off,AI is off,AI is off,AI is off,Not paired,AI is off,0,0,0
170000,13.5,0,5,0.49,0.21,0,0,85,1,0,20,False,True,0,0,55,38,28,4.03,AI is off,AI is off,AI is off,AI is off,Not paired,AI is off,0,0,0
172000,13.4,0,5,0.49,0.21,0,0,80,1,0,20,False,True,0,0,54,38,27,4.03,AI is off,AI is off,AI is off,AI is off,Not paired,AI is off,0,0,0
174000,12.8,0,5,0.47,0.21,0,0,80,1,0,20,False,True,0,0,54,38,28,4.03,AI is off,AI is off,AI is off,AI is off,Not paired,AI is off,0,0,0
176000,13.1,0,5,0.48,0.21,0,0,80,1,0,20,False,True,0,0,53,38,28,4.03,AI is off,AI is off,AI is off,AI is off,Not paired,AI is off,0,0,0
178000,13.3,0,5,0.48,0.21,0,0,80,1,0,20,False,True,0,0,55,39,30,4.03,AI is off,AI is off,AI is off,AI is off,Not paired,AI is off,0,0,0
180000,13.5,0,5,0.49,0.21,0,0,80,1,0,20,False,True,0,0,54,39,29,4.03,AI is off,AI is off,AI is off,AI is off,Not paired,AI is off,0,0,0
182000,13.5,0,5,0.49,0.21,0,0,78,1,0,19,False,True,0,0,54,38,27,4.03,AI is off,AI is off,AI is off,AI is off,Not paired,AI is off,0,0,0
184000,13.5,0,5,0.49,0.21,0,0,78,1,0,19,False,True,0,0,54,40,28,4.03,AI is off,AI is off,AI is off,AI is off,Not paired,AI is off,0,0,0
186000,13.3,0,5,0.49,0.21,0,0,78,1,0,19,False,True,0,0,54,40,29,4.03,AI is off,AI is off,AI is off,AI is off,Not paired,AI is off,0,0,0
188000,13.6,0,5,0.49,0.21,0,0,81,1,0,19,False,True,0,0,55,39,28,4.03,AI is off,AI is off,AI is off,AI is off,Not paired,AI is off,0,0,0
190000,13.8,0,5,0.49,0.21,0,0,81,1,0,19,False,True,0,0,54,38,27,4.03,AI is off,AI is off,AI is off,AI is off,Not paired,AI is off,0,0,0
192000,13.8,0,5,0.49,0.21,0,0,81,1,0,19,False,True,0,0,54,38,27,4.03,AI is off,AI is off,AI is off,AI is off,Not paired,AI is off,0,0,0
194000,13.8,0,5,0.5,0.21,0,0,81,1,0,19,False,True,0,0,54,38,27,4.03,AI is off,AI is off,AI is off,AI is off,Not paired,AI is off,0,0,0
196000,13.7,0,5,0.49,0.21,0,0,81,1,0,19,False,True,0,0,53,38,27,4.03,AI is off,AI is off,AI is off,AI is off,Not paired,AI is off,0,0,0
198000,13.7,0,5,0.49,0.21,0,0,76,1,0,19,False,True,0,0,54,38,28,4.03,AI is off,AI is off,AI is off,AI is off,Not paired,AI is off,0,0,0
200000,13.8,0,5,0.49,0.21,0,0,76,1,0,19,False,True,0,0,55,39,29,4.03,AI is off,AI is off,AI is off,AI is off,Not paired,AI is off,0,0,0
202000,13.7,0,5,0.49,0.21,0,0,76,1,0,19,False,True,0,0,54,38,28,4.03,AI is off,AI is off,AI is off,AI is off,Not paired,AI is off,0,0,0
204000,13.8,0,5,0.49,0.21,0,0,76,1,0,19,False,True,0,0,54,39,29,4.03,AI is off,AI is off,AI is off,AI is off,Not paired,AI is off,0,0,0
206000,13.7,0,5,0.49,0.21,0,0,76,1,0,19,False,True,0,0,54,39,30,4.03,AI is off,AI is off,AI is off,AI is off,Not paired,AI is off,0,0,0
208000,13.7,0,5,0.49,0.21,0,0,76,1,0,19,False,True,0,0,55,39,30,4.03,AI is off,AI is off,AI is off,AI is off,Not paired,AI is off,0,0,0
210000,13.5,0,5,0.49,0.21,0,0,76,1,0,19,False,True,0,0,51,37,26,4.03,AI is off,AI is off,AI is off,AI is off,Not paired,AI is off,0,0,0
212000,13.3,0,5,0.48,0.21,0,0,76,1,0,19,False,True,0,0,52,38,27,4.03,AI is off,AI is off,AI is off,AI is off,Not paired,AI is off,0,0,0
214000,12.8,0,5,0.47,0.21,0,0,76,1,0,19,False,True,0,0,54,39,28,4.03,AI is off,AI is off,AI is off,AI is off,Not paired,AI is off,0,0,0
216000,12.6,0,5,0.47,0.21,0,0,90,1,0,19,False,True,0,0,54,40,28,4.03,AI is off,AI is off,AI is off,AI is off,Not paired,AI is off,0,0,0
218000,12.4,0,5,0.46,0.21,0,0,90,1,0,19,False,True,0,0,54,40,28,4.03,AI is off,AI is off,AI is off,AI is off,Not paired,AI is off,0,0,0
220000,12.3,0,5,0.46,0.21,0,0,99,1,0,19,False,True,0,0,52,37,25,4.03,AI is off,AI is off,AI is off,AI is off,Not paired,AI is off,0,0,0
222000,12.4,0,5,0.46,0.21,0,0,99,1,0,19,False,True,0,0,54,40,28,4.03,AI is off,AI is off,AI is off,AI is off,Not paired,AI is off,0,0,0
224000,12.5,0,5,0.47,0.21,0,0,99,1,0,19,False,True,0,0,53,39,27,4.03,AI is off,AI is off,AI is off,AI is off,Not paired,AI is off,0,0,0
226000,12.6,0,5,0.47,0.21,0,0,99,1,0,19,False,True,0,0,52,37,25,4.03,AI is off,AI is off,AI is off,AI is off,Not paired,AI is off,0,0,0
228000,12.6,0,5,0.47,0.21,0,0,99,1,0,19,False,True,0,0,51,37,26,4.03,AI is off,AI is off,AI is off,AI is off,Not paired,AI is off,0,0,0
230000,12.6,0,5,0.47,0.21,0,0,99,1,0,19,False,True,0,0,52,39,27,4.03,AI is off,AI is off,AI is off,AI is off,Not paired,AI is off,0,0,0
232000,12.8,0,5,0.47,0.21,0,0,94,1,0,19,False,True,0,0,53,39,29,4.03,AI is off,AI is off,AI is off,AI is off,Not paired,AI is off,0,0,0
234000,12.7,0,5,0.47,0.21,0,0,94,1,0,19,False,True,0,0,53,39,30,4.03,AI is off,AI is off,AI is off,AI is off,Not paired,AI is off,0,0,0
236000,12.7,0,5,0.47,0.21,0,0,94,1,0,19,False,True,0,0,55,40,31,4.03,AI is off,AI is off,AI is off,AI is off,Not paired,AI is off,0,0,0
238000,12.6,0,5,0.47,0.21,0,0,94,1,0,19,False,True,0,0,54,39,28,4.03,AI is off,AI is off,AI is off,AI is off,Not paired,AI is off,0,0,0
240000,12.5,0,5,0.47,0.21,0,0,94,1,0,19,False,True,0,0,52,39,27,4.03,AI is off,AI is off,AI is off,AI is off,Not paired,AI is off,0,0,0
242000,12.5,0,5,0.47,0.21,0,0,97,1,0,18,False,True,0,0,55,40,30,4.03,AI is off,AI is off,AI is off,AI is off,Not paired,AI is off,0,0,0
244000,12.4,0,5,0.47,0.21,0,0,97,1,0,18,False,True,0,0,54,40,30,4.03,AI is off,AI is off,AI is off,AI is off,Not paired,AI is off,0,0,0
246000,12.4,0,5,0.47,0.21,0,0,97,1,0,18,False,True,0,0,53,40,29,4.03,AI is off,AI is off,AI is off,AI is off,Not paired,AI is off,0,0,0
248000,12.4,0,5,0.47,0.21,0,0,97,1,0,18,False,True,0,0,54,39,30,4.03,AI is off,AI is off,AI is off,AI is off,Not paired,AI is off,0,0,0
250000,12.1,0,5,0.46,0.21,0,0,97,1,0,18,False,True,0,0,54,39,30,4.03,AI is off,AI is off,AI is off,AI is off,Not paired,AI is off,0,0,0
252000,11.4,0,5,0.44,0.21,0,0,99,1,0,18,False,True,0,0,52,39,27,4.03,AI is off,AI is off,AI is off,AI is off,Not paired,AI is off,0,0,0
254000,11,0,5,0.44,0.21,0,0,99,1,0,18,False,True,0,0,54,40,29,4.03,AI is off,AI is off,AI is off,AI is off,Not paired,AI is off,0,0,0
256000,10.4,0,5,0.42,0.21,0,0,99,1,0,18,False,True,0,0,55,41,30,4.03,AI is off,AI is off,AI is off,AI is off,Not paired,AI is off,0,0,0
258000,10.4,0,4,0.42,0.21,0,0,99,1,0,18,False,True,0,0,57,43,33,4.03,AI is off,AI is off,AI is off,AI is off,Not paired,AI is off,0,0,0
260000,10.4,0,4,0.42,0.21,0,0,99,1,0,18,False,True,0,0,54,40,29,4.03,AI is off,AI is off,AI is off,AI is off,Not paired,AI is off,0,0,0
262000,10.5,0,4,0.43,0.21,0,0,99,1,0,18,False,True,0,0,53,39,26,4.03,AI is off,AI is off,AI is off,AI is off,Not paired,AI is off,0,0,0
264000,10.7,0,4,0.43,0.21,0,0,99,1,0,18,False,True,0,0,56,43,33,4.03,AI is off,AI is off,AI is off,AI is off,Not paired,AI is off,0,0,0
266000,11.2,0,4,0.44,0.21,0,0,99,1,0,18,False,True,0,0,55,41,29,4.03,AI is off,AI is off,AI is off,AI is off,Not paired,AI is off,0,0,0
268000,11.6,0,4,0.45,0.21,0,0,99,1,0,18,False,True,0,0,57,44,33,4.03,AI is off,AI is off,AI is off,AI is off,Not paired,AI is off,0,0,0
270000,11.8,0,5,0.45,0.21,0,0,99,1,0,18,False,True,0,0,57,43,32,4.03,AI is off,AI is off,AI is off,AI is off,Not paired,AI is off,0,0,0
272000,11.7,0,5,0.45,0.21,0,0,99,1,0,18,False,True,0,0,57,42,32,4.03,AI is off,AI is off,AI is off,AI is off,Not paired,AI is off,0,0,0
274000,11.9,0,5,0.45,0.21,0,0,99,1,0,18,False,True,0,0,55,41,30,4.03,AI is off,AI is off,AI is off,AI is off,Not paired,AI is off,0,0,0
276000,12,0,5,0.46,0.21,0,0,99,1,0,18,False,True,0,0,60,44,32,4.03,AI is off,AI is off,AI is off,AI is off,Not paired,AI is off,0,0,0
278000,12.2,0,5,0.46,0.21,0,0,99,1,0,18,False,True,0,0,57,43,31,4.03,AI is off,AI is off,AI is off,AI is off,Not paired,AI is off,0,0,0
280000,12.2,0,5,0.46,0.21,0,0,99,1,0,18,False,True,0,0,55,41,30,4.03,AI is off,AI is off,AI is off,AI is off,Not paired,AI is off,0,0,0
282000,12.3,0,5,0.46,0.21,0,0,99,1,0,18,False,True,0,0,56,41,31,4.03,AI is off,AI is off,AI is off,AI is off,Not paired,AI is off,0,0,0
284000,12.3,0,5,0.46,0.21,0,0,99,1,0,18,False,True,0,0,56,43,31,4.03,AI is off,AI is off,AI is off,AI is off,Not paired,AI is off,0,0,0
286000,12.1,0,5,0.46,0.21,0,0,99,1,0,18,False,True,0,0,55,42,31,4.03,AI is off,AI is off,AI is off,AI is off,Not paired,AI is off,0,0,0
288000,12.5,0,5,0.47,0.21,0,0,99,1,0,18,False,True,0,0,54,39,28,4.03,AI is off,AI is off,AI is off,AI is off,Not paired,AI is off,0,0,0
290000,11.9,0,5,0.46,0.21,0,0,99,1,0,18,False,True,0,0,58,46,33,4.03,AI is off,AI is off,AI is off,AI is off,Not paired,AI is off,0,0,0
292000,11.8,0,5,0.45,0.21,0,0,99,1,0,18,False,True,0,0,53,39,28,4.03,AI is off,AI is off,AI is off,AI is off,Not paired,AI is off,0,0,0
294000,11.7,0,5,0.45,0.21,0,0,99,1,0,18,False,True,0,0,52,37,26,4.03,AI is off,AI is off,AI is off,AI is off,Not paired,AI is off,0,0,0
296000,11.8,0,5,0.45,0.21,0,0,99,1,0,18,False,True,0,0,51,36,24,4.03,AI is off,AI is off,AI is off,AI is off,Not paired,AI is off,0,0,0
298000,11.8,0,5,0.45,0.21,0,0,99,1,0,18,False,True,0,0,53,39,28,4.03,AI is off,AI is off,AI is off,AI is off,Not paired,AI is off,0,0,0
300000,11.9,0,5,0.45,0.21,0,0,99,1,0,18,False,True,0,0,53,37,27,4.03,AI is off,AI is off,AI is off,AI is off,Not paired,AI is off,0,0,0
302000,11.9,0,5,0.45,0.21,0,0,99,1,0,18,False,True,0,0,54,40,28,4.03,AI is off,AI is off,AI is off,AI is off,Not paired,AI is off,0,0,0
304000,12.1,0,5,0.46,0.21,0,0,99,1,0,18,False,True,0,0,53,39,26,4.03,AI is off,AI is off,AI is off,AI is off,Not paired,AI is off,0,0,0
306000,12.1,0,5,0.46,0.21,0,0,99,1,0,18,False,True,0,0,52,38,26,4.03,AI is off,AI is off,AI is off,AI is off,Not paired,AI is off,0,0,0
308000,12.3,0,5,0.46,0.21,0,0,99,1,0,18,False,True,0,0,53,40,28,4.03,AI is off,AI is off,AI is off,AI is off,Not paired,AI is off,0,0,0
310000,12.4,0,5,0.47,0.21,0,0,99,1,0,18,False,True,0,0,53,40,28,4.03,AI is off,AI is off,AI is off,AI is off,Not paired,AI is off,0,0,0
312000,12.4,0,5,0.47,0.21,0,0,99,1,0,18,False,True,0,0,52,39,27,4.03,AI is off,AI is off,AI is off,AI is off,Not paired,AI is off,0,0,0
314000,12.4,0,5,0.46,0.21,0,0,99,1,0,18,False,True,0,0,53,40,28,4.03,AI is off,AI is off,AI is off,AI is off,Not paired,AI is off,0,0,0
316000,12.3,0,5,0.46,0.21,0,0,99,1,0,18,False,True,0,0,54,40,29,4.03,AI is off,AI is off,AI is off,AI is off,Not paired,AI is off,0,0,0
318000,12.3,0,5,0.46,0.21,0,0,99,1,0,18,False,True,0,0,53,40,29,4.03,AI is off,AI is off,AI is off,AI is off,Not paired,AI is off,0,0,0
320000,12.1,0,5,0.46,0.21,0,0,99,1,0,18,False,True,0,0,53,40,29,4.03,AI is off,AI is off,AI is off,AI is off,Not paired,AI is off,0,0,0
322000,12,0,5,0.46,0.21,0,0,99,1,0,18,False,True,0,0,53,40,29,4.03,AI is off,AI is off,AI is off,AI is off,Not paired,AI is off,0,0,0
324000,12,0,5,0.46,0.21,0,0,99,1,0,18,False,True,0,0,52,38,26,4.03,AI is off,AI is off,AI is off,AI is off,Not paired,AI is off,0,0,0
326000,12,0,5,0.46,0.21,0,0,99,1,0,18,False,True,0,0,54,40,29,4.03,AI is off,AI is off,AI is off,AI is off,Not paired,AI is off,0,0,0
328000,12,0,5,0.46,0.21,0,0,99,1,0,18,False,True,0,0,53,39,28,4.03,AI is off,AI is off,AI is off,AI is off,Not paired,AI is off,0,0,0
330000,12,0,5,0.46,0.21,0,0,99,1,0,18,False,True,0,0,52,39,27,4.03,AI is off,AI is off,AI is off,AI is off,Not paired,AI is off,0,0,0
332000,12,0,5,0.46,0.21,0,0,99,1,0,18,False,True,0,0,52,39,27,4.03,AI is off,AI is off,AI is off,AI is off,Not paired,AI is off,0,0,0
334000,12.1,0,5,0.46,0.21,0,0,99,1,0,18,False,True,0,0,53,39,28,4.03,AI is off,AI is off,AI is off,AI is off,Not paired,AI is off,0,0,0
336000,11.8,0,5,0.45,0.21,0,0,99,1,0,18,False,True,0,0,53,39,27,4.03,AI is off,AI is off,AI is off,AI is off,Not paired,AI is off,0,0,0
338000,11.7,0,5,0.45,0.21,0,0,99,1,0,18,False,True,0,0,52,39,27,4.03,AI is off,AI is off,AI is off,AI is off,Not paired,AI is off,0,0,0
340000,11.9,0,5,0.45,0.21,0,0,99,1,0,18,False,True,0,0,53,38,27,4.03,AI is off,AI is off,AI is off,AI is off,Not paired,AI is off,0,0,0
342000,11.9,0,5,0.46,0.21,0,0,99,1,0,18,False,True,0,0,53,40,28,4.03,AI is off,AI is off,AI is off,AI is off,Not paired,AI is off,0,0,0
344000,11.9,0,5,0.46,0.21,0,0,99,1,0,18,False,True,0,0,52,38,27,4.03,AI is off,AI is off,AI is off,AI is off,Not paired,AI is off,0,0,0
346000,11.5,0,5,0.45,0.21,0,0,99,1,0,18,False,True,0,0,53,40,29,4.03,AI is off,AI is off,AI is off,AI is off,Not paired,AI is off,0,0,0
348000,11.4,0,5,0.45,0.21,0,0,99,1,0,18,False,True,0,0,52,38,27,4.03,AI is off,AI is off,AI is off,AI is off,Not paired,AI is off,0,0,0
350000,11.6,0,5,0.45,0.21,0,0,99,1,0,18,False,True,0,0,52,38,26,4.03,AI is off,AI is off,AI is off,AI is off,Not paired,AI is off,0,0,0
352000,11.6,0,5,0.45,0.21,0,0,99,1,0,18,False,True,0,0,52,38,25,4.03,AI is off,AI is off,AI is off,AI is off,Not paired,AI is off,0,0,0
354000,11.7,0,5,0.45,0.21,0,0,99,1,0,18,False,True,0,0,52,38,26,4.03,AI is off,AI is off,AI is off,AI is off,Not paired,AI is off,0,0,0
356000,11.7,0,5,0.45,0.21,0,0,99,1,0,18,False,True,0,0,53,39,29,4.03,AI is off,AI is off,AI is off,AI is off,Not paired,AI is off,0,0,0
358000,11.5,0,5,0.45,0.21,0,0,99,1,0,18,False,True,0,0,52,38,27,4.03,AI is off,AI is off,AI is off,AI is off,Not paired,AI is off,0,0,0
360000,11.4,0,5,0.44,0.21,0,0,99,1,0,18,False,True,0,0,53,40,28,4.03,AI is off,AI is off,AI is off,AI is off,Not paired,AI is off,0,0,0
362000,11.5,0,5,0.45,0.21,0,0,99,1,0,18,False,True,0,0,53,39,28,4.03,AI is off,AI is off,AI is off,AI is off,Not paired,AI is off,0,0,0
364000,11.5,0,5,0.45,0.21,0,0,99,1,0,18,False,True,0,0,53,40,28,4.03,AI is off,AI is off,AI is off,AI is off,Not paired,AI is off,0,0,0
366000,11.7,0,5,0.45,0.21,0,0,99,1,0,18,False,True,0,0,53,40,29,4.03,AI is off,AI is off,AI is off,AI is off,Not paired,AI is off,0,0,0
368000,11.9,0,5,0.45,0.21,0,0,99,1,0,18,False,True,0,0,53,39,27,4.03,AI is off,AI is off,AI is off,AI is off,Not paired,AI is off,0,0,0
370000,11.8,0,5,0.45,0.21,0,0,99,1,0,18,False,True,0,0,53,39,28,4.03,AI is off,AI is off,AI is off,AI is off,Not paired,AI is off,0,0,0
372000,11.9,0,5,0.45,0.21,0,0,99,1,0,18,False,True,0,0,54,39,29,4.03,AI is off,AI is off,AI is off,AI is off,Not paired,AI is off,0,0,0
374000,11.9,0,5,0.46,0.21,0,0,99,1,0,18,False,True,0,0,53,39,28,4.03,AI is off,AI is off,AI is off,AI is off,Not paired,AI is off,0,0,0
376000,11.8,0,5,0.45,0.21,0,0,99,1,0,18,False,True,0,0,53,40,29,4.03,AI is off,AI is off,AI is off,AI is off,Not paired,AI is off,0,0,0
378000,11.7,0,5,0.45,0.21,0,0,99,1,0,18,False,True,0,0,53,39,27,4.03,AI is off,AI is off,AI is off,AI is off,Not paired,AI is off,0,0,0
380000,11.6,0,5,0.45,0.21,0,0,99,1,0,18,False,True,0,0,52,38,26,4.03,AI is off,AI is off,AI is off,AI is off,Not paired,AI is off,0,0,0
382000,11.6,0,5,0.45,0.21,0,0,99,1,0,18,False,True,0,0,54,39,28,4.03,AI is off,AI is off,AI is off,AI is off,Not paired,AI is off,0,0,0
384000,11.6,0,5,0.45,0.21,0,0,99,1,0,18,False,True,0,0,52,39,27,4.03,AI is off,AI is off,AI is off,AI is off,Not paired,AI is off,0,0,0
386000,11.7,0,5,0.45,0.21,0,0,99,1,0,18,False,True,0,0,52,38,28,4.03,AI is off,AI is off,AI is off,AI is off,Not paired,AI is off,0,0,0
388000,11.7,0,5,0.45,0.21,0,0,99,1,0,18,False,True,0,0,53,39,28,4.03,AI is off,AI is off,AI is off,AI is off,Not paired,AI is off,0,0,0
390000,11.7,0,5,0.45,0.21,0,0,99,1,0,18,False,True,0,0,53,39,28,4.03,AI is off,AI is off,AI is off,AI is off,Not paired,AI is off,0,0,0
392000,11.8,0,5,0.45,0.21,0,0,99,1,0,18,False,True,0,0,53,40,28,4.03,AI is off,AI is off,AI is off,AI is off,Not paired,AI is off,0,0,0
394000,12,0,5,0.46,0.21,0,0,99,1,0,18,False,True,0,0,53,39,28,4.03,AI is off,AI is off,AI is off,AI is off,Not paired,AI is off,0,0,0
396000,11.9,0,5,0.45,0.21,0,0,99,1,0,18,False,True,0,0,52,39,28,4.03,AI is off,AI is off,AI is off,AI is off,Not paired,AI is off,0,0,0
398000,11.5,0,5,0.45,0.21,0,0,99,1,0,18,False,True,0,0,53,39,28,4.03,AI is off,AI is off,AI is off,AI is off,Not paired,AI is off,0,0,0
400000,11,0,5,0.44,0.21,0,0,99,1,0,18,False,True,0,0,54,40,29,4.03,AI is off,AI is off,AI is off,AI is off,Not paired,AI is off,0,0,0
402000,10.8,0,5,0.43,0.21,0,0,99,1,0,18,False,True,0,0,55,41,30,4.02,AI is off,AI is off,AI is off,AI is off,Not paired,AI is off,0,0,0
404000,10.8,0,5,0.43,0.21,0,0,99,1,0,18,False,True,0,0,55,42,31,4.03,AI is off,AI is off,AI is off,AI is off,Not paired,AI is off,0,0,0
406000,11.2,0,5,0.44,0.21,0,0,99,1,0,18,False,True,0,0,54,40,29,4.03,AI is off,AI is off,AI is off,AI is off,Not paired,AI is off,0,0,0
408000,11.3,0,5,0.44,0.21,0,0,99,1,0,18,False,True,0,0,53,40,29,4.03,AI is off,AI is off,AI is off,AI is off,Not paired,AI is off,0,0,0
410000,11.3,0,5,0.44,0.21,0,0,99,1,0,18,False,True,0,0,54,39,28,4.03,AI is off,AI is off,AI is off,AI is off,Not paired,AI is off,0,0,0
412000,11.3,0,5,0.44,0.21,0,0,99,1,0,18,False,True,0,0,54,40,29,4.03,AI is off,AI is off,AI is off,AI is off,Not paired,AI is off,0,0,0
414000,11.2,0,5,0.44,0.21,0,0,99,1,0,18,False,True,0,0,55,40,30,4.03,AI is off,AI is off,AI is off,AI is off,Not paired,AI is off,0,0,0
416000,11.3,0,5,0.44,0.21,0,0,99,1,0,18,False,True,0,0,54,40,30,4.03,AI is off,AI is off,AI is off,AI is off,Not paired,AI is off,0,0,0
418000,11.6,0,5,0.45,0.21,0,0,99,1,0,18,False,True,0,0,54,40,30,4.03,AI is off,AI is off,AI is off,AI is off,Not paired,AI is off,0,0,0
420000,11.7,0,5,0.45,0.21,0,0,99,1,0,18,False,True,0,0,54,40,29,4.03,AI is off,AI is off,AI is off,AI is off,Not paired,AI is off,0,0,0
422000,11.4,0,5,0.44,0.21,0,0,99,1,0,18,False,True,0,0,53,39,28,4.03,AI is off,AI is off,AI is off,AI is off,Not paired,AI is off,0,0,0
424000,11.2,0,5,0.44,0.21,0,0,99,1,0,18,False,True,0,0,53,40,29,4.03,AI is off,AI is off,AI is off,AI is off,Not paired,AI is off,0,0,0
426000,11,0,5,0.44,0.21,0,0,99,1,0,18,False,True,0,0,54,40,29,4.03,AI is off,AI is off,AI is off,AI is off,Not paired,AI is off,0,0,0
428000,10.9,0,5,0.43,0.21,0,0,99,1,0,18,False,True,0,0,54,40,28,4.03,AI is off,AI is off,AI is off,AI is off,Not paired,AI is off,0,0,0
430000,10.6,0,5,0.43,0.21,0,0,99,1,0,18,False,True,0,0,56,42,30,4.03,AI is off,AI is off,AI is off,AI is off,Not paired,AI is off,0,0,0
432000,10.5,0,5,0.43,0.21,0,0,99,1,0,18,False,True,0,0,55,40,29,4.03,AI is off,AI is off,AI is off,AI is off,Not paired,AI is off,0,0,0
434000,10.5,0,5,0.43,0.21,0,0,99,1,0,18,False,True,0,0,55,41,29,4.03,AI is off,AI is off,AI is off,AI is off,Not paired,AI is off,0,0,0
436000,10.5,0,5,0.43,0.21,0,0,99,1,0,18,False,True,0,0,56,41,29,4.03,AI is off,AI is off,AI is off,AI is off,Not paired,AI is off,0,0,0
438000,10.6,0,4,0.43,0.21,0,0,99,1,0,18,False,True,0,0,55,40,29,4.03,AI is off,AI is off,AI is off,AI is off,Not paired,AI is off,0,0,0
440000,10.7,0,4,0.43,0.21,0,0,99,1,0,18,False,True,0,0,54,40,30,4.03,AI is off,AI is off,AI is off,AI is off,Not paired,AI is off,0,0,0
442000,10.6,0,4,0.43,0.21,0,0,99,1,0,18,False,True,0,0,55,42,31,4.03,AI is off,AI is off,AI is off,AI is off,Not paired,AI is off,0,0,0
444000,10.6,0,4,0.43,0.21,0,0,99,1,0,18,False,True,0,0,54,41,31,4.03,AI is off,AI is off,AI is off,AI is off,Not paired,AI is off,0,0,0
446000,10.7,0,4,0.43,0.21,0,0,99,1,0,18,False,True,0,0,55,41,29,4.03,AI is off,AI is off,AI is off,AI is off,Not paired,AI is off,0,0,0
448000,10.9,0,4,0.43,0.21,0,0,99,1,0,18,False,True,0,0,53,40,28,4.03,AI is off,AI is off,AI is off,AI is off,Not paired,AI is off,0,0,0
450000,10.8,0,4,0.43,0.21,0,0,99,1,0,18,False,True,0,0,53,39,27,4.02,AI is off,AI is off,AI is off,AI is off,Not paired,AI is off,0,0,0
452000,10.7,0,4,0.43,0.21,0,0,99,1,0,18,False,True,0,0,52,38,25,4.02,AI is off,AI is off,AI is off,AI is off,Not paired,AI is off,0,0,0
454000,10.6,0,5,0.43,0.21,0,0,99,1,0,18,False,True,0,0,55,41,29,4.02,AI is off,AI is off,AI is off,AI is off,Not paired,AI is off,0,0,0
456000,10.6,0,5,0.43,0.21,0,0,99,1,0,18,False,True,0,0,54,40,28,4.02,AI is off,AI is off,AI is off,AI is off,Not paired,AI is off,0,0,0
458000,10.4,0,5,0.42,0.21,0,0,99,1,0,18,False,True,0,0,55,42,31,4.02,AI is off,AI is off,AI is off,AI is off,Not paired,AI is off,0,0,0
460000,10.3,0,4,0.42,0.21,0,0,99,1,0,18,False,True,0,0,55,41,30,4.02,AI is off,AI is off,AI is off,AI is off,Not paired,AI is off,0,0,0
462000,10.2,0,4,0.42,0.21,0,0,99,1,0,18,False,True,0,0,54,40,29,4.03,AI is off,AI is off,AI is off,AI is off,Not paired,AI is off,0,0,0
464000,10.2,0,4,0.42,0.21,0,0,99,1,0,18,False,True,0,0,55,42,31,4.02,AI is off,AI is off,AI is off,AI is off,Not paired,AI is off,0,0,0
466000,10.1,0,4,0.42,0.21,0,0,99,1,0,18,False,True,0,0,55,40,29,4.02,AI is off,AI is off,AI is off,AI is off,Not paired,AI is off,0,0,0
468000,10.4,0,4,0.42,0.21,0,0,99,1,0,18,False,True,0,0,54,40,29,4.03,AI is off,AI is off,AI is off,AI is off,Not paired,AI is off,0,0,0
470000,10.4,0,4,0.42,0.21,0,0,99,1,0,18,False,True,0,0,55,41,30,4.03,AI is off,AI is off,AI is off,AI is off,Not paired,AI is off,0,0,0
472000,10.5,0,4,0.43,0.21,0,0,99,1,0,18,False,True,0,0,54,41,30,4.03,AI is off,AI is off,AI is off,AI is off,Not paired,AI is off,0,0,0
474000,10.5,0,4,0.42,0.21,0,0,99,1,0,18,False,True,0,0,55,41,29,4.03,AI is off,AI is off,AI is off,AI is off,Not paired,AI is off,0,0,0
476000,10.6,0,4,0.43,0.21,0,0,99,1,0,18,False,True,0,0,54,41,30,4.02,AI is off,AI is off,AI is off,AI is off,Not paired,AI is off,0,0,0
478000,10.8,0,4,0.43,0.21,0,0,99,1,0,18,False,True,0,0,54,40,29,4.03,AI is off,AI is off,AI is off,AI is off,Not paired,AI is off,0,0,0
480000,11,0,4,0.44,0.21,0,0,99,1,0,18,False,True,0,0,56,42,31,4.03,AI is off,AI is off,AI is off,AI is off,Not paired,AI is off,0,0,0
482000,11,0,4,0.44,0.21,0,0,99,1,0,18,False,True,0,0,54,41,29,4.03,AI is off,AI is off,AI is off,AI is off,Not paired,AI is off,0,0,0
484000,11.2,0,4,0.44,0.21,0,0,99,1,0,18,False,True,0,0,55,41,30,4.03,AI is off,AI is off,AI is off,AI is off,Not paired,AI is off,0,0,0
486000,11.3,0,5,0.44,0.21,0,0,99,1,0,18,False,True,0,0,54,40,29,4.03,AI is off,AI is off,AI is off,AI is off,Not paired,AI is off,0,0,0
488000,11.4,0,5,0.44,0.21,0,0,99,1,0,18,False,True,0,0,55,41,30,4.02,AI is off,AI is off,AI is off,AI is off,Not paired,AI is off,0,0,0
490000,11.4,0,5,0.44,0.21,0,0,99,1,0,18,False,True,0,0,54,41,30,4.02,AI is off,AI is off,AI is off,AI is off,Not paired,AI is off,0,0,0
492000,11.5,0,5,0.45,0.21,0,0,99,1,0,18,False,True,0,0,54,41,30,4.02,AI is off,AI is off,AI is off,AI is off,Not paired,AI is off,0,0,0
494000,11.5,0,5,0.45,0.21,0,0,99,1,0,18,False,True,0,0,54,40,29,4.02,AI is off,AI is off,AI is off,AI is off,Not paired,AI is off,0,0,0
496000,11.5,0,5,0.45,0.21,0,0,99,1,0,18,False,True,0,0,53,39,28,4.02,AI is off,AI is off,AI is off,AI is off,Not paired,AI is off,0,0,0
498000,11.6,0,5,0.45,0.21,0,0,99,1,0,18,False,True,0,0,55,41,30,4.02,AI is off,AI is off,AI is off,AI is off,Not paired,AI is off,0,0,0
500000,11.6,0,5,0.45,0.21,0,0,99,1,0,18,False,True,0,0,54,40,28,4.02,AI is off,AI is off,AI is off,AI is off,Not paired,AI is off,0,0,0
502000,11.5,0,5,0.45,0.21,0,0,99,1,0,18,False,True,0,0,54,40,29,4.02,AI is off,AI is off,AI is off,AI is off,Not paired,AI is off,0,0,0
504000,11.6,0,5,0.45,0.21,0,0,99,1,0,18,False,True,0,0,54,39,28,4.02,AI is off,AI is off,AI is off,AI is off,Not paired,AI is off,0,0,0
506000,11.7,0,5,0.45,0.21,0,0,99,1,0,18,False,True,0,0,54,40,28,4.02,AI is off,AI is off,AI is off,AI is off,Not paired,AI is off,0,0,0
508000,11.7,0,5,0.45,0.21,0,0,99,1,0,18,False,True,0,0,55,41,30,4.02,AI is off,AI is off,AI is off,AI is off,Not paired,AI is off,0,0,0
510000,11.8,0,5,0.45,0.21,0,0,99,1,0,18,False,True,0,0,53,40,29,4.02,AI is off,AI is off,AI is off,AI is off,Not paired,AI is off,0,0,0
512000,11.8,0,5,0.45,0.21,0,0,99,1,0,18,False,True,0,0,53,39,28,4.02,AI is off,AI is off,AI is off,AI is off,Not paired,AI is off,0,0,0
514000,11.9,0,5,0.45,0.21,0,0,99,1,0,18,False,True,0,0,53,39,28,4.02,AI is off,AI is off,AI is off,AI is off,Not paired,AI is off,0,0,0
516000,12,0,5,0.46,0.21,0,0,99,1,0,18,False,True,0,0,54,41,29,4.02,AI is off,AI is off,AI is off,AI is off,Not paired,AI is off,0,0,0
518000,12,0,5,0.46,0.21,0,0,99,1,0,18,False,True,0,0,53,40,28,4.02,AI is off,AI is off,AI is off,AI is off,Not paired,AI is off,0,0,0
520000,12,0,5,0.46,0.21,0,0,99,1,0,18,False,True,0,0,53,40,28,4.02,AI is off,AI is off,AI is off,AI is off,Not paired,AI is off,0,0,0
522000,12.2,0,5,0.46,0.21,0,0,99,1,0,18,False,True,0,0,53,40,29,4.02,AI is off,AI is off,AI is off,AI is off,Not paired,AI is off,0,0,0
524000,12.1,0,5,0.46,0.21,0,0,99,1,0,18,False,True,0,0,53,40,29,4.02,AI is off,AI is off,AI is off,AI is off,Not paired,AI is off,0,0,0
526000,12,0,5,0.46,0.21,0,0,99,1,0,17,False,True,0,0,53,40,29,4.02,AI is off,AI is off,AI is off,AI is off,Not paired,AI is off,0,0,0
528000,12,0,5,0.46,0.21,0,0,99,1,0,17,False,True,0,0,53,39,27,4.02,AI is off,AI is off,AI is off,AI is off,Not paired,AI is off,0,0,0
530000,12,0,5,0.46,0.21,0,0,99,1,0,17,False,True,0,0,52,39,28,4.02,AI is off,AI is off,AI is off,AI is off,Not paired,AI is off,0,0,0
532000,11.9,0,5,0.45,0.21,0,0,99,1,0,17,False,True,0,0,53,40,29,4.02,AI is off,AI is off,AI is off,AI is off,Not paired,AI is off,0,0,0
534000,11.8,0,5,0.45,0.21,0,0,99,1,0,17,False,True,0,0,54,40,30,4.02,AI is off,AI is off,AI is off,AI is off,Not paired,AI is off,0,0,0
536000,11.7,0,5,0.45,0.21,0,0,99,1,0,17,False,True,0,0,53,40,29,4.02,AI is off,AI is off,AI is off,AI is off,Not paired,AI is off,0,0,0
538000,11.4,0,5,0.45,0.21,0,0,99,1,0,17,False,True,0,0,54,41,29,4.02,AI is off,AI is off,AI is off,AI is off,Not paired,AI is off,0,0,0
540000,11.4,0,5,0.44,0.21,0,0,99,1,0,17,False,True,0,0,53,40,29,4.02,AI is off,AI is off,AI is off,AI is off,Not paired,AI is off,0,0,0
542000,11.4,0,5,0.44,0.21,0,0,99,1,0,17,False,True,0,0,54,40,30,4.02,AI is off,AI is off,AI is off,AI is off,Not paired,AI is off,0,0,0
544000,11.4,0,5,0.44,0.21,0,0,99,1,0,17,False,True,0,0,54,40,29,4.02,AI is off,AI is off,AI is off,AI is off,Not paired,AI is off,0,0,0
546000,11.7,0,5,0.45,0.21,0,0,99,1,0,17,False,True,0,0,53,40,29,4.02,AI is off,AI is off,AI is off,AI is off,Not paired,AI is off,0,0,0
548000,11.7,0,5,0.45,0.21,0,0,99,1,0,17,False,True,0,0,53,41,30,4.02,AI is off,AI is off,AI is off,AI is off,Not paired,AI is off,0,0,0
550000,11.7,0,5,0.45,0.21,0,0,99,1,0,17,False,True,0,0,54,40,29,4.02,AI is off,AI is off,AI is off,AI is off,Not paired,AI is off,0,0,0
552000,11.8,0,5,0.45,0.21,0,0,99,1,0,17,False,True,0,0,55,42,31,4.02,AI is off,AI is off,AI is off,AI is off,Not paired,AI is off,0,0,0
554000,11.8,0,5,0.45,0.21,0,0,99,1,0,17,False,True,0,0,59,45,36,4.02,AI is off,AI is off,AI is off,AI is off,Not paired,AI is off,0,0,0
556000,11.9,0,5,0.45,0.21,0,0,99,1,0,17,False,True,0,0,56,45,33,4.02,AI is off,AI is off,AI is off,AI is off,Not paired,AI is off,0,0,0
558000,12,0,5,0.46,0.21,0,0,99,1,0,17,False,True,0,0,56,42,33,4.02,AI is off,AI is off,AI is off,AI is off,Not paired,AI is off,0,0,0
560000,12.1,0,5,0.46,0.21,0,0,99,1,0,17,False,True,0,0,55,41,31,4.02,AI is off,AI is off,AI is off,AI is off,Not paired,AI is off,0,0,0
562000,12.2,0,5,0.46,0.21,0,0,99,1,0,17,False,True,0,0,55,41,29,4.02,AI is off,AI is off,AI is off,AI is off,Not paired,AI is off,0,0,0
564000,12.7,0,5,0.47,0.21,0,0,99,1,0,17,False,True,0,0,53,40,29,4.02,AI is off,AI is off,AI is off,AI is off,Not paired,AI is off,0,0,0
566000,12.7,0,5,0.47,0.21,0,0,87,1,0,17,False,True,0,0,54,40,29,4.02,AI is off,AI is off,AI is off,AI is off,Not paired,AI is off,0,0,0
568000,12.5,0,5,0.47,0.21,0,0,87,1,0,17,False,True,0,0,55,41,29,4.02,AI is off,AI is off,AI is off,AI is off,Not paired,AI is off,0,0,0
570000,12.5,0,5,0.47,0.21,0,0,87,1,0,17,False,True,0,0,54,40,30,4.02,AI is off,AI is off,AI is off,AI is off,Not paired,AI is off,0,0,0
572000,12.3,0,5,0.46,0.21,0,0,87,1,0,17,False,True,0,0,53,40,29,4.02,AI is off,AI is off,AI is off,AI is off,Not paired,AI is off,0,0,0
574000,12.4,0,5,0.46,0.21,0,0,87,1,0,17,False,True,0,0,55,40,29,4.02,AI is off,AI is off,AI is off,AI is off,Not paired,AI is off,0,0,0
576000,12.4,0,5,0.47,0.21,0,0,87,1,0,17,False,True,0,0,54,41,30,4.02,AI is off,AI is off,AI is off,AI is off,Not paired,AI is off,0,0,0
578000,12.2,0,5,0.46,0.21,0,0,95,1,0,17,False,True,0,0,55,40,29,4.02,AI is off,AI is off,AI is off,AI is off,Not paired,AI is off,0,0,0
580000,12.1,0,5,0.46,0.21,0,0,95,1,0,17,False,True,0,0,53,41,30,4.02,AI is off,AI is off,AI is off,AI is off,Not paired,AI is off,0,0,0
582000,11.9,0,5,0.45,0.21,0,0,95,1,0,17,False,True,0,0,55,41,30,4.02,AI is off,AI is off,AI is off,AI is off,Not paired,AI is off,0,0,0
584000,12,0,5,0.46,0.21,0,0,99,1,0,17,False,True,0,0,55,40,29,4.02,AI is off,AI is off,AI is off,AI is off,Not paired,AI is off,0,0,0
586000,11.9,0,5,0.46,0.21,0,0,99,1,0,17,False,True,0,0,54,40,29,4.02,AI is off,AI is off,AI is off,AI is off,Not paired,AI is off,0,0,0
588000,12,0,5,0.46,0.21,0,0,99,1,0,17,False,True,0,0,54,40,29,4.02,AI is off,AI is off,AI is off,AI is off,Not paired,AI is off,0,0,0
590000,11.9,0,5,0.46,0.21,0,0,99,1,0,17,False,True,0,0,54,41,30,4.02,AI is off,AI is off,AI is off,AI is off,Not paired,AI is off,0,0,0
592000,11.8,0,5,0.45,0.21,0,0,99,1,0,17,False,True,0,0,55,41,32,4.02,AI is off,AI is off,AI is off,AI is off,Not paired,AI is off,0,0,0
594000,11.9,0,5,0.45,0.21,0,0,99,1,0,17,False,True,0,0,54,40,29,4.02,AI is off,AI is off,AI is off,AI is off,Not paired,AI is off,0,0,0
596000,11.7,0,5,0.45,0.21,0,0,99,1,0,17,False,True,0,0,54,40,29,4.02,AI is off,AI is off,AI is off,AI is off,Not paired,AI is off,0,0,0
598000,11.7,0,5,0.45,0.21,0,0,99,1,0,17,False,True,0,0,54,41,29,4.02,AI is off,AI is off,AI is off,AI is off,Not paired,AI is off,0,0,0
600000,11.6,0,5,0.45,0.21,0,0,99,1,0,17,False,True,0,0,55,40,29,4.02,AI is off,AI is off,AI is off,AI is off,Not paired,AI is off,0,0,0
602000,11.7,0,5,0.45,0.21,0,0,99,1,0,17,False,True,0,0,55,40,29,4.02,AI is off,AI is off,AI is off,AI is off,Not paired,AI is off,0,0,0
604000,11.6,0,5,0.45,0.21,0,0,99,1,0,17,False,True,0,0,54,40,29,4.02,AI is off,AI is off,AI is off,AI is off,Not paired,AI is off,0,0,0
606000,11.7,0,5,0.45,0.21,0,0,99,1,0,17,False,True,0,0,54,40,29,4.02,AI is off,AI is off,AI is off,AI is off,Not paired,AI is off,0,0,0
608000,11.7,0,5,0.45,0.21,0,0,99,1,0,17,False,True,0,0,55,40,30,4.02,AI is off,AI is off,AI is off,AI is off,Not paired,AI is off,0,0,0
610000,11.8,0,5,0.45,0.21,0,0,99,1,0,17,False,True,0,0,54,40,29,4.02,AI is off,AI is off,AI is off,AI is off,Not paired,AI is off,0,0,0
612000,11.8,0,5,0.45,0.21,0,0,99,1,0,17,False,True,0,0,54,40,29,4.02,AI is off,AI is off,AI is off,AI is off,Not paired,AI is off,0,0,0
614000,11.6,0,5,0.45,0.21,0,0,99,1,0,17,False,True,0,0,54,40,30,4.02,AI is off,AI is off,AI is off,AI is off,Not paired,AI is off,0,0,0
616000,11.6,0,5,0.45,0.21,0,0,99,1,0,17,False,True,0,0,54,40,30,4.02,AI is off,AI is off,AI is off,AI is off,Not paired,AI is off,0,0,0
618000,11.5,0,5,0.45,0.21,0,0,99,1,0,17,False,True,0,0,54,40,30,4.02,AI is off,AI is off,AI is off,AI is off,Not paired,AI is off,0,0,0
620000,11.5,0,5,0.45,0.21,0,0,99,1,0,17,False,True,0,0,54,40,29,4.02,AI is off,AI is off,AI is off,AI is off,Not paired,AI is off,0,0,0
622000,11.4,0,5,0.45,0.21,0,0,99,1,0,17,False,True,0,0,54,41,29,4.02,AI is off,AI is off,AI is off,AI is off,Not paired,AI is off,0,0,0
624000,11.4,0,5,0.44,0.21,0,0,99,1,0,17,False,True,0,0,56,43,33,4.02,AI is off,AI is off,AI is off,AI is off,Not paired,AI is off,0,0,0
626000,11.4,0,5,0.44,0.21,0,0,99,1,0,17,False,True,0,0,56,42,29,4.02,AI is off,AI is off,AI is off,AI is off,Not paired,AI is off,0,0,0
628000,11.4,0,5,0.44,0.21,0,0,99,1,0,17,False,True,0,0,55,41,30,4.02,AI is off,AI is off,AI is off,AI is off,Not paired,AI is off,0,0,0
630000,11.4,0,5,0.44,0.21,0,0,99,1,0,17,False,True,0,0,55,41,30,4.02,AI is off,AI is off,AI is off,AI is off,Not paired,AI is off,0,0,0
632000,11.6,0,5,0.45,0.21,0,0,99,1,0,17,False,True,0,0,54,41,30,4.02,AI is off,AI is off,AI is off,AI is off,Not paired,AI is off,0,0,0
634000,11.8,0,5,0.45,0.21,0,0,99,1,0,17,False,True,0,0,54,41,29,4.02,AI is off,AI is off,AI is off,AI is off,Not paired,AI is off,0,0,0
636000,11.7,0,5,0.45,0.21,0,0,99,1,0,17,False,True,0,0,54,39,28,4.02,AI is off,AI is off,AI is off,AI is off,Not paired,AI is off,0,0,0
638000,11.4,0,5,0.45,0.21,0,0,99,1,0,17,False,True,0,0,55,40,30,4.02,AI is off,AI is off,AI is off,AI is off,Not paired,AI is off,0,0,0
640000,11.3,0,5,0.44,0.21,0,0,99,1,0,17,False,True,0,0,53,40,28,4.02,AI is off,AI is off,AI is off,AI is off,Not paired,AI is off,0,0,0
642000,11,0,5,0.44,0.21,0,0,99,1,0,17,False,True,0,0,58,46,33,4.02,AI is off,AI is off,AI is off,AI is off,Not paired,AI is off,0,0,0
644000,11.2,0,5,0.44,0.21,0,0,99,1,0,17,False,True,0,0,54,41,30,4.02,AI is off,AI is off,AI is off,AI is off,Not paired,AI is off,0,0,0
646000,11.3,0,5,0.44,0.21,0,0,99,1,0,17,False,True,0,0,54,41,29,4.02,AI is off,AI is off,AI is off,AI is off,Not paired,AI is off,0,0,0
648000,11.1,0,5,0.44,0.21,0,0,99,1,0,17,False,True,0,0,54,39,28,4.02,AI is off,AI is off,AI is off,AI is off,Not paired,AI is off,0,0,0
650000,10.7,0,5,0.43,0.21,0,0,99,1,0,17,False,True,0,0,55,41,30,4.02,AI is off,AI is off,AI is off,AI is off,Not paired,AI is off,0,0,0
652000,10.5,0,5,0.43,0.21,0,0,99,1,0,17,False,True,0,0,59,46,34,4.02,AI is off,AI is off,AI is off,AI is off,Not paired,AI is off,0,0,0
654000,10.5,0,5,0.43,0.21,0,0,99,1,0,17,False,True,0,0,57,43,32,4.02,AI is off,AI is off,AI is off,AI is off,Not paired,AI is off,0,0,0
656000,10.7,0,5,0.43,0.21,0,0,99,1,0,17,False,True,0,0,57,43,32,4.02,AI is off,AI is off,AI is off,AI is off,Not paired,AI is off,0,0,0
658000,10.7,0,5,0.43,0.21,0,0,99,1,0,17,False,True,0,0,58,45,35,4.02,AI is off,AI is off,AI is off,AI is off,Not paired,AI is off,0,0,0
660000,10.5,0,5,0.43,0.21,0,0,99,1,0,17,False,True,0,0,58,46,34,4.02,AI is off,AI is off,AI is off,AI is off,Not paired,AI is off,0,0,0
662000,10.6,0,5,0.43,0.21,0,0,99,1,0,17,False,True,0,0,58,45,33,4.02,AI is off,AI is off,AI is off,AI is off,Not paired,AI is off,0,0,0
664000,10.6,0,5,0.43,0.21,0,0,99,1,0,17,False,True,0,0,54,41,29,4.02,AI is off,AI is off,AI is off,AI is off,Not paired,AI is off,0,0,0
666000,10.8,0,5,0.43,0.21,0,0,99,1,0,17,False,True,0,0,55,40,30,4.02,AI is off,AI is off,AI is off,AI is off,Not paired,AI is off,0,0,0
668000,11,0,5,0.43,0.21,0,0,99,1,0,17,False,True,0,0,54,40,29,4.02,AI is off,AI is off,AI is off,AI is off,Not paired,AI is off,0,0,0
670000,11.1,0,5,0.44,0.21,0,0,99,1,0,17,False,True,0,0,54,41,30,4.02,AI is off,AI is off,AI is off,AI is off,Not paired,AI is off,0,0,0
672000,11,0,5,0.44,0.21,0,0,99,1,0,17,False,True,0,0,57,43,33,4.02,AI is off,AI is off,AI is off,AI is off,Not paired,AI is off,0,0,0
674000,11.2,0,5,0.44,0.21,0,0,99,1,0,17,False,True,0,0,55,40,30,4.02,AI is off,AI is off,AI is off,AI is off,Not paired,AI is off,0,0,0
676000,11.1,0,5,0.44,0.21,0,0,99,1,0,17,False,True,0,0,56,42,31,4.02,AI is off,AI is off,AI is off,AI is off,Not paired,AI is off,0,0,0
678000,11.3,0,5,0.44,0.21,0,0,99,1,0,17,False,True,0,0,55,41,31,4.02,AI is off,AI is off,AI is off,AI is off,Not paired,AI is off,0,0,0
680000,11.2,0,5,0.44,0.21,0,0,99,1,0,17,False,True,0,0,54,41,30,4.02,AI is off,AI is off,AI is off,AI is off,Not paired,AI is off,0,0,0
682000,11.3,0,5,0.44,0.21,0,0,99,1,0,17,False,True,0,0,55,41,32,4.02,AI is off,AI is off,AI is off,AI is off,Not paired,AI is off,0,0,0
684000,11.1,0,5,0.44,0.21,0,0,99,1,0,17,False,True,0,0,55,41,30,4.02,AI is off,AI is off,AI is off,AI is off,Not paired,AI is off,0,0,0
686000,11.1,0,5,0.44,0.21,0,0,99,1,0,17,False,True,0,0,58,46,34,4.02,AI is off,AI is off,AI is off,AI is off,Not paired,AI is off,0,0,0
688000,11.2,0,5,0.44,0.21,0,0,99,1,0,17,False,True,0,0,54,41,30,4.02,AI is off,AI is off,AI is off,AI is off,Not paired,AI is off,0,0,0
690000,11.2,0,5,0.44,0.21,0,0,99,1,0,17,False,True,0,0,55,40,30,4.02,AI is off,AI is off,AI is off,AI is off,Not paired,AI is off,0,0,0
692000,11,0,5,0.44,0.21,0,0,99,1,0,17,False,True,0,0,55,41,31,4.02,AI is off,AI is off,AI is off,AI is off,Not paired,AI is off,0,0,0
694000,10.6,0,5,0.44,0.21,0,0,99,1,0,17,False,True,0,0,55,41,31,4.02,AI is off,AI is off,AI is off,AI is off,Not paired,AI is off,0,0,0
696000,9.900001,0,5,0.42,0.21,0,0,99,1,0,17,False,True,0,0,57,44,33,4.02,AI is off,AI is off,AI is off,AI is off,Not paired,AI is off,0,0,0
698000,9.900001,0,5,0.41,0.21,0,0,99,1,0,17,False,True,0,0,58,45,33,4.02,AI is off,AI is off,AI is off,AI is off,Not paired,AI is off,0,0,0
700000,10.3,0,5,0.42,0.21,0,0,99,1,0,17,False,True,0,0,55,42,32,4.02,AI is off,AI is off,AI is off,AI is off,Not paired,AI is off,0,0,0
702000,10.5,0,5,0.42,0.21,0,0,99,1,0,17,False,True,0,0,55,41,31,4.02,AI is off,AI is off,AI is off,AI is off,Not paired,AI is off,0,0,0
704000,10.6,0,5,0.43,0.21,0,0,99,1,0,17,False,True,0,0,56,42,31,4.02,AI is off,AI is off,AI is off,AI is off,Not paired,AI is off,0,0,0
706000,10.6,0,5,0.43,0.21,0,0,99,1,0,17,False,True,0,0,56,43,33,4.02,AI is off,AI is off,AI is off,AI is off,Not paired,AI is off,0,0,0
708000,10.7,0,5,0.43,0.21,0,0,99,1,0,17,False,True,0,0,58,44,33,4.02,AI is off,AI is off,AI is off,AI is off,Not paired,AI is off,0,0,0
710000,11,0,5,0.43,0.21,0,0,99,1,0,17,False,True,0,0,58,45,35,4.02,AI is off,AI is off,AI is off,AI is off,Not paired,AI is off,0,0,0
712000,11.2,0,5,0.44,0.21,0,0,99,1,0,17,False,True,0,0,58,45,36,4.02,AI is off,AI is off,AI is off,AI is off,Not paired,AI is off,0,0,0
714000,11.6,0,5,0.45,0.21,0,0,99,1,0,17,False,True,0,0,55,41,30,4.02,AI is off,AI is off,AI is off,AI is off,Not paired,AI is off,0,0,0
716000,12,0,5,0.45,0.21,0,0,99,1,0,17,False,True,0,0,56,42,31,4.02,AI is off,AI is off,AI is off,AI is off,Not paired,AI is off,0,0,0
718000,12.2,0,5,0.46,0.21,0,0,99,1,0,17,False,True,0,0,58,44,35,4.02,AI is off,AI is off,AI is off,AI is off,Not paired,AI is off,0,0,0
720000,12.5,0,5,0.47,0.21,0,0,99,1,0,17,False,True,0,0,54,40,29,4.02,AI is off,AI is off,AI is off,AI is off,Not paired,AI is off,0,0,0
722000,12.8,0,5,0.47,0.21,0,0,99,1,0,17,False,True,0,0,52,38,28,4.02,AI is off,AI is off,AI is off,AI is off,Not paired,AI is off,0,0,0
724000,13,0,5,0.48,0.21,0,0,99,1,0,17,False,True,0,0,53,40,29,4.02,AI is off,AI is off,AI is off,AI is off,Not paired,AI is off,0,0,0
726000,13.1,0,5,0.48,0.21,0,0,79,1,0,17,False,True,0,0,53,40,30,4.02,AI is off,AI is off,AI is off,AI is off,Not paired,AI is off,0,0,0
728000,13.2,0,5,0.48,0.21,0,0,79,1,0,17,False,True,0,0,55,41,29,4.02,AI is off,AI is off,AI is off,AI is off,Not paired,AI is off,0,0,0
730000,13.4,0,5,0.48,0.21,0,0,79,1,0,17,False,True,0,0,55,41,29,4.02,AI is off,AI is off,AI is off,AI is off,Not paired,AI is off,0,0,0
732000,13.5,0,5,0.49,0.21,0,0,73,1,0,17,False,True,0,0,54,41,31,4.02,AI is off,AI is off,AI is off,AI is off,Not paired,AI is off,0,0,0
734000,13.4,0,5,0.49,0.21,0,0,73,1,0,17,False,True,0,0,55,41,30,4.02,AI is off,AI is off,AI is off,AI is off,Not paired,AI is off,0,0,0
736000,13.5,0,5,0.49,0.21,0,0,73,1,0,17,False,True,0,0,55,42,30,4.02,AI is off,AI is off,AI is off,AI is off,Not paired,AI is off,0,0,0
738000,13.5,0,5,0.49,0.21,0,0,73,1,0,17,False,True,0,0,55,42,30,4.02,AI is off,AI is off,AI is off,AI is off,Not paired,AI is off,0,0,0
740000,13.5,0,5,0.49,0.21,0,0,73,1,0,17,False,True,0,0,55,41,30,4.02,AI is off,AI is off,AI is off,AI is off,Not paired,AI is off,0,0,0
742000,13.6,0,5,0.49,0.21,0,0,71,1,0,17,False,True,0,0,55,41,31,4.02,AI is off,AI is off,AI is off,AI is off,Not paired,AI is off,0,0,0
744000,13.7,0,5,0.49,0.21,0,0,71,1,0,17,False,True,0,0,55,42,30,4.02,AI is off,AI is off,AI is off,AI is off,Not paired,AI is off,0,0,0
746000,13.6,0,5,0.49,0.21,0,0,71,1,0,17,False,True,0,0,54,42,31,4.02,AI is off,AI is off,AI is off,AI is off,Not paired,AI is off,0,0,0
748000,13.6,0,5,0.49,0.21,0,0,70,1,0,17,False,True,0,0,54,40,28,4.02,AI is off,AI is off,AI is off,AI is off,Not paired,AI is off,0,0,0
750000,13.3,0,5,0.49,0.21,0,0,70,1,0,17,False,True,0,0,55,41,30,4.02,AI is off,AI is off,AI is off,AI is off,Not paired,AI is off,0,0,0
752000,13.1,0,5,0.48,0.21,0,0,70,1,0,17,False,True,0,0,55,41,30,4.02,AI is off,AI is off,AI is off,AI is off,Not paired,AI is off,0,0,0
754000,12.8,0,5,0.48,0.21,0,0,70,1,0,17,False,True,0,0,54,40,29,4.02,AI is off,AI is off,AI is off,AI is off,Not paired,AI is off,0,0,0
756000,12.6,0,5,0.47,0.21,0,0,70,1,0,17,False,True,0,0,55,41,31,4.02,AI is off,AI is off,AI is off,AI is off,Not paired,AI is off,0,0,0
758000,12.5,0,5,0.47,0.21,0,0,87,1,0,17,False,True,0,0,56,42,31,4.02,AI is off,AI is off,AI is off,AI is off,Not paired,AI is off,0,0,0
760000,12.4,0,5,0.47,0.21,0,0,87,1,0,17,False,True,0,0,54,41,29,4.02,AI is off,AI is off,AI is off,AI is off,Not paired,AI is off,0,0,0
762000,12.5,0,5,0.47,0.21,0,0,87,1,0,17,False,True,0,0,53,40,30,4.02,AI is off,AI is off,AI is off,AI is off,Not paired,AI is off,0,0,0
764000,12.5,0,5,0.47,0.21,0,0,89,1,0,17,False,True,0,0,53,41,28,4.02,AI is off,AI is off,AI is off,AI is off,Not paired,AI is off,0,0,0
766000,12.4,0,5,0.47,0.21,0,0,89,1,0,17,False,True,0,0,54,40,29,4.02,AI is off,AI is off,AI is off,AI is off,Not paired,AI is off,0,0,0
768000,12.5,0,5,0.47,0.21,0,0,89,1,0,17,False,True,0,0,55,42,31,4.02,AI is off,AI is off,AI is off,AI is off,Not paired,AI is off,0,0,0
770000,12.6,0,5,0.47,0.21,0,0,89,1,0,17,False,True,0,0,55,42,30,4.02,AI is off,AI is off,AI is off,AI is off,Not paired,AI is off,0,0,0
772000,12.7,0,5,0.47,0.21,0,0,89,1,0,17,False,True,0,0,55,41,29,4.02,AI is off,AI is off,AI is off,AI is off,Not paired,AI is off,0,0,0
774000,12.6,0,5,0.47,0.21,0,0,86,1,0,17,False,True,0,0,54,40,29,4.02,AI is off,AI is off,AI is off,AI is off,Not paired,AI is off,0,0,0
776000,12.7,0,5,0.47,0.21,0,0,86,1,0,17,False,True,0,0,56,42,30,4.02,AI is off,AI is off,AI is off,AI is off,Not paired,AI is off,0,0,0
778000,12.7,0,5,0.47,0.21,0,0,86,1,0,17,False,True,0,0,55,41,31,4.02,AI is off,AI is off,AI is off,AI is off,Not paired,AI is off,0,0,0
780000,12.8,0,5,0.47,0.21,0,0,83,1,0,17,False,True,0,0,54,40,29,4.02,AI is off,AI is off,AI is off,AI is off,Not paired,AI is off,0,0,0
782000,13,0,5,0.48,0.21,0,0,83,1,0,17,False,True,0,0,55,41,30,4.02,AI is off,AI is off,AI is off,AI is off,Not paired,AI is off,0,0,0
784000,13,0,5,0.48,0.21,0,0,78,1,0,17,False,True,0,0,53,40,28,4.02,AI is off,AI is off,AI is off,AI is off,Not paired,AI is off,0,0,0
786000,12.7,0,5,0.48,0.21,0,0,78,1,0,17,False,True,0,0,55,41,30,4.02,AI is off,AI is off,AI is off,AI is off,Not paired,AI is off,0,0,0
788000,12.6,0,5,0.47,0.21,0,0,78,1,0,17,False,True,0,0,54,42,31,4.02,AI is off,AI is off,AI is off,AI is off,Not paired,AI is off,0,0,0
790000,12.6,0,5,0.47,0.21,0,0,78,1,0,17,False,True,0,0,56,42,31,4.02,AI is off,AI is off,AI is off,AI is off,Not paired,AI is off,0,0,0
792000,12.5,0,5,0.47,0.21,0,0,78,1,0,17,False,True,0,0,54,40,29,4.02,AI is off,AI is off,AI is off,AI is off,Not paired,AI is off,0,0,0
794000,12.5,0,5,0.47,0.21,0,0,78,1,0,17,False,True,0,0,55,42,30,4.02,AI is off,AI is off,AI is off,AI is off,Not paired,AI is off,0,0,0
796000,12.5,0,5,0.47,0.21,0,0,88,1,0,17,False,True,0,0,53,41,29,4.02,AI is off,AI is off,AI is off,AI is off,Not paired,AI is off,0,0,0
798000,12.6,0,5,0.47,0.21,0,0,88,1,0,17,False,True,0,0,56,42,31,4.02,AI is off,AI is off,AI is off,AI is off,Not paired,AI is off,0,0,0
800000,12.8,0,5,0.47,0.21,0,0,88,1,0,17,False,True,0,0,54,40,29,4.02,AI is off,AI is off,AI is off,AI is off,Not paired,AI is off,0,0,0
802000,12.9,0,5,0.48,0.21,0,0,81,1,0,17,False,True,0,0,55,42,32,4.02,AI is off,AI is off,AI is off,AI is off,Not paired,AI is off,0,0,0
804000,12.8,0,5,0.48,0.21,0,0,81,1,0,17,False,True,0,0,55,41,31,4.02,AI is off,AI is off,AI is off,AI is off,Not paired,AI is off,0,0,0
806000,12.9,0,5,0.47,0.21,0,0,81,1,0,17,False,True,0,0,55,42,31,4.02,AI is off,AI is off,AI is off,AI is off,Not paired,AI is off,0,0,0
808000,12.9,0,5,0.48,0.21,0,0,81,1,0,17,False,True,0,0,55,41,31,4.02,AI is off,AI is off,AI is off,AI is off,Not paired,AI is off,0,0,0
810000,12.8,0,5,0.47,0.21,0,0,81,1,0,17,False,True,0,0,55,42,30,4.02,AI is off,AI is off,AI is off,AI is off,Not paired,AI is off,0,0,0
812000,12.8,0,5,0.48,0.21,0,0,81,1,0,17,False,True,0,0,55,42,30,4.02,AI is off,AI is off,AI is off,AI is off,Not paired,AI is off,0,0,0
814000,12.7,0,5,0.47,0.21,0,0,81,1,0,17,False,True,0,0,55,42,30,4.02,AI is off,AI is off,AI is off,AI is off,Not paired,AI is off,0,0,0
816000,12.7,0,5,0.47,0.21,0,0,81,1,0,17,False,True,0,0,54,40,29,4.02,AI is off,AI is off,AI is off,AI is off,Not paired,AI is off,0,0,0
818000,12.6,0,5,0.47,0.21,0,0,84,1,0,17,False,True,0,0,54,40,29,4.02,AI is off,AI is off,AI is off,AI is off,Not paired,AI is off,0,0,0
820000,12.7,0,5,0.47,0.21,0,0,84,1,0,17,False,True,0,0,54,40,29,4.02,AI is off,AI is off,AI is off,AI is off,Not paired,AI is off,0,0,0
822000,12.7,0,5,0.47,0.21,0,0,84,1,0,17,False,True,0,0,55,42,31,4.02,AI is off,AI is off,AI is off,AI is off,Not paired,AI is off,0,0,0
824000,12.6,0,5,0.47,0.21,0,0,84,1,0,17,False,True,0,0,54,40,29,4.02,AI is off,AI is off,AI is off,AI is off,Not paired,AI is off,0,0,0
826000,12.6,0,5,0.47,0.21,0,0,84,1,0,17,False,True,0,0,56,42,30,4.02,AI is off,AI is off,AI is off,AI is off,Not paired,AI is off,0,0,0
828000,12.6,0,5,0.47,0.21,0,0,85,1,0,17,False,True,0,0,55,40,30,4.02,AI is off,AI is off,AI is off,AI is off,Not paired,AI is off,0,0,0
830000,12.6,0,5,0.47,0.21,0,0,85,1,0,17,False,True,0,0,55,41,30,4.02,AI is off,AI is off,AI is off,AI is off,Not paired,AI is off,0,0,0
832000,12.6,0,5,0.47,0.21,0,0,85,1,0,17,False,True,0,0,54,40,29,4.02,AI is off,AI is off,AI is off,AI is off,Not paired,AI is off,0,0,0
834000,12.7,0,5,0.47,0.21,0,0,85,1,0,17,False,True,0,0,54,40,29,4.02,AI is off,AI is off,AI is off,AI is off,Not paired,AI is off,0,0,0
836000,12.7,0,5,0.47,0.21,0,0,85,1,0,17,False,True,0,0,54,40,29,4.02,AI is off,AI is off,AI is off,AI is off,Not paired,AI is off,0,0,0
838000,12.7,0,5,0.47,0.21,0,0,85,1,0,17,False,True,0,0,56,43,31,4.02,AI is off,AI is off,AI is off,AI is off,Not paired,AI is off,0,0,0
840000,12.6,0,5,0.47,0.21,0,0,85,1,0,17,False,True,0,0,53,41,29,4.02,AI is off,AI is off,AI is off,AI is off,Not paired,AI is off,0,0,0
842000,12.5,0,5,0.47,0.21,0,0,85,1,0,17,False,True,0,0,53,41,29,4.02,AI is off,AI is off,AI is off,AI is off,Not paired,AI is off,0,0,0
844000,12.3,0,5,0.47,0.21,0,0,90,1,0,17,False,True,0,0,54,40,30,4.02,AI is off,AI is off,AI is off,AI is off,Not paired,AI is off,0,0,0
846000,12.2,0,5,0.46,0.21,0,0,90,1,0,17,False,True,0,0,54,40,29,4.02,AI is off,AI is off,AI is off,AI is off,Not paired,AI is off,0,0,0
848000,12.1,0,5,0.46,0.21,0,0,90,1,0,17,False,True,0,0,53,40,28,4.02,AI is off,AI is off,AI is off,AI is off,Not paired,AI is off,0,0,0
850000,11.6,0,5,0.46,0.21,0,0,99,1,0,17,False,True,0,0,55,41,30,4.02,AI is off,AI is off,AI is off,AI is off,Not paired,AI is off,0,0,0
852000,11.4,0,5,0.45,0.21,0,0,99,1,0,17,False,True,0,0,59,46,34,4.02,AI is off,AI is off,AI is off,AI is off,Not paired,AI is off,0,0,0
854000,11.5,0,5,0.44,0.21,0,0,99,1,0,17,False,True,0,0,55,42,30,4.02,AI is off,AI is off,AI is off,AI is off,Not paired,AI is off,0,0,0
856000,11.7,0,5,0.45,0.21,0,0,99,1,0,17,False,True,0,0,55,40,30,4.02,AI is off,AI is off,AI is off,AI is off,Not paired,AI is off,0,0,0
858000,11.9,0,5,0.45,0.21,0,0,99,1,0,17,False,True,0,0,56,43,31,4.02,AI is off,AI is off,AI is off,AI is off,Not paired,AI is off,0,0,0
860000,12,0,5,0.46,0.21,0,0,99,1,0,17,False,True,0,0,54,40,30,4.02,AI is off,AI is off,AI is off,AI is off,Not paired,AI is off,0,0,0
862000,12.2,0,5,0.46,0.21,0,0,99,1,0,17,False,True,0,0,55,41,30,4.02,AI is off,AI is off,AI is off,AI is off,Not paired,AI is off,0,0,0
864000,12.3,0,5,0.46,0.21,0,0,99,1,0,17,False,True,0,0,53,41,29,4.02,AI is off,AI is off,AI is off,AI is off,Not paired,AI is off,0,0,0
866000,12.3,0,5,0.46,0.21,0,0,91,1,0,17,False,True,0,0,54,41,30,4.02,AI is off,AI is off,AI is off,AI is off,Not paired,AI is off,0,0,0
868000,12.2,0,5,0.46,0.21,0,0,91,1,0,17,False,True,0,0,54,41,29,4.02,AI is off,AI is off,AI is off,AI is off,Not paired,AI is off,0,0,0
870000,12,0,5,0.46,0.21,0,0,97,1,0,17,False,True,0,0,54,41,30,4.02,AI is off,AI is off,AI is off,AI is off,Not paired,AI is off,0,0,0
872000,11.7,0,5,0.45,0.21,0,0,97,1,0,17,False,True,0,0,56,44,33,4.02,AI is off,AI is off,AI is off,AI is off,Not paired,AI is off,0,0,0
874000,11.6,0,5,0.45,0.21,0,0,97,1,0,17,False,True,0,0,55,41,29,4.02,AI is off,AI is off,AI is off,AI is off,Not paired,AI is off,0,0,0
876000,11.5,0,5,0.45,0.21,0,0,97,1,0,17,False,True,0,0,54,40,29,4.02,AI is off,AI is off,AI is off,AI is off,Not paired,AI is off,0,0,0
878000,11.3,0,5,0.44,0.21,0,0,97,1,0,17,False,True,0,0,55,42,30,4.02,AI is off,AI is off,AI is off,AI is off,Not paired,AI is off,0,0,0
880000,11.5,0,5,0.44,0.21,0,0,97,1,0,17,False,True,0,0,54,40,29,4.02,AI is off,AI is off,AI is off,AI is off,Not paired,AI is off,0,0,0
882000,11.6,0,5,0.45,0.21,0,0,99,1,0,17,False,True,0,0,55,41,30,4.02,AI is off,AI is off,AI is off,AI is off,Not paired,AI is off,0,0,0
884000,11.6,0,5,0.45,0.21,0,0,99,1,0,17,False,True,0,0,55,42,31,4.02,AI is off,AI is off,AI is off,AI is off,Not paired,AI is off,0,0,0
886000,11.7,0,5,0.45,0.21,0,0,99,1,0,17,False,True,0,0,55,42,31,4.02,AI is off,AI is off,AI is off,AI is off,Not paired,AI is off,0,0,0
888000,11.7,0,5,0.45,0.21,0,0,99,1,0,17,False,True,0,0,55,41,30,4.02,AI is off,AI is off,AI is off,AI is off,Not paired,AI is off,0,0,0
890000,11.8,0,5,0.45,0.21,0,0,99,1,0,17,False,True,0,0,55,40,29,4.02,AI is off,AI is off,AI is off,AI is off,Not paired,AI is off,0,0,0
892000,11.9,0,5,0.45,0.21,0,0,99,1,0,17,False,True,0,0,54,41,31,4.02,AI is off,AI is off,AI is off,AI is off,Not paired,AI is off,0,0,0
894000,12,0,5,0.46,0.21,0,0,99,1,0,17,False,True,0,0,54,39,28,4.02,AI is off,AI is off,AI is off,AI is off,Not paired,AI is off,0,0,0
896000,12.2,0,5,0.46,0.21,0,0,99,1,0,17,False,True,0,0,54,41,30,4.02,AI is off,AI is off,AI is off,AI is off,Not paired,AI is off,0,0,0
898000,12.2,0,5,0.46,0.21,0,0,93,1,0,17,False,True,0,0,56,42,31,4.02,AI is off,AI is off,AI is off,AI is off,Not paired,AI is off,0,0,0
900000,12.6,0,5,0.47,0.21,0,0,93,1,0,17,False,True,0,0,54,41,30,4.02,AI is off,AI is off,AI is off,AI is off,Not paired,AI is off,0,0,0
902000,12.8,0,5,0.47,0.21,0,0,93,1,0,17,False,True,0,0,53,41,29,4.02,AI is off,AI is off,AI is off,AI is off,Not paired,AI is off,0,0,0
904000,12.8,0,5,0.47,0.21,0,0,81,1,0,17,False,True,0,0,54,41,30,4.02,AI is off,AI is off,AI is off,AI is off,Not paired,AI is off,0,0,0
906000,13,0,5,0.48,0.21,0,0,81,1,0,17,False,True,0,0,53,40,30,4.02,AI is off,AI is off,AI is off,AI is off,Not paired,AI is off,0,0,0
908000,13,0,5,0.48,0.21,0,0,81,1,0,17,False,True,0,0,52,39,27,4.02,AI is off,AI is off,AI is off,AI is off,Not paired,AI is off,0,0,0
910000,13,0,5,0.48,0.21,0,0,81,1,0,17,False,True,0,0,53,40,29,4.02,AI is off,AI is off,AI is off,AI is off,Not paired,AI is off,0,0,0
912000,12.9,0,5,0.48,0.21,0,0,81,1,0,17,False,True,0,0,53,40,29,4.02,AI is off,AI is off,AI is off,AI is off,Not paired,AI is off,0,0,0
914000,12.6,0,5,0.47,0.21,0,0,82,1,0,17,False,True,0,0,54,41,30,4.02,AI is off,AI is off,AI is off,AI is off,Not paired,AI is off,0,0,0
916000,12,0,5,0.46,0.21,0,0,82,1,0,17,False,True,0,0,55,41,30,4.02,AI is off,AI is off,AI is off,AI is off,Not paired,AI is off,0,0,0
918000,11.3,0,5,0.45,0.21,0,0,82,1,0,17,False,True,0,0,54,41,29,4.02,AI is off,AI is off,AI is off,AI is off,Not paired,AI is off,0,0,0
920000,11,0,5,0.44,0.21,0,0,99,1,0,17,False,True,0,0,54,39,28,4.02,AI is off,AI is off,AI is off,AI is off,Not paired,AI is off,0,0,0
922000,11.1,0,5,0.44,0.21,0,0,99,1,0,17,False,True,0,0,55,41,30,4.02,AI is off,AI is off,AI is off,AI is off,Not paired,AI is off,0,0,0
924000,11.2,0,5,0.44,0.21,0,0,99,1,0,17,False,True,0,0,55,42,30,4.02,AI is off,AI is off,AI is off,AI is off,Not paired,AI is off,0,0,0
926000,11.2,0,5,0.44,0.21,0,0,99,1,0,17,False,True,0,0,54,41,30,4.02,AI is off,AI is off,AI is off,AI is off,Not paired,AI is off,0,0,0
928000,11.1,0,5,0.44,0.21,0,0,99,1,0,17,False,True,0,0,54,40,29,4.02,AI is off,AI is off,AI is off,AI is off,Not paired,AI is off,0,0,0
930000,11.2,0,5,0.44,0.21,0,0,99,1,0,17,False,True,0,0,55,41,30,4.02,AI is off,AI is off,AI is off,AI is off,Not paired,AI is off,0,0,0
932000,11.2,0,5,0.44,0.21,0,0,99,1,0,17,False,True,0,0,55,41,30,4.02,AI is off,AI is off,AI is off,AI is off,Not paired,AI is off,0,0,0
934000,11.2,0,5,0.44,0.21,0,0,99,1,0,17,False,True,0,0,54,42,30,4.02,AI is off,AI is off,AI is off,AI is off,Not paired,AI is off,0,0,0
936000,11.1,0,5,0.44,0.21,0,0,99,1,0,17,False,True,0,0,56,43,33,4.02,AI is off,AI is off,AI is off,AI is off,Not paired,AI is off,0,0,0
938000,11.4,0,5,0.44,0.21,0,0,99,1,0,17,False,True,0,0,53,40,29,4.02,AI is off,AI is off,AI is off,AI is off,Not paired,AI is off,0,0,0
940000,11.5,0,5,0.45,0.21,0,0,99,1,0,17,False,True,0,0,54,41,30,4.02,AI is off,AI is off,AI is off,AI is off,Not paired,AI is off,0,0,0
942000,11.7,0,5,0.45,0.21,0,0,99,1,0,17,False,True,0,0,53,40,28,4.02,AI is off,AI is off,AI is off,AI is off,Not paired,AI is off,0,0,0
944000,11.9,0,5,0.45,0.21,0,0,99,1,0,17,False,True,0,0,54,40,29,4.02,AI is off,AI is off,AI is off,AI is off,Not paired,AI is off,0,0,0
946000,11.9,0,5,0.46,0.21,0,0,99,1,0,17,False,True,0,0,54,40,29,4.02,AI is off,AI is off,AI is off,AI is off,Not paired,AI is off,0,0,0
948000,11.9,0,5,0.45,0.21,0,0,99,1,0,17,False,True,0,0,55,40,29,4.02,AI is off,AI is off,AI is off,AI is off,Not paired,AI is off,0,0,0
950000,12.2,0,5,0.46,0.21,0,0,99,1,0,17,False,True,0,0,53,39,28,4.02,AI is off,AI is off,AI is off,AI is off,Not paired,AI is off,0,0,0
952000,12.5,0,5,0.47,0.21,0,0,88,1,0,17,False,True,0,0,53,40,29,4.02,AI is off,AI is off,AI is off,AI is off,Not paired,AI is off,0,0,0
954000,12.7,0,5,0.47,0.21,0,0,88,1,0,17,False,True,0,0,54,40,30,4.02,AI is off,AI is off,AI is off,AI is off,Not paired,AI is off,0,0,0
956000,12.6,0,5,0.47,0.21,0,0,88,1,0,17,False,True,0,0,55,42,30,4.02,AI is off,AI is off,AI is off,AI is off,Not paired,AI is off,0,0,0
958000,12.6,0,5,0.47,0.21,0,0,88,1,0,17,False,True,0,0,56,41,30,4.02,AI is off,AI is off,AI is off,AI is off,Not paired,AI is off,0,0,0
960000,12.7,0,5,0.47,0.21,0,0,88,1,0,17,False,True,0,0,55,41,30,4.02,AI is off,AI is off,AI is off,AI is off,Not paired,AI is off,0,0,0
962000,12.8,0,5,0.47,0.21,0,0,81,1,0,17,False,True,0,0,54,41,31,4.02,AI is off,AI is off,AI is off,AI is off,Not paired,AI is off,0,0,0
964000,12.7,0,5,0.47,0.21,0,0,81,1,0,17,False,True,0,0,55,41,29,4.02,AI is off,AI is off,AI is off,AI is off,Not paired,AI is off,0,0,0
966000,12.6,0,5,0.47,0.21,0,0,81,1,0,17,False,True,0,0,54,41,30,4.02,AI is off,AI is off,AI is off,AI is off,Not paired,AI is off,0,0,0
968000,12.5,0,5,0.47,0.21,0,0,82,1,0,17,False,True,0,0,54,40,30,4.02,AI is off,AI is off,AI is off,AI is off,Not paired,AI is off,0,0,0
970000,11.8,0,5,0.46,0.21,0,0,82,1,0,17,False,True,0,0,55,42,31,4.02,AI is off,AI is off,AI is off,AI is off,Not paired,AI is off,0,0,0
972000,11.8,0,5,0.45,0.21,0,0,82,1,0,17,False,True,0,0,54,42,32,4.02,AI is off,AI is off,AI is off,AI is off,Not paired,AI is off,0,0,0
974000,12,0,5,0.46,0.21,0,0,82,1,0,17,False,True,0,0,54,40,30,4.02,AI is off,AI is off,AI is off,AI is off,Not paired,AI is off,0,0,0
976000,12.3,0,5,0.46,0.21,0,0,82,1,0,17,False,True,0,0,55,41,30,4.02,AI is off,AI is off,AI is off,AI is off,Not paired,AI is off,0,0,0
978000,12.5,0,5,0.47,0.21,0,0,89,1,0,17,False,True,0,0,54,41,30,4.02,AI is off,AI is off,AI is off,AI is off,Not paired,AI is off,0,0,0
980000,12.6,0,5,0.47,0.21,0,0,89,1,0,17,False,True,0,0,55,41,30,4.02,AI is off,AI is off,AI is off,AI is off,Not paired,AI is off,0,0,0
982000,12.4,0,5,0.47,0.21,0,0,89,1,0,17,False,True,0,0,59,45,36,4.02,AI is off,AI is off,AI is off,AI is off,Not paired,AI is off,0,0,0
984000,12.4,0,5,0.47,0.21,0,0,88,1,0,17,False,True,0,0,54,39,28,4.02,AI is off,AI is off,AI is off,AI is off,Not paired,AI is off,0,0,0
986000,12.2,0,5,0.46,0.21,0,0,88,1,0,17,False,True,0,0,55,41,29,4.02,AI is off,AI is off,AI is off,AI is off,Not paired,AI is off,0,0,0
988000,12,0,5,0.46,0.21,0,0,98,1,0,17,False,True,0,0,54,40,29,4.02,AI is off,AI is off,AI is off,AI is off,Not paired,AI is off,0,0,0
990000,11.7,0,5,0.45,0.21,0,0,98,1,0,17,False,True,0,0,55,40,30,4.02,AI is off,AI is off,AI is off,AI is off,Not paired,AI is off,0,0,0
992000,11.6,0,5,0.45,0.21,0,0,98,1,0,17,False,True,0,0,55,40,29,4.02,AI is off,AI is off,AI is off,AI is off,Not paired,AI is off,0,0,0
994000,11.6,0,5,0.45,0.21,0,0,98,1,0,17,False,True,0,0,54,40,30,4.02,AI is off,AI is off,AI is off,AI is off,Not paired,AI is off,0,0,0
996000,11.8,0,5,0.45,0.21,0,0,98,1,0,17,False,True,0,0,54,40,29,4.02,AI is off,AI is off,AI is off,AI is off,Not paired,AI is off,0,0,0
998000,12,0,5,0.46,0.21,0,0,98,1,0,17,False,True,0,0,53,39,27,4.02,AI is off,AI is off,AI is off,AI is off,Not paired,AI is off,0,0,0
1000000,12.2,0,5,0.46,0.21,0,0,95,1,0,17,False,True,0,0,54,40,29,4.02,AI is off,AI is off,AI is off,AI is off,Not paired,AI is off,0,0,0
1002000,12.5,0,5,0.47,0.21,0,0,95,1,0,17,False,True,0,0,55,41,30,4.02,AI is off,AI is off,AI is off,AI is off,Not paired,AI is off,0,0,0
1004000,12.6,0,5,0.47,0.21,0,0,95,1,0,17,False,True,0,0,54,40,28,4.02,AI is off,AI is off,AI is off,AI is off,Not paired,AI is off,0,0,0
1006000,12.7,0,5,0.47,0.21,0,0,83,1,0,17,False,True,0,0,54,41,30,4.02,AI is off,AI is off,AI is off,AI is off,Not paired,AI is off,0,0,0
1008000,12.8,0,5,0.47,0.21,0,0,83,1,0,17,False,True,0,0,53,39,28,4.02,AI is off,AI is off,AI is off,AI is off,Not paired,AI is off,0,0,0
1010000,12.7,0,5,0.47,0.21,0,0,83,1,0,17,False,True,0,0,52,39,28,4.02,AI is off,AI is off,AI is off,AI is off,Not paired,AI is off,0,0,0
1012000,12.7,0,5,0.47,0.21,0,0,83,1,0,17,False,True,0,0,55,41,30,4.02,AI is off,AI is off,AI is off,AI is off,Not paired,AI is off,0,0,0
1014000,12.5,0,5,0.47,0.21,0,0,83,1,0,17,False,True,0,0,55,41,30,4.02,AI is off,AI is off,AI is off,AI is off,Not paired,AI is off,0,0,0
1016000,12.4,0,5,0.47,0.21,0,0,87,1,0,17,False,True,0,0,53,41,30,4.02,AI is off,AI is off,AI is off,AI is off,Not paired,AI is off,0,0,0
1018000,12.2,0,5,0.46,0.21,0,0,87,1,0,17,False,True,0,0,54,40,29,4.02,AI is off,AI is off,AI is off,AI is off,Not paired,AI is off,0,0,0
1020000,11.8,0,5,0.46,0.21,0,0,87,1,0,17,False,True,0,0,54,40,29,4.02,AI is off,AI is off,AI is off,AI is off,Not paired,AI is off,0,0,0
1022000,11.5,0,5,0.45,0.21,0,0,99,1,0,17,False,True,0,0,54,40,29,4.02,AI is off,AI is off,AI is off,AI is off,Not paired,AI is off,0,0,0
1024000,11.4,0,5,0.44,0.21,0,0,99,1,0,17,False,True,0,0,54,40,28,4.02,AI is off,AI is off,AI is off,AI is off,Not paired,AI is off,0,0,0
1026000,11.1,0,5,0.44,0.21,0,0,99,1,0,17,False,True,0,0,53,40,30,4.02,AI is off,AI is off,AI is off,AI is off,Not paired,AI is off,0,0,0
1028000,11,0,5,0.44,0.21,0,0,99,1,0,17,False,True,0,0,53,40,28,4.02,AI is off,AI is off,AI is off,AI is off,Not paired,AI is off,0,0,0
1030000,10.7,0,5,0.43,0.21,0,0,99,1,0,17,False,True,0,0,53,41,30,4.02,AI is off,AI is off,AI is off,AI is off,Not paired,AI is off,0,0,0
1032000,10.8,0,5,0.43,0.21,0,0,99,1,0,17,False,True,0,0,54,41,30,4.02,AI is off,AI is off,AI is off,AI is off,Not paired,AI is off,0,0,0
1034000,10.6,0,5,0.43,0.21,0,0,99,1,0,17,False,True,0,0,54,40,30,4.02,AI is off,AI is off,AI is off,AI is off,Not paired,AI is off,0,0,0
1036000,10.3,0,5,0.42,0.21,0,0,99,1,0,17,False,True,0,0,57,44,33,4.02,AI is off,AI is off,AI is off,AI is off,Not paired,AI is off,0,0,0
1038000,10.3,0,4,0.42,0.21,0,0,99,1,0,17,False,True,0,0,55,40,30,4.02,AI is off,AI is off,AI is off,AI is off,Not paired,AI is off,0,0,0
1040000,10.4,0,4,0.42,0.21,0,0,99,1,0,17,False,True,0,0,57,44,34,4.02,AI is off,AI is off,AI is off,AI is off,Not paired,AI is off,0,0,0
1042000,10.5,0,4,0.42,0.21,0,0,99,1,0,17,False,True,0,0,57,45,33,4.02,AI is off,AI is off,AI is off,AI is off,Not paired,AI is off,0,0,0
1044000,10.6,0,4,0.43,0.21,0,0,99,1,0,17,False,True,0,0,57,44,35,4.02,AI is off,AI is off,AI is off,AI is off,Not paired,AI is off,0,0,0
1046000,10.8,0,4,0.43,0.21,0,0,99,1,0,17,False,True,0,0,53,41,30,4.02,AI is off,AI is off,AI is off,AI is off,Not paired,AI is off,0,0,0
1048000,10.9,0,4,0.43,0.21,0,0,99,1,0,17,False,True,0,0,55,41,31,4.02,AI is off,AI is off,AI is off,AI is off,Not paired,AI is off,0,0,0
1050000,10.4,0,5,0.43,0.21,0,0,99,1,0,17,False,True,0,0,58,45,34,4.02,AI is off,AI is off,AI is off,AI is off,Not paired,AI is off,0,0,0
1052000,10.2,0,5,0.42,0.21,0,0,99,1,0,17,False,True,0,0,64,50,39,4.02,AI is off,AI is off,AI is off,AI is off,Not paired,AI is off,0,0,0
1054000,10.5,0,5,0.42,0.21,0,0,99,1,0,17,False,True,0,0,55,41,31,4.02,AI is off,AI is off,AI is off,AI is off,Not paired,AI is off,0,0,0
1056000,11,0,5,0.43,0.21,0,0,99,1,0,17,False,True,0,0,55,41,31,4.02,AI is off,AI is off,AI is off,AI is off,Not paired,AI is off,0,0,0
1058000,11.4,0,5,0.44,0.21,0,0,99,1,0,17,False,True,0,0,54,40,28,4.02,AI is off,AI is off,AI is off,AI is off,Not paired,AI is off,0,0,0
1060000,11.5,0,5,0.45,0.21,0,0,99,1,0,17,False,True,0,0,54,41,29,4.02,AI is off,AI is off,AI is off,AI is off,Not paired,AI is off,0,0,0
1062000,11.6,0,5,0.45,0.21,0,0,99,1,0,17,False,True,0,0,54,41,29,4.02,AI is off,AI is off,AI is off,AI is off,Not paired,AI is off,0,0,0
1064000,11.6,0,5,0.45,0.21,0,0,99,1,0,17,False,True,0,0,55,41,31,4.02,AI is off,AI is off,AI is off,AI is off,Not paired,AI is off,0,0,0
1066000,11.7,0,5,0.45,0.21,0,0,99,1,0,17,False,True,0,0,55,41,30,4.02,AI is off,AI is off,AI is off,AI is off,Not paired,AI is off,0,0,0
1068000,11.9,0,5,0.45,0.21,0,0,99,1,0,17,False,True,0,0,54,39,28,4.02,AI is off,AI is off,AI is off,AI is off,Not paired,AI is off,0,0,0
1070000,12.2,0,5,0.46,0.21,0,0,99,1,0,17,False,True,0,0,54,40,29,4.02,AI is off,AI is off,AI is off,AI is off,Not paired,AI is off,0,0,0
1072000,12.4,0,5,0.46,0.21,0,0,87,1,0,17,False,True,0,0,54,39,28,4.02,AI is off,AI is off,AI is off,AI is off,Not paired,AI is off,0,0,0
1074000,12.7,0,5,0.47,0.21,0,0,87,1,0,17,False,True,0,0,53,40,28,4.02,AI is off,AI is off,AI is off,AI is off,Not paired,AI is off,0,0,0
1076000,12.7,0,5,0.47,0.21,0,0,87,1,0,17,False,True,0,0,55,41,30,4.02,AI is off,AI is off,AI is off,AI is off,Not paired,AI is off,0,0,0
1078000,12.9,0,5,0.47,0.21,0,0,87,1,0,17,False,True,0,0,54,41,29,4.02,AI is off,AI is off,AI is off,AI is off,Not paired,AI is off,0,0,0
1080000,13,0,5,0.48,0.21,0,0,87,1,0,17,False,True,0,0,53,40,28,4.02,AI is off,AI is off,AI is off,AI is off,Not paired,AI is off,0,0,0
1082000,12.9,0,5,0.48,0.21,0,0,75,1,0,17,False,True,0,0,54,40,28,4.02,AI is off,AI is off,AI is off,AI is off,Not paired,AI is off,0,0,0
1084000,12.9,0,5,0.48,0.21,0,0,75,1,0,17,False,True,0,0,55,41,29,4.02,AI is off,AI is off,AI is off,AI is off,Not paired,AI is off,0,0,0
1086000,12.8,0,5,0.47,0.21,0,0,75,1,0,17,False,True,0,0,53,40,30,4.02,AI is off,AI is off,AI is off,AI is off,Not paired,AI is off,0,0,0
1088000,12.9,0,5,0.48,0.21,0,0,76,1,0,17,False,True,0,0,54,40,29,4.02,AI is off,AI is off,AI is off,AI is off,Not paired,AI is off,0,0,0
1090000,13.1,0,5,0.48,0.21,0,0,76,1,0,17,False,True,0,0,54,40,29,4.02,AI is off,AI is off,AI is off,AI is off,Not paired,AI is off,0,0,0
1092000,13.2,0,5,0.48,0.21,0,0,76,1,0,17,False,True,0,0,54,41,30,4.02,AI is off,AI is off,AI is off,AI is off,Not paired,AI is off,0,0,0
1094000,13.4,0,5,0.49,0.21,0,0,76,1,0,17,False,True,0,0,54,40,29,4.02,AI is off,AI is off,AI is off,AI is off,Not paired,AI is off,0,0,0
1096000,13.4,0,5,0.49,0.21,0,0,76,1,0,17,False,True,0,0,53,40,28,4.02,AI is off,AI is off,AI is off,AI is off,Not paired,AI is off,0,0,0
1098000,13.4,0,5,0.49,0.21,0,0,76,1,0,17,False,True,0,0,53,40,29,4.02,AI is off,AI is off,AI is off,AI is off,Not paired,AI is off,0,0,0
1100000,13.4,0,5,0.49,0.21,0,0,68,1,0,17,False,True,0,0,54,40,29,4.02,AI is off,AI is off,AI is off,AI is off,Not paired,AI is off,0,0,0
1102000,13.2,0,5,0.48,0.21,0,0,68,1,0,17,False,True,0,0,55,41,29,4.02,AI is off,AI is off,AI is off,AI is off,Not paired,AI is off,0,0,0
1104000,13.2,0,5,0.48,0.21,0,0,70,1,0,17,False,True,0,0,53,40,29,4.02,AI is off,AI is off,AI is off,AI is off,Not paired,AI is off,0,0,0
1106000,13.2,0,5,0.48,0.21,0,0,70,1,0,17,False,True,0,0,55,40,29,4.02,AI is off,AI is off,AI is off,AI is off,Not paired,AI is off,0,0,0
1108000,13.3,0,5,0.48,0.21,0,0,70,1,0,17,False,True,0,0,54,40,29,4.02,AI is off,AI is off,AI is off,AI is off,Not paired,AI is off,0,0,0
1110000,13.4,0,5,0.49,0.21,0,0,70,1,0,17,False,True,0,0,53,40,29,4.02,AI is off,AI is off,AI is off,AI is off,Not paired,AI is off,0,0,0
1112000,13.3,0,5,0.49,0.21,0,0,70,1,0,17,False,True,0,0,54,40,29,4.02,AI is off,AI is off,AI is off,AI is off,Not paired,AI is off,0,0,0
1114000,13.3,0,5,0.48,0.21,0,0,70,1,0,17,False,True,0,0,53,40,28,4.02,AI is off,AI is off,AI is off,AI is off,Not paired,AI is off,0,0,0
1116000,13.4,0,5,0.48,0.21,0,0,70,1,0,17,False,True,0,0,54,41,29,4.02,AI is off,AI is off,AI is off,AI is off,Not paired,AI is off,0,0,0
1118000,13.4,0,5,0.49,0.21,0,0,70,1,0,17,False,True,0,0,53,39,28,4.02,AI is off,AI is off,AI is off,AI is off,Not paired,AI is off,0,0,0
1120000,13.4,0,5,0.49,0.21,0,0,70,1,0,17,False,True,0,0,53,40,28,4.02,AI is off,AI is off,AI is off,AI is off,Not paired,AI is off,0,0,0
1122000,13.4,0,5,0.49,0.21,0,0,68,1,0,17,False,True,0,0,54,41,29,4.02,AI is off,AI is off,AI is off,AI is off,Not paired,AI is off,0,0,0
1124000,13.2,0,5,0.48,0.21,0,0,68,1,0,17,False,True,0,0,54,41,29,4.02,AI is off,AI is off,AI is off,AI is off,Not paired,AI is off,0,0,0
1126000,13.3,0,5,0.48,0.21,0,0,68,1,0,17,False,True,0,0,54,41,30,4.02,AI is off,AI is off,AI is off,AI is off,Not paired,AI is off,0,0,0
1128000,13.6,0,5,0.49,0.21,0,0,68,1,0,17,False,True,0,0,55,41,30,4.02,AI is off,AI is off,AI is off,AI is off,Not paired,AI is off,0,0,0
1130000,13.8,0,5,0.5,0.21,0,0,68,1,0,17,False,True,0,0,55,41,30,4.02,AI is off,AI is off,AI is off,AI is off,Not paired,AI is off,0,0,0
1132000,14.2,0,5,0.5,0.21,0,0,60,1,0,17,False,True,0,0,53,40,28,4.02,AI is off,AI is off,AI is off,AI is off,Not paired,AI is off,0,0,0
1134000,14.4,0,5,0.51,0.21,0,0,60,1,0,17,False,True,0,0,55,41,29,4.02,AI is off,AI is off,AI is off,AI is off,Not paired,AI is off,0,0,0
1136000,14.3,0,5,0.51,0.21,0,0,60,1,0,17,False,True,0,0,54,40,29,4.02,AI is off,AI is off,AI is off,AI is off,Not paired,AI is off,0,0,0
1138000,14.5,0,5,0.51,0.21,0,0,57,1,0,17,False,True,0,0,53,40,28,4.02,AI is off,AI is off,AI is off,AI is off,Not paired,AI is off,0,0,0
1140000,14.6,0,5,0.51,0.21,0,0,57,1,0,17,False,True,0,0,54,40,29,4.02,AI is off,AI is off,AI is off,AI is off,Not paired,AI is off,0,0,0
1142000,14.5,0,5,0.51,0.21,0,0,56,1,0,17,False,True,0,0,54,40,30,4.02,AI is off,AI is off,AI is off,AI is off,Not paired,AI is off,0,0,0
1144000,14.5,0,5,0.51,0.21,0,0,56,1,0,17,False,True,0,0,54,40,30,4.02,AI is off,AI is off,AI is off,AI is off,Not paired,AI is off,0,0,0
1146000,14.5,0,5,0.51,0.21,0,0,56,1,0,17,False,True,0,0,53,41,29,4.02,AI is off,AI is off,AI is off,AI is off,Not paired,AI is off,0,0,0
1148000,14.4,0,5,0.51,0.21,0,0,56,1,0,17,False,True,0,0,54,40,28,4.02,AI is off,AI is off,AI is off,AI is off,Not paired,AI is off,0,0,0
1150000,14.4,0,5,0.51,0.21,0,0,56,1,0,17,False,True,0,0,54,41,30,4.02,AI is off,AI is off,AI is off,AI is off,Not paired,AI is off,0,0,0
1152000,14.4,0,5,0.51,0.21,0,0,56,1,0,17,False,True,0,0,55,41,30,4.02,AI is off,AI is off,AI is off,AI is off,Not paired,AI is off,0,0,0
1154000,14.4,0,5,0.51,0.21,0,0,56,1,0,17,False,True,0,0,53,41,30,4.02,AI is off,AI is off,AI is off,AI is off,Not paired,AI is off,0,0,0
1156000,14.5,0,5,0.51,0.21,0,0,56,1,0,17,False,True,0,0,54,40,29,4.02,AI is off,AI is off,AI is off,AI is off,Not paired,AI is off,0,0,0
1158000,14.3,0,5,0.51,0.21,0,0,56,1,0,17,False,True,0,0,53,40,28,4.02,AI is off,AI is off,AI is off,AI is off,Not paired,AI is off,0,0,0
1160000,14.1,0,5,0.5,0.21,0,0,56,1,0,17,False,True,0,0,54,39,28,4.02,AI is off,AI is off,AI is off,AI is off,Not paired,AI is off,0,0,0
1162000,13.8,0,5,0.5,0.21,0,0,56,1,0,17,False,True,0,0,53,39,28,4.02,AI is off,AI is off,AI is off,AI is off,Not paired,AI is off,0,0,0
1164000,13.5,0,5,0.49,0.21,0,0,63,1,0,17,False,True,0,0,53,41,29,4.02,AI is off,AI is off,AI is off,AI is off,Not paired,AI is off,0,0,0
1166000,12.9,0,5,0.48,0.21,0,0,63,1,0,17,False,True,0,0,53,39,28,4.02,AI is off,AI is off,AI is off,AI is off,Not paired,AI is off,0,0,0
1168000,12.1,0,5,0.46,0.21,0,0,63,1,0,17,False,True,0,0,53,40,29,4.02,AI is off,AI is off,AI is off,AI is off,Not paired,AI is off,0,0,0
1170000,11.4,0,5,0.45,0.21,0,0,63,1,0,17,False,True,0,0,55,40,30,4.02,AI is off,AI is off,AI is off,AI is off,Not paired,AI is off,0,0,0
1172000,10.8,0,5,0.43,0.21,0,0,63,1,0,17,False,True,0,0,55,41,30,4.02,AI is off,AI is off,AI is off,AI is off,Not paired,AI is off,0,0,0
1174000,10.8,0,5,0.43,0.21,0,0,99,1,0,17,False,True,0,0,54,40,29,4.02,AI is off,AI is off,AI is off,AI is off,Not paired,AI is off,0,0,0
1176000,10.7,0,5,0.43,0.21,0,0,99,1,0,17,False,True,0,0,53,40,29,4.02,AI is off,AI is off,AI is off,AI is off,Not paired,AI is off,0,0,0
1178000,10.4,0,5,0.43,0.21,0,0,99,1,0,17,False,True,0,0,54,40,29,4.02,AI is off,AI is off,AI is off,AI is off,Not paired,AI is off,0,0,0
1180000,10.3,0,4,0.42,0.21,0,0,99,1,0,17,False,True,0,0,53,39,28,4.02,AI is off,AI is off,AI is off,AI is off,Not paired,AI is off,0,0,0
1182000,9.900001,0,4,0.42,0.21,0,0,99,1,0,17,False,True,0,0,54,41,31,4.02,AI is off,AI is off,AI is off,AI is off,Not paired,AI is off,0,0,0
1184000,9.5,0,4,0.41,0.21,0,0,99,1,0,17,False,True,0,0,54,40,29,4.02,AI is off,AI is off,AI is off,AI is off,Not paired,AI is off,0,0,0
1186000,9.2,0,4,0.4,0.21,0,0,99,1,0,17,False,True,0,0,54,41,31,4.02,AI is off,AI is off,AI is off,AI is off,Not paired,AI is off,0,0,0
1188000,9,0,4,0.4,0.21,0,0,99,1,0,17,False,True,0,0,56,41,31,4.02,AI is off,AI is off,AI is off,AI is off,Not paired,AI is off,0,0,0
1190000,8.900001,0,4,0.39,0.21,0,0,99,1,0,17,False,True,0,0,54,41,31,4.02,AI is off,AI is off,AI is off,AI is off,Not paired,AI is off,0,0,0
1192000,8.900001,0,4,0.39,0.21,0,0,99,1,0,17,False,True,0,0,58,44,34,4.02,AI is off,AI is off,AI is off,AI is off,Not paired,AI is off,0,0,0
1194000,8.8,0,4,0.39,0.21,0,0,99,1,0,17,False,True,0,0,55,41,31,4.02,AI is off,AI is off,AI is off,AI is off,Not paired,AI is off,0,0,0
1196000,8.5,0,4,0.39,0.21,0,0,99,1,0,17,False,True,0,0,55,43,32,4.02,AI is off,AI is off,AI is off,AI is off,Not paired,AI is off,0,0,0
1198000,8.3,0,4,0.38,0.21,0,0,99,1,0,17,False,True,0,0,57,44,34,4.02,AI is off,AI is off,AI is off,AI is off,Not paired,AI is off,0,0,0
1200000,8,0,4,0.38,0.21,0,0,99,1,0,17,False,True,0,0,55,42,32,4.02,AI is off,AI is off,AI is off,AI is off,Not paired,AI is off,0,0,0
1202000,7.7,0,4,0.37,0.21,0,0,99,1,0,17,False,True,0,0,56,42,32,4.02,AI is off,AI is off,AI is off,AI is off,Not paired,AI is off,0,0,0
1204000,7.9,0,4,0.37,0.21,0,0,99,1,0,17,False,True,0,0,60,46,34,4.02,AI is off,AI is off,AI is off,AI is off,Not paired,AI is off,0,0,0
1206000,8.400001,0,4,0.38,0.21,0,0,99,1,0,17,False,True,0,0,55,41,30,4.02,AI is off,AI is off,AI is off,AI is off,Not paired,AI is off,0,0,0
1208000,8.8,0,4,0.39,0.21,0,0,99,1,0,17,False,True,0,0,54,40,29,4.02,AI is off,AI is off,AI is off,AI is off,Not paired,AI is off,0,0,0
1210000,9,0,4,0.39,0.21,0,0,99,1,0,17,False,True,0,0,55,42,32,4.02,AI is off,AI is off,AI is off,AI is off,Not paired,AI is off,0,0,0
1212000,9.400001,0,4,0.4,0.21,0,0,99,1,0,17,False,True,0,0,54,40,29,4.02,AI is off,AI is off,AI is off,AI is off,Not paired,AI is off,0,0,0
1214000,9.900001,0,4,0.41,0.21,0,0,99,1,0,17,False,True,0,0,54,39,28,4.02,AI is off,AI is off,AI is off,AI is off,Not paired,AI is off,0,0,0
1216000,10.2,0,4,0.42,0.21,0,0,99,1,0,17,False,True,0,0,54,39,28,4.02,AI is off,AI is off,AI is off,AI is off,Not paired,AI is off,0,0,0
1218000,10.4,0,4,0.42,0.21,0,0,99,1,0,17,False,True,0,0,53,40,29,4.02,AI is off,AI is off,AI is off,AI is off,Not paired,AI is off,0,0,0
1220000,10.6,0,4,0.43,0.21,0,0,99,1,0,17,False,True,0,0,54,40,29,4.02,AI is off,AI is off,AI is off,AI is off,Not paired,AI is off,0,0,0
1222000,10.6,0,5,0.43,0.21,0,0,99,1,0,17,False,True,0,0,55,40,29,4.02,AI is off,AI is off,AI is off,AI is off,Not paired,AI is off,0,0,0
1224000,10.5,0,5,0.43,0.21,0,0,99,1,0,17,False,True,0,0,55,42,31,4.02,AI is off,AI is off,AI is off,AI is off,Not paired,AI is off,0,0,0
1226000,10.3,0,5,0.42,0.21,0,0,99,1,0,17,False,True,0,0,54,40,29,4.02,AI is off,AI is off,AI is off,AI is off,Not paired,AI is off,0,0,0
1228000,9.6,0,5,0.41,0.21,0,0,99,1,0,17,False,True,0,0,56,42,30,4.02,AI is off,AI is off,AI is off,AI is off,Not paired,AI is off,0,0,0
1230000,9.1,0,5,0.4,0.21,0,0,99,1,0,17,False,True,0,0,55,42,32,4.02,AI is off,AI is off,AI is off,AI is off,Not paired,AI is off,0,0,0
1232000,9,0,4,0.39,0.21,0,0,99,1,0,17,False,True,0,0,54,40,30,4.02,AI is off,AI is off,AI is off,AI is off,Not paired,AI is off,0,0,0
1234000,9.1,0,4,0.4,0.21,0,0,99,1,0,17,False,True,0,0,55,41,30,4.02,AI is off,AI is off,AI is off,AI is off,Not paired,AI is off,0,0,0
1236000,9.1,0,4,0.4,0.21,0,0,99,1,0,17,False,True,0,0,54,41,30,4.02,AI is off,AI is off,AI is off,AI is off,Not paired,AI is off,0,0,0
1238000,9.1,0,4,0.39,0.21,0,0,99,1,0,17,False,True,0,0,54,41,31,4.02,AI is off,AI is off,AI is off,AI is off,Not paired,AI is off,0,0,0
1240000,9.3,0,4,0.4,0.21,0,0,99,1,0,17,False,True,0,0,60,46,35,4.02,AI is off,AI is off,AI is off,AI is off,Not paired,AI is off,0,0,0
1242000,9.2,0,4,0.4,0.21,0,0,99,1,0,17,False,True,0,0,55,43,32,4.02,AI is off,AI is off,AI is off,AI is off,Not paired,AI is off,0,0,0
1244000,9.1,0,4,0.4,0.21,0,0,99,1,0,17,False,True,0,0,57,44,33,4.02,AI is off,AI is off,AI is off,AI is off,Not paired,AI is off,0,0,0
1246000,9.1,0,4,0.4,0.21,0,0,99,1,0,17,False,True,0,0,55,42,30,4.02,AI is off,AI is off,AI is off,AI is off,Not paired,AI is off,0,0,0
1248000,9.1,0,4,0.4,0.21,0,0,99,1,0,17,False,True,0,0,58,45,35,4.02,AI is off,AI is off,AI is off,AI is off,Not paired,AI is off,0,0,0
1250000,9,0,4,0.4,0.21,0,0,99,1,0,17,False,True,0,0,58,45,35,4.02,AI is off,AI is off,AI is off,AI is off,Not paired,AI is off,0,0,0
1252000,9.2,0,4,0.4,0.21,0,0,99,1,0,17,False,True,0,0,54,40,30,4.02,AI is off,AI is off,AI is off,AI is off,Not paired,AI is off,0,0,0
1254000,9.5,0,4,0.4,0.21,0,0,99,1,0,17,False,True,0,0,54,40,30,4.02,AI is off,AI is off,AI is off,AI is off,Not paired,AI is off,0,0,0
1256000,9.5,0,4,0.41,0.21,0,0,99,1,0,17,False,True,0,0,54,40,29,4.02,AI is off,AI is off,AI is off,AI is off,Not paired,AI is off,0,0,0
1258000,9.6,0,4,0.41,0.21,0,0,99,1,0,17,False,True,0,0,54,41,30,4.02,AI is off,AI is off,AI is off,AI is off,Not paired,AI is off,0,0,0
1260000,9.900001,0,4,0.41,0.21,0,0,99,1,0,17,False,True,0,0,53,40,30,4.02,AI is off,AI is off,AI is off,AI is off,Not paired,AI is off,0,0,0
1262000,10,0,4,0.41,0.21,0,0,99,1,0,17,False,True,0,0,58,45,34,4.02,AI is off,AI is off,AI is off,AI is off,Not paired,AI is off,0,0,0
1264000,10.1,0,4,0.42,0.21,0,0,99,1,0,17,False,True,0,0,55,42,32,4.02,AI is off,AI is off,AI is off,AI is off,Not paired,AI is off,0,0,0
1266000,10.4,0,4,0.42,0.21,0,0,99,1,0,17,False,True,0,0,54,40,29,4.02,AI is off,AI is off,AI is off,AI is off,Not paired,AI is off,0,0,0
1268000,10.5,0,4,0.43,0.21,0,0,99,1,0,17,False,True,0,0,54,41,30,4.02,AI is off,AI is off,AI is off,AI is off,Not paired,AI is off,0,0,0
1270000,10.5,0,4,0.43,0.21,0,0,99,1,0,17,False,True,0,0,54,40,29,4.02,AI is off,AI is off,AI is off,AI is off,Not paired,AI is off,0,0,0
1272000,10.5,0,4,0.43,0.21,0,0,99,1,0,17,False,True,0,0,53,40,29,4.02,AI is off,AI is off,AI is off,AI is off,Not paired,AI is off,0,0,0
1274000,10.6,0,4,0.43,0.21,0,0,99,1,0,17,False,True,0,0,55,41,30,4.02,AI is off,AI is off,AI is off,AI is off,Not paired,AI is off,0,0,0
1276000,10.8,0,4,0.43,0.21,0,0,99,1,0,17,False,True,0,0,55,41,30,4.02,AI is off,AI is off,AI is off,AI is off,Not paired,AI is off,0,0,0
1278000,10.9,0,4,0.43,0.21,0,0,99,1,0,17,False,True,0,0,54,40,29,4.02,AI is off,AI is off,AI is off,AI is off,Not paired,AI is off,0,0,0
1280000,10.7,0,5,0.43,0.21,0,0,99,1,0,17,False,True,0,0,53,40,29,4.02,AI is off,AI is off,AI is off,AI is off,Not paired,AI is off,0,0,0
1282000,10.3,0,5,0.42,0.21,0,0,99,1,0,17,False,True,0,0,53,40,29,4.02,AI is off,AI is off,AI is off,AI is off,Not paired,AI is off,0,0,0
1284000,9.8,0,5,0.41,0.21,0,0,99,1,0,17,False,True,0,0,54,40,29,4.02,AI is off,AI is off,AI is off,AI is off,Not paired,AI is off,0,0,0
1286000,9.3,0,4,0.4,0.21,0,0,99,1,0,17,False,True,0,0,54,40,29,4.02,AI is off,AI is off,AI is off,AI is off,Not paired,AI is off,0,0,0
1288000,8.7,0,4,0.39,0.21,0,0,99,1,0,17,False,True,0,0,57,44,34,4.02,AI is off,AI is off,AI is off,AI is off,Not paired,AI is off,0,0,0
1290000,8.5,0,4,0.39,0.21,0,0,99,1,0,17,False,True,0,0,54,41,31,4.02,AI is off,AI is off,AI is off,AI is off,Not paired,AI is off,0,0,0
1292000,8.400001,0,4,0.38,0.21,0,0,99,1,0,17,False,True,0,0,62,47,35,4.02,AI is off,AI is off,AI is off,AI is off,Not paired,AI is off,0,0,0
1294000,8.400001,0,4,0.38,0.21,0,0,99,1,0,17,False,True,0,0,56,44,33,4.02,AI is off,AI is off,AI is off,AI is off,Not paired,AI is off,0,0,0
1296000,8.400001,0,4,0.38,0.21,0,0,99,1,0,17,False,True,0,0,55,41,30,4.02,AI is off,AI is off,AI is off,AI is off,Not paired,AI is off,0,0,0
1298000,8.3,0,4,0.38,0.21,0,0,99,1,0,18,False,True,0,0,55,41,31,4.02,AI is off,AI is off,AI is off,AI is off,Not paired,AI is off,0,0,0
1300000,8.400001,0,4,0.38,0.21,0,0,99,1,0,17,False,True,0,0,55,42,31,4.02,AI is off,AI is off,AI is off,AI is off,Not paired,AI is off,0,0,0
1302000,8.3,0,4,0.38,0.21,0,0,99,1,0,18,False,True,0,0,55,41,30,4.02,AI is off,AI is off,AI is off,AI is off,Not paired,AI is off,0,0,0
1304000,8,0,4,0.37,0.21,0,0,99,1,0,18,False,True,0,0,59,45,34,4.02,AI is off,AI is off,AI is off,AI is off,Not paired,AI is off,0,0,0
1306000,7.9,0,4,0.37,0.21,0,0,99,1,0,18,False,True,0,0,56,42,32,4.02,AI is off,AI is off,AI is off,AI is off,Not paired,AI is off,0,0,0
1308000,7.8,0,4,0.37,0.21,0,0,99,1,0,18,False,True,0,0,59,46,34,4.02,AI is off,AI is off,AI is off,AI is off,Not paired,AI is off,0,0,0
1310000,7.7,0,4,0.37,0.21,0,0,99,1,0,18,False,True,0,0,56,42,31,4.02,AI is off,AI is off,AI is off,AI is off,Not paired,AI is off,0,0,0
1312000,7.6,0,4,0.37,0.21,0,0,99,1,0,18,False,True,0,0,61,47,36,4.02,AI is off,AI is off,AI is off,AI is off,Not paired,AI is off,0,0,0
1314000,7.4,0,4,0.36,0.21,0,0,99,1,0,18,False,True,0,0,74,60,44,4.02,AI is off,AI is off,AI is off,AI is off,Not paired,AI is off,0,0,0
1316000,7.4,0,4,0.36,0.21,0,0,99,1,0,18,False,True,0,0,55,41,30,4.02,AI is off,AI is off,AI is off,AI is off,Not paired,AI is off,0,0,0
1318000,7.2,0,4,0.36,0.21,0,0,99,1,0,18,False,True,0,0,54,41,30,4.02,AI is off,AI is off,AI is off,AI is off,Not paired,AI is off,0,0,0
1320000,7,0,4,0.35,0.21,0,0,99,1,0,18,False,True,0,0,57,44,34,4.02,AI is off,AI is off,AI is off,AI is off,Not paired,AI is off,0,0,0
1322000,6.7,0,4,0.35,0.21,0,0,99,1,0,18,False,True,0,0,55,41,30,4.02,AI is off,AI is off,AI is off,AI is off,Not paired,AI is off,0,0,0
1324000,6.3,0,4,0.34,0.21,0,0,99,1,0,18,False,True,0,0,59,47,35,4.02,AI is off,AI is off,AI is off,AI is off,Not paired,AI is off,0,0,0
1326000,6,0,4,0.33,0.21,0,0,99,1,0,18,False,True,0,0,63,49,38,4.02,AI is off,AI is off,AI is off,AI is off,Not paired,AI is off,0,0,0
1328000,5.9,0,4,0.33,0.21,0,0,99,1,0,18,False,True,0,0,59,46,35,4.02,AI is off,AI is off,AI is off,AI is off,Not paired,AI is off,0,0,0
1330000,6,0,4,0.33,0.21,0,0,99,1,0,18,False,True,0,0,59,46,34,4.02,AI is off,AI is off,AI is off,AI is off,Not paired,AI is off,0,0,0
1332000,6.1,0,4,0.33,0.21,0,0,99,1,0,18,False,True,0,0,57,45,33,4.02,AI is off,AI is off,AI is off,AI is off,Not paired,AI is off,0,0,0
1334000,6.1,0,4,0.33,0.21,0,0,99,1,0,18,False,True,0,0,57,44,33,4.02,AI is off,AI is off,AI is off,AI is off,Not paired,AI is off,0,0,0
1336000,6,0,4,0.33,0.21,0,0,99,1,0,18,False,True,0,0,61,47,35,4.02,AI is off,AI is off,AI is off,AI is off,Not paired,AI is off,0,0,0
1338000,5.7,0,4,0.33,0.21,0,0,99,1,0,18,False,True,0,0,55,42,31,4.02,AI is off,AI is off,AI is off,AI is off,Not paired,AI is off,0,0,0
1340000,5.4,0,4,0.32,0.21,0,0,99,1,0,18,False,True,0,0,61,47,36,4.02,AI is off,AI is off,AI is off,AI is off,Not paired,AI is off,0,0,0
1342000,5.3,0,4,0.32,0.21,0,0,99,1,0,18,False,True,0,0,62,47,36,4.02,AI is off,AI is off,AI is off,AI is off,Not paired,AI is off,0,0,0
1344000,5.2,0,4,0.31,0.21,0,0,99,1,0,18,False,True,0,0,63,48,37,4.02,AI is off,AI is off,AI is off,AI is off,Not paired,AI is off,0,0,0
1346000,5.3,0,4,0.32,0.21,0,0,99,1,0,18,False,True,0,0,59,46,34,4.02,AI is off,AI is off,AI is off,AI is off,Not paired,AI is off,0,0,0
1348000,5.4,0,4,0.32,0.21,0,0,99,1,0,18,False,True,0,0,65,50,39,4.02,AI is off,AI is off,AI is off,AI is off,Not paired,AI is off,0,0,0
1350000,5.5,0,4,0.32,0.21,0,0,99,1,0,18,False,True,0,0,58,45,34,4.02,AI is off,AI is off,AI is off,AI is off,Not paired,AI is off,0,0,0
1352000,5.7,0,4,0.32,0.21,0,0,99,1,0,18,False,True,0,0,57,44,33,4.02,AI is off,AI is off,AI is off,AI is off,Not paired,AI is off,0,0,0
1354000,5.9,0,4,0.33,0.21,0,0,99,1,0,18,False,True,0,0,60,47,36,4.02,AI is off,AI is off,AI is off,AI is off,Not paired,AI is off,0,0,0
1356000,5.9,0,4,0.33,0.21,0,0,99,1,0,18,False,True,0,0,68,53,40,4.02,AI is off,AI is off,AI is off,AI is off,Not paired,AI is off,0,0,0
1358000,5.6,0,4,0.32,0.21,0,0,99,1,0,18,False,True,0,0,59,46,35,4.02,AI is off,AI is off,AI is off,AI is off,Not paired,AI is off,0,0,0
1360000,5.6,0,4,0.32,0.21,0,0,99,1,0,18,False,True,0,0,63,49,37,4.02,AI is off,AI is off,AI is off,AI is off,Not paired,AI is off,0,0,0
1362000,5.7,0,3,0.33,0.21,0,0,99,1,0,18,False,True,0,0,58,46,34,4.02,AI is off,AI is off,AI is off,AI is off,Not paired,AI is off,0,0,0
1364000,5.6,0,3,0.32,0.21,0,0,99,1,0,18,False,True,0,0,60,45,34,4.02,AI is off,AI is off,AI is off,AI is off,Not paired,AI is off,0,0,0
1366000,5.7,0,3,0.33,0.21,0,0,99,1,0,18,False,True,0,0,60,46,34,4.02,AI is off,AI is off,AI is off,AI is off,Not paired,AI is off,0,0,0
1368000,5.9,0,3,0.33,0.21,0,0,99,1,0,18,False,True,0,0,59,45,34,4.02,AI is off,AI is off,AI is off,AI is off,Not paired,AI is off,0,0,0
1370000,6,0,3,0.33,0.21,0,0,99,1,0,18,False,True,0,0,60,44,34,4.02,AI is off,AI is off,AI is off,AI is off,Not paired,AI is off,0,0,0
1372000,6,0,3,0.33,0.21,0,0,99,1,0,18,False,True,0,0,58,45,34,4.02,AI is off,AI is off,AI is off,AI is off,Not paired,AI is off,0,0,0
1374000,6.1,0,3,0.33,0.21,0,0,99,1,0,18,False,True,0,0,55,42,31,4.02,AI is off,AI is off,AI is off,AI is off,Not paired,AI is off,0,0,0
1376000,6,0,3,0.33,0.21,0,0,99,1,0,18,False,True,0,0,58,44,35,4.02,AI is off,AI is off,AI is off,AI is off,Not paired,AI is off,0,0,0
1378000,6,0,3,0.33,0.21,0,0,99,1,0,18,False,True,0,0,57,44,34,4.02,AI is off,AI is off,AI is off,AI is off,Not paired,AI is off,0,0,0
1380000,6.1,0,3,0.33,0.21,0,0,99,1,0,18,False,True,0,0,55,42,33,4.02,AI is off,AI is off,AI is off,AI is off,Not paired,AI is off,0,0,0
1382000,6.2,0,3,0.33,0.21,0,0,99,1,0,18,False,True,0,0,56,42,32,4.02,AI is off,AI is off,AI is off,AI is off,Not paired,AI is off,0,0,0
1384000,6.3,0,3,0.34,0.21,0,0,99,1,0,18,False,True,0,0,57,44,35,4.02,AI is off,AI is off,AI is off,AI is off,Not paired,AI is off,0,0,0
1386000,6.2,0,3,0.34,0.21,0,0,99,1,0,18,False,True,0,0,63,48,36,4.02,AI is off,AI is off,AI is off,AI is off,Not paired,AI is off,0,0,0
1388000,6.3,0,3,0.34,0.21,0,0,99,1,0,18,False,True,0,0,55,42,32,4.02,AI is off,AI is off,AI is off,AI is off,Not paired,AI is off,0,0,0
1390000,6.3,0,3,0.34,0.21,0,0,99,1,0,18,False,True,0,0,58,45,34,4.02,AI is off,AI is off,AI is off,AI is off,Not paired,AI is off,0,0,0
1392000,6.3,0,3,0.34,0.21,0,0,99,1,0,18,False,True,0,0,56,43,32,4.02,AI is off,AI is off,AI is off,AI is off,Not paired,AI is off,0,0,0
1394000,6.4,0,3,0.34,0.21,0,0,99,1,0,18,False,True,0,0,56,43,33,4.02,AI is off,AI is off,AI is off,AI is off,Not paired,AI is off,0,0,0
1396000,6.4,0,3,0.34,0.21,0,0,99,1,0,18,False,True,0,0,57,43,34,4.02,AI is off,AI is off,AI is off,AI is off,Not paired,AI is off,0,0,0
1398000,6,0,3,0.33,0.21,0,0,99,1,0,18,False,True,0,0,71,57,43,4.02,AI is off,AI is off,AI is off,AI is off,Not paired,AI is off,0,0,0
1400000,6,0,3,0.33,0.21,0,0,99,1,0,18,False,True,0,0,58,42,31,4.02,AI is off,AI is off,AI is off,AI is off,Not paired,AI is off,0,0,0
1402000,6.2,0,3,0.33,0.21,0,0,99,1,0,18,False,True,0,0,57,45,33,4.02,AI is off,AI is off,AI is off,AI is off,Not paired,AI is off,0,0,0
1404000,6.2,0,3,0.34,0.21,0,0,99,1,0,18,False,True,0,0,58,45,34,4.02,AI is off,AI is off,AI is off,AI is off,Not paired,AI is off,0,0,0
1406000,6.5,0,3,0.34,0.21,0,0,99,1,0,18,False,True,0,0,63,47,37,4.02,AI is off,AI is off,AI is off,AI is off,Not paired,AI is off,0,0,0
1408000,6.7,0,3,0.35,0.21,0,0,99,1,0,18,False,True,0,0,59,44,33,4.02,AI is off,AI is off,AI is off,AI is off,Not paired,AI is off,0,0,0
1410000,6.7,0,3,0.35,0.21,0,0,99,1,0,18,False,True,0,0,55,41,30,4.02,AI is off,AI is off,AI is off,AI is off,Not paired,AI is off,0,0,0
1412000,6.5,0,3,0.34,0.21,0,0,99,1,0,18,False,True,0,0,56,42,31,4.02,AI is off,AI is off,AI is off,AI is off,Not paired,AI is off,0,0,0
1414000,6.3,0,3,0.34,0.21,0,0,99,1,0,18,False,True,0,0,62,49,36,4.02,AI is off,AI is off,AI is off,AI is off,Not paired,AI is off,0,0,0
1416000,6.2,0,3,0.34,0.21,0,0,99,1,0,18,False,True,0,0,63,50,38,4.02,AI is off,AI is off,AI is off,AI is off,Not paired,AI is off,0,0,0
1418000,6.1,0,3,0.33,0.21,0,0,99,1,0,18,False,True,0,0,58,45,33,4.02,AI is off,AI is off,AI is off,AI is off,Not paired,AI is off,0,0,0
1420000,5.9,0,3,0.33,0.21,0,0,99,1,0,18,False,True,0,0,59,46,36,4.02,AI is off,AI is off,AI is off,AI is off,Not paired,AI is off,0,0,0
1422000,5.9,0,2,0.33,0.21,0,0,99,1,0,18,False,True,0,0,58,44,34,4.02,AI is off,AI is off,AI is off,AI is off,Not paired,AI is off,0,0,0
1424000,5.9,0,2,0.33,0.21,0,0,99,1,0,18,False,True,0,0,59,45,34,4.02,AI is off,AI is off,AI is off,AI is off,Not paired,AI is off,0,0,0
1426000,5.8,0,2,0.33,0.21,0,0,99,1,0,18,False,True,0,0,58,45,34,4.02,AI is off,AI is off,AI is off,AI is off,Not paired,AI is off,0,0,0
1428000,5.7,0,2,0.33,0.21,0,0,99,1,0,18,False,True,0,0,54,41,31,4.02,AI is off,AI is off,AI is off,AI is off,Not paired,AI is off,0,0,0
1430000,5.9,0,2,0.33,0.21,0,0,99,1,0,19,False,True,0,0,57,44,35,4.02,AI is off,AI is off,AI is off,AI is off,Not paired,AI is off,0,0,0
1432000,5.8,0,2,0.33,0.21,0,0,99,1,0,19,False,True,0,0,57,45,35,4.02,AI is off,AI is off,AI is off,AI is off,Not paired,AI is off,0,0,0
1434000,5.8,0,2,0.33,0.21,0,0,99,1,0,19,False,True,0,0,57,45,34,4.02,AI is off,AI is off,AI is off,AI is off,Not paired,AI is off,0,0,0
1436000,5.7,0,2,0.33,0.21,0,0,99,1,0,19,False,True,0,0,54,41,31,4.02,AI is off,AI is off,AI is off,AI is off,Not paired,AI is off,0,0,0
1438000,5.7,0,2,0.33,0.21,0,0,99,1,0,19,False,True,0,0,54,41,31,4.02,AI is off,AI is off,AI is off,AI is off,Not paired,AI is off,0,0,0
1440000,5.7,0,2,0.33,0.21,0,0,99,1,0,19,False,True,0,0,56,42,33,4.02,AI is off,AI is off,AI is off,AI is off,Not paired,AI is off,0,0,0
1442000,5.8,0,2,0.33,0.21,0,0,99,1,0,19,False,True,0,0,54,41,31,4.02,AI is off,AI is off,AI is off,AI is off,Not paired,AI is off,0,0,0
1444000,5.8,0,2,0.33,0.21,0,0,99,1,0,19,False,True,0,0,54,42,32,4.02,AI is off,AI is off,AI is off,AI is off,Not paired,AI is off,0,0,0
1446000,5.8,0,2,0.33,0.21,0,0,99,1,0,19,False,True,0,0,55,42,30,4.02,AI is off,AI is off,AI is off,AI is off,Not paired,AI is off,0,0,0
1448000,5.9,0,2,0.33,0.21,0,0,99,1,0,19,False,True,0,0,55,41,30,4.02,AI is off,AI is off,AI is off,AI is off,Not paired,AI is off,0,0,0
1450000,6.2,0,2,0.34,0.21,0,0,99,1,0,19,False,True,0,0,54,41,31,4.02,AI is off,AI is off,AI is off,AI is off,Not paired,AI is off,0,0,0
1452000,6.1,0,2,0.33,0.21,0,0,99,1,0,19,False,True,0,0,54,41,31,4.02,AI is off,AI is off,AI is off,AI is off,Not paired,AI is off,0,0,0
1454000,6.1,0,2,0.33,0.21,0,0,99,1,0,19,False,True,0,0,56,42,31,4.02,AI is off,AI is off,AI is off,AI is off,Not paired,AI is off,0,0,0
1456000,5.9,0,2,0.33,0.21,0,0,99,1,0,19,False,True,0,0,54,40,28,4.02,AI is off,AI is off,AI is off,AI is off,Not paired,AI is off,0,0,0
1458000,5.8,0,2,0.33,0.21,0,0,99,1,0,19,False,True,0,0,54,42,32,4.02,AI is off,AI is off,AI is off,AI is off,Not paired,AI is off,0,0,0
1460000,5.8,0,2,0.33,0.21,0,0,99,1,0,19,False,True,0,0,55,41,31,4.02,AI is off,AI is off,AI is off,AI is off,Not paired,AI is off,0,0,0
1462000,6.3,0,2,0.34,0.21,0,0,99,1,0,19,False,True,0,0,55,40,29,4.02,AI is off,AI is off,AI is off,AI is off,Not paired,AI is off,0,0,0
1464000,6.6,0,2,0.34,0.21,0,0,99,1,0,19,False,True,0,0,55,40,30,4.02,AI is off,AI is off,AI is off,AI is off,Not paired,AI is off,0,0,0
1466000,6.7,0,2,0.35,0.21,0,0,99,1,0,19,False,True,0,0,55,41,29,4.02,AI is off,AI is off,AI is off,AI is off,Not paired,AI is off,0,0,0
1468000,6.5,0,2,0.34,0.21,0,0,99,1,0,19,False,True,0,0,55,42,31,4.02,AI is off,AI is off,AI is off,AI is off,Not paired,AI is off,0,0,0
1470000,6.2,0,2,0.34,0.21,0,0,99,1,0,19,False,True,0,0,55,41,31,4.02,AI is off,AI is off,AI is off,AI is off,Not paired,AI is off,0,0,0
1472000,6.2,0,2,0.34,0.21,0,0,99,1,0,19,False,True,0,0,55,41,30,4.02,AI is off,AI is off,AI is off,AI is off,Not paired,AI is off,0,0,0
1474000,6.2,0,2,0.34,0.21,0,0,99,1,0,19,False,True,0,0,55,41,31,4.02,AI is off,AI is off,AI is off,AI is off,Not paired,AI is off,0,0,0
1476000,6.4,0,2,0.34,0.21,0,0,99,1,0,19,False,True,0,0,54,40,29,4.02,AI is off,AI is off,AI is off,AI is off,Not paired,AI is off,0,0,0
1478000,6.5,0,2,0.34,0.21,0,0,99,1,0,19,False,True,0,0,54,40,28,4.02,AI is off,AI is off,AI is off,AI is off,Not paired,AI is off,0,0,0
1480000,6.6,0,2,0.34,0.21,0,0,99,1,0,19,False,True,0,0,56,41,30,4.02,AI is off,AI is off,AI is off,AI is off,Not paired,AI is off,0,0,0
1482000,6.6,0,2,0.34,0.21,0,0,99,1,0,19,False,True,0,0,56,42,31,4.02,AI is off,AI is off,AI is off,AI is off,Not paired,AI is off,0,0,0
1484000,6.7,0,2,0.35,0.21,0,0,99,1,0,19,False,True,0,0,54,41,30,4.02,AI is off,AI is off,AI is off,AI is off,Not paired,AI is off,0,0,0
1486000,6.8,0,2,0.35,0.21,0,0,99,1,0,19,False,True,0,0,55,42,30,4.02,AI is off,AI is off,AI is off,AI is off,Not paired,AI is off,0,0,0
1488000,7.1,0,2,0.35,0.21,0,0,99,1,0,19,False,True,0,0,60,44,32,4.02,AI is off,AI is off,AI is off,AI is off,Not paired,AI is off,0,0,0
1490000,7,0,2,0.35,0.21,0,0,99,1,0,19,False,True,0,0,57,44,33,4.02,AI is off,AI is off,AI is off,AI is off,Not paired,AI is off,0,0,0
1492000,7.1,0,2,0.35,0.21,0,0,99,1,0,19,False,True,0,0,59,46,34,4.02,AI is off,AI is off,AI is off,AI is off,Not paired,AI is off,0,0,0
1494000,7,0,1,0.35,0.21,0,0,99,1,0,19,False,True,0,0,54,42,31,4.02,AI is off,AI is off,AI is off,AI is off,Not paired,AI is off,0,0,0
1496000,6.6,0,1,0.34,0.21,0,0,99,1,0,19,False,True,0,0,56,43,33,4.02,AI is off,AI is off,AI is off,AI is off,Not paired,AI is off,0,0,0
1498000,6.4,0,1,0.34,0.21,0,0,99,1,0,19,False,True,0,0,55,41,31,4.02,AI is off,AI is off,AI is off,AI is off,Not paired,AI is off,0,0,0
1500000,6.2,0,1,0.34,0.21,0,0,99,1,0,19,False,True,0,0,54,41,31,4.02,AI is off,AI is off,AI is off,AI is off,Not paired,AI is off,0,0,0
1502000,6.2,0,1,0.34,0.21,0,0,99,1,0,19,False,True,0,0,57,44,34,4.02,AI is off,AI is off,AI is off,AI is off,Not paired,AI is off,0,0,0
1504000,6.2,0,1,0.34,0.21,0,0,99,1,0,19,False,True,0,0,57,44,32,4.02,AI is off,AI is off,AI is off,AI is off,Not paired,AI is off,0,0,0
1506000,6.1,0,1,0.33,0.21,0,0,99,1,0,19,False,True,0,0,55,41,29,4.02,AI is off,AI is off,AI is off,AI is off,Not paired,AI is off,0,0,0
1508000,5.7,0,1,0.32,0.21,0,0,99,1,0,19,False,True,0,0,55,42,32,4.02,AI is off,AI is off,AI is off,AI is off,Not paired,AI is off,0,0,0
1510000,5.5,0,1,0.32,0.21,0,0,99,1,0,19,False,True,0,0,55,42,32,4.02,AI is off,AI is off,AI is off,AI is off,Not paired,AI is off,0,0,0
1512000,5.5,0,1,0.32,0.21,0,0,99,1,0,19,False,True,0,0,55,42,31,4.02,AI is off,AI is off,AI is off,AI is off,Not paired,AI is off,0,0,0
1514000,5.5,0,1,0.32,0.21,0,0,99,1,0,19,False,True,0,0,55,42,32,4.02,AI is off,AI is off,AI is off,AI is off,Not paired,AI is off,0,0,0
1516000,5.2,0,1,0.32,0.21,0,0,99,1,0,19,False,True,0,0,55,40,29,4.02,AI is off,AI is off,AI is off,AI is off,Not paired,AI is off,0,0,0
1518000,5.3,0,1,0.32,0.21,0,0,99,1,0,19,False,True,0,0,55,41,29,4.02,AI is off,AI is off,AI is off,AI is off,Not paired,AI is off,0,0,0
1520000,5.2,0,1,0.32,0.21,0,0,99,1,0,19,False,True,0,0,54,40,29,4.02,AI is off,AI is off,AI is off,AI is off,Not paired,AI is off,0,0,0
1522000,5,0,1,0.31,0.21,0,0,99,1,0,19,False,True,0,0,55,42,32,4.02,AI is off,AI is off,AI is off,AI is off,Not paired,AI is off,0,0,0
1524000,4.6,0,1,0.3,0.21,0,0,99,1,0,19,False,True,0,0,58,45,35,4.02,AI is off,AI is off,AI is off,AI is off,Not paired,AI is off,0,0,0
1526000,4.3,0,1,0.3,0.21,0,0,99,1,0,19,False,True,0,0,56,42,31,4.02,AI is off,AI is off,AI is off,AI is off,Not paired,AI is off,0,0,0
1528000,4,0,1,0.29,0.21,0,0,99,1,0,19,False,True,0,0,55,41,30,4.02,AI is off,AI is off,AI is off,AI is off,Not paired,AI is off,0,0,0
1530000,3.6,0,1,0.28,0.21,0,0,99,1,0,19,False,True,0,0,55,41,30,4.02,AI is off,AI is off,AI is off,AI is off,Not paired,AI is off,0,0,0
1532000,3.2,0,1,0.27,0.21,0,0,99,1,0,19,False,True,0,0,56,42,32,4.02,AI is off,AI is off,AI is off,AI is off,Not paired,AI is off,0,0,0
1534000,2.9,0,1,0.27,0.21,0,0,99,1,0,19,False,True,0,0,55,41,30,4.02,AI is off,AI is off,AI is off,AI is off,Not paired,AI is off,0,0,0
1536000,2.4,0,1,0.26,0.21,0,0,99,1,0,19,False,True,0,0,55,41,29,4.02,AI is off,AI is off,AI is off,AI is off,Not paired,AI is off,0,0,0
1538000,1.9,0,1,0.24,0.21,0,0,99,1,0,19,False,True,0,0,55,41,30,4.02,AI is off,AI is off,AI is off,AI is off,Not paired,AI is off,0,0,0
1540000,1.2,0,1,0.23,0.21,0,0,99,1,0,19,False,True,0,0,55,41,30,4.02,AI is off,AI is off,AI is off,AI is off,Not paired,AI is off,0,0,0
1542000,0,0,1,0.22,0.21,0,0,99,1,0,19,False,True,0,0,55,42,31,4.02,AI is off,AI is off,AI is off,AI is off,Not paired,AI is off,0,0,0
1544000,0,0,1,0.22,0.21,0,0,99,1,0,19,False,True,0,0,55,41,30,4.02,AI is off,AI is off,AI is off,AI is off,Not paired,AI is off,0,0,0
1546000,0,0,1,0.21,0.21,0,0,99,1,0,19,False,True,0,0,55,41,29,4.02,AI is off,AI is off,AI is off,AI is off,Not paired,AI is off,0,0,0
1548000,0,0,0,0.22,0.21,0,0,99,1,0,19,False,True,0,0,55,40,30,4.02,AI is off,AI is off,AI is off,AI is off,Not paired,AI is off,0,0,0
1550000,0,0,0,0.21,0.21,0,0,99,1,0,19,False,True,0,0,55,41,29,4.02,AI is off,AI is off,AI is off,AI is off,Not paired,AI is off,0,0,0
1552000,0,0,0,0.21,0.21,0,0,99,1,0,19,False,True,0,0,54,42,30,4.02,AI is off,AI is off,AI is off,AI is off,Not paired,AI is off,0,0,0
1554000,0,0,0,0.22,0.21,0,0,99,1,0,19,False,True,0,0,55,41,29,4.02,AI is off,AI is off,AI is off,AI is off,Not paired,AI is off,0,0,0
1556000,0,0,0,0.21,0.21,0,0,99,1,0,19,False,True,0,0,55,41,30,4.02,AI is off,AI is off,AI is off,AI is off,Not paired,AI is off,0,0,0
1558000,0,0,0,0.21,0.21,0,0,99,1,0,19,False,True,0,0,55,42,31,4.02,AI is off,AI is off,AI is off,AI is off,Not paired,AI is off,0,0,0
1560000,0,0,0,0.21,0.21,0,0,99,1,0,19,False,True,0,0,58,45,33,4.02,AI is off,AI is off,AI is off,AI is off,Not paired,AI is off,0,0,0
1562000,0,0,0,0.21,0.21,0,0,99,1,0,19,False,True,0,0,58,44,34,4.02,AI is off,AI is off,AI is off,AI is off,Not paired,AI is off,0,0,0
1564000,0,0,0,0.21,0.21,0,0,99,1,0,19,False,True,0,0,56,43,33,4.02,AI is off,AI is off,AI is off,AI is off,Not paired,AI is off,0,0,0
1566000,0,0,0,0.21,0.21,0,0,99,1,0,19,False,True,0,0,58,45,35,4.02,AI is off,AI is off,AI is off,AI is off,Not paired,AI is off,0,0,0
1568000,0,0,0,0.21,0.21,0,0,99,1,0,19,False,True,0,0,54,42,31,4.02,AI is off,AI is off,AI is off,AI is off,Not paired,AI is off,0,0,0
1570000,0,0,0,0.22,0.21,0,0,99,1,0,19,False,True,0,0,55,43,33,4.02,AI is off,AI is off,AI is off,AI is off,Not paired,AI is off,0,0,0
1572000,0,0,0,0.22,0.21,0,0,99,1,0,19,False,True,0,0,54,40,28,4.02,AI is off,AI is off,AI is off,AI is off,Not paired,AI is off,0,0,0
1574000,0,0,0,0.21,0.21,0,0,99,1,0,19,False,True,0,0,55,41,30,4.02,AI is off,AI is off,AI is off,AI is off,Not paired,AI is off,0,0,0
1576000,0,0,0,0.22,0.21,0,0,99,1,0,19,False,True,0,0,58,44,33,4.02,AI is off,AI is off,AI is off,AI is off,Not paired,AI is off,0,0,0
1578000,0,0,0,0.22,0.21,0,0,99,1,0,19,False,True,0,0,55,42,31,4.02,AI is off,AI is off,AI is off,AI is off,Not paired,AI is off,0,0,0
1580000,0,0,1,0.22,0.21,0,0,99,1,0,19,False,True,0,0,55,40,29,4.02,AI is off,AI is off,AI is off,AI is off,Not paired,AI is off,0,0,0
1582000,0,0,1,0.22,0.21,0,0,99,1,0,19,False,True,0,0,54,41,30,4.02,AI is off,AI is off,AI is off,AI is off,Not paired,AI is off,0,0,0
1584000,0,0,1,0.22,0.21,0,0,99,1,0,19,False,True,0,0,54,40,30,4.02,AI is off,AI is off,AI is off,AI is off,Not paired,AI is off,0,0,0
1586000,0,0,1,0.22,0.21,0,0,99,1,0,19,False,True,0,0,54,40,29,4.02,AI is off,AI is off,AI is off,AI is off,Not paired,AI is off,0,0,0
1588000,0,0,1,0.22,0.21,0,0,99,1,0,19,False,True,0,0,55,42,32,4.02,AI is off,AI is off,AI is off,AI is off,Not paired,AI is off,0,0,0
1590000,0,0,1,0.21,0.21,0,0,99,1,0,19,False,True,0,0,55,40,29,4.02,AI is off,AI is off,AI is off,AI is off,Not paired,AI is off,0,0,0
1592000,0,0,1,0.22,0.21,0,0,99,1,0,19,False,True,0,0,54,39,29,4.02,AI is off,AI is off,AI is off,AI is off,Not paired,AI is off,0,0,0
1594000,0,0,1,0.21,0.21,0,0,99,1,0,19,False,True,0,0,55,41,30,4.02,AI is off,AI is off,AI is off,AI is off,Not paired,AI is off,0,0,0
1596000,0,0,0,0.21,0.21,0,0,99,1,0,19,False,True,0,0,55,42,30,4.02,AI is off,AI is off,AI is off,AI is off,Not paired,AI is off,0,0,0
1598000,0,0,0,0.21,0.21,0,0,99,1,0,19,False,True,0,0,55,41,31,4.02,AI is off,AI is off,AI is off,AI is off,Not paired,AI is off,0,0,0
1600000,0,0,0,0.22,0.21,0,0,99,1,0,19,False,True,0,0,55,41,31,4.02,AI is off,AI is off,AI is off,AI is off,Not paired,AI is off,0,0,0