Dive Number,GF Minimum,GF Maximum,Surface Interval (min),Imperial Units,Start Battery Voltage,Start CNS %,Start Date,Start External O2 Sensor Status,Start Low Set Point,Start High Set Point,Computer Firmware Version,Max Depth,Max Time,Error History,End Battery Voltage,End CNS,End Date,End External O2 Sensor Status,End Low Set Point,End High Set Point,Computer Serial Number,Computer Firmware Version,Computer Model,Log Version,Deco Model,VPM-B Conservatism,Start Surface Pressure,End Surface Pressure,Product
141,40,85,1232,False,3.8,0,8/4/2024 9:23:13 AM,False,0,1,86,13.7,2132,,3.8,0,8/4/2024 9:58:40 AM,False,0,1,937B0677,86,2,13,GF,40/85,1003,1003,Peregrine
Time (ms),Depth,First Stop Depth,Time To Surface (min),Average PPO2,Fraction O2,Fraction He,First Stop Time,Current NDL,Current Circuit Mode,Current CCR Mode,Water Temp,Gas Switch Needed,External PPO2,Set Point Type,Circuit Switch Type,External O2 Sensor 1 (mV),External O2 Sensor 2 (mV),External O2 Sensor 3 (mV),Battery Voltage,Tank 1 pressure (PSI),Tank 2 pressure (PSI),Tank 3 pressure (PSI),Tank 4 pressure (PSI),Gas Time Remaining,SAC Rate (2 minute avg),Ascent Rate,Safe Ascent Depth,CO2mbar
0,1.1,0,1,0.23,0.21,0,0,0,1,0,30,False,True,0,0,51,36,25,3.78,AI is off,AI is off,AI is off,AI is off,Not paired,AI is off,0,0,0
2000,1.3,0,1,0.23,0.21,0,0,0,1,0,30,False,True,0,0,49,35,24,3.78,AI is off,AI is off,AI is off,AI is off,Not paired,AI is off,0,0,0
4000,1.6,0,1,0.24,0.21,0,0,0,1,0,30,False,True,0,0,49,36,25,3.78,AI is off,AI is off,AI is off,AI is off,Not paired,AI is off,0,0,0
6000,1.8,0,1,0.25,0.21,0,0,0,1,0,30,False,True,0,0,49,34,22,3.78,AI is off,AI is off,AI is off,AI is off,Not paired,AI is off,0,0,0
8000,1.7,0,1,0.24,0.21,0,0,0,1,0,30,False,True,0,0,49,34,22,3.78,AI is off,AI is off,AI is off,AI is off,Not paired,AI is off,0,0,0
10000,1.6,0,1,0.24,0.21,0,0,99,1,0,30,False,True,0,0,49,35,25,3.78,AI is off,AI is off,AI is off,AI is off,Not paired,AI is off,0,0,0
12000,1.7,0,1,0.24,0.21,0,0,99,1,0,29,False,True,0,0,49,35,24,3.78,AI is off,AI is off,AI is off,AI is off,Not paired,AI is off,0,0,0
14000,1.8,0,1,0.24,0.21,0,0,99,1,0,29,False,True,0,0,50,36,25,3.78,AI is off,AI is off,AI is off,AI is off,Not paired,AI is off,0,0,0
16000,1.9,0,1,0.25,0.21,0,0,99,1,0,29,False,True,0,0,50,35,25,3.78,AI is off,AI is off,AI is off,AI is off,Not paired,AI is off,0,0,0
18000,1.8,0,1,0.24,0.21,0,0,99,1,0,29,False,True,0,0,50,36,24,3.78,AI is off,AI is off,AI is off,AI is off,Not paired,AI is off,0,0,0
20000,1.7,0,1,0.24,0.21,0,0,99,1,0,29,False,True,0,0,49,35,24,3.78,AI is off,AI is off,AI is off,AI is off,Not paired,AI is off,0,0,0
22000,1.6,0,1,0.24,0.21,0,0,99,1,0,29,False,True,0,0,49,34,23,3.78,AI is off,AI is off,AI is off,AI is off,Not paired,AI is off,0,0,0
24000,1.5,0,1,0.24,0.21,0,0,99,1,0,29,False,True,0,0,48,34,24,3.78,AI is off,AI is off,AI is off,AI is off,Not paired,AI is off,0,0,0
26000,1.8,0,1,0.24,0.21,0,0,99,1,0,29,False,True,0,0,50,35,23,3.78,AI is off,AI is off,AI is off,AI is off,Not paired,AI is off,0,0,0
28000,2.1,0,1,0.25,0.21,0,0,99,1,0,29,False,True,0,0,49,35,23,3.78,AI is off,AI is off,AI is off,AI is off,Not paired,AI is off,0,0,0
30000,2.4,0,1,0.26,0.21,0,0,99,1,0,29,False,True,0,0,49,36,25,3.78,AI is off,AI is off,AI is off,AI is off,Not paired,AI is off,0,0,0
32000,2.7,0,1,0.26,0.21,0,0,99,1,0,29,False,True,0,0,47,34,22,3.78,AI is off,AI is off,AI is off,AI is off,Not paired,AI is off,0,0,0
34000,2.8,0,1,0.27,0.21,0,0,99,1,0,29,False,True,0,0,48,35,25,3.78,AI is off,AI is off,AI is off,AI is off,Not paired,AI is off,0,0,0
36000,2.7,0,1,0.27,0.21,0,0,99,1,0,29,False,True,0,0,47,34,23,3.78,AI is off,AI is off,AI is off,AI is off,Not paired,AI is off,0,0,0
38000,2.5,0,1,0.26,0.21,0,0,99,1,0,29,False,True,0,0,48,34,24,3.78,AI is off,AI is off,AI is off,AI is off,Not paired,AI is off,0,0,0
40000,2.2,0,1,0.26,0.21,0,0,99,1,0,29,False,True,0,0,52,37,27,3.78,AI is off,AI is off,AI is off,AI is off,Not paired,AI is off,0,0,0
42000,1.9,0,1,0.25,0.21,0,0,99,1,0,29,False,True,0,0,51,37,27,3.78,AI is off,AI is off,AI is off,AI is off,Not paired,AI is off,0,0,0
44000,1.8,0,1,0.25,0.21,0,0,99,1,0,29,False,True,0,0,51,37,26,3.78,AI is off,AI is off,AI is off,AI is off,Not paired,AI is off,0,0,0
46000,1.7,0,1,0.24,0.21,0,0,99,1,0,29,False,True,0,0,52,37,26,3.78,AI is off,AI is off,AI is off,AI is off,Not paired,AI is off,0,0,0
48000,1.7,0,1,0.24,0.21,0,0,99,1,0,29,False,True,0,0,49,35,24,3.78,AI is off,AI is off,AI is off,AI is off,Not paired,AI is off,0,0,0
50000,1.7,0,1,0.24,0.21,0,0,99,1,0,29,False,True,0,0,49,35,24,3.78,AI is off,AI is off,AI is off,AI is off,Not paired,AI is off,0,0,0
52000,1.8,0,1,0.24,0.21,0,0,99,1,0,29,False,True,0,0,49,35,25,3.78,AI is off,AI is off,AI is off,AI is off,Not paired,AI is off,0,0,0
54000,1.7,0,1,0.24,0.21,0,0,99,1,0,29,False,True,0,0,48,35,25,3.78,AI is off,AI is off,AI is off,AI is off,Not paired,AI is off,0,0,0
56000,1.7,0,1,0.24,0.21,0,0,99,1,0,29,False,True,0,0,50,37,25,3.78,AI is off,AI is off,AI is off,AI is off,Not paired,AI is off,0,0,0
58000,1.8,0,1,0.24,0.21,0,0,99,1,0,29,False,True,0,0,51,38,26,3.78,AI is off,AI is off,AI is off,AI is off,Not paired,AI is off,0,0,0
60000,2.1,0,1,0.25,0.21,0,0,99,1,0,29,False,True,0,0,48,35,24,3.78,AI is off,AI is off,AI is off,AI is off,Not paired,AI is off,0,0,0
62000,2.3,0,1,0.25,0.21,0,0,99,1,0,29,False,True,0,0,50,36,25,3.78,AI is off,AI is off,AI is off,AI is off,Not paired,AI is off,0,0,0
64000,2.6,0,1,0.26,0.21,0,0,99,1,0,29,False,True,0,0,50,36,24,3.78,AI is off,AI is off,AI is off,AI is off,Not paired,AI is off,0,0,0
66000,2.8,0,1,0.27,0.21,0,0,99,1,0,29,False,True,0,0,50,36,24,3.78,AI is off,AI is off,AI is off,AI is off,Not paired,AI is off,0,0,0
68000,2.9,0,1,0.27,0.21,0,0,99,1,0,29,False,True,0,0,50,36,25,3.78,AI is off,AI is off,AI is off,AI is off,Not paired,AI is off,0,0,0
70000,3.1,0,1,0.27,0.21,0,0,99,1,0,28,False,True,0,0,50,36,25,3.78,AI is off,AI is off,AI is off,AI is off,Not paired,AI is off,0,0,0
72000,3.4,0,1,0.28,0.21,0,0,99,1,0,28,False,True,0,0,48,35,25,3.78,AI is off,AI is off,AI is off,AI is off,Not paired,AI is off,0,0,0
74000,3.8,0,1,0.28,0.21,0,0,99,1,0,28,False,True,0,0,49,36,25,3.78,AI is off,AI is off,AI is off,AI is off,Not paired,AI is off,0,0,0
76000,4.1,0,1,0.29,0.21,0,0,99,1,0,28,False,True,0,0,49,35,24,3.78,AI is off,AI is off,AI is off,AI is off,Not paired,AI is off,0,0,0
78000,4.4,0,1,0.3,0.21,0,0,99,1,0,28,False,True,0,0,49,35,25,3.78,AI is off,AI is off,AI is off,AI is off,Not paired,AI is off,0,0,0
80000,4.4,0,1,0.3,0.21,0,0,99,1,0,28,False,True,0,0,49,35,24,3.78,AI is off,AI is off,AI is off,AI is off,Not paired,AI is off,0,0,0
82000,4.5,0,1,0.3,0.21,0,0,99,1,0,28,False,True,0,0,50,36,24,3.78,AI is off,AI is off,AI is off,AI is off,Not paired,AI is off,0,0,0
84000,4.7,0,1,0.31,0.21,0,0,99,1,0,28,False,True,0,0,51,38,26,3.78,AI is off,AI is off,AI is off,AI is off,Not paired,AI is off,0,0,0
86000,5.1,0,1,0.31,0.21,0,0,99,1,0,28,False,True,0,0,49,35,24,3.78,AI is off,AI is off,AI is off,AI is off,Not paired,AI is off,0,0,0
88000,5.4,0,1,0.32,0.21,0,0,99,1,0,28,False,True,0,0,49,35,25,3.78,AI is off,AI is off,AI is off,AI is off,Not paired,AI is off,0,0,0
90000,5.6,0,1,0.32,0.21,0,0,99,1,0,28,False,True,0,0,48,35,25,3.78,AI is off,AI is off,AI is off,AI is off,Not paired,AI is off,0,0,0
92000,5.8,0,1,0.33,0.21,0,0,99,1,0,28,False,True,0,0,48,34,23,3.78,AI is off,AI is off,AI is off,AI is off,Not paired,AI is off,0,0,0
94000,5.9,0,1,0.33,0.21,0,0,99,1,0,28,False,True,0,0,48,35,24,3.78,AI is off,AI is off,AI is off,AI is off,Not paired,AI is off,0,0,0
96000,6,0,1,0.33,0.21,0,0,99,1,0,28,False,True,0,0,50,36,24,3.78,AI is off,AI is off,AI is off,AI is off,Not paired,AI is off,0,0,0
98000,6,0,1,0.33,0.21,0,0,99,1,0,27,False,True,0,0,51,38,26,3.78,AI is off,AI is off,AI is off,AI is off,Not paired,AI is off,0,0,0
100000,6,0,1,0.33,0.21,0,0,99,1,0,27,False,True,0,0,51,37,27,3.78,AI is off,AI is off,AI is off,AI is off,Not paired,AI is off,0,0,0
102000,6.2,0,1,0.34,0.21,0,0,99,1,0,27,False,True,0,0,49,34,24,3.78,AI is off,AI is off,AI is off,AI is off,Not paired,AI is off,0,0,0
104000,6.2,0,1,0.34,0.21,0,0,99,1,0,27,False,True,0,0,49,35,24,3.78,AI is off,AI is off,AI is off,AI is off,Not paired,AI is off,0,0,0
106000,6.2,0,1,0.34,0.21,0,0,99,1,0,27,False,True,0,0,48,34,24,3.78,AI is off,AI is off,AI is off,AI is off,Not paired,AI is off,0,0,0
108000,6.1,0,1,0.34,0.21,0,0,99,1,0,27,False,True,0,0,48,35,25,3.78,AI is off,AI is off,AI is off,AI is off,Not paired,AI is off,0,0,0
110000,6,0,1,0.33,0.21,0,0,99,1,0,27,False,True,0,0,48,35,24,3.78,AI is off,AI is off,AI is off,AI is off,Not paired,AI is off,0,0,0
112000,5.9,0,1,0.33,0.21,0,0,99,1,0,27,False,True,0,0,48,35,24,3.78,AI is off,AI is off,AI is off,AI is off,Not paired,AI is off,0,0,0
114000,5.9,0,1,0.33,0.21,0,0,99,1,0,27,False,True,0,0,49,35,24,3.78,AI is off,AI is off,AI is off,AI is off,Not paired,AI is off,0,0,0
116000,5.8,0,1,0.33,0.21,0,0,99,1,0,27,False,True,0,0,48,35,25,3.78,AI is off,AI is off,AI is off,AI is off,Not paired,AI is off,0,0,0
118000,5.8,0,1,0.33,0.21,0,0,99,1,0,27,False,True,0,0,49,35,24,3.78,AI is off,AI is off,AI is off,AI is off,Not paired,AI is off,0,0,0
120000,5.8,0,1,0.33,0.21,0,0,99,1,0,27,False,True,0,0,49,35,23,3.78,AI is off,AI is off,AI is off,AI is off,Not paired,AI is off,0,0,0
122000,5.8,0,1,0.33,0.21,0,0,99,1,0,27,False,True,0,0,49,35,24,3.78,AI is off,AI is off,AI is off,AI is off,Not paired,AI is off,0,0,0
124000,5.7,0,1,0.33,0.21,0,0,99,1,0,26,False,True,0,0,49,34,24,3.78,AI is off,AI is off,AI is off,AI is off,Not paired,AI is off,0,0,0
126000,5.8,0,1,0.33,0.21,0,0,99,1,0,26,False,True,0,0,49,35,25,3.78,AI is off,AI is off,AI is off,AI is off,Not paired,AI is off,0,0,0
128000,6.2,0,1,0.34,0.21,0,0,99,1,0,26,False,True,0,0,49,35,24,3.78,AI is off,AI is off,AI is off,AI is off,Not paired,AI is off,0,0,0
130000,6.4,0,1,0.34,0.21,0,0,99,1,0,26,False,True,0,0,49,35,25,3.78,AI is off,AI is off,AI is off,AI is off,Not paired,AI is off,0,0,0
132000,6.7,0,1,0.35,0.21,0,0,99,1,0,26,False,True,0,0,49,35,25,3.78,AI is off,AI is off,AI is off,AI is off,Not paired,AI is off,0,0,0
134000,7,0,1,0.35,0.21,0,0,99,1,0,26,False,True,0,0,49,35,24,3.78,AI is off,AI is off,AI is off,AI is off,Not paired,AI is off,0,0,0
136000,7.3,0,1,0.36,0.21,0,0,99,1,0,26,False,True,0,0,49,35,24,3.78,AI is off,AI is off,AI is off,AI is off,Not paired,AI is off,0,0,0
138000,7.4,0,1,0.36,0.21,0,0,99,1,0,26,False,True,0,0,49,35,25,3.78,AI is off,AI is off,AI is off,AI is off,Not paired,AI is off,0,0,0
140000,7.4,0,1,0.36,0.21,0,0,99,1,0,26,False,True,0,0,49,35,24,3.78,AI is off,AI is off,AI is off,AI is off,Not paired,AI is off,0,0,0
142000,7.5,0,1,0.37,0.21,0,0,99,1,0,26,False,True,0,0,49,35,25,3.78,AI is off,AI is off,AI is off,AI is off,Not paired,AI is off,0,0,0
144000,7.1,0,1,0.36,0.21,0,0,99,1,0,26,False,True,0,0,53,39,27,3.78,AI is off,AI is off,AI is off,AI is off,Not paired,AI is off,0,0,0
146000,7.2,0,1,0.36,0.21,0,0,99,1,0,25,False,True,0,0,49,35,25,3.78,AI is off,AI is off,AI is off,AI is off,Not paired,AI is off,0,0,0
148000,7.6,0,1,0.37,0.21,0,0,99,1,0,25,False,True,0,0,48,35,25,3.78,AI is off,AI is off,AI is off,AI is off,Not paired,AI is off,0,0,0
150000,8,0,1,0.37,0.21,0,0,99,1,0,25,False,True,0,0,49,35,25,3.78,AI is off,AI is off,AI is off,AI is off,Not paired,AI is off,0,0,0
152000,8.400001,0,1,0.38,0.21,0,0,99,1,0,25,False,True,0,0,50,36,25,3.78,AI is off,AI is off,AI is off,AI is off,Not paired,AI is off,0,0,0
154000,9,0,1,0.39,0.21,0,0,99,1,0,25,False,True,0,0,49,36,25,3.78,AI is off,AI is off,AI is off,AI is off,Not paired,AI is off,0,0,0
156000,9.5,0,1,0.41,0.21,0,0,99,1,0,25,False,True,0,0,48,36,26,3.78,AI is off,AI is off,AI is off,AI is off,Not paired,AI is off,0,0,0
158000,9.8,0,1,0.41,0.21,0,0,99,1,0,25,False,True,0,0,50,36,25,3.78,AI is off,AI is off,AI is off,AI is off,Not paired,AI is off,0,0,0
160000,9.900001,0,1,0.42,0.21,0,0,99,1,0,25,False,True,0,0,51,37,26,3.78,AI is off,AI is off,AI is off,AI is off,Not paired,AI is off,0,0,0
162000,9.900001,0,1,0.42,0.21,0,0,99,1,0,25,False,True,0,0,50,37,26,3.78,AI is off,AI is off,AI is off,AI is off,Not paired,AI is off,0,0,0
164000,10,0,1,0.42,0.21,0,0,99,1,0,25,False,True,0,0,49,35,24,3.78,AI is off,AI is off,AI is off,AI is off,Not paired,AI is off,0,0,0
166000,10.1,0,1,0.42,0.21,0,0,99,1,0,25,False,True,0,0,48,35,24,3.78,AI is off,AI is off,AI is off,AI is off,Not paired,AI is off,0,0,0
168000,10.2,0,1,0.42,0.21,0,0,99,1,0,25,False,True,0,0,50,37,26,3.78,AI is off,AI is off,AI is off,AI is off,Not paired,AI is off,0,0,0
170000,10.1,0,1,0.42,0.21,0,0,99,1,0,24,False,True,0,0,51,37,25,3.78,AI is off,AI is off,AI is off,AI is off,Not paired,AI is off,0,0,0
172000,10.2,0,1,0.42,0.21,0,0,99,1,0,24,False,True,0,0,49,35,24,3.78,AI is off,AI is off,AI is off,AI is off,Not paired,AI is off,0,0,0
174000,10.2,0,1,0.42,0.21,0,0,99,1,0,24,False,True,0,0,53,39,28,3.78,AI is off,AI is off,AI is off,AI is off,Not paired,AI is off,0,0,0
176000,9.900001,0,1,0.42,0.21,0,0,99,1,0,24,False,True,0,0,51,37,26,3.78,AI is off,AI is off,AI is off,AI is off,Not paired,AI is off,0,0,0
178000,9.6,0,1,0.41,0.21,0,0,99,1,0,24,False,True,0,0,50,37,25,3.78,AI is off,AI is off,AI is off,AI is off,Not paired,AI is off,0,0,0
180000,9.1,0,1,0.4,0.21,0,0,99,1,0,24,False,True,0,0,50,38,26,3.78,AI is off,AI is off,AI is off,AI is off,Not paired,AI is off,0,0,0
182000,8.900001,0,1,0.4,0.21,0,0,99,1,0,24,False,True,0,0,53,38,27,3.78,AI is off,AI is off,AI is off,AI is off,Not paired,AI is off,0,0,0
184000,8.8,0,1,0.39,0.21,0,0,99,1,0,24,False,True,0,0,53,37,26,3.78,AI is off,AI is off,AI is off,AI is off,Not paired,AI is off,0,0,0
186000,8.900001,0,1,0.4,0.21,0,0,99,1,0,24,False,True,0,0,52,38,28,3.78,AI is off,AI is off,AI is off,AI is off,Not paired,AI is off,0,0,0
188000,8.8,0,1,0.39,0.21,0,0,99,1,0,24,False,True,0,0,53,39,29,3.78,AI is off,AI is off,AI is off,AI is off,Not paired,AI is off,0,0,0
190000,8.8,0,1,0.39,0.21,0,0,99,1,0,24,False,True,0,0,52,38,28,3.78,AI is off,AI is off,AI is off,AI is off,Not paired,AI is off,0,0,0
192000,8.8,0,1,0.39,0.21,0,0,99,1,0,24,False,True,0,0,51,38,27,3.78,AI is off,AI is off,AI is off,AI is off,Not paired,AI is off,0,0,0
194000,8.7,0,1,0.39,0.21,0,0,99,1,0,24,False,True,0,0,51,38,26,3.78,AI is off,AI is off,AI is off,AI is off,Not paired,AI is off,0,0,0
196000,8.900001,0,1,0.39,0.21,0,0,99,1,0,24,False,True,0,0,50,37,24,3.78,AI is off,AI is off,AI is off,AI is off,Not paired,AI is off,0,0,0
198000,8.900001,0,1,0.4,0.21,0,0,99,1,0,24,False,True,0,0,53,39,29,3.78,AI is off,AI is off,AI is off,AI is off,Not paired,AI is off,0,0,0
200000,9,0,1,0.4,0.21,0,0,99,1,0,24,False,True,0,0,51,39,28,3.78,AI is off,AI is off,AI is off,AI is off,Not paired,AI is off,0,0,0
202000,9,0,1,0.4,0.21,0,0,99,1,0,24,False,True,0,0,52,39,29,3.78,AI is off,AI is off,AI is off,AI is off,Not paired,AI is off,0,0,0
204000,9,0,1,0.4,0.21,0,0,99,1,0,24,False,True,0,0,50,37,26,3.78,AI is off,AI is off,AI is off,AI is off,Not paired,AI is off,0,0,0
206000,8.900001,0,1,0.4,0.21,0,0,99,1,0,24,False,True,0,0,51,39,29,3.78,AI is off,AI is off,AI is off,AI is off,Not paired,AI is off,0,0,0
208000,8.8,0,1,0.39,0.21,0,0,99,1,0,24,False,True,0,0,52,38,28,3.78,AI is off,AI is off,AI is off,AI is off,Not paired,AI is off,0,0,0
210000,8.7,0,1,0.39,0.21,0,0,99,1,0,24,False,True,0,0,51,38,28,3.78,AI is off,AI is off,AI is off,AI is off,Not paired,AI is off,0,0,0
212000,8.5,0,1,0.39,0.21,0,0,99,1,0,23,False,True,0,0,52,38,28,3.78,AI is off,AI is off,AI is off,AI is off,Not paired,AI is off,0,0,0
214000,8.5,0,1,0.38,0.21,0,0,99,1,0,23,False,True,0,0,53,39,29,3.78,AI is off,AI is off,AI is off,AI is off,Not paired,AI is off,0,0,0
216000,8.7,0,1,0.39,0.21,0,0,99,1,0,23,False,True,0,0,52,39,29,3.78,AI is off,AI is off,AI is off,AI is off,Not paired,AI is off,0,0,0
218000,9,0,1,0.39,0.21,0,0,99,1,0,23,False,True,0,0,52,38,27,3.78,AI is off,AI is off,AI is off,AI is off,Not paired,AI is off,0,0,0
220000,9.3,0,1,0.4,0.21,0,0,99,1,0,23,False,True,0,0,51,38,26,3.78,AI is off,AI is off,AI is off,AI is off,Not paired,AI is off,0,0,0
222000,9.6,0,1,0.41,0.21,0,0,99,1,0,23,False,True,0,0,51,38,28,3.78,AI is off,AI is off,AI is off,AI is off,Not paired,AI is off,0,0,0
224000,10.1,0,1,0.42,0.21,0,0,99,1,0,23,False,True,0,0,50,37,26,3.78,AI is off,AI is off,AI is off,AI is off,Not paired,AI is off,0,0,0
226000,10.3,0,1,0.42,0.21,0,0,99,1,0,23,False,True,0,0,52,39,29,3.78,AI is off,AI is off,AI is off,AI is off,Not paired,AI is off,0,0,0
228000,10.1,0,1,0.42,0.21,0,0,99,1,0,23,False,True,0,0,50,37,27,3.78,AI is off,AI is off,AI is off,AI is off,Not paired,AI is off,0,0,0
230000,10.1,0,1,0.42,0.21,0,0,99,1,0,23,False,True,0,0,50,37,26,3.78,AI is off,AI is off,AI is off,AI is off,Not paired,AI is off,0,0,0
232000,10.1,0,1,0.42,0.21,0,0,99,1,0,23,False,True,0,0,52,39,28,3.78,AI is off,AI is off,AI is off,AI is off,Not paired,AI is off,0,0,0
234000,10.2,0,1,0.42,0.21,0,0,99,1,0,23,False,True,0,0,52,39,28,3.78,AI is off,AI is off,AI is off,AI is off,Not paired,AI is off,0,0,0
236000,10.3,0,1,0.42,0.21,0,0,99,1,0,23,False,True,0,0,51,38,28,3.78,AI is off,AI is off,AI is off,AI is off,Not paired,AI is off,0,0,0
238000,10.5,0,1,0.43,0.21,0,0,99,1,0,23,False,True,0,0,52,38,28,3.78,AI is off,AI is off,AI is off,AI is off,Not paired,AI is off,0,0,0
240000,10.6,0,1,0.43,0.21,0,0,99,1,0,23,False,True,0,0,51,39,28,3.78,AI is off,AI is off,AI is off,AI is off,Not paired,AI is off,0,0,0
242000,10.4,0,1,0.43,0.21,0,0,99,1,0,23,False,True,0,0,50,36,26,3.78,AI is off,AI is off,AI is off,AI is off,Not paired,AI is off,0,0,0
244000,10.6,0,1,0.43,0.21,0,0,99,1,0,23,False,True,0,0,53,40,30,3.78,AI is off,AI is off,AI is off,AI is off,Not paired,AI is off,0,0,0
246000,10.7,0,1,0.43,0.21,0,0,99,1,0,23,False,True,0,0,54,40,29,3.78,AI is off,AI is off,AI is off,AI is off,Not paired,AI is off,0,0,0
248000,10.6,0,1,0.43,0.21,0,0,99,1,0,23,False,True,0,0,52,39,28,3.78,AI is off,AI is off,AI is off,AI is off,Not paired,AI is off,0,0,0
250000,10.6,0,2,0.43,0.21,0,0,99,1,0,23,False,True,0,0,51,37,27,3.78,AI is off,AI is off,AI is off,AI is off,Not paired,AI is off,0,0,0
252000,10.7,0,2,0.43,0.21,0,0,99,1,0,23,False,True,0,0,51,38,28,3.78,AI is off,AI is off,AI is off,AI is off,Not paired,AI is off,0,0,0
254000,10.9,0,2,0.43,0.21,0,0,99,1,0,23,False,True,0,0,50,36,25,3.78,AI is off,AI is off,AI is off,AI is off,Not paired,AI is off,0,0,0
256000,11,0,2,0.44,0.21,0,0,99,1,0,23,False,True,0,0,51,38,28,3.78,AI is off,AI is off,AI is off,AI is off,Not paired,AI is off,0,0,0
258000,11,0,2,0.44,0.21,0,0,99,1,0,23,False,True,0,0,51,38,27,3.78,AI is off,AI is off,AI is off,AI is off,Not paired,AI is off,0,0,0
260000,11,0,2,0.44,0.21,0,0,99,1,0,23,False,True,0,0,51,38,27,3.78,AI is off,AI is off,AI is off,AI is off,Not paired,AI is off,0,0,0
262000,11,0,2,0.44,0.21,0,0,99,1,0,23,False,True,0,0,50,37,26,3.78,AI is off,AI is off,AI is off,AI is off,Not paired,AI is off,0,0,0
264000,11.1,0,5,0.44,0.21,0,0,99,1,0,23,False,True,0,0,51,38,28,3.78,AI is off,AI is off,AI is off,AI is off,Not paired,AI is off,0,0,0
266000,11.2,0,5,0.44,0.21,0,0,99,1,0,22,False,True,0,0,52,39,30,3.78,AI is off,AI is off,AI is off,AI is off,Not paired,AI is off,0,0,0
268000,11.2,0,5,0.44,0.21,0,0,99,1,0,22,False,True,0,0,51,38,27,3.78,AI is off,AI is off,AI is off,AI is off,Not paired,AI is off,0,0,0
270000,11.3,0,5,0.44,0.21,0,0,99,1,0,22,False,True,0,0,51,38,28,3.78,AI is off,AI is off,AI is off,AI is off,Not paired,AI is off,0,0,0
272000,11.2,0,5,0.44,0.21,0,0,99,1,0,22,False,True,0,0,52,38,28,3.78,AI is off,AI is off,AI is off,AI is off,Not paired,AI is off,0,0,0
274000,11.2,0,5,0.44,0.21,0,0,99,1,0,22,False,True,0,0,50,37,26,3.78,AI is off,AI is off,AI is off,AI is off,Not paired,AI is off,0,0,0
276000,11.2,0,5,0.44,0.21,0,0,99,1,0,22,False,True,0,0,52,39,29,3.78,AI is off,AI is off,AI is off,AI is off,Not paired,AI is off,0,0,0
278000,11.2,0,5,0.44,0.21,0,0,99,1,0,22,False,True,0,0,50,38,28,3.78,AI is off,AI is off,AI is off,AI is off,Not paired,AI is off,0,0,0
280000,11.2,0,5,0.44,0.21,0,0,99,1,0,22,False,True,0,0,52,38,28,3.78,AI is off,AI is off,AI is off,AI is off,Not paired,AI is off,0,0,0
282000,11.2,0,5,0.44,0.21,0,0,99,1,0,22,False,True,0,0,53,39,29,3.78,AI is off,AI is off,AI is off,AI is off,Not paired,AI is off,0,0,0
284000,11.3,0,5,0.44,0.21,0,0,99,1,0,22,False,True,0,0,53,39,30,3.78,AI is off,AI is off,AI is off,AI is off,Not paired,AI is off,0,0,0
286000,11.3,0,5,0.44,0.21,0,0,99,1,0,22,False,True,0,0,52,38,28,3.78,AI is off,AI is off,AI is off,AI is off,Not paired,AI is off,0,0,0
288000,11.2,0,5,0.44,0.21,0,0,99,1,0,22,False,True,0,0,53,39,30,3.78,AI is off,AI is off,AI is off,AI is off,Not paired,AI is off,0,0,0
290000,11.1,0,5,0.44,0.21,0,0,99,1,0,22,False,True,0,0,53,39,29,3.78,AI is off,AI is off,AI is off,AI is off,Not paired,AI is off,0,0,0
292000,11.1,0,5,0.44,0.21,0,0,99,1,0,22,False,True,0,0,51,38,27,3.78,AI is off,AI is off,AI is off,AI is off,Not paired,AI is off,0,0,0
294000,11.1,0,5,0.44,0.21,0,0,99,1,0,22,False,True,0,0,53,38,28,3.78,AI is off,AI is off,AI is off,AI is off,Not paired,AI is off,0,0,0
296000,11.1,0,5,0.44,0.21,0,0,99,1,0,22,False,True,0,0,51,39,29,3.78,AI is off,AI is off,AI is off,AI is off,Not paired,AI is off,0,0,0
298000,11.2,0,5,0.44,0.21,0,0,99,1,0,22,False,True,0,0,50,37,25,3.78,AI is off,AI is off,AI is off,AI is off,Not paired,AI is off,0,0,0
300000,11.3,0,5,0.44,0.21,0,0,99,1,0,22,False,True,0,0,51,38,27,3.78,AI is off,AI is off,AI is off,AI is off,Not paired,AI is off,0,0,0
302000,11.2,0,5,0.44,0.21,0,0,99,1,0,22,False,True,0,0,50,38,27,3.78,AI is off,AI is off,AI is off,AI is off,Not paired,AI is off,0,0,0
304000,11.1,0,5,0.44,0.21,0,0,99,1,0,22,False,True,0,0,51,38,27,3.78,AI is off,AI is off,AI is off,AI is off,Not paired,AI is off,0,0,0
306000,11.2,0,5,0.44,0.21,0,0,99,1,0,22,False,True,0,0,53,40,30,3.78,AI is off,AI is off,AI is off,AI is off,Not paired,AI is off,0,0,0
308000,11.1,0,5,0.44,0.21,0,0,99,1,0,22,False,True,0,0,52,38,28,3.78,AI is off,AI is off,AI is off,AI is off,Not paired,AI is off,0,0,0
310000,11.2,0,5,0.44,0.21,0,0,99,1,0,22,False,True,0,0,51,39,30,3.78,AI is off,AI is off,AI is off,AI is off,Not paired,AI is off,0,0,0
312000,11.2,0,5,0.44,0.21,0,0,99,1,0,22,False,True,0,0,52,39,29,3.78,AI is off,AI is off,AI is off,AI is off,Not paired,AI is off,0,0,0
314000,11.3,0,5,0.44,0.21,0,0,99,1,0,22,False,True,0,0,52,40,30,3.78,AI is off,AI is off,AI is off,AI is off,Not paired,AI is off,0,0,0
316000,11.3,0,5,0.45,0.21,0,0,99,1,0,22,False,True,0,0,52,39,29,3.78,AI is off,AI is off,AI is off,AI is off,Not paired,AI is off,0,0,0
318000,11.2,0,5,0.44,0.21,0,0,99,1,0,22,False,True,0,0,51,39,29,3.78,AI is off,AI is off,AI is off,AI is off,Not paired,AI is off,0,0,0
320000,11.3,0,5,0.44,0.21,0,0,99,1,0,21,False,True,0,0,51,39,30,3.78,AI is off,AI is off,AI is off,AI is off,Not paired,AI is off,0,0,0
322000,11.3,0,5,0.44,0.21,0,0,99,1,0,21,False,True,0,0,50,37,26,3.78,AI is off,AI is off,AI is off,AI is off,Not paired,AI is off,0,0,0
324000,11.3,0,5,0.44,0.21,0,0,99,1,0,21,False,True,0,0,50,38,26,3.78,AI is off,AI is off,AI is off,AI is off,Not paired,AI is off,0,0,0
326000,11.3,0,5,0.44,0.21,0,0,99,1,0,21,False,True,0,0,52,39,31,3.78,AI is off,AI is off,AI is off,AI is off,Not paired,AI is off,0,0,0
328000,11.3,0,5,0.44,0.21,0,0,99,1,0,21,False,True,0,0,51,39,29,3.78,AI is off,AI is off,AI is off,AI is off,Not paired,AI is off,0,0,0
330000,11.4,0,5,0.45,0.21,0,0,99,1,0,21,False,True,0,0,50,38,26,3.78,AI is off,AI is off,AI is off,AI is off,Not paired,AI is off,0,0,0
332000,11.3,0,5,0.44,0.21,0,0,99,1,0,21,False,True,0,0,53,39,31,3.78,AI is off,AI is off,AI is off,AI is off,Not paired,AI is off,0,0,0
334000,11.4,0,5,0.45,0.21,0,0,99,1,0,21,False,True,0,0,53,40,31,3.78,AI is off,AI is off,AI is off,AI is off,Not paired,AI is off,0,0,0
336000,11.4,0,5,0.45,0.21,0,0,99,1,0,21,False,True,0,0,53,40,31,3.78,AI is off,AI is off,AI is off,AI is off,Not paired,AI is off,0,0,0
338000,11.5,0,5,0.45,0.21,0,0,99,1,0,21,False,True,0,0,51,38,27,3.78,AI is off,AI is off,AI is off,AI is off,Not paired,AI is off,0,0,0
340000,11.4,0,5,0.45,0.21,0,0,99,1,0,21,False,True,0,0,53,40,29,3.78,AI is off,AI is off,AI is off,AI is off,Not paired,AI is off,0,0,0
342000,11.5,0,5,0.45,0.21,0,0,99,1,0,21,False,True,0,0,52,39,29,3.78,AI is off,AI is off,AI is off,AI is off,Not paired,AI is off,0,0,0
344000,11.4,0,5,0.45,0.21,0,0,99,1,0,21,False,True,0,0,53,38,28,3.78,AI is off,AI is off,AI is off,AI is off,Not paired,AI is off,0,0,0
346000,11.3,0,5,0.44,0.21,0,0,99,1,0,21,False,True,0,0,51,39,27,3.78,AI is off,AI is off,AI is off,AI is off,Not paired,AI is off,0,0,0
348000,11.3,0,5,0.44,0.21,0,0,99,1,0,21,False,True,0,0,53,40,31,3.78,AI is off,AI is off,AI is off,AI is off,Not paired,AI is off,0,0,0
350000,11.3,0,5,0.44,0.21,0,0,99,1,0,21,False,True,0,0,52,38,28,3.78,AI is off,AI is off,AI is off,AI is off,Not paired,AI is off,0,0,0
352000,11.3,0,5,0.44,0.21,0,0,99,1,0,21,False,True,0,0,52,39,29,3.78,AI is off,AI is off,AI is off,AI is off,Not paired,AI is off,0,0,0
354000,11.2,0,5,0.44,0.21,0,0,99,1,0,21,False,True,0,0,52,40,29,3.78,AI is off,AI is off,AI is off,AI is off,Not paired,AI is off,0,0,0
356000,11.2,0,5,0.44,0.21,0,0,99,1,0,21,False,True,0,0,52,38,28,3.78,AI is off,AI is off,AI is off,AI is off,Not paired,AI is off,0,0,0
358000,11.2,0,5,0.44,0.21,0,0,99,1,0,21,False,True,0,0,52,40,30,3.78,AI is off,AI is off,AI is off,AI is off,Not paired,AI is off,0,0,0
360000,11.2,0,5,0.44,0.21,0,0,99,1,0,21,False,True,0,0,51,39,27,3.78,AI is off,AI is off,AI is off,AI is off,Not paired,AI is off,0,0,0
362000,11.1,0,5,0.44,0.21,0,0,99,1,0,21,False,True,0,0,50,37,26,3.78,AI is off,AI is off,AI is off,AI is off,Not paired,AI is off,0,0,0
364000,11.1,0,5,0.44,0.21,0,0,99,1,0,21,False,True,0,0,52,40,30,3.78,AI is off,AI is off,AI is off,AI is off,Not paired,AI is off,0,0,0
366000,11.2,0,5,0.44,0.21,0,0,99,1,0,21,False,True,0,0,52,39,29,3.78,AI is off,AI is off,AI is off,AI is off,Not paired,AI is off,0,0,0
368000,11.3,0,5,0.44,0.21,0,0,99,1,0,21,False,True,0,0,51,39,30,3.78,AI is off,AI is off,AI is off,AI is off,Not paired,AI is off,0,0,0
370000,11.3,0,5,0.45,0.21,0,0,99,1,0,21,False,True,0,0,50,38,26,3.78,AI is off,AI is off,AI is off,AI is off,Not paired,AI is off,0,0,0
372000,11.2,0,5,0.44,0.21,0,0,99,1,0,21,False,True,0,0,51,39,29,3.78,AI is off,AI is off,AI is off,AI is off,Not paired,AI is off,0,0,0
374000,11.2,0,5,0.44,0.21,0,0,99,1,0,21,False,True,0,0,52,39,27,3.78,AI is off,AI is off,AI is off,AI is off,Not paired,AI is off,0,0,0
376000,10.9,0,5,0.44,0.21,0,0,99,1,0,21,False,True,0,0,52,39,28,3.78,AI is off,AI is off,AI is off,AI is off,Not paired,AI is off,0,0,0
378000,10.9,0,5,0.44,0.21,0,0,99,1,0,21,False,True,0,0,52,39,27,3.78,AI is off,AI is off,AI is off,AI is off,Not paired,AI is off,0,0,0
380000,10.9,0,5,0.44,0.21,0,0,99,1,0,21,False,True,0,0,50,37,27,3.78,AI is off,AI is off,AI is off,AI is off,Not paired,AI is off,0,0,0
382000,10.8,0,5,0.43,0.21,0,0,99,1,0,21,False,True,0,0,51,38,26,3.78,AI is off,AI is off,AI is off,AI is off,Not paired,AI is off,0,0,0
384000,10.8,0,5,0.43,0.21,0,0,99,1,0,21,False,True,0,0,54,41,30,3.78,AI is off,AI is off,AI is off,AI is off,Not paired,AI is off,0,0,0
386000,10.8,0,5,0.43,0.21,0,0,99,1,0,21,False,True,0,0,52,39,28,3.78,AI is off,AI is off,AI is off,AI is off,Not paired,AI is off,0,0,0
388000,10.8,0,5,0.43,0.21,0,0,99,1,0,21,False,True,0,0,50,36,24,3.78,AI is off,AI is off,AI is off,AI is off,Not paired,AI is off,0,0,0
390000,10.8,0,5,0.43,0.21,0,0,99,1,0,21,False,True,0,0,51,38,26,3.78,AI is off,AI is off,AI is off,AI is off,Not paired,AI is off,0,0,0
392000,10.9,0,5,0.44,0.21,0,0,99,1,0,21,False,True,0,0,50,38,27,3.78,AI is off,AI is off,AI is off,AI is off,Not paired,AI is off,0,0,0
394000,10.8,0,5,0.44,0.21,0,0,99,1,0,21,False,True,0,0,51,39,28,3.78,AI is off,AI is off,AI is off,AI is off,Not paired,AI is off,0,0,0
396000,10.9,0,5,0.44,0.21,0,0,99,1,0,21,False,True,0,0,53,39,30,3.78,AI is off,AI is off,AI is off,AI is off,Not paired,AI is off,0,0,0
398000,11,0,5,0.44,0.21,0,0,99,1,0,21,False,True,0,0,51,39,26,3.78,AI is off,AI is off,AI is off,AI is off,Not paired,AI is off,0,0,0
400000,11,0,5,0.44,0.21,0,0,99,1,0,21,False,True,0,0,51,39,27,3.78,AI is off,AI is off,AI is off,AI is off,Not paired,AI is off,0,0,0
402000,11,0,5,0.44,0.21,0,0,99,1,0,21,False,True,0,0,50,38,27,3.78,AI is off,AI is off,AI is off,AI is off,Not paired,AI is off,0,0,0
404000,11.2,0,5,0.44,0.21,0,0,99,1,0,21,False,True,0,0,52,40,30,3.78,AI is off,AI is off,AI is off,AI is off,Not paired,AI is off,0,0,0
406000,11.3,0,5,0.44,0.21,0,0,99,1,0,21,False,True,0,0,53,40,32,3.78,AI is off,AI is off,AI is off,AI is off,Not paired,AI is off,0,0,0
408000,11.3,0,5,0.45,0.21,0,0,99,1,0,21,False,True,0,0,49,36,25,3.78,AI is off,AI is off,AI is off,AI is off,Not paired,AI is off,0,0,0
410000,11.4,0,5,0.45,0.21,0,0,99,1,0,21,False,True,0,0,53,40,30,3.78,AI is off,AI is off,AI is off,AI is off,Not paired,AI is off,0,0,0
412000,11.5,0,5,0.45,0.21,0,0,99,1,0,21,False,True,0,0,50,37,26,3.78,AI is off,AI is off,AI is off,AI is off,Not paired,AI is off,0,0,0
414000,11.4,0,5,0.45,0.21,0,0,99,1,0,21,False,True,0,0,51,38,27,3.78,AI is off,AI is off,AI is off,AI is off,Not paired,AI is off,0,0,0
416000,11.4,0,5,0.45,0.21,0,0,99,1,0,21,False,True,0,0,51,38,27,3.78,AI is off,AI is off,AI is off,AI is off,Not paired,AI is off,0,0,0
418000,11.5,0,5,0.45,0.21,0,0,99,1,0,21,False,True,0,0,52,40,30,3.78,AI is off,AI is off,AI is off,AI is off,Not paired,AI is off,0,0,0
420000,11.6,0,5,0.45,0.21,0,0,99,1,0,21,False,True,0,0,51,39,29,3.78,AI is off,AI is off,AI is off,AI is off,Not paired,AI is off,0,0,0
422000,11.6,0,5,0.45,0.21,0,0,99,1,0,21,False,True,0,0,50,37,26,3.78,AI is off,AI is off,AI is off,AI is off,Not paired,AI is off,0,0,0
424000,11.5,0,5,0.45,0.21,0,0,99,1,0,21,False,True,0,0,53,41,30,3.78,AI is off,AI is off,AI is off,AI is off,Not paired,AI is off,0,0,0
426000,11.5,0,5,0.45,0.21,0,0,99,1,0,21,False,True,0,0,52,38,29,3.78,AI is off,AI is off,AI is off,AI is off,Not paired,AI is off,0,0,0
428000,11.5,0,5,0.45,0.21,0,0,99,1,0,21,False,True,0,0,51,39,30,3.78,AI is off,AI is off,AI is off,AI is off,Not paired,AI is off,0,0,0
430000,11.6,0,5,0.45,0.21,0,0,99,1,0,21,False,True,0,0,52,39,31,3.78,AI is off,AI is off,AI is off,AI is off,Not paired,AI is off,0,0,0
432000,11.5,0,5,0.45,0.21,0,0,99,1,0,21,False,True,0,0,50,37,26,3.78,AI is off,AI is off,AI is off,AI is off,Not paired,AI is off,0,0,0
434000,11.5,0,5,0.45,0.21,0,0,99,1,0,21,False,True,0,0,50,38,28,3.78,AI is off,AI is off,AI is off,AI is off,Not paired,AI is off,0,0,0
436000,11.6,0,5,0.45,0.21,0,0,99,1,0,21,False,True,0,0,51,39,30,3.78,AI is off,AI is off,AI is off,AI is off,Not paired,AI is off,0,0,0
438000,11.6,0,5,0.45,0.21,0,0,99,1,0,21,False,True,0,0,51,39,31,3.78,AI is off,AI is off,AI is off,AI is off,Not paired,AI is off,0,0,0
440000,11.6,0,5,0.45,0.21,0,0,99,1,0,21,False,True,0,0,51,39,28,3.78,AI is off,AI is off,AI is off,AI is off,Not paired,AI is off,0,0,0
442000,11.5,0,5,0.45,0.21,0,0,99,1,0,21,False,True,0,0,52,39,30,3.78,AI is off,AI is off,AI is off,AI is off,Not paired,AI is off,0,0,0
444000,11.6,0,5,0.45,0.21,0,0,99,1,0,21,False,True,0,0,52,40,30,3.78,AI is off,AI is off,AI is off,AI is off,Not paired,AI is off,0,0,0
446000,11.6,0,5,0.45,0.21,0,0,99,1,0,21,False,True,0,0,51,39,28,3.78,AI is off,AI is off,AI is off,AI is off,Not paired,AI is off,0,0,0
448000,11.5,0,5,0.45,0.21,0,0,99,1,0,21,False,True,0,0,52,40,32,3.78,AI is off,AI is off,AI is off,AI is off,Not paired,AI is off,0,0,0
450000,11.5,0,5,0.45,0.21,0,0,99,1,0,21,False,True,0,0,52,39,28,3.78,AI is off,AI is off,AI is off,AI is off,Not paired,AI is off,0,0,0
452000,11.4,0,5,0.45,0.21,0,0,99,1,0,21,False,True,0,0,52,39,29,3.78,AI is off,AI is off,AI is off,AI is off,Not paired,AI is off,0,0,0
454000,11.4,0,5,0.45,0.21,0,0,99,1,0,21,False,True,0,0,52,38,29,3.78,AI is off,AI is off,AI is off,AI is off,Not paired,AI is off,0,0,0
456000,11.2,0,5,0.44,0.21,0,0,99,1,0,21,False,True,0,0,51,39,30,3.78,AI is off,AI is off,AI is off,AI is off,Not paired,AI is off,0,0,0
458000,11.2,0,5,0.44,0.21,0,0,99,1,0,21,False,True,0,0,52,38,29,3.78,AI is off,AI is off,AI is off,AI is off,Not paired,AI is off,0,0,0
460000,11.3,0,5,0.44,0.21,0,0,99,1,0,21,False,True,0,0,51,39,31,3.78,AI is off,AI is off,AI is off,AI is off,Not paired,AI is off,0,0,0
462000,11.2,0,5,0.44,0.21,0,0,99,1,0,21,False,True,0,0,51,39,27,3.78,AI is off,AI is off,AI is off,AI is off,Not paired,AI is off,0,0,0
464000,11.1,0,5,0.44,0.21,0,0,99,1,0,21,False,True,0,0,50,38,27,3.78,AI is off,AI is off,AI is off,AI is off,Not paired,AI is off,0,0,0
466000,10.8,0,5,0.43,0.21,0,0,99,1,0,21,False,True,0,0,54,42,30,3.78,AI is off,AI is off,AI is off,AI is off,Not paired,AI is off,0,0,0
468000,10.7,0,5,0.43,0.21,0,0,99,1,0,21,False,True,0,0,53,41,30,3.78,AI is off,AI is off,AI is off,AI is off,Not paired,AI is off,0,0,0
470000,10.6,0,5,0.43,0.21,0,0,99,1,0,21,False,True,0,0,54,40,28,3.78,AI is off,AI is off,AI is off,AI is off,Not paired,AI is off,0,0,0
472000,10.5,0,5,0.43,0.21,0,0,99,1,0,21,False,True,0,0,53,40,30,3.78,AI is off,AI is off,AI is off,AI is off,Not paired,AI is off,0,0,0
474000,10.3,0,5,0.42,0.21,0,0,99,1,0,21,False,True,0,0,54,42,31,3.78,AI is off,AI is off,AI is off,AI is off,Not paired,AI is off,0,0,0
476000,10.3,0,4,0.42,0.21,0,0,99,1,0,21,False,True,0,0,53,41,30,3.78,AI is off,AI is off,AI is off,AI is off,Not paired,AI is off,0,0,0
478000,10.4,0,4,0.43,0.21,0,0,99,1,0,21,False,True,0,0,52,40,30,3.78,AI is off,AI is off,AI is off,AI is off,Not paired,AI is off,0,0,0
480000,10.5,0,4,0.43,0.21,0,0,99,1,0,21,False,True,0,0,53,41,30,3.78,AI is off,AI is off,AI is off,AI is off,Not paired,AI is off,0,0,0
482000,10.6,0,4,0.43,0.21,0,0,99,1,0,21,False,True,0,0,53,40,29,3.78,AI is off,AI is off,AI is off,AI is off,Not paired,AI is off,0,0,0
484000,10.7,0,4,0.43,0.21,0,0,99,1,0,21,False,True,0,0,54,42,30,3.78,AI is off,AI is off,AI is off,AI is off,Not paired,AI is off,0,0,0
486000,10.8,0,5,0.43,0.21,0,0,99,1,0,21,False,True,0,0,54,38,29,3.78,AI is off,AI is off,AI is off,AI is off,Not paired,AI is off,0,0,0
488000,10.9,0,5,0.44,0.21,0,0,99,1,0,21,False,True,0,0,53,39,28,3.78,AI is off,AI is off,AI is off,AI is off,Not paired,AI is off,0,0,0
490000,11,0,5,0.44,0.21,0,0,99,1,0,21,False,True,0,0,53,39,29,3.78,AI is off,AI is off,AI is off,AI is off,Not paired,AI is off,0,0,0
492000,11.2,0,5,0.44,0.21,0,0,99,1,0,21,False,True,0,0,54,39,29,3.78,AI is off,AI is off,AI is off,AI is off,Not paired,AI is off,0,0,0
494000,11.4,0,5,0.45,0.21,0,0,99,1,0,21,False,True,0,0,53,39,29,3.78,AI is off,AI is off,AI is off,AI is off,Not paired,AI is off,0,0,0
496000,11.5,0,5,0.45,0.21,0,0,99,1,0,21,False,True,0,0,54,41,31,3.78,AI is off,AI is off,AI is off,AI is off,Not paired,AI is off,0,0,0
498000,11.5,0,5,0.45,0.21,0,0,99,1,0,21,False,True,0,0,54,39,29,3.78,AI is off,AI is off,AI is off,AI is off,Not paired,AI is off,0,0,0
500000,11.6,0,5,0.45,0.21,0,0,99,1,0,21,False,True,0,0,55,44,34,3.78,AI is off,AI is off,AI is off,AI is off,Not paired,AI is off,0,0,0
502000,11.8,0,5,0.45,0.21,0,0,99,1,0,21,False,True,0,0,54,42,30,3.78,AI is off,AI is off,AI is off,AI is off,Not paired,AI is off,0,0,0
504000,11.9,0,5,0.46,0.21,0,0,99,1,0,21,False,True,0,0,52,41,31,3.78,AI is off,AI is off,AI is off,AI is off,Not paired,AI is off,0,0,0
506000,12,0,5,0.46,0.21,0,0,99,1,0,21,False,True,0,0,53,40,29,3.78,AI is off,AI is off,AI is off,AI is off,Not paired,AI is off,0,0,0
508000,12.1,0,5,0.46,0.21,0,0,99,1,0,21,False,True,0,0,53,40,31,3.78,AI is off,AI is off,AI is off,AI is off,Not paired,AI is off,0,0,0
510000,12.3,0,5,0.46,0.21,0,0,99,1,0,21,False,True,0,0,52,40,28,3.78,AI is off,AI is off,AI is off,AI is off,Not paired,AI is off,0,0,0
512000,12.4,0,5,0.47,0.21,0,0,99,1,0,21,False,True,0,0,52,39,29,3.78,AI is off,AI is off,AI is off,AI is off,Not paired,AI is off,0,0,0
514000,12.3,0,5,0.47,0.21,0,0,99,1,0,21,False,True,0,0,52,38,29,3.78,AI is off,AI is off,AI is off,AI is off,Not paired,AI is off,0,0,0
516000,12,0,5,0.46,0.21,0,0,99,1,0,21,False,True,0,0,52,38,28,3.78,AI is off,AI is off,AI is off,AI is off,Not paired,AI is off,0,0,0
518000,11.6,0,5,0.45,0.21,0,0,99,1,0,21,False,True,0,0,54,39,30,3.78,AI is off,AI is off,AI is off,AI is off,Not paired,AI is off,0,0,0
520000,11.5,0,5,0.45,0.21,0,0,99,1,0,20,False,True,0,0,54,42,29,3.78,AI is off,AI is off,AI is off,AI is off,Not paired,AI is off,0,0,0
522000,11.4,0,5,0.45,0.21,0,0,99,1,0,20,False,True,0,0,54,41,30,3.78,AI is off,AI is off,AI is off,AI is off,Not paired,AI is off,0,0,0
524000,11.2,0,5,0.44,0.21,0,0,99,1,0,20,False,True,0,0,50,38,27,3.78,AI is off,AI is off,AI is off,AI is off,Not paired,AI is off,0,0,0
526000,11.2,0,5,0.44,0.21,0,0,99,1,0,20,False,True,0,0,51,39,28,3.78,AI is off,AI is off,AI is off,AI is off,Not paired,AI is off,0,0,0
528000,11.3,0,5,0.45,0.21,0,0,99,1,0,20,False,True,0,0,50,38,26,3.78,AI is off,AI is off,AI is off,AI is off,Not paired,AI is off,0,0,0
530000,11.4,0,5,0.45,0.21,0,0,99,1,0,20,False,True,0,0,52,39,27,3.78,AI is off,AI is off,AI is off,AI is off,Not paired,AI is off,0,0,0
532000,11.5,0,5,0.45,0.21,0,0,99,1,0,20,False,True,0,0,54,41,30,3.78,AI is off,AI is off,AI is off,AI is off,Not paired,AI is off,0,0,0
534000,11.5,0,5,0.45,0.21,0,0,99,1,0,20,False,True,0,0,54,42,30,3.78,AI is off,AI is off,AI is off,AI is off,Not paired,AI is off,0,0,0
536000,11.5,0,5,0.45,0.21,0,0,99,1,0,20,False,True,0,0,52,40,29,3.78,AI is off,AI is off,AI is off,AI is off,Not paired,AI is off,0,0,0
538000,11.6,0,5,0.45,0.21,0,0,99,1,0,20,False,True,0,0,54,41,29,3.78,AI is off,AI is off,AI is off,AI is off,Not paired,AI is off,0,0,0
540000,11.8,0,5,0.45,0.21,0,0,99,1,0,20,False,True,0,0,51,39,27,3.78,AI is off,AI is off,AI is off,AI is off,Not paired,AI is off,0,0,0
542000,11.9,0,5,0.46,0.21,0,0,99,1,0,20,False,True,0,0,53,40,30,3.78,AI is off,AI is off,AI is off,AI is off,Not paired,AI is off,0,0,0
544000,11.9,0,5,0.46,0.21,0,0,99,1,0,20,False,True,0,0,51,38,29,3.78,AI is off,AI is off,AI is off,AI is off,Not paired,AI is off,0,0,0
546000,11.4,0,5,0.45,0.21,0,0,99,1,0,20,False,True,0,0,51,39,28,3.78,AI is off,AI is off,AI is off,AI is off,Not paired,AI is off,0,0,0
548000,11.4,0,5,0.45,0.21,0,0,99,1,0,20,False,True,0,0,52,40,29,3.78,AI is off,AI is off,AI is off,AI is off,Not paired,AI is off,0,0,0
550000,11.3,0,5,0.44,0.21,0,0,99,1,0,20,False,True,0,0,51,40,28,3.78,AI is off,AI is off,AI is off,AI is off,Not paired,AI is off,0,0,0
552000,11.1,0,5,0.44,0.21,0,0,99,1,0,20,False,True,0,0,54,42,30,3.78,AI is off,AI is off,AI is off,AI is off,Not paired,AI is off,0,0,0
554000,11.1,0,5,0.44,0.21,0,0,99,1,0,20,False,True,0,0,53,42,31,3.78,AI is off,AI is off,AI is off,AI is off,Not paired,AI is off,0,0,0
556000,11.2,0,5,0.44,0.21,0,0,99,1,0,20,False,True,0,0,53,40,30,3.78,AI is off,AI is off,AI is off,AI is off,Not paired,AI is off,0,0,0
558000,11.3,0,5,0.44,0.21,0,0,99,1,0,20,False,True,0,0,53,42,31,3.78,AI is off,AI is off,AI is off,AI is off,Not paired,AI is off,0,0,0
560000,11.3,0,5,0.44,0.21,0,0,99,1,0,20,False,True,0,0,54,42,30,3.78,AI is off,AI is off,AI is off,AI is off,Not paired,AI is off,0,0,0
562000,11.2,0,5,0.44,0.21,0,0,99,1,0,20,False,True,0,0,53,40,30,3.78,AI is off,AI is off,AI is off,AI is off,Not paired,AI is off,0,0,0
564000,11.3,0,5,0.44,0.21,0,0,99,1,0,20,False,True,0,0,53,41,31,3.78,AI is off,AI is off,AI is off,AI is off,Not paired,AI is off,0,0,0
566000,11.2,0,5,0.44,0.21,0,0,99,1,0,20,False,True,0,0,53,41,29,3.78,AI is off,AI is off,AI is off,AI is off,Not paired,AI is off,0,0,0
568000,11.2,0,5,0.44,0.21,0,0,99,1,0,20,False,True,0,0,52,42,31,3.78,AI is off,AI is off,AI is off,AI is off,Not paired,AI is off,0,0,0
570000,11.2,0,5,0.44,0.21,0,0,99,1,0,20,False,True,0,0,53,42,31,3.78,AI is off,AI is off,AI is off,AI is off,Not paired,AI is off,0,0,0
572000,11.1,0,5,0.44,0.21,0,0,99,1,0,20,False,True,0,0,53,41,29,3.78,AI is off,AI is off,AI is off,AI is off,Not paired,AI is off,0,0,0
574000,11,0,5,0.44,0.21,0,0,99,1,0,20,False,True,0,0,54,42,31,3.78,AI is off,AI is off,AI is off,AI is off,Not paired,AI is off,0,0,0
576000,10.9,0,5,0.44,0.21,0,0,99,1,0,20,False,True,0,0,53,40,29,3.78,AI is off,AI is off,AI is off,AI is off,Not paired,AI is off,0,0,0
578000,10.8,0,5,0.43,0.21,0,0,99,1,0,20,False,True,0,0,54,41,30,3.78,AI is off,AI is off,AI is off,AI is off,Not paired,AI is off,0,0,0
580000,10.9,0,5,0.44,0.21,0,0,99,1,0,20,False,True,0,0,54,41,30,3.78,AI is off,AI is off,AI is off,AI is off,Not paired,AI is off,0,0,0
582000,11.2,0,5,0.44,0.21,0,0,99,1,0,20,False,True,0,0,54,42,30,3.78,AI is off,AI is off,AI is off,AI is off,Not paired,AI is off,0,0,0
584000,11.3,0,5,0.44,0.21,0,0,99,1,0,20,False,True,0,0,54,39,29,3.78,AI is off,AI is off,AI is off,AI is off,Not paired,AI is off,0,0,0
586000,11.4,0,5,0.45,0.21,0,0,99,1,0,20,False,True,0,0,53,42,30,3.78,AI is off,AI is off,AI is off,AI is off,Not paired,AI is off,0,0,0
588000,11.6,0,5,0.45,0.21,0,0,99,1,0,20,False,True,0,0,52,40,29,3.78,AI is off,AI is off,AI is off,AI is off,Not paired,AI is off,0,0,0
590000,11.7,0,5,0.45,0.21,0,0,99,1,0,20,False,True,0,0,54,42,30,3.78,AI is off,AI is off,AI is off,AI is off,Not paired,AI is off,0,0,0
592000,11.8,0,5,0.46,0.21,0,0,99,1,0,20,False,True,0,0,53,41,30,3.78,AI is off,AI is off,AI is off,AI is off,Not paired,AI is off,0,0,0
594000,12,0,5,0.46,0.21,0,0,99,1,0,20,False,True,0,0,51,38,27,3.78,AI is off,AI is off,AI is off,AI is off,Not paired,AI is off,0,0,0
596000,12.1,0,5,0.46,0.21,0,0,99,1,0,20,False,True,0,0,51,38,27,3.78,AI is off,AI is off,AI is off,AI is off,Not paired,AI is off,0,0,0
598000,12.1,0,5,0.46,0.21,0,0,99,1,0,20,False,True,0,0,52,39,30,3.78,AI is off,AI is off,AI is off,AI is off,Not paired,AI is off,0,0,0
600000,12.2,0,5,0.46,0.21,0,0,99,1,0,20,False,True,0,0,53,39,28,3.78,AI is off,AI is off,AI is off,AI is off,Not paired,AI is off,0,0,0
602000,12.3,0,5,0.46,0.21,0,0,99,1,0,20,False,True,0,0,53,39,31,3.78,AI is off,AI is off,AI is off,AI is off,Not paired,AI is off,0,0,0
604000,12,0,5,0.46,0.21,0,0,99,1,0,20,False,True,0,0,52,39,28,3.78,AI is off,AI is off,AI is off,AI is off,Not paired,AI is off,0,0,0
606000,11.9,0,5,0.46,0.21,0,0,99,1,0,20,False,True,0,0,53,39,29,3.78,AI is off,AI is off,AI is off,AI is off,Not paired,AI is off,0,0,0
608000,12.3,0,5,0.46,0.21,0,0,99,1,0,20,False,True,0,0,55,41,31,3.78,AI is off,AI is off,AI is off,AI is off,Not paired,AI is off,0,0,0
610000,12.3,0,5,0.47,0.21,0,0,99,1,0,20,False,True,0,0,53,40,29,3.78,AI is off,AI is off,AI is off,AI is off,Not paired,AI is off,0,0,0
612000,12.4,0,5,0.47,0.21,0,0,99,1,0,20,False,True,0,0,53,41,31,3.78,AI is off,AI is off,AI is off,AI is off,Not paired,AI is off,0,0,0
614000,12.4,0,5,0.47,0.21,0,0,99,1,0,20,False,True,0,0,53,40,29,3.78,AI is off,AI is off,AI is off,AI is off,Not paired,AI is off,0,0,0
616000,12.4,0,5,0.47,0.21,0,0,99,1,0,20,False,True,0,0,54,42,31,3.78,AI is off,AI is off,AI is off,AI is off,Not paired,AI is off,0,0,0
618000,12.4,0,5,0.47,0.21,0,0,96,1,0,20,False,True,0,0,53,40,29,3.78,AI is off,AI is off,AI is off,AI is off,Not paired,AI is off,0,0,0
620000,12.5,0,5,0.47,0.21,0,0,96,1,0,20,False,True,0,0,52,39,28,3.78,AI is off,AI is off,AI is off,AI is off,Not paired,AI is off,0,0,0
622000,12.5,0,5,0.47,0.21,0,0,95,1,0,20,False,True,0,0,54,41,29,3.78,AI is off,AI is off,AI is off,AI is off,Not paired,AI is off,0,0,0
624000,12.5,0,5,0.47,0.21,0,0,95,1,0,20,False,True,0,0,52,39,27,3.78,AI is off,AI is off,AI is off,AI is off,Not paired,AI is off,0,0,0
626000,12.5,0,5,0.47,0.21,0,0,95,1,0,20,False,True,0,0,51,40,30,3.78,AI is off,AI is off,AI is off,AI is off,Not paired,AI is off,0,0,0
628000,12.6,0,5,0.47,0.21,0,0,92,1,0,20,False,True,0,0,53,41,30,3.78,AI is off,AI is off,AI is off,AI is off,Not paired,AI is off,0,0,0
630000,12.6,0,5,0.47,0.21,0,0,92,1,0,20,False,True,0,0,51,39,28,3.78,AI is off,AI is off,AI is off,AI is off,Not paired,AI is off,0,0,0
632000,12.7,0,5,0.47,0.21,0,0,92,1,0,20,False,True,0,0,51,39,28,3.78,AI is off,AI is off,AI is off,AI is off,Not paired,AI is off,0,0,0
634000,12.8,0,5,0.48,0.21,0,0,92,1,0,20,False,True,0,0,53,41,30,3.78,AI is off,AI is off,AI is off,AI is off,Not paired,AI is off,0,0,0
636000,12.6,0,5,0.47,0.21,0,0,92,1,0,20,False,True,0,0,52,40,29,3.78,AI is off,AI is off,AI is off,AI is off,Not paired,AI is off,0,0,0
638000,12.5,0,5,0.47,0.21,0,0,93,1,0,20,False,True,0,0,52,40,30,3.78,AI is off,AI is off,AI is off,AI is off,Not paired,AI is off,0,0,0
640000,12.3,0,5,0.46,0.21,0,0,93,1,0,20,False,True,0,0,53,42,30,3.78,AI is off,AI is off,AI is off,AI is off,Not paired,AI is off,0,0,0
642000,12.1,0,5,0.46,0.21,0,0,99,1,0,20,False,True,0,0,53,42,32,3.78,AI is off,AI is off,AI is off,AI is off,Not paired,AI is off,0,0,0
644000,12.1,0,5,0.46,0.21,0,0,99,1,0,20,False,True,0,0,53,41,30,3.78,AI is off,AI is off,AI is off,AI is off,Not paired,AI is off,0,0,0
646000,12.2,0,5,0.46,0.21,0,0,99,1,0,20,False,True,0,0,52,41,29,3.78,AI is off,AI is off,AI is off,AI is off,Not paired,AI is off,0,0,0
648000,12.2,0,5,0.46,0.21,0,0,99,1,0,20,False,True,0,0,53,41,31,3.78,AI is off,AI is off,AI is off,AI is off,Not paired,AI is off,0,0,0
650000,12.1,0,5,0.46,0.21,0,0,99,1,0,20,False,True,0,0,52,39,28,3.78,AI is off,AI is off,AI is off,AI is off,Not paired,AI is off,0,0,0
652000,12,0,5,0.46,0.21,0,0,99,1,0,20,False,True,0,0,53,41,30,3.78,AI is off,AI is off,AI is off,AI is off,Not paired,AI is off,0,0,0
654000,12.2,0,5,0.46,0.21,0,0,99,1,0,20,False,True,0,0,53,41,30,3.78,AI is off,AI is off,AI is off,AI is off,Not paired,AI is off,0,0,0
656000,12.1,0,5,0.46,0.21,0,0,99,1,0,20,False,True,0,0,52,41,30,3.78,AI is off,AI is off,AI is off,AI is off,Not paired,AI is off,0,0,0
658000,12.1,0,5,0.46,0.21,0,0,99,1,0,20,False,True,0,0,52,40,29,3.78,AI is off,AI is off,AI is off,AI is off,Not paired,AI is off,0,0,0
660000,12.2,0,5,0.46,0.21,0,0,99,1,0,20,False,True,0,0,51,39,28,3.78,AI is off,AI is off,AI is off,AI is off,Not paired,AI is off,0,0,0
662000,12.1,0,5,0.46,0.21,0,0,99,1,0,20,False,True,0,0,52,39,28,3.78,AI is off,AI is off,AI is off,AI is off,Not paired,AI is off,0,0,0
664000,12,0,5,0.46,0.21,0,0,99,1,0,20,False,True,0,0,51,40,29,3.78,AI is off,AI is off,AI is off,AI is off,Not paired,AI is off,0,0,0
666000,11.9,0,5,0.46,0.21,0,0,99,1,0,20,False,True,0,0,51,39,28,3.78,AI is off,AI is off,AI is off,AI is off,Not paired,AI is off,0,0,0
668000,11.9,0,5,0.46,0.21,0,0,99,1,0,20,False,True,0,0,52,40,32,3.78,AI is off,AI is off,AI is off,AI is off,Not paired,AI is off,0,0,0
670000,12,0,5,0.46,0.21,0,0,99,1,0,20,False,True,0,0,51,38,27,3.78,AI is off,AI is off,AI is off,AI is off,Not paired,AI is off,0,0,0
672000,12.1,0,5,0.46,0.21,0,0,99,1,0,20,False,True,0,0,51,38,29,3.78,AI is off,AI is off,AI is off,AI is off,Not paired,AI is off,0,0,0
674000,12.1,0,5,0.46,0.21,0,0,99,1,0,20,False,True,0,0,51,39,27,3.78,AI is off,AI is off,AI is off,AI is off,Not paired,AI is off,0,0,0
676000,12,0,5,0.46,0.21,0,0,99,1,0,20,False,True,0,0,51,40,28,3.78,AI is off,AI is off,AI is off,AI is off,Not paired,AI is off,0,0,0
678000,12,0,5,0.46,0.21,0,0,99,1,0,20,False,True,0,0,52,39,28,3.78,AI is off,AI is off,AI is off,AI is off,Not paired,AI is off,0,0,0
680000,12,0,5,0.46,0.21,0,0,99,1,0,20,False,True,0,0,51,39,28,3.78,AI is off,AI is off,AI is off,AI is off,Not paired,AI is off,0,0,0
682000,12,0,5,0.46,0.21,0,0,99,1,0,20,False,True,0,0,51,39,27,3.78,AI is off,AI is off,AI is off,AI is off,Not paired,AI is off,0,0,0
684000,12.1,0,5,0.46,0.21,0,0,99,1,0,20,False,True,0,0,51,40,27,3.78,AI is off,AI is off,AI is off,AI is off,Not paired,AI is off,0,0,0
686000,12.2,0,5,0.46,0.21,0,0,99,1,0,20,False,True,0,0,51,39,27,3.78,AI is off,AI is off,AI is off,AI is off,Not paired,AI is off,0,0,0
688000,12.2,0,5,0.46,0.21,0,0,99,1,0,20,False,True,0,0,51,39,28,3.78,AI is off,AI is off,AI is off,AI is off,Not paired,AI is off,0,0,0
690000,12.3,0,5,0.46,0.21,0,0,99,1,0,20,False,True,0,0,52,39,27,3.78,AI is off,AI is off,AI is off,AI is off,Not paired,AI is off,0,0,0
692000,12.2,0,5,0.46,0.21,0,0,99,1,0,20,False,True,0,0,52,41,29,3.78,AI is off,AI is off,AI is off,AI is off,Not paired,AI is off,0,0,0
694000,12.3,0,5,0.47,0.21,0,0,99,1,0,20,False,True,0,0,51,39,27,3.78,AI is off,AI is off,AI is off,AI is off,Not paired,AI is off,0,0,0
696000,12.3,0,5,0.47,0.21,0,0,97,1,0,20,False,True,0,0,51,39,28,3.78,AI is off,AI is off,AI is off,AI is off,Not paired,AI is off,0,0,0
698000,12.4,0,5,0.47,0.21,0,0,97,1,0,20,False,True,0,0,52,39,30,3.78,AI is off,AI is off,AI is off,AI is off,Not paired,AI is off,0,0,0
700000,12.4,0,5,0.47,0.21,0,0,97,1,0,20,False,True,0,0,52,39,29,3.78,AI is off,AI is off,AI is off,AI is off,Not paired,AI is off,0,0,0
702000,12.4,0,5,0.47,0.21,0,0,97,1,0,20,False,True,0,0,53,40,32,3.78,AI is off,AI is off,AI is off,AI is off,Not paired,AI is off,0,0,0
704000,12.4,0,5,0.47,0.21,0,0,97,1,0,20,False,True,0,0,53,41,31,3.78,AI is off,AI is off,AI is off,AI is off,Not paired,AI is off,0,0,0
706000,12.4,0,5,0.47,0.21,0,0,97,1,0,20,False,True,0,0,54,41,32,3.78,AI is off,AI is off,AI is off,AI is off,Not paired,AI is off,0,0,0
708000,12.3,0,5,0.47,0.21,0,0,97,1,0,20,False,True,0,0,51,38,27,3.78,AI is off,AI is off,AI is off,AI is off,Not paired,AI is off,0,0,0
710000,12.5,0,5,0.47,0.21,0,0,97,1,0,20,False,True,0,0,53,40,30,3.78,AI is off,AI is off,AI is off,AI is off,Not paired,AI is off,0,0,0
712000,12.6,0,5,0.47,0.21,0,0,97,1,0,20,False,True,0,0,54,41,31,3.78,AI is off,AI is off,AI is off,AI is off,Not paired,AI is off,0,0,0
714000,12.6,0,5,0.47,0.21,0,0,90,1,0,20,False,True,0,0,53,41,31,3.78,AI is off,AI is off,AI is off,AI is off,Not paired,AI is off,0,0,0
716000,12.6,0,5,0.47,0.21,0,0,90,1,0,20,False,True,0,0,52,39,31,3.78,AI is off,AI is off,AI is off,AI is off,Not paired,AI is off,0,0,0
718000,12.7,0,5,0.47,0.21,0,0,90,1,0,20,False,True,0,0,52,39,31,3.78,AI is off,AI is off,AI is off,AI is off,Not paired,AI is off,0,0,0
720000,12.8,0,5,0.48,0.21,0,0,90,1,0,20,False,True,0,0,53,40,30,3.78,AI is off,AI is off,AI is off,AI is off,Not paired,AI is off,0,0,0
722000,12.7,0,5,0.47,0.21,0,0,90,1,0,20,False,True,0,0,51,38,28,3.78,AI is off,AI is off,AI is off,AI is off,Not paired,AI is off,0,0,0
724000,12.5,0,5,0.47,0.21,0,0,91,1,0,20,False,True,0,0,51,39,28,3.78,AI is off,AI is off,AI is off,AI is off,Not paired,AI is off,0,0,0
726000,12.7,0,5,0.47,0.21,0,0,91,1,0,20,False,True,0,0,51,38,28,3.78,AI is off,AI is off,AI is off,AI is off,Not paired,AI is off,0,0,0
728000,12.8,0,5,0.48,0.21,0,0,91,1,0,20,False,True,0,0,50,38,28,3.78,AI is off,AI is off,AI is off,AI is off,Not paired,AI is off,0,0,0
730000,12.8,0,5,0.48,0.21,0,0,86,1,0,20,False,True,0,0,50,38,28,3.78,AI is off,AI is off,AI is off,AI is off,Not paired,AI is off,0,0,0
732000,13,0,5,0.48,0.21,0,0,86,1,0,20,False,True,0,0,51,39,28,3.78,AI is off,AI is off,AI is off,AI is off,Not paired,AI is off,0,0,0
734000,13.1,0,5,0.48,0.21,0,0,86,1,0,20,False,True,0,0,51,38,28,3.78,AI is off,AI is off,AI is off,AI is off,Not paired,AI is off,0,0,0
736000,13.3,0,5,0.49,0.21,0,0,86,1,0,20,False,True,0,0,53,41,31,3.78,AI is off,AI is off,AI is off,AI is off,Not paired,AI is off,0,0,0
738000,13.3,0,5,0.49,0.21,0,0,86,1,0,20,False,True,0,0,52,38,29,3.78,AI is off,AI is off,AI is off,AI is off,Not paired,AI is off,0,0,0
740000,13.4,0,5,0.49,0.21,0,0,86,1,0,20,False,True,0,0,52,40,31,3.78,AI is off,AI is off,AI is off,AI is off,Not paired,AI is off,0,0,0
742000,13.6,0,5,0.49,0.21,0,0,76,1,0,20,False,True,0,0,53,39,30,3.78,AI is off,AI is off,AI is off,AI is off,Not paired,AI is off,0,0,0
744000,13.7,0,5,0.49,0.21,0,0,76,1,0,20,False,True,0,0,52,40,29,3.78,AI is off,AI is off,AI is off,AI is off,Not paired,AI is off,0,0,0
746000,13.6,0,5,0.49,0.21,0,0,72,1,0,20,False,True,0,0,53,41,29,3.78,AI is off,AI is off,AI is off,AI is off,Not paired,AI is off,0,0,0
748000,13.5,0,5,0.49,0.21,0,0,72,1,0,20,False,True,0,0,54,41,30,3.78,AI is off,AI is off,AI is off,AI is off,Not paired,AI is off,0,0,0
750000,13.6,0,5,0.49,0.21,0,0,72,1,0,20,False,True,0,0,54,41,31,3.78,AI is off,AI is off,AI is off,AI is off,Not paired,AI is off,0,0,0
752000,13.5,0,5,0.49,0.21,0,0,72,1,0,20,False,True,0,0,51,39,27,3.78,AI is off,AI is off,AI is off,AI is off,Not paired,AI is off,0,0,0
754000,13.4,0,5,0.49,0.21,0,0,72,1,0,20,False,True,0,0,51,39,28,3.78,AI is off,AI is off,AI is off,AI is off,Not paired,AI is off,0,0,0
756000,13,0,5,0.48,0.21,0,0,82,1,0,20,False,True,0,0,52,40,29,3.78,AI is off,AI is off,AI is off,AI is off,Not paired,AI is off,0,0,0
758000,12.7,0,5,0.47,0.21,0,0,82,1,0,20,False,True,0,0,52,41,29,3.78,AI is off,AI is off,AI is off,AI is off,Not paired,AI is off,0,0,0
760000,12.5,0,5,0.47,0.21,0,0,82,1,0,20,False,True,0,0,51,39,27,3.78,AI is off,AI is off,AI is off,AI is off,Not paired,AI is off,0,0,0
762000,12.2,0,5,0.46,0.21,0,0,97,1,0,20,False,True,0,0,52,40,29,3.78,AI is off,AI is off,AI is off,AI is off,Not paired,AI is off,0,0,0
764000,12.2,0,5,0.46,0.21,0,0,97,1,0,20,False,True,0,0,51,38,29,3.78,AI is off,AI is off,AI is off,AI is off,Not paired,AI is off,0,0,0
766000,12.3,0,5,0.47,0.21,0,0,97,1,0,20,False,True,0,0,52,40,31,3.78,AI is off,AI is off,AI is off,AI is off,Not paired,AI is off,0,0,0
768000,12.4,0,5,0.47,0.21,0,0,97,1,0,20,False,True,0,0,51,39,28,3.78,AI is off,AI is off,AI is off,AI is off,Not paired,AI is off,0,0,0
770000,12.6,0,5,0.47,0.21,0,0,97,1,0,20,False,True,0,0,52,38,29,3.78,AI is off,AI is off,AI is off,AI is off,Not paired,AI is off,0,0,0
772000,12.6,0,5,0.47,0.21,0,0,97,1,0,20,False,True,0,0,53,39,30,3.78,AI is off,AI is off,AI is off,AI is off,Not paired,AI is off,0,0,0
774000,12.6,0,5,0.47,0.21,0,0,89,1,0,20,False,True,0,0,51,39,27,3.78,AI is off,AI is off,AI is off,AI is off,Not paired,AI is off,0,0,0
776000,12.6,0,5,0.47,0.21,0,0,89,1,0,20,False,True,0,0,51,39,29,3.78,AI is off,AI is off,AI is off,AI is off,Not paired,AI is off,0,0,0
778000,12.4,0,5,0.47,0.21,0,0,89,1,0,20,False,True,0,0,53,39,30,3.78,AI is off,AI is off,AI is off,AI is off,Not paired,AI is off,0,0,0
780000,12.3,0,5,0.47,0.21,0,0,93,1,0,20,False,True,0,0,52,40,31,3.78,AI is off,AI is off,AI is off,AI is off,Not paired,AI is off,0,0,0
782000,12.2,0,5,0.46,0.21,0,0,93,1,0,20,False,True,0,0,52,39,29,3.78,AI is off,AI is off,AI is off,AI is off,Not paired,AI is off,0,0,0
784000,12.2,0,5,0.46,0.21,0,0,93,1,0,20,False,True,0,0,52,39,30,3.78,AI is off,AI is off,AI is off,AI is off,Not paired,AI is off,0,0,0
786000,12.3,0,5,0.47,0.21,0,0,93,1,0,20,False,True,0,0,51,40,30,3.78,AI is off,AI is off,AI is off,AI is off,Not paired,AI is off,0,0,0
788000,12.4,0,5,0.47,0.21,0,0,94,1,0,20,False,True,0,0,52,41,30,3.78,AI is off,AI is off,AI is off,AI is off,Not paired,AI is off,0,0,0
790000,12.3,0,5,0.47,0.21,0,0,94,1,0,20,False,True,0,0,52,40,28,3.78,AI is off,AI is off,AI is off,AI is off,Not paired,AI is off,0,0,0
792000,12.3,0,5,0.47,0.21,0,0,94,1,0,20,False,True,0,0,52,39,29,3.78,AI is off,AI is off,AI is off,AI is off,Not paired,AI is off,0,0,0
794000,12.3,0,5,0.47,0.21,0,0,95,1,0,20,False,True,0,0,52,39,30,3.78,AI is off,AI is off,AI is off,AI is off,Not paired,AI is off,0,0,0
796000,12.3,0,5,0.46,0.21,0,0,95,1,0,20,False,True,0,0,52,39,29,3.78,AI is off,AI is off,AI is off,AI is off,Not paired,AI is off,0,0,0
798000,12.3,0,5,0.47,0.21,0,0,95,1,0,20,False,True,0,0,52,40,30,3.78,AI is off,AI is off,AI is off,AI is off,Not paired,AI is off,0,0,0
800000,12.3,0,5,0.47,0.21,0,0,95,1,0,20,False,True,0,0,52,39,30,3.78,AI is off,AI is off,AI is off,AI is off,Not paired,AI is off,0,0,0
802000,12.4,0,5,0.47,0.21,0,0,95,1,0,20,False,True,0,0,53,40,32,3.78,AI is off,AI is off,AI is off,AI is off,Not paired,AI is off,0,0,0
804000,12.4,0,5,0.47,0.21,0,0,93,1,0,20,False,True,0,0,51,40,29,3.78,AI is off,AI is off,AI is off,AI is off,Not paired,AI is off,0,0,0
806000,12.4,0,5,0.47,0.21,0,0,93,1,0,20,False,True,0,0,51,39,29,3.78,AI is off,AI is off,AI is off,AI is off,Not paired,AI is off,0,0,0
808000,12.4,0,5,0.47,0.21,0,0,93,1,0,20,False,True,0,0,51,39,28,3.78,AI is off,AI is off,AI is off,AI is off,Not paired,AI is off,0,0,0
810000,12.4,0,5,0.47,0.21,0,0,93,1,0,20,False,True,0,0,52,40,29,3.78,AI is off,AI is off,AI is off,AI is off,Not paired,AI is off,0,0,0
812000,12.4,0,5,0.47,0.21,0,0,93,1,0,20,False,True,0,0,51,39,28,3.78,AI is off,AI is off,AI is off,AI is off,Not paired,AI is off,0,0,0
814000,12.5,0,5,0.47,0.21,0,0,93,1,0,20,False,True,0,0,51,40,29,3.78,AI is off,AI is off,AI is off,AI is off,Not paired,AI is off,0,0,0
816000,12.7,0,5,0.47,0.21,0,0,88,1,0,20,False,True,0,0,52,40,29,3.78,AI is off,AI is off,AI is off,AI is off,Not paired,AI is off,0,0,0
818000,12.7,0,5,0.47,0.21,0,0,88,1,0,20,False,True,0,0,51,39,29,3.78,AI is off,AI is off,AI is off,AI is off,Not paired,AI is off,0,0,0
820000,12.8,0,5,0.48,0.21,0,0,88,1,0,20,False,True,0,0,51,39,28,3.78,AI is off,AI is off,AI is off,AI is off,Not paired,AI is off,0,0,0
822000,12.7,0,5,0.47,0.21,0,0,88,1,0,20,False,True,0,0,52,40,29,3.78,AI is off,AI is off,AI is off,AI is off,Not paired,AI is off,0,0,0
824000,12.7,0,5,0.47,0.21,0,0,88,1,0,20,False,True,0,0,52,41,29,3.78,AI is off,AI is off,AI is off,AI is off,Not paired,AI is off,0,0,0
826000,12.8,0,5,0.48,0.21,0,0,85,1,0,20,False,True,0,0,53,41,30,3.78,AI is off,AI is off,AI is off,AI is off,Not paired,AI is off,0,0,0
828000,12.8,0,5,0.48,0.21,0,0,85,1,0,20,False,True,0,0,52,39,28,3.78,AI is off,AI is off,AI is off,AI is off,Not paired,AI is off,0,0,0
830000,12.8,0,5,0.48,0.21,0,0,85,1,0,20,False,True,0,0,52,39,29,3.78,AI is off,AI is off,AI is off,AI is off,Not paired,AI is off,0,0,0
832000,12.9,0,5,0.48,0.21,0,0,83,1,0,20,False,True,0,0,51,38,28,3.78,AI is off,AI is off,AI is off,AI is off,Not paired,AI is off,0,0,0
834000,12.9,0,5,0.48,0.21,0,0,83,1,0,20,False,True,0,0,52,40,30,3.78,AI is off,AI is off,AI is off,AI is off,Not paired,AI is off,0,0,0
836000,12.8,0,5,0.48,0.21,0,0,83,1,0,20,False,True,0,0,51,40,29,3.78,AI is off,AI is off,AI is off,AI is off,Not paired,AI is off,0,0,0
838000,12.9,0,5,0.48,0.21,0,0,83,1,0,20,False,True,0,0,51,40,30,3.78,AI is off,AI is off,AI is off,AI is off,Not paired,AI is off,0,0,0
840000,12.9,0,5,0.48,0.21,0,0,83,1,0,20,False,True,0,0,52,39,30,3.78,AI is off,AI is off,AI is off,AI is off,Not paired,AI is off,0,0,0
842000,12.9,0,5,0.48,0.21,0,0,83,1,0,20,False,True,0,0,52,40,31,3.78,AI is off,AI is off,AI is off,AI is off,Not paired,AI is off,0,0,0
844000,13,0,5,0.48,0.21,0,0,82,1,0,20,False,True,0,0,52,40,31,3.78,AI is off,AI is off,AI is off,AI is off,Not paired,AI is off,0,0,0
846000,13,0,5,0.48,0.21,0,0,82,1,0,20,False,True,0,0,52,40,30,3.78,AI is off,AI is off,AI is off,AI is off,Not paired,AI is off,0,0,0
848000,12.9,0,5,0.48,0.21,0,0,82,1,0,20,False,True,0,0,51,38,27,3.78,AI is off,AI is off,AI is off,AI is off,Not paired,AI is off,0,0,0
850000,12.9,0,5,0.48,0.21,0,0,82,1,0,20,False,True,0,0,52,40,31,3.78,AI is off,AI is off,AI is off,AI is off,Not paired,AI is off,0,0,0
852000,13,0,5,0.48,0.21,0,0,82,1,0,20,False,True,0,0,51,39,28,3.78,AI is off,AI is off,AI is off,AI is off,Not paired,AI is off,0,0,0
854000,13,0,5,0.48,0.21,0,0,82,1,0,20,False,True,0,0,52,41,30,3.78,AI is off,AI is off,AI is off,AI is off,Not paired,AI is off,0,0,0
856000,12.9,0,5,0.48,0.21,0,0,82,1,0,20,False,True,0,0,52,41,29,3.78,AI is off,AI is off,AI is off,AI is off,Not paired,AI is off,0,0,0
858000,12.9,0,5,0.48,0.21,0,0,82,1,0,20,False,True,0,0,54,41,28,3.78,AI is off,AI is off,AI is off,AI is off,Not paired,AI is off,0,0,0
860000,12.9,0,5,0.48,0.21,0,0,83,1,0,20,False,True,0,0,52,40,29,3.78,AI is off,AI is off,AI is off,AI is off,Not paired,AI is off,0,0,0
862000,13,0,5,0.48,0.21,0,0,83,1,0,20,False,True,0,0,52,39,28,3.78,AI is off,AI is off,AI is off,AI is off,Not paired,AI is off,0,0,0
864000,13.1,0,5,0.48,0.21,0,0,83,1,0,20,False,True,0,0,51,39,27,3.78,AI is off,AI is off,AI is off,AI is off,Not paired,AI is off,0,0,0
866000,13.1,0,5,0.48,0.21,0,0,78,1,0,20,False,True,0,0,52,40,30,3.78,AI is off,AI is off,AI is off,AI is off,Not paired,AI is off,0,0,0
868000,13.2,0,5,0.48,0.21,0,0,78,1,0,20,False,True,0,0,53,40,29,3.78,AI is off,AI is off,AI is off,AI is off,Not paired,AI is off,0,0,0
870000,13.2,0,5,0.48,0.21,0,0,78,1,0,20,False,True,0,0,53,40,28,3.78,AI is off,AI is off,AI is off,AI is off,Not paired,AI is off,0,0,0
872000,13.3,0,5,0.49,0.21,0,0,78,1,0,20,False,True,0,0,52,40,29,3.78,AI is off,AI is off,AI is off,AI is off,Not paired,AI is off,0,0,0
874000,13.3,0,5,0.49,0.21,0,0,78,1,0,20,False,True,0,0,52,40,28,3.78,AI is off,AI is off,AI is off,AI is off,Not paired,AI is off,0,0,0
876000,13.1,0,5,0.48,0.21,0,0,76,1,0,20,False,True,0,0,54,42,30,3.78,AI is off,AI is off,AI is off,AI is off,Not paired,AI is off,0,0,0
878000,12.9,0,5,0.48,0.21,0,0,76,1,0,20,False,True,0,0,54,41,30,3.78,AI is off,AI is off,AI is off,AI is off,Not paired,AI is off,0,0,0
880000,12.9,0,5,0.48,0.21,0,0,76,1,0,20,False,True,0,0,53,40,29,3.78,AI is off,AI is off,AI is off,AI is off,Not paired,AI is off,0,0,0
882000,12.7,0,5,0.47,0.21,0,0,82,1,0,20,False,True,0,0,53,42,30,3.78,AI is off,AI is off,AI is off,AI is off,Not paired,AI is off,0,0,0
884000,12.7,0,5,0.47,0.21,0,0,82,1,0,20,False,True,0,0,54,42,30,3.78,AI is off,AI is off,AI is off,AI is off,Not paired,AI is off,0,0,0
886000,12.5,0,5,0.47,0.21,0,0,89,1,0,20,False,True,0,0,53,41,30,3.78,AI is off,AI is off,AI is off,AI is off,Not paired,AI is off,0,0,0
888000,12.6,0,5,0.47,0.21,0,0,89,1,0,20,False,True,0,0,52,41,30,3.78,AI is off,AI is off,AI is off,AI is off,Not paired,AI is off,0,0,0
890000,12.5,0,5,0.47,0.21,0,0,89,1,0,20,False,True,0,0,53,42,31,3.78,AI is off,AI is off,AI is off,AI is off,Not paired,AI is off,0,0,0
892000,12.6,0,5,0.47,0.21,0,0,89,1,0,20,False,True,0,0,54,41,30,3.78,AI is off,AI is off,AI is off,AI is off,Not paired,AI is off,0,0,0
894000,12.4,0,5,0.47,0.21,0,0,89,1,0,20,False,True,0,0,55,41,32,3.78,AI is off,AI is off,AI is off,AI is off,Not paired,AI is off,0,0,0
896000,12.3,0,5,0.46,0.21,0,0,89,1,0,20,False,True,0,0,55,43,33,3.78,AI is off,AI is off,AI is off,AI is off,Not paired,AI is off,0,0,0
898000,12.2,0,5,0.46,0.21,0,0,95,1,0,20,False,True,0,0,53,42,30,3.78,AI is off,AI is off,AI is off,AI is off,Not paired,AI is off,0,0,0
900000,12.2,0,5,0.46,0.21,0,0,95,1,0,20,False,True,0,0,55,43,34,3.78,AI is off,AI is off,AI is off,AI is off,Not paired,AI is off,0,0,0
902000,12.1,0,5,0.46,0.21,0,0,95,1,0,20,False,True,0,0,53,40,29,3.78,AI is off,AI is off,AI is off,AI is off,Not paired,AI is off,0,0,0
904000,12.1,0,5,0.46,0.21,0,0,99,1,0,20,False,True,0,0,54,41,30,3.78,AI is off,AI is off,AI is off,AI is off,Not paired,AI is off,0,0,0
906000,12.1,0,5,0.46,0.21,0,0,99,1,0,20,False,True,0,0,51,39,28,3.78,AI is off,AI is off,AI is off,AI is off,Not paired,AI is off,0,0,0
908000,12.1,0,5,0.46,0.21,0,0,99,1,0,20,False,True,0,0,52,40,29,3.78,AI is off,AI is off,AI is off,AI is off,Not paired,AI is off,0,0,0
910000,12.1,0,5,0.46,0.21,0,0,99,1,0,20,False,True,0,0,53,42,30,3.78,AI is off,AI is off,AI is off,AI is off,Not paired,AI is off,0,0,0
912000,12.2,0,5,0.46,0.21,0,0,99,1,0,20,False,True,0,0,54,42,30,3.78,AI is off,AI is off,AI is off,AI is off,Not paired,AI is off,0,0,0
914000,12.2,0,5,0.46,0.21,0,0,98,1,0,20,False,True,0,0,53,41,30,3.78,AI is off,AI is off,AI is off,AI is off,Not paired,AI is off,0,0,0
916000,12.1,0,5,0.46,0.21,0,0,98,1,0,20,False,True,0,0,54,41,30,3.78,AI is off,AI is off,AI is off,AI is off,Not paired,AI is off,0,0,0
918000,12.2,0,5,0.46,0.21,0,0,98,1,0,20,False,True,0,0,53,42,30,3.78,AI is off,AI is off,AI is off,AI is off,Not paired,AI is off,0,0,0
920000,12.2,0,5,0.46,0.21,0,0,97,1,0,20,False,True,0,0,53,41,31,3.78,AI is off,AI is off,AI is off,AI is off,Not paired,AI is off,0,0,0
922000,12.3,0,5,0.46,0.21,0,0,97,1,0,20,False,True,0,0,53,41,29,3.78,AI is off,AI is off,AI is off,AI is off,Not paired,AI is off,0,0,0
924000,12.3,0,5,0.46,0.21,0,0,97,1,0,20,False,True,0,0,52,40,31,3.78,AI is off,AI is off,AI is off,AI is off,Not paired,AI is off,0,0,0
926000,12.5,0,5,0.47,0.21,0,0,97,1,0,20,False,True,0,0,51,39,27,3.78,AI is off,AI is off,AI is off,AI is off,Not paired,AI is off,0,0,0
928000,12.3,0,5,0.47,0.21,0,0,97,1,0,20,False,True,0,0,52,40,29,3.78,AI is off,AI is off,AI is off,AI is off,Not paired,AI is off,0,0,0
930000,12.2,0,5,0.46,0.21,0,0,97,1,0,20,False,True,0,0,53,40,29,3.78,AI is off,AI is off,AI is off,AI is off,Not paired,AI is off,0,0,0
932000,12.3,0,5,0.46,0.21,0,0,95,1,0,20,False,True,0,0,52,40,29,3.78,AI is off,AI is off,AI is off,AI is off,Not paired,AI is off,0,0,0
934000,12.3,0,5,0.46,0.21,0,0,95,1,0,20,False,True,0,0,52,39,28,3.78,AI is off,AI is off,AI is off,AI is off,Not paired,AI is off,0,0,0
936000,12.2,0,5,0.46,0.21,0,0,95,1,0,20,False,True,0,0,54,43,33,3.78,AI is off,AI is off,AI is off,AI is off,Not paired,AI is off,0,0,0
938000,12.1,0,5,0.46,0.21,0,0,95,1,0,20,False,True,0,0,52,40,29,3.78,AI is off,AI is off,AI is off,AI is off,Not paired,AI is off,0,0,0
940000,12,0,5,0.46,0.21,0,0,95,1,0,20,False,True,0,0,52,39,28,3.78,AI is off,AI is off,AI is off,AI is off,Not paired,AI is off,0,0,0
942000,12,0,5,0.46,0.21,0,0,95,1,0,20,False,True,0,0,52,39,28,3.78,AI is off,AI is off,AI is off,AI is off,Not paired,AI is off,0,0,0
944000,12,0,5,0.46,0.21,0,0,95,1,0,20,False,True,0,0,51,40,31,3.78,AI is off,AI is off,AI is off,AI is off,Not paired,AI is off,0,0,0
946000,12.1,0,5,0.46,0.21,0,0,99,1,0,20,False,True,0,0,52,39,28,3.78,AI is off,AI is off,AI is off,AI is off,Not paired,AI is off,0,0,0
948000,12.1,0,5,0.46,0.21,0,0,99,1,0,20,False,True,0,0,52,40,30,3.78,AI is off,AI is off,AI is off,AI is off,Not paired,AI is off,0,0,0
950000,12.2,0,5,0.46,0.21,0,0,99,1,0,20,False,True,0,0,53,40,29,3.78,AI is off,AI is off,AI is off,AI is off,Not paired,AI is off,0,0,0
952000,12.2,0,5,0.46,0.21,0,0,95,1,0,20,False,True,0,0,53,40,29,3.78,AI is off,AI is off,AI is off,AI is off,Not paired,AI is off,0,0,0
954000,12,0,5,0.46,0.21,0,0,95,1,0,20,False,True,0,0,53,40,29,3.78,AI is off,AI is off,AI is off,AI is off,Not paired,AI is off,0,0,0
956000,12,0,5,0.46,0.21,0,0,95,1,0,20,False,True,0,0,53,41,30,3.78,AI is off,AI is off,AI is off,AI is off,Not paired,AI is off,0,0,0
958000,12.2,0,5,0.46,0.21,0,0,95,1,0,20,False,True,0,0,52,40,29,3.78,AI is off,AI is off,AI is off,AI is off,Not paired,AI is off,0,0,0
960000,12.2,0,5,0.46,0.21,0,0,95,1,0,20,False,True,0,0,52,40,28,3.78,AI is off,AI is off,AI is off,AI is off,Not paired,AI is off,0,0,0
962000,12.2,0,5,0.46,0.21,0,0,95,1,0,20,False,True,0,0,52,40,32,3.78,AI is off,AI is off,AI is off,AI is off,Not paired,AI is off,0,0,0
964000,12.2,0,5,0.46,0.21,0,0,96,1,0,20,False,True,0,0,52,41,30,3.78,AI is off,AI is off,AI is off,AI is off,Not paired,AI is off,0,0,0
966000,12.2,0,5,0.46,0.21,0,0,96,1,0,20,False,True,0,0,52,39,30,3.78,AI is off,AI is off,AI is off,AI is off,Not paired,AI is off,0,0,0
968000,12.2,0,5,0.46,0.21,0,0,96,1,0,20,False,True,0,0,52,39,30,3.78,AI is off,AI is off,AI is off,AI is off,Not paired,AI is off,0,0,0
970000,12.2,0,5,0.46,0.21,0,0,96,1,0,20,False,True,0,0,53,39,30,3.78,AI is off,AI is off,AI is off,AI is off,Not paired,AI is off,0,0,0
972000,12.1,0,5,0.46,0.21,0,0,96,1,0,20,False,True,0,0,53,39,31,3.78,AI is off,AI is off,AI is off,AI is off,Not paired,AI is off,0,0,0
974000,11.9,0,5,0.46,0.21,0,0,96,1,0,20,False,True,0,0,52,39,30,3.78,AI is off,AI is off,AI is off,AI is off,Not paired,AI is off,0,0,0
976000,11.9,0,5,0.46,0.21,0,0,96,1,0,20,False,True,0,0,52,39,30,3.78,AI is off,AI is off,AI is off,AI is off,Not paired,AI is off,0,0,0
978000,11.8,0,5,0.45,0.21,0,0,96,1,0,20,False,True,0,0,52,38,29,3.78,AI is off,AI is off,AI is off,AI is off,Not paired,AI is off,0,0,0
980000,11.7,0,5,0.45,0.21,0,0,99,1,0,20,False,True,0,0,52,39,30,3.78,AI is off,AI is off,AI is off,AI is off,Not paired,AI is off,0,0,0
982000,11.8,0,5,0.46,0.21,0,0,99,1,0,20,False,True,0,0,52,39,30,3.78,AI is off,AI is off,AI is off,AI is off,Not paired,AI is off,0,0,0
984000,11.9,0,5,0.46,0.21,0,0,99,1,0,20,False,True,0,0,53,39,30,3.78,AI is off,AI is off,AI is off,AI is off,Not paired,AI is off,0,0,0
986000,11.9,0,5,0.46,0.21,0,0,99,1,0,20,False,True,0,0,52,39,30,3.78,AI is off,AI is off,AI is off,AI is off,Not paired,AI is off,0,0,0
988000,11.8,0,5,0.46,0.21,0,0,99,1,0,20,False,True,0,0,53,39,30,3.78,AI is off,AI is off,AI is off,AI is off,Not paired,AI is off,0,0,0
990000,11.7,0,5,0.45,0.21,0,0,99,1,0,20,False,True,0,0,52,40,31,3.78,AI is off,AI is off,AI is off,AI is off,Not paired,AI is off,0,0,0
992000,11.7,0,5,0.45,0.21,0,0,99,1,0,20,False,True,0,0,52,39,31,3.78,AI is off,AI is off,AI is off,AI is off,Not paired,AI is off,0,0,0
994000,11.7,0,5,0.45,0.21,0,0,99,1,0,20,False,True,0,0,52,39,30,3.78,AI is off,AI is off,AI is off,AI is off,Not paired,AI is off,0,0,0
996000,11.8,0,5,0.45,0.21,0,0,99,1,0,20,False,True,0,0,52,39,30,3.78,AI is off,AI is off,AI is off,AI is off,Not paired,AI is off,0,0,0
998000,12,0,5,0.46,0.21,0,0,99,1,0,20,False,True,0,0,51,39,27,3.78,AI is off,AI is off,AI is off,AI is off,Not paired,AI is off,0,0,0
1000000,11.9,0,5,0.46,0.21,0,0,99,1,0,20,False,True,0,0,52,39,29,3.78,AI is off,AI is off,AI is off,AI is off,Not paired,AI is off,0,0,0
1002000,11.9,0,5,0.46,0.21,0,0,99,1,0,20,False,True,0,0,52,40,32,3.78,AI is off,AI is off,AI is off,AI is off,Not paired,AI is off,0,0,0
1004000,12,0,5,0.46,0.21,0,0,99,1,0,20,False,True,0,0,52,39,30,3.78,AI is off,AI is off,AI is off,AI is off,Not paired,AI is off,0,0,0
1006000,12,0,5,0.46,0.21,0,0,99,1,0,20,False,True,0,0,52,39,31,3.78,AI is off,AI is off,AI is off,AI is off,Not paired,AI is off,0,0,0
1008000,11.9,0,5,0.46,0.21,0,0,99,1,0,20,False,True,0,0,52,39,29,3.78,AI is off,AI is off,AI is off,AI is off,Not paired,AI is off,0,0,0
1010000,11.9,0,5,0.46,0.21,0,0,99,1,0,20,False,True,0,0,52,39,30,3.78,AI is off,AI is off,AI is off,AI is off,Not paired,AI is off,0,0,0
1012000,11.8,0,5,0.46,0.21,0,0,99,1,0,20,False,True,0,0,51,40,29,3.78,AI is off,AI is off,AI is off,AI is off,Not paired,AI is off,0,0,0
1014000,11.9,0,5,0.46,0.21,0,0,99,1,0,20,False,True,0,0,52,40,29,3.78,AI is off,AI is off,AI is off,AI is off,Not paired,AI is off,0,0,0
1016000,11.7,0,5,0.45,0.21,0,0,99,1,0,20,False,True,0,0,52,39,28,3.78,AI is off,AI is off,AI is off,AI is off,Not paired,AI is off,0,0,0
1018000,11.6,0,5,0.45,0.21,0,0,99,1,0,20,False,True,0,0,52,39,29,3.78,AI is off,AI is off,AI is off,AI is off,Not paired,AI is off,0,0,0
1020000,11.7,0,5,0.45,0.21,0,0,99,1,0,20,False,True,0,0,52,39,29,3.78,AI is off,AI is off,AI is off,AI is off,Not paired,AI is off,0,0,0
1022000,11.7,0,5,0.45,0.21,0,0,99,1,0,20,False,True,0,0,52,39,30,3.78,AI is off,AI is off,AI is off,AI is off,Not paired,AI is off,0,0,0
1024000,11.6,0,5,0.45,0.21,0,0,99,1,0,20,False,True,0,0,52,39,30,3.78,AI is off,AI is off,AI is off,AI is off,Not paired,AI is off,0,0,0
1026000,11.5,0,5,0.45,0.21,0,0,99,1,0,20,False,True,0,0,52,40,31,3.78,AI is off,AI is off,AI is off,AI is off,Not paired,AI is off,0,0,0
1028000,11.6,0,5,0.45,0.21,0,0,99,1,0,20,False,True,0,0,51,39,28,3.78,AI is off,AI is off,AI is off,AI is off,Not paired,AI is off,0,0,0
1030000,11.6,0,5,0.45,0.21,0,0,99,1,0,20,False,True,0,0,52,41,31,3.78,AI is off,AI is off,AI is off,AI is off,Not paired,AI is off,0,0,0
1032000,11.6,0,5,0.45,0.21,0,0,99,1,0,20,False,True,0,0,52,40,31,3.78,AI is off,AI is off,AI is off,AI is off,Not paired,AI is off,0,0,0
1034000,11.6,0,5,0.45,0.21,0,0,99,1,0,20,False,True,0,0,52,40,31,3.78,AI is off,AI is off,AI is off,AI is off,Not paired,AI is off,0,0,0
1036000,11.7,0,5,0.45,0.21,0,0,99,1,0,20,False,True,0,0,52,40,29,3.78,AI is off,AI is off,AI is off,AI is off,Not paired,AI is off,0,0,0
1038000,11.6,0,5,0.45,0.21,0,0,99,1,0,20,False,True,0,0,52,39,30,3.78,AI is off,AI is off,AI is off,AI is off,Not paired,AI is off,0,0,0
1040000,11.8,0,5,0.45,0.21,0,0,99,1,0,20,False,True,0,0,53,40,30,3.78,AI is off,AI is off,AI is off,AI is off,Not paired,AI is off,0,0,0
1042000,11.8,0,5,0.46,0.21,0,0,99,1,0,20,False,True,0,0,53,40,30,3.78,AI is off,AI is off,AI is off,AI is off,Not paired,AI is off,0,0,0
1044000,11.8,0,5,0.46,0.21,0,0,99,1,0,20,False,True,0,0,51,39,28,3.78,AI is off,AI is off,AI is off,AI is off,Not paired,AI is off,0,0,0
1046000,11.9,0,5,0.46,0.21,0,0,99,1,0,20,False,True,0,0,51,38,28,3.78,AI is off,AI is off,AI is off,AI is off,Not paired,AI is off,0,0,0
1048000,11.8,0,5,0.46,0.21,0,0,99,1,0,20,False,True,0,0,52,39,30,3.78,AI is off,AI is off,AI is off,AI is off,Not paired,AI is off,0,0,0
1050000,11.6,0,5,0.45,0.21,0,0,99,1,0,20,False,True,0,0,50,39,28,3.78,AI is off,AI is off,AI is off,AI is off,Not paired,AI is off,0,0,0
1052000,11.5,0,5,0.45,0.21,0,0,99,1,0,20,False,True,0,0,52,40,31,3.78,AI is off,AI is off,AI is off,AI is off,Not paired,AI is off,0,0,0
1054000,11.3,0,5,0.44,0.21,0,0,99,1,0,20,False,True,0,0,51,40,29,3.78,AI is off,AI is off,AI is off,AI is off,Not paired,AI is off,0,0,0
1056000,11.2,0,5,0.44,0.21,0,0,99,1,0,20,False,True,0,0,52,39,30,3.78,AI is off,AI is off,AI is off,AI is off,Not paired,AI is off,0,0,0
1058000,11.1,0,5,0.44,0.21,0,0,99,1,0,20,False,True,0,0,52,40,30,3.78,AI is off,AI is off,AI is off,AI is off,Not paired,AI is off,0,0,0
1060000,11.1,0,5,0.44,0.21,0,0,99,1,0,20,False,True,0,0,52,39,29,3.78,AI is off,AI is off,AI is off,AI is off,Not paired,AI is off,0,0,0
1062000,11.2,0,5,0.44,0.21,0,0,99,1,0,20,False,True,0,0,50,38,27,3.78,AI is off,AI is off,AI is off,AI is off,Not paired,AI is off,0,0,0
1064000,11.2,0,5,0.44,0.21,0,0,99,1,0,20,False,True,0,0,51,40,30,3.78,AI is off,AI is off,AI is off,AI is off,Not paired,AI is off,0,0,0
1066000,11.3,0,5,0.44,0.21,0,0,99,1,0,20,False,True,0,0,52,40,29,3.78,AI is off,AI is off,AI is off,AI is off,Not paired,AI is off,0,0,0
1068000,11.1,0,5,0.44,0.21,0,0,99,1,0,20,False,True,0,0,52,40,31,3.78,AI is off,AI is off,AI is off,AI is off,Not paired,AI is off,0,0,0
1070000,11.1,0,5,0.44,0.21,0,0,99,1,0,20,False,True,0,0,52,39,30,3.78,AI is off,AI is off,AI is off,AI is off,Not paired,AI is off,0,0,0
1072000,11.1,0,5,0.44,0.21,0,0,99,1,0,20,False,True,0,0,52,40,31,3.78,AI is off,AI is off,AI is off,AI is off,Not paired,AI is off,0,0,0
1074000,11.2,0,5,0.44,0.21,0,0,99,1,0,20,False,True,0,0,52,40,30,3.78,AI is off,AI is off,AI is off,AI is off,Not paired,AI is off,0,0,0
1076000,11.2,0,5,0.44,0.21,0,0,99,1,0,20,False,True,0,0,52,39,31,3.78,AI is off,AI is off,AI is off,AI is off,Not paired,AI is off,0,0,0
1078000,11.2,0,5,0.44,0.21,0,0,99,1,0,20,False,True,0,0,51,38,27,3.78,AI is off,AI is off,AI is off,AI is off,Not paired,AI is off,0,0,0
1080000,11.2,0,5,0.44,0.21,0,0,99,1,0,20,False,True,0,0,52,40,30,3.78,AI is off,AI is off,AI is off,AI is off,Not paired,AI is off,0,0,0
1082000,11.1,0,5,0.44,0.21,0,0,99,1,0,20,False,True,0,0,53,40,31,3.78,AI is off,AI is off,AI is off,AI is off,Not paired,AI is off,0,0,0
1084000,11.1,0,5,0.44,0.21,0,0,99,1,0,20,False,True,0,0,52,40,30,3.78,AI is off,AI is off,AI is off,AI is off,Not paired,AI is off,0,0,0
1086000,11.2,0,5,0.44,0.21,0,0,99,1,0,20,False,True,0,0,51,39,29,3.78,AI is off,AI is off,AI is off,AI is off,Not paired,AI is off,0,0,0
1088000,11,0,5,0.44,0.21,0,0,99,1,0,20,False,True,0,0,51,40,28,3.78,AI is off,AI is off,AI is off,AI is off,Not paired,AI is off,0,0,0
1090000,10.9,0,5,0.44,0.21,0,0,99,1,0,20,False,True,0,0,53,41,30,3.78,AI is off,AI is off,AI is off,AI is off,Not paired,AI is off,0,0,0
1092000,10.9,0,5,0.44,0.21,0,0,99,1,0,20,False,True,0,0,52,39,28,3.78,AI is off,AI is off,AI is off,AI is off,Not paired,AI is off,0,0,0
1094000,10.7,0,5,0.43,0.21,0,0,99,1,0,20,False,True,0,0,52,39,29,3.78,AI is off,AI is off,AI is off,AI is off,Not paired,AI is off,0,0,0
1096000,10.4,0,5,0.43,0.21,0,0,99,1,0,20,False,True,0,0,53,39,30,3.78,AI is off,AI is off,AI is off,AI is off,Not paired,AI is off,0,0,0
1098000,10,0,4,0.42,0.21,0,0,99,1,0,20,False,True,0,0,54,39,30,3.78,AI is off,AI is off,AI is off,AI is off,Not paired,AI is off,0,0,0
1100000,9.5,0,4,0.41,0.21,0,0,99,1,0,20,False,True,0,0,54,42,31,3.78,AI is off,AI is off,AI is off,AI is off,Not paired,AI is off,0,0,0
1102000,9.400001,0,4,0.41,0.21,0,0,99,1,0,20,False,True,0,0,52,40,28,3.78,AI is off,AI is off,AI is off,AI is off,Not paired,AI is off,0,0,0
1104000,9.2,0,4,0.4,0.21,0,0,99,1,0,20,False,True,0,0,52,39,28,3.78,AI is off,AI is off,AI is off,AI is off,Not paired,AI is off,0,0,0
1106000,8.8,0,4,0.39,0.21,0,0,99,1,0,20,False,True,0,0,53,41,31,3.78,AI is off,AI is off,AI is off,AI is off,Not paired,AI is off,0,0,0
1108000,8.7,0,4,0.39,0.21,0,0,99,1,0,20,False,True,0,0,53,42,31,3.78,AI is off,AI is off,AI is off,AI is off,Not paired,AI is off,0,0,0
1110000,8.6,0,4,0.39,0.21,0,0,99,1,0,20,False,True,0,0,53,42,31,3.78,AI is off,AI is off,AI is off,AI is off,Not paired,AI is off,0,0,0
1112000,8.5,0,4,0.39,0.21,0,0,99,1,0,20,False,True,0,0,54,42,32,3.78,AI is off,AI is off,AI is off,AI is off,Not paired,AI is off,0,0,0
1114000,8.400001,0,4,0.38,0.21,0,0,99,1,0,20,False,True,0,0,55,43,32,3.78,AI is off,AI is off,AI is off,AI is off,Not paired,AI is off,0,0,0
1116000,8.400001,0,4,0.38,0.21,0,0,99,1,0,20,False,True,0,0,52,39,28,3.78,AI is off,AI is off,AI is off,AI is off,Not paired,AI is off,0,0,0
1118000,8.8,0,4,0.39,0.21,0,0,99,1,0,20,False,True,0,0,53,40,30,3.78,AI is off,AI is off,AI is off,AI is off,Not paired,AI is off,0,0,0
1120000,9.1,0,4,0.4,0.21,0,0,99,1,0,20,False,True,0,0,53,40,29,3.78,AI is off,AI is off,AI is off,AI is off,Not paired,AI is off,0,0,0
1122000,9.2,0,4,0.4,0.21,0,0,99,1,0,20,False,True,0,0,52,39,28,3.78,AI is off,AI is off,AI is off,AI is off,Not paired,AI is off,0,0,0
1124000,9.400001,0,4,0.4,0.21,0,0,99,1,0,20,False,True,0,0,53,41,30,3.78,AI is off,AI is off,AI is off,AI is off,Not paired,AI is off,0,0,0
1126000,9.5,0,4,0.41,0.21,0,0,99,1,0,20,False,True,0,0,53,40,28,3.78,AI is off,AI is off,AI is off,AI is off,Not paired,AI is off,0,0,0
1128000,9.6,0,4,0.41,0.21,0,0,99,1,0,20,False,True,0,0,53,40,29,3.78,AI is off,AI is off,AI is off,AI is off,Not paired,AI is off,0,0,0
1130000,9.8,0,4,0.41,0.21,0,0,99,1,0,20,False,True,0,0,52,39,28,3.78,AI is off,AI is off,AI is off,AI is off,Not paired,AI is off,0,0,0
1132000,10.1,0,4,0.42,0.21,0,0,99,1,0,20,False,True,0,0,53,41,30,3.78,AI is off,AI is off,AI is off,AI is off,Not paired,AI is off,0,0,0
1134000,10.4,0,4,0.42,0.21,0,0,99,1,0,20,False,True,0,0,54,43,31,3.78,AI is off,AI is off,AI is off,AI is off,Not paired,AI is off,0,0,0
1136000,10.5,0,4,0.43,0.21,0,0,99,1,0,20,False,True,0,0,52,40,28,3.78,AI is off,AI is off,AI is off,AI is off,Not paired,AI is off,0,0,0
1138000,10.8,0,5,0.43,0.21,0,0,99,1,0,20,False,True,0,0,52,40,29,3.78,AI is off,AI is off,AI is off,AI is off,Not paired,AI is off,0,0,0
1140000,11,0,5,0.44,0.21,0,0,99,1,0,20,False,True,0,0,53,41,29,3.78,AI is off,AI is off,AI is off,AI is off,Not paired,AI is off,0,0,0
1142000,11.2,0,5,0.44,0.21,0,0,99,1,0,20,False,True,0,0,51,39,27,3.78,AI is off,AI is off,AI is off,AI is off,Not paired,AI is off,0,0,0
1144000,11.3,0,5,0.44,0.21,0,0,99,1,0,20,False,True,0,0,52,40,30,3.78,AI is off,AI is off,AI is off,AI is off,Not paired,AI is off,0,0,0
1146000,11.4,0,5,0.45,0.21,0,0,99,1,0,20,False,True,0,0,52,40,31,3.78,AI is off,AI is off,AI is off,AI is off,Not paired,AI is off,0,0,0
1148000,11.7,0,5,0.45,0.21,0,0,99,1,0,20,False,True,0,0,52,40,30,3.78,AI is off,AI is off,AI is off,AI is off,Not paired,AI is off,0,0,0
1150000,11.8,0,5,0.45,0.21,0,0,99,1,0,20,False,True,0,0,53,40,30,3.78,AI is off,AI is off,AI is off,AI is off,Not paired,AI is off,0,0,0
1152000,11.7,0,5,0.45,0.21,0,0,99,1,0,20,False,True,0,0,52,39,28,3.78,AI is off,AI is off,AI is off,AI is off,Not paired,AI is off,0,0,0
1154000,11.8,0,5,0.45,0.21,0,0,99,1,0,20,False,True,0,0,52,40,30,3.78,AI is off,AI is off,AI is off,AI is off,Not paired,AI is off,0,0,0
1156000,11.8,0,5,0.46,0.21,0,0,99,1,0,20,False,True,0,0,52,39,28,3.78,AI is off,AI is off,AI is off,AI is off,Not paired,AI is off,0,0,0
1158000,11.9,0,5,0.46,0.21,0,0,99,1,0,20,False,True,0,0,52,39,29,3.78,AI is off,AI is off,AI is off,AI is off,Not paired,AI is off,0,0,0
1160000,11.9,0,5,0.46,0.21,0,0,99,1,0,20,False,True,0,0,53,40,31,3.78,AI is off,AI is off,AI is off,AI is off,Not paired,AI is off,0,0,0
1162000,11.8,0,5,0.46,0.21,0,0,99,1,0,20,False,True,0,0,52,39,29,3.78,AI is off,AI is off,AI is off,AI is off,Not paired,AI is off,0,0,0
1164000,11.8,0,5,0.45,0.21,0,0,99,1,0,20,False,True,0,0,51,39,29,3.78,AI is off,AI is off,AI is off,AI is off,Not paired,AI is off,0,0,0
1166000,11.8,0,5,0.46,0.21,0,0,99,1,0,20,False,True,0,0,52,40,29,3.78,AI is off,AI is off,AI is off,AI is off,Not paired,AI is off,0,0,0
1168000,11.9,0,5,0.46,0.21,0,0,99,1,0,20,False,True,0,0,53,39,30,3.78,AI is off,AI is off,AI is off,AI is off,Not paired,AI is off,0,0,0
1170000,11.9,0,5,0.46,0.21,0,0,99,1,0,20,False,True,0,0,50,38,26,3.78,AI is off,AI is off,AI is off,AI is off,Not paired,AI is off,0,0,0
1172000,11.8,0,5,0.46,0.21,0,0,99,1,0,20,False,True,0,0,52,39,30,3.78,AI is off,AI is off,AI is off,AI is off,Not paired,AI is off,0,0,0
1174000,11.8,0,5,0.45,0.21,0,0,99,1,0,20,False,True,0,0,52,39,30,3.78,AI is off,AI is off,AI is off,AI is off,Not paired,AI is off,0,0,0
1176000,11.8,0,5,0.46,0.21,0,0,99,1,0,20,False,True,0,0,52,39,29,3.78,AI is off,AI is off,AI is off,AI is off,Not paired,AI is off,0,0,0
1178000,11.7,0,5,0.45,0.21,0,0,99,1,0,20,False,True,0,0,52,39,30,3.78,AI is off,AI is off,AI is off,AI is off,Not paired,AI is off,0,0,0
1180000,11.6,0,5,0.45,0.21,0,0,99,1,0,20,False,True,0,0,52,40,30,3.78,AI is off,AI is off,AI is off,AI is off,Not paired,AI is off,0,0,0
1182000,11.7,0,5,0.45,0.21,0,0,99,1,0,20,False,True,0,0,51,39,28,3.78,AI is off,AI is off,AI is off,AI is off,Not paired,AI is off,0,0,0
1184000,11.7,0,5,0.45,0.21,0,0,99,1,0,20,False,True,0,0,52,38,29,3.78,AI is off,AI is off,AI is off,AI is off,Not paired,AI is off,0,0,0
1186000,11.7,0,5,0.45,0.21,0,0,99,1,0,20,False,True,0,0,52,39,31,3.78,AI is off,AI is off,AI is off,AI is off,Not paired,AI is off,0,0,0
1188000,11.5,0,5,0.45,0.21,0,0,99,1,0,20,False,True,0,0,51,40,29,3.78,AI is off,AI is off,AI is off,AI is off,Not paired,AI is off,0,0,0
1190000,11.5,0,5,0.45,0.21,0,0,99,1,0,20,False,True,0,0,51,39,28,3.78,AI is off,AI is off,AI is off,AI is off,Not paired,AI is off,0,0,0
1192000,11.5,0,5,0.45,0.21,0,0,99,1,0,20,False,True,0,0,52,39,30,3.78,AI is off,AI is off,AI is off,AI is off,Not paired,AI is off,0,0,0
1194000,11.3,0,5,0.45,0.21,0,0,99,1,0,20,False,True,0,0,52,41,29,3.78,AI is off,AI is off,AI is off,AI is off,Not paired,AI is off,0,0,0
1196000,11.4,0,5,0.45,0.21,0,0,99,1,0,20,False,True,0,0,52,39,28,3.78,AI is off,AI is off,AI is off,AI is off,Not paired,AI is off,0,0,0
1198000,11.4,0,5,0.45,0.21,0,0,99,1,0,20,False,True,0,0,52,40,29,3.78,AI is off,AI is off,AI is off,AI is off,Not paired,AI is off,0,0,0
1200000,11.4,0,5,0.45,0.21,0,0,99,1,0,20,False,True,0,0,50,39,27,3.78,AI is off,AI is off,AI is off,AI is off,Not paired,AI is off,0,0,0
1202000,11.4,0,5,0.45,0.21,0,0,99,1,0,20,False,True,0,0,52,40,31,3.78,AI is off,AI is off,AI is off,AI is off,Not paired,AI is off,0,0,0
1204000,11.4,0,5,0.45,0.21,0,0,99,1,0,20,False,True,0,0,51,41,29,3.78,AI is off,AI is off,AI is off,AI is off,Not paired,AI is off,0,0,0
1206000,11.6,0,5,0.45,0.21,0,0,99,1,0,20,False,True,0,0,51,39,28,3.78,AI is off,AI is off,AI is off,AI is off,Not paired,AI is off,0,0,0
1208000,11.5,0,5,0.45,0.21,0,0,99,1,0,20,False,True,0,0,52,40,31,3.78,AI is off,AI is off,AI is off,AI is off,Not paired,AI is off,0,0,0
1210000,11.5,0,5,0.45,0.21,0,0,99,1,0,20,False,True,0,0,52,39,29,3.78,AI is off,AI is off,AI is off,AI is off,Not paired,AI is off,0,0,0
1212000,11.5,0,5,0.45,0.21,0,0,99,1,0,20,False,True,0,0,51,39,28,3.78,AI is off,AI is off,AI is off,AI is off,Not paired,AI is off,0,0,0
1214000,11.5,0,5,0.45,0.21,0,0,99,1,0,20,False,True,0,0,52,40,29,3.78,AI is off,AI is off,AI is off,AI is off,Not paired,AI is off,0,0,0
1216000,11.6,0,5,0.45,0.21,0,0,99,1,0,20,False,True,0,0,52,39,28,3.78,AI is off,AI is off,AI is off,AI is off,Not paired,AI is off,0,0,0
1218000,11.7,0,5,0.45,0.21,0,0,99,1,0,20,False,True,0,0,52,40,28,3.78,AI is off,AI is off,AI is off,AI is off,Not paired,AI is off,0,0,0
1220000,11.8,0,5,0.45,0.21,0,0,99,1,0,20,False,True,0,0,52,39,29,3.78,AI is off,AI is off,AI is off,AI is off,Not paired,AI is off,0,0,0
1222000,11.7,0,5,0.45,0.21,0,0,99,1,0,20,False,True,0,0,52,39,27,3.78,AI is off,AI is off,AI is off,AI is off,Not paired,AI is off,0,0,0
1224000,11.6,0,5,0.45,0.21,0,0,99,1,0,20,False,True,0,0,53,40,29,3.78,AI is off,AI is off,AI is off,AI is off,Not paired,AI is off,0,0,0
1226000,11.5,0,5,0.45,0.21,0,0,99,1,0,20,False,True,0,0,53,41,29,3.78,AI is off,AI is off,AI is off,AI is off,Not paired,AI is off,0,0,0
1228000,11.7,0,5,0.45,0.21,0,0,99,1,0,20,False,True,0,0,53,40,29,3.78,AI is off,AI is off,AI is off,AI is off,Not paired,AI is off,0,0,0
1230000,11.6,0,5,0.45,0.21,0,0,99,1,0,20,False,True,0,0,52,40,29,3.78,AI is off,AI is off,AI is off,AI is off,Not paired,AI is off,0,0,0
1232000,11.6,0,5,0.45,0.21,0,0,99,1,0,20,False,True,0,0,52,40,29,3.78,AI is off,AI is off,AI is off,AI is off,Not paired,AI is off,0,0,0
1234000,11.6,0,5,0.45,0.21,0,0,99,1,0,20,False,True,0,0,54,41,30,3.78,AI is off,AI is off,AI is off,AI is off,Not paired,AI is off,0,0,0
1236000,11.6,0,5,0.45,0.21,0,0,99,1,0,20,False,True,0,0,52,39,28,3.78,AI is off,AI is off,AI is off,AI is off,Not paired,AI is off,0,0,0
1238000,11.6,0,5,0.45,0.21,0,0,99,1,0,20,False,True,0,0,52,41,31,3.78,AI is off,AI is off,AI is off,AI is off,Not paired,AI is off,0,0,0
1240000,11.6,0,5,0.45,0.21,0,0,99,1,0,20,False,True,0,0,53,41,30,3.78,AI is off,AI is off,AI is off,AI is off,Not paired,AI is off,0,0,0
1242000,11.6,0,5,0.45,0.21,0,0,99,1,0,20,False,True,0,0,53,41,30,3.78,AI is off,AI is off,AI is off,AI is off,Not paired,AI is off,0,0,0
1244000,11.7,0,5,0.45,0.21,0,0,99,1,0,20,False,True,0,0,53,42,31,3.78,AI is off,AI is off,AI is off,AI is off,Not paired,AI is off,0,0,0
1246000,11.7,0,5,0.45,0.21,0,0,99,1,0,20,False,True,0,0,53,41,31,3.78,AI is off,AI is off,AI is off,AI is off,Not paired,AI is off,0,0,0
1248000,11.7,0,5,0.45,0.21,0,0,99,1,0,20,False,True,0,0,54,43,31,3.78,AI is off,AI is off,AI is off,AI is off,Not paired,AI is off,0,0,0
1250000,11.7,0,5,0.45,0.21,0,0,99,1,0,20,False,True,0,0,55,43,31,3.78,AI is off,AI is off,AI is off,AI is off,Not paired,AI is off,0,0,0
1252000,11.7,0,5,0.45,0.21,0,0,99,1,0,20,False,True,0,0,52,42,30,3.78,AI is off,AI is off,AI is off,AI is off,Not paired,AI is off,0,0,0
1254000,11.6,0,5,0.45,0.21,0,0,99,1,0,20,False,True,0,0,53,42,30,3.78,AI is off,AI is off,AI is off,AI is off,Not paired,AI is off,0,0,0
1256000,11.6,0,5,0.45,0.21,0,0,99,1,0,20,False,True,0,0,53,42,31,3.78,AI is off,AI is off,AI is off,AI is off,Not paired,AI is off,0,0,0
1258000,11.6,0,5,0.45,0.21,0,0,99,1,0,20,False,True,0,0,53,41,31,3.78,AI is off,AI is off,AI is off,AI is off,Not paired,AI is off,0,0,0
1260000,11.6,0,5,0.45,0.21,0,0,99,1,0,20,False,True,0,0,52,41,32,3.78,AI is off,AI is off,AI is off,AI is off,Not paired,AI is off,0,0,0
1262000,11.6,0,5,0.45,0.21,0,0,99,1,0,20,False,True,0,0,52,41,30,3.78,AI is off,AI is off,AI is off,AI is off,Not paired,AI is off,0,0,0
1264000,11.5,0,5,0.45,0.21,0,0,99,1,0,20,False,True,0,0,54,41,30,3.78,AI is off,AI is off,AI is off,AI is off,Not paired,AI is off,0,0,0
1266000,11.5,0,5,0.45,0.21,0,0,99,1,0,20,False,True,0,0,53,41,30,3.78,AI is off,AI is off,AI is off,AI is off,Not paired,AI is off,0,0,0
1268000,11.5,0,5,0.45,0.21,0,0,99,1,0,20,False,True,0,0,53,40,29,3.78,AI is off,AI is off,AI is off,AI is off,Not paired,AI is off,0,0,0
1270000,11.6,0,5,0.45,0.21,0,0,99,1,0,20,False,True,0,0,52,39,27,3.78,AI is off,AI is off,AI is off,AI is off,Not paired,AI is off,0,0,0
1272000,11.6,0,5,0.45,0.21,0,0,99,1,0,20,False,True,0,0,52,40,28,3.78,AI is off,AI is off,AI is off,AI is off,Not paired,AI is off,0,0,0
1274000,11.6,0,5,0.45,0.21,0,0,99,1,0,20,False,True,0,0,53,40,30,3.78,AI is off,AI is off,AI is off,AI is off,Not paired,AI is off,0,0,0
1276000,11.7,0,5,0.45,0.21,0,0,99,1,0,20,False,True,0,0,51,39,27,3.78,AI is off,AI is off,AI is off,AI is off,Not paired,AI is off,0,0,0
1278000,11.7,0,5,0.45,0.21,0,0,99,1,0,20,False,True,0,0,52,39,28,3.78,AI is off,AI is off,AI is off,AI is off,Not paired,AI is off,0,0,0
1280000,11.8,0,5,0.46,0.21,0,0,99,1,0,20,False,True,0,0,51,39,30,3.78,AI is off,AI is off,AI is off,AI is off,Not paired,AI is off,0,0,0
1282000,11.7,0,5,0.45,0.21,0,0,99,1,0,20,False,True,0,0,53,40,29,3.78,AI is off,AI is off,AI is off,AI is off,Not paired,AI is off,0,0,0
1284000,11.7,0,5,0.45,0.21,0,0,99,1,0,20,False,True,0,0,53,39,27,3.78,AI is off,AI is off,AI is off,AI is off,Not paired,AI is off,0,0,0
1286000,11.6,0,5,0.45,0.21,0,0,99,1,0,20,False,True,0,0,53,40,29,3.78,AI is off,AI is off,AI is off,AI is off,Not paired,AI is off,0,0,0
1288000,11.5,0,5,0.45,0.21,0,0,99,1,0,20,False,True,0,0,52,40,29,3.78,AI is off,AI is off,AI is off,AI is off,Not paired,AI is off,0,0,0
1290000,11.5,0,5,0.45,0.21,0,0,99,1,0,20,False,True,0,0,53,40,29,3.78,AI is off,AI is off,AI is off,AI is off,Not paired,AI is off,0,0,0
1292000,11.4,0,5,0.45,0.21,0,0,99,1,0,20,False,True,0,0,54,42,31,3.78,AI is off,AI is off,AI is off,AI is off,Not paired,AI is off,0,0,0
1294000,11.5,0,5,0.45,0.21,0,0,99,1,0,20,False,True,0,0,51,39,27,3.78,AI is off,AI is off,AI is off,AI is off,Not paired,AI is off,0,0,0
1296000,11.5,0,5,0.45,0.21,0,0,99,1,0,20,False,True,0,0,53,40,29,3.78,AI is off,AI is off,AI is off,AI is off,Not paired,AI is off,0,0,0
1298000,11.6,0,5,0.45,0.21,0,0,99,1,0,20,False,True,0,0,53,41,29,3.78,AI is off,AI is off,AI is off,AI is off,Not paired,AI is off,0,0,0
1300000,11.6,0,5,0.45,0.21,0,0,99,1,0,20,False,True,0,0,52,40,31,3.78,AI is off,AI is off,AI is off,AI is off,Not paired,AI is off,0,0,0
1302000,11.6,0,5,0.45,0.21,0,0,99,1,0,20,False,True,0,0,52,40,29,3.78,AI is off,AI is off,AI is off,AI is off,Not paired,AI is off,0,0,0
1304000,11.6,0,5,0.45,0.21,0,0,99,1,0,20,False,True,0,0,52,42,31,3.78,AI is off,AI is off,AI is off,AI is off,Not paired,AI is off,0,0,0
1306000,11.6,0,5,0.45,0.21,0,0,99,1,0,20,False,True,0,0,53,41,30,3.78,AI is off,AI is off,AI is off,AI is off,Not paired,AI is off,0,0,0
1308000,11.6,0,5,0.45,0.21,0,0,99,1,0,20,False,True,0,0,53,42,31,3.78,AI is off,AI is off,AI is off,AI is off,Not paired,AI is off,0,0,0
1310000,11.7,0,5,0.45,0.21,0,0,99,1,0,20,False,True,0,0,53,40,29,3.78,AI is off,AI is off,AI is off,AI is off,Not paired,AI is off,0,0,0
1312000,11.8,0,5,0.45,0.21,0,0,99,1,0,20,False,True,0,0,52,39,29,3.78,AI is off,AI is off,AI is off,AI is off,Not paired,AI is off,0,0,0
1314000,11.8,0,5,0.46,0.21,0,0,99,1,0,20,False,True,0,0,52,39,30,3.78,AI is off,AI is off,AI is off,AI is off,Not paired,AI is off,0,0,0
1316000,11.9,0,5,0.46,0.21,0,0,99,1,0,20,False,True,0,0,51,40,29,3.78,AI is off,AI is off,AI is off,AI is off,Not paired,AI is off,0,0,0
1318000,11.9,0,5,0.46,0.21,0,0,99,1,0,20,False,True,0,0,51,39,29,3.78,AI is off,AI is off,AI is off,AI is off,Not paired,AI is off,0,0,0
1320000,12,0,5,0.46,0.21,0,0,99,1,0,20,False,True,0,0,52,39,27,3.78,AI is off,AI is off,AI is off,AI is off,Not paired,AI is off,0,0,0
1322000,12,0,5,0.46,0.21,0,0,99,1,0,20,False,True,0,0,52,40,29,3.78,AI is off,AI is off,AI is off,AI is off,Not paired,AI is off,0,0,0
1324000,12.1,0,5,0.46,0.21,0,0,99,1,0,20,False,True,0,0,51,39,28,3.78,AI is off,AI is off,AI is off,AI is off,Not paired,AI is off,0,0,0
1326000,12.1,0,5,0.46,0.21,0,0,93,1,0,20,False,True,0,0,52,40,29,3.78,AI is off,AI is off,AI is off,AI is off,Not paired,AI is off,0,0,0
1328000,12.1,0,5,0.46,0.21,0,0,93,1,0,20,False,True,0,0,52,39,29,3.78,AI is off,AI is off,AI is off,AI is off,Not paired,AI is off,0,0,0
1330000,12.1,0,5,0.46,0.21,0,0,93,1,0,20,False,True,0,0,52,40,30,3.78,AI is off,AI is off,AI is off,AI is off,Not paired,AI is off,0,0,0
1332000,12.1,0,5,0.46,0.21,0,0,93,1,0,20,False,True,0,0,52,39,29,3.78,AI is off,AI is off,AI is off,AI is off,Not paired,AI is off,0,0,0
1334000,12.1,0,5,0.46,0.21,0,0,93,1,0,20,False,True,0,0,52,41,29,3.78,AI is off,AI is off,AI is off,AI is off,Not paired,AI is off,0,0,0
1336000,12.1,0,5,0.46,0.21,0,0,93,1,0,20,False,True,0,0,52,41,30,3.78,AI is off,AI is off,AI is off,AI is off,Not paired,AI is off,0,0,0
1338000,12.1,0,5,0.46,0.21,0,0,93,1,0,20,False,True,0,0,52,38,29,3.78,AI is off,AI is off,AI is off,AI is off,Not paired,AI is off,0,0,0
1340000,12.1,0,5,0.46,0.21,0,0,93,1,0,20,False,True,0,0,52,40,30,3.78,AI is off,AI is off,AI is off,AI is off,Not paired,AI is off,0,0,0
1342000,12.1,0,5,0.46,0.21,0,0,92,1,0,20,False,True,0,0,53,40,33,3.78,AI is off,AI is off,AI is off,AI is off,Not paired,AI is off,0,0,0
1344000,12.1,0,5,0.46,0.21,0,0,92,1,0,20,False,True,0,0,51,39,27,3.78,AI is off,AI is off,AI is off,AI is off,Not paired,AI is off,0,0,0
1346000,12.1,0,5,0.46,0.21,0,0,92,1,0,20,False,True,0,0,52,40,31,3.78,AI is off,AI is off,AI is off,AI is off,Not paired,AI is off,0,0,0
1348000,12,0,5,0.46,0.21,0,0,94,1,0,20,False,True,0,0,52,40,30,3.78,AI is off,AI is off,AI is off,AI is off,Not paired,AI is off,0,0,0
1350000,12,0,5,0.46,0.21,0,0,94,1,0,20,False,True,0,0,54,43,33,3.78,AI is off,AI is off,AI is off,AI is off,Not paired,AI is off,0,0,0
1352000,12,0,5,0.46,0.21,0,0,94,1,0,20,False,True,0,0,52,39,30,3.78,AI is off,AI is off,AI is off,AI is off,Not paired,AI is off,0,0,0
1354000,12,0,5,0.46,0.21,0,0,94,1,0,20,False,True,0,0,53,41,31,3.78,AI is off,AI is off,AI is off,AI is off,Not paired,AI is off,0,0,0
1356000,12,0,5,0.46,0.21,0,0,94,1,0,20,False,True,0,0,52,40,31,3.78,AI is off,AI is off,AI is off,AI is off,Not paired,AI is off,0,0,0
1358000,12,0,5,0.46,0.21,0,0,96,1,0,20,False,True,0,0,52,39,29,3.78,AI is off,AI is off,AI is off,AI is off,Not paired,AI is off,0,0,0
1360000,12,0,5,0.46,0.21,0,0,96,1,0,20,False,True,0,0,52,39,28,3.78,AI is off,AI is off,AI is off,AI is off,Not paired,AI is off,0,0,0
1362000,12.1,0,5,0.46,0.21,0,0,96,1,0,20,False,True,0,0,52,39,30,3.78,AI is off,AI is off,AI is off,AI is off,Not paired,AI is off,0,0,0
1364000,12,0,5,0.46,0.21,0,0,93,1,0,20,False,True,0,0,53,40,30,3.78,AI is off,AI is off,AI is off,AI is off,Not paired,AI is off,0,0,0
1366000,12,0,5,0.46,0.21,0,0,93,1,0,20,False,True,0,0,52,40,32,3.78,AI is off,AI is off,AI is off,AI is off,Not paired,AI is off,0,0,0
1368000,12,0,5,0.46,0.21,0,0,93,1,0,20,False,True,0,0,51,39,29,3.78,AI is off,AI is off,AI is off,AI is off,Not paired,AI is off,0,0,0
1370000,11.9,0,5,0.46,0.21,0,0,96,1,0,20,False,True,0,0,53,42,31,3.78,AI is off,AI is off,AI is off,AI is off,Not paired,AI is off,0,0,0
1372000,11.9,0,5,0.46,0.21,0,0,96,1,0,20,False,True,0,0,52,39,29,3.78,AI is off,AI is off,AI is off,AI is off,Not paired,AI is off,0,0,0
1374000,11.8,0,5,0.46,0.21,0,0,96,1,0,20,False,True,0,0,52,40,28,3.78,AI is off,AI is off,AI is off,AI is off,Not paired,AI is off,0,0,0
1376000,11.9,0,5,0.46,0.21,0,0,96,1,0,20,False,True,0,0,51,39,29,3.78,AI is off,AI is off,AI is off,AI is off,Not paired,AI is off,0,0,0
1378000,11.9,0,5,0.46,0.21,0,0,96,1,0,20,False,True,0,0,52,38,29,3.78,AI is off,AI is off,AI is off,AI is off,Not paired,AI is off,0,0,0
1380000,11.7,0,5,0.46,0.21,0,0,99,1,0,20,False,True,0,0,54,41,31,3.78,AI is off,AI is off,AI is off,AI is off,Not paired,AI is off,0,0,0
1382000,11.6,0,5,0.45,0.21,0,0,99,1,0,20,False,True,0,0,52,40,31,3.78,AI is off,AI is off,AI is off,AI is off,Not paired,AI is off,0,0,0
1384000,11.7,0,5,0.45,0.21,0,0,99,1,0,20,False,True,0,0,52,40,31,3.78,AI is off,AI is off,AI is off,AI is off,Not paired,AI is off,0,0,0
1386000,11.7,0,5,0.45,0.21,0,0,99,1,0,20,False,True,0,0,52,40,32,3.78,AI is off,AI is off,AI is off,AI is off,Not paired,AI is off,0,0,0
1388000,11.6,0,5,0.45,0.21,0,0,99,1,0,20,False,True,0,0,52,39,29,3.78,AI is off,AI is off,AI is off,AI is off,Not paired,AI is off,0,0,0
1390000,11.7,0,5,0.45,0.21,0,0,99,1,0,20,False,True,0,0,52,40,32,3.78,AI is off,AI is off,AI is off,AI is off,Not paired,AI is off,0,0,0
1392000,11.8,0,5,0.45,0.21,0,0,99,1,0,20,False,True,0,0,52,39,31,3.78,AI is off,AI is off,AI is off,AI is off,Not paired,AI is off,0,0,0
1394000,11.8,0,5,0.46,0.21,0,0,99,1,0,20,False,True,0,0,51,40,28,3.78,AI is off,AI is off,AI is off,AI is off,Not paired,AI is off,0,0,0
1396000,11.9,0,5,0.46,0.21,0,0,99,1,0,20,False,True,0,0,53,41,30,3.78,AI is off,AI is off,AI is off,AI is off,Not paired,AI is off,0,0,0
1398000,11.9,0,5,0.46,0.21,0,0,98,1,0,20,False,True,0,0,51,38,27,3.78,AI is off,AI is off,AI is off,AI is off,Not paired,AI is off,0,0,0
1400000,11.9,0,5,0.46,0.21,0,0,98,1,0,20,False,True,0,0,51,39,28,3.78,AI is off,AI is off,AI is off,AI is off,Not paired,AI is off,0,0,0
1402000,12,0,5,0.46,0.21,0,0,98,1,0,20,False,True,0,0,52,39,30,3.78,AI is off,AI is off,AI is off,AI is off,Not paired,AI is off,0,0,0
1404000,12,0,5,0.46,0.21,0,0,96,1,0,20,False,True,0,0,52,39,30,3.78,AI is off,AI is off,AI is off,AI is off,Not paired,AI is off,0,0,0
1406000,12,0,5,0.46,0.21,0,0,96,1,0,20,False,True,0,0,53,41,29,3.78,AI is off,AI is off,AI is off,AI is off,Not paired,AI is off,0,0,0
1408000,12.1,0,5,0.46,0.21,0,0,96,1,0,20,False,True,0,0,52,39,29,3.78,AI is off,AI is off,AI is off,AI is off,Not paired,AI is off,0,0,0
1410000,12.1,0,5,0.46,0.21,0,0,96,1,0,20,False,True,0,0,51,39,28,3.78,AI is off,AI is off,AI is off,AI is off,Not paired,AI is off,0,0,0
1412000,12.1,0,5,0.46,0.21,0,0,92,1,0,20,False,True,0,0,52,40,30,3.78,AI is off,AI is off,AI is off,AI is off,Not paired,AI is off,0,0,0
1414000,12.2,0,5,0.46,0.21,0,0,92,1,0,20,False,True,0,0,53,40,31,3.78,AI is off,AI is off,AI is off,AI is off,Not paired,AI is off,0,0,0
1416000,12.3,0,5,0.46,0.21,0,0,92,1,0,20,False,True,0,0,52,40,30,3.78,AI is off,AI is off,AI is off,AI is off,Not paired,AI is off,0,0,0
1418000,12.3,0,5,0.46,0.21,0,0,87,1,0,20,False,True,0,0,53,41,31,3.78,AI is off,AI is off,AI is off,AI is off,Not paired,AI is off,0,0,0
1420000,12.2,0,5,0.46,0.21,0,0,87,1,0,20,False,True,0,0,52,38,30,3.78,AI is off,AI is off,AI is off,AI is off,Not paired,AI is off,0,0,0
1422000,12.2,0,5,0.46,0.21,0,0,87,1,0,20,False,True,0,0,51,39,28,3.78,AI is off,AI is off,AI is off,AI is off,Not paired,AI is off,0,0,0
1424000,12.3,0,5,0.47,0.21,0,0,87,1,0,20,False,True,0,0,53,40,30,3.78,AI is off,AI is off,AI is off,AI is off,Not paired,AI is off,0,0,0
1426000,12.3,0,5,0.47,0.21,0,0,87,1,0,20,False,True,0,0,52,40,31,3.78,AI is off,AI is off,AI is off,AI is off,Not paired,AI is off,0,0,0
1428000,12.2,0,5,0.46,0.21,0,0,87,1,0,20,False,True,0,0,53,40,30,3.78,AI is off,AI is off,AI is off,AI is off,Not paired,AI is off,0,0,0
1430000,12.1,0,5,0.46,0.21,0,0,89,1,0,20,False,True,0,0,53,40,30,3.78,AI is off,AI is off,AI is off,AI is off,Not paired,AI is off,0,0,0
1432000,12,0,5,0.46,0.21,0,0,89,1,0,20,False,True,0,0,52,39,29,3.78,AI is off,AI is off,AI is off,AI is off,Not paired,AI is off,0,0,0
1434000,12,0,5,0.46,0.21,0,0,89,1,0,20,False,True,0,0,54,41,31,3.78,AI is off,AI is off,AI is off,AI is off,Not paired,AI is off,0,0,0
1436000,11.9,0,5,0.46,0.21,0,0,96,1,0,20,False,True,0,0,51,39,30,3.78,AI is off,AI is off,AI is off,AI is off,Not paired,AI is off,0,0,0
1438000,12,0,5,0.46,0.21,0,0,96,1,0,20,False,True,0,0,53,39,30,3.78,AI is off,AI is off,AI is off,AI is off,Not paired,AI is off,0,0,0
1440000,12,0,5,0.46,0.21,0,0,96,1,0,20,False,True,0,0,53,39,30,3.78,AI is off,AI is off,AI is off,AI is off,Not paired,AI is off,0,0,0
1442000,11.9,0,5,0.46,0.21,0,0,96,1,0,20,False,True,0,0,52,39,30,3.78,AI is off,AI is off,AI is off,AI is off,Not paired,AI is off,0,0,0
1444000,11.9,0,5,0.46,0.21,0,0,96,1,0,20,False,True,0,0,53,40,31,3.78,AI is off,AI is off,AI is off,AI is off,Not paired,AI is off,0,0,0
1446000,11.9,0,5,0.46,0.21,0,0,98,1,0,20,False,True,0,0,53,41,31,3.78,AI is off,AI is off,AI is off,AI is off,Not paired,AI is off,0,0,0
1448000,11.9,0,5,0.46,0.21,0,0,98,1,0,20,False,True,0,0,53,40,31,3.78,AI is off,AI is off,AI is off,AI is off,Not paired,AI is off,0,0,0
1450000,11.5,0,5,0.45,0.21,0,0,98,1,0,20,False,True,0,0,51,39,28,3.78,AI is off,AI is off,AI is off,AI is off,Not paired,AI is off,0,0,0
1452000,11.3,0,5,0.44,0.21,0,0,99,1,0,20,False,True,0,0,51,39,28,3.78,AI is off,AI is off,AI is off,AI is off,Not paired,AI is off,0,0,0
1454000,11,0,5,0.44,0.21,0,0,99,1,0,20,False,True,0,0,53,40,30,3.78,AI is off,AI is off,AI is off,AI is off,Not paired,AI is off,0,0,0
1456000,10.8,0,5,0.43,0.21,0,0,99,1,0,20,False,True,0,0,52,39,30,3.78,AI is off,AI is off,AI is off,AI is off,Not paired,AI is off,0,0,0
1458000,10.4,0,5,0.43,0.21,0,0,99,1,0,20,False,True,0,0,52,40,30,3.78,AI is off,AI is off,AI is off,AI is off,Not paired,AI is off,0,0,0
1460000,10.5,0,5,0.43,0.21,0,0,99,1,0,20,False,True,0,0,54,42,31,3.78,AI is off,AI is off,AI is off,AI is off,Not paired,AI is off,0,0,0
1462000,10.7,0,5,0.43,0.21,0,0,99,1,0,20,False,True,0,0,54,42,31,3.78,AI is off,AI is off,AI is off,AI is off,Not paired,AI is off,0,0,0
1464000,10.7,0,5,0.43,0.21,0,0,99,1,0,20,False,True,0,0,51,39,27,3.78,AI is off,AI is off,AI is off,AI is off,Not paired,AI is off,0,0,0
1466000,10.8,0,5,0.43,0.21,0,0,99,1,0,20,False,True,0,0,54,42,32,3.78,AI is off,AI is off,AI is off,AI is off,Not paired,AI is off,0,0,0
1468000,10.8,0,5,0.43,0.21,0,0,99,1,0,20,False,True,0,0,54,40,31,3.78,AI is off,AI is off,AI is off,AI is off,Not paired,AI is off,0,0,0
1470000,10.9,0,5,0.43,0.21,0,0,99,1,0,20,False,True,0,0,54,42,31,3.78,AI is off,AI is off,AI is off,AI is off,Not paired,AI is off,0,0,0
1472000,11.1,0,5,0.44,0.21,0,0,99,1,0,20,False,True,0,0,53,39,28,3.78,AI is off,AI is off,AI is off,AI is off,Not paired,AI is off,0,0,0
1474000,11.1,0,5,0.44,0.21,0,0,99,1,0,20,False,True,0,0,53,41,30,3.78,AI is off,AI is off,AI is off,AI is off,Not paired,AI is off,0,0,0
1476000,11,0,5,0.44,0.21,0,0,99,1,0,20,False,True,0,0,54,41,31,3.78,AI is off,AI is off,AI is off,AI is off,Not paired,AI is off,0,0,0
1478000,11.1,0,5,0.44,0.21,0,0,99,1,0,20,False,True,0,0,55,42,31,3.78,AI is off,AI is off,AI is off,AI is off,Not paired,AI is off,0,0,0
1480000,11.1,0,5,0.44,0.21,0,0,99,1,0,20,False,True,0,0,54,42,32,3.78,AI is off,AI is off,AI is off,AI is off,Not paired,AI is off,0,0,0
1482000,11.3,0,5,0.44,0.21,0,0,99,1,0,20,False,True,0,0,54,42,31,3.78,AI is off,AI is off,AI is off,AI is off,Not paired,AI is off,0,0,0
1484000,11.5,0,5,0.45,0.21,0,0,99,1,0,20,False,True,0,0,51,40,30,3.78,AI is off,AI is off,AI is off,AI is off,Not paired,AI is off,0,0,0
1486000,11.6,0,5,0.45,0.21,0,0,99,1,0,20,False,True,0,0,51,40,30,3.78,AI is off,AI is off,AI is off,AI is off,Not paired,AI is off,0,0,0
1488000,11.9,0,5,0.46,0.21,0,0,99,1,0,20,False,True,0,0,52,39,30,3.78,AI is off,AI is off,AI is off,AI is off,Not paired,AI is off,0,0,0
1490000,12.2,0,5,0.46,0.21,0,0,97,1,0,20,False,True,0,0,53,40,31,3.78,AI is off,AI is off,AI is off,AI is off,Not paired,AI is off,0,0,0
1492000,12.4,0,5,0.47,0.21,0,0,97,1,0,20,False,True,0,0,52,40,30,3.78,AI is off,AI is off,AI is off,AI is off,Not paired,AI is off,0,0,0
1494000,12.5,0,5,0.47,0.21,0,0,97,1,0,20,False,True,0,0,53,40,30,3.78,AI is off,AI is off,AI is off,AI is off,Not paired,AI is off,0,0,0
1496000,12.4,0,5,0.47,0.21,0,0,97,1,0,20,False,True,0,0,52,40,30,3.78,AI is off,AI is off,AI is off,AI is off,Not paired,AI is off,0,0,0
1498000,12.5,0,5,0.47,0.21,0,0,97,1,0,20,False,True,0,0,51,39,28,3.78,AI is off,AI is off,AI is off,AI is off,Not paired,AI is off,0,0,0
1500000,12.4,0,5,0.47,0.21,0,0,81,1,0,20,False,True,0,0,50,39,28,3.78,AI is off,AI is off,AI is off,AI is off,Not paired,AI is off,0,0,0
1502000,12.3,0,5,0.47,0.21,0,0,81,1,0,20,False,True,0,0,50,39,27,3.78,AI is off,AI is off,AI is off,AI is off,Not paired,AI is off,0,0,0
1504000,12.1,0,5,0.46,0.21,0,0,81,1,0,20,False,True,0,0,52,40,29,3.78,AI is off,AI is off,AI is off,AI is off,Not paired,AI is off,0,0,0
1506000,12.2,0,5,0.46,0.21,0,0,89,1,0,20,False,True,0,0,51,40,29,3.78,AI is off,AI is off,AI is off,AI is off,Not paired,AI is off,0,0,0
1508000,12.3,0,5,0.46,0.21,0,0,89,1,0,20,False,True,0,0,52,39,28,3.78,AI is off,AI is off,AI is off,AI is off,Not paired,AI is off,0,0,0
1510000,12.2,0,5,0.46,0.21,0,0,89,1,0,20,False,True,0,0,52,40,28,3.78,AI is off,AI is off,AI is off,AI is off,Not paired,AI is off,0,0,0
1512000,12.3,0,5,0.46,0.21,0,0,89,1,0,20,False,True,0,0,50,38,26,3.78,AI is off,AI is off,AI is off,AI is off,Not paired,AI is off,0,0,0
1514000,12.4,0,5,0.47,0.21,0,0,89,1,0,20,False,True,0,0,51,38,26,3.78,AI is off,AI is off,AI is off,AI is off,Not paired,AI is off,0,0,0
1516000,12.4,0,5,0.47,0.21,0,0,89,1,0,20,False,True,0,0,52,40,30,3.78,AI is off,AI is off,AI is off,AI is off,Not paired,AI is off,0,0,0
1518000,12.2,0,5,0.46,0.21,0,0,82,1,0,20,False,True,0,0,52,40,30,3.78,AI is off,AI is off,AI is off,AI is off,Not paired,AI is off,0,0,0
1520000,12.3,0,5,0.46,0.21,0,0,82,1,0,20,False,True,0,0,52,39,29,3.78,AI is off,AI is off,AI is off,AI is off,Not paired,AI is off,0,0,0
1522000,12.2,0,5,0.46,0.21,0,0,86,1,0,20,False,True,0,0,54,42,30,3.78,AI is off,AI is off,AI is off,AI is off,Not paired,AI is off,0,0,0
1524000,12.2,0,5,0.46,0.21,0,0,86,1,0,20,False,True,0,0,51,39,29,3.78,AI is off,AI is off,AI is off,AI is off,Not paired,AI is off,0,0,0
1526000,12.4,0,5,0.47,0.21,0,0,86,1,0,20,False,True,0,0,51,39,28,3.78,AI is off,AI is off,AI is off,AI is off,Not paired,AI is off,0,0,0
1528000,12.5,0,5,0.47,0.21,0,0,84,1,0,20,False,True,0,0,50,38,26,3.78,AI is off,AI is off,AI is off,AI is off,Not paired,AI is off,0,0,0
1530000,12.5,0,5,0.47,0.21,0,0,84,1,0,20,False,True,0,0,52,39,28,3.78,AI is off,AI is off,AI is off,AI is off,Not paired,AI is off,0,0,0
1532000,12.5,0,5,0.47,0.21,0,0,84,1,0,20,False,True,0,0,52,39,29,3.78,AI is off,AI is off,AI is off,AI is off,Not paired,AI is off,0,0,0
1534000,12.5,0,5,0.47,0.21,0,0,84,1,0,20,False,True,0,0,52,40,28,3.78,AI is off,AI is off,AI is off,AI is off,Not paired,AI is off,0,0,0
1536000,12.6,0,5,0.47,0.21,0,0,84,1,0,20,False,True,0,0,51,40,28,3.78,AI is off,AI is off,AI is off,AI is off,Not paired,AI is off,0,0,0
1538000,12.8,0,5,0.48,0.21,0,0,77,1,0,20,False,True,0,0,52,39,29,3.78,AI is off,AI is off,AI is off,AI is off,Not paired,AI is off,0,0,0
1540000,12.8,0,5,0.48,0.21,0,0,77,1,0,20,False,True,0,0,53,41,31,3.78,AI is off,AI is off,AI is off,AI is off,Not paired,AI is off,0,0,0
1542000,12.9,0,5,0.48,0.21,0,0,73,1,0,20,False,True,0,0,51,38,27,3.78,AI is off,AI is off,AI is off,AI is off,Not paired,AI is off,0,0,0
1544000,12.9,0,5,0.48,0.21,0,0,73,1,0,20,False,True,0,0,52,40,31,3.78,AI is off,AI is off,AI is off,AI is off,Not paired,AI is off,0,0,0
1546000,12.7,0,5,0.48,0.21,0,0,73,1,0,20,False,True,0,0,51,39,27,3.78,AI is off,AI is off,AI is off,AI is off,Not paired,AI is off,0,0,0
1548000,12.5,0,5,0.47,0.21,0,0,73,1,0,20,False,True,0,0,52,39,29,3.78,AI is off,AI is off,AI is off,AI is off,Not paired,AI is off,0,0,0
1550000,12.5,0,5,0.47,0.21,0,0,73,1,0,20,False,True,0,0,52,40,30,3.78,AI is off,AI is off,AI is off,AI is off,Not paired,AI is off,0,0,0
1552000,12.4,0,5,0.47,0.21,0,0,73,1,0,20,False,True,0,0,51,39,27,3.78,AI is off,AI is off,AI is off,AI is off,Not paired,AI is off,0,0,0
1554000,12.3,0,5,0.47,0.21,0,0,83,1,0,20,False,True,0,0,52,40,29,3.78,AI is off,AI is off,AI is off,AI is off,Not paired,AI is off,0,0,0
1556000,12.2,0,5,0.46,0.21,0,0,83,1,0,20,False,True,0,0,52,39,30,3.78,AI is off,AI is off,AI is off,AI is off,Not paired,AI is off,0,0,0
1558000,12.1,0,5,0.46,0.21,0,0,83,1,0,20,False,True,0,0,52,40,29,3.78,AI is off,AI is off,AI is off,AI is off,Not paired,AI is off,0,0,0
1560000,12,0,5,0.46,0.21,0,0,91,1,0,20,False,True,0,0,52,40,31,3.78,AI is off,AI is off,AI is off,AI is off,Not paired,AI is off,0,0,0
1562000,12,0,5,0.46,0.21,0,0,91,1,0,20,False,True,0,0,53,40,30,3.78,AI is off,AI is off,AI is off,AI is off,Not paired,AI is off,0,0,0
1564000,12,0,5,0.46,0.21,0,0,91,1,0,20,False,True,0,0,54,42,31,3.78,AI is off,AI is off,AI is off,AI is off,Not paired,AI is off,0,0,0
1566000,11.9,0,5,0.46,0.21,0,0,91,1,0,20,False,True,0,0,54,42,31,3.78,AI is off,AI is off,AI is off,AI is off,Not paired,AI is off,0,0,0
1568000,11.8,0,5,0.46,0.21,0,0,91,1,0,20,False,True,0,0,52,40,28,3.78,AI is off,AI is off,AI is off,AI is off,Not paired,AI is off,0,0,0
1570000,11.9,0,5,0.46,0.21,0,0,98,1,0,20,False,True,0,0,52,40,28,3.78,AI is off,AI is off,AI is off,AI is off,Not paired,AI is off,0,0,0
1572000,11.9,0,5,0.46,0.21,0,0,98,1,0,20,False,True,0,0,52,41,30,3.78,AI is off,AI is off,AI is off,AI is off,Not paired,AI is off,0,0,0
1574000,11.8,0,5,0.46,0.21,0,0,98,1,0,20,False,True,0,0,53,41,30,3.78,AI is off,AI is off,AI is off,AI is off,Not paired,AI is off,0,0,0
1576000,11.7,0,5,0.45,0.21,0,0,99,1,0,20,False,True,0,0,53,40,29,3.78,AI is off,AI is off,AI is off,AI is off,Not paired,AI is off,0,0,0
1578000,11.7,0,5,0.45,0.21,0,0,99,1,0,20,False,True,0,0,52,40,28,3.78,AI is off,AI is off,AI is off,AI is off,Not paired,AI is off,0,0,0
1580000,11.8,0,5,0.45,0.21,0,0,99,1,0,20,False,True,0,0,53,39,28,3.78,AI is off,AI is off,AI is off,AI is off,Not paired,AI is off,0,0,0
1582000,11.8,0,5,0.45,0.21,0,0,99,1,0,20,False,True,0,0,50,38,26,3.78,AI is off,AI is off,AI is off,AI is off,Not paired,AI is off,0,0,0
1584000,11.7,0,5,0.45,0.21,0,0,99,1,0,20,False,True,0,0,52,40,29,3.78,AI is off,AI is off,AI is off,AI is off,Not paired,AI is off,0,0,0
1586000,11.8,0,5,0.45,0.21,0,0,99,1,0,20,False,True,0,0,52,40,29,3.78,AI is off,AI is off,AI is off,AI is off,Not paired,AI is off,0,0,0
1588000,11.9,0,5,0.46,0.21,0,0,99,1,0,20,False,True,0,0,51,39,27,3.78,AI is off,AI is off,AI is off,AI is off,Not paired,AI is off,0,0,0
1590000,11.8,0,5,0.46,0.21,0,0,99,1,0,20,False,True,0,0,51,40,28,3.78,AI is off,AI is off,AI is off,AI is off,Not paired,AI is off,0,0,0
1592000,11.8,0,5,0.46,0.21,0,0,97,1,0,20,False,True,0,0,51,39,28,3.78,AI is off,AI is off,AI is off,AI is off,Not paired,AI is off,0,0,0
1594000,11.9,0,5,0.46,0.21,0,0,97,1,0,20,False,True,0,0,52,41,31,3.78,AI is off,AI is off,AI is off,AI is off,Not paired,AI is off,0,0,0
1596000,11.9,0,5,0.46,0.21,0,0,97,1,0,20,False,True,0,0,52,38,29,3.78,AI is off,AI is off,AI is off,AI is off,Not paired,AI is off,0,0,0
1598000,11.8,0,5,0.46,0.21,0,0,94,1,0,20,False,True,0,0,52,39,29,3.78,AI is off,AI is off,AI is off,AI is off,Not paired,AI is off,0,0,0
1600000,11.8,0,5,0.45,0.21,0,0,94,1,0,20,False,True,0,0,51,39,29,3.78,AI is off,AI is off,AI is off,AI is off,Not paired,AI is off,0,0,0
1602000,11.8,0,5,0.46,0.21,0,0,94,1,0,20,False,True,0,0,52,40,30,3.78,AI is off,AI is off,AI is off,AI is off,Not paired,AI is off,0,0,0
1604000,11.8,0,5,0.45,0.21,0,0,94,1,0,20,False,True,0,0,51,39,29,3.78,AI is off,AI is off,AI is off,AI is off,Not paired,AI is off,0,0,0
1606000,11.6,0,5,0.45,0.21,0,0,94,1,0,20,False,True,0,0,52,40,31,3.78,AI is off,AI is off,AI is off,AI is off,Not paired,AI is off,0,0,0
1608000,11.6,0,5,0.45,0.21,0,0,99,1,0,20,False,True,0,0,51,39,29,3.78,AI is off,AI is off,AI is off,AI is off,Not paired,AI is off,0,0,0
1610000,11.7,0,5,0.45,0.21,0,0,99,1,0,20,False,True,0,0,51,38,26,3.78,AI is off,AI is off,AI is off,AI is off,Not paired,AI is off,0,0,0
1612000,11.6,0,5,0.45,0.21,0,0,99,1,0,20,False,True,0,0,51,39,27,3.78,AI is off,AI is off,AI is off,AI is off,Not paired,AI is off,0,0,0
1614000,11.5,0,5,0.45,0.21,0,0,99,1,0,20,False,True,0,0,52,39,29,3.78,AI is off,AI is off,AI is off,AI is off,Not paired,AI is off,0,0,0
1616000,11.6,0,5,0.45,0.21,0,0,99,1,0,20,False,True,0,0,51,39,27,3.78,AI is off,AI is off,AI is off,AI is off,Not paired,AI is off,0,0,0
1618000,11.6,0,5,0.45,0.21,0,0,99,1,0,20,False,True,0,0,52,40,32,3.78,AI is off,AI is off,AI is off,AI is off,Not paired,AI is off,0,0,0
1620000,11.5,0,5,0.45,0.21,0,0,99,1,0,20,False,True,0,0,52,39,27,3.78,AI is off,AI is off,AI is off,AI is off,Not paired,AI is off,0,0,0
1622000,11.6,0,5,0.45,0.21,0,0,99,1,0,20,False,True,0,0,52,40,31,3.78,AI is off,AI is off,AI is off,AI is off,Not paired,AI is off,0,0,0
1624000,11.6,0,5,0.45,0.21,0,0,99,1,0,20,False,True,0,0,51,39,29,3.78,AI is off,AI is off,AI is off,AI is off,Not paired,AI is off,0,0,0
1626000,11.6,0,5,0.45,0.21,0,0,99,1,0,20,False,True,0,0,52,40,29,3.78,AI is off,AI is off,AI is off,AI is off,Not paired,AI is off,0,0,0
1628000,11.7,0,5,0.45,0.21,0,0,99,1,0,20,False,True,0,0,52,40,31,3.78,AI is off,AI is off,AI is off,AI is off,Not paired,AI is off,0,0,0
1630000,11.8,0,5,0.45,0.21,0,0,99,1,0,20,False,True,0,0,51,39,27,3.78,AI is off,AI is off,AI is off,AI is off,Not paired,AI is off,0,0,0
1632000,12.1,0,5,0.46,0.21,0,0,99,1,0,20,False,True,0,0,52,40,30,3.78,AI is off,AI is off,AI is off,AI is off,Not paired,AI is off,0,0,0
1634000,12.2,0,5,0.46,0.21,0,0,99,1,0,20,False,True,0,0,52,39,30,3.78,AI is off,AI is off,AI is off,AI is off,Not paired,AI is off,0,0,0
1636000,12.3,0,5,0.47,0.21,0,0,99,1,0,20,False,True,0,0,53,41,31,3.78,AI is off,AI is off,AI is off,AI is off,Not paired,AI is off,0,0,0
1638000,12.5,0,5,0.47,0.21,0,0,99,1,0,20,False,True,0,0,52,40,30,3.78,AI is off,AI is off,AI is off,AI is off,Not paired,AI is off,0,0,0
1640000,12.6,0,5,0.47,0.21,0,0,77,1,0,20,False,True,0,0,52,40,31,3.78,AI is off,AI is off,AI is off,AI is off,Not paired,AI is off,0,0,0
1642000,12.6,0,5,0.47,0.21,0,0,77,1,0,20,False,True,0,0,51,39,28,3.78,AI is off,AI is off,AI is off,AI is off,Not paired,AI is off,0,0,0
1644000,12.7,0,5,0.47,0.21,0,0,77,1,0,20,False,True,0,0,52,41,31,3.78,AI is off,AI is off,AI is off,AI is off,Not paired,AI is off,0,0,0
1646000,12.9,0,5,0.48,0.21,0,0,74,1,0,20,False,True,0,0,51,39,30,3.78,AI is off,AI is off,AI is off,AI is off,Not paired,AI is off,0,0,0
1648000,13,0,5,0.48,0.21,0,0,74,1,0,20,False,True,0,0,53,40,30,3.78,AI is off,AI is off,AI is off,AI is off,Not paired,AI is off,0,0,0
1650000,13,0,5,0.48,0.21,0,0,74,1,0,20,False,True,0,0,52,40,30,3.78,AI is off,AI is off,AI is off,AI is off,Not paired,AI is off,0,0,0
1652000,12.9,0,5,0.48,0.21,0,0,74,1,0,20,False,True,0,0,50,38,25,3.78,AI is off,AI is off,AI is off,AI is off,Not paired,AI is off,0,0,0
1654000,12.8,0,5,0.48,0.21,0,0,74,1,0,20,False,True,0,0,53,40,30,3.78,AI is off,AI is off,AI is off,AI is off,Not paired,AI is off,0,0,0
1656000,12.7,0,5,0.47,0.21,0,0,74,1,0,20,False,True,0,0,52,41,31,3.78,AI is off,AI is off,AI is off,AI is off,Not paired,AI is off,0,0,0
1658000,12.8,0,5,0.48,0.21,0,0,74,1,0,20,False,True,0,0,54,41,30,3.78,AI is off,AI is off,AI is off,AI is off,Not paired,AI is off,0,0,0
1660000,12.8,0,5,0.48,0.21,0,0,74,1,0,20,False,True,0,0,53,41,30,3.78,AI is off,AI is off,AI is off,AI is off,Not paired,AI is off,0,0,0
1662000,12.6,0,5,0.47,0.21,0,0,72,1,0,20,False,True,0,0,52,39,30,3.78,AI is off,AI is off,AI is off,AI is off,Not paired,AI is off,0,0,0
1664000,12.5,0,5,0.47,0.21,0,0,72,1,0,20,False,True,0,0,53,41,30,3.78,AI is off,AI is off,AI is off,AI is off,Not paired,AI is off,0,0,0
1666000,12.3,0,5,0.47,0.21,0,0,72,1,0,20,False,True,0,0,54,42,30,3.78,AI is off,AI is off,AI is off,AI is off,Not paired,AI is off,0,0,0
1668000,12.3,0,5,0.47,0.21,0,0,72,1,0,20,False,True,0,0,53,41,30,3.78,AI is off,AI is off,AI is off,AI is off,Not paired,AI is off,0,0,0
1670000,12.2,0,5,0.46,0.21,0,0,72,1,0,20,False,True,0,0,53,42,31,3.78,AI is off,AI is off,AI is off,AI is off,Not paired,AI is off,0,0,0
1672000,12.2,0,5,0.46,0.21,0,0,87,1,0,20,False,True,0,0,53,40,32,3.78,AI is off,AI is off,AI is off,AI is off,Not paired,AI is off,0,0,0
1674000,12.3,0,5,0.46,0.21,0,0,87,1,0,20,False,True,0,0,53,40,31,3.78,AI is off,AI is off,AI is off,AI is off,Not paired,AI is off,0,0,0
1676000,12.3,0,5,0.47,0.21,0,0,87,1,0,20,False,True,0,0,53,40,30,3.78,AI is off,AI is off,AI is off,AI is off,Not paired,AI is off,0,0,0
1678000,12.2,0,5,0.46,0.21,0,0,85,1,0,20,False,True,0,0,51,38,28,3.78,AI is off,AI is off,AI is off,AI is off,Not paired,AI is off,0,0,0
1680000,12.1,0,5,0.46,0.21,0,0,85,1,0,20,False,True,0,0,52,40,30,3.78,AI is off,AI is off,AI is off,AI is off,Not paired,AI is off,0,0,0
1682000,12,0,5,0.46,0.21,0,0,85,1,0,20,False,True,0,0,53,39,30,3.78,AI is off,AI is off,AI is off,AI is off,Not paired,AI is off,0,0,0
1684000,12,0,5,0.46,0.21,0,0,85,1,0,20,False,True,0,0,53,40,31,3.78,AI is off,AI is off,AI is off,AI is off,Not paired,AI is off,0,0,0
1686000,11.9,0,5,0.46,0.21,0,0,85,1,0,20,False,True,0,0,50,39,28,3.78,AI is off,AI is off,AI is off,AI is off,Not paired,AI is off,0,0,0
1688000,12,0,5,0.46,0.21,0,0,85,1,0,20,False,True,0,0,52,39,28,3.78,AI is off,AI is off,AI is off,AI is off,Not paired,AI is off,0,0,0
1690000,12.1,0,5,0.46,0.21,0,0,91,1,0,20,False,True,0,0,52,39,29,3.78,AI is off,AI is off,AI is off,AI is off,Not paired,AI is off,0,0,0
1692000,12.2,0,5,0.46,0.21,0,0,91,1,0,20,False,True,0,0,52,40,29,3.78,AI is off,AI is off,AI is off,AI is off,Not paired,AI is off,0,0,0
1694000,12.2,0,5,0.46,0.21,0,0,84,1,0,20,False,True,0,0,51,39,29,3.78,AI is off,AI is off,AI is off,AI is off,Not paired,AI is off,0,0,0
1696000,12.3,0,5,0.46,0.21,0,0,84,1,0,20,False,True,0,0,54,41,30,3.78,AI is off,AI is off,AI is off,AI is off,Not paired,AI is off,0,0,0
1698000,12.3,0,5,0.47,0.21,0,0,84,1,0,20,False,True,0,0,52,40,32,3.78,AI is off,AI is off,AI is off,AI is off,Not paired,AI is off,0,0,0
1700000,12.3,0,5,0.47,0.21,0,0,84,1,0,20,False,True,0,0,51,40,31,3.78,AI is off,AI is off,AI is off,AI is off,Not paired,AI is off,0,0,0
1702000,12.3,0,5,0.47,0.21,0,0,84,1,0,20,False,True,0,0,52,39,30,3.78,AI is off,AI is off,AI is off,AI is off,Not paired,AI is off,0,0,0
1704000,12.4,0,5,0.47,0.21,0,0,84,1,0,20,False,True,0,0,52,40,30,3.78,AI is off,AI is off,AI is off,AI is off,Not paired,AI is off,0,0,0
1706000,12.4,0,5,0.47,0.21,0,0,80,1,0,20,False,True,0,0,52,39,30,3.78,AI is off,AI is off,AI is off,AI is off,Not paired,AI is off,0,0,0
1708000,12.7,0,5,0.47,0.21,0,0,80,1,0,20,False,True,0,0,51,39,30,3.78,AI is off,AI is off,AI is off,AI is off,Not paired,AI is off,0,0,0
1710000,12.6,0,5,0.47,0.21,0,0,80,1,0,20,False,True,0,0,52,39,31,3.78,AI is off,AI is off,AI is off,AI is off,Not paired,AI is off,0,0,0
1712000,12.6,0,5,0.47,0.21,0,0,74,1,0,20,False,True,0,0,52,39,29,3.78,AI is off,AI is off,AI is off,AI is off,Not paired,AI is off,0,0,0
1714000,12.6,0,5,0.47,0.21,0,0,74,1,0,20,False,True,0,0,53,40,30,3.78,AI is off,AI is off,AI is off,AI is off,Not paired,AI is off,0,0,0
1716000,12.8,0,5,0.48,0.21,0,0,74,1,0,20,False,True,0,0,52,39,31,3.78,AI is off,AI is off,AI is off,AI is off,Not paired,AI is off,0,0,0
1718000,12.9,0,5,0.48,0.21,0,0,74,1,0,20,False,True,0,0,52,39,31,3.78,AI is off,AI is off,AI is off,AI is off,Not paired,AI is off,0,0,0
1720000,12.9,0,5,0.48,0.21,0,0,74,1,0,20,False,True,0,0,52,40,31,3.78,AI is off,AI is off,AI is off,AI is off,Not paired,AI is off,0,0,0
1722000,13.1,0,5,0.48,0.21,0,0,69,1,0,20,False,True,0,0,52,40,32,3.78,AI is off,AI is off,AI is off,AI is off,Not paired,AI is off,0,0,0
1724000,13.3,0,5,0.48,0.21,0,0,69,1,0,20,False,True,0,0,52,39,31,3.78,AI is off,AI is off,AI is off,AI is off,Not paired,AI is off,0,0,0
1726000,13.3,0,5,0.49,0.21,0,0,69,1,0,20,False,True,0,0,53,39,30,3.78,AI is off,AI is off,AI is off,AI is off,Not paired,AI is off,0,0,0
1728000,13.3,0,5,0.49,0.21,0,0,63,1,0,20,False,True,0,0,52,39,30,3.78,AI is off,AI is off,AI is off,AI is off,Not paired,AI is off,0,0,0
1730000,13,0,5,0.48,0.21,0,0,63,1,0,20,False,True,0,0,53,39,30,3.78,AI is off,AI is off,AI is off,AI is off,Not paired,AI is off,0,0,0
1732000,12.9,0,5,0.48,0.21,0,0,67,1,0,20,False,True,0,0,52,39,30,3.78,AI is off,AI is off,AI is off,AI is off,Not paired,AI is off,0,0,0
1734000,12.8,0,5,0.48,0.21,0,0,67,1,0,20,False,True,0,0,53,40,30,3.78,AI is off,AI is off,AI is off,AI is off,Not paired,AI is off,0,0,0
1736000,12.7,0,5,0.48,0.21,0,0,67,1,0,20,False,True,0,0,53,40,30,3.78,AI is off,AI is off,AI is off,AI is off,Not paired,AI is off,0,0,0
1738000,12.4,0,5,0.47,0.21,0,0,67,1,0,20,False,True,0,0,51,39,29,3.78,AI is off,AI is off,AI is off,AI is off,Not paired,AI is off,0,0,0
1740000,12.3,0,5,0.46,0.21,0,0,67,1,0,20,False,True,0,0,52,39,30,3.78,AI is off,AI is off,AI is off,AI is off,Not paired,AI is off,0,0,0
1742000,12.2,0,5,0.46,0.21,0,0,83,1,0,20,False,True,0,0,53,40,30,3.78,AI is off,AI is off,AI is off,AI is off,Not paired,AI is off,0,0,0
1744000,11.8,0,5,0.46,0.21,0,0,83,1,0,20,False,True,0,0,52,39,30,3.78,AI is off,AI is off,AI is off,AI is off,Not paired,AI is off,0,0,0
1746000,11.7,0,5,0.45,0.21,0,0,83,1,0,20,False,True,0,0,52,40,30,3.78,AI is off,AI is off,AI is off,AI is off,Not paired,AI is off,0,0,0
1748000,11.6,0,5,0.45,0.21,0,0,99,1,0,20,False,True,0,0,52,39,27,3.78,AI is off,AI is off,AI is off,AI is off,Not paired,AI is off,0,0,0
1750000,11.5,0,5,0.45,0.21,0,0,99,1,0,20,False,True,0,0,53,40,31,3.78,AI is off,AI is off,AI is off,AI is off,Not paired,AI is off,0,0,0
1752000,11.4,0,5,0.45,0.21,0,0,99,1,0,20,False,True,0,0,55,44,33,3.78,AI is off,AI is off,AI is off,AI is off,Not paired,AI is off,0,0,0
1754000,11.3,0,5,0.44,0.21,0,0,99,1,0,20,False,True,0,0,54,39,30,3.78,AI is off,AI is off,AI is off,AI is off,Not paired,AI is off,0,0,0
1756000,11.2,0,5,0.44,0.21,0,0,99,1,0,20,False,True,0,0,54,40,29,3.78,AI is off,AI is off,AI is off,AI is off,Not paired,AI is off,0,0,0
1758000,11.2,0,5,0.44,0.21,0,0,99,1,0,20,False,True,0,0,52,39,30,3.78,AI is off,AI is off,AI is off,AI is off,Not paired,AI is off,0,0,0
1760000,11,0,5,0.44,0.21,0,0,99,1,0,20,False,True,0,0,52,39,27,3.78,AI is off,AI is off,AI is off,AI is off,Not paired,AI is off,0,0,0
1762000,10.9,0,5,0.44,0.21,0,0,99,1,0,20,False,True,0,0,53,40,31,3.78,AI is off,AI is off,AI is off,AI is off,Not paired,AI is off,0,0,0
1764000,10.8,0,5,0.44,0.21,0,0,99,1,0,20,False,True,0,0,54,42,31,3.78,AI is off,AI is off,AI is off,AI is off,Not paired,AI is off,0,0,0
1766000,10.6,0,5,0.43,0.21,0,0,99,1,0,20,False,True,0,0,54,43,31,3.78,AI is off,AI is off,AI is off,AI is off,Not paired,AI is off,0,0,0
1768000,10.5,0,5,0.43,0.21,0,0,99,1,0,20,False,True,0,0,53,41,30,3.78,AI is off,AI is off,AI is off,AI is off,Not paired,AI is off,0,0,0
1770000,10.4,0,5,0.43,0.21,0,0,99,1,0,20,False,True,0,0,51,39,28,3.78,AI is off,AI is off,AI is off,AI is off,Not paired,AI is off,0,0,0
1772000,10.4,0,5,0.43,0.21,0,0,99,1,0,20,False,True,0,0,52,38,30,3.78,AI is off,AI is off,AI is off,AI is off,Not paired,AI is off,0,0,0
1774000,10.1,0,4,0.42,0.21,0,0,99,1,0,20,False,True,0,0,53,41,30,3.78,AI is off,AI is off,AI is off,AI is off,Not paired,AI is off,0,0,0
1776000,10,0,4,0.42,0.21,0,0,99,1,0,20,False,True,0,0,53,39,31,3.78,AI is off,AI is off,AI is off,AI is off,Not paired,AI is off,0,0,0
1778000,10,0,4,0.42,0.21,0,0,99,1,0,20,False,True,0,0,55,41,31,3.78,AI is off,AI is off,AI is off,AI is off,Not paired,AI is off,0,0,0
1780000,9.900001,0,4,0.42,0.21,0,0,99,1,0,20,False,True,0,0,53,41,31,3.78,AI is off,AI is off,AI is off,AI is off,Not paired,AI is off,0,0,0
1782000,9.900001,0,4,0.41,0.21,0,0,99,1,0,20,False,True,0,0,53,42,31,3.78,AI is off,AI is off,AI is off,AI is off,Not paired,AI is off,0,0,0
1784000,9.900001,0,4,0.42,0.21,0,0,99,1,0,20,False,True,0,0,53,40,30,3.78,AI is off,AI is off,AI is off,AI is off,Not paired,AI is off,0,0,0
1786000,9.8,0,4,0.41,0.21,0,0,99,1,0,20,False,True,0,0,51,39,29,3.78,AI is off,AI is off,AI is off,AI is off,Not paired,AI is off,0,0,0
1788000,9.8,0,4,0.41,0.21,0,0,99,1,0,20,False,True,0,0,52,40,29,3.78,AI is off,AI is off,AI is off,AI is off,Not paired,AI is off,0,0,0
1790000,9.6,0,4,0.41,0.21,0,0,99,1,0,20,False,True,0,0,54,39,28,3.78,AI is off,AI is off,AI is off,AI is off,Not paired,AI is off,0,0,0
1792000,9.400001,0,4,0.41,0.21,0,0,99,1,0,20,False,True,0,0,54,40,30,3.78,AI is off,AI is off,AI is off,AI is off,Not paired,AI is off,0,0,0
1794000,9.2,0,4,0.4,0.21,0,0,99,1,0,20,False,True,0,0,54,42,32,3.78,AI is off,AI is off,AI is off,AI is off,Not paired,AI is off,0,0,0
1796000,9,0,4,0.4,0.21,0,0,99,1,0,20,False,True,0,0,58,44,33,3.78,AI is off,AI is off,AI is off,AI is off,Not paired,AI is off,0,0,0
1798000,8.6,0,4,0.39,0.21,0,0,99,1,0,20,False,True,0,0,53,40,30,3.78,AI is off,AI is off,AI is off,AI is off,Not paired,AI is off,0,0,0
1800000,8.5,0,4,0.39,0.21,0,0,99,1,0,20,False,True,0,0,52,40,29,3.78,AI is off,AI is off,AI is off,AI is off,Not paired,AI is off,0,0,0
1802000,8.400001,0,4,0.38,0.21,0,0,99,1,0,20,False,True,0,0,53,41,30,3.78,AI is off,AI is off,AI is off,AI is off,Not paired,AI is off,0,0,0
1804000,8.3,0,4,0.38,0.21,0,0,99,1,0,20,False,True,0,0,52,40,30,3.78,AI is off,AI is off,AI is off,AI is off,Not paired,AI is off,0,0,0
1806000,8.1,0,4,0.38,0.21,0,0,99,1,0,20,False,True,0,0,53,42,31,3.78,AI is off,AI is off,AI is off,AI is off,Not paired,AI is off,0,0,0
1808000,8.1,0,4,0.38,0.21,0,0,99,1,0,20,False,True,0,0,53,40,29,3.78,AI is off,AI is off,AI is off,AI is off,Not paired,AI is off,0,0,0
1810000,8,0,4,0.38,0.21,0,0,99,1,0,20,False,True,0,0,55,43,33,3.78,AI is off,AI is off,AI is off,AI is off,Not paired,AI is off,0,0,0
1812000,7.6,0,4,0.37,0.21,0,0,99,1,0,20,False,True,0,0,53,40,31,3.78,AI is off,AI is off,AI is off,AI is off,Not paired,AI is off,0,0,0
1814000,7.3,0,4,0.36,0.21,0,0,99,1,0,20,False,True,0,0,53,39,29,3.78,AI is off,AI is off,AI is off,AI is off,Not paired,AI is off,0,0,0
1816000,7.1,0,4,0.36,0.21,0,0,99,1,0,20,False,True,0,0,53,39,29,3.78,AI is off,AI is off,AI is off,AI is off,Not paired,AI is off,0,0,0
1818000,6.9,0,4,0.35,0.21,0,0,99,1,0,20,False,True,0,0,53,40,29,3.78,AI is off,AI is off,AI is off,AI is off,Not paired,AI is off,0,0,0
1820000,6.7,0,4,0.35,0.21,0,0,99,1,0,20,False,True,0,0,53,39,29,3.78,AI is off,AI is off,AI is off,AI is off,Not paired,AI is off,0,0,0
1822000,6.5,0,4,0.35,0.21,0,0,99,1,0,20,False,True,0,0,54,42,32,3.78,AI is off,AI is off,AI is off,AI is off,Not paired,AI is off,0,0,0
1824000,6.3,0,4,0.34,0.21,0,0,99,1,0,20,False,True,0,0,53,41,31,3.78,AI is off,AI is off,AI is off,AI is off,Not paired,AI is off,0,0,0
1826000,6.1,0,4,0.34,0.21,0,0,99,1,0,20,False,True,0,0,53,40,30,3.78,AI is off,AI is off,AI is off,AI is off,Not paired,AI is off,0,0,0
1828000,6.1,0,4,0.33,0.21,0,0,99,1,0,20,False,True,0,0,52,42,31,3.78,AI is off,AI is off,AI is off,AI is off,Not paired,AI is off,0,0,0
1830000,6.2,0,4,0.34,0.21,0,0,99,1,0,20,False,True,0,0,52,40,29,3.78,AI is off,AI is off,AI is off,AI is off,Not paired,AI is off,0,0,0
1832000,6.2,0,4,0.34,0.21,0,0,99,1,0,20,False,True,0,0,61,47,35,3.78,AI is off,AI is off,AI is off,AI is off,Not paired,AI is off,0,0,0
1834000,6,0,4,0.34,0.21,0,0,99,1,0,20,False,True,0,0,52,40,30,3.78,AI is off,AI is off,AI is off,AI is off,Not paired,AI is off,0,0,0
1836000,5.8,0,4,0.33,0.21,0,0,99,1,0,20,False,True,0,0,58,45,34,3.78,AI is off,AI is off,AI is off,AI is off,Not paired,AI is off,0,0,0
1838000,5.8,0,4,0.33,0.21,0,0,99,1,0,20,False,True,0,0,58,46,34,3.78,AI is off,AI is off,AI is off,AI is off,Not paired,AI is off,0,0,0
1840000,5.9,0,4,0.33,0.21,0,0,99,1,0,20,False,True,0,0,61,46,35,3.78,AI is off,AI is off,AI is off,AI is off,Not paired,AI is off,0,0,0
1842000,6,0,4,0.33,0.21,0,0,99,1,0,20,False,True,0,0,56,43,33,3.78,AI is off,AI is off,AI is off,AI is off,Not paired,AI is off,0,0,0
1844000,5.9,0,4,0.33,0.21,0,0,99,1,0,20,False,True,0,0,62,49,36,3.78,AI is off,AI is off,AI is off,AI is off,Not paired,AI is off,0,0,0
1846000,5.9,0,4,0.33,0.21,0,0,99,1,0,21,False,True,0,0,51,39,27,3.78,AI is off,AI is off,AI is off,AI is off,Not paired,AI is off,0,0,0
1848000,5.8,0,4,0.33,0.21,0,0,99,1,0,21,False,True,0,0,56,42,32,3.78,AI is off,AI is off,AI is off,AI is off,Not paired,AI is off,0,0,0
1850000,5.8,0,4,0.33,0.21,0,0,99,1,0,21,False,True,0,0,54,40,30,3.78,AI is off,AI is off,AI is off,AI is off,Not paired,AI is off,0,0,0
1852000,5.8,0,4,0.33,0.21,0,0,99,1,0,21,False,True,0,0,57,43,32,3.78,AI is off,AI is off,AI is off,AI is off,Not paired,AI is off,0,0,0
1854000,5.9,0,4,0.33,0.21,0,0,99,1,0,21,False,True,0,0,56,42,32,3.78,AI is off,AI is off,AI is off,AI is off,Not paired,AI is off,0,0,0
1856000,5.7,0,4,0.33,0.21,0,0,99,1,0,21,False,True,0,0,56,44,34,3.78,AI is off,AI is off,AI is off,AI is off,Not paired,AI is off,0,0,0
1858000,5.6,0,4,0.33,0.21,0,0,99,1,0,21,False,True,0,0,53,41,31,3.78,AI is off,AI is off,AI is off,AI is off,Not paired,AI is off,0,0,0
1860000,5.6,0,4,0.33,0.21,0,0,99,1,0,21,False,True,0,0,52,39,27,3.78,AI is off,AI is off,AI is off,AI is off,Not paired,AI is off,0,0,0
1862000,5.6,0,4,0.33,0.21,0,0,99,1,0,21,False,True,0,0,54,39,29,3.78,AI is off,AI is off,AI is off,AI is off,Not paired,AI is off,0,0,0
1864000,5.5,0,4,0.32,0.21,0,0,99,1,0,21,False,True,0,0,54,43,32,3.78,AI is off,AI is off,AI is off,AI is off,Not paired,AI is off,0,0,0
1866000,5.3,0,4,0.32,0.21,0,0,99,1,0,21,False,True,0,0,53,39,28,3.78,AI is off,AI is off,AI is off,AI is off,Not paired,AI is off,0,0,0
1868000,5.2,0,4,0.32,0.21,0,0,99,1,0,21,False,True,0,0,53,41,30,3.78,AI is off,AI is off,AI is off,AI is off,Not paired,AI is off,0,0,0
1870000,5.1,0,4,0.31,0.21,0,0,99,1,0,21,False,True,0,0,54,40,31,3.78,AI is off,AI is off,AI is off,AI is off,Not paired,AI is off,0,0,0
1872000,5.1,0,4,0.31,0.21,0,0,99,1,0,21,False,True,0,0,54,40,30,3.78,AI is off,AI is off,AI is off,AI is off,Not paired,AI is off,0,0,0
1874000,5,0,4,0.31,0.21,0,0,99,1,0,21,False,True,0,0,53,39,29,3.78,AI is off,AI is off,AI is off,AI is off,Not paired,AI is off,0,0,0
1876000,4.9,0,3,0.31,0.21,0,0,99,1,0,22,False,True,0,0,55,42,31,3.78,AI is off,AI is off,AI is off,AI is off,Not paired,AI is off,0,0,0
1878000,4.8,0,3,0.31,0.21,0,0,99,1,0,22,False,True,0,0,53,40,30,3.78,AI is off,AI is off,AI is off,AI is off,Not paired,AI is off,0,0,0
1880000,4.9,0,3,0.31,0.21,0,0,99,1,0,22,False,True,0,0,61,47,36,3.78,AI is off,AI is off,AI is off,AI is off,Not paired,AI is off,0,0,0
1882000,5.1,0,3,0.32,0.21,0,0,99,1,0,22,False,True,0,0,58,43,31,3.78,AI is off,AI is off,AI is off,AI is off,Not paired,AI is off,0,0,0
1884000,5.4,0,3,0.32,0.21,0,0,99,1,0,22,False,True,0,0,54,40,29,3.78,AI is off,AI is off,AI is off,AI is off,Not paired,AI is off,0,0,0
1886000,5.8,0,3,0.33,0.21,0,0,99,1,0,22,False,True,0,0,69,52,40,3.78,AI is off,AI is off,AI is off,AI is off,Not paired,AI is off,0,0,0
1888000,6,0,3,0.33,0.21,0,0,99,1,0,22,False,True,0,0,67,51,38,3.78,AI is off,AI is off,AI is off,AI is off,Not paired,AI is off,0,0,0
1890000,6.1,0,3,0.34,0.21,0,0,99,1,0,22,False,True,0,0,56,42,30,3.78,AI is off,AI is off,AI is off,AI is off,Not paired,AI is off,0,0,0
1892000,5.9,0,3,0.33,0.21,0,0,99,1,0,22,False,True,0,0,54,41,29,3.78,AI is off,AI is off,AI is off,AI is off,Not paired,AI is off,0,0,0
1894000,6.1,0,3,0.34,0.21,0,0,99,1,0,22,False,True,0,0,58,43,33,3.78,AI is off,AI is off,AI is off,AI is off,Not paired,AI is off,0,0,0
1896000,6.3,0,3,0.34,0.21,0,0,99,1,0,22,False,True,0,0,56,43,31,3.78,AI is off,AI is off,AI is off,AI is off,Not paired,AI is off,0,0,0
1898000,6.2,0,3,0.34,0.21,0,0,99,1,0,22,False,True,0,0,57,45,33,3.78,AI is off,AI is off,AI is off,AI is off,Not paired,AI is off,0,0,0
1900000,6.2,0,3,0.34,0.21,0,0,99,1,0,22,False,True,0,0,55,40,31,3.78,AI is off,AI is off,AI is off,AI is off,Not paired,AI is off,0,0,0
1902000,6.2,0,3,0.34,0.21,0,0,99,1,0,22,False,True,0,0,54,40,30,3.78,AI is off,AI is off,AI is off,AI is off,Not paired,AI is off,0,0,0
1904000,6.1,0,3,0.34,0.21,0,0,99,1,0,22,False,True,0,0,53,39,30,3.78,AI is off,AI is off,AI is off,AI is off,Not paired,AI is off,0,0,0
1906000,6,0,3,0.33,0.21,0,0,99,1,0,22,False,True,0,0,52,39,28,3.78,AI is off,AI is off,AI is off,AI is off,Not paired,AI is off,0,0,0
1908000,5.8,0,3,0.33,0.21,0,0,99,1,0,22,False,True,0,0,53,40,30,3.78,AI is off,AI is off,AI is off,AI is off,Not paired,AI is off,0,0,0
1910000,5.8,0,3,0.33,0.21,0,0,99,1,0,22,False,True,0,0,56,44,33,3.78,AI is off,AI is off,AI is off,AI is off,Not paired,AI is off,0,0,0
1912000,5.7,0,3,0.33,0.21,0,0,99,1,0,22,False,True,0,0,54,39,31,3.78,AI is off,AI is off,AI is off,AI is off,Not paired,AI is off,0,0,0
1914000,5.5,0,3,0.32,0.21,0,0,99,1,0,22,False,True,0,0,53,39,30,3.78,AI is off,AI is off,AI is off,AI is off,Not paired,AI is off,0,0,0
1916000,5.3,0,3,0.32,0.21,0,0,99,1,0,22,False,True,0,0,54,40,31,3.78,AI is off,AI is off,AI is off,AI is off,Not paired,AI is off,0,0,0
1918000,5.1,0,3,0.32,0.21,0,0,99,1,0,22,False,True,0,0,53,40,28,3.78,AI is off,AI is off,AI is off,AI is off,Not paired,AI is off,0,0,0
1920000,4.8,0,3,0.31,0.21,0,0,99,1,0,22,False,True,0,0,53,39,30,3.78,AI is off,AI is off,AI is off,AI is off,Not paired,AI is off,0,0,0
1922000,4.7,0,3,0.31,0.21,0,0,99,1,0,23,False,True,0,0,54,39,30,3.78,AI is off,AI is off,AI is off,AI is off,Not paired,AI is off,0,0,0
1924000,4.8,0,3,0.31,0.21,0,0,99,1,0,23,False,True,0,0,54,38,29,3.78,AI is off,AI is off,AI is off,AI is off,Not paired,AI is off,0,0,0
1926000,4.7,0,3,0.31,0.21,0,0,99,1,0,23,False,True,0,0,53,39,27,3.78,AI is off,AI is off,AI is off,AI is off,Not paired,AI is off,0,0,0
1928000,4.4,0,2,0.3,0.21,0,0,99,1,0,23,False,True,0,0,53,40,29,3.78,AI is off,AI is off,AI is off,AI is off,Not paired,AI is off,0,0,0
1930000,4.3,0,2,0.3,0.21,0,0,99,1,0,23,False,True,0,0,53,38,29,3.78,AI is off,AI is off,AI is off,AI is off,Not paired,AI is off,0,0,0
1932000,4,0,2,0.29,0.21,0,0,99,1,0,23,False,True,0,0,54,38,29,3.78,AI is off,AI is off,AI is off,AI is off,Not paired,AI is off,0,0,0
1934000,3.9,0,2,0.29,0.21,0,0,99,1,0,23,False,True,0,0,55,42,32,3.78,AI is off,AI is off,AI is off,AI is off,Not paired,AI is off,0,0,0
1936000,3.7,0,2,0.29,0.21,0,0,99,1,0,23,False,True,0,0,54,40,30,3.78,AI is off,AI is off,AI is off,AI is off,Not paired,AI is off,0,0,0
1938000,3.6,0,2,0.28,0.21,0,0,99,1,0,23,False,True,0,0,52,40,28,3.78,AI is off,AI is off,AI is off,AI is off,Not paired,AI is off,0,0,0
1940000,3.6,0,2,0.28,0.21,0,0,99,1,0,23,False,True,0,0,53,40,29,3.78,AI is off,AI is off,AI is off,AI is off,Not paired,AI is off,0,0,0
1942000,3.6,0,2,0.28,0.21,0,0,99,1,0,23,False,True,0,0,56,43,32,3.78,AI is off,AI is off,AI is off,AI is off,Not paired,AI is off,0,0,0
1944000,3.6,0,2,0.28,0.21,0,0,99,1,0,23,False,True,0,0,69,52,40,3.78,AI is off,AI is off,AI is off,AI is off,Not paired,AI is off,0,0,0
1946000,4.1,0,2,0.29,0.21,0,0,99,1,0,23,False,True,0,0,56,42,30,3.78,AI is off,AI is off,AI is off,AI is off,Not paired,AI is off,0,0,0
1948000,4.2,0,2,0.3,0.21,0,0,99,1,0,23,False,True,0,0,55,41,29,3.78,AI is off,AI is off,AI is off,AI is off,Not paired,AI is off,0,0,0
1950000,4.3,0,2,0.3,0.21,0,0,99,1,0,23,False,True,0,0,68,52,39,3.78,AI is off,AI is off,AI is off,AI is off,Not paired,AI is off,0,0,0
1952000,4.5,0,2,0.3,0.21,0,0,99,1,0,23,False,True,0,0,54,39,30,3.78,AI is off,AI is off,AI is off,AI is off,Not paired,AI is off,0,0,0
1954000,4.8,0,2,0.31,0.21,0,0,99,1,0,23,False,True,0,0,55,42,32,3.78,AI is off,AI is off,AI is off,AI is off,Not paired,AI is off,0,0,0
1956000,4.8,0,2,0.31,0.21,0,0,99,1,0,23,False,True,0,0,58,44,33,3.78,AI is off,AI is off,AI is off,AI is off,Not paired,AI is off,0,0,0
1958000,5.1,0,2,0.31,0.21,0,0,99,1,0,23,False,True,0,0,57,44,34,3.78,AI is off,AI is off,AI is off,AI is off,Not paired,AI is off,0,0,0
1960000,5.6,0,2,0.33,0.21,0,0,99,1,0,23,False,True,0,0,65,50,38,3.78,AI is off,AI is off,AI is off,AI is off,Not paired,AI is off,0,0,0
1962000,5.9,0,2,0.33,0.21,0,0,99,1,0,24,False,True,0,0,58,43,32,3.78,AI is off,AI is off,AI is off,AI is off,Not paired,AI is off,0,0,0
1964000,6,0,2,0.33,0.21,0,0,99,1,0,24,False,True,0,0,54,41,30,3.78,AI is off,AI is off,AI is off,AI is off,Not paired,AI is off,0,0,0
1966000,5.8,0,2,0.33,0.21,0,0,99,1,0,23,False,True,0,0,54,39,30,3.78,AI is off,AI is off,AI is off,AI is off,Not paired,AI is off,0,0,0
1968000,5.6,0,2,0.33,0.21,0,0,99,1,0,23,False,True,0,0,53,40,30,3.78,AI is off,AI is off,AI is off,AI is off,Not paired,AI is off,0,0,0
1970000,5.5,0,2,0.32,0.21,0,0,99,1,0,23,False,True,0,0,54,41,29,3.78,AI is off,AI is off,AI is off,AI is off,Not paired,AI is off,0,0,0
1972000,5.3,0,2,0.32,0.21,0,0,99,1,0,23,False,True,0,0,53,39,27,3.78,AI is off,AI is off,AI is off,AI is off,Not paired,AI is off,0,0,0
1974000,5.1,0,2,0.32,0.21,0,0,99,1,0,23,False,True,0,0,55,42,31,3.78,AI is off,AI is off,AI is off,AI is off,Not paired,AI is off,0,0,0
1976000,5.1,0,2,0.31,0.21,0,0,99,1,0,23,False,True,0,0,53,39,28,3.78,AI is off,AI is off,AI is off,AI is off,Not paired,AI is off,0,0,0
1978000,5.1,0,2,0.31,0.21,0,0,99,1,0,23,False,True,0,0,53,41,31,3.78,AI is off,AI is off,AI is off,AI is off,Not paired,AI is off,0,0,0
1980000,4.9,0,2,0.31,0.21,0,0,99,1,0,23,False,True,0,0,62,48,36,3.78,AI is off,AI is off,AI is off,AI is off,Not paired,AI is off,0,0,0
1982000,4.9,0,1,0.31,0.21,0,0,99,1,0,23,False,True,0,0,61,45,35,3.78,AI is off,AI is off,AI is off,AI is off,Not paired,AI is off,0,0,0
1984000,5,0,1,0.31,0.21,0,0,99,1,0,23,False,True,0,0,53,39,28,3.78,AI is off,AI is off,AI is off,AI is off,Not paired,AI is off,0,0,0
1986000,5.1,0,1,0.32,0.21,0,0,99,1,0,23,False,True,0,0,58,44,34,3.78,AI is off,AI is off,AI is off,AI is off,Not paired,AI is off,0,0,0
1988000,5.2,0,1,0.32,0.21,0,0,99,1,0,23,False,True,0,0,58,43,32,3.78,AI is off,AI is off,AI is off,AI is off,Not paired,AI is off,0,0,0
1990000,5.4,0,1,0.32,0.21,0,0,99,1,0,23,False,True,0,0,57,44,33,3.78,AI is off,AI is off,AI is off,AI is off,Not paired,AI is off,0,0,0
1992000,5.5,0,1,0.32,0.21,0,0,99,1,0,23,False,True,0,0,56,43,31,3.78,AI is off,AI is off,AI is off,AI is off,Not paired,AI is off,0,0,0
1994000,5.6,0,1,0.33,0.21,0,0,99,1,0,24,False,True,0,0,60,45,35,3.78,AI is off,AI is off,AI is off,AI is off,Not paired,AI is off,0,0,0
1996000,5.7,0,1,0.33,0.21,0,0,99,1,0,24,False,True,0,0,55,41,31,3.78,AI is off,AI is off,AI is off,AI is off,Not paired,AI is off,0,0,0
1998000,5.7,0,1,0.33,0.21,0,0,99,1,0,24,False,True,0,0,55,41,31,3.78,AI is off,AI is off,AI is off,AI is off,Not paired,AI is off,0,0,0
2000000,5.7,0,1,0.33,0.21,0,0,99,1,0,24,False,True,0,0,56,43,31,3.78,AI is off,AI is off,AI is off,AI is off,Not paired,AI is off,0,0,0
2002000,5.7,0,1,0.33,0.21,0,0,99,1,0,24,False,True,0,0,54,40,29,3.78,AI is off,AI is off,AI is off,AI is off,Not paired,AI is off,0,0,0
2004000,5.9,0,1,0.33,0.21,0,0,99,1,0,24,False,True,0,0,53,39,28,3.78,AI is off,AI is off,AI is off,AI is off,Not paired,AI is off,0,0,0
2006000,6,0,1,0.33,0.21,0,0,99,1,0,24,False,True,0,0,53,40,31,3.78,AI is off,AI is off,AI is off,AI is off,Not paired,AI is off,0,0,0
2008000,6.1,0,1,0.34,0.21,0,0,99,1,0,24,False,True,0,0,53,38,29,3.78,AI is off,AI is off,AI is off,AI is off,Not paired,AI is off,0,0,0
2010000,6,0,1,0.33,0.21,0,0,99,1,0,24,False,True,0,0,54,40,31,3.78,AI is off,AI is off,AI is off,AI is off,Not paired,AI is off,0,0,0
2012000,5.8,0,1,0.33,0.21,0,0,99,1,0,24,False,True,0,0,53,40,30,3.78,AI is off,AI is off,AI is off,AI is off,Not paired,AI is off,0,0,0
2014000,5.7,0,1,0.33,0.21,0,0,99,1,0,24,False,True,0,0,54,39,30,3.78,AI is off,AI is off,AI is off,AI is off,Not paired,AI is off,0,0,0
2016000,5.6,0,1,0.33,0.21,0,0,99,1,0,24,False,True,0,0,60,47,36,3.78,AI is off,AI is off,AI is off,AI is off,Not paired,AI is off,0,0,0
2018000,5.5,0,1,0.32,0.21,0,0,99,1,0,24,False,True,0,0,54,40,30,3.78,AI is off,AI is off,AI is off,AI is off,Not paired,AI is off,0,0,0
2020000,5.5,0,1,0.32,0.21,0,0,99,1,0,23,False,True,0,0,55,41,30,3.78,AI is off,AI is off,AI is off,AI is off,Not paired,AI is off,0,0,0
2022000,5.4,0,1,0.32,0.21,0,0,99,1,0,23,False,True,0,0,55,40,30,3.78,AI is off,AI is off,AI is off,AI is off,Not paired,AI is off,0,0,0
2024000,5.3,0,1,0.32,0.21,0,0,99,1,0,23,False,True,0,0,55,40,29,3.78,AI is off,AI is off,AI is off,AI is off,Not paired,AI is off,0,0,0
2026000,5.3,0,1,0.32,0.21,0,0,99,1,0,23,False,True,0,0,55,41,29,3.78,AI is off,AI is off,AI is off,AI is off,Not paired,AI is off,0,0,0
2028000,5.2,0,1,0.32,0.21,0,0,99,1,0,23,False,True,0,0,60,47,35,3.78,AI is off,AI is off,AI is off,AI is off,Not paired,AI is off,0,0,0
2030000,5.4,0,1,0.32,0.21,0,0,99,1,0,23,False,True,0,0,54,40,29,3.78,AI is off,AI is off,AI is off,AI is off,Not paired,AI is off,0,0,0
2032000,5.4,0,1,0.32,0.21,0,0,99,1,0,24,False,True,0,0,57,42,31,3.78,AI is off,AI is off,AI is off,AI is off,Not paired,AI is off,0,0,0
2034000,5.4,0,1,0.32,0.21,0,0,99,1,0,24,False,True,0,0,55,41,30,3.78,AI is off,AI is off,AI is off,AI is off,Not paired,AI is off,0,0,0
2036000,5.4,0,1,0.32,0.21,0,0,99,1,0,24,False,True,0,0,53,39,29,3.78,AI is off,AI is off,AI is off,AI is off,Not paired,AI is off,0,0,0
2038000,5.4,0,1,0.32,0.21,0,0,99,1,0,24,False,True,0,0,51,40,29,3.78,AI is off,AI is off,AI is off,AI is off,Not paired,AI is off,0,0,0
2040000,5.4,0,1,0.32,0.21,0,0,99,1,0,24,False,True,0,0,54,39,27,3.78,AI is off,AI is off,AI is off,AI is off,Not paired,AI is off,0,0,0
2042000,5.5,0,1,0.32,0.21,0,0,99,1,0,24,False,True,0,0,53,39,28,3.78,AI is off,AI is off,AI is off,AI is off,Not paired,AI is off,0,0,0
2044000,5.7,0,1,0.32,0.21,0,0,99,1,0,24,False,True,0,0,53,39,29,3.78,AI is off,AI is off,AI is off,AI is off,Not paired,AI is off,0,0,0
2046000,5.8,0,1,0.33,0.21,0,0,99,1,0,24,False,True,0,0,52,38,28,3.78,AI is off,AI is off,AI is off,AI is off,Not paired,AI is off,0,0,0
2048000,5.6,0,1,0.33,0.21,0,0,99,1,0,24,False,True,0,0,52,39,28,3.78,AI is off,AI is off,AI is off,AI is off,Not paired,AI is off,0,0,0
2050000,5.4,0,1,0.32,0.21,0,0,99,1,0,24,False,True,0,0,52,41,31,3.78,AI is off,AI is off,AI is off,AI is off,Not paired,AI is off,0,0,0
2052000,5.3,0,1,0.32,0.21,0,0,99,1,0,24,False,True,0,0,67,51,38,3.78,AI is off,AI is off,AI is off,AI is off,Not paired,AI is off,0,0,0
2054000,5.2,0,1,0.32,0.21,0,0,99,1,0,24,False,True,0,0,51,39,28,3.78,AI is off,AI is off,AI is off,AI is off,Not paired,AI is off,0,0,0
2056000,4.7,0,1,0.31,0.21,0,0,99,1,0,24,False,True,0,0,65,48,37,3.78,AI is off,AI is off,AI is off,AI is off,Not paired,AI is off,0,0,0
2058000,4.6,0,1,0.3,0.21,0,0,99,1,0,24,False,True,0,0,67,53,40,3.78,AI is off,AI is off,AI is off,AI is off,Not paired,AI is off,0,0,0
2060000,4.6,0,1,0.3,0.21,0,0,99,1,0,24,False,True,0,0,53,39,27,3.78,AI is off,AI is off,AI is off,AI is off,Not paired,AI is off,0,0,0
2062000,4.3,0,1,0.3,0.21,0,0,99,1,0,24,False,True,0,0,63,48,35,3.78,AI is off,AI is off,AI is off,AI is off,Not paired,AI is off,0,0,0
2064000,4.1,0,1,0.29,0.21,0,0,99,1,0,24,False,True,0,0,65,49,37,3.78,AI is off,AI is off,AI is off,AI is off,Not paired,AI is off,0,0,0
2066000,4,0,1,0.29,0.21,0,0,99,1,0,24,False,True,0,0,58,45,33,3.78,AI is off,AI is off,AI is off,AI is off,Not paired,AI is off,0,0,0
2068000,4,0,1,0.29,0.21,0,0,99,1,0,24,False,True,0,0,60,45,34,3.78,AI is off,AI is off,AI is off,AI is off,Not paired,AI is off,0,0,0
2070000,4,0,1,0.29,0.21,0,0,99,1,0,24,False,True,0,0,62,47,35,3.78,AI is off,AI is off,AI is off,AI is off,Not paired,AI is off,0,0,0
2072000,4,0,1,0.29,0.21,0,0,99,1,0,24,False,True,0,0,67,51,38,3.78,AI is off,AI is off,AI is off,AI is off,Not paired,AI is off,0,0,0
2074000,4,0,1,0.29,0.21,0,0,99,1,0,24,False,True,0,0,58,44,33,3.78,AI is off,AI is off,AI is off,AI is off,Not paired,AI is off,0,0,0
2076000,4,0,1,0.29,0.21,0,0,99,1,0,24,False,True,0,0,54,39,27,3.78,AI is off,AI is off,AI is off,AI is off,Not paired,AI is off,0,0,0
2078000,4.1,0,1,0.29,0.21,0,0,99,1,0,24,False,True,0,0,54,40,29,3.78,AI is off,AI is off,AI is off,AI is off,Not paired,AI is off,0,0,0
2080000,4,0,1,0.29,0.21,0,0,99,1,0,24,False,True,0,0,54,39,29,3.78,AI is off,AI is off,AI is off,AI is off,Not paired,AI is off,0,0,0
2082000,4.1,0,1,0.29,0.21,0,0,99,1,0,24,False,True,0,0,56,42,30,3.78,AI is off,AI is off,AI is off,AI is off,Not paired,AI is off,0,0,0
2084000,4,0,1,0.29,0.21,0,0,99,1,0,24,False,True,0,0,54,42,31,3.78,AI is off,AI is off,AI is off,AI is off,Not paired,AI is off,0,0,0
2086000,3.8,0,1,0.29,0.21,0,0,99,1,0,24,False,True,0,0,55,42,31,3.78,AI is off,AI is off,AI is off,AI is off,Not paired,AI is off,0,0,0
2088000,4.1,0,1,0.29,0.21,0,0,99,1,0,25,False,True,0,0,53,39,28,3.78,AI is off,AI is off,AI is off,AI is off,Not paired,AI is off,0,0,0
2090000,4.3,0,1,0.3,0.21,0,0,99,1,0,25,False,True,0,0,53,40,29,3.78,AI is off,AI is off,AI is off,AI is off,Not paired,AI is off,0,0,0
2092000,4.6,0,1,0.3,0.21,0,0,99,1,0,25,False,True,0,0,54,39,30,3.78,AI is off,AI is off,AI is off,AI is off,Not paired,AI is off,0,0,0
2094000,4.5,0,1,0.3,0.21,0,0,99,1,0,25,False,True,0,0,54,38,29,3.78,AI is off,AI is off,AI is off,AI is off,Not paired,AI is off,0,0,0
2096000,4.3,0,1,0.3,0.21,0,0,99,1,0,25,False,True,0,0,54,39,29,3.78,AI is off,AI is off,AI is off,AI is off,Not paired,AI is off,0,0,0
2098000,4,0,1,0.29,0.21,0,0,99,1,0,25,False,True,0,0,52,39,28,3.78,AI is off,AI is off,AI is off,AI is off,Not paired,AI is off,0,0,0
2100000,3.9,0,1,0.29,0.21,0,0,99,1,0,25,False,True,0,0,53,39,29,3.78,AI is off,AI is off,AI is off,AI is off,Not paired,AI is off,0,0,0
2102000,3.8,0,1,0.29,0.21,0,0,99,1,0,25,False,True,0,0,53,42,30,3.78,AI is off,AI is off,AI is off,AI is off,Not paired,AI is off,0,0,0
2104000,3.9,0,1,0.29,0.21,0,0,99,1,0,25,False,True,0,0,53,41,29,3.78,AI is off,AI is off,AI is off,AI is off,Not paired,AI is off,0,0,0
2106000,4.3,0,1,0.3,0.21,0,0,99,1,0,25,False,True,0,0,53,39,30,3.78,AI is off,AI is off,AI is off,AI is off,Not paired,AI is off,0,0,0
2108000,4.6,0,1,0.3,0.21,0,0,99,1,0,25,False,True,0,0,52,39,30,3.78,AI is off,AI is off,AI is off,AI is off,Not paired,AI is off,0,0,0
2110000,4.3,0,1,0.3,0.21,0,0,99,1,0,25,False,True,0,0,58,45,32,3.78,AI is off,AI is off,AI is off,AI is off,Not paired,AI is off,0,0,0
2112000,3.8,0,1,0.29,0.21,0,0,99,1,0,25,False,True,0,0,53,40,29,3.78,AI is off,AI is off,AI is off,AI is off,Not paired,AI is off,0,0,0
2114000,3.2,0,1,0.28,0.21,0,0,99,1,0,25,False,True,0,0,54,39,30,3.78,AI is off,AI is off,AI is off,AI is off,Not paired,AI is off,0,0,0
2116000,2.9,0,1,0.27,0.21,0,0,99,1,0,25,False,True,0,0,53,38,28,3.78,AI is off,AI is off,AI is off,AI is off,Not paired,AI is off,0,0,0
2118000,2.5,0,1,0.26,0.21,0,0,99,1,0,25,False,True,0,0,52,38,28,3.78,AI is off,AI is off,AI is off,AI is off,Not paired,AI is off,0,0,0
2120000,2.1,0,1,0.25,0.21,0,0,99,1,0,25,False,True,0,0,52,39,28,3.78,AI is off,AI is off,AI is off,AI is off,Not paired,AI is off,0,0,0
2122000,1.8,0,1,0.25,0.21,0,0,99,1,0,25,False,True,0,0,66,51,39,3.78,AI is off,AI is off,AI is off,AI is off,Not paired,AI is off,0,0,0
2124000,1.6,0,1,0.24,0.21,0,0,99,1,0,25,False,True,0,0,55,42,31,3.78,AI is off,AI is off,AI is off,AI is off,Not paired,AI is off,0,0,0
2126000,1.4,0,1,0.24,0.21,0,0,99,1,0,25,False,True,0,0,68,51,39,3.78,AI is off,AI is off,AI is off,AI is off,Not paired,AI is off,0,0,0
2128000,1.4,0,1,0.24,0.21,0,0,99,1,0,25,False,True,0,0,63,49,36,3.78,AI is off,AI is off,AI is off,AI is off,Not paired,AI is off,0,0,0
2130000,1.3,0,1,0.24,0.21,0,0,99,1,0,25,False,True,0,0,67,52,39,3.78,AI is off,AI is off,AI is off,AI is off,Not paired,AI is off,0,0,0
2132000,1.1,0,1,0.23,0.21,0,0,99,1,0,25,False,True,0,0,57,43,32,3.78,AI is off,AI is off,AI is off,AI is off,Not paired,AI is off,0,0,0
2134000,1.1,0,1,0.23,0.21,0,0,99,1,0,25,False,True,0,0,64,47,34,3.78,AI is off,AI is off,AI is off,AI is off,Not paired,AI is off,0,0,0
2136000,1,0,1,0.23,0.21,0,0,99,1,0,25,False,True,0,0,57,44,33,3.78,AI is off,AI is off,AI is off,AI is off,Not paired,AI is off,0,0,0
2138000,0,0,1,0.23,0.21,0,0,99,1,0,25,False,True,0,0,67,50,37,3.78,AI is off,AI is off,AI is off,AI is off,Not paired,AI is off,0,0,0
2140000,0,0,1,0.22,0.21,0,0,99,1,0,25,False,True,0,0,62,48,36,3.78,AI is off,AI is off,AI is off,AI is off,Not paired,AI is off,0,0,0
2142000,0,0,1,0.22,0.21,0,0,99,1,0,26,False,True,0,0,51,40,32,3.78,AI is off,AI is off,AI is off,AI is off,Not paired,AI is off,0,0,0
2144000,0,0,0,0.22,0.21,0,0,99,1,0,26,False,True,0,0,54,41,31,3.78,AI is off,AI is off,AI is off,AI is off,Not paired,AI is off,0,0,0
2146000,0,0,0,0.22,0.21,0,0,99,1,0,26,False,True,0,0,51,38,29,3.78,AI is off,AI is off,AI is off,AI is off,Not paired,AI is off,0,0,0
2148000,0,0,0,0.22,0.21,0,0,99,1,0,26,False,True,0,0,52,39,31,3.78,AI is off,AI is off,AI is off,AI is off,Not paired,AI is off,0,0,0
2150000,0,0,0,0.21,0.21,0,0,99,1,0,26,False,True,0,0,51,38,29,3.78,AI is off,AI is off,AI is off,AI is off,Not paired,AI is off,0,0,0
2152000,0,0,0,0.22,0.21,0,0,99,1,0,26,False,True,0,0,51,38,29,3.78,AI is off,AI is off,AI is off,AI is off,Not paired,AI is off,0,0,0
2154000,0,0,0,0.22,0.21,0,0,99,1,0,26,False,True,0,0,53,40,30,3.78,AI is off,AI is off,AI is off,AI is off,Not paired,AI is off,0,0,0
2156000,0,0,0,0.21,0.21,0,0,99,1,0,26,False,True,0,0,56,42,30,3.78,AI is off,AI is off,AI is off,AI is off,Not paired,AI is off,0,0,0
2158000,0,0,0,0.21,0.21,0,0,99,1,0,26,False,True,0,0,53,39,29,3.78,AI is off,AI is off,AI is off,AI is off,Not paired,AI is off,0,0,0
2160000,0,0,0,0.21,0.21,0,0,99,1,0,26,False,True,0,0,52,40,29,3.78,AI is off,AI is off,AI is off,AI is off,Not paired,AI is off,0,0,0
2162000,0,0,0,0.21,0.21,0,0,99,1,0,26,False,True,0,0,54,39,29,3.78,AI is off,AI is off,AI is off,AI is off,Not paired,AI is off,0,0,0
2164000,0,0,0,0.21,0.21,0,0,99,1,0,26,False,True,0,0,65,48,35,3.78,AI is off,AI is off,AI is off,AI is off,Not paired,AI is off,0,0,0
2166000,0,0,0,0.21,0.21,0,0,99,1,0,26,False,True,0,0,59,45,34,3.78,AI is off,AI is off,AI is off,AI is off,Not paired,AI is off,0,0,0
2168000,0,0,0,0.21,0.21,0,0,99,1,0,26,False,True,0,0,61,46,34,3.78,AI is off,AI is off,AI is off,AI is off,Not paired,AI is off,0,0,0
2170000,0,0,0,0.21,0.21,0,0,99,1,0,26,False,True,0,0,59,45,33,3.78,AI is off,AI is off,AI is off,AI is off,Not paired,AI is off,0,0,0
2172000,0,0,0,0.21,0.21,0,0,99,1,0,26,False,True,0,0,62,48,35,3.78,AI is off,AI is off,AI is off,AI is off,Not paired,AI is off,0,0,0
2174000,0,0,0,0.21,0.21,0,0,99,1,0,26,False,True,0,0,55,41,30,3.78,AI is off,AI is off,AI is off,AI is off,Not paired,AI is off,0,0,0
2176000,0,0,0,0.21,0.21,0,0,99,1,0,26,False,True,0,0,54,41,29,3.78,AI is off,AI is off,AI is off,AI is off,Not paired,AI is off,0,0,0
2178000,0,0,0,0.21,0.21,0,0,99,1,0,26,False,True,0,0,60,45,33,3.78,AI is off,AI is off,AI is off,AI is off,Not paired,AI is off,0,0,0
2180000,0,0,0,0.21,0.21,0,0,99,1,0,26,False,True,0,0,62,47,33,3.78,AI is off,AI is off,AI is off,AI is off,Not paired,AI is off,0,0,0
2182000,0,0,0,0.21,0.21,0,0,99,1,0,26,False,True,0,0,67,51,39,3.78,AI is off,AI is off,AI is off,AI is off,Not paired,AI is off,0,0,0
2184000,0,0,0,0.21,0.21,0,0,99,1,0,26,False,True,0,0,60,46,32,3.78,AI is off,AI is off,AI is off,AI is off,Not paired,AI is off,0,0,0
2186000,0,0,0,0.21,0.21,0,0,99,1,0,26,False,True,0,0,57,44,33,3.78,AI is off,AI is off,AI is off,AI is off,Not paired,AI is off,0,0,0
2188000,0,0,0,0.21,0.21,0,0,99,1,0,26,False,True,0,0,61,45,33,3.78,AI is off,AI is off,AI is off,AI is off,Not paired,AI is off,0,0,0
2190000,0,0,0,0.21,0.21,0,0,99,1,0,26,False,True,0,0,59,44,32,3.78,AI is off,AI is off,AI is off,AI is off,Not paired,AI is off,0,0,0
2192000,0,0,0,0.21,0.21,0,0,99,1,0,26,False,True,0,0,63,48,34,3.78,AI is off,AI is off,AI is off,AI is off,Not paired,AI is off,0,0,0
2194000,0,0,0,0.21,0.21,0,0,99,1,0,26,False,True,0,0,57,44,31,3.78,AI is off,AI is off,AI is off,AI is off,Not paired,AI is off,0,0,0
2196000,0,0,0,0.21,0.21,0,0,99,1,0,26,False,True,0,0,60,46,33,3.78,AI is off,AI is off,AI is off,AI is off,Not paired,AI is off,0,0,0