Dive Number,GF Minimum,GF Maximum,Surface Interval (min),Imperial Units,Start Battery Voltage,Start CNS %,Start Date,Start External O2 Sensor Status,Start Low Set Point,Start High Set Point,Computer Firmware Version,Max Depth,Max Time,Error History,End Battery Voltage,End CNS,End Date,End External O2 Sensor Status,End Low Set Point,End High Set Point,Computer Serial Number,Computer Firmware Version,Computer Model,Log Version,Deco Model,VPM-B Conservatism,Start Surface Pressure,End Surface Pressure,Product
161,40,85,1178,False,3.9,0,8/17/2024 11:40:23 AM,False,0,1,86,29,1718,,3.9,4,8/17/2024 12:08:56 PM,False,0,1,937B0677,86,2,13,GF,40/85,1004,1004,Peregrine
Time (ms),Depth,First Stop Depth,Time To Surface (min),Average PPO2,Fraction O2,Fraction He,First Stop Time,Current NDL,Current Circuit Mode,Current CCR Mode,Water Temp,Gas Switch Needed,External PPO2,Set Point Type,Circuit Switch Type,External O2 Sensor 1 (mV),External O2 Sensor 2 (mV),External O2 Sensor 3 (mV),Battery Voltage,Tank 1 pressure (PSI),Tank 2 pressure (PSI),Tank 3 pressure (PSI),Tank 4 pressure (PSI),Gas Time Remaining,SAC Rate (2 minute avg),Ascent Rate,Safe Ascent Depth,CO2mbar
0,5.4,0,1,0.32,0.21,0,0,0,1,0,27,False,True,0,0,50,36,24,3.91,AI is off,AI is off,AI is off,AI is off,Not paired,AI is off,0,0,0
2000,5.9,0,1,0.33,0.21,0,0,0,1,0,27,False,True,0,0,50,36,24,3.92,AI is off,AI is off,AI is off,AI is off,Not paired,AI is off,0,0,0
4000,6.4,0,1,0.34,0.21,0,0,99,1,0,27,False,True,0,0,51,37,25,3.92,AI is off,AI is off,AI is off,AI is off,Not paired,AI is off,0,0,0
6000,7.2,0,1,0.35,0.21,0,0,99,1,0,27,False,True,0,0,50,37,25,3.92,AI is off,AI is off,AI is off,AI is off,Not paired,AI is off,0,0,0
8000,7.9,0,1,0.37,0.21,0,0,99,1,0,27,False,True,0,0,51,37,25,3.92,AI is off,AI is off,AI is off,AI is off,Not paired,AI is off,0,0,0
10000,8.5,0,1,0.38,0.21,0,0,99,1,0,26,False,True,0,0,50,38,26,3.92,AI is off,AI is off,AI is off,AI is off,Not paired,AI is off,0,0,0
12000,9,0,1,0.39,0.21,0,0,99,1,0,26,False,True,0,0,51,39,26,3.92,AI is off,AI is off,AI is off,AI is off,Not paired,AI is off,0,0,0
14000,9.5,0,1,0.41,0.21,0,0,99,1,0,26,False,True,0,0,51,38,25,3.92,AI is off,AI is off,AI is off,AI is off,Not paired,AI is off,0,0,0
16000,10,0,1,0.41,0.21,0,0,99,1,0,26,False,True,0,0,50,37,25,3.92,AI is off,AI is off,AI is off,AI is off,Not paired,AI is off,0,0,0
18000,10.7,0,1,0.43,0.21,0,0,99,1,0,26,False,True,0,0,51,38,26,3.92,AI is off,AI is off,AI is off,AI is off,Not paired,AI is off,0,0,0
20000,11.2,0,1,0.44,0.21,0,0,99,1,0,26,False,True,0,0,51,39,27,3.92,AI is off,AI is off,AI is off,AI is off,Not paired,AI is off,0,0,0
22000,11.6,0,1,0.45,0.21,0,0,99,1,0,26,False,True,0,0,51,38,26,3.92,AI is off,AI is off,AI is off,AI is off,Not paired,AI is off,0,0,0
24000,11.9,0,1,0.46,0.21,0,0,99,1,0,25,False,True,0,0,52,39,26,3.92,AI is off,AI is off,AI is off,AI is off,Not paired,AI is off,0,0,0
26000,12.2,0,5,0.46,0.21,0,0,99,1,0,25,False,True,0,0,51,38,26,3.92,AI is off,AI is off,AI is off,AI is off,Not paired,AI is off,0,0,0
28000,12.4,0,5,0.47,0.21,0,0,99,1,0,25,False,True,0,0,50,37,25,3.92,AI is off,AI is off,AI is off,AI is off,Not paired,AI is off,0,0,0
30000,12.5,0,5,0.47,0.21,0,0,99,1,0,25,False,True,0,0,51,37,25,3.92,AI is off,AI is off,AI is off,AI is off,Not paired,AI is off,0,0,0
32000,12.7,0,5,0.47,0.21,0,0,99,1,0,25,False,True,0,0,50,36,24,3.92,AI is off,AI is off,AI is off,AI is off,Not paired,AI is off,0,0,0
34000,12.8,0,5,0.47,0.21,0,0,99,1,0,24,False,True,0,0,50,37,25,3.92,AI is off,AI is off,AI is off,AI is off,Not paired,AI is off,0,0,0
36000,13.1,0,5,0.48,0.21,0,0,95,1,0,24,False,True,0,0,50,36,24,3.92,AI is off,AI is off,AI is off,AI is off,Not paired,AI is off,0,0,0
38000,13.3,0,5,0.49,0.21,0,0,95,1,0,24,False,True,0,0,52,40,27,3.92,AI is off,AI is off,AI is off,AI is off,Not paired,AI is off,0,0,0
40000,13.5,0,5,0.49,0.21,0,0,95,1,0,23,False,True,0,0,51,39,27,3.92,AI is off,AI is off,AI is off,AI is off,Not paired,AI is off,0,0,0
42000,13.7,0,5,0.49,0.21,0,0,95,1,0,23,False,True,0,0,51,39,25,3.92,AI is off,AI is off,AI is off,AI is off,Not paired,AI is off,0,0,0
44000,13.8,0,5,0.5,0.21,0,0,95,1,0,23,False,True,0,0,51,38,25,3.92,AI is off,AI is off,AI is off,AI is off,Not paired,AI is off,0,0,0
46000,14,0,5,0.5,0.21,0,0,77,1,0,22,False,True,0,0,51,38,25,3.92,AI is off,AI is off,AI is off,AI is off,Not paired,AI is off,0,0,0
48000,14.2,0,5,0.5,0.21,0,0,77,1,0,22,False,True,0,0,51,38,25,3.92,AI is off,AI is off,AI is off,AI is off,Not paired,AI is off,0,0,0
50000,14.5,0,5,0.51,0.21,0,0,77,1,0,22,False,True,0,0,51,38,25,3.92,AI is off,AI is off,AI is off,AI is off,Not paired,AI is off,0,0,0
52000,15.1,0,5,0.52,0.21,0,0,69,1,0,22,False,True,0,0,50,37,24,3.92,AI is off,AI is off,AI is off,AI is off,Not paired,AI is off,0,0,0
54000,15.6,0,5,0.53,0.21,0,0,69,1,0,22,False,True,0,0,51,38,26,3.92,AI is off,AI is off,AI is off,AI is off,Not paired,AI is off,0,0,0
56000,16.4,0,5,0.55,0.21,0,0,69,1,0,22,False,True,0,0,51,38,26,3.92,AI is off,AI is off,AI is off,AI is off,Not paired,AI is off,0,0,0
58000,17.3,0,5,0.57,0.21,0,0,69,1,0,22,False,True,0,0,52,41,29,3.92,AI is off,AI is off,AI is off,AI is off,Not paired,AI is off,0,0,0
60000,18.2,0,5,0.58,0.21,0,0,69,1,0,21,False,True,0,0,52,40,28,3.92,AI is off,AI is off,AI is off,AI is off,Not paired,AI is off,0,0,0
62000,18.9,0,5,0.6,0.21,0,0,38,1,0,21,False,True,0,0,51,37,24,3.92,AI is off,AI is off,AI is off,AI is off,Not paired,AI is off,0,0,0
64000,19.6,0,5,0.62,0.21,0,0,38,1,0,21,False,True,0,0,52,38,26,3.92,AI is off,AI is off,AI is off,AI is off,Not paired,AI is off,0,0,0
66000,20.2,0,5,0.63,0.21,0,0,38,1,0,21,False,True,0,0,51,38,26,3.92,AI is off,AI is off,AI is off,AI is off,Not paired,AI is off,0,0,0
68000,20.7,0,5,0.64,0.21,0,0,31,1,0,21,False,True,0,0,52,38,26,3.92,AI is off,AI is off,AI is off,AI is off,Not paired,AI is off,0,0,0
70000,20.9,0,5,0.65,0.21,0,0,31,1,0,20,False,True,0,0,53,40,28,3.92,AI is off,AI is off,AI is off,AI is off,Not paired,AI is off,0,0,0
72000,21.2,0,5,0.65,0.21,0,0,31,1,0,20,False,True,0,0,53,40,28,3.92,AI is off,AI is off,AI is off,AI is off,Not paired,AI is off,0,0,0
74000,21.6,0,5,0.66,0.21,0,0,31,1,0,20,False,True,0,0,52,40,27,3.92,AI is off,AI is off,AI is off,AI is off,Not paired,AI is off,0,0,0
76000,22.1,0,5,0.67,0.21,0,0,31,1,0,20,False,True,0,0,52,40,27,3.92,AI is off,AI is off,AI is off,AI is off,Not paired,AI is off,0,0,0
78000,22.6,0,6,0.68,0.21,0,0,24,1,0,20,False,True,0,0,51,38,26,3.92,AI is off,AI is off,AI is off,AI is off,Not paired,AI is off,0,0,0
80000,22.9,0,6,0.69,0.21,0,0,24,1,0,20,False,True,0,0,52,40,28,3.92,AI is off,AI is off,AI is off,AI is off,Not paired,AI is off,0,0,0
82000,23.2,0,6,0.69,0.21,0,0,24,1,0,19,False,True,0,0,52,40,28,3.92,AI is off,AI is off,AI is off,AI is off,Not paired,AI is off,0,0,0
84000,23.1,0,6,0.69,0.21,0,0,22,1,0,19,False,True,0,0,52,40,27,3.92,AI is off,AI is off,AI is off,AI is off,Not paired,AI is off,0,0,0
86000,23.2,0,6,0.69,0.21,0,0,22,1,0,19,False,True,0,0,53,40,28,3.92,AI is off,AI is off,AI is off,AI is off,Not paired,AI is off,0,0,0
88000,23.6,0,6,0.7,0.21,0,0,22,1,0,19,False,True,0,0,52,39,27,3.92,AI is off,AI is off,AI is off,AI is off,Not paired,AI is off,0,0,0
90000,23.7,0,6,0.7,0.21,0,0,22,1,0,19,False,True,0,0,51,39,26,3.92,AI is off,AI is off,AI is off,AI is off,Not paired,AI is off,0,0,0
92000,23.8,0,6,0.71,0.21,0,0,22,1,0,18,False,True,0,0,52,39,27,3.92,AI is off,AI is off,AI is off,AI is off,Not paired,AI is off,0,0,0
94000,23.3,0,6,0.7,0.21,0,0,21,1,0,18,False,True,0,0,54,40,29,3.92,AI is off,AI is off,AI is off,AI is off,Not paired,AI is off,0,0,0
96000,23.3,0,6,0.7,0.21,0,0,21,1,0,18,False,True,0,0,54,40,28,3.92,AI is off,AI is off,AI is off,AI is off,Not paired,AI is off,0,0,0
98000,23.1,0,6,0.69,0.21,0,0,21,1,0,18,False,True,0,0,54,41,29,3.92,AI is off,AI is off,AI is off,AI is off,Not paired,AI is off,0,0,0
100000,22.9,0,6,0.69,0.21,0,0,22,1,0,18,False,True,0,0,52,40,28,3.92,AI is off,AI is off,AI is off,AI is off,Not paired,AI is off,0,0,0
102000,23.2,0,6,0.69,0.21,0,0,22,1,0,18,False,True,0,0,52,39,27,3.92,AI is off,AI is off,AI is off,AI is off,Not paired,AI is off,0,0,0
104000,23.5,0,6,0.7,0.21,0,0,22,1,0,17,False,True,0,0,52,40,29,3.92,AI is off,AI is off,AI is off,AI is off,Not paired,AI is off,0,0,0
106000,23.5,0,6,0.7,0.21,0,0,22,1,0,17,False,True,0,0,52,40,29,3.92,AI is off,AI is off,AI is off,AI is off,Not paired,AI is off,0,0,0
108000,23.6,0,6,0.7,0.21,0,0,22,1,0,17,False,True,0,0,53,40,28,3.92,AI is off,AI is off,AI is off,AI is off,Not paired,AI is off,0,0,0
110000,23.8,0,6,0.7,0.21,0,0,20,1,0,17,False,True,0,0,53,40,29,3.92,AI is off,AI is off,AI is off,AI is off,Not paired,AI is off,0,0,0
112000,23.9,0,6,0.71,0.21,0,0,20,1,0,17,False,True,0,0,53,40,28,3.92,AI is off,AI is off,AI is off,AI is off,Not paired,AI is off,0,0,0
114000,23.9,0,6,0.71,0.21,0,0,20,1,0,17,False,True,0,0,54,40,29,3.92,AI is off,AI is off,AI is off,AI is off,Not paired,AI is off,0,0,0
116000,23.9,0,6,0.71,0.21,0,0,20,1,0,16,False,True,0,0,53,40,29,3.92,AI is off,AI is off,AI is off,AI is off,Not paired,AI is off,0,0,0
118000,24,0,6,0.71,0.21,0,0,20,1,0,16,False,True,0,0,54,40,29,3.92,AI is off,AI is off,AI is off,AI is off,Not paired,AI is off,0,0,0
120000,24,0,6,0.71,0.21,0,0,20,1,0,16,False,True,0,0,53,41,30,3.92,AI is off,AI is off,AI is off,AI is off,Not paired,AI is off,0,0,0
122000,24.1,0,6,0.71,0.21,0,0,20,1,0,16,False,True,0,0,52,40,29,3.92,AI is off,AI is off,AI is off,AI is off,Not paired,AI is off,0,0,0
124000,24.2,0,6,0.71,0.21,0,0,20,1,0,16,False,True,0,0,52,41,30,3.92,AI is off,AI is off,AI is off,AI is off,Not paired,AI is off,0,0,0
126000,24.2,0,6,0.72,0.21,0,0,20,1,0,16,False,True,0,0,53,41,30,3.92,AI is off,AI is off,AI is off,AI is off,Not paired,AI is off,0,0,0
128000,24.4,0,6,0.71,0.21,0,0,20,1,0,16,False,True,0,0,53,41,30,3.92,AI is off,AI is off,AI is off,AI is off,Not paired,AI is off,0,0,0
130000,24.2,0,6,0.72,0.21,0,0,20,1,0,16,False,True,0,0,54,42,31,3.92,AI is off,AI is off,AI is off,AI is off,Not paired,AI is off,0,0,0
132000,24.2,0,6,0.71,0.21,0,0,20,1,0,16,False,True,0,0,53,40,28,3.92,AI is off,AI is off,AI is off,AI is off,Not paired,AI is off,0,0,0
134000,24.2,0,6,0.71,0.21,0,0,19,1,0,15,False,True,0,0,54,41,30,3.92,AI is off,AI is off,AI is off,AI is off,Not paired,AI is off,0,0,0
136000,24.3,0,6,0.72,0.21,0,0,19,1,0,15,False,True,0,0,54,41,29,3.92,AI is off,AI is off,AI is off,AI is off,Not paired,AI is off,0,0,0
138000,24.3,0,6,0.72,0.21,0,0,19,1,0,15,False,True,0,0,54,41,30,3.92,AI is off,AI is off,AI is off,AI is off,Not paired,AI is off,0,0,0
140000,24.7,0,6,0.72,0.21,0,0,19,1,0,15,False,True,0,0,53,41,30,3.92,AI is off,AI is off,AI is off,AI is off,Not paired,AI is off,0,0,0
142000,24.8,0,6,0.73,0.21,0,0,19,1,0,15,False,True,0,0,53,42,30,3.92,AI is off,AI is off,AI is off,AI is off,Not paired,AI is off,0,0,0
144000,24.7,0,6,0.73,0.21,0,0,19,1,0,15,False,True,0,0,53,40,29,3.92,AI is off,AI is off,AI is off,AI is off,Not paired,AI is off,0,0,0
146000,24.1,0,6,0.72,0.21,0,0,19,1,0,15,False,True,0,0,54,41,30,3.92,AI is off,AI is off,AI is off,AI is off,Not paired,AI is off,0,0,0
148000,24,0,6,0.71,0.21,0,0,19,1,0,15,False,True,0,0,54,41,30,3.92,AI is off,AI is off,AI is off,AI is off,Not paired,AI is off,0,0,0
150000,23.9,0,6,0.71,0.21,0,0,19,1,0,15,False,True,0,0,53,41,31,3.92,AI is off,AI is off,AI is off,AI is off,Not paired,AI is off,0,0,0
152000,23.8,0,6,0.71,0.21,0,0,19,1,0,15,False,True,0,0,53,42,31,3.92,AI is off,AI is off,AI is off,AI is off,Not paired,AI is off,0,0,0
154000,24.3,0,6,0.71,0.21,0,0,19,1,0,14,False,True,0,0,53,41,30,3.92,AI is off,AI is off,AI is off,AI is off,Not paired,AI is off,0,0,0
156000,24.7,0,6,0.72,0.21,0,0,19,1,0,15,False,True,0,0,53,41,30,3.92,AI is off,AI is off,AI is off,AI is off,Not paired,AI is off,0,0,0
158000,24.8,0,6,0.73,0.21,0,0,19,1,0,15,False,True,0,0,53,40,30,3.92,AI is off,AI is off,AI is off,AI is off,Not paired,AI is off,0,0,0
160000,24.5,0,6,0.72,0.21,0,0,19,1,0,14,False,True,0,0,53,40,30,3.92,AI is off,AI is off,AI is off,AI is off,Not paired,AI is off,0,0,0
162000,24.7,0,6,0.72,0.21,0,0,19,1,0,14,False,True,0,0,54,40,29,3.92,AI is off,AI is off,AI is off,AI is off,Not paired,AI is off,0,0,0
164000,24.8,0,6,0.73,0.21,0,0,18,1,0,14,False,True,0,0,53,41,30,3.92,AI is off,AI is off,AI is off,AI is off,Not paired,AI is off,0,0,0
166000,24.9,0,6,0.73,0.21,0,0,18,1,0,14,False,True,0,0,54,41,30,3.92,AI is off,AI is off,AI is off,AI is off,Not paired,AI is off,0,0,0
168000,25,0,6,0.73,0.21,0,0,18,1,0,14,False,True,0,0,53,40,30,3.92,AI is off,AI is off,AI is off,AI is off,Not paired,AI is off,0,0,0
170000,25,0,6,0.73,0.21,0,0,17,1,0,14,False,True,0,0,53,41,30,3.92,AI is off,AI is off,AI is off,AI is off,Not paired,AI is off,0,0,0
172000,25.1,0,6,0.73,0.21,0,0,17,1,0,14,False,True,0,0,53,41,30,3.92,AI is off,AI is off,AI is off,AI is off,Not paired,AI is off,0,0,0
174000,25.1,0,6,0.73,0.21,0,0,17,1,0,14,False,True,0,0,53,41,30,3.92,AI is off,AI is off,AI is off,AI is off,Not paired,AI is off,0,0,0
176000,25.4,0,6,0.74,0.21,0,0,17,1,0,14,False,True,0,0,53,41,30,3.92,AI is off,AI is off,AI is off,AI is off,Not paired,AI is off,0,0,0
178000,25.5,0,6,0.74,0.21,0,0,17,1,0,14,False,True,0,0,53,41,31,3.92,AI is off,AI is off,AI is off,AI is off,Not paired,AI is off,0,0,0
180000,25.1,0,6,0.74,0.21,0,0,17,1,0,14,False,True,0,0,52,40,29,3.92,AI is off,AI is off,AI is off,AI is off,Not paired,AI is off,0,0,0
182000,25.3,0,6,0.74,0.21,0,0,17,1,0,14,False,True,0,0,52,41,31,3.92,AI is off,AI is off,AI is off,AI is off,Not paired,AI is off,0,0,0
184000,25.6,0,6,0.74,0.21,0,0,17,1,0,14,False,True,0,0,53,42,32,3.92,AI is off,AI is off,AI is off,AI is off,Not paired,AI is off,0,0,0
186000,25.8,0,6,0.75,0.21,0,0,16,1,0,14,False,True,0,0,52,41,30,3.92,AI is off,AI is off,AI is off,AI is off,Not paired,AI is off,0,0,0
188000,25.7,0,6,0.75,0.21,0,0,16,1,0,14,False,True,0,0,54,41,31,3.92,AI is off,AI is off,AI is off,AI is off,Not paired,AI is off,0,0,0
190000,25.8,0,6,0.75,0.21,0,0,16,1,0,14,False,True,0,0,53,42,30,3.92,AI is off,AI is off,AI is off,AI is off,Not paired,AI is off,0,0,0
192000,26,0,6,0.75,0.21,0,0,16,1,0,14,False,True,0,0,53,42,31,3.92,AI is off,AI is off,AI is off,AI is off,Not paired,AI is off,0,0,0
194000,26,0,6,0.75,0.21,0,0,16,1,0,14,False,True,0,0,53,40,28,3.92,AI is off,AI is off,AI is off,AI is off,Not paired,AI is off,0,0,0
196000,26.1,0,6,0.75,0.21,0,0,16,1,0,14,False,True,0,0,53,40,29,3.92,AI is off,AI is off,AI is off,AI is off,Not paired,AI is off,0,0,0
198000,26,0,6,0.75,0.21,0,0,15,1,0,14,False,True,0,0,53,41,30,3.92,AI is off,AI is off,AI is off,AI is off,Not paired,AI is off,0,0,0
200000,26,0,6,0.75,0.21,0,0,15,1,0,14,False,True,0,0,53,41,30,3.92,AI is off,AI is off,AI is off,AI is off,Not paired,AI is off,0,0,0
202000,26.1,0,6,0.75,0.21,0,0,15,1,0,14,False,True,0,0,54,42,32,3.92,AI is off,AI is off,AI is off,AI is off,Not paired,AI is off,0,0,0
204000,26,0,6,0.75,0.21,0,0,15,1,0,14,False,True,0,0,54,43,32,3.92,AI is off,AI is off,AI is off,AI is off,Not paired,AI is off,0,0,0
206000,26.1,0,6,0.75,0.21,0,0,15,1,0,14,False,True,0,0,54,43,31,3.92,AI is off,AI is off,AI is off,AI is off,Not paired,AI is off,0,0,0
208000,26.1,0,6,0.75,0.21,0,0,15,1,0,14,False,True,0,0,55,44,33,3.92,AI is off,AI is off,AI is off,AI is off,Not paired,AI is off,0,0,0
210000,26.2,0,6,0.76,0.21,0,0,15,1,0,14,False,True,0,0,54,43,33,3.92,AI is off,AI is off,AI is off,AI is off,Not paired,AI is off,0,0,0
212000,26.2,0,6,0.76,0.21,0,0,15,1,0,14,False,True,0,0,54,42,32,3.92,AI is off,AI is off,AI is off,AI is off,Not paired,AI is off,0,0,0
214000,26.2,0,6,0.76,0.21,0,0,15,1,0,14,False,True,0,0,55,43,33,3.92,AI is off,AI is off,AI is off,AI is off,Not paired,AI is off,0,0,0
216000,26.2,0,6,0.76,0.21,0,0,15,1,0,13,False,True,0,0,54,42,32,3.92,AI is off,AI is off,AI is off,AI is off,Not paired,AI is off,0,0,0
218000,26.3,0,6,0.76,0.21,0,0,15,1,0,13,False,True,0,0,54,43,32,3.92,AI is off,AI is off,AI is off,AI is off,Not paired,AI is off,0,0,0
220000,26.2,0,6,0.76,0.21,0,0,15,1,0,13,False,True,0,0,55,43,32,3.92,AI is off,AI is off,AI is off,AI is off,Not paired,AI is off,0,0,0
222000,26.3,0,6,0.76,0.21,0,0,15,1,0,13,False,True,0,0,54,42,31,3.92,AI is off,AI is off,AI is off,AI is off,Not paired,AI is off,0,0,0
224000,26.4,0,6,0.76,0.21,0,0,15,1,0,13,False,True,0,0,54,42,32,3.92,AI is off,AI is off,AI is off,AI is off,Not paired,AI is off,0,0,0
226000,26.4,0,6,0.76,0.21,0,0,15,1,0,13,False,True,0,0,53,41,30,3.92,AI is off,AI is off,AI is off,AI is off,Not paired,AI is off,0,0,0
228000,26.2,0,6,0.76,0.21,0,0,15,1,0,13,False,True,0,0,54,42,30,3.92,AI is off,AI is off,AI is off,AI is off,Not paired,AI is off,0,0,0
230000,26.1,0,6,0.76,0.21,0,0,15,1,0,13,False,True,0,0,55,44,33,3.92,AI is off,AI is off,AI is off,AI is off,Not paired,AI is off,0,0,0
232000,26,0,6,0.75,0.21,0,0,15,1,0,13,False,True,0,0,53,40,29,3.92,AI is off,AI is off,AI is off,AI is off,Not paired,AI is off,0,0,0
234000,26.1,0,6,0.75,0.21,0,0,15,1,0,13,False,True,0,0,55,43,33,3.92,AI is off,AI is off,AI is off,AI is off,Not paired,AI is off,0,0,0
236000,26,0,6,0.75,0.21,0,0,14,1,0,13,False,True,0,0,54,43,32,3.92,AI is off,AI is off,AI is off,AI is off,Not paired,AI is off,0,0,0
238000,26.1,0,6,0.75,0.21,0,0,14,1,0,13,False,True,0,0,54,43,33,3.92,AI is off,AI is off,AI is off,AI is off,Not paired,AI is off,0,0,0
240000,26.1,0,6,0.76,0.21,0,0,14,1,0,13,False,True,0,0,54,41,32,3.92,AI is off,AI is off,AI is off,AI is off,Not paired,AI is off,0,0,0
242000,26.1,0,6,0.75,0.21,0,0,14,1,0,13,False,True,0,0,54,42,32,3.92,AI is off,AI is off,AI is off,AI is off,Not paired,AI is off,0,0,0
244000,26.1,0,6,0.76,0.21,0,0,14,1,0,13,False,True,0,0,54,42,32,3.92,AI is off,AI is off,AI is off,AI is off,Not paired,AI is off,0,0,0
246000,26.1,0,6,0.75,0.21,0,0,14,1,0,13,False,True,0,0,55,43,33,3.92,AI is off,AI is off,AI is off,AI is off,Not paired,AI is off,0,0,0
248000,26.1,0,6,0.75,0.21,0,0,14,1,0,13,False,True,0,0,55,44,33,3.92,AI is off,AI is off,AI is off,AI is off,Not paired,AI is off,0,0,0
250000,26.1,0,6,0.75,0.21,0,0,14,1,0,13,False,True,0,0,55,43,32,3.92,AI is off,AI is off,AI is off,AI is off,Not paired,AI is off,0,0,0
252000,26.2,0,6,0.76,0.21,0,0,14,1,0,13,False,True,0,0,54,43,33,3.92,AI is off,AI is off,AI is off,AI is off,Not paired,AI is off,0,0,0
254000,26.3,0,6,0.76,0.21,0,0,14,1,0,13,False,True,0,0,55,43,34,3.92,AI is off,AI is off,AI is off,AI is off,Not paired,AI is off,0,0,0
256000,26.4,0,6,0.76,0.21,0,0,14,1,0,13,False,True,0,0,55,44,34,3.92,AI is off,AI is off,AI is off,AI is off,Not paired,AI is off,0,0,0
258000,26.4,0,6,0.76,0.21,0,0,14,1,0,13,False,True,0,0,56,45,35,3.92,AI is off,AI is off,AI is off,AI is off,Not paired,AI is off,0,0,0
260000,26.4,0,6,0.76,0.21,0,0,14,1,0,13,False,True,0,0,55,45,34,3.92,AI is off,AI is off,AI is off,AI is off,Not paired,AI is off,0,0,0
262000,26.4,0,6,0.76,0.21,0,0,14,1,0,13,False,True,0,0,54,42,32,3.92,AI is off,AI is off,AI is off,AI is off,Not paired,AI is off,0,0,0
264000,26.4,0,6,0.76,0.21,0,0,14,1,0,13,False,True,0,0,55,43,32,3.92,AI is off,AI is off,AI is off,AI is off,Not paired,AI is off,0,0,0
266000,26.3,0,6,0.76,0.21,0,0,14,1,0,13,False,True,0,0,55,44,34,3.92,AI is off,AI is off,AI is off,AI is off,Not paired,AI is off,0,0,0
268000,26.4,0,6,0.76,0.21,0,0,14,1,0,13,False,True,0,0,54,44,33,3.92,AI is off,AI is off,AI is off,AI is off,Not paired,AI is off,0,0,0
270000,26.4,0,6,0.76,0.21,0,0,14,1,0,13,False,True,0,0,55,43,32,3.92,AI is off,AI is off,AI is off,AI is off,Not paired,AI is off,0,0,0
272000,26.4,0,6,0.76,0.21,0,0,14,1,0,13,False,True,0,0,55,44,34,3.92,AI is off,AI is off,AI is off,AI is off,Not paired,AI is off,0,0,0
274000,26.4,0,6,0.76,0.21,0,0,13,1,0,13,False,True,0,0,55,44,34,3.92,AI is off,AI is off,AI is off,AI is off,Not paired,AI is off,0,0,0
276000,26.4,0,6,0.76,0.21,0,0,13,1,0,13,False,True,0,0,55,44,34,3.92,AI is off,AI is off,AI is off,AI is off,Not paired,AI is off,0,0,0
278000,26.4,0,6,0.76,0.21,0,0,13,1,0,13,False,True,0,0,54,42,32,3.92,AI is off,AI is off,AI is off,AI is off,Not paired,AI is off,0,0,0
280000,26.4,0,6,0.76,0.21,0,0,13,1,0,13,False,True,0,0,55,43,33,3.92,AI is off,AI is off,AI is off,AI is off,Not paired,AI is off,0,0,0
282000,26.4,0,6,0.76,0.21,0,0,13,1,0,13,False,True,0,0,56,45,35,3.92,AI is off,AI is off,AI is off,AI is off,Not paired,AI is off,0,0,0
284000,26.6,0,6,0.76,0.21,0,0,13,1,0,13,False,True,0,0,53,41,32,3.92,AI is off,AI is off,AI is off,AI is off,Not paired,AI is off,0,0,0
286000,26.6,0,6,0.76,0.21,0,0,13,1,0,13,False,True,0,0,54,42,32,3.92,AI is off,AI is off,AI is off,AI is off,Not paired,AI is off,0,0,0
288000,26.5,0,6,0.76,0.21,0,0,13,1,0,13,False,True,0,0,56,44,33,3.92,AI is off,AI is off,AI is off,AI is off,Not paired,AI is off,0,0,0
290000,26.6,0,6,0.76,0.21,0,0,13,1,0,13,False,True,0,0,56,44,33,3.92,AI is off,AI is off,AI is off,AI is off,Not paired,AI is off,0,0,0
292000,26.6,0,6,0.76,0.21,0,0,13,1,0,13,False,True,0,0,55,44,33,3.92,AI is off,AI is off,AI is off,AI is off,Not paired,AI is off,0,0,0
294000,26.5,0,6,0.76,0.21,0,0,13,1,0,13,False,True,0,0,55,43,33,3.92,AI is off,AI is off,AI is off,AI is off,Not paired,AI is off,0,0,0
296000,26.4,0,6,0.76,0.21,0,0,13,1,0,13,False,True,0,0,55,43,32,3.92,AI is off,AI is off,AI is off,AI is off,Not paired,AI is off,0,0,0
298000,26.5,0,6,0.76,0.21,0,0,13,1,0,13,False,True,0,0,56,44,35,3.92,AI is off,AI is off,AI is off,AI is off,Not paired,AI is off,0,0,0
300000,26.5,0,6,0.76,0.21,0,0,13,1,0,13,False,True,0,0,56,44,34,3.92,AI is off,AI is off,AI is off,AI is off,Not paired,AI is off,0,0,0
302000,26.5,0,6,0.76,0.21,0,0,13,1,0,13,False,True,0,0,56,44,33,3.92,AI is off,AI is off,AI is off,AI is off,Not paired,AI is off,0,0,0
304000,26.4,0,6,0.76,0.21,0,0,13,1,0,13,False,True,0,0,54,43,33,3.92,AI is off,AI is off,AI is off,AI is off,Not paired,AI is off,0,0,0
306000,26.5,0,6,0.76,0.21,0,0,13,1,0,13,False,True,0,0,55,45,34,3.92,AI is off,AI is off,AI is off,AI is off,Not paired,AI is off,0,0,0
308000,26.5,0,6,0.76,0.21,0,0,13,1,0,13,False,True,0,0,55,45,34,3.92,AI is off,AI is off,AI is off,AI is off,Not paired,AI is off,0,0,0
310000,26.4,0,6,0.76,0.21,0,0,13,1,0,13,False,True,0,0,55,45,34,3.92,AI is off,AI is off,AI is off,AI is off,Not paired,AI is off,0,0,0
312000,26.5,0,6,0.76,0.21,0,0,13,1,0,13,False,True,0,0,54,43,32,3.92,AI is off,AI is off,AI is off,AI is off,Not paired,AI is off,0,0,0
314000,26.4,0,6,0.76,0.21,0,0,13,1,0,13,False,True,0,0,55,44,34,3.92,AI is off,AI is off,AI is off,AI is off,Not paired,AI is off,0,0,0
316000,26.4,0,6,0.76,0.21,0,0,13,1,0,13,False,True,0,0,55,45,35,3.92,AI is off,AI is off,AI is off,AI is off,Not paired,AI is off,0,0,0
318000,26.5,0,6,0.76,0.21,0,0,13,1,0,13,False,True,0,0,55,44,34,3.92,AI is off,AI is off,AI is off,AI is off,Not paired,AI is off,0,0,0
320000,26.6,0,6,0.76,0.21,0,0,13,1,0,13,False,True,0,0,55,44,33,3.92,AI is off,AI is off,AI is off,AI is off,Not paired,AI is off,0,0,0
322000,26.6,0,6,0.77,0.21,0,0,12,1,0,13,False,True,0,0,55,44,34,3.92,AI is off,AI is off,AI is off,AI is off,Not paired,AI is off,0,0,0
324000,26.5,0,6,0.76,0.21,0,0,12,1,0,13,False,True,0,0,55,43,33,3.92,AI is off,AI is off,AI is off,AI is off,Not paired,AI is off,0,0,0
326000,26.6,0,6,0.76,0.21,0,0,12,1,0,13,False,True,0,0,55,45,34,3.92,AI is off,AI is off,AI is off,AI is off,Not paired,AI is off,0,0,0
328000,26.7,0,6,0.77,0.21,0,0,12,1,0,13,False,True,0,0,55,44,34,3.92,AI is off,AI is off,AI is off,AI is off,Not paired,AI is off,0,0,0
330000,26.8,0,6,0.77,0.21,0,0,12,1,0,13,False,True,0,0,54,43,32,3.92,AI is off,AI is off,AI is off,AI is off,Not paired,AI is off,0,0,0
332000,26.8,0,6,0.77,0.21,0,0,12,1,0,13,False,True,0,0,55,43,32,3.92,AI is off,AI is off,AI is off,AI is off,Not paired,AI is off,0,0,0
334000,26.8,0,6,0.77,0.21,0,0,12,1,0,13,False,True,0,0,56,44,34,3.92,AI is off,AI is off,AI is off,AI is off,Not paired,AI is off,0,0,0
336000,26.8,0,6,0.77,0.21,0,0,12,1,0,13,False,True,0,0,55,44,34,3.92,AI is off,AI is off,AI is off,AI is off,Not paired,AI is off,0,0,0
338000,26.8,0,6,0.77,0.21,0,0,12,1,0,13,False,True,0,0,55,44,33,3.92,AI is off,AI is off,AI is off,AI is off,Not paired,AI is off,0,0,0
340000,26.8,0,6,0.77,0.21,0,0,12,1,0,13,False,True,0,0,55,44,34,3.92,AI is off,AI is off,AI is off,AI is off,Not paired,AI is off,0,0,0
342000,26.7,0,6,0.77,0.21,0,0,12,1,0,13,False,True,0,0,55,44,34,3.92,AI is off,AI is off,AI is off,AI is off,Not paired,AI is off,0,0,0
344000,26.7,0,6,0.77,0.21,0,0,12,1,0,13,False,True,0,0,56,44,33,3.92,AI is off,AI is off,AI is off,AI is off,Not paired,AI is off,0,0,0
346000,26.7,0,6,0.77,0.21,0,0,12,1,0,13,False,True,0,0,55,44,34,3.92,AI is off,AI is off,AI is off,AI is off,Not paired,AI is off,0,0,0
348000,26.6,0,6,0.77,0.21,0,0,12,1,0,13,False,True,0,0,56,44,34,3.92,AI is off,AI is off,AI is off,AI is off,Not paired,AI is off,0,0,0
350000,26.7,0,6,0.77,0.21,0,0,12,1,0,13,False,True,0,0,56,44,33,3.92,AI is off,AI is off,AI is off,AI is off,Not paired,AI is off,0,0,0
352000,26.6,0,6,0.77,0.21,0,0,12,1,0,13,False,True,0,0,56,44,34,3.92,AI is off,AI is off,AI is off,AI is off,Not paired,AI is off,0,0,0
354000,26.6,0,6,0.77,0.21,0,0,12,1,0,13,False,True,0,0,57,44,34,3.92,AI is off,AI is off,AI is off,AI is off,Not paired,AI is off,0,0,0
356000,26.7,0,6,0.77,0.21,0,0,12,1,0,13,False,True,0,0,57,44,35,3.92,AI is off,AI is off,AI is off,AI is off,Not paired,AI is off,0,0,0
358000,26.8,0,6,0.77,0.21,0,0,12,1,0,13,False,True,0,0,57,44,34,3.92,AI is off,AI is off,AI is off,AI is off,Not paired,AI is off,0,0,0
360000,26.8,0,6,0.77,0.21,0,0,12,1,0,13,False,True,0,0,55,44,33,3.92,AI is off,AI is off,AI is off,AI is off,Not paired,AI is off,0,0,0
362000,26.9,0,6,0.77,0.21,0,0,12,1,0,13,False,True,0,0,56,44,34,3.92,AI is off,AI is off,AI is off,AI is off,Not paired,AI is off,0,0,0
364000,26.9,0,6,0.77,0.21,0,0,12,1,0,13,False,True,0,0,55,44,34,3.92,AI is off,AI is off,AI is off,AI is off,Not paired,AI is off,0,0,0
366000,26.9,0,6,0.77,0.21,0,0,11,1,0,13,False,True,0,0,56,45,35,3.92,AI is off,AI is off,AI is off,AI is off,Not paired,AI is off,0,0,0
368000,27,0,6,0.77,0.21,0,0,11,1,0,13,False,True,0,0,57,45,36,3.92,AI is off,AI is off,AI is off,AI is off,Not paired,AI is off,0,0,0
370000,27,0,6,0.77,0.21,0,0,11,1,0,13,False,True,0,0,56,44,34,3.92,AI is off,AI is off,AI is off,AI is off,Not paired,AI is off,0,0,0
372000,26.9,0,6,0.77,0.21,0,0,11,1,0,13,False,True,0,0,56,44,34,3.92,AI is off,AI is off,AI is off,AI is off,Not paired,AI is off,0,0,0
374000,26.9,0,6,0.77,0.21,0,0,11,1,0,13,False,True,0,0,56,44,34,3.92,AI is off,AI is off,AI is off,AI is off,Not paired,AI is off,0,0,0
376000,27,0,6,0.77,0.21,0,0,11,1,0,13,False,True,0,0,56,45,34,3.92,AI is off,AI is off,AI is off,AI is off,Not paired,AI is off,0,0,0
378000,26.9,0,6,0.77,0.21,0,0,11,1,0,13,False,True,0,0,57,45,36,3.92,AI is off,AI is off,AI is off,AI is off,Not paired,AI is off,0,0,0
380000,26.8,0,6,0.77,0.21,0,0,11,1,0,13,False,True,0,0,57,45,36,3.92,AI is off,AI is off,AI is off,AI is off,Not paired,AI is off,0,0,0
382000,26.8,0,6,0.77,0.21,0,0,11,1,0,13,False,True,0,0,57,45,35,3.92,AI is off,AI is off,AI is off,AI is off,Not paired,AI is off,0,0,0
384000,27.1,0,6,0.77,0.21,0,0,11,1,0,13,False,True,0,0,56,45,35,3.92,AI is off,AI is off,AI is off,AI is off,Not paired,AI is off,0,0,0
386000,27.2,0,6,0.78,0.21,0,0,11,1,0,13,False,True,0,0,56,44,34,3.92,AI is off,AI is off,AI is off,AI is off,Not paired,AI is off,0,0,0
388000,27,0,6,0.78,0.21,0,0,11,1,0,13,False,True,0,0,57,46,37,3.92,AI is off,AI is off,AI is off,AI is off,Not paired,AI is off,0,0,0
390000,26.9,0,6,0.77,0.21,0,0,11,1,0,13,False,True,0,0,54,43,32,3.92,AI is off,AI is off,AI is off,AI is off,Not paired,AI is off,0,0,0
392000,26.6,0,6,0.77,0.21,0,0,11,1,0,13,False,True,0,0,56,45,35,3.92,AI is off,AI is off,AI is off,AI is off,Not paired,AI is off,0,0,0
394000,26.5,0,6,0.76,0.21,0,0,11,1,0,13,False,True,0,0,55,44,34,3.92,AI is off,AI is off,AI is off,AI is off,Not paired,AI is off,0,0,0
396000,26.4,0,6,0.76,0.21,0,0,11,1,0,13,False,True,0,0,54,43,33,3.92,AI is off,AI is off,AI is off,AI is off,Not paired,AI is off,0,0,0
398000,26.4,0,6,0.76,0.21,0,0,11,1,0,13,False,True,0,0,57,46,37,3.92,AI is off,AI is off,AI is off,AI is off,Not paired,AI is off,0,0,0
400000,26.3,0,6,0.76,0.21,0,0,11,1,0,13,False,True,0,0,56,45,36,3.92,AI is off,AI is off,AI is off,AI is off,Not paired,AI is off,0,0,0
402000,26.3,0,6,0.76,0.21,0,0,11,1,0,13,False,True,0,0,56,45,36,3.92,AI is off,AI is off,AI is off,AI is off,Not paired,AI is off,0,0,0
404000,26.3,0,6,0.76,0.21,0,0,11,1,0,13,False,True,0,0,57,45,36,3.92,AI is off,AI is off,AI is off,AI is off,Not paired,AI is off,0,0,0
406000,26.4,0,6,0.76,0.21,0,0,11,1,0,13,False,True,0,0,57,45,36,3.92,AI is off,AI is off,AI is off,AI is off,Not paired,AI is off,0,0,0
408000,26.4,0,6,0.76,0.21,0,0,11,1,0,13,False,True,0,0,57,46,36,3.92,AI is off,AI is off,AI is off,AI is off,Not paired,AI is off,0,0,0
410000,26.5,0,6,0.76,0.21,0,0,11,1,0,13,False,True,0,0,56,45,37,3.92,AI is off,AI is off,AI is off,AI is off,Not paired,AI is off,0,0,0
412000,26.6,0,6,0.76,0.21,0,0,11,1,0,13,False,True,0,0,56,45,35,3.92,AI is off,AI is off,AI is off,AI is off,Not paired,AI is off,0,0,0
414000,26.7,0,6,0.77,0.21,0,0,11,1,0,13,False,True,0,0,55,44,33,3.92,AI is off,AI is off,AI is off,AI is off,Not paired,AI is off,0,0,0
416000,26.7,0,6,0.77,0.21,0,0,11,1,0,13,False,True,0,0,56,44,34,3.92,AI is off,AI is off,AI is off,AI is off,Not paired,AI is off,0,0,0
418000,26.7,0,6,0.77,0.21,0,0,11,1,0,13,False,True,0,0,56,45,34,3.92,AI is off,AI is off,AI is off,AI is off,Not paired,AI is off,0,0,0
420000,26.7,0,6,0.77,0.21,0,0,11,1,0,13,False,True,0,0,55,44,34,3.92,AI is off,AI is off,AI is off,AI is off,Not paired,AI is off,0,0,0
422000,26.8,0,6,0.77,0.21,0,0,11,1,0,13,False,True,0,0,57,45,36,3.92,AI is off,AI is off,AI is off,AI is off,Not paired,AI is off,0,0,0
424000,26.9,0,6,0.77,0.21,0,0,11,1,0,13,False,True,0,0,57,46,35,3.92,AI is off,AI is off,AI is off,AI is off,Not paired,AI is off,0,0,0
426000,27,0,6,0.77,0.21,0,0,10,1,0,13,False,True,0,0,57,46,36,3.92,AI is off,AI is off,AI is off,AI is off,Not paired,AI is off,0,0,0
428000,27,0,6,0.77,0.21,0,0,10,1,0,13,False,True,0,0,55,43,33,3.92,AI is off,AI is off,AI is off,AI is off,Not paired,AI is off,0,0,0
430000,27,0,6,0.77,0.21,0,0,10,1,0,13,False,True,0,0,55,44,33,3.92,AI is off,AI is off,AI is off,AI is off,Not paired,AI is off,0,0,0
432000,27,0,6,0.77,0.21,0,0,10,1,0,13,False,True,0,0,57,45,35,3.92,AI is off,AI is off,AI is off,AI is off,Not paired,AI is off,0,0,0
434000,27.1,0,6,0.78,0.21,0,0,10,1,0,13,False,True,0,0,57,46,36,3.92,AI is off,AI is off,AI is off,AI is off,Not paired,AI is off,0,0,0
436000,27.1,0,6,0.78,0.21,0,0,10,1,0,13,False,True,0,0,56,45,35,3.92,AI is off,AI is off,AI is off,AI is off,Not paired,AI is off,0,0,0
438000,27.2,0,6,0.78,0.21,0,0,10,1,0,13,False,True,0,0,56,44,34,3.92,AI is off,AI is off,AI is off,AI is off,Not paired,AI is off,0,0,0
440000,27.3,0,6,0.78,0.21,0,0,10,1,0,13,False,True,0,0,55,44,33,3.92,AI is off,AI is off,AI is off,AI is off,Not paired,AI is off,0,0,0
442000,27.3,0,6,0.78,0.21,0,0,9,1,0,13,False,True,0,0,57,45,35,3.92,AI is off,AI is off,AI is off,AI is off,Not paired,AI is off,0,0,0
444000,27.4,0,6,0.78,0.21,0,0,9,1,0,13,False,True,0,0,58,46,35,3.92,AI is off,AI is off,AI is off,AI is off,Not paired,AI is off,0,0,0
446000,27.3,0,6,0.78,0.21,0,0,9,1,0,13,False,True,0,0,56,45,34,3.92,AI is off,AI is off,AI is off,AI is off,Not paired,AI is off,0,0,0
448000,27.4,0,6,0.78,0.21,0,0,9,1,0,13,False,True,0,0,56,44,34,3.92,AI is off,AI is off,AI is off,AI is off,Not paired,AI is off,0,0,0
450000,27.5,0,6,0.78,0.21,0,0,9,1,0,13,False,True,0,0,55,44,34,3.92,AI is off,AI is off,AI is off,AI is off,Not paired,AI is off,0,0,0
452000,27.5,0,6,0.78,0.21,0,0,9,1,0,13,False,True,0,0,55,44,35,3.92,AI is off,AI is off,AI is off,AI is off,Not paired,AI is off,0,0,0
454000,27.5,0,6,0.78,0.21,0,0,9,1,0,13,False,True,0,0,56,45,35,3.92,AI is off,AI is off,AI is off,AI is off,Not paired,AI is off,0,0,0
456000,27.6,0,6,0.79,0.21,0,0,9,1,0,13,False,True,0,0,55,44,34,3.92,AI is off,AI is off,AI is off,AI is off,Not paired,AI is off,0,0,0
458000,27.6,0,6,0.79,0.21,0,0,9,1,0,13,False,True,0,0,56,45,36,3.92,AI is off,AI is off,AI is off,AI is off,Not paired,AI is off,0,0,0
460000,27.7,0,6,0.79,0.21,0,0,9,1,0,13,False,True,0,0,56,44,33,3.92,AI is off,AI is off,AI is off,AI is off,Not paired,AI is off,0,0,0
462000,27.7,0,6,0.79,0.21,0,0,9,1,0,13,False,True,0,0,56,45,35,3.92,AI is off,AI is off,AI is off,AI is off,Not paired,AI is off,0,0,0
464000,27.6,0,6,0.79,0.21,0,0,9,1,0,13,False,True,0,0,56,45,34,3.92,AI is off,AI is off,AI is off,AI is off,Not paired,AI is off,0,0,0
466000,27.8,0,6,0.79,0.21,0,0,9,1,0,13,False,True,0,0,56,46,35,3.92,AI is off,AI is off,AI is off,AI is off,Not paired,AI is off,0,0,0
468000,27.8,0,6,0.79,0.21,0,0,9,1,0,13,False,True,0,0,55,44,35,3.92,AI is off,AI is off,AI is off,AI is off,Not paired,AI is off,0,0,0
470000,27.9,0,6,0.79,0.21,0,0,8,1,0,12,False,True,0,0,56,45,36,3.92,AI is off,AI is off,AI is off,AI is off,Not paired,AI is off,0,0,0
472000,28,0,6,0.79,0.21,0,0,8,1,0,13,False,True,0,0,56,45,35,3.92,AI is off,AI is off,AI is off,AI is off,Not paired,AI is off,0,0,0
474000,27.9,0,6,0.79,0.21,0,0,8,1,0,12,False,True,0,0,55,43,33,3.92,AI is off,AI is off,AI is off,AI is off,Not paired,AI is off,0,0,0
476000,28,0,6,0.79,0.21,0,0,8,1,0,12,False,True,0,0,56,46,36,3.92,AI is off,AI is off,AI is off,AI is off,Not paired,AI is off,0,0,0
478000,28.1,0,6,0.79,0.21,0,0,8,1,0,12,False,True,0,0,56,45,34,3.92,AI is off,AI is off,AI is off,AI is off,Not paired,AI is off,0,0,0
480000,28,0,6,0.8,0.21,0,0,8,1,0,12,False,True,0,0,56,45,34,3.92,AI is off,AI is off,AI is off,AI is off,Not paired,AI is off,0,0,0
482000,27.9,0,6,0.79,0.21,0,0,8,1,0,12,False,True,0,0,55,43,34,3.92,AI is off,AI is off,AI is off,AI is off,Not paired,AI is off,0,0,0
484000,28,0,6,0.79,0.21,0,0,8,1,0,12,False,True,0,0,55,45,36,3.92,AI is off,AI is off,AI is off,AI is off,Not paired,AI is off,0,0,0
486000,28.1,0,6,0.8,0.21,0,0,8,1,0,12,False,True,0,0,55,45,36,3.92,AI is off,AI is off,AI is off,AI is off,Not paired,AI is off,0,0,0
488000,28.1,0,6,0.8,0.21,0,0,8,1,0,12,False,True,0,0,56,44,35,3.92,AI is off,AI is off,AI is off,AI is off,Not paired,AI is off,0,0,0
490000,28.2,0,6,0.8,0.21,0,0,8,1,0,12,False,True,0,0,56,45,36,3.92,AI is off,AI is off,AI is off,AI is off,Not paired,AI is off,0,0,0
492000,28.1,0,6,0.8,0.21,0,0,8,1,0,12,False,True,0,0,55,45,35,3.92,AI is off,AI is off,AI is off,AI is off,Not paired,AI is off,0,0,0
494000,28.1,0,6,0.8,0.21,0,0,8,1,0,12,False,True,0,0,56,45,35,3.92,AI is off,AI is off,AI is off,AI is off,Not paired,AI is off,0,0,0
496000,28.1,0,6,0.8,0.21,0,0,8,1,0,12,False,True,0,0,56,44,34,3.92,AI is off,AI is off,AI is off,AI is off,Not paired,AI is off,0,0,0
498000,28.2,0,6,0.8,0.21,0,0,8,1,0,12,False,True,0,0,56,45,35,3.92,AI is off,AI is off,AI is off,AI is off,Not paired,AI is off,0,0,0
500000,27.9,0,6,0.79,0.21,0,0,8,1,0,12,False,True,0,0,55,44,34,3.92,AI is off,AI is off,AI is off,AI is off,Not paired,AI is off,0,0,0
502000,28.1,0,6,0.8,0.21,0,0,8,1,0,12,False,True,0,0,56,46,37,3.92,AI is off,AI is off,AI is off,AI is off,Not paired,AI is off,0,0,0
504000,28,0,6,0.79,0.21,0,0,8,1,0,12,False,True,0,0,56,46,36,3.92,AI is off,AI is off,AI is off,AI is off,Not paired,AI is off,0,0,0
506000,28.1,0,6,0.8,0.21,0,0,8,1,0,12,False,True,0,0,57,45,35,3.92,AI is off,AI is off,AI is off,AI is off,Not paired,AI is off,0,0,0
508000,28.2,0,6,0.8,0.21,0,0,8,1,0,12,False,True,0,0,56,45,35,3.92,AI is off,AI is off,AI is off,AI is off,Not paired,AI is off,0,0,0
510000,28.1,0,6,0.8,0.21,0,0,8,1,0,12,False,True,0,0,57,45,36,3.92,AI is off,AI is off,AI is off,AI is off,Not paired,AI is off,0,0,0
512000,28.2,0,6,0.8,0.21,0,0,8,1,0,12,False,True,0,0,57,45,35,3.92,AI is off,AI is off,AI is off,AI is off,Not paired,AI is off,0,0,0
514000,28.2,0,6,0.8,0.21,0,0,8,1,0,12,False,True,0,0,56,45,35,3.92,AI is off,AI is off,AI is off,AI is off,Not paired,AI is off,0,0,0
516000,28.2,0,6,0.8,0.21,0,0,8,1,0,12,False,True,0,0,56,43,33,3.92,AI is off,AI is off,AI is off,AI is off,Not paired,AI is off,0,0,0
518000,28.3,0,6,0.8,0.21,0,0,7,1,0,12,False,True,0,0,57,45,36,3.92,AI is off,AI is off,AI is off,AI is off,Not paired,AI is off,0,0,0
520000,28.3,0,6,0.8,0.21,0,0,7,1,0,12,False,True,0,0,57,45,36,3.92,AI is off,AI is off,AI is off,AI is off,Not paired,AI is off,0,0,0
522000,28.3,0,6,0.8,0.21,0,0,7,1,0,12,False,True,0,0,57,45,35,3.92,AI is off,AI is off,AI is off,AI is off,Not paired,AI is off,0,0,0
524000,28.2,0,6,0.8,0.21,0,0,7,1,0,12,False,True,0,0,56,45,35,3.92,AI is off,AI is off,AI is off,AI is off,Not paired,AI is off,0,0,0
526000,28.1,0,6,0.8,0.21,0,0,7,1,0,12,False,True,0,0,55,44,34,3.92,AI is off,AI is off,AI is off,AI is off,Not paired,AI is off,0,0,0
528000,28.1,0,6,0.8,0.21,0,0,7,1,0,12,False,True,0,0,56,44,34,3.92,AI is off,AI is off,AI is off,AI is off,Not paired,AI is off,0,0,0
530000,28.2,0,6,0.8,0.21,0,0,7,1,0,12,False,True,0,0,56,45,35,3.92,AI is off,AI is off,AI is off,AI is off,Not paired,AI is off,0,0,0
532000,28.3,0,6,0.8,0.21,0,0,7,1,0,12,False,True,0,0,56,46,36,3.92,AI is off,AI is off,AI is off,AI is off,Not paired,AI is off,0,0,0
534000,28.2,0,6,0.8,0.21,0,0,7,1,0,12,False,True,0,0,57,45,35,3.92,AI is off,AI is off,AI is off,AI is off,Not paired,AI is off,0,0,0
536000,28.2,0,6,0.8,0.21,0,0,7,1,0,12,False,True,0,0,57,45,36,3.92,AI is off,AI is off,AI is off,AI is off,Not paired,AI is off,0,0,0
538000,28.1,0,6,0.8,0.21,0,0,7,1,0,12,False,True,0,0,57,46,37,3.92,AI is off,AI is off,AI is off,AI is off,Not paired,AI is off,0,0,0
540000,28.1,0,6,0.8,0.21,0,0,7,1,0,12,False,True,0,0,56,45,36,3.92,AI is off,AI is off,AI is off,AI is off,Not paired,AI is off,0,0,0
542000,28,0,6,0.8,0.21,0,0,7,1,0,12,False,True,0,0,58,46,36,3.92,AI is off,AI is off,AI is off,AI is off,Not paired,AI is off,0,0,0
544000,28,0,6,0.79,0.21,0,0,7,1,0,12,False,True,0,0,57,46,36,3.92,AI is off,AI is off,AI is off,AI is off,Not paired,AI is off,0,0,0
546000,27.9,0,6,0.79,0.21,0,0,7,1,0,12,False,True,0,0,57,45,36,3.92,AI is off,AI is off,AI is off,AI is off,Not paired,AI is off,0,0,0
548000,28,0,6,0.79,0.21,0,0,7,1,0,12,False,True,0,0,57,45,37,3.92,AI is off,AI is off,AI is off,AI is off,Not paired,AI is off,0,0,0
550000,27.9,0,6,0.79,0.21,0,0,7,1,0,12,False,True,0,0,57,46,36,3.92,AI is off,AI is off,AI is off,AI is off,Not paired,AI is off,0,0,0
552000,27.9,0,6,0.79,0.21,0,0,7,1,0,12,False,True,0,0,57,45,36,3.92,AI is off,AI is off,AI is off,AI is off,Not paired,AI is off,0,0,0
554000,27.9,0,6,0.79,0.21,0,0,7,1,0,12,False,True,0,0,57,46,36,3.92,AI is off,AI is off,AI is off,AI is off,Not paired,AI is off,0,0,0
556000,27.9,0,6,0.79,0.21,0,0,7,1,0,12,False,True,0,0,57,45,37,3.92,AI is off,AI is off,AI is off,AI is off,Not paired,AI is off,0,0,0
558000,27.9,0,6,0.79,0.21,0,0,7,1,0,12,False,True,0,0,57,45,36,3.92,AI is off,AI is off,AI is off,AI is off,Not paired,AI is off,0,0,0
560000,27.9,0,6,0.79,0.21,0,0,7,1,0,12,False,True,0,0,57,45,36,3.92,AI is off,AI is off,AI is off,AI is off,Not paired,AI is off,0,0,0
562000,28,0,6,0.79,0.21,0,0,7,1,0,12,False,True,0,0,57,46,36,3.92,AI is off,AI is off,AI is off,AI is off,Not paired,AI is off,0,0,0
564000,28,0,6,0.79,0.21,0,0,7,1,0,12,False,True,0,0,57,46,37,3.92,AI is off,AI is off,AI is off,AI is off,Not paired,AI is off,0,0,0
566000,28.1,0,6,0.8,0.21,0,0,7,1,0,12,False,True,0,0,56,45,35,3.92,AI is off,AI is off,AI is off,AI is off,Not paired,AI is off,0,0,0
568000,28.2,0,6,0.8,0.21,0,0,6,1,0,12,False,True,0,0,57,45,37,3.92,AI is off,AI is off,AI is off,AI is off,Not paired,AI is off,0,0,0
570000,28.2,0,6,0.8,0.21,0,0,6,1,0,12,False,True,0,0,57,45,36,3.92,AI is off,AI is off,AI is off,AI is off,Not paired,AI is off,0,0,0
572000,28.2,0,6,0.8,0.21,0,0,6,1,0,12,False,True,0,0,57,46,37,3.92,AI is off,AI is off,AI is off,AI is off,Not paired,AI is off,0,0,0
574000,28.2,0,6,0.8,0.21,0,0,6,1,0,12,False,True,0,0,57,46,37,3.92,AI is off,AI is off,AI is off,AI is off,Not paired,AI is off,0,0,0
576000,28.2,0,6,0.8,0.21,0,0,6,1,0,12,False,True,0,0,56,44,34,3.92,AI is off,AI is off,AI is off,AI is off,Not paired,AI is off,0,0,0
578000,28,0,6,0.8,0.21,0,0,6,1,0,12,False,True,0,0,56,45,35,3.92,AI is off,AI is off,AI is off,AI is off,Not paired,AI is off,0,0,0
580000,28,0,6,0.79,0.21,0,0,6,1,0,12,False,True,0,0,56,44,34,3.92,AI is off,AI is off,AI is off,AI is off,Not paired,AI is off,0,0,0
582000,28.1,0,6,0.8,0.21,0,0,6,1,0,12,False,True,0,0,56,44,35,3.92,AI is off,AI is off,AI is off,AI is off,Not paired,AI is off,0,0,0
584000,28.3,0,6,0.8,0.21,0,0,6,1,0,12,False,True,0,0,55,44,35,3.92,AI is off,AI is off,AI is off,AI is off,Not paired,AI is off,0,0,0
586000,28.3,0,6,0.8,0.21,0,0,6,1,0,12,False,True,0,0,55,44,34,3.92,AI is off,AI is off,AI is off,AI is off,Not paired,AI is off,0,0,0
588000,28.4,0,6,0.8,0.21,0,0,6,1,0,12,False,True,0,0,56,44,35,3.92,AI is off,AI is off,AI is off,AI is off,Not paired,AI is off,0,0,0
590000,28.4,0,6,0.8,0.21,0,0,6,1,0,12,False,True,0,0,56,45,35,3.92,AI is off,AI is off,AI is off,AI is off,Not paired,AI is off,0,0,0
592000,28.5,0,6,0.8,0.21,0,0,6,1,0,12,False,True,0,0,57,45,36,3.92,AI is off,AI is off,AI is off,AI is off,Not paired,AI is off,0,0,0
594000,28.5,0,6,0.8,0.21,0,0,6,1,0,12,False,True,0,0,57,45,36,3.92,AI is off,AI is off,AI is off,AI is off,Not paired,AI is off,0,0,0
596000,28.7,0,6,0.81,0.21,0,0,6,1,0,12,False,True,0,0,57,45,36,3.92,AI is off,AI is off,AI is off,AI is off,Not paired,AI is off,0,0,0
598000,28.9,0,6,0.81,0.21,0,0,6,1,0,12,False,True,0,0,57,45,35,3.92,AI is off,AI is off,AI is off,AI is off,Not paired,AI is off,0,0,0
600000,28.9,0,6,0.81,0.21,0,0,6,1,0,12,False,True,0,0,56,45,35,3.92,AI is off,AI is off,AI is off,AI is off,Not paired,AI is off,0,0,0
602000,28.5,0,6,0.81,0.21,0,0,5,1,0,12,False,True,0,0,55,45,35,3.92,AI is off,AI is off,AI is off,AI is off,Not paired,AI is off,0,0,0
604000,28.8,0,6,0.81,0.21,0,0,5,1,0,12,False,True,0,0,57,45,35,3.92,AI is off,AI is off,AI is off,AI is off,Not paired,AI is off,0,0,0
606000,28.9,0,6,0.81,0.21,0,0,5,1,0,11,False,True,0,0,57,45,36,3.92,AI is off,AI is off,AI is off,AI is off,Not paired,AI is off,0,0,0
608000,28.9,0,6,0.81,0.21,0,0,5,1,0,11,False,True,0,0,57,45,35,3.92,AI is off,AI is off,AI is off,AI is off,Not paired,AI is off,0,0,0
610000,29,0,6,0.81,0.21,0,0,5,1,0,11,False,True,0,0,57,45,36,3.92,AI is off,AI is off,AI is off,AI is off,Not paired,AI is off,0,0,0
612000,29,0,6,0.82,0.21,0,0,5,1,0,11,False,True,0,0,57,45,37,3.92,AI is off,AI is off,AI is off,AI is off,Not paired,AI is off,0,0,0
614000,28.9,0,6,0.81,0.21,0,0,5,1,0,11,False,True,0,0,56,45,35,3.92,AI is off,AI is off,AI is off,AI is off,Not paired,AI is off,0,0,0
616000,28.9,0,6,0.81,0.21,0,0,5,1,0,11,False,True,0,0,57,46,37,3.92,AI is off,AI is off,AI is off,AI is off,Not paired,AI is off,0,0,0
618000,28.6,0,6,0.81,0.21,0,0,5,1,0,11,False,True,0,0,57,46,36,3.92,AI is off,AI is off,AI is off,AI is off,Not paired,AI is off,0,0,0
620000,28.7,0,6,0.81,0.21,0,0,5,1,0,11,False,True,0,0,57,45,35,3.92,AI is off,AI is off,AI is off,AI is off,Not paired,AI is off,0,0,0
622000,28.8,0,6,0.81,0.21,0,0,5,1,0,11,False,True,0,0,55,44,34,3.92,AI is off,AI is off,AI is off,AI is off,Not paired,AI is off,0,0,0
624000,28.7,0,6,0.81,0.21,0,0,5,1,0,11,False,True,0,0,56,45,34,3.92,AI is off,AI is off,AI is off,AI is off,Not paired,AI is off,0,0,0
626000,28.6,0,6,0.81,0.21,0,0,5,1,0,11,False,True,0,0,57,45,35,3.92,AI is off,AI is off,AI is off,AI is off,Not paired,AI is off,0,0,0
628000,28.6,0,6,0.81,0.21,0,0,5,1,0,11,False,True,0,0,57,45,34,3.92,AI is off,AI is off,AI is off,AI is off,Not paired,AI is off,0,0,0
630000,28.6,0,6,0.81,0.21,0,0,5,1,0,11,False,True,0,0,55,44,34,3.92,AI is off,AI is off,AI is off,AI is off,Not paired,AI is off,0,0,0
632000,28.6,0,6,0.81,0.21,0,0,5,1,0,11,False,True,0,0,56,45,34,3.92,AI is off,AI is off,AI is off,AI is off,Not paired,AI is off,0,0,0
634000,28.6,0,6,0.81,0.21,0,0,5,1,0,11,False,True,0,0,55,44,34,3.92,AI is off,AI is off,AI is off,AI is off,Not paired,AI is off,0,0,0
636000,28.7,0,6,0.81,0.21,0,0,5,1,0,11,False,True,0,0,56,45,35,3.92,AI is off,AI is off,AI is off,AI is off,Not paired,AI is off,0,0,0
638000,28.6,0,6,0.81,0.21,0,0,5,1,0,11,False,True,0,0,56,44,35,3.92,AI is off,AI is off,AI is off,AI is off,Not paired,AI is off,0,0,0
640000,28.5,0,6,0.81,0.21,0,0,5,1,0,11,False,True,0,0,57,47,36,3.92,AI is off,AI is off,AI is off,AI is off,Not paired,AI is off,0,0,0
642000,28.5,0,6,0.81,0.21,0,0,5,1,0,11,False,True,0,0,57,46,35,3.92,AI is off,AI is off,AI is off,AI is off,Not paired,AI is off,0,0,0
644000,28.6,0,6,0.81,0.21,0,0,5,1,0,11,False,True,0,0,57,45,35,3.92,AI is off,AI is off,AI is off,AI is off,Not paired,AI is off,0,0,0
646000,28.7,0,6,0.81,0.21,0,0,5,1,0,11,False,True,0,0,57,46,35,3.92,AI is off,AI is off,AI is off,AI is off,Not paired,AI is off,0,0,0
648000,28.6,0,6,0.81,0.21,0,0,5,1,0,11,False,True,0,0,56,45,35,3.92,AI is off,AI is off,AI is off,AI is off,Not paired,AI is off,0,0,0
650000,28.5,0,6,0.81,0.21,0,0,5,1,0,11,False,True,0,0,57,46,35,3.92,AI is off,AI is off,AI is off,AI is off,Not paired,AI is off,0,0,0
652000,28.4,0,6,0.8,0.21,0,0,5,1,0,11,False,True,0,0,56,45,36,3.91,AI is off,AI is off,AI is off,AI is off,Not paired,AI is off,0,0,0
654000,28.4,0,6,0.8,0.21,0,0,5,1,0,11,False,True,0,0,57,45,35,3.91,AI is off,AI is off,AI is off,AI is off,Not paired,AI is off,0,0,0
656000,28.2,0,6,0.8,0.21,0,0,5,1,0,11,False,True,0,0,57,45,35,3.92,AI is off,AI is off,AI is off,AI is off,Not paired,AI is off,0,0,0
658000,28.1,0,6,0.8,0.21,0,0,5,1,0,11,False,True,0,0,56,45,34,3.92,AI is off,AI is off,AI is off,AI is off,Not paired,AI is off,0,0,0
660000,28,0,6,0.8,0.21,0,0,5,1,0,11,False,True,0,0,56,45,35,3.92,AI is off,AI is off,AI is off,AI is off,Not paired,AI is off,0,0,0
662000,28,0,6,0.79,0.21,0,0,5,1,0,11,False,True,0,0,56,45,36,3.92,AI is off,AI is off,AI is off,AI is off,Not paired,AI is off,0,0,0
664000,27.7,0,6,0.79,0.21,0,0,5,1,0,11,False,True,0,0,57,45,35,3.92,AI is off,AI is off,AI is off,AI is off,Not paired,AI is off,0,0,0
666000,27.6,0,6,0.79,0.21,0,0,5,1,0,11,False,True,0,0,56,45,36,3.92,AI is off,AI is off,AI is off,AI is off,Not paired,AI is off,0,0,0
668000,27.6,0,6,0.79,0.21,0,0,5,1,0,11,False,True,0,0,57,46,36,3.92,AI is off,AI is off,AI is off,AI is off,Not paired,AI is off,0,0,0
670000,27.5,0,6,0.78,0.21,0,0,5,1,0,11,False,True,0,0,56,45,35,3.92,AI is off,AI is off,AI is off,AI is off,Not paired,AI is off,0,0,0
672000,27.3,0,6,0.78,0.21,0,0,5,1,0,11,False,True,0,0,56,45,36,3.92,AI is off,AI is off,AI is off,AI is off,Not paired,AI is off,0,0,0
674000,27.2,0,6,0.78,0.21,0,0,5,1,0,11,False,True,0,0,57,46,35,3.92,AI is off,AI is off,AI is off,AI is off,Not paired,AI is off,0,0,0
676000,27,0,6,0.78,0.21,0,0,5,1,0,11,False,True,0,0,57,46,36,3.92,AI is off,AI is off,AI is off,AI is off,Not paired,AI is off,0,0,0
678000,26.9,0,6,0.77,0.21,0,0,5,1,0,11,False,True,0,0,57,46,37,3.92,AI is off,AI is off,AI is off,AI is off,Not paired,AI is off,0,0,0
680000,26.8,0,6,0.77,0.21,0,0,5,1,0,11,False,True,0,0,57,46,36,3.92,AI is off,AI is off,AI is off,AI is off,Not paired,AI is off,0,0,0
682000,26.7,0,6,0.77,0.21,0,0,5,1,0,11,False,True,0,0,55,45,36,3.92,AI is off,AI is off,AI is off,AI is off,Not paired,AI is off,0,0,0
684000,26.6,0,6,0.77,0.21,0,0,6,1,0,11,False,True,0,0,55,45,36,3.92,AI is off,AI is off,AI is off,AI is off,Not paired,AI is off,0,0,0
686000,26.5,0,6,0.76,0.21,0,0,6,1,0,11,False,True,0,0,55,46,37,3.92,AI is off,AI is off,AI is off,AI is off,Not paired,AI is off,0,0,0
688000,26.4,0,6,0.76,0.21,0,0,6,1,0,11,False,True,0,0,56,46,36,3.92,AI is off,AI is off,AI is off,AI is off,Not paired,AI is off,0,0,0
690000,26.3,0,6,0.76,0.21,0,0,6,1,0,11,False,True,0,0,57,45,35,3.91,AI is off,AI is off,AI is off,AI is off,Not paired,AI is off,0,0,0
692000,26.1,0,6,0.75,0.21,0,0,6,1,0,11,False,True,0,0,56,46,37,3.91,AI is off,AI is off,AI is off,AI is off,Not paired,AI is off,0,0,0
694000,26.1,0,6,0.75,0.21,0,0,6,1,0,11,False,True,0,0,55,45,36,3.91,AI is off,AI is off,AI is off,AI is off,Not paired,AI is off,0,0,0
696000,26,0,6,0.75,0.21,0,0,6,1,0,11,False,True,0,0,57,45,35,3.91,AI is off,AI is off,AI is off,AI is off,Not paired,AI is off,0,0,0
698000,25.9,0,6,0.75,0.21,0,0,6,1,0,11,False,True,0,0,57,46,37,3.91,AI is off,AI is off,AI is off,AI is off,Not paired,AI is off,0,0,0
700000,25.8,0,6,0.75,0.21,0,0,6,1,0,11,False,True,0,0,57,44,34,3.91,AI is off,AI is off,AI is off,AI is off,Not paired,AI is off,0,0,0
702000,25.7,0,6,0.75,0.21,0,0,6,1,0,11,False,True,0,0,57,45,35,3.91,AI is off,AI is off,AI is off,AI is off,Not paired,AI is off,0,0,0
704000,25.5,0,6,0.74,0.21,0,0,6,1,0,11,False,True,0,0,57,45,36,3.91,AI is off,AI is off,AI is off,AI is off,Not paired,AI is off,0,0,0
706000,25.5,0,6,0.74,0.21,0,0,6,1,0,11,False,True,0,0,56,46,37,3.91,AI is off,AI is off,AI is off,AI is off,Not paired,AI is off,0,0,0
708000,25.4,0,6,0.74,0.21,0,0,6,1,0,11,False,True,0,0,55,45,37,3.91,AI is off,AI is off,AI is off,AI is off,Not paired,AI is off,0,0,0
710000,25.3,0,6,0.74,0.21,0,0,6,1,0,11,False,True,0,0,56,45,37,3.91,AI is off,AI is off,AI is off,AI is off,Not paired,AI is off,0,0,0
712000,25.3,0,6,0.74,0.21,0,0,6,1,0,11,False,True,0,0,56,45,35,3.91,AI is off,AI is off,AI is off,AI is off,Not paired,AI is off,0,0,0
714000,25.2,0,6,0.74,0.21,0,0,6,1,0,11,False,True,0,0,56,46,36,3.91,AI is off,AI is off,AI is off,AI is off,Not paired,AI is off,0,0,0
716000,25.3,0,6,0.74,0.21,0,0,7,1,0,11,False,True,0,0,56,45,36,3.91,AI is off,AI is off,AI is off,AI is off,Not paired,AI is off,0,0,0
718000,25.3,0,6,0.74,0.21,0,0,7,1,0,11,False,True,0,0,56,45,36,3.91,AI is off,AI is off,AI is off,AI is off,Not paired,AI is off,0,0,0
720000,25.4,0,6,0.74,0.21,0,0,7,1,0,11,False,True,0,0,56,45,36,3.91,AI is off,AI is off,AI is off,AI is off,Not paired,AI is off,0,0,0
722000,25.3,0,6,0.74,0.21,0,0,6,1,0,11,False,True,0,0,57,44,35,3.91,AI is off,AI is off,AI is off,AI is off,Not paired,AI is off,0,0,0
724000,25.4,0,6,0.74,0.21,0,0,6,1,0,11,False,True,0,0,57,46,36,3.91,AI is off,AI is off,AI is off,AI is off,Not paired,AI is off,0,0,0
726000,25.4,0,6,0.74,0.21,0,0,6,1,0,11,False,True,0,0,56,45,35,3.91,AI is off,AI is off,AI is off,AI is off,Not paired,AI is off,0,0,0
728000,25.3,0,6,0.74,0.21,0,0,6,1,0,11,False,True,0,0,57,45,36,3.91,AI is off,AI is off,AI is off,AI is off,Not paired,AI is off,0,0,0
730000,25.2,0,6,0.74,0.21,0,0,6,1,0,12,False,True,0,0,56,46,37,3.91,AI is off,AI is off,AI is off,AI is off,Not paired,AI is off,0,0,0
732000,25.4,0,6,0.74,0.21,0,0,6,1,0,11,False,True,0,0,57,45,36,3.91,AI is off,AI is off,AI is off,AI is off,Not paired,AI is off,0,0,0
734000,25.5,0,6,0.74,0.21,0,0,6,1,0,12,False,True,0,0,55,46,37,3.91,AI is off,AI is off,AI is off,AI is off,Not paired,AI is off,0,0,0
736000,25.5,0,6,0.74,0.21,0,0,6,1,0,12,False,True,0,0,57,46,35,3.91,AI is off,AI is off,AI is off,AI is off,Not paired,AI is off,0,0,0
738000,25.4,0,6,0.74,0.21,0,0,6,1,0,12,False,True,0,0,56,46,36,3.91,AI is off,AI is off,AI is off,AI is off,Not paired,AI is off,0,0,0
740000,25.3,0,6,0.74,0.21,0,0,6,1,0,12,False,True,0,0,56,45,34,3.91,AI is off,AI is off,AI is off,AI is off,Not paired,AI is off,0,0,0
742000,25.5,0,6,0.74,0.21,0,0,6,1,0,12,False,True,0,0,57,45,36,3.91,AI is off,AI is off,AI is off,AI is off,Not paired,AI is off,0,0,0
744000,25.5,0,6,0.74,0.21,0,0,6,1,0,12,False,True,0,0,56,45,36,3.91,AI is off,AI is off,AI is off,AI is off,Not paired,AI is off,0,0,0
746000,25.4,0,6,0.74,0.21,0,0,6,1,0,12,False,True,0,0,56,44,34,3.91,AI is off,AI is off,AI is off,AI is off,Not paired,AI is off,0,0,0
748000,25.4,0,6,0.74,0.21,0,0,6,1,0,12,False,True,0,0,56,45,35,3.91,AI is off,AI is off,AI is off,AI is off,Not paired,AI is off,0,0,0
750000,25.4,0,6,0.74,0.21,0,0,6,1,0,12,False,True,0,0,56,45,37,3.91,AI is off,AI is off,AI is off,AI is off,Not paired,AI is off,0,0,0
752000,25.4,0,6,0.74,0.21,0,0,6,1,0,12,False,True,0,0,55,46,37,3.91,AI is off,AI is off,AI is off,AI is off,Not paired,AI is off,0,0,0
754000,25.5,0,6,0.74,0.21,0,0,6,1,0,12,False,True,0,0,57,44,34,3.91,AI is off,AI is off,AI is off,AI is off,Not paired,AI is off,0,0,0
756000,25.4,0,6,0.74,0.21,0,0,6,1,0,12,False,True,0,0,55,45,37,3.91,AI is off,AI is off,AI is off,AI is off,Not paired,AI is off,0,0,0
758000,25.5,0,6,0.74,0.21,0,0,6,1,0,12,False,True,0,0,55,45,37,3.91,AI is off,AI is off,AI is off,AI is off,Not paired,AI is off,0,0,0
760000,25.4,0,6,0.74,0.21,0,0,6,1,0,12,False,True,0,0,57,46,36,3.91,AI is off,AI is off,AI is off,AI is off,Not paired,AI is off,0,0,0
762000,25.3,0,6,0.74,0.21,0,0,6,1,0,12,False,True,0,0,56,45,35,3.91,AI is off,AI is off,AI is off,AI is off,Not paired,AI is off,0,0,0
764000,25.2,0,6,0.74,0.21,0,0,6,1,0,12,False,True,0,0,56,45,36,3.91,AI is off,AI is off,AI is off,AI is off,Not paired,AI is off,0,0,0
766000,25.2,0,6,0.74,0.21,0,0,6,1,0,12,False,True,0,0,56,45,35,3.91,AI is off,AI is off,AI is off,AI is off,Not paired,AI is off,0,0,0
768000,25.1,0,6,0.74,0.21,0,0,6,1,0,12,False,True,0,0,56,46,37,3.91,AI is off,AI is off,AI is off,AI is off,Not paired,AI is off,0,0,0
770000,25.1,0,6,0.73,0.21,0,0,6,1,0,12,False,True,0,0,56,45,36,3.91,AI is off,AI is off,AI is off,AI is off,Not paired,AI is off,0,0,0
772000,25.1,0,6,0.73,0.21,0,0,6,1,0,12,False,True,0,0,56,46,37,3.91,AI is off,AI is off,AI is off,AI is off,Not paired,AI is off,0,0,0
774000,25.1,0,6,0.73,0.21,0,0,6,1,0,12,False,True,0,0,56,45,37,3.91,AI is off,AI is off,AI is off,AI is off,Not paired,AI is off,0,0,0
776000,25.1,0,6,0.73,0.21,0,0,6,1,0,12,False,True,0,0,56,45,35,3.91,AI is off,AI is off,AI is off,AI is off,Not paired,AI is off,0,0,0
778000,25.2,0,6,0.74,0.21,0,0,6,1,0,12,False,True,0,0,56,46,37,3.91,AI is off,AI is off,AI is off,AI is off,Not paired,AI is off,0,0,0
780000,25.2,0,6,0.74,0.21,0,0,6,1,0,12,False,True,0,0,55,46,37,3.91,AI is off,AI is off,AI is off,AI is off,Not paired,AI is off,0,0,0
782000,25.2,0,6,0.74,0.21,0,0,6,1,0,12,False,True,0,0,55,46,37,3.91,AI is off,AI is off,AI is off,AI is off,Not paired,AI is off,0,0,0
784000,25.2,0,6,0.74,0.21,0,0,6,1,0,12,False,True,0,0,55,46,37,3.91,AI is off,AI is off,AI is off,AI is off,Not paired,AI is off,0,0,0
786000,25.2,0,6,0.74,0.21,0,0,6,1,0,12,False,True,0,0,56,45,36,3.91,AI is off,AI is off,AI is off,AI is off,Not paired,AI is off,0,0,0
788000,25.3,0,6,0.74,0.21,0,0,5,1,0,12,False,True,0,0,55,46,37,3.91,AI is off,AI is off,AI is off,AI is off,Not paired,AI is off,0,0,0
790000,25.2,0,6,0.74,0.21,0,0,5,1,0,12,False,True,0,0,55,45,37,3.91,AI is off,AI is off,AI is off,AI is off,Not paired,AI is off,0,0,0
792000,25.3,0,6,0.74,0.21,0,0,5,1,0,12,False,True,0,0,55,46,37,3.91,AI is off,AI is off,AI is off,AI is off,Not paired,AI is off,0,0,0
794000,25.3,0,6,0.74,0.21,0,0,5,1,0,12,False,True,0,0,55,45,37,3.91,AI is off,AI is off,AI is off,AI is off,Not paired,AI is off,0,0,0
796000,25.3,0,6,0.74,0.21,0,0,5,1,0,12,False,True,0,0,56,45,37,3.91,AI is off,AI is off,AI is off,AI is off,Not paired,AI is off,0,0,0
798000,25.3,0,6,0.74,0.21,0,0,5,1,0,12,False,True,0,0,56,46,37,3.91,AI is off,AI is off,AI is off,AI is off,Not paired,AI is off,0,0,0
800000,25.4,0,6,0.74,0.21,0,0,5,1,0,12,False,True,0,0,56,45,37,3.91,AI is off,AI is off,AI is off,AI is off,Not paired,AI is off,0,0,0
802000,25.4,0,6,0.74,0.21,0,0,5,1,0,12,False,True,0,0,57,46,36,3.91,AI is off,AI is off,AI is off,AI is off,Not paired,AI is off,0,0,0
804000,25.4,0,6,0.74,0.21,0,0,5,1,0,12,False,True,0,0,56,46,37,3.91,AI is off,AI is off,AI is off,AI is off,Not paired,AI is off,0,0,0
806000,25.4,0,6,0.74,0.21,0,0,5,1,0,12,False,True,0,0,56,44,34,3.91,AI is off,AI is off,AI is off,AI is off,Not paired,AI is off,0,0,0
808000,25.4,0,6,0.74,0.21,0,0,5,1,0,12,False,True,0,0,56,45,35,3.91,AI is off,AI is off,AI is off,AI is off,Not paired,AI is off,0,0,0
810000,25.4,0,6,0.74,0.21,0,0,5,1,0,12,False,True,0,0,57,46,36,3.91,AI is off,AI is off,AI is off,AI is off,Not paired,AI is off,0,0,0
812000,25.4,0,6,0.74,0.21,0,0,5,1,0,12,False,True,0,0,56,45,35,3.91,AI is off,AI is off,AI is off,AI is off,Not paired,AI is off,0,0,0
814000,25.5,0,6,0.74,0.21,0,0,5,1,0,12,False,True,0,0,56,45,37,3.91,AI is off,AI is off,AI is off,AI is off,Not paired,AI is off,0,0,0
816000,25.6,0,6,0.74,0.21,0,0,5,1,0,12,False,True,0,0,56,44,35,3.91,AI is off,AI is off,AI is off,AI is off,Not paired,AI is off,0,0,0
818000,25.7,0,6,0.75,0.21,0,0,5,1,0,12,False,True,0,0,57,45,35,3.91,AI is off,AI is off,AI is off,AI is off,Not paired,AI is off,0,0,0
820000,25.7,0,6,0.75,0.21,0,0,4,1,0,12,False,True,0,0,57,45,36,3.91,AI is off,AI is off,AI is off,AI is off,Not paired,AI is off,0,0,0
822000,25.7,0,6,0.75,0.21,0,0,4,1,0,12,False,True,0,0,56,44,34,3.91,AI is off,AI is off,AI is off,AI is off,Not paired,AI is off,0,0,0
824000,25.7,0,6,0.75,0.21,0,0,4,1,0,12,False,True,0,0,57,45,37,3.91,AI is off,AI is off,AI is off,AI is off,Not paired,AI is off,0,0,0
826000,25.8,0,6,0.75,0.21,0,0,4,1,0,12,False,True,0,0,57,45,36,3.91,AI is off,AI is off,AI is off,AI is off,Not paired,AI is off,0,0,0
828000,25.8,0,6,0.75,0.21,0,0,4,1,0,12,False,True,0,0,56,45,35,3.91,AI is off,AI is off,AI is off,AI is off,Not paired,AI is off,0,0,0
830000,25.9,0,6,0.75,0.21,0,0,4,1,0,12,False,True,0,0,55,45,36,3.91,AI is off,AI is off,AI is off,AI is off,Not paired,AI is off,0,0,0
832000,25.9,0,8,0.75,0.21,0,0,4,1,0,12,False,True,0,0,56,45,35,3.91,AI is off,AI is off,AI is off,AI is off,Not paired,AI is off,0,0,0
834000,25.9,0,8,0.75,0.21,0,0,4,1,0,12,False,True,0,0,56,45,35,3.91,AI is off,AI is off,AI is off,AI is off,Not paired,AI is off,0,0,0
836000,26,0,8,0.75,0.21,0,0,4,1,0,12,False,True,0,0,57,45,35,3.91,AI is off,AI is off,AI is off,AI is off,Not paired,AI is off,0,0,0
838000,26.1,0,8,0.75,0.21,0,0,4,1,0,12,False,True,0,0,57,45,36,3.91,AI is off,AI is off,AI is off,AI is off,Not paired,AI is off,0,0,0
840000,26,0,8,0.75,0.21,0,0,4,1,0,12,False,True,0,0,57,46,36,3.91,AI is off,AI is off,AI is off,AI is off,Not paired,AI is off,0,0,0
842000,26,0,8,0.75,0.21,0,0,4,1,0,12,False,True,0,0,57,45,35,3.91,AI is off,AI is off,AI is off,AI is off,Not paired,AI is off,0,0,0
844000,26.1,0,8,0.75,0.21,0,0,4,1,0,12,False,True,0,0,57,45,35,3.91,AI is off,AI is off,AI is off,AI is off,Not paired,AI is off,0,0,0
846000,26.1,0,8,0.75,0.21,0,0,4,1,0,12,False,True,0,0,56,44,35,3.91,AI is off,AI is off,AI is off,AI is off,Not paired,AI is off,0,0,0
848000,26.1,0,8,0.76,0.21,0,0,4,1,0,12,False,True,0,0,56,45,36,3.91,AI is off,AI is off,AI is off,AI is off,Not paired,AI is off,0,0,0
850000,26,0,8,0.75,0.21,0,0,4,1,0,12,False,True,0,0,56,45,34,3.91,AI is off,AI is off,AI is off,AI is off,Not paired,AI is off,0,0,0
852000,26.1,0,8,0.75,0.21,0,0,4,1,0,12,False,True,0,0,57,46,37,3.91,AI is off,AI is off,AI is off,AI is off,Not paired,AI is off,0,0,0
854000,26,0,8,0.75,0.21,0,0,4,1,0,12,False,True,0,0,56,46,35,3.91,AI is off,AI is off,AI is off,AI is off,Not paired,AI is off,0,0,0
856000,26.1,0,8,0.75,0.21,0,0,4,1,0,12,False,True,0,0,56,46,37,3.91,AI is off,AI is off,AI is off,AI is off,Not paired,AI is off,0,0,0
858000,26.1,0,8,0.76,0.21,0,0,4,1,0,12,False,True,0,0,56,45,35,3.91,AI is off,AI is off,AI is off,AI is off,Not paired,AI is off,0,0,0
860000,26.3,0,8,0.76,0.21,0,0,4,1,0,12,False,True,0,0,56,45,35,3.91,AI is off,AI is off,AI is off,AI is off,Not paired,AI is off,0,0,0
862000,26.3,0,8,0.76,0.21,0,0,4,1,0,12,False,True,0,0,57,45,35,3.91,AI is off,AI is off,AI is off,AI is off,Not paired,AI is off,0,0,0
864000,26.5,0,8,0.76,0.21,0,0,3,1,0,12,False,True,0,0,56,45,35,3.91,AI is off,AI is off,AI is off,AI is off,Not paired,AI is off,0,0,0
866000,26.5,0,8,0.76,0.21,0,0,3,1,0,12,False,True,0,0,56,45,35,3.91,AI is off,AI is off,AI is off,AI is off,Not paired,AI is off,0,0,0
868000,26.5,0,8,0.76,0.21,0,0,3,1,0,12,False,True,0,0,56,45,35,3.91,AI is off,AI is off,AI is off,AI is off,Not paired,AI is off,0,0,0
870000,26.6,0,8,0.76,0.21,0,0,3,1,0,12,False,True,0,0,56,45,34,3.91,AI is off,AI is off,AI is off,AI is off,Not paired,AI is off,0,0,0
872000,26.5,0,8,0.76,0.21,0,0,3,1,0,12,False,True,0,0,56,45,35,3.91,AI is off,AI is off,AI is off,AI is off,Not paired,AI is off,0,0,0
874000,26.5,0,8,0.76,0.21,0,0,3,1,0,12,False,True,0,0,57,46,37,3.91,AI is off,AI is off,AI is off,AI is off,Not paired,AI is off,0,0,0
876000,26.6,0,8,0.76,0.21,0,0,3,1,0,12,False,True,0,0,57,46,35,3.91,AI is off,AI is off,AI is off,AI is off,Not paired,AI is off,0,0,0
878000,26.6,0,8,0.76,0.21,0,0,3,1,0,12,False,True,0,0,56,45,35,3.91,AI is off,AI is off,AI is off,AI is off,Not paired,AI is off,0,0,0
880000,26.6,0,8,0.76,0.21,0,0,3,1,0,12,False,True,0,0,56,44,34,3.91,AI is off,AI is off,AI is off,AI is off,Not paired,AI is off,0,0,0
882000,26.6,0,8,0.77,0.21,0,0,3,1,0,12,False,True,0,0,56,45,36,3.91,AI is off,AI is off,AI is off,AI is off,Not paired,AI is off,0,0,0
884000,26.6,0,8,0.77,0.21,0,0,3,1,0,12,False,True,0,0,56,45,36,3.91,AI is off,AI is off,AI is off,AI is off,Not paired,AI is off,0,0,0
886000,26.7,0,8,0.77,0.21,0,0,3,1,0,12,False,True,0,0,56,45,35,3.91,AI is off,AI is off,AI is off,AI is off,Not paired,AI is off,0,0,0
888000,26.7,0,8,0.77,0.21,0,0,3,1,0,12,False,True,0,0,56,46,36,3.91,AI is off,AI is off,AI is off,AI is off,Not paired,AI is off,0,0,0
890000,26.7,0,8,0.77,0.21,0,0,3,1,0,12,False,True,0,0,56,45,35,3.91,AI is off,AI is off,AI is off,AI is off,Not paired,AI is off,0,0,0
892000,26.7,0,8,0.77,0.21,0,0,3,1,0,12,False,True,0,0,56,45,34,3.91,AI is off,AI is off,AI is off,AI is off,Not paired,AI is off,0,0,0
894000,26.8,0,8,0.77,0.21,0,0,3,1,0,12,False,True,0,0,55,46,37,3.91,AI is off,AI is off,AI is off,AI is off,Not paired,AI is off,0,0,0
896000,26.9,0,8,0.77,0.21,0,0,3,1,0,12,False,True,0,0,55,46,37,3.91,AI is off,AI is off,AI is off,AI is off,Not paired,AI is off,0,0,0
898000,26.9,0,8,0.77,0.21,0,0,2,1,0,12,False,True,0,0,56,45,34,3.91,AI is off,AI is off,AI is off,AI is off,Not paired,AI is off,0,0,0
900000,26.7,0,8,0.77,0.21,0,0,2,1,0,12,False,True,0,0,56,46,36,3.91,AI is off,AI is off,AI is off,AI is off,Not paired,AI is off,0,0,0
902000,26.5,0,8,0.76,0.21,0,0,2,1,0,12,False,True,0,0,57,46,37,3.91,AI is off,AI is off,AI is off,AI is off,Not paired,AI is off,0,0,0
904000,26.3,0,8,0.76,0.21,0,0,2,1,0,12,False,True,0,0,56,46,36,3.91,AI is off,AI is off,AI is off,AI is off,Not paired,AI is off,0,0,0
906000,26,0,8,0.75,0.21,0,0,2,1,0,12,False,True,0,0,57,45,35,3.91,AI is off,AI is off,AI is off,AI is off,Not paired,AI is off,0,0,0
908000,25.8,0,8,0.75,0.21,0,0,2,1,0,12,False,True,0,0,55,46,38,3.91,AI is off,AI is off,AI is off,AI is off,Not paired,AI is off,0,0,0
910000,25.6,0,8,0.74,0.21,0,0,2,1,0,12,False,True,0,0,56,45,36,3.91,AI is off,AI is off,AI is off,AI is off,Not paired,AI is off,0,0,0
912000,25.5,0,8,0.74,0.21,0,0,2,1,0,12,False,True,0,0,56,44,35,3.91,AI is off,AI is off,AI is off,AI is off,Not paired,AI is off,0,0,0
914000,25.3,0,8,0.74,0.21,0,0,3,1,0,12,False,True,0,0,56,45,36,3.91,AI is off,AI is off,AI is off,AI is off,Not paired,AI is off,0,0,0
916000,25.4,0,8,0.74,0.21,0,0,3,1,0,12,False,True,0,0,56,45,35,3.91,AI is off,AI is off,AI is off,AI is off,Not paired,AI is off,0,0,0
918000,25.4,0,8,0.74,0.21,0,0,3,1,0,12,False,True,0,0,56,46,38,3.91,AI is off,AI is off,AI is off,AI is off,Not paired,AI is off,0,0,0
920000,25.4,0,8,0.74,0.21,0,0,3,1,0,12,False,True,0,0,55,45,35,3.91,AI is off,AI is off,AI is off,AI is off,Not paired,AI is off,0,0,0
922000,25.4,0,8,0.74,0.21,0,0,3,1,0,12,False,True,0,0,55,45,34,3.91,AI is off,AI is off,AI is off,AI is off,Not paired,AI is off,0,0,0
924000,25.2,0,8,0.74,0.21,0,0,3,1,0,12,False,True,0,0,56,45,35,3.91,AI is off,AI is off,AI is off,AI is off,Not paired,AI is off,0,0,0
926000,25.2,0,8,0.74,0.21,0,0,3,1,0,12,False,True,0,0,55,45,34,3.91,AI is off,AI is off,AI is off,AI is off,Not paired,AI is off,0,0,0
928000,25.1,0,8,0.73,0.21,0,0,3,1,0,12,False,True,0,0,56,45,35,3.91,AI is off,AI is off,AI is off,AI is off,Not paired,AI is off,0,0,0
930000,25.2,0,8,0.73,0.21,0,0,3,1,0,12,False,True,0,0,56,45,35,3.91,AI is off,AI is off,AI is off,AI is off,Not paired,AI is off,0,0,0
932000,25.2,0,8,0.74,0.21,0,0,3,1,0,12,False,True,0,0,56,46,36,3.91,AI is off,AI is off,AI is off,AI is off,Not paired,AI is off,0,0,0
934000,25.1,0,8,0.73,0.21,0,0,3,1,0,12,False,True,0,0,57,45,35,3.91,AI is off,AI is off,AI is off,AI is off,Not paired,AI is off,0,0,0
936000,25.2,0,8,0.74,0.21,0,0,3,1,0,12,False,True,0,0,56,45,36,3.91,AI is off,AI is off,AI is off,AI is off,Not paired,AI is off,0,0,0
938000,25.2,0,8,0.74,0.21,0,0,3,1,0,12,False,True,0,0,55,45,36,3.91,AI is off,AI is off,AI is off,AI is off,Not paired,AI is off,0,0,0
940000,25.1,0,8,0.73,0.21,0,0,3,1,0,12,False,True,0,0,57,45,35,3.91,AI is off,AI is off,AI is off,AI is off,Not paired,AI is off,0,0,0
942000,25,0,8,0.73,0.21,0,0,3,1,0,12,False,True,0,0,56,45,34,3.91,AI is off,AI is off,AI is off,AI is off,Not paired,AI is off,0,0,0
944000,25,0,8,0.73,0.21,0,0,3,1,0,12,False,True,0,0,56,45,36,3.91,AI is off,AI is off,AI is off,AI is off,Not paired,AI is off,0,0,0
946000,24.9,0,8,0.73,0.21,0,0,3,1,0,12,False,True,0,0,56,44,35,3.91,AI is off,AI is off,AI is off,AI is off,Not paired,AI is off,0,0,0
948000,24.9,0,8,0.73,0.21,0,0,3,1,0,12,False,True,0,0,56,46,36,3.91,AI is off,AI is off,AI is off,AI is off,Not paired,AI is off,0,0,0
950000,25,0,8,0.73,0.21,0,0,3,1,0,12,False,True,0,0,57,45,35,3.91,AI is off,AI is off,AI is off,AI is off,Not paired,AI is off,0,0,0
952000,25,0,8,0.73,0.21,0,0,3,1,0,12,False,True,0,0,56,45,34,3.91,AI is off,AI is off,AI is off,AI is off,Not paired,AI is off,0,0,0
954000,25.1,0,8,0.73,0.21,0,0,3,1,0,12,False,True,0,0,56,44,34,3.91,AI is off,AI is off,AI is off,AI is off,Not paired,AI is off,0,0,0
956000,25,0,8,0.73,0.21,0,0,3,1,0,12,False,True,0,0,55,44,34,3.91,AI is off,AI is off,AI is off,AI is off,Not paired,AI is off,0,0,0
958000,24.8,0,8,0.73,0.21,0,0,3,1,0,12,False,True,0,0,57,46,35,3.91,AI is off,AI is off,AI is off,AI is off,Not paired,AI is off,0,0,0
960000,24.5,0,8,0.72,0.21,0,0,3,1,0,12,False,True,0,0,57,45,35,3.91,AI is off,AI is off,AI is off,AI is off,Not paired,AI is off,0,0,0
962000,24.4,0,8,0.72,0.21,0,0,3,1,0,12,False,True,0,0,56,45,36,3.91,AI is off,AI is off,AI is off,AI is off,Not paired,AI is off,0,0,0
964000,24.5,0,8,0.72,0.21,0,0,3,1,0,12,False,True,0,0,57,45,35,3.91,AI is off,AI is off,AI is off,AI is off,Not paired,AI is off,0,0,0
966000,24.4,0,8,0.72,0.21,0,0,3,1,0,12,False,True,0,0,57,46,36,3.91,AI is off,AI is off,AI is off,AI is off,Not paired,AI is off,0,0,0
968000,24.3,0,8,0.72,0.21,0,0,3,1,0,12,False,True,0,0,56,45,34,3.91,AI is off,AI is off,AI is off,AI is off,Not paired,AI is off,0,0,0
970000,24.2,0,8,0.71,0.21,0,0,3,1,0,12,False,True,0,0,56,46,36,3.91,AI is off,AI is off,AI is off,AI is off,Not paired,AI is off,0,0,0
972000,24.1,0,8,0.71,0.21,0,0,3,1,0,12,False,True,0,0,56,46,35,3.91,AI is off,AI is off,AI is off,AI is off,Not paired,AI is off,0,0,0
974000,24.2,0,8,0.71,0.21,0,0,3,1,0,12,False,True,0,0,56,46,36,3.91,AI is off,AI is off,AI is off,AI is off,Not paired,AI is off,0,0,0
976000,24.2,0,8,0.71,0.21,0,0,3,1,0,12,False,True,0,0,56,44,34,3.91,AI is off,AI is off,AI is off,AI is off,Not paired,AI is off,0,0,0
978000,24.1,0,8,0.71,0.21,0,0,3,1,0,12,False,True,0,0,56,46,36,3.91,AI is off,AI is off,AI is off,AI is off,Not paired,AI is off,0,0,0
980000,24,0,8,0.71,0.21,0,0,3,1,0,12,False,True,0,0,56,46,35,3.91,AI is off,AI is off,AI is off,AI is off,Not paired,AI is off,0,0,0
982000,24,0,8,0.71,0.21,0,0,3,1,0,12,False,True,0,0,58,47,36,3.91,AI is off,AI is off,AI is off,AI is off,Not paired,AI is off,0,0,0
984000,23.9,0,8,0.71,0.21,0,0,3,1,0,12,False,True,0,0,57,46,36,3.91,AI is off,AI is off,AI is off,AI is off,Not paired,AI is off,0,0,0
986000,23.6,0,8,0.7,0.21,0,0,3,1,0,12,False,True,0,0,56,44,34,3.91,AI is off,AI is off,AI is off,AI is off,Not paired,AI is off,0,0,0
988000,23.6,0,8,0.7,0.21,0,0,3,1,0,12,False,True,0,0,56,45,34,3.91,AI is off,AI is off,AI is off,AI is off,Not paired,AI is off,0,0,0
990000,23.5,0,8,0.7,0.21,0,0,3,1,0,12,False,True,0,0,56,45,34,3.91,AI is off,AI is off,AI is off,AI is off,Not paired,AI is off,0,0,0
992000,23.3,0,8,0.7,0.21,0,0,3,1,0,12,False,True,0,0,56,45,36,3.91,AI is off,AI is off,AI is off,AI is off,Not paired,AI is off,0,0,0
994000,23.2,0,8,0.69,0.21,0,0,3,1,0,12,False,True,0,0,57,45,35,3.91,AI is off,AI is off,AI is off,AI is off,Not paired,AI is off,0,0,0
996000,23.1,0,8,0.69,0.21,0,0,3,1,0,12,False,True,0,0,57,45,35,3.91,AI is off,AI is off,AI is off,AI is off,Not paired,AI is off,0,0,0
998000,22.9,0,8,0.69,0.21,0,0,3,1,0,12,False,True,0,0,56,45,36,3.91,AI is off,AI is off,AI is off,AI is off,Not paired,AI is off,0,0,0
1000000,22.8,0,8,0.69,0.21,0,0,3,1,0,12,False,True,0,0,57,46,37,3.91,AI is off,AI is off,AI is off,AI is off,Not paired,AI is off,0,0,0
1002000,22.6,0,8,0.68,0.21,0,0,3,1,0,12,False,True,0,0,56,45,35,3.91,AI is off,AI is off,AI is off,AI is off,Not paired,AI is off,0,0,0
1004000,22.5,0,8,0.68,0.21,0,0,3,1,0,12,False,True,0,0,57,45,35,3.91,AI is off,AI is off,AI is off,AI is off,Not paired,AI is off,0,0,0
1006000,22.5,0,8,0.68,0.21,0,0,3,1,0,12,False,True,0,0,54,41,30,3.91,AI is off,AI is off,AI is off,AI is off,Not paired,AI is off,0,0,0
1008000,22.5,0,8,0.68,0.21,0,0,3,1,0,12,False,True,0,0,54,40,31,3.91,AI is off,AI is off,AI is off,AI is off,Not paired,AI is off,0,0,0
1010000,22.5,0,8,0.68,0.21,0,0,3,1,0,12,False,True,0,0,56,46,37,3.91,AI is off,AI is off,AI is off,AI is off,Not paired,AI is off,0,0,0
1012000,22.6,0,8,0.68,0.21,0,0,3,1,0,12,False,True,0,0,52,40,29,3.91,AI is off,AI is off,AI is off,AI is off,Not paired,AI is off,0,0,0
1014000,22.6,0,8,0.68,0.21,0,0,3,1,0,12,False,True,0,0,56,45,34,3.91,AI is off,AI is off,AI is off,AI is off,Not paired,AI is off,0,0,0
1016000,22.8,0,8,0.68,0.21,0,0,3,1,0,12,False,True,0,0,54,43,33,3.91,AI is off,AI is off,AI is off,AI is off,Not paired,AI is off,0,0,0
1018000,22.8,0,8,0.69,0.21,0,0,3,1,0,12,False,True,0,0,56,46,35,3.91,AI is off,AI is off,AI is off,AI is off,Not paired,AI is off,0,0,0
1020000,22.7,0,8,0.68,0.21,0,0,3,1,0,12,False,True,0,0,57,45,35,3.91,AI is off,AI is off,AI is off,AI is off,Not paired,AI is off,0,0,0
1022000,22.7,0,8,0.68,0.21,0,0,3,1,0,12,False,True,0,0,56,45,36,3.91,AI is off,AI is off,AI is off,AI is off,Not paired,AI is off,0,0,0
1024000,22.6,0,8,0.68,0.21,0,0,3,1,0,12,False,True,0,0,54,41,32,3.91,AI is off,AI is off,AI is off,AI is off,Not paired,AI is off,0,0,0
1026000,22.3,0,8,0.68,0.21,0,0,3,1,0,12,False,True,0,0,56,45,35,3.91,AI is off,AI is off,AI is off,AI is off,Not paired,AI is off,0,0,0
1028000,22.2,0,8,0.67,0.21,0,0,3,1,0,12,False,True,0,0,55,46,38,3.91,AI is off,AI is off,AI is off,AI is off,Not paired,AI is off,0,0,0
1030000,22.2,0,8,0.67,0.21,0,0,3,1,0,12,False,True,0,0,57,45,35,3.91,AI is off,AI is off,AI is off,AI is off,Not paired,AI is off,0,0,0
1032000,22.1,0,8,0.67,0.21,0,0,3,1,0,12,False,True,0,0,56,45,36,3.91,AI is off,AI is off,AI is off,AI is off,Not paired,AI is off,0,0,0
1034000,22.1,0,8,0.67,0.21,0,0,3,1,0,12,False,True,0,0,53,39,31,3.91,AI is off,AI is off,AI is off,AI is off,Not paired,AI is off,0,0,0
1036000,22,0,8,0.67,0.21,0,0,3,1,0,12,False,True,0,0,57,45,35,3.91,AI is off,AI is off,AI is off,AI is off,Not paired,AI is off,0,0,0
1038000,21.7,0,8,0.66,0.21,0,0,3,1,0,12,False,True,0,0,57,45,35,3.91,AI is off,AI is off,AI is off,AI is off,Not paired,AI is off,0,0,0
1040000,21.7,0,8,0.66,0.21,0,0,3,1,0,12,False,True,0,0,54,40,32,3.91,AI is off,AI is off,AI is off,AI is off,Not paired,AI is off,0,0,0
1042000,21.8,0,8,0.66,0.21,0,0,3,1,0,12,False,True,0,0,54,40,31,3.91,AI is off,AI is off,AI is off,AI is off,Not paired,AI is off,0,0,0
1044000,21.6,0,8,0.66,0.21,0,0,3,1,0,12,False,True,0,0,56,45,36,3.91,AI is off,AI is off,AI is off,AI is off,Not paired,AI is off,0,0,0
1046000,21.4,0,8,0.66,0.21,0,0,4,1,0,12,False,True,0,0,55,45,35,3.91,AI is off,AI is off,AI is off,AI is off,Not paired,AI is off,0,0,0
1048000,21.1,0,8,0.65,0.21,0,0,4,1,0,12,False,True,0,0,56,45,36,3.91,AI is off,AI is off,AI is off,AI is off,Not paired,AI is off,0,0,0
1050000,20.9,0,8,0.65,0.21,0,0,4,1,0,12,False,True,0,0,56,45,36,3.91,AI is off,AI is off,AI is off,AI is off,Not paired,AI is off,0,0,0
1052000,20.9,0,8,0.65,0.21,0,0,4,1,0,12,False,True,0,0,54,39,31,3.91,AI is off,AI is off,AI is off,AI is off,Not paired,AI is off,0,0,0
1054000,20.9,0,8,0.65,0.21,0,0,4,1,0,12,False,True,0,0,54,39,32,3.91,AI is off,AI is off,AI is off,AI is off,Not paired,AI is off,0,0,0
1056000,20.8,0,8,0.64,0.21,0,0,4,1,0,12,False,True,0,0,53,40,30,3.91,AI is off,AI is off,AI is off,AI is off,Not paired,AI is off,0,0,0
1058000,20.5,0,8,0.64,0.21,0,0,4,1,0,12,False,True,0,0,53,40,30,3.91,AI is off,AI is off,AI is off,AI is off,Not paired,AI is off,0,0,0
1060000,20.3,0,8,0.63,0.21,0,0,4,1,0,12,False,True,0,0,54,40,32,3.91,AI is off,AI is off,AI is off,AI is off,Not paired,AI is off,0,0,0
1062000,20.2,0,7,0.63,0.21,0,0,5,1,0,12,False,True,0,0,57,45,35,3.91,AI is off,AI is off,AI is off,AI is off,Not paired,AI is off,0,0,0
1064000,20.1,0,7,0.63,0.21,0,0,5,1,0,12,False,True,0,0,56,45,36,3.91,AI is off,AI is off,AI is off,AI is off,Not paired,AI is off,0,0,0
1066000,19.9,0,7,0.63,0.21,0,0,5,1,0,12,False,True,0,0,56,45,35,3.91,AI is off,AI is off,AI is off,AI is off,Not paired,AI is off,0,0,0
1068000,19.8,0,7,0.62,0.21,0,0,5,1,0,12,False,True,0,0,54,40,33,3.91,AI is off,AI is off,AI is off,AI is off,Not paired,AI is off,0,0,0
1070000,19.7,0,7,0.62,0.21,0,0,5,1,0,12,False,True,0,0,57,45,35,3.91,AI is off,AI is off,AI is off,AI is off,Not paired,AI is off,0,0,0
1072000,19.5,0,7,0.62,0.21,0,0,5,1,0,12,False,True,0,0,56,45,36,3.91,AI is off,AI is off,AI is off,AI is off,Not paired,AI is off,0,0,0
1074000,19.3,0,7,0.61,0.21,0,0,5,1,0,12,False,True,0,0,56,45,35,3.91,AI is off,AI is off,AI is off,AI is off,Not paired,AI is off,0,0,0
1076000,19.3,0,7,0.61,0.21,0,0,5,1,0,12,False,True,0,0,56,46,36,3.91,AI is off,AI is off,AI is off,AI is off,Not paired,AI is off,0,0,0
1078000,19.3,0,7,0.61,0.21,0,0,5,1,0,12,False,True,0,0,56,45,36,3.91,AI is off,AI is off,AI is off,AI is off,Not paired,AI is off,0,0,0
1080000,19.4,0,7,0.61,0.21,0,0,6,1,0,12,False,True,0,0,56,45,36,3.91,AI is off,AI is off,AI is off,AI is off,Not paired,AI is off,0,0,0
1082000,19.3,0,7,0.61,0.21,0,0,6,1,0,12,False,True,0,0,56,43,34,3.91,AI is off,AI is off,AI is off,AI is off,Not paired,AI is off,0,0,0
1084000,19.5,0,7,0.62,0.21,0,0,6,1,0,12,False,True,0,0,57,46,37,3.91,AI is off,AI is off,AI is off,AI is off,Not paired,AI is off,0,0,0
1086000,19.5,0,7,0.62,0.21,0,0,6,1,0,12,False,True,0,0,56,45,35,3.91,AI is off,AI is off,AI is off,AI is off,Not paired,AI is off,0,0,0
1088000,19.2,0,7,0.61,0.21,0,0,6,1,0,12,False,True,0,0,55,44,34,3.91,AI is off,AI is off,AI is off,AI is off,Not paired,AI is off,0,0,0
1090000,19.1,0,7,0.61,0.21,0,0,6,1,0,12,False,True,0,0,54,40,32,3.91,AI is off,AI is off,AI is off,AI is off,Not paired,AI is off,0,0,0
1092000,19.1,0,7,0.61,0.21,0,0,6,1,0,12,False,True,0,0,54,40,31,3.91,AI is off,AI is off,AI is off,AI is off,Not paired,AI is off,0,0,0
1094000,19.1,0,7,0.61,0.21,0,0,6,1,0,12,False,True,0,0,54,41,30,3.91,AI is off,AI is off,AI is off,AI is off,Not paired,AI is off,0,0,0
1096000,19.3,0,7,0.61,0.21,0,0,6,1,0,13,False,True,0,0,56,45,36,3.91,AI is off,AI is off,AI is off,AI is off,Not paired,AI is off,0,0,0
1098000,19.3,0,7,0.61,0.21,0,0,6,1,0,12,False,True,0,0,54,41,31,3.91,AI is off,AI is off,AI is off,AI is off,Not paired,AI is off,0,0,0
1100000,19.3,0,7,0.61,0.21,0,0,6,1,0,13,False,True,0,0,54,41,32,3.91,AI is off,AI is off,AI is off,AI is off,Not paired,AI is off,0,0,0
1102000,19.3,0,7,0.61,0.21,0,0,6,1,0,13,False,True,0,0,56,46,36,3.91,AI is off,AI is off,AI is off,AI is off,Not paired,AI is off,0,0,0
1104000,19.4,0,7,0.61,0.21,0,0,6,1,0,13,False,True,0,0,55,42,31,3.91,AI is off,AI is off,AI is off,AI is off,Not paired,AI is off,0,0,0
1106000,19.3,0,7,0.61,0.21,0,0,6,1,0,13,False,True,0,0,55,42,32,3.91,AI is off,AI is off,AI is off,AI is off,Not paired,AI is off,0,0,0
1108000,19,0,7,0.61,0.21,0,0,6,1,0,13,False,True,0,0,54,40,29,3.91,AI is off,AI is off,AI is off,AI is off,Not paired,AI is off,0,0,0
1110000,18.7,0,7,0.6,0.21,0,0,6,1,0,13,False,True,0,0,53,41,30,3.91,AI is off,AI is off,AI is off,AI is off,Not paired,AI is off,0,0,0
1112000,18.8,0,7,0.6,0.21,0,0,7,1,0,13,False,True,0,0,55,45,36,3.91,AI is off,AI is off,AI is off,AI is off,Not paired,AI is off,0,0,0
1114000,18.8,0,7,0.6,0.21,0,0,7,1,0,13,False,True,0,0,54,40,29,3.91,AI is off,AI is off,AI is off,AI is off,Not paired,AI is off,0,0,0
1116000,18.7,0,7,0.6,0.21,0,0,7,1,0,13,False,True,0,0,56,45,36,3.91,AI is off,AI is off,AI is off,AI is off,Not paired,AI is off,0,0,0
1118000,18.6,0,7,0.6,0.21,0,0,7,1,0,13,False,True,0,0,54,39,31,3.91,AI is off,AI is off,AI is off,AI is off,Not paired,AI is off,0,0,0
1120000,18.5,0,7,0.6,0.21,0,0,7,1,0,13,False,True,0,0,57,46,37,3.91,AI is off,AI is off,AI is off,AI is off,Not paired,AI is off,0,0,0
1122000,18.3,0,7,0.59,0.21,0,0,7,1,0,13,False,True,0,0,53,40,29,3.91,AI is off,AI is off,AI is off,AI is off,Not paired,AI is off,0,0,0
1124000,18.2,0,7,0.59,0.21,0,0,7,1,0,13,False,True,0,0,54,41,30,3.91,AI is off,AI is off,AI is off,AI is off,Not paired,AI is off,0,0,0
1126000,18.2,0,7,0.59,0.21,0,0,7,1,0,13,False,True,0,0,55,41,30,3.91,AI is off,AI is off,AI is off,AI is off,Not paired,AI is off,0,0,0
1128000,18.1,0,7,0.59,0.21,0,0,10,1,0,13,False,True,0,0,54,42,31,3.91,AI is off,AI is off,AI is off,AI is off,Not paired,AI is off,0,0,0
1130000,17.9,0,7,0.58,0.21,0,0,10,1,0,13,False,True,0,0,54,40,32,3.91,AI is off,AI is off,AI is off,AI is off,Not paired,AI is off,0,0,0
1132000,17.9,0,7,0.58,0.21,0,0,10,1,0,13,False,True,0,0,55,41,31,3.91,AI is off,AI is off,AI is off,AI is off,Not paired,AI is off,0,0,0
1134000,17.9,0,7,0.58,0.21,0,0,11,1,0,13,False,True,0,0,56,46,37,3.91,AI is off,AI is off,AI is off,AI is off,Not paired,AI is off,0,0,0
1136000,17.9,0,7,0.58,0.21,0,0,11,1,0,13,False,True,0,0,54,41,30,3.91,AI is off,AI is off,AI is off,AI is off,Not paired,AI is off,0,0,0
1138000,17.9,0,7,0.58,0.21,0,0,11,1,0,13,False,True,0,0,55,42,31,3.91,AI is off,AI is off,AI is off,AI is off,Not paired,AI is off,0,0,0
1140000,17.8,0,7,0.58,0.21,0,0,11,1,0,13,False,True,0,0,55,45,36,3.91,AI is off,AI is off,AI is off,AI is off,Not paired,AI is off,0,0,0
1142000,17.5,0,7,0.57,0.21,0,0,11,1,0,13,False,True,0,0,56,45,35,3.91,AI is off,AI is off,AI is off,AI is off,Not paired,AI is off,0,0,0
1144000,17.3,0,7,0.57,0.21,0,0,12,1,0,13,False,True,0,0,54,41,32,3.91,AI is off,AI is off,AI is off,AI is off,Not paired,AI is off,0,0,0
1146000,17.2,0,7,0.57,0.21,0,0,12,1,0,13,False,True,0,0,53,41,30,3.91,AI is off,AI is off,AI is off,AI is off,Not paired,AI is off,0,0,0
1148000,17.2,0,7,0.57,0.21,0,0,12,1,0,13,False,True,0,0,55,45,36,3.91,AI is off,AI is off,AI is off,AI is off,Not paired,AI is off,0,0,0
1150000,16.9,0,7,0.56,0.21,0,0,13,1,0,13,False,True,0,0,54,40,30,3.91,AI is off,AI is off,AI is off,AI is off,Not paired,AI is off,0,0,0
1152000,16.7,0,7,0.56,0.21,0,0,13,1,0,13,False,True,0,0,53,40,30,3.91,AI is off,AI is off,AI is off,AI is off,Not paired,AI is off,0,0,0
1154000,16.5,0,7,0.55,0.21,0,0,13,1,0,13,False,True,0,0,55,42,31,3.91,AI is off,AI is off,AI is off,AI is off,Not paired,AI is off,0,0,0
1156000,16.4,0,7,0.55,0.21,0,0,13,1,0,13,False,True,0,0,54,41,31,3.91,AI is off,AI is off,AI is off,AI is off,Not paired,AI is off,0,0,0
1158000,16.3,0,7,0.55,0.21,0,0,13,1,0,13,False,True,0,0,55,42,31,3.91,AI is off,AI is off,AI is off,AI is off,Not paired,AI is off,0,0,0
1160000,16,0,7,0.54,0.21,0,0,13,1,0,13,False,True,0,0,55,43,32,3.91,AI is off,AI is off,AI is off,AI is off,Not paired,AI is off,0,0,0
1162000,15.9,0,7,0.54,0.21,0,0,19,1,0,13,False,True,0,0,54,41,31,3.91,AI is off,AI is off,AI is off,AI is off,Not paired,AI is off,0,0,0
1164000,15.7,0,7,0.54,0.21,0,0,19,1,0,13,False,True,0,0,54,40,32,3.91,AI is off,AI is off,AI is off,AI is off,Not paired,AI is off,0,0,0
1166000,15.7,0,7,0.54,0.21,0,0,22,1,0,13,False,True,0,0,54,41,30,3.91,AI is off,AI is off,AI is off,AI is off,Not paired,AI is off,0,0,0
1168000,15.6,0,7,0.53,0.21,0,0,22,1,0,13,False,True,0,0,56,45,35,3.91,AI is off,AI is off,AI is off,AI is off,Not paired,AI is off,0,0,0
1170000,15.4,0,7,0.53,0.21,0,0,22,1,0,14,False,True,0,0,55,45,36,3.91,AI is off,AI is off,AI is off,AI is off,Not paired,AI is off,0,0,0
1172000,15.3,0,7,0.53,0.21,0,0,22,1,0,14,False,True,0,0,54,42,32,3.91,AI is off,AI is off,AI is off,AI is off,Not paired,AI is off,0,0,0
1174000,15,0,7,0.52,0.21,0,0,22,1,0,14,False,True,0,0,54,41,31,3.91,AI is off,AI is off,AI is off,AI is off,Not paired,AI is off,0,0,0
1176000,14.8,0,7,0.52,0.21,0,0,22,1,0,14,False,True,0,0,57,46,36,3.91,AI is off,AI is off,AI is off,AI is off,Not paired,AI is off,0,0,0
1178000,14.7,0,7,0.52,0.21,0,0,28,1,0,14,False,True,0,0,56,46,36,3.91,AI is off,AI is off,AI is off,AI is off,Not paired,AI is off,0,0,0
1180000,14.7,0,7,0.52,0.21,0,0,28,1,0,14,False,True,0,0,55,44,35,3.91,AI is off,AI is off,AI is off,AI is off,Not paired,AI is off,0,0,0
1182000,14.2,0,7,0.5,0.21,0,0,28,1,0,14,False,True,0,0,55,41,30,3.91,AI is off,AI is off,AI is off,AI is off,Not paired,AI is off,0,0,0
1184000,13.8,0,7,0.5,0.21,0,0,35,1,0,14,False,True,0,0,54,40,30,3.91,AI is off,AI is off,AI is off,AI is off,Not paired,AI is off,0,0,0
1186000,13.6,0,7,0.49,0.21,0,0,35,1,0,14,False,True,0,0,55,41,33,3.91,AI is off,AI is off,AI is off,AI is off,Not paired,AI is off,0,0,0
1188000,13.5,0,7,0.49,0.21,0,0,35,1,0,14,False,True,0,0,55,41,29,3.91,AI is off,AI is off,AI is off,AI is off,Not paired,AI is off,0,0,0
1190000,13.4,0,7,0.49,0.21,0,0,35,1,0,14,False,True,0,0,54,41,31,3.91,AI is off,AI is off,AI is off,AI is off,Not paired,AI is off,0,0,0
1192000,13.4,0,7,0.49,0.21,0,0,35,1,0,14,False,True,0,0,56,42,33,3.91,AI is off,AI is off,AI is off,AI is off,Not paired,AI is off,0,0,0
1194000,13.2,0,7,0.49,0.21,0,0,42,1,0,14,False,True,0,0,54,40,33,3.91,AI is off,AI is off,AI is off,AI is off,Not paired,AI is off,0,0,0
1196000,13,0,7,0.48,0.21,0,0,42,1,0,14,False,True,0,0,54,41,30,3.91,AI is off,AI is off,AI is off,AI is off,Not paired,AI is off,0,0,0
1198000,13,0,7,0.48,0.21,0,0,46,1,0,14,False,True,0,0,56,42,32,3.91,AI is off,AI is off,AI is off,AI is off,Not paired,AI is off,0,0,0
1200000,12.9,0,7,0.48,0.21,0,0,46,1,0,14,False,True,0,0,54,40,32,3.91,AI is off,AI is off,AI is off,AI is off,Not paired,AI is off,0,0,0
1202000,12.8,0,7,0.48,0.21,0,0,46,1,0,14,False,True,0,0,54,40,31,3.91,AI is off,AI is off,AI is off,AI is off,Not paired,AI is off,0,0,0
1204000,12.6,0,7,0.47,0.21,0,0,51,1,0,14,False,True,0,0,55,45,35,3.91,AI is off,AI is off,AI is off,AI is off,Not paired,AI is off,0,0,0
1206000,12.4,0,7,0.47,0.21,0,0,51,1,0,14,False,True,0,0,55,44,34,3.91,AI is off,AI is off,AI is off,AI is off,Not paired,AI is off,0,0,0
1208000,12.1,0,7,0.46,0.21,0,0,51,1,0,14,False,True,0,0,55,45,35,3.91,AI is off,AI is off,AI is off,AI is off,Not paired,AI is off,0,0,0
1210000,11.8,0,7,0.46,0.21,0,0,51,1,0,15,False,True,0,0,55,41,32,3.91,AI is off,AI is off,AI is off,AI is off,Not paired,AI is off,0,0,0
1212000,11.4,0,7,0.45,0.21,0,0,51,1,0,15,False,True,0,0,57,45,35,3.91,AI is off,AI is off,AI is off,AI is off,Not paired,AI is off,0,0,0
1214000,11.2,0,7,0.44,0.21,0,0,51,1,0,15,False,True,0,0,54,41,31,3.91,AI is off,AI is off,AI is off,AI is off,Not paired,AI is off,0,0,0
1216000,11.1,0,7,0.44,0.21,0,0,95,1,0,15,False,True,0,0,54,39,30,3.91,AI is off,AI is off,AI is off,AI is off,Not paired,AI is off,0,0,0
1218000,11,0,7,0.44,0.21,0,0,95,1,0,15,False,True,0,0,54,41,29,3.91,AI is off,AI is off,AI is off,AI is off,Not paired,AI is off,0,0,0
1220000,10.9,0,7,0.44,0.21,0,0,95,1,0,15,False,True,0,0,54,41,30,3.91,AI is off,AI is off,AI is off,AI is off,Not paired,AI is off,0,0,0
1222000,10.8,0,7,0.44,0.21,0,0,99,1,0,15,False,True,0,0,55,42,31,3.91,AI is off,AI is off,AI is off,AI is off,Not paired,AI is off,0,0,0
1224000,10.7,0,7,0.43,0.21,0,0,99,1,0,16,False,True,0,0,54,41,29,3.91,AI is off,AI is off,AI is off,AI is off,Not paired,AI is off,0,0,0
1226000,10.6,0,7,0.43,0.21,0,0,99,1,0,16,False,True,0,0,55,42,30,3.91,AI is off,AI is off,AI is off,AI is off,Not paired,AI is off,0,0,0
1228000,10.4,0,7,0.43,0.21,0,0,99,1,0,16,False,True,0,0,53,40,29,3.91,AI is off,AI is off,AI is off,AI is off,Not paired,AI is off,0,0,0
1230000,10.4,0,7,0.43,0.21,0,0,99,1,0,16,False,True,0,0,54,40,32,3.91,AI is off,AI is off,AI is off,AI is off,Not paired,AI is off,0,0,0
1232000,10.2,0,6,0.42,0.21,0,0,99,1,0,16,False,True,0,0,54,40,30,3.91,AI is off,AI is off,AI is off,AI is off,Not paired,AI is off,0,0,0
1234000,10,0,6,0.42,0.21,0,0,99,1,0,16,False,True,0,0,55,41,31,3.91,AI is off,AI is off,AI is off,AI is off,Not paired,AI is off,0,0,0
1236000,9.8,0,6,0.42,0.21,0,0,99,1,0,16,False,True,0,0,55,41,29,3.91,AI is off,AI is off,AI is off,AI is off,Not paired,AI is off,0,0,0
1238000,9.6,0,6,0.41,0.21,0,0,99,1,0,16,False,True,0,0,54,41,31,3.91,AI is off,AI is off,AI is off,AI is off,Not paired,AI is off,0,0,0
1240000,9.5,0,6,0.41,0.21,0,0,99,1,0,16,False,True,0,0,54,41,31,3.91,AI is off,AI is off,AI is off,AI is off,Not paired,AI is off,0,0,0
1242000,9.2,0,6,0.4,0.21,0,0,99,1,0,17,False,True,0,0,56,44,35,3.91,AI is off,AI is off,AI is off,AI is off,Not paired,AI is off,0,0,0
1244000,8.900001,0,6,0.4,0.21,0,0,99,1,0,17,False,True,0,0,55,44,34,3.91,AI is off,AI is off,AI is off,AI is off,Not paired,AI is off,0,0,0
1246000,8.5,0,6,0.39,0.21,0,0,99,1,0,17,False,True,0,0,53,41,30,3.91,AI is off,AI is off,AI is off,AI is off,Not paired,AI is off,0,0,0
1248000,8,0,6,0.38,0.21,0,0,99,1,0,17,False,True,0,0,55,41,31,3.91,AI is off,AI is off,AI is off,AI is off,Not paired,AI is off,0,0,0
1250000,7.6,0,6,0.37,0.21,0,0,99,1,0,17,False,True,0,0,56,42,32,3.91,AI is off,AI is off,AI is off,AI is off,Not paired,AI is off,0,0,0
1252000,7.3,0,6,0.36,0.21,0,0,99,1,0,17,False,True,0,0,61,47,36,3.91,AI is off,AI is off,AI is off,AI is off,Not paired,AI is off,0,0,0
1254000,6.9,0,6,0.36,0.21,0,0,99,1,0,17,False,True,0,0,57,45,36,3.91,AI is off,AI is off,AI is off,AI is off,Not paired,AI is off,0,0,0
1256000,6.6,0,6,0.34,0.21,0,0,99,1,0,18,False,True,0,0,56,44,34,3.91,AI is off,AI is off,AI is off,AI is off,Not paired,AI is off,0,0,0
1258000,6.6,0,6,0.35,0.21,0,0,99,1,0,18,False,True,0,0,55,44,35,3.91,AI is off,AI is off,AI is off,AI is off,Not paired,AI is off,0,0,0
1260000,6.5,0,6,0.35,0.21,0,0,99,1,0,18,False,True,0,0,57,45,36,3.91,AI is off,AI is off,AI is off,AI is off,Not paired,AI is off,0,0,0
1262000,6.2,0,6,0.34,0.21,0,0,99,1,0,18,False,True,0,0,54,40,31,3.91,AI is off,AI is off,AI is off,AI is off,Not paired,AI is off,0,0,0
1264000,5.9,0,6,0.34,0.21,0,0,99,1,0,18,False,True,0,0,56,46,37,3.91,AI is off,AI is off,AI is off,AI is off,Not paired,AI is off,0,0,0
1266000,5.6,0,6,0.33,0.21,0,0,99,1,0,18,False,True,0,0,56,42,33,3.91,AI is off,AI is off,AI is off,AI is off,Not paired,AI is off,0,0,0
1268000,5.2,0,6,0.32,0.21,0,0,99,1,0,18,False,True,0,0,56,44,34,3.91,AI is off,AI is off,AI is off,AI is off,Not paired,AI is off,0,0,0
1270000,4.8,0,6,0.31,0.21,0,0,99,1,0,18,False,True,0,0,58,47,37,3.91,AI is off,AI is off,AI is off,AI is off,Not paired,AI is off,0,0,0
1272000,4.6,0,6,0.31,0.21,0,0,99,1,0,18,False,True,0,0,54,42,32,3.91,AI is off,AI is off,AI is off,AI is off,Not paired,AI is off,0,0,0
1274000,4.8,0,6,0.31,0.21,0,0,99,1,0,18,False,True,0,0,54,40,31,3.91,AI is off,AI is off,AI is off,AI is off,Not paired,AI is off,0,0,0
1276000,5,0,6,0.31,0.21,0,0,99,1,0,18,False,True,0,0,56,42,32,3.91,AI is off,AI is off,AI is off,AI is off,Not paired,AI is off,0,0,0
1278000,4.9,0,6,0.31,0.21,0,0,99,1,0,18,False,True,0,0,59,46,36,3.91,AI is off,AI is off,AI is off,AI is off,Not paired,AI is off,0,0,0
1280000,4.9,0,6,0.31,0.21,0,0,99,1,0,18,False,True,0,0,56,43,31,3.91,AI is off,AI is off,AI is off,AI is off,Not paired,AI is off,0,0,0
1282000,5,0,6,0.31,0.21,0,0,99,1,0,19,False,True,0,0,56,43,33,3.91,AI is off,AI is off,AI is off,AI is off,Not paired,AI is off,0,0,0
1284000,5.4,0,6,0.32,0.21,0,0,99,1,0,19,False,True,0,0,68,53,41,3.91,AI is off,AI is off,AI is off,AI is off,Not paired,AI is off,0,0,0
1286000,5.8,0,6,0.33,0.21,0,0,99,1,0,19,False,True,0,0,54,40,31,3.91,AI is off,AI is off,AI is off,AI is off,Not paired,AI is off,0,0,0
1288000,6,0,6,0.33,0.21,0,0,99,1,0,19,False,True,0,0,66,53,41,3.91,AI is off,AI is off,AI is off,AI is off,Not paired,AI is off,0,0,0
1290000,6,0,6,0.33,0.21,0,0,99,1,0,19,False,True,0,0,60,46,36,3.91,AI is off,AI is off,AI is off,AI is off,Not paired,AI is off,0,0,0
1292000,6,0,6,0.33,0.21,0,0,99,1,0,19,False,True,0,0,57,43,32,3.91,AI is off,AI is off,AI is off,AI is off,Not paired,AI is off,0,0,0
1294000,6.1,0,6,0.33,0.21,0,0,99,1,0,19,False,True,0,0,57,44,34,3.91,AI is off,AI is off,AI is off,AI is off,Not paired,AI is off,0,0,0
1296000,6.3,0,6,0.34,0.21,0,0,99,1,0,19,False,True,0,0,54,40,30,3.91,AI is off,AI is off,AI is off,AI is off,Not paired,AI is off,0,0,0
1298000,6.7,0,6,0.35,0.21,0,0,99,1,0,19,False,True,0,0,65,52,39,3.91,AI is off,AI is off,AI is off,AI is off,Not paired,AI is off,0,0,0
1300000,6.9,0,6,0.35,0.21,0,0,99,1,0,19,False,True,0,0,58,45,35,3.91,AI is off,AI is off,AI is off,AI is off,Not paired,AI is off,0,0,0
1302000,7,0,6,0.35,0.21,0,0,99,1,0,19,False,True,0,0,56,44,35,3.91,AI is off,AI is off,AI is off,AI is off,Not paired,AI is off,0,0,0
1304000,7.1,0,6,0.36,0.21,0,0,99,1,0,19,False,True,0,0,56,42,32,3.91,AI is off,AI is off,AI is off,AI is off,Not paired,AI is off,0,0,0
1306000,7.2,0,6,0.36,0.21,0,0,99,1,0,19,False,True,0,0,55,44,32,3.91,AI is off,AI is off,AI is off,AI is off,Not paired,AI is off,0,0,0
1308000,7.2,0,6,0.36,0.21,0,0,99,1,0,19,False,True,0,0,55,41,32,3.91,AI is off,AI is off,AI is off,AI is off,Not paired,AI is off,0,0,0
1310000,7,0,6,0.36,0.21,0,0,99,1,0,19,False,True,0,0,61,48,37,3.91,AI is off,AI is off,AI is off,AI is off,Not paired,AI is off,0,0,0
1312000,6.8,0,6,0.35,0.21,0,0,99,1,0,19,False,True,0,0,54,40,29,3.91,AI is off,AI is off,AI is off,AI is off,Not paired,AI is off,0,0,0
1314000,6.5,0,6,0.35,0.21,0,0,99,1,0,19,False,True,0,0,56,45,34,3.91,AI is off,AI is off,AI is off,AI is off,Not paired,AI is off,0,0,0
1316000,6.4,0,5,0.34,0.21,0,0,99,1,0,19,False,True,0,0,57,44,34,3.91,AI is off,AI is off,AI is off,AI is off,Not paired,AI is off,0,0,0
1318000,6.3,0,5,0.34,0.21,0,0,99,1,0,20,False,True,0,0,67,54,41,3.91,AI is off,AI is off,AI is off,AI is off,Not paired,AI is off,0,0,0
1320000,6.2,0,5,0.34,0.21,0,0,99,1,0,20,False,True,0,0,70,55,43,3.91,AI is off,AI is off,AI is off,AI is off,Not paired,AI is off,0,0,0
1322000,6,0,5,0.34,0.21,0,0,99,1,0,20,False,True,0,0,54,40,32,3.91,AI is off,AI is off,AI is off,AI is off,Not paired,AI is off,0,0,0
1324000,5.9,0,5,0.33,0.21,0,0,99,1,0,20,False,True,0,0,56,45,35,3.91,AI is off,AI is off,AI is off,AI is off,Not paired,AI is off,0,0,0
1326000,5.8,0,5,0.33,0.21,0,0,99,1,0,20,False,True,0,0,56,43,33,3.91,AI is off,AI is off,AI is off,AI is off,Not paired,AI is off,0,0,0
1328000,5.7,0,5,0.33,0.21,0,0,99,1,0,20,False,True,0,0,54,41,30,3.91,AI is off,AI is off,AI is off,AI is off,Not paired,AI is off,0,0,0
1330000,5.6,0,5,0.33,0.21,0,0,99,1,0,20,False,True,0,0,55,43,32,3.91,AI is off,AI is off,AI is off,AI is off,Not paired,AI is off,0,0,0
1332000,5.3,0,5,0.32,0.21,0,0,99,1,0,20,False,True,0,0,61,47,35,3.91,AI is off,AI is off,AI is off,AI is off,Not paired,AI is off,0,0,0
1334000,5.3,0,5,0.32,0.21,0,0,99,1,0,20,False,True,0,0,59,46,36,3.91,AI is off,AI is off,AI is off,AI is off,Not paired,AI is off,0,0,0
1336000,5.4,0,5,0.32,0.21,0,0,99,1,0,20,False,True,0,0,56,42,32,3.91,AI is off,AI is off,AI is off,AI is off,Not paired,AI is off,0,0,0
1338000,5.5,0,5,0.32,0.21,0,0,99,1,0,20,False,True,0,0,56,43,33,3.91,AI is off,AI is off,AI is off,AI is off,Not paired,AI is off,0,0,0
1340000,5.6,0,5,0.33,0.21,0,0,99,1,0,20,False,True,0,0,54,40,29,3.91,AI is off,AI is off,AI is off,AI is off,Not paired,AI is off,0,0,0
1342000,5.8,0,5,0.33,0.21,0,0,99,1,0,20,False,True,0,0,64,49,38,3.91,AI is off,AI is off,AI is off,AI is off,Not paired,AI is off,0,0,0
1344000,5.9,0,5,0.33,0.21,0,0,99,1,0,20,False,True,0,0,62,47,36,3.91,AI is off,AI is off,AI is off,AI is off,Not paired,AI is off,0,0,0
1346000,6.1,0,5,0.34,0.21,0,0,99,1,0,20,False,True,0,0,57,45,35,3.91,AI is off,AI is off,AI is off,AI is off,Not paired,AI is off,0,0,0
1348000,6.1,0,5,0.34,0.21,0,0,99,1,0,20,False,True,0,0,56,45,36,3.91,AI is off,AI is off,AI is off,AI is off,Not paired,AI is off,0,0,0
1350000,6,0,5,0.33,0.21,0,0,99,1,0,20,False,True,0,0,54,41,30,3.91,AI is off,AI is off,AI is off,AI is off,Not paired,AI is off,0,0,0
1352000,5.8,0,5,0.33,0.21,0,0,99,1,0,20,False,True,0,0,57,43,33,3.91,AI is off,AI is off,AI is off,AI is off,Not paired,AI is off,0,0,0
1354000,5.5,0,5,0.33,0.21,0,0,99,1,0,20,False,True,0,0,65,51,40,3.91,AI is off,AI is off,AI is off,AI is off,Not paired,AI is off,0,0,0
1356000,5.3,0,5,0.32,0.21,0,0,99,1,0,20,False,True,0,0,64,50,39,3.91,AI is off,AI is off,AI is off,AI is off,Not paired,AI is off,0,0,0
1358000,5.2,0,5,0.32,0.21,0,0,99,1,0,20,False,True,0,0,58,46,34,3.91,AI is off,AI is off,AI is off,AI is off,Not paired,AI is off,0,0,0
1360000,5.2,0,5,0.32,0.21,0,0,99,1,0,20,False,True,0,0,57,45,36,3.91,AI is off,AI is off,AI is off,AI is off,Not paired,AI is off,0,0,0
1362000,5.3,0,5,0.32,0.21,0,0,99,1,0,20,False,True,0,0,65,49,38,3.91,AI is off,AI is off,AI is off,AI is off,Not paired,AI is off,0,0,0
1364000,5.2,0,5,0.32,0.21,0,0,99,1,0,20,False,True,0,0,54,39,31,3.91,AI is off,AI is off,AI is off,AI is off,Not paired,AI is off,0,0,0
1366000,5.4,0,4,0.32,0.21,0,0,99,1,0,20,False,True,0,0,72,56,44,3.91,AI is off,AI is off,AI is off,AI is off,Not paired,AI is off,0,0,0
1368000,5.6,0,4,0.33,0.21,0,0,99,1,0,20,False,True,0,0,54,40,31,3.91,AI is off,AI is off,AI is off,AI is off,Not paired,AI is off,0,0,0
1370000,5.6,0,4,0.33,0.21,0,0,99,1,0,20,False,True,0,0,54,40,30,3.91,AI is off,AI is off,AI is off,AI is off,Not paired,AI is off,0,0,0
1372000,5.5,0,4,0.32,0.21,0,0,99,1,0,20,False,True,0,0,54,40,30,3.91,AI is off,AI is off,AI is off,AI is off,Not paired,AI is off,0,0,0
1374000,5.4,0,4,0.32,0.21,0,0,99,1,0,20,False,True,0,0,56,43,33,3.91,AI is off,AI is off,AI is off,AI is off,Not paired,AI is off,0,0,0
1376000,5.6,0,4,0.32,0.21,0,0,99,1,0,20,False,True,0,0,56,44,35,3.91,AI is off,AI is off,AI is off,AI is off,Not paired,AI is off,0,0,0
1378000,5.6,0,4,0.33,0.21,0,0,99,1,0,20,False,True,0,0,56,43,33,3.91,AI is off,AI is off,AI is off,AI is off,Not paired,AI is off,0,0,0
1380000,5.7,0,4,0.33,0.21,0,0,99,1,0,20,False,True,0,0,58,46,37,3.91,AI is off,AI is off,AI is off,AI is off,Not paired,AI is off,0,0,0
1382000,5.8,0,4,0.33,0.21,0,0,99,1,0,21,False,True,0,0,56,46,36,3.91,AI is off,AI is off,AI is off,AI is off,Not paired,AI is off,0,0,0
1384000,5.9,0,4,0.33,0.21,0,0,99,1,0,21,False,True,0,0,57,45,36,3.91,AI is off,AI is off,AI is off,AI is off,Not paired,AI is off,0,0,0
1386000,5.9,0,4,0.33,0.21,0,0,99,1,0,21,False,True,0,0,56,43,32,3.91,AI is off,AI is off,AI is off,AI is off,Not paired,AI is off,0,0,0
1388000,5.9,0,4,0.33,0.21,0,0,99,1,0,21,False,True,0,0,56,45,34,3.91,AI is off,AI is off,AI is off,AI is off,Not paired,AI is off,0,0,0
1390000,5.9,0,4,0.33,0.21,0,0,99,1,0,21,False,True,0,0,59,45,34,3.91,AI is off,AI is off,AI is off,AI is off,Not paired,AI is off,0,0,0
1392000,6.1,0,4,0.34,0.21,0,0,99,1,0,21,False,True,0,0,57,44,33,3.91,AI is off,AI is off,AI is off,AI is off,Not paired,AI is off,0,0,0
1394000,6.2,0,4,0.34,0.21,0,0,99,1,0,21,False,True,0,0,62,47,35,3.91,AI is off,AI is off,AI is off,AI is off,Not paired,AI is off,0,0,0
1396000,6.4,0,4,0.34,0.21,0,0,99,1,0,21,False,True,0,0,53,39,29,3.91,AI is off,AI is off,AI is off,AI is off,Not paired,AI is off,0,0,0
1398000,6.5,0,4,0.34,0.21,0,0,99,1,0,21,False,True,0,0,53,40,30,3.91,AI is off,AI is off,AI is off,AI is off,Not paired,AI is off,0,0,0
1400000,6.5,0,4,0.34,0.21,0,0,99,1,0,21,False,True,0,0,54,40,32,3.91,AI is off,AI is off,AI is off,AI is off,Not paired,AI is off,0,0,0
1402000,6.5,0,4,0.35,0.21,0,0,99,1,0,21,False,True,0,0,55,43,32,3.91,AI is off,AI is off,AI is off,AI is off,Not paired,AI is off,0,0,0
1404000,6.4,0,4,0.34,0.21,0,0,99,1,0,21,False,True,0,0,56,45,36,3.91,AI is off,AI is off,AI is off,AI is off,Not paired,AI is off,0,0,0
1406000,6.4,0,4,0.34,0.21,0,0,99,1,0,21,False,True,0,0,54,41,32,3.91,AI is off,AI is off,AI is off,AI is off,Not paired,AI is off,0,0,0
1408000,6.3,0,4,0.34,0.21,0,0,99,1,0,21,False,True,0,0,56,43,32,3.91,AI is off,AI is off,AI is off,AI is off,Not paired,AI is off,0,0,0
1410000,6.5,0,4,0.34,0.21,0,0,99,1,0,21,False,True,0,0,54,39,30,3.91,AI is off,AI is off,AI is off,AI is off,Not paired,AI is off,0,0,0
1412000,6.3,0,4,0.34,0.21,0,0,99,1,0,21,False,True,0,0,57,43,32,3.91,AI is off,AI is off,AI is off,AI is off,Not paired,AI is off,0,0,0
1414000,6.2,0,4,0.34,0.21,0,0,99,1,0,21,False,True,0,0,53,40,28,3.91,AI is off,AI is off,AI is off,AI is off,Not paired,AI is off,0,0,0
1416000,6.1,0,4,0.34,0.21,0,0,99,1,0,21,False,True,0,0,60,45,33,3.91,AI is off,AI is off,AI is off,AI is off,Not paired,AI is off,0,0,0
1418000,6.1,0,4,0.33,0.21,0,0,99,1,0,21,False,True,0,0,54,40,31,3.91,AI is off,AI is off,AI is off,AI is off,Not paired,AI is off,0,0,0
1420000,6.1,0,4,0.34,0.21,0,0,99,1,0,21,False,True,0,0,56,42,31,3.91,AI is off,AI is off,AI is off,AI is off,Not paired,AI is off,0,0,0
1422000,6,0,3,0.33,0.21,0,0,99,1,0,21,False,True,0,0,54,40,31,3.91,AI is off,AI is off,AI is off,AI is off,Not paired,AI is off,0,0,0
1424000,5.9,0,3,0.33,0.21,0,0,99,1,0,21,False,True,0,0,53,39,31,3.91,AI is off,AI is off,AI is off,AI is off,Not paired,AI is off,0,0,0
1426000,5.9,0,3,0.33,0.21,0,0,99,1,0,21,False,True,0,0,54,41,32,3.91,AI is off,AI is off,AI is off,AI is off,Not paired,AI is off,0,0,0
1428000,6,0,3,0.33,0.21,0,0,99,1,0,21,False,True,0,0,55,43,32,3.91,AI is off,AI is off,AI is off,AI is off,Not paired,AI is off,0,0,0
1430000,6,0,3,0.33,0.21,0,0,99,1,0,21,False,True,0,0,53,41,31,3.91,AI is off,AI is off,AI is off,AI is off,Not paired,AI is off,0,0,0
1432000,6.1,0,3,0.34,0.21,0,0,99,1,0,21,False,True,0,0,54,43,32,3.91,AI is off,AI is off,AI is off,AI is off,Not paired,AI is off,0,0,0
1434000,6.2,0,3,0.34,0.21,0,0,99,1,0,21,False,True,0,0,54,40,29,3.91,AI is off,AI is off,AI is off,AI is off,Not paired,AI is off,0,0,0
1436000,6.1,0,3,0.34,0.21,0,0,99,1,0,21,False,True,0,0,55,41,29,3.91,AI is off,AI is off,AI is off,AI is off,Not paired,AI is off,0,0,0
1438000,6,0,3,0.33,0.21,0,0,99,1,0,21,False,True,0,0,54,41,29,3.91,AI is off,AI is off,AI is off,AI is off,Not paired,AI is off,0,0,0
1440000,6.1,0,3,0.34,0.21,0,0,99,1,0,21,False,True,0,0,54,39,29,3.91,AI is off,AI is off,AI is off,AI is off,Not paired,AI is off,0,0,0
1442000,6.2,0,3,0.34,0.21,0,0,99,1,0,21,False,True,0,0,56,44,34,3.91,AI is off,AI is off,AI is off,AI is off,Not paired,AI is off,0,0,0
1444000,6.4,0,3,0.34,0.21,0,0,99,1,0,21,False,True,0,0,54,40,31,3.91,AI is off,AI is off,AI is off,AI is off,Not paired,AI is off,0,0,0
1446000,6.5,0,3,0.34,0.21,0,0,99,1,0,21,False,True,0,0,54,40,29,3.91,AI is off,AI is off,AI is off,AI is off,Not paired,AI is off,0,0,0
1448000,6.5,0,3,0.34,0.21,0,0,99,1,0,21,False,True,0,0,64,49,38,3.91,AI is off,AI is off,AI is off,AI is off,Not paired,AI is off,0,0,0
1450000,6.5,0,3,0.34,0.21,0,0,99,1,0,21,False,True,0,0,58,45,35,3.91,AI is off,AI is off,AI is off,AI is off,Not paired,AI is off,0,0,0
1452000,6.6,0,3,0.35,0.21,0,0,99,1,0,21,False,True,0,0,55,42,30,3.91,AI is off,AI is off,AI is off,AI is off,Not paired,AI is off,0,0,0
1454000,6.7,0,3,0.35,0.21,0,0,99,1,0,21,False,True,0,0,54,39,30,3.91,AI is off,AI is off,AI is off,AI is off,Not paired,AI is off,0,0,0
1456000,6.7,0,3,0.35,0.21,0,0,99,1,0,21,False,True,0,0,53,41,32,3.91,AI is off,AI is off,AI is off,AI is off,Not paired,AI is off,0,0,0
1458000,6.6,0,3,0.35,0.21,0,0,99,1,0,21,False,True,0,0,54,40,30,3.91,AI is off,AI is off,AI is off,AI is off,Not paired,AI is off,0,0,0
1460000,6.5,0,3,0.34,0.21,0,0,99,1,0,21,False,True,0,0,54,39,28,3.91,AI is off,AI is off,AI is off,AI is off,Not paired,AI is off,0,0,0
1462000,6.3,0,3,0.34,0.21,0,0,99,1,0,21,False,True,0,0,55,41,31,3.91,AI is off,AI is off,AI is off,AI is off,Not paired,AI is off,0,0,0
1464000,6.2,0,3,0.34,0.21,0,0,99,1,0,21,False,True,0,0,54,40,32,3.91,AI is off,AI is off,AI is off,AI is off,Not paired,AI is off,0,0,0
1466000,5.9,0,3,0.33,0.21,0,0,99,1,0,21,False,True,0,0,62,47,35,3.91,AI is off,AI is off,AI is off,AI is off,Not paired,AI is off,0,0,0
1468000,5.9,0,3,0.33,0.21,0,0,99,1,0,21,False,True,0,0,53,41,31,3.91,AI is off,AI is off,AI is off,AI is off,Not paired,AI is off,0,0,0
1470000,5.8,0,3,0.33,0.21,0,0,99,1,0,21,False,True,0,0,54,40,31,3.91,AI is off,AI is off,AI is off,AI is off,Not paired,AI is off,0,0,0
1472000,5.7,0,3,0.33,0.21,0,0,99,1,0,21,False,True,0,0,55,41,30,3.91,AI is off,AI is off,AI is off,AI is off,Not paired,AI is off,0,0,0
1474000,5.7,0,3,0.33,0.21,0,0,99,1,0,21,False,True,0,0,54,40,31,3.91,AI is off,AI is off,AI is off,AI is off,Not paired,AI is off,0,0,0
1476000,5.4,0,3,0.32,0.21,0,0,99,1,0,21,False,True,0,0,54,39,29,3.91,AI is off,AI is off,AI is off,AI is off,Not paired,AI is off,0,0,0
1478000,5.3,0,2,0.32,0.21,0,0,99,1,0,21,False,True,0,0,53,40,29,3.91,AI is off,AI is off,AI is off,AI is off,Not paired,AI is off,0,0,0
1480000,5.3,0,2,0.32,0.21,0,0,99,1,0,21,False,True,0,0,54,39,29,3.91,AI is off,AI is off,AI is off,AI is off,Not paired,AI is off,0,0,0
1482000,5.3,0,2,0.32,0.21,0,0,99,1,0,21,False,True,0,0,56,43,34,3.91,AI is off,AI is off,AI is off,AI is off,Not paired,AI is off,0,0,0
1484000,5.4,0,2,0.32,0.21,0,0,99,1,0,21,False,True,0,0,66,50,39,3.91,AI is off,AI is off,AI is off,AI is off,Not paired,AI is off,0,0,0
1486000,5.4,0,2,0.32,0.21,0,0,99,1,0,21,False,True,0,0,53,40,30,3.91,AI is off,AI is off,AI is off,AI is off,Not paired,AI is off,0,0,0
1488000,5.5,0,2,0.32,0.21,0,0,99,1,0,21,False,True,0,0,53,39,29,3.91,AI is off,AI is off,AI is off,AI is off,Not paired,AI is off,0,0,0
1490000,5.7,0,2,0.33,0.21,0,0,99,1,0,21,False,True,0,0,54,40,31,3.91,AI is off,AI is off,AI is off,AI is off,Not paired,AI is off,0,0,0
1492000,5.9,0,2,0.33,0.21,0,0,99,1,0,21,False,True,0,0,55,40,31,3.91,AI is off,AI is off,AI is off,AI is off,Not paired,AI is off,0,0,0
1494000,6,0,2,0.33,0.21,0,0,99,1,0,21,False,True,0,0,53,39,31,3.91,AI is off,AI is off,AI is off,AI is off,Not paired,AI is off,0,0,0
1496000,6.2,0,2,0.34,0.21,0,0,99,1,0,21,False,True,0,0,54,40,32,3.91,AI is off,AI is off,AI is off,AI is off,Not paired,AI is off,0,0,0
1498000,6.4,0,2,0.34,0.21,0,0,99,1,0,21,False,True,0,0,55,44,34,3.91,AI is off,AI is off,AI is off,AI is off,Not paired,AI is off,0,0,0
1500000,6.4,0,2,0.34,0.21,0,0,99,1,0,21,False,True,0,0,53,39,29,3.91,AI is off,AI is off,AI is off,AI is off,Not paired,AI is off,0,0,0
1502000,6.5,0,2,0.34,0.21,0,0,99,1,0,21,False,True,0,0,53,39,29,3.91,AI is off,AI is off,AI is off,AI is off,Not paired,AI is off,0,0,0
1504000,6.6,0,2,0.35,0.21,0,0,99,1,0,21,False,True,0,0,54,41,31,3.91,AI is off,AI is off,AI is off,AI is off,Not paired,AI is off,0,0,0
1506000,6.6,0,2,0.35,0.21,0,0,99,1,0,21,False,True,0,0,55,41,30,3.91,AI is off,AI is off,AI is off,AI is off,Not paired,AI is off,0,0,0
1508000,6.7,0,2,0.35,0.21,0,0,99,1,0,21,False,True,0,0,55,40,31,3.91,AI is off,AI is off,AI is off,AI is off,Not paired,AI is off,0,0,0
1510000,7,0,2,0.35,0.21,0,0,99,1,0,21,False,True,0,0,53,40,28,3.91,AI is off,AI is off,AI is off,AI is off,Not paired,AI is off,0,0,0
1512000,7.2,0,2,0.36,0.21,0,0,99,1,0,21,False,True,0,0,54,40,32,3.91,AI is off,AI is off,AI is off,AI is off,Not paired,AI is off,0,0,0
1514000,7.2,0,2,0.36,0.21,0,0,99,1,0,21,False,True,0,0,53,39,29,3.91,AI is off,AI is off,AI is off,AI is off,Not paired,AI is off,0,0,0
1516000,7.2,0,2,0.36,0.21,0,0,99,1,0,21,False,True,0,0,55,41,31,3.91,AI is off,AI is off,AI is off,AI is off,Not paired,AI is off,0,0,0
1518000,7.2,0,2,0.36,0.21,0,0,99,1,0,21,False,True,0,0,53,40,29,3.91,AI is off,AI is off,AI is off,AI is off,Not paired,AI is off,0,0,0
1520000,7.2,0,2,0.36,0.21,0,0,99,1,0,21,False,True,0,0,54,40,31,3.91,AI is off,AI is off,AI is off,AI is off,Not paired,AI is off,0,0,0
1522000,7.2,0,2,0.36,0.21,0,0,99,1,0,21,False,True,0,0,55,41,32,3.91,AI is off,AI is off,AI is off,AI is off,Not paired,AI is off,0,0,0
1524000,7.2,0,2,0.36,0.21,0,0,99,1,0,21,False,True,0,0,54,42,32,3.91,AI is off,AI is off,AI is off,AI is off,Not paired,AI is off,0,0,0
1526000,7.2,0,2,0.36,0.21,0,0,99,1,0,21,False,True,0,0,53,41,30,3.91,AI is off,AI is off,AI is off,AI is off,Not paired,AI is off,0,0,0
1528000,7,0,2,0.36,0.21,0,0,99,1,0,21,False,True,0,0,54,40,30,3.91,AI is off,AI is off,AI is off,AI is off,Not paired,AI is off,0,0,0
1530000,7,0,2,0.35,0.21,0,0,99,1,0,21,False,True,0,0,54,39,30,3.91,AI is off,AI is off,AI is off,AI is off,Not paired,AI is off,0,0,0
1532000,6.9,0,2,0.35,0.21,0,0,99,1,0,21,False,True,0,0,53,39,30,3.91,AI is off,AI is off,AI is off,AI is off,Not paired,AI is off,0,0,0
1534000,6.9,0,2,0.35,0.21,0,0,99,1,0,21,False,True,0,0,55,40,31,3.91,AI is off,AI is off,AI is off,AI is off,Not paired,AI is off,0,0,0
1536000,6.8,0,2,0.35,0.21,0,0,99,1,0,21,False,True,0,0,54,43,33,3.91,AI is off,AI is off,AI is off,AI is off,Not paired,AI is off,0,0,0
1538000,6.9,0,2,0.35,0.21,0,0,99,1,0,21,False,True,0,0,58,45,34,3.91,AI is off,AI is off,AI is off,AI is off,Not paired,AI is off,0,0,0
1540000,6.8,0,2,0.35,0.21,0,0,99,1,0,21,False,True,0,0,56,43,32,3.91,AI is off,AI is off,AI is off,AI is off,Not paired,AI is off,0,0,0
1542000,6.8,0,2,0.35,0.21,0,0,99,1,0,21,False,True,0,0,53,39,28,3.91,AI is off,AI is off,AI is off,AI is off,Not paired,AI is off,0,0,0
1544000,6.8,0,2,0.35,0.21,0,0,99,1,0,21,False,True,0,0,54,39,29,3.91,AI is off,AI is off,AI is off,AI is off,Not paired,AI is off,0,0,0
1546000,6.8,0,1,0.35,0.21,0,0,99,1,0,21,False,True,0,0,54,40,29,3.91,AI is off,AI is off,AI is off,AI is off,Not paired,AI is off,0,0,0
1548000,6.8,0,1,0.35,0.21,0,0,99,1,0,21,False,True,0,0,53,40,30,3.91,AI is off,AI is off,AI is off,AI is off,Not paired,AI is off,0,0,0
1550000,6.7,0,1,0.35,0.21,0,0,99,1,0,21,False,True,0,0,66,50,38,3.91,AI is off,AI is off,AI is off,AI is off,Not paired,AI is off,0,0,0
1552000,6.7,0,1,0.35,0.21,0,0,99,1,0,21,False,True,0,0,54,40,31,3.91,AI is off,AI is off,AI is off,AI is off,Not paired,AI is off,0,0,0
1554000,6.8,0,1,0.35,0.21,0,0,99,1,0,21,False,True,0,0,53,40,30,3.91,AI is off,AI is off,AI is off,AI is off,Not paired,AI is off,0,0,0
1556000,6.7,0,1,0.35,0.21,0,0,99,1,0,21,False,True,0,0,56,42,30,3.91,AI is off,AI is off,AI is off,AI is off,Not paired,AI is off,0,0,0
1558000,6.7,0,1,0.35,0.21,0,0,99,1,0,21,False,True,0,0,53,39,30,3.91,AI is off,AI is off,AI is off,AI is off,Not paired,AI is off,0,0,0
1560000,6.6,0,1,0.35,0.21,0,0,99,1,0,21,False,True,0,0,54,40,31,3.91,AI is off,AI is off,AI is off,AI is off,Not paired,AI is off,0,0,0
1562000,6.6,0,1,0.35,0.21,0,0,99,1,0,21,False,True,0,0,54,40,30,3.91,AI is off,AI is off,AI is off,AI is off,Not paired,AI is off,0,0,0
1564000,6.4,0,1,0.34,0.21,0,0,99,1,0,21,False,True,0,0,54,41,31,3.91,AI is off,AI is off,AI is off,AI is off,Not paired,AI is off,0,0,0
1566000,6.1,0,1,0.34,0.21,0,0,99,1,0,21,False,True,0,0,53,39,29,3.91,AI is off,AI is off,AI is off,AI is off,Not paired,AI is off,0,0,0
1568000,6.1,0,1,0.34,0.21,0,0,99,1,0,21,False,True,0,0,57,45,35,3.91,AI is off,AI is off,AI is off,AI is off,Not paired,AI is off,0,0,0
1570000,6.1,0,1,0.34,0.21,0,0,99,1,0,21,False,True,0,0,65,49,36,3.91,AI is off,AI is off,AI is off,AI is off,Not paired,AI is off,0,0,0
1572000,6.2,0,1,0.34,0.21,0,0,99,1,0,21,False,True,0,0,53,40,29,3.91,AI is off,AI is off,AI is off,AI is off,Not paired,AI is off,0,0,0
1574000,6.2,0,1,0.34,0.21,0,0,99,1,0,21,False,True,0,0,64,49,37,3.91,AI is off,AI is off,AI is off,AI is off,Not paired,AI is off,0,0,0
1576000,6.2,0,1,0.34,0.21,0,0,99,1,0,21,False,True,0,0,53,40,31,3.91,AI is off,AI is off,AI is off,AI is off,Not paired,AI is off,0,0,0
1578000,6.2,0,1,0.34,0.21,0,0,99,1,0,21,False,True,0,0,55,44,33,3.91,AI is off,AI is off,AI is off,AI is off,Not paired,AI is off,0,0,0
1580000,6.3,0,1,0.34,0.21,0,0,99,1,0,21,False,True,0,0,55,44,33,3.91,AI is off,AI is off,AI is off,AI is off,Not paired,AI is off,0,0,0
1582000,6.5,0,1,0.34,0.21,0,0,99,1,0,21,False,True,0,0,54,42,31,3.91,AI is off,AI is off,AI is off,AI is off,Not paired,AI is off,0,0,0
1584000,6.4,0,1,0.34,0.21,0,0,99,1,0,21,False,True,0,0,55,41,31,3.91,AI is off,AI is off,AI is off,AI is off,Not paired,AI is off,0,0,0
1586000,6.4,0,1,0.34,0.21,0,0,99,1,0,21,False,True,0,0,53,39,30,3.91,AI is off,AI is off,AI is off,AI is off,Not paired,AI is off,0,0,0
1588000,6.2,0,1,0.34,0.21,0,0,99,1,0,21,False,True,0,0,54,42,32,3.91,AI is off,AI is off,AI is off,AI is off,Not paired,AI is off,0,0,0
1590000,6.2,0,1,0.34,0.21,0,0,99,1,0,21,False,True,0,0,54,41,31,3.91,AI is off,AI is off,AI is off,AI is off,Not paired,AI is off,0,0,0
1592000,6.1,0,1,0.34,0.21,0,0,99,1,0,21,False,True,0,0,56,43,32,3.91,AI is off,AI is off,AI is off,AI is off,Not paired,AI is off,0,0,0
1594000,5.8,0,1,0.33,0.21,0,0,99,1,0,21,False,True,0,0,59,45,34,3.91,AI is off,AI is off,AI is off,AI is off,Not paired,AI is off,0,0,0
1596000,5.6,0,1,0.33,0.21,0,0,99,1,0,21,False,True,0,0,54,41,31,3.91,AI is off,AI is off,AI is off,AI is off,Not paired,AI is off,0,0,0
1598000,5.5,0,1,0.32,0.21,0,0,99,1,0,21,False,True,0,0,54,41,30,3.91,AI is off,AI is off,AI is off,AI is off,Not paired,AI is off,0,0,0
1600000,5.5,0,1,0.32,0.21,0,0,99,1,0,21,False,True,0,0,55,43,33,3.91,AI is off,AI is off,AI is off,AI is off,Not paired,AI is off,0,0,0
1602000,5.5,0,1,0.32,0.21,0,0,99,1,0,21,False,True,0,0,54,40,30,3.91,AI is off,AI is off,AI is off,AI is off,Not paired,AI is off,0,0,0
1604000,5.6,0,1,0.32,0.21,0,0,99,1,0,22,False,True,0,0,56,42,31,3.91,AI is off,AI is off,AI is off,AI is off,Not paired,AI is off,0,0,0
1606000,5.5,0,1,0.32,0.21,0,0,99,1,0,21,False,True,0,0,54,40,29,3.91,AI is off,AI is off,AI is off,AI is off,Not paired,AI is off,0,0,0
1608000,5.4,0,1,0.32,0.21,0,0,99,1,0,22,False,True,0,0,53,39,31,3.91,AI is off,AI is off,AI is off,AI is off,Not paired,AI is off,0,0,0
1610000,5.5,0,1,0.32,0.21,0,0,99,1,0,22,False,True,0,0,60,46,35,3.91,AI is off,AI is off,AI is off,AI is off,Not paired,AI is off,0,0,0
1612000,5.5,0,1,0.32,0.21,0,0,99,1,0,22,False,True,0,0,54,39,30,3.91,AI is off,AI is off,AI is off,AI is off,Not paired,AI is off,0,0,0
1614000,5.4,0,1,0.32,0.21,0,0,99,1,0,22,False,True,0,0,59,46,34,3.91,AI is off,AI is off,AI is off,AI is off,Not paired,AI is off,0,0,0
1616000,5.3,0,1,0.32,0.21,0,0,99,1,0,22,False,True,0,0,58,45,35,3.91,AI is off,AI is off,AI is off,AI is off,Not paired,AI is off,0,0,0
1618000,5.2,0,1,0.32,0.21,0,0,99,1,0,22,False,True,0,0,54,40,30,3.91,AI is off,AI is off,AI is off,AI is off,Not paired,AI is off,0,0,0
1620000,5.1,0,1,0.32,0.21,0,0,99,1,0,22,False,True,0,0,54,40,29,3.91,AI is off,AI is off,AI is off,AI is off,Not paired,AI is off,0,0,0
1622000,5.1,0,1,0.31,0.21,0,0,99,1,0,22,False,True,0,0,59,46,34,3.91,AI is off,AI is off,AI is off,AI is off,Not paired,AI is off,0,0,0
1624000,4.9,0,1,0.31,0.21,0,0,99,1,0,22,False,True,0,0,54,42,32,3.91,AI is off,AI is off,AI is off,AI is off,Not paired,AI is off,0,0,0
1626000,4.9,0,1,0.31,0.21,0,0,99,1,0,22,False,True,0,0,54,40,30,3.91,AI is off,AI is off,AI is off,AI is off,Not paired,AI is off,0,0,0
1628000,4.9,0,1,0.31,0.21,0,0,99,1,0,22,False,True,0,0,54,39,29,3.91,AI is off,AI is off,AI is off,AI is off,Not paired,AI is off,0,0,0
1630000,4.7,0,1,0.31,0.21,0,0,99,1,0,22,False,True,0,0,55,41,30,3.91,AI is off,AI is off,AI is off,AI is off,Not paired,AI is off,0,0,0
1632000,4.7,0,1,0.3,0.21,0,0,99,1,0,22,False,True,0,0,54,43,31,3.91,AI is off,AI is off,AI is off,AI is off,Not paired,AI is off,0,0,0
1634000,4.6,0,1,0.3,0.21,0,0,99,1,0,22,False,True,0,0,53,40,30,3.91,AI is off,AI is off,AI is off,AI is off,Not paired,AI is off,0,0,0
1636000,4.6,0,1,0.3,0.21,0,0,99,1,0,22,False,True,0,0,54,43,33,3.91,AI is off,AI is off,AI is off,AI is off,Not paired,AI is off,0,0,0
1638000,4.7,0,1,0.3,0.21,0,0,99,1,0,22,False,True,0,0,58,45,34,3.91,AI is off,AI is off,AI is off,AI is off,Not paired,AI is off,0,0,0
1640000,4.7,0,1,0.31,0.21,0,0,99,1,0,22,False,True,0,0,54,40,29,3.91,AI is off,AI is off,AI is off,AI is off,Not paired,AI is off,0,0,0
1642000,4.8,0,1,0.31,0.21,0,0,99,1,0,22,False,True,0,0,55,41,30,3.91,AI is off,AI is off,AI is off,AI is off,Not paired,AI is off,0,0,0
1644000,4.8,0,1,0.31,0.21,0,0,99,1,0,22,False,True,0,0,54,39,30,3.91,AI is off,AI is off,AI is off,AI is off,Not paired,AI is off,0,0,0
1646000,4.7,0,1,0.31,0.21,0,0,99,1,0,22,False,True,0,0,55,41,31,3.91,AI is off,AI is off,AI is off,AI is off,Not paired,AI is off,0,0,0
1648000,4.6,0,1,0.31,0.21,0,0,99,1,0,22,False,True,0,0,61,47,35,3.91,AI is off,AI is off,AI is off,AI is off,Not paired,AI is off,0,0,0
1650000,4.4,0,1,0.3,0.21,0,0,99,1,0,22,False,True,0,0,54,40,29,3.91,AI is off,AI is off,AI is off,AI is off,Not paired,AI is off,0,0,0
1652000,4.3,0,1,0.3,0.21,0,0,99,1,0,22,False,True,0,0,55,41,30,3.91,AI is off,AI is off,AI is off,AI is off,Not paired,AI is off,0,0,0
1654000,4.4,0,1,0.3,0.21,0,0,99,1,0,22,False,True,0,0,53,39,28,3.91,AI is off,AI is off,AI is off,AI is off,Not paired,AI is off,0,0,0
1656000,4.4,0,1,0.3,0.21,0,0,99,1,0,22,False,True,0,0,54,40,30,3.91,AI is off,AI is off,AI is off,AI is off,Not paired,AI is off,0,0,0
1658000,4.3,0,1,0.3,0.21,0,0,99,1,0,22,False,True,0,0,56,43,32,3.91,AI is off,AI is off,AI is off,AI is off,Not paired,AI is off,0,0,0
1660000,4,0,1,0.29,0.21,0,0,99,1,0,22,False,True,0,0,58,44,33,3.91,AI is off,AI is off,AI is off,AI is off,Not paired,AI is off,0,0,0
1662000,3.7,0,1,0.29,0.21,0,0,99,1,0,22,False,True,0,0,56,43,32,3.91,AI is off,AI is off,AI is off,AI is off,Not paired,AI is off,0,0,0
1664000,3.4,0,1,0.28,0.21,0,0,99,1,0,22,False,True,0,0,55,42,31,3.91,AI is off,AI is off,AI is off,AI is off,Not paired,AI is off,0,0,0
1666000,3.3,0,1,0.28,0.21,0,0,99,1,0,22,False,True,0,0,54,41,30,3.91,AI is off,AI is off,AI is off,AI is off,Not paired,AI is off,0,0,0
1668000,3.3,0,1,0.28,0.21,0,0,99,1,0,22,False,True,0,0,54,40,30,3.91,AI is off,AI is off,AI is off,AI is off,Not paired,AI is off,0,0,0
1670000,3.3,0,1,0.28,0.21,0,0,99,1,0,22,False,True,0,0,55,43,32,3.91,AI is off,AI is off,AI is off,AI is off,Not paired,AI is off,0,0,0
1672000,3.4,0,1,0.28,0.21,0,0,99,1,0,22,False,True,0,0,54,40,30,3.91,AI is off,AI is off,AI is off,AI is off,Not paired,AI is off,0,0,0
1674000,3.6,0,1,0.28,0.21,0,0,99,1,0,22,False,True,0,0,53,39,30,3.91,AI is off,AI is off,AI is off,AI is off,Not paired,AI is off,0,0,0
1676000,3.5,0,1,0.28,0.21,0,0,99,1,0,22,False,True,0,0,54,40,28,3.91,AI is off,AI is off,AI is off,AI is off,Not paired,AI is off,0,0,0
1678000,3.3,0,1,0.28,0.21,0,0,99,1,0,22,False,True,0,0,54,40,30,3.91,AI is off,AI is off,AI is off,AI is off,Not paired,AI is off,0,0,0
1680000,2.9,0,1,0.27,0.21,0,0,99,1,0,22,False,True,0,0,55,41,29,3.91,AI is off,AI is off,AI is off,AI is off,Not paired,AI is off,0,0,0
1682000,2.5,0,1,0.26,0.21,0,0,99,1,0,22,False,True,0,0,54,40,30,3.91,AI is off,AI is off,AI is off,AI is off,Not paired,AI is off,0,0,0
1684000,2.2,0,1,0.25,0.21,0,0,99,1,0,22,False,True,0,0,56,44,33,3.91,AI is off,AI is off,AI is off,AI is off,Not paired,AI is off,0,0,0
1686000,2,0,1,0.25,0.21,0,0,99,1,0,22,False,True,0,0,55,41,31,3.91,AI is off,AI is off,AI is off,AI is off,Not paired,AI is off,0,0,0
1688000,1.8,0,1,0.25,0.21,0,0,99,1,0,22,False,True,0,0,55,40,31,3.91,AI is off,AI is off,AI is off,AI is off,Not paired,AI is off,0,0,0
1690000,1.6,0,1,0.24,0.21,0,0,99,1,0,22,False,True,0,0,54,40,30,3.91,AI is off,AI is off,AI is off,AI is off,Not paired,AI is off,0,0,0
1692000,1.5,0,1,0.24,0.21,0,0,99,1,0,22,False,True,0,0,54,40,30,3.91,AI is off,AI is off,AI is off,AI is off,Not paired,AI is off,0,0,0
1694000,1.4,0,1,0.24,0.21,0,0,99,1,0,22,False,True,0,0,53,39,28,3.91,AI is off,AI is off,AI is off,AI is off,Not paired,AI is off,0,0,0
1696000,0.9,0,1,0.23,0.21,0,0,99,1,0,22,False,True,0,0,54,40,29,3.91,AI is off,AI is off,AI is off,AI is off,Not paired,AI is off,0,0,0
1698000,0,0,1,0.22,0.21,0,0,99,1,0,23,False,True,0,0,58,43,32,3.91,AI is off,AI is off,AI is off,AI is off,Not paired,AI is off,0,0,0
1700000,0,0,1,0.22,0.21,0,0,99,1,0,23,False,True,0,0,54,40,30,3.91,AI is off,AI is off,AI is off,AI is off,Not paired,AI is off,0,0,0
1702000,0,0,0,0.22,0.21,0,0,99,1,0,23,False,True,0,0,54,43,33,3.91,AI is off,AI is off,AI is off,AI is off,Not paired,AI is off,0,0,0
1704000,0,0,0,0.21,0.21,0,0,99,1,0,23,False,True,0,0,54,42,31,3.91,AI is off,AI is off,AI is off,AI is off,Not paired,AI is off,0,0,0
1706000,0,0,0,0.22,0.21,0,0,99,1,0,23,False,True,0,0,54,39,30,3.91,AI is off,AI is off,AI is off,AI is off,Not paired,AI is off,0,0,0
1708000,0,0,1,0.22,0.21,0,0,99,1,0,23,False,True,0,0,55,41,32,3.91,AI is off,AI is off,AI is off,AI is off,Not paired,AI is off,0,0,0
1710000,1.3,0,1,0.23,0.21,0,0,99,1,0,23,False,True,0,0,54,42,32,3.91,AI is off,AI is off,AI is off,AI is off,Not paired,AI is off,0,0,0
1712000,1.7,0,1,0.24,0.21,0,0,99,1,0,23,False,True,0,0,54,42,31,3.91,AI is off,AI is off,AI is off,AI is off,Not paired,AI is off,0,0,0
1714000,1.4,0,1,0.24,0.21,0,0,99,1,0,24,False,True,0,0,53,42,31,3.91,AI is off,AI is off,AI is off,AI is off,Not paired,AI is off,0,0,0
1716000,1.2,0,1,0.24,0.21,0,0,99,1,0,24,False,True,0,0,53,41,30,3.91,AI is off,AI is off,AI is off,AI is off,Not paired,AI is off,0,0,0
1718000,0,0,1,0.23,0.21,0,0,99,1,0,24,False,True,0,0,54,43,32,3.91,AI is off,AI is off,AI is off,AI is off,Not paired,AI is off,0,0,0
1720000,0,0,1,0.22,0.21,0,0,99,1,0,24,False,True,0,0,55,44,33,3.91,AI is off,AI is off,AI is off,AI is off,Not paired,AI is off,0,0,0
1722000,0,0,1,0.22,0.21,0,0,99,1,0,24,False,True,0,0,53,41,30,3.91,AI is off,AI is off,AI is off,AI is off,Not paired,AI is off,0,0,0
1724000,0,0,1,0.23,0.21,0,0,99,1,0,24,False,True,0,0,52,40,30,3.91,AI is off,AI is off,AI is off,AI is off,Not paired,AI is off,0,0,0
1726000,0,0,1,0.22,0.21,0,0,99,1,0,24,False,True,0,0,54,42,31,3.91,AI is off,AI is off,AI is off,AI is off,Not paired,AI is off,0,0,0
1728000,0,0,1,0.22,0.21,0,0,99,1,0,24,False,True,0,0,54,42,31,3.91,AI is off,AI is off,AI is off,AI is off,Not paired,AI is off,0,0,0
1730000,0,0,1,0.22,0.21,0,0,99,1,0,24,False,True,0,0,54,39,29,3.91,AI is off,AI is off,AI is off,AI is off,Not paired,AI is off,0,0,0
1732000,0,0,1,0.22,0.21,0,0,99,1,0,24,False,True,0,0,52,41,30,3.91,AI is off,AI is off,AI is off,AI is off,Not paired,AI is off,0,0,0
1734000,0,0,1,0.22,0.21,0,0,99,1,0,24,False,True,0,0,54,41,31,3.91,AI is off,AI is off,AI is off,AI is off,Not paired,AI is off,0,0,0
1736000,0,0,1,0.22,0.21,0,0,99,1,0,24,False,True,0,0,53,41,31,3.91,AI is off,AI is off,AI is off,AI is off,Not paired,AI is off,0,0,0
1738000,0,0,1,0.22,0.21,0,0,99,1,0,24,False,True,0,0,53,41,31,3.91,AI is off,AI is off,AI is off,AI is off,Not paired,AI is off,0,0,0
1740000,0,0,0,0.21,0.21,0,0,99,1,0,24,False,True,0,0,53,41,31,3.91,AI is off,AI is off,AI is off,AI is off,Not paired,AI is off,0,0,0
1742000,0,0,0,0.21,0.21,0,0,99,1,0,24,False,True,0,0,52,41,31,3.91,AI is off,AI is off,AI is off,AI is off,Not paired,AI is off,0,0,0
1744000,0,0,0,0.22,0.21,0,0,99,1,0,24,False,True,0,0,53,41,31,3.91,AI is off,AI is off,AI is off,AI is off,Not paired,AI is off,0,0,0
1746000,0,0,0,0.22,0.21,0,0,99,1,0,24,False,True,0,0,54,39,28,3.91,AI is off,AI is off,AI is off,AI is off,Not paired,AI is off,0,0,0
1748000,0,0,0,0.22,0.21,0,0,99,1,0,24,False,True,0,0,54,39,30,3.91,AI is off,AI is off,AI is off,AI is off,Not paired,AI is off,0,0,0
1750000,0,0,0,0.21,0.21,0,0,99,1,0,24,False,True,0,0,54,39,30,3.91,AI is off,AI is off,AI is off,AI is off,Not paired,AI is off,0,0,0
1752000,0,0,0,0.21,0.21,0,0,99,1,0,24,False,True,0,0,54,41,32,3.91,AI is off,AI is off,AI is off,AI is off,Not paired,AI is off,0,0,0
1754000,0,0,0,0.22,0.21,0,0,99,1,0,24,False,True,0,0,55,40,30,3.91,AI is off,AI is off,AI is off,AI is off,Not paired,AI is off,0,0,0
1756000,0,0,0,0.22,0.21,0,0,99,1,0,25,False,True,0,0,54,38,29,3.91,AI is off,AI is off,AI is off,AI is off,Not paired,AI is off,0,0,0
1758000,0,0,0,0.21,0.21,0,0,99,1,0,25,False,True,0,0,54,39,29,3.91,AI is off,AI is off,AI is off,AI is off,Not paired,AI is off,0,0,0
1760000,0,0,0,0.21,0.21,0,0,99,1,0,25,False,True,0,0,53,41,30,3.91,AI is off,AI is off,AI is off,AI is off,Not paired,AI is off,0,0,0
1762000,0,0,0,0.21,0.21,0,0,99,1,0,25,False,True,0,0,54,41,31,3.91,AI is off,AI is off,AI is off,AI is off,Not paired,AI is off,0,0,0
1764000,0,0,0,0.21,0.21,0,0,99,1,0,25,False,True,0,0,53,41,32,3.91,AI is off,AI is off,AI is off,AI is off,Not paired,AI is off,0,0,0
1766000,0,0,0,0.22,0.21,0,0,99,1,0,25,False,True,0,0,54,39,28,3.91,AI is off,AI is off,AI is off,AI is off,Not paired,AI is off,0,0,0
1768000,0,0,0,0.22,0.21,0,0,99,1,0,25,False,True,0,0,55,42,31,3.91,AI is off,AI is off,AI is off,AI is off,Not paired,AI is off,0,0,0
1770000,0,0,0,0.21,0.21,0,0,99,1,0,25,False,True,0,0,53,39,27,3.91,AI is off,AI is off,AI is off,AI is off,Not paired,AI is off,0,0,0
1772000,0,0,0,0.21,0.21,0,0,99,1,0,25,False,True,0,0,53,40,28,3.91,AI is off,AI is off,AI is off,AI is off,Not paired,AI is off,0,0,0
1774000,0,0,0,0.21,0.21,0,0,99,1,0,25,False,True,0,0,53,39,29,3.91,AI is off,AI is off,AI is off,AI is off,Not paired,AI is off,0,0,0
1776000,0,0,0,0.21,0.21,0,0,99,1,0,25,False,True,0,0,53,39,28,3.91,AI is off,AI is off,AI is off,AI is off,Not paired,AI is off,0,0,0