Dive Number,GF Minimum,GF Maximum,Surface Interval (min),Imperial Units,Start Battery Voltage,Start CNS %,Start Date,Start External O2 Sensor Status,Start Low Set Point,Start High Set Point,Computer Firmware Version,Max Depth,Max Time,Error History,End Battery Voltage,End CNS,End Date,End External O2 Sensor Status,End Low Set Point,End High Set Point,Computer Serial Number,Computer Firmware Version,Computer Model,Log Version,Deco Model,VPM-B Conservatism,Start Surface Pressure,End Surface Pressure,Product
156,40,85,107,False,4,2,8/16/2024 12:51:09 PM,False,0,1,86,30,1826,,3.9,5,8/16/2024 1:21:30 PM,False,0,1,937B0677,86,2,13,GF,40/85,1003,1003,Peregrine
Time (ms),Depth,First Stop Depth,Time To Surface (min),Average PPO2,Fraction O2,Fraction He,First Stop Time,Current NDL,Current Circuit Mode,Current CCR Mode,Water Temp,Gas Switch Needed,External PPO2,Set Point Type,Circuit Switch Type,External O2 Sensor 1 (mV),External O2 Sensor 2 (mV),External O2 Sensor 3 (mV),Battery Voltage,Tank 1 pressure (PSI),Tank 2 pressure (PSI),Tank 3 pressure (PSI),Tank 4 pressure (PSI),Gas Time Remaining,SAC Rate (2 minute avg),Ascent Rate,Safe Ascent Depth,CO2mbar
0,1.8,0,1,0.25,0.21,0,0,0,1,0,26,False,True,0,0,51,37,26,3.94,AI is off,AI is off,AI is off,AI is off,Not paired,AI is off,0,0,0
2000,1.8,0,1,0.25,0.21,0,0,0,1,0,26,False,True,0,0,51,36,25,3.95,AI is off,AI is off,AI is off,AI is off,Not paired,AI is off,0,0,0
4000,1.8,0,1,0.25,0.21,0,0,99,1,0,26,False,True,0,0,51,35,26,3.95,AI is off,AI is off,AI is off,AI is off,Not paired,AI is off,0,0,0
6000,1.8,0,1,0.25,0.21,0,0,99,1,0,26,False,True,0,0,51,36,25,3.95,AI is off,AI is off,AI is off,AI is off,Not paired,AI is off,0,0,0
8000,1.9,0,1,0.25,0.21,0,0,99,1,0,26,False,True,0,0,50,36,25,3.95,AI is off,AI is off,AI is off,AI is off,Not paired,AI is off,0,0,0
10000,1.9,0,1,0.25,0.21,0,0,99,1,0,26,False,True,0,0,50,35,24,3.95,AI is off,AI is off,AI is off,AI is off,Not paired,AI is off,0,0,0
12000,1.9,0,1,0.25,0.21,0,0,99,1,0,26,False,True,0,0,51,35,25,3.95,AI is off,AI is off,AI is off,AI is off,Not paired,AI is off,0,0,0
14000,2.1,0,1,0.25,0.21,0,0,99,1,0,26,False,True,0,0,52,36,26,3.95,AI is off,AI is off,AI is off,AI is off,Not paired,AI is off,0,0,0
16000,2.2,0,1,0.25,0.21,0,0,99,1,0,25,False,True,0,0,51,35,24,3.95,AI is off,AI is off,AI is off,AI is off,Not paired,AI is off,0,0,0
18000,2.4,0,1,0.26,0.21,0,0,99,1,0,25,False,True,0,0,51,35,24,3.95,AI is off,AI is off,AI is off,AI is off,Not paired,AI is off,0,0,0
20000,2.6,0,1,0.26,0.21,0,0,99,1,0,25,False,True,0,0,51,36,25,3.95,AI is off,AI is off,AI is off,AI is off,Not paired,AI is off,0,0,0
22000,2.9,0,1,0.27,0.21,0,0,99,1,0,25,False,True,0,0,50,34,24,3.95,AI is off,AI is off,AI is off,AI is off,Not paired,AI is off,0,0,0
24000,3.1,0,1,0.27,0.21,0,0,99,1,0,25,False,True,0,0,50,35,25,3.95,AI is off,AI is off,AI is off,AI is off,Not paired,AI is off,0,0,0
26000,3.4,0,1,0.28,0.21,0,0,99,1,0,25,False,True,0,0,54,41,29,3.95,AI is off,AI is off,AI is off,AI is off,Not paired,AI is off,0,0,0
28000,3.7,0,1,0.28,0.21,0,0,99,1,0,25,False,True,0,0,53,38,27,3.95,AI is off,AI is off,AI is off,AI is off,Not paired,AI is off,0,0,0
30000,4,0,1,0.29,0.21,0,0,99,1,0,25,False,True,0,0,50,35,25,3.95,AI is off,AI is off,AI is off,AI is off,Not paired,AI is off,0,0,0
32000,4.3,0,1,0.3,0.21,0,0,99,1,0,24,False,True,0,0,53,39,28,3.95,AI is off,AI is off,AI is off,AI is off,Not paired,AI is off,0,0,0
34000,4.7,0,1,0.3,0.21,0,0,99,1,0,24,False,True,0,0,53,37,27,3.95,AI is off,AI is off,AI is off,AI is off,Not paired,AI is off,0,0,0
36000,5.1,0,1,0.31,0.21,0,0,99,1,0,24,False,True,0,0,50,35,25,3.95,AI is off,AI is off,AI is off,AI is off,Not paired,AI is off,0,0,0
38000,5.5,0,1,0.32,0.21,0,0,99,1,0,24,False,True,0,0,50,36,25,3.95,AI is off,AI is off,AI is off,AI is off,Not paired,AI is off,0,0,0
40000,5.8,0,1,0.33,0.21,0,0,99,1,0,24,False,True,0,0,52,39,27,3.95,AI is off,AI is off,AI is off,AI is off,Not paired,AI is off,0,0,0
42000,6.1,0,1,0.33,0.21,0,0,99,1,0,24,False,True,0,0,53,40,29,3.95,AI is off,AI is off,AI is off,AI is off,Not paired,AI is off,0,0,0
44000,6.4,0,1,0.34,0.21,0,0,99,1,0,23,False,True,0,0,52,40,28,3.95,AI is off,AI is off,AI is off,AI is off,Not paired,AI is off,0,0,0
46000,6.6,0,1,0.35,0.21,0,0,99,1,0,23,False,True,0,0,52,39,29,3.95,AI is off,AI is off,AI is off,AI is off,Not paired,AI is off,0,0,0
48000,6.7,0,1,0.35,0.21,0,0,99,1,0,23,False,True,0,0,50,34,24,3.95,AI is off,AI is off,AI is off,AI is off,Not paired,AI is off,0,0,0
50000,6.8,0,1,0.35,0.21,0,0,99,1,0,23,False,True,0,0,50,35,24,3.95,AI is off,AI is off,AI is off,AI is off,Not paired,AI is off,0,0,0
52000,7.1,0,1,0.35,0.21,0,0,99,1,0,23,False,True,0,0,52,38,27,3.95,AI is off,AI is off,AI is off,AI is off,Not paired,AI is off,0,0,0
54000,7.8,0,1,0.37,0.21,0,0,99,1,0,23,False,True,0,0,52,39,27,3.95,AI is off,AI is off,AI is off,AI is off,Not paired,AI is off,0,0,0
56000,8.3,0,1,0.38,0.21,0,0,99,1,0,23,False,True,0,0,52,40,28,3.95,AI is off,AI is off,AI is off,AI is off,Not paired,AI is off,0,0,0
58000,8.8,0,1,0.39,0.21,0,0,99,1,0,23,False,True,0,0,51,35,25,3.95,AI is off,AI is off,AI is off,AI is off,Not paired,AI is off,0,0,0
60000,9.2,0,1,0.4,0.21,0,0,99,1,0,23,False,True,0,0,53,41,29,3.95,AI is off,AI is off,AI is off,AI is off,Not paired,AI is off,0,0,0
62000,9.400001,0,1,0.4,0.21,0,0,99,1,0,22,False,True,0,0,52,41,30,3.95,AI is off,AI is off,AI is off,AI is off,Not paired,AI is off,0,0,0
64000,9.8,0,1,0.41,0.21,0,0,99,1,0,22,False,True,0,0,53,41,29,3.95,AI is off,AI is off,AI is off,AI is off,Not paired,AI is off,0,0,0
66000,10.1,0,1,0.42,0.21,0,0,99,1,0,22,False,True,0,0,53,41,29,3.95,AI is off,AI is off,AI is off,AI is off,Not paired,AI is off,0,0,0
68000,10.5,0,1,0.43,0.21,0,0,99,1,0,22,False,True,0,0,53,40,28,3.95,AI is off,AI is off,AI is off,AI is off,Not paired,AI is off,0,0,0
70000,11.1,0,2,0.44,0.21,0,0,99,1,0,22,False,True,0,0,53,40,28,3.95,AI is off,AI is off,AI is off,AI is off,Not paired,AI is off,0,0,0
72000,11.6,0,2,0.45,0.21,0,0,99,1,0,22,False,True,0,0,54,40,29,3.95,AI is off,AI is off,AI is off,AI is off,Not paired,AI is off,0,0,0
74000,12.2,0,2,0.46,0.21,0,0,99,1,0,22,False,True,0,0,49,35,25,3.95,AI is off,AI is off,AI is off,AI is off,Not paired,AI is off,0,0,0
76000,12.7,0,2,0.47,0.21,0,0,99,1,0,22,False,True,0,0,53,41,29,3.95,AI is off,AI is off,AI is off,AI is off,Not paired,AI is off,0,0,0
78000,13,0,2,0.48,0.21,0,0,99,1,0,22,False,True,0,0,50,35,24,3.95,AI is off,AI is off,AI is off,AI is off,Not paired,AI is off,0,0,0
80000,13.4,0,5,0.49,0.21,0,0,80,1,0,21,False,True,0,0,50,36,25,3.95,AI is off,AI is off,AI is off,AI is off,Not paired,AI is off,0,0,0
82000,14.1,0,5,0.5,0.21,0,0,80,1,0,21,False,True,0,0,50,35,25,3.95,AI is off,AI is off,AI is off,AI is off,Not paired,AI is off,0,0,0
84000,14.6,0,5,0.51,0.21,0,0,80,1,0,21,False,True,0,0,53,39,27,3.95,AI is off,AI is off,AI is off,AI is off,Not paired,AI is off,0,0,0
86000,15.1,0,5,0.52,0.21,0,0,62,1,0,21,False,True,0,0,53,40,28,3.95,AI is off,AI is off,AI is off,AI is off,Not paired,AI is off,0,0,0
88000,15.6,0,5,0.53,0.21,0,0,62,1,0,21,False,True,0,0,54,40,28,3.95,AI is off,AI is off,AI is off,AI is off,Not paired,AI is off,0,0,0
90000,16.2,0,5,0.55,0.21,0,0,62,1,0,20,False,True,0,0,50,35,24,3.95,AI is off,AI is off,AI is off,AI is off,Not paired,AI is off,0,0,0
92000,16.7,0,5,0.55,0.21,0,0,62,1,0,20,False,True,0,0,53,40,28,3.95,AI is off,AI is off,AI is off,AI is off,Not paired,AI is off,0,0,0
94000,17.2,0,5,0.57,0.21,0,0,62,1,0,20,False,True,0,0,54,40,29,3.95,AI is off,AI is off,AI is off,AI is off,Not paired,AI is off,0,0,0
96000,17.8,0,5,0.57,0.21,0,0,44,1,0,20,False,True,0,0,54,40,28,3.95,AI is off,AI is off,AI is off,AI is off,Not paired,AI is off,0,0,0
98000,18.5,0,5,0.59,0.21,0,0,44,1,0,19,False,True,0,0,54,40,28,3.95,AI is off,AI is off,AI is off,AI is off,Not paired,AI is off,0,0,0
100000,19.1,0,5,0.6,0.21,0,0,44,1,0,19,False,True,0,0,53,39,28,3.95,AI is off,AI is off,AI is off,AI is off,Not paired,AI is off,0,0,0
102000,19.7,0,5,0.61,0.21,0,0,34,1,0,19,False,True,0,0,53,39,27,3.95,AI is off,AI is off,AI is off,AI is off,Not paired,AI is off,0,0,0
104000,20.5,0,5,0.63,0.21,0,0,34,1,0,19,False,True,0,0,53,40,29,3.95,AI is off,AI is off,AI is off,AI is off,Not paired,AI is off,0,0,0
106000,21.1,0,5,0.64,0.21,0,0,34,1,0,19,False,True,0,0,53,39,27,3.95,AI is off,AI is off,AI is off,AI is off,Not paired,AI is off,0,0,0
108000,21.7,0,5,0.66,0.21,0,0,34,1,0,18,False,True,0,0,53,39,27,3.95,AI is off,AI is off,AI is off,AI is off,Not paired,AI is off,0,0,0
110000,22.3,0,5,0.67,0.21,0,0,34,1,0,18,False,True,0,0,52,39,27,3.95,AI is off,AI is off,AI is off,AI is off,Not paired,AI is off,0,0,0
112000,23,0,5,0.68,0.21,0,0,34,1,0,19,False,True,0,0,52,40,28,3.95,AI is off,AI is off,AI is off,AI is off,Not paired,AI is off,0,0,0
114000,23.5,0,6,0.69,0.21,0,0,23,1,0,19,False,True,0,0,52,40,27,3.95,AI is off,AI is off,AI is off,AI is off,Not paired,AI is off,0,0,0
116000,23.9,0,6,0.71,0.21,0,0,23,1,0,18,False,True,0,0,53,40,28,3.95,AI is off,AI is off,AI is off,AI is off,Not paired,AI is off,0,0,0
118000,24.1,0,6,0.71,0.21,0,0,20,1,0,18,False,True,0,0,53,41,29,3.95,AI is off,AI is off,AI is off,AI is off,Not paired,AI is off,0,0,0
120000,24.4,0,6,0.72,0.21,0,0,20,1,0,17,False,True,0,0,53,41,29,3.95,AI is off,AI is off,AI is off,AI is off,Not paired,AI is off,0,0,0
122000,24.4,0,6,0.72,0.21,0,0,20,1,0,16,False,True,0,0,53,41,29,3.95,AI is off,AI is off,AI is off,AI is off,Not paired,AI is off,0,0,0
124000,24.4,0,6,0.72,0.21,0,0,20,1,0,16,False,True,0,0,51,36,27,3.95,AI is off,AI is off,AI is off,AI is off,Not paired,AI is off,0,0,0
126000,24.5,0,6,0.72,0.21,0,0,20,1,0,16,False,True,0,0,54,40,28,3.95,AI is off,AI is off,AI is off,AI is off,Not paired,AI is off,0,0,0
128000,24.8,0,6,0.72,0.21,0,0,20,1,0,16,False,True,0,0,53,40,29,3.95,AI is off,AI is off,AI is off,AI is off,Not paired,AI is off,0,0,0
130000,24.7,0,6,0.73,0.21,0,0,19,1,0,15,False,True,0,0,54,41,30,3.95,AI is off,AI is off,AI is off,AI is off,Not paired,AI is off,0,0,0
132000,24.8,0,6,0.73,0.21,0,0,19,1,0,15,False,True,0,0,53,40,28,3.95,AI is off,AI is off,AI is off,AI is off,Not paired,AI is off,0,0,0
134000,25,0,6,0.73,0.21,0,0,18,1,0,15,False,True,0,0,53,40,29,3.95,AI is off,AI is off,AI is off,AI is off,Not paired,AI is off,0,0,0
136000,25.2,0,6,0.74,0.21,0,0,18,1,0,15,False,True,0,0,54,40,28,3.95,AI is off,AI is off,AI is off,AI is off,Not paired,AI is off,0,0,0
138000,25.3,0,6,0.74,0.21,0,0,18,1,0,15,False,True,0,0,53,40,28,3.95,AI is off,AI is off,AI is off,AI is off,Not paired,AI is off,0,0,0
140000,25.5,0,6,0.74,0.21,0,0,18,1,0,15,False,True,0,0,53,40,28,3.95,AI is off,AI is off,AI is off,AI is off,Not paired,AI is off,0,0,0
142000,25.7,0,6,0.74,0.21,0,0,18,1,0,15,False,True,0,0,54,40,29,3.95,AI is off,AI is off,AI is off,AI is off,Not paired,AI is off,0,0,0
144000,25.5,0,6,0.74,0.21,0,0,18,1,0,15,False,True,0,0,54,41,30,3.95,AI is off,AI is off,AI is off,AI is off,Not paired,AI is off,0,0,0
146000,25.6,0,6,0.74,0.21,0,0,17,1,0,15,False,True,0,0,52,38,27,3.95,AI is off,AI is off,AI is off,AI is off,Not paired,AI is off,0,0,0
148000,25.5,0,6,0.74,0.21,0,0,17,1,0,15,False,True,0,0,52,37,27,3.95,AI is off,AI is off,AI is off,AI is off,Not paired,AI is off,0,0,0
150000,25.6,0,6,0.74,0.21,0,0,17,1,0,15,False,True,0,0,51,35,25,3.95,AI is off,AI is off,AI is off,AI is off,Not paired,AI is off,0,0,0
152000,25.8,0,6,0.75,0.21,0,0,17,1,0,15,False,True,0,0,51,36,26,3.95,AI is off,AI is off,AI is off,AI is off,Not paired,AI is off,0,0,0
154000,25.9,0,6,0.75,0.21,0,0,17,1,0,15,False,True,0,0,52,37,27,3.95,AI is off,AI is off,AI is off,AI is off,Not paired,AI is off,0,0,0
156000,26.3,0,6,0.75,0.21,0,0,17,1,0,15,False,True,0,0,54,41,30,3.95,AI is off,AI is off,AI is off,AI is off,Not paired,AI is off,0,0,0
158000,26.3,0,6,0.76,0.21,0,0,17,1,0,15,False,True,0,0,53,41,29,3.95,AI is off,AI is off,AI is off,AI is off,Not paired,AI is off,0,0,0
160000,26.4,0,6,0.76,0.21,0,0,17,1,0,15,False,True,0,0,54,41,31,3.95,AI is off,AI is off,AI is off,AI is off,Not paired,AI is off,0,0,0
162000,26.4,0,6,0.76,0.21,0,0,16,1,0,14,False,True,0,0,55,42,31,3.95,AI is off,AI is off,AI is off,AI is off,Not paired,AI is off,0,0,0
164000,26.4,0,6,0.76,0.21,0,0,16,1,0,14,False,True,0,0,54,42,32,3.95,AI is off,AI is off,AI is off,AI is off,Not paired,AI is off,0,0,0
166000,26.3,0,6,0.76,0.21,0,0,16,1,0,14,False,True,0,0,53,41,30,3.95,AI is off,AI is off,AI is off,AI is off,Not paired,AI is off,0,0,0
168000,26.3,0,6,0.76,0.21,0,0,16,1,0,14,False,True,0,0,53,41,30,3.95,AI is off,AI is off,AI is off,AI is off,Not paired,AI is off,0,0,0
170000,26.2,0,6,0.76,0.21,0,0,16,1,0,14,False,True,0,0,52,38,27,3.95,AI is off,AI is off,AI is off,AI is off,Not paired,AI is off,0,0,0
172000,26.1,0,6,0.76,0.21,0,0,16,1,0,14,False,True,0,0,52,37,27,3.95,AI is off,AI is off,AI is off,AI is off,Not paired,AI is off,0,0,0
174000,26.1,0,6,0.76,0.21,0,0,16,1,0,14,False,True,0,0,55,43,32,3.95,AI is off,AI is off,AI is off,AI is off,Not paired,AI is off,0,0,0
176000,26.1,0,6,0.75,0.21,0,0,16,1,0,14,False,True,0,0,54,42,32,3.95,AI is off,AI is off,AI is off,AI is off,Not paired,AI is off,0,0,0
178000,25.9,0,6,0.75,0.21,0,0,16,1,0,13,False,True,0,0,54,41,31,3.95,AI is off,AI is off,AI is off,AI is off,Not paired,AI is off,0,0,0
180000,25.8,0,6,0.75,0.21,0,0,16,1,0,13,False,True,0,0,52,37,28,3.95,AI is off,AI is off,AI is off,AI is off,Not paired,AI is off,0,0,0
182000,25.8,0,6,0.75,0.21,0,0,16,1,0,13,False,True,0,0,53,40,30,3.95,AI is off,AI is off,AI is off,AI is off,Not paired,AI is off,0,0,0
184000,25.8,0,6,0.75,0.21,0,0,16,1,0,13,False,True,0,0,52,39,28,3.95,AI is off,AI is off,AI is off,AI is off,Not paired,AI is off,0,0,0
186000,25.8,0,6,0.75,0.21,0,0,16,1,0,13,False,True,0,0,51,37,27,3.95,AI is off,AI is off,AI is off,AI is off,Not paired,AI is off,0,0,0
188000,25.8,0,6,0.75,0.21,0,0,16,1,0,13,False,True,0,0,52,38,27,3.95,AI is off,AI is off,AI is off,AI is off,Not paired,AI is off,0,0,0
190000,25.8,0,6,0.75,0.21,0,0,16,1,0,13,False,True,0,0,53,39,28,3.95,AI is off,AI is off,AI is off,AI is off,Not paired,AI is off,0,0,0
192000,25.7,0,6,0.75,0.21,0,0,16,1,0,13,False,True,0,0,52,37,28,3.95,AI is off,AI is off,AI is off,AI is off,Not paired,AI is off,0,0,0
194000,25.5,0,6,0.75,0.21,0,0,16,1,0,13,False,True,0,0,53,41,30,3.95,AI is off,AI is off,AI is off,AI is off,Not paired,AI is off,0,0,0
196000,25.3,0,6,0.74,0.21,0,0,17,1,0,13,False,True,0,0,53,42,32,3.95,AI is off,AI is off,AI is off,AI is off,Not paired,AI is off,0,0,0
198000,25.3,0,6,0.74,0.21,0,0,17,1,0,12,False,True,0,0,53,42,31,3.95,AI is off,AI is off,AI is off,AI is off,Not paired,AI is off,0,0,0
200000,25.3,0,6,0.74,0.21,0,0,17,1,0,12,False,True,0,0,53,41,32,3.95,AI is off,AI is off,AI is off,AI is off,Not paired,AI is off,0,0,0
202000,25.6,0,6,0.74,0.21,0,0,17,1,0,12,False,True,0,0,53,41,30,3.95,AI is off,AI is off,AI is off,AI is off,Not paired,AI is off,0,0,0
204000,25.3,0,6,0.74,0.21,0,0,17,1,0,12,False,True,0,0,52,38,28,3.95,AI is off,AI is off,AI is off,AI is off,Not paired,AI is off,0,0,0
206000,25.2,0,6,0.74,0.21,0,0,17,1,0,12,False,True,0,0,53,38,28,3.95,AI is off,AI is off,AI is off,AI is off,Not paired,AI is off,0,0,0
208000,25,0,6,0.73,0.21,0,0,17,1,0,12,False,True,0,0,53,39,30,3.95,AI is off,AI is off,AI is off,AI is off,Not paired,AI is off,0,0,0
210000,25,0,6,0.73,0.21,0,0,17,1,0,12,False,True,0,0,54,42,32,3.95,AI is off,AI is off,AI is off,AI is off,Not paired,AI is off,0,0,0
212000,24.9,0,6,0.73,0.21,0,0,17,1,0,12,False,True,0,0,54,42,30,3.95,AI is off,AI is off,AI is off,AI is off,Not paired,AI is off,0,0,0
214000,25,0,6,0.73,0.21,0,0,17,1,0,12,False,True,0,0,53,40,30,3.95,AI is off,AI is off,AI is off,AI is off,Not paired,AI is off,0,0,0
216000,24.8,0,6,0.73,0.21,0,0,17,1,0,12,False,True,0,0,54,41,31,3.95,AI is off,AI is off,AI is off,AI is off,Not paired,AI is off,0,0,0
218000,24.8,0,6,0.73,0.21,0,0,17,1,0,12,False,True,0,0,53,38,29,3.95,AI is off,AI is off,AI is off,AI is off,Not paired,AI is off,0,0,0
220000,24.8,0,6,0.73,0.21,0,0,17,1,0,12,False,True,0,0,53,40,30,3.95,AI is off,AI is off,AI is off,AI is off,Not paired,AI is off,0,0,0
222000,24.8,0,6,0.73,0.21,0,0,17,1,0,12,False,True,0,0,54,40,30,3.95,AI is off,AI is off,AI is off,AI is off,Not paired,AI is off,0,0,0
224000,24.8,0,6,0.73,0.21,0,0,17,1,0,12,False,True,0,0,53,38,28,3.95,AI is off,AI is off,AI is off,AI is off,Not paired,AI is off,0,0,0
226000,24.7,0,6,0.73,0.21,0,0,17,1,0,12,False,True,0,0,53,38,29,3.95,AI is off,AI is off,AI is off,AI is off,Not paired,AI is off,0,0,0
228000,24.8,0,6,0.73,0.21,0,0,17,1,0,12,False,True,0,0,53,38,28,3.95,AI is off,AI is off,AI is off,AI is off,Not paired,AI is off,0,0,0
230000,24.8,0,6,0.73,0.21,0,0,17,1,0,12,False,True,0,0,53,39,29,3.95,AI is off,AI is off,AI is off,AI is off,Not paired,AI is off,0,0,0
232000,24.7,0,6,0.73,0.21,0,0,17,1,0,12,False,True,0,0,53,38,29,3.95,AI is off,AI is off,AI is off,AI is off,Not paired,AI is off,0,0,0
234000,24.7,0,6,0.72,0.21,0,0,17,1,0,12,False,True,0,0,53,39,29,3.95,AI is off,AI is off,AI is off,AI is off,Not paired,AI is off,0,0,0
236000,24.5,0,6,0.72,0.21,0,0,17,1,0,12,False,True,0,0,54,39,30,3.95,AI is off,AI is off,AI is off,AI is off,Not paired,AI is off,0,0,0
238000,24.6,0,6,0.72,0.21,0,0,17,1,0,12,False,True,0,0,53,39,29,3.95,AI is off,AI is off,AI is off,AI is off,Not paired,AI is off,0,0,0
240000,24.7,0,6,0.72,0.21,0,0,17,1,0,12,False,True,0,0,54,39,30,3.95,AI is off,AI is off,AI is off,AI is off,Not paired,AI is off,0,0,0
242000,24.6,0,6,0.72,0.21,0,0,17,1,0,12,False,True,0,0,53,39,29,3.95,AI is off,AI is off,AI is off,AI is off,Not paired,AI is off,0,0,0
244000,24.7,0,6,0.72,0.21,0,0,17,1,0,12,False,True,0,0,53,39,29,3.95,AI is off,AI is off,AI is off,AI is off,Not paired,AI is off,0,0,0
246000,24.7,0,6,0.73,0.21,0,0,17,1,0,12,False,True,0,0,54,38,29,3.95,AI is off,AI is off,AI is off,AI is off,Not paired,AI is off,0,0,0
248000,24.7,0,6,0.73,0.21,0,0,17,1,0,12,False,True,0,0,54,39,30,3.95,AI is off,AI is off,AI is off,AI is off,Not paired,AI is off,0,0,0
250000,24.7,0,6,0.72,0.21,0,0,17,1,0,12,False,True,0,0,55,40,30,3.95,AI is off,AI is off,AI is off,AI is off,Not paired,AI is off,0,0,0
252000,24.7,0,6,0.73,0.21,0,0,17,1,0,12,False,True,0,0,54,38,29,3.95,AI is off,AI is off,AI is off,AI is off,Not paired,AI is off,0,0,0
254000,24.7,0,6,0.72,0.21,0,0,17,1,0,11,False,True,0,0,55,40,30,3.95,AI is off,AI is off,AI is off,AI is off,Not paired,AI is off,0,0,0
256000,24.7,0,6,0.72,0.21,0,0,17,1,0,11,False,True,0,0,54,38,30,3.95,AI is off,AI is off,AI is off,AI is off,Not paired,AI is off,0,0,0
258000,24.8,0,6,0.73,0.21,0,0,17,1,0,11,False,True,0,0,54,41,32,3.95,AI is off,AI is off,AI is off,AI is off,Not paired,AI is off,0,0,0
260000,24.9,0,6,0.73,0.21,0,0,17,1,0,11,False,True,0,0,54,39,30,3.95,AI is off,AI is off,AI is off,AI is off,Not paired,AI is off,0,0,0
262000,25,0,6,0.73,0.21,0,0,16,1,0,11,False,True,0,0,54,40,31,3.95,AI is off,AI is off,AI is off,AI is off,Not paired,AI is off,0,0,0
264000,25,0,6,0.73,0.21,0,0,16,1,0,11,False,True,0,0,55,42,32,3.95,AI is off,AI is off,AI is off,AI is off,Not paired,AI is off,0,0,0
266000,25,0,6,0.73,0.21,0,0,16,1,0,11,False,True,0,0,54,39,30,3.95,AI is off,AI is off,AI is off,AI is off,Not paired,AI is off,0,0,0
268000,24.9,0,6,0.73,0.21,0,0,16,1,0,11,False,True,0,0,54,39,29,3.95,AI is off,AI is off,AI is off,AI is off,Not paired,AI is off,0,0,0
270000,24.9,0,6,0.73,0.21,0,0,16,1,0,11,False,True,0,0,54,39,30,3.95,AI is off,AI is off,AI is off,AI is off,Not paired,AI is off,0,0,0
272000,24.9,0,6,0.73,0.21,0,0,16,1,0,11,False,True,0,0,54,40,30,3.95,AI is off,AI is off,AI is off,AI is off,Not paired,AI is off,0,0,0
274000,25,0,6,0.73,0.21,0,0,16,1,0,11,False,True,0,0,54,38,29,3.95,AI is off,AI is off,AI is off,AI is off,Not paired,AI is off,0,0,0
276000,25,0,6,0.73,0.21,0,0,16,1,0,11,False,True,0,0,54,39,29,3.95,AI is off,AI is off,AI is off,AI is off,Not paired,AI is off,0,0,0
278000,25,0,6,0.73,0.21,0,0,16,1,0,11,False,True,0,0,54,40,31,3.95,AI is off,AI is off,AI is off,AI is off,Not paired,AI is off,0,0,0
280000,25.1,0,6,0.73,0.21,0,0,16,1,0,11,False,True,0,0,54,38,29,3.95,AI is off,AI is off,AI is off,AI is off,Not paired,AI is off,0,0,0
282000,25.1,0,6,0.73,0.21,0,0,16,1,0,11,False,True,0,0,54,39,30,3.95,AI is off,AI is off,AI is off,AI is off,Not paired,AI is off,0,0,0
284000,24.9,0,6,0.73,0.21,0,0,16,1,0,11,False,True,0,0,55,41,31,3.95,AI is off,AI is off,AI is off,AI is off,Not paired,AI is off,0,0,0
286000,24.9,0,6,0.73,0.21,0,0,16,1,0,11,False,True,0,0,54,38,29,3.95,AI is off,AI is off,AI is off,AI is off,Not paired,AI is off,0,0,0
288000,24.9,0,6,0.73,0.21,0,0,16,1,0,11,False,True,0,0,54,39,30,3.95,AI is off,AI is off,AI is off,AI is off,Not paired,AI is off,0,0,0
290000,24.9,0,6,0.73,0.21,0,0,16,1,0,11,False,True,0,0,54,40,31,3.95,AI is off,AI is off,AI is off,AI is off,Not paired,AI is off,0,0,0
292000,25,0,6,0.73,0.21,0,0,16,1,0,11,False,True,0,0,54,40,30,3.95,AI is off,AI is off,AI is off,AI is off,Not paired,AI is off,0,0,0
294000,25.2,0,6,0.74,0.21,0,0,16,1,0,11,False,True,0,0,55,40,30,3.95,AI is off,AI is off,AI is off,AI is off,Not paired,AI is off,0,0,0
296000,25.4,0,6,0.74,0.21,0,0,16,1,0,11,False,True,0,0,55,41,32,3.95,AI is off,AI is off,AI is off,AI is off,Not paired,AI is off,0,0,0
298000,25.4,0,6,0.74,0.21,0,0,16,1,0,11,False,True,0,0,53,39,29,3.95,AI is off,AI is off,AI is off,AI is off,Not paired,AI is off,0,0,0
300000,25.4,0,6,0.74,0.21,0,0,15,1,0,11,False,True,0,0,54,40,31,3.95,AI is off,AI is off,AI is off,AI is off,Not paired,AI is off,0,0,0
302000,25.4,0,6,0.74,0.21,0,0,15,1,0,11,False,True,0,0,54,40,32,3.95,AI is off,AI is off,AI is off,AI is off,Not paired,AI is off,0,0,0
304000,25.5,0,6,0.74,0.21,0,0,15,1,0,11,False,True,0,0,53,39,32,3.95,AI is off,AI is off,AI is off,AI is off,Not paired,AI is off,0,0,0
306000,25.6,0,6,0.74,0.21,0,0,15,1,0,11,False,True,0,0,54,40,31,3.95,AI is off,AI is off,AI is off,AI is off,Not paired,AI is off,0,0,0
308000,25.6,0,6,0.74,0.21,0,0,15,1,0,11,False,True,0,0,54,39,30,3.95,AI is off,AI is off,AI is off,AI is off,Not paired,AI is off,0,0,0
310000,25.6,0,6,0.75,0.21,0,0,15,1,0,11,False,True,0,0,54,40,31,3.95,AI is off,AI is off,AI is off,AI is off,Not paired,AI is off,0,0,0
312000,25.7,0,6,0.75,0.21,0,0,15,1,0,11,False,True,0,0,55,40,31,3.95,AI is off,AI is off,AI is off,AI is off,Not paired,AI is off,0,0,0
314000,25.8,0,6,0.75,0.21,0,0,15,1,0,11,False,True,0,0,53,40,31,3.95,AI is off,AI is off,AI is off,AI is off,Not paired,AI is off,0,0,0
316000,25.9,0,6,0.75,0.21,0,0,14,1,0,11,False,True,0,0,54,40,30,3.95,AI is off,AI is off,AI is off,AI is off,Not paired,AI is off,0,0,0
318000,25.9,0,6,0.75,0.21,0,0,14,1,0,11,False,True,0,0,53,40,31,3.95,AI is off,AI is off,AI is off,AI is off,Not paired,AI is off,0,0,0
320000,25.9,0,6,0.75,0.21,0,0,14,1,0,11,False,True,0,0,53,40,31,3.95,AI is off,AI is off,AI is off,AI is off,Not paired,AI is off,0,0,0
322000,26,0,6,0.75,0.21,0,0,14,1,0,11,False,True,0,0,55,41,32,3.95,AI is off,AI is off,AI is off,AI is off,Not paired,AI is off,0,0,0
324000,26.1,0,6,0.75,0.21,0,0,14,1,0,11,False,True,0,0,55,42,33,3.95,AI is off,AI is off,AI is off,AI is off,Not paired,AI is off,0,0,0
326000,26.1,0,6,0.76,0.21,0,0,14,1,0,11,False,True,0,0,55,40,31,3.95,AI is off,AI is off,AI is off,AI is off,Not paired,AI is off,0,0,0
328000,26.2,0,6,0.76,0.21,0,0,13,1,0,11,False,True,0,0,55,41,32,3.95,AI is off,AI is off,AI is off,AI is off,Not paired,AI is off,0,0,0
330000,26.2,0,6,0.76,0.21,0,0,13,1,0,11,False,True,0,0,55,40,31,3.95,AI is off,AI is off,AI is off,AI is off,Not paired,AI is off,0,0,0
332000,26.2,0,6,0.76,0.21,0,0,13,1,0,11,False,True,0,0,55,42,32,3.95,AI is off,AI is off,AI is off,AI is off,Not paired,AI is off,0,0,0
334000,26.2,0,6,0.76,0.21,0,0,13,1,0,11,False,True,0,0,55,41,31,3.95,AI is off,AI is off,AI is off,AI is off,Not paired,AI is off,0,0,0
336000,26.3,0,6,0.76,0.21,0,0,13,1,0,11,False,True,0,0,54,40,31,3.95,AI is off,AI is off,AI is off,AI is off,Not paired,AI is off,0,0,0
338000,26.3,0,6,0.76,0.21,0,0,13,1,0,11,False,True,0,0,55,41,32,3.95,AI is off,AI is off,AI is off,AI is off,Not paired,AI is off,0,0,0
340000,26.4,0,6,0.76,0.21,0,0,13,1,0,11,False,True,0,0,54,39,31,3.95,AI is off,AI is off,AI is off,AI is off,Not paired,AI is off,0,0,0
342000,26.4,0,6,0.76,0.21,0,0,13,1,0,11,False,True,0,0,55,41,32,3.95,AI is off,AI is off,AI is off,AI is off,Not paired,AI is off,0,0,0
344000,26.6,0,6,0.77,0.21,0,0,13,1,0,11,False,True,0,0,54,40,32,3.95,AI is off,AI is off,AI is off,AI is off,Not paired,AI is off,0,0,0
346000,26.6,0,6,0.77,0.21,0,0,13,1,0,11,False,True,0,0,55,41,32,3.95,AI is off,AI is off,AI is off,AI is off,Not paired,AI is off,0,0,0
348000,26.5,0,6,0.76,0.21,0,0,13,1,0,11,False,True,0,0,54,40,31,3.95,AI is off,AI is off,AI is off,AI is off,Not paired,AI is off,0,0,0
350000,26.6,0,6,0.76,0.21,0,0,12,1,0,11,False,True,0,0,54,40,31,3.95,AI is off,AI is off,AI is off,AI is off,Not paired,AI is off,0,0,0
352000,26.7,0,6,0.77,0.21,0,0,12,1,0,11,False,True,0,0,54,40,30,3.95,AI is off,AI is off,AI is off,AI is off,Not paired,AI is off,0,0,0
354000,26.7,0,6,0.77,0.21,0,0,12,1,0,10,False,True,0,0,55,41,33,3.95,AI is off,AI is off,AI is off,AI is off,Not paired,AI is off,0,0,0
356000,26.7,0,6,0.77,0.21,0,0,12,1,0,10,False,True,0,0,54,41,32,3.95,AI is off,AI is off,AI is off,AI is off,Not paired,AI is off,0,0,0
358000,26.7,0,6,0.77,0.21,0,0,12,1,0,10,False,True,0,0,54,41,31,3.95,AI is off,AI is off,AI is off,AI is off,Not paired,AI is off,0,0,0
360000,26.9,0,6,0.77,0.21,0,0,12,1,0,10,False,True,0,0,55,41,31,3.95,AI is off,AI is off,AI is off,AI is off,Not paired,AI is off,0,0,0
362000,27,0,6,0.77,0.21,0,0,12,1,0,10,False,True,0,0,55,44,34,3.95,AI is off,AI is off,AI is off,AI is off,Not paired,AI is off,0,0,0
364000,27,0,6,0.77,0.21,0,0,12,1,0,10,False,True,0,0,54,40,31,3.95,AI is off,AI is off,AI is off,AI is off,Not paired,AI is off,0,0,0
366000,27.1,0,6,0.78,0.21,0,0,12,1,0,10,False,True,0,0,55,40,30,3.95,AI is off,AI is off,AI is off,AI is off,Not paired,AI is off,0,0,0
368000,27.2,0,6,0.78,0.21,0,0,12,1,0,10,False,True,0,0,55,43,33,3.95,AI is off,AI is off,AI is off,AI is off,Not paired,AI is off,0,0,0
370000,27.2,0,6,0.78,0.21,0,0,12,1,0,10,False,True,0,0,53,39,30,3.95,AI is off,AI is off,AI is off,AI is off,Not paired,AI is off,0,0,0
372000,27.3,0,6,0.78,0.21,0,0,12,1,0,10,False,True,0,0,55,45,35,3.95,AI is off,AI is off,AI is off,AI is off,Not paired,AI is off,0,0,0
374000,27.3,0,6,0.78,0.21,0,0,12,1,0,10,False,True,0,0,55,44,34,3.95,AI is off,AI is off,AI is off,AI is off,Not paired,AI is off,0,0,0
376000,27.4,0,6,0.78,0.21,0,0,11,1,0,10,False,True,0,0,56,46,37,3.95,AI is off,AI is off,AI is off,AI is off,Not paired,AI is off,0,0,0
378000,27.3,0,6,0.78,0.21,0,0,11,1,0,10,False,True,0,0,55,44,35,3.95,AI is off,AI is off,AI is off,AI is off,Not paired,AI is off,0,0,0
380000,27.3,0,6,0.78,0.21,0,0,11,1,0,10,False,True,0,0,54,40,30,3.95,AI is off,AI is off,AI is off,AI is off,Not paired,AI is off,0,0,0
382000,27.3,0,6,0.78,0.21,0,0,11,1,0,10,False,True,0,0,54,42,32,3.95,AI is off,AI is off,AI is off,AI is off,Not paired,AI is off,0,0,0
384000,27.3,0,6,0.78,0.21,0,0,11,1,0,10,False,True,0,0,55,44,36,3.95,AI is off,AI is off,AI is off,AI is off,Not paired,AI is off,0,0,0
386000,27.3,0,6,0.78,0.21,0,0,11,1,0,10,False,True,0,0,56,45,36,3.95,AI is off,AI is off,AI is off,AI is off,Not paired,AI is off,0,0,0
388000,27.5,0,6,0.78,0.21,0,0,11,1,0,10,False,True,0,0,56,46,37,3.95,AI is off,AI is off,AI is off,AI is off,Not paired,AI is off,0,0,0
390000,27.5,0,6,0.78,0.21,0,0,11,1,0,10,False,True,0,0,55,44,35,3.95,AI is off,AI is off,AI is off,AI is off,Not paired,AI is off,0,0,0
392000,27.4,0,6,0.78,0.21,0,0,11,1,0,10,False,True,0,0,55,44,35,3.95,AI is off,AI is off,AI is off,AI is off,Not paired,AI is off,0,0,0
394000,27.5,0,6,0.78,0.21,0,0,11,1,0,10,False,True,0,0,55,43,34,3.95,AI is off,AI is off,AI is off,AI is off,Not paired,AI is off,0,0,0
396000,27.5,0,6,0.78,0.21,0,0,11,1,0,10,False,True,0,0,55,44,36,3.95,AI is off,AI is off,AI is off,AI is off,Not paired,AI is off,0,0,0
398000,27.6,0,6,0.78,0.21,0,0,10,1,0,10,False,True,0,0,54,40,31,3.95,AI is off,AI is off,AI is off,AI is off,Not paired,AI is off,0,0,0
400000,27.7,0,6,0.79,0.21,0,0,10,1,0,10,False,True,0,0,55,43,34,3.95,AI is off,AI is off,AI is off,AI is off,Not paired,AI is off,0,0,0
402000,27.6,0,6,0.79,0.21,0,0,10,1,0,10,False,True,0,0,54,40,32,3.95,AI is off,AI is off,AI is off,AI is off,Not paired,AI is off,0,0,0
404000,27.6,0,6,0.79,0.21,0,0,10,1,0,10,False,True,0,0,54,40,32,3.95,AI is off,AI is off,AI is off,AI is off,Not paired,AI is off,0,0,0
406000,27.6,0,6,0.78,0.21,0,0,10,1,0,10,False,True,0,0,54,41,32,3.95,AI is off,AI is off,AI is off,AI is off,Not paired,AI is off,0,0,0
408000,27.5,0,6,0.79,0.21,0,0,10,1,0,10,False,True,0,0,55,42,33,3.95,AI is off,AI is off,AI is off,AI is off,Not paired,AI is off,0,0,0
410000,27.6,0,6,0.79,0.21,0,0,10,1,0,10,False,True,0,0,56,46,37,3.95,AI is off,AI is off,AI is off,AI is off,Not paired,AI is off,0,0,0
412000,27.7,0,6,0.79,0.21,0,0,10,1,0,10,False,True,0,0,56,45,36,3.95,AI is off,AI is off,AI is off,AI is off,Not paired,AI is off,0,0,0
414000,27.6,0,6,0.79,0.21,0,0,10,1,0,10,False,True,0,0,54,41,32,3.95,AI is off,AI is off,AI is off,AI is off,Not paired,AI is off,0,0,0
416000,27.8,0,6,0.79,0.21,0,0,10,1,0,10,False,True,0,0,54,41,31,3.95,AI is off,AI is off,AI is off,AI is off,Not paired,AI is off,0,0,0
418000,27.7,0,6,0.79,0.21,0,0,10,1,0,10,False,True,0,0,55,41,32,3.95,AI is off,AI is off,AI is off,AI is off,Not paired,AI is off,0,0,0
420000,27.7,0,6,0.79,0.21,0,0,10,1,0,10,False,True,0,0,54,40,32,3.95,AI is off,AI is off,AI is off,AI is off,Not paired,AI is off,0,0,0
422000,27.8,0,6,0.79,0.21,0,0,10,1,0,10,False,True,0,0,54,41,32,3.95,AI is off,AI is off,AI is off,AI is off,Not paired,AI is off,0,0,0
424000,27.9,0,6,0.79,0.21,0,0,10,1,0,10,False,True,0,0,54,41,32,3.95,AI is off,AI is off,AI is off,AI is off,Not paired,AI is off,0,0,0
426000,28,0,6,0.79,0.21,0,0,9,1,0,10,False,True,0,0,55,41,33,3.95,AI is off,AI is off,AI is off,AI is off,Not paired,AI is off,0,0,0
428000,28.1,0,6,0.8,0.21,0,0,9,1,0,10,False,True,0,0,54,41,32,3.95,AI is off,AI is off,AI is off,AI is off,Not paired,AI is off,0,0,0
430000,28.2,0,6,0.8,0.21,0,0,9,1,0,10,False,True,0,0,54,41,32,3.95,AI is off,AI is off,AI is off,AI is off,Not paired,AI is off,0,0,0
432000,28.2,0,6,0.8,0.21,0,0,9,1,0,10,False,True,0,0,56,45,34,3.95,AI is off,AI is off,AI is off,AI is off,Not paired,AI is off,0,0,0
434000,28.5,0,6,0.8,0.21,0,0,9,1,0,10,False,True,0,0,55,42,33,3.95,AI is off,AI is off,AI is off,AI is off,Not paired,AI is off,0,0,0
436000,28.6,0,6,0.81,0.21,0,0,9,1,0,10,False,True,0,0,54,40,32,3.95,AI is off,AI is off,AI is off,AI is off,Not paired,AI is off,0,0,0
438000,28.8,0,6,0.81,0.21,0,0,9,1,0,10,False,True,0,0,54,41,31,3.95,AI is off,AI is off,AI is off,AI is off,Not paired,AI is off,0,0,0
440000,28.8,0,6,0.81,0.21,0,0,9,1,0,10,False,True,0,0,54,40,32,3.95,AI is off,AI is off,AI is off,AI is off,Not paired,AI is off,0,0,0
442000,28.9,0,6,0.81,0.21,0,0,8,1,0,10,False,True,0,0,55,41,32,3.95,AI is off,AI is off,AI is off,AI is off,Not paired,AI is off,0,0,0
444000,29,0,6,0.81,0.21,0,0,8,1,0,10,False,True,0,0,54,40,31,3.95,AI is off,AI is off,AI is off,AI is off,Not paired,AI is off,0,0,0
446000,29,0,6,0.82,0.21,0,0,8,1,0,10,False,True,0,0,53,40,32,3.95,AI is off,AI is off,AI is off,AI is off,Not paired,AI is off,0,0,0
448000,29.1,0,6,0.82,0.21,0,0,8,1,0,10,False,True,0,0,53,40,31,3.95,AI is off,AI is off,AI is off,AI is off,Not paired,AI is off,0,0,0
450000,29.2,0,6,0.82,0.21,0,0,8,1,0,10,False,True,0,0,54,41,32,3.95,AI is off,AI is off,AI is off,AI is off,Not paired,AI is off,0,0,0
452000,29.3,0,6,0.82,0.21,0,0,8,1,0,10,False,True,0,0,56,43,34,3.95,AI is off,AI is off,AI is off,AI is off,Not paired,AI is off,0,0,0
454000,29.4,0,6,0.82,0.21,0,0,8,1,0,10,False,True,0,0,53,40,30,3.95,AI is off,AI is off,AI is off,AI is off,Not paired,AI is off,0,0,0
456000,29.4,0,6,0.82,0.21,0,0,8,1,0,10,False,True,0,0,54,39,30,3.95,AI is off,AI is off,AI is off,AI is off,Not paired,AI is off,0,0,0
458000,29.4,0,6,0.82,0.21,0,0,8,1,0,10,False,True,0,0,54,39,31,3.95,AI is off,AI is off,AI is off,AI is off,Not paired,AI is off,0,0,0
460000,29.4,0,6,0.82,0.21,0,0,8,1,0,10,False,True,0,0,53,38,29,3.95,AI is off,AI is off,AI is off,AI is off,Not paired,AI is off,0,0,0
462000,29.6,0,6,0.83,0.21,0,0,8,1,0,10,False,True,0,0,53,40,31,3.95,AI is off,AI is off,AI is off,AI is off,Not paired,AI is off,0,0,0
464000,29.6,0,6,0.83,0.21,0,0,7,1,0,10,False,True,0,0,53,40,32,3.95,AI is off,AI is off,AI is off,AI is off,Not paired,AI is off,0,0,0
466000,29.7,0,6,0.83,0.21,0,0,7,1,0,10,False,True,0,0,53,39,31,3.95,AI is off,AI is off,AI is off,AI is off,Not paired,AI is off,0,0,0
468000,29.5,0,6,0.83,0.21,0,0,7,1,0,10,False,True,0,0,54,41,30,3.95,AI is off,AI is off,AI is off,AI is off,Not paired,AI is off,0,0,0
470000,29.1,0,6,0.82,0.21,0,0,7,1,0,10,False,True,0,0,54,41,32,3.95,AI is off,AI is off,AI is off,AI is off,Not paired,AI is off,0,0,0
472000,29.1,0,6,0.82,0.21,0,0,7,1,0,10,False,True,0,0,54,41,32,3.95,AI is off,AI is off,AI is off,AI is off,Not paired,AI is off,0,0,0
474000,29,0,6,0.82,0.21,0,0,7,1,0,10,False,True,0,0,53,40,31,3.95,AI is off,AI is off,AI is off,AI is off,Not paired,AI is off,0,0,0
476000,28.9,0,6,0.81,0.21,0,0,8,1,0,10,False,True,0,0,54,39,31,3.95,AI is off,AI is off,AI is off,AI is off,Not paired,AI is off,0,0,0
478000,29,0,6,0.81,0.21,0,0,8,1,0,10,False,True,0,0,54,39,31,3.95,AI is off,AI is off,AI is off,AI is off,Not paired,AI is off,0,0,0
480000,29,0,6,0.82,0.21,0,0,8,1,0,10,False,True,0,0,54,39,31,3.95,AI is off,AI is off,AI is off,AI is off,Not paired,AI is off,0,0,0
482000,29,0,6,0.82,0.21,0,0,8,1,0,10,False,True,0,0,55,42,32,3.95,AI is off,AI is off,AI is off,AI is off,Not paired,AI is off,0,0,0
484000,29,0,6,0.82,0.21,0,0,8,1,0,10,False,True,0,0,54,41,31,3.95,AI is off,AI is off,AI is off,AI is off,Not paired,AI is off,0,0,0
486000,29.1,0,6,0.82,0.21,0,0,8,1,0,10,False,True,0,0,53,41,31,3.95,AI is off,AI is off,AI is off,AI is off,Not paired,AI is off,0,0,0
488000,29.1,0,6,0.82,0.21,0,0,8,1,0,10,False,True,0,0,55,42,32,3.95,AI is off,AI is off,AI is off,AI is off,Not paired,AI is off,0,0,0
490000,29.3,0,6,0.82,0.21,0,0,8,1,0,10,False,True,0,0,55,42,32,3.95,AI is off,AI is off,AI is off,AI is off,Not paired,AI is off,0,0,0
492000,29.3,0,6,0.82,0.21,0,0,7,1,0,10,False,True,0,0,55,40,31,3.95,AI is off,AI is off,AI is off,AI is off,Not paired,AI is off,0,0,0
494000,29.4,0,6,0.82,0.21,0,0,7,1,0,10,False,True,0,0,55,42,33,3.95,AI is off,AI is off,AI is off,AI is off,Not paired,AI is off,0,0,0
496000,29.5,0,6,0.83,0.21,0,0,7,1,0,10,False,True,0,0,56,45,35,3.95,AI is off,AI is off,AI is off,AI is off,Not paired,AI is off,0,0,0
498000,29.4,0,6,0.82,0.21,0,0,7,1,0,10,False,True,0,0,56,45,36,3.95,AI is off,AI is off,AI is off,AI is off,Not paired,AI is off,0,0,0
500000,29.3,0,6,0.82,0.21,0,0,7,1,0,10,False,True,0,0,54,40,31,3.95,AI is off,AI is off,AI is off,AI is off,Not paired,AI is off,0,0,0
502000,29.4,0,6,0.82,0.21,0,0,7,1,0,10,False,True,0,0,53,40,31,3.95,AI is off,AI is off,AI is off,AI is off,Not paired,AI is off,0,0,0
504000,29.7,0,6,0.83,0.21,0,0,7,1,0,10,False,True,0,0,55,40,32,3.95,AI is off,AI is off,AI is off,AI is off,Not paired,AI is off,0,0,0
506000,29.9,0,6,0.83,0.21,0,0,7,1,0,10,False,True,0,0,58,46,36,3.95,AI is off,AI is off,AI is off,AI is off,Not paired,AI is off,0,0,0
508000,29.8,0,6,0.83,0.21,0,0,7,1,0,10,False,True,0,0,57,46,36,3.95,AI is off,AI is off,AI is off,AI is off,Not paired,AI is off,0,0,0
510000,29.8,0,6,0.83,0.21,0,0,7,1,0,10,False,True,0,0,57,45,36,3.95,AI is off,AI is off,AI is off,AI is off,Not paired,AI is off,0,0,0
512000,29.9,0,6,0.83,0.21,0,0,7,1,0,10,False,True,0,0,57,44,35,3.95,AI is off,AI is off,AI is off,AI is off,Not paired,AI is off,0,0,0
514000,29.9,0,6,0.83,0.21,0,0,6,1,0,10,False,True,0,0,57,44,35,3.95,AI is off,AI is off,AI is off,AI is off,Not paired,AI is off,0,0,0
516000,29.9,0,6,0.83,0.21,0,0,6,1,0,10,False,True,0,0,57,44,35,3.95,AI is off,AI is off,AI is off,AI is off,Not paired,AI is off,0,0,0
518000,30,0,6,0.84,0.21,0,0,6,1,0,10,False,True,0,0,57,45,35,3.95,AI is off,AI is off,AI is off,AI is off,Not paired,AI is off,0,0,0
520000,30,0,6,0.84,0.21,0,0,6,1,0,10,False,True,0,0,57,44,34,3.95,AI is off,AI is off,AI is off,AI is off,Not paired,AI is off,0,0,0
522000,30,0,6,0.84,0.21,0,0,6,1,0,10,False,True,0,0,56,45,34,3.95,AI is off,AI is off,AI is off,AI is off,Not paired,AI is off,0,0,0
524000,29.9,0,6,0.84,0.21,0,0,6,1,0,10,False,True,0,0,55,41,33,3.95,AI is off,AI is off,AI is off,AI is off,Not paired,AI is off,0,0,0
526000,29.9,0,6,0.83,0.21,0,0,6,1,0,10,False,True,0,0,55,41,32,3.95,AI is off,AI is off,AI is off,AI is off,Not paired,AI is off,0,0,0
528000,29.8,0,6,0.83,0.21,0,0,6,1,0,10,False,True,0,0,54,42,32,3.95,AI is off,AI is off,AI is off,AI is off,Not paired,AI is off,0,0,0
530000,29.8,0,6,0.83,0.21,0,0,6,1,0,10,False,True,0,0,55,41,33,3.95,AI is off,AI is off,AI is off,AI is off,Not paired,AI is off,0,0,0
532000,29.8,0,6,0.83,0.21,0,0,6,1,0,10,False,True,0,0,55,44,34,3.95,AI is off,AI is off,AI is off,AI is off,Not paired,AI is off,0,0,0
534000,29.7,0,6,0.83,0.21,0,0,6,1,0,10,False,True,0,0,53,42,32,3.95,AI is off,AI is off,AI is off,AI is off,Not paired,AI is off,0,0,0
536000,29.8,0,6,0.83,0.21,0,0,6,1,0,10,False,True,0,0,55,45,34,3.95,AI is off,AI is off,AI is off,AI is off,Not paired,AI is off,0,0,0
538000,29.7,0,6,0.83,0.21,0,0,6,1,0,10,False,True,0,0,55,44,34,3.95,AI is off,AI is off,AI is off,AI is off,Not paired,AI is off,0,0,0
540000,29.6,0,6,0.83,0.21,0,0,6,1,0,10,False,True,0,0,55,43,33,3.95,AI is off,AI is off,AI is off,AI is off,Not paired,AI is off,0,0,0
542000,29.5,0,6,0.83,0.21,0,0,6,1,0,10,False,True,0,0,55,44,34,3.95,AI is off,AI is off,AI is off,AI is off,Not paired,AI is off,0,0,0
544000,29.5,0,6,0.83,0.21,0,0,6,1,0,10,False,True,0,0,54,42,34,3.95,AI is off,AI is off,AI is off,AI is off,Not paired,AI is off,0,0,0
546000,29.5,0,6,0.83,0.21,0,0,6,1,0,10,False,True,0,0,55,42,34,3.95,AI is off,AI is off,AI is off,AI is off,Not paired,AI is off,0,0,0
548000,29.7,0,6,0.83,0.21,0,0,6,1,0,10,False,True,0,0,54,41,32,3.95,AI is off,AI is off,AI is off,AI is off,Not paired,AI is off,0,0,0
550000,29.7,0,6,0.83,0.21,0,0,6,1,0,10,False,True,0,0,53,39,31,3.95,AI is off,AI is off,AI is off,AI is off,Not paired,AI is off,0,0,0
552000,29.8,0,6,0.83,0.21,0,0,6,1,0,10,False,True,0,0,54,42,32,3.95,AI is off,AI is off,AI is off,AI is off,Not paired,AI is off,0,0,0
554000,29.9,0,6,0.83,0.21,0,0,6,1,0,10,False,True,0,0,54,44,32,3.95,AI is off,AI is off,AI is off,AI is off,Not paired,AI is off,0,0,0
556000,29.8,0,6,0.83,0.21,0,0,6,1,0,9,False,True,0,0,54,42,32,3.95,AI is off,AI is off,AI is off,AI is off,Not paired,AI is off,0,0,0
558000,29.9,0,6,0.83,0.21,0,0,6,1,0,9,False,True,0,0,56,44,33,3.95,AI is off,AI is off,AI is off,AI is off,Not paired,AI is off,0,0,0
560000,29.8,0,6,0.83,0.21,0,0,6,1,0,9,False,True,0,0,55,45,35,3.95,AI is off,AI is off,AI is off,AI is off,Not paired,AI is off,0,0,0
562000,29.6,0,6,0.83,0.21,0,0,6,1,0,9,False,True,0,0,53,41,32,3.95,AI is off,AI is off,AI is off,AI is off,Not paired,AI is off,0,0,0
564000,29.7,0,6,0.83,0.21,0,0,6,1,0,9,False,True,0,0,54,43,33,3.95,AI is off,AI is off,AI is off,AI is off,Not paired,AI is off,0,0,0
566000,29.7,0,6,0.83,0.21,0,0,6,1,0,9,False,True,0,0,54,39,32,3.95,AI is off,AI is off,AI is off,AI is off,Not paired,AI is off,0,0,0
568000,29.7,0,6,0.83,0.21,0,0,6,1,0,9,False,True,0,0,53,39,31,3.95,AI is off,AI is off,AI is off,AI is off,Not paired,AI is off,0,0,0
570000,29.6,0,6,0.83,0.21,0,0,6,1,0,9,False,True,0,0,54,39,32,3.95,AI is off,AI is off,AI is off,AI is off,Not paired,AI is off,0,0,0
572000,29.5,0,6,0.83,0.21,0,0,6,1,0,9,False,True,0,0,53,39,30,3.95,AI is off,AI is off,AI is off,AI is off,Not paired,AI is off,0,0,0
574000,29.5,0,6,0.83,0.21,0,0,6,1,0,9,False,True,0,0,53,40,31,3.95,AI is off,AI is off,AI is off,AI is off,Not paired,AI is off,0,0,0
576000,29.4,0,6,0.82,0.21,0,0,6,1,0,9,False,True,0,0,54,42,32,3.95,AI is off,AI is off,AI is off,AI is off,Not paired,AI is off,0,0,0
578000,29.3,0,6,0.82,0.21,0,0,6,1,0,9,False,True,0,0,54,43,33,3.95,AI is off,AI is off,AI is off,AI is off,Not paired,AI is off,0,0,0
580000,29.3,0,6,0.82,0.21,0,0,6,1,0,9,False,True,0,0,54,43,33,3.95,AI is off,AI is off,AI is off,AI is off,Not paired,AI is off,0,0,0
582000,29.3,0,6,0.82,0.21,0,0,6,1,0,9,False,True,0,0,57,45,35,3.95,AI is off,AI is off,AI is off,AI is off,Not paired,AI is off,0,0,0
584000,29.2,0,6,0.82,0.21,0,0,6,1,0,9,False,True,0,0,54,41,32,3.95,AI is off,AI is off,AI is off,AI is off,Not paired,AI is off,0,0,0
586000,29,0,6,0.82,0.21,0,0,6,1,0,9,False,True,0,0,53,39,32,3.95,AI is off,AI is off,AI is off,AI is off,Not paired,AI is off,0,0,0
588000,28.9,0,6,0.81,0.21,0,0,6,1,0,9,False,True,0,0,54,39,31,3.95,AI is off,AI is off,AI is off,AI is off,Not paired,AI is off,0,0,0
590000,28.8,0,6,0.81,0.21,0,0,6,1,0,9,False,True,0,0,54,42,33,3.95,AI is off,AI is off,AI is off,AI is off,Not paired,AI is off,0,0,0
592000,28.8,0,6,0.81,0.21,0,0,6,1,0,9,False,True,0,0,57,45,35,3.95,AI is off,AI is off,AI is off,AI is off,Not paired,AI is off,0,0,0
594000,28.7,0,6,0.81,0.21,0,0,6,1,0,9,False,True,0,0,54,39,31,3.95,AI is off,AI is off,AI is off,AI is off,Not paired,AI is off,0,0,0
596000,28.6,0,6,0.81,0.21,0,0,6,1,0,9,False,True,0,0,54,40,33,3.95,AI is off,AI is off,AI is off,AI is off,Not paired,AI is off,0,0,0
598000,28.7,0,6,0.81,0.21,0,0,6,1,0,9,False,True,0,0,54,39,31,3.95,AI is off,AI is off,AI is off,AI is off,Not paired,AI is off,0,0,0
600000,28.7,0,6,0.81,0.21,0,0,6,1,0,9,False,True,0,0,55,44,33,3.95,AI is off,AI is off,AI is off,AI is off,Not paired,AI is off,0,0,0
602000,28.6,0,6,0.81,0.21,0,0,6,1,0,9,False,True,0,0,55,43,33,3.95,AI is off,AI is off,AI is off,AI is off,Not paired,AI is off,0,0,0
604000,28.5,0,6,0.81,0.21,0,0,6,1,0,9,False,True,0,0,53,39,30,3.95,AI is off,AI is off,AI is off,AI is off,Not paired,AI is off,0,0,0
606000,28.4,0,6,0.8,0.21,0,0,6,1,0,9,False,True,0,0,54,39,31,3.95,AI is off,AI is off,AI is off,AI is off,Not paired,AI is off,0,0,0
608000,28.5,0,6,0.8,0.21,0,0,6,1,0,9,False,True,0,0,54,40,30,3.95,AI is off,AI is off,AI is off,AI is off,Not paired,AI is off,0,0,0
610000,28.4,0,6,0.8,0.21,0,0,6,1,0,9,False,True,0,0,54,40,32,3.95,AI is off,AI is off,AI is off,AI is off,Not paired,AI is off,0,0,0
612000,28.4,0,6,0.8,0.21,0,0,6,1,0,9,False,True,0,0,54,40,31,3.95,AI is off,AI is off,AI is off,AI is off,Not paired,AI is off,0,0,0
614000,28.4,0,6,0.8,0.21,0,0,6,1,0,9,False,True,0,0,54,41,31,3.95,AI is off,AI is off,AI is off,AI is off,Not paired,AI is off,0,0,0
616000,28.4,0,6,0.8,0.21,0,0,6,1,0,9,False,True,0,0,54,40,32,3.95,AI is off,AI is off,AI is off,AI is off,Not paired,AI is off,0,0,0
618000,28.2,0,6,0.8,0.21,0,0,6,1,0,9,False,True,0,0,54,39,30,3.95,AI is off,AI is off,AI is off,AI is off,Not paired,AI is off,0,0,0
620000,28.3,0,6,0.8,0.21,0,0,6,1,0,9,False,True,0,0,55,44,34,3.95,AI is off,AI is off,AI is off,AI is off,Not paired,AI is off,0,0,0
622000,28.2,0,6,0.8,0.21,0,0,6,1,0,9,False,True,0,0,57,45,36,3.95,AI is off,AI is off,AI is off,AI is off,Not paired,AI is off,0,0,0
624000,28.2,0,6,0.8,0.21,0,0,6,1,0,9,False,True,0,0,53,40,31,3.95,AI is off,AI is off,AI is off,AI is off,Not paired,AI is off,0,0,0
626000,28.2,0,6,0.8,0.21,0,0,6,1,0,9,False,True,0,0,56,45,36,3.95,AI is off,AI is off,AI is off,AI is off,Not paired,AI is off,0,0,0
628000,28.1,0,6,0.8,0.21,0,0,6,1,0,9,False,True,0,0,54,39,32,3.95,AI is off,AI is off,AI is off,AI is off,Not paired,AI is off,0,0,0
630000,28,0,6,0.8,0.21,0,0,6,1,0,9,False,True,0,0,54,42,31,3.95,AI is off,AI is off,AI is off,AI is off,Not paired,AI is off,0,0,0
632000,28,0,6,0.8,0.21,0,0,6,1,0,9,False,True,0,0,54,42,31,3.95,AI is off,AI is off,AI is off,AI is off,Not paired,AI is off,0,0,0
634000,28.1,0,6,0.8,0.21,0,0,6,1,0,9,False,True,0,0,54,43,32,3.95,AI is off,AI is off,AI is off,AI is off,Not paired,AI is off,0,0,0
636000,28,0,6,0.8,0.21,0,0,6,1,0,9,False,True,0,0,54,41,31,3.95,AI is off,AI is off,AI is off,AI is off,Not paired,AI is off,0,0,0
638000,28,0,6,0.79,0.21,0,0,6,1,0,9,False,True,0,0,54,40,31,3.95,AI is off,AI is off,AI is off,AI is off,Not paired,AI is off,0,0,0
640000,28,0,6,0.79,0.21,0,0,6,1,0,9,False,True,0,0,53,39,30,3.95,AI is off,AI is off,AI is off,AI is off,Not paired,AI is off,0,0,0
642000,28,0,6,0.79,0.21,0,0,6,1,0,9,False,True,0,0,54,39,31,3.94,AI is off,AI is off,AI is off,AI is off,Not paired,AI is off,0,0,0
644000,28,0,6,0.79,0.21,0,0,6,1,0,9,False,True,0,0,56,45,36,3.95,AI is off,AI is off,AI is off,AI is off,Not paired,AI is off,0,0,0
646000,27.9,0,6,0.79,0.21,0,0,5,1,0,9,False,True,0,0,53,41,32,3.95,AI is off,AI is off,AI is off,AI is off,Not paired,AI is off,0,0,0
648000,27.7,0,6,0.79,0.21,0,0,5,1,0,9,False,True,0,0,56,45,34,3.95,AI is off,AI is off,AI is off,AI is off,Not paired,AI is off,0,0,0
650000,27.2,0,6,0.78,0.21,0,0,5,1,0,9,False,True,0,0,54,39,31,3.95,AI is off,AI is off,AI is off,AI is off,Not paired,AI is off,0,0,0
652000,26.7,0,6,0.77,0.21,0,0,5,1,0,9,False,True,0,0,54,39,31,3.95,AI is off,AI is off,AI is off,AI is off,Not paired,AI is off,0,0,0
654000,26.5,0,6,0.76,0.21,0,0,5,1,0,9,False,True,0,0,55,44,34,3.94,AI is off,AI is off,AI is off,AI is off,Not paired,AI is off,0,0,0
656000,26.2,0,6,0.76,0.21,0,0,7,1,0,9,False,True,0,0,54,42,32,3.94,AI is off,AI is off,AI is off,AI is off,Not paired,AI is off,0,0,0
658000,26,0,6,0.75,0.21,0,0,7,1,0,9,False,True,0,0,53,39,31,3.94,AI is off,AI is off,AI is off,AI is off,Not paired,AI is off,0,0,0
660000,25.7,0,6,0.75,0.21,0,0,7,1,0,9,False,True,0,0,54,41,32,3.94,AI is off,AI is off,AI is off,AI is off,Not paired,AI is off,0,0,0
662000,25.6,0,6,0.74,0.21,0,0,8,1,0,9,False,True,0,0,54,42,31,3.94,AI is off,AI is off,AI is off,AI is off,Not paired,AI is off,0,0,0
664000,25.5,0,6,0.74,0.21,0,0,8,1,0,9,False,True,0,0,54,40,32,3.94,AI is off,AI is off,AI is off,AI is off,Not paired,AI is off,0,0,0
666000,25.4,0,6,0.74,0.21,0,0,8,1,0,9,False,True,0,0,54,40,29,3.94,AI is off,AI is off,AI is off,AI is off,Not paired,AI is off,0,0,0
668000,25.3,0,6,0.74,0.21,0,0,8,1,0,9,False,True,0,0,54,39,30,3.94,AI is off,AI is off,AI is off,AI is off,Not paired,AI is off,0,0,0
670000,25.3,0,6,0.74,0.21,0,0,8,1,0,9,False,True,0,0,54,39,31,3.94,AI is off,AI is off,AI is off,AI is off,Not paired,AI is off,0,0,0
672000,25.3,0,6,0.74,0.21,0,0,8,1,0,9,False,True,0,0,56,46,36,3.94,AI is off,AI is off,AI is off,AI is off,Not paired,AI is off,0,0,0
674000,25.2,0,6,0.74,0.21,0,0,8,1,0,9,False,True,0,0,56,45,35,3.94,AI is off,AI is off,AI is off,AI is off,Not paired,AI is off,0,0,0
676000,25,0,6,0.73,0.21,0,0,8,1,0,9,False,True,0,0,54,44,33,3.94,AI is off,AI is off,AI is off,AI is off,Not paired,AI is off,0,0,0
678000,24.9,0,6,0.73,0.21,0,0,8,1,0,9,False,True,0,0,55,45,36,3.94,AI is off,AI is off,AI is off,AI is off,Not paired,AI is off,0,0,0
680000,25,0,6,0.73,0.21,0,0,8,1,0,9,False,True,0,0,55,44,34,3.94,AI is off,AI is off,AI is off,AI is off,Not paired,AI is off,0,0,0
682000,24.9,0,6,0.73,0.21,0,0,8,1,0,9,False,True,0,0,54,43,31,3.94,AI is off,AI is off,AI is off,AI is off,Not paired,AI is off,0,0,0
684000,24.9,0,6,0.73,0.21,0,0,8,1,0,9,False,True,0,0,54,39,31,3.94,AI is off,AI is off,AI is off,AI is off,Not paired,AI is off,0,0,0
686000,24.8,0,6,0.73,0.21,0,0,8,1,0,10,False,True,0,0,54,42,31,3.94,AI is off,AI is off,AI is off,AI is off,Not paired,AI is off,0,0,0
688000,24.7,0,6,0.73,0.21,0,0,8,1,0,9,False,True,0,0,54,39,31,3.94,AI is off,AI is off,AI is off,AI is off,Not paired,AI is off,0,0,0
690000,24.5,0,6,0.72,0.21,0,0,8,1,0,10,False,True,0,0,54,40,31,3.94,AI is off,AI is off,AI is off,AI is off,Not paired,AI is off,0,0,0
692000,24.6,0,6,0.72,0.21,0,0,8,1,0,9,False,True,0,0,54,43,32,3.94,AI is off,AI is off,AI is off,AI is off,Not paired,AI is off,0,0,0
694000,24.6,0,6,0.72,0.21,0,0,8,1,0,10,False,True,0,0,54,40,31,3.94,AI is off,AI is off,AI is off,AI is off,Not paired,AI is off,0,0,0
696000,24.6,0,6,0.72,0.21,0,0,8,1,0,10,False,True,0,0,57,45,36,3.94,AI is off,AI is off,AI is off,AI is off,Not paired,AI is off,0,0,0
698000,24.3,0,6,0.72,0.21,0,0,8,1,0,10,False,True,0,0,54,40,30,3.94,AI is off,AI is off,AI is off,AI is off,Not paired,AI is off,0,0,0
700000,24.2,0,6,0.72,0.21,0,0,8,1,0,10,False,True,0,0,54,40,32,3.94,AI is off,AI is off,AI is off,AI is off,Not paired,AI is off,0,0,0
702000,24.3,0,6,0.72,0.21,0,0,8,1,0,10,False,True,0,0,54,40,32,3.94,AI is off,AI is off,AI is off,AI is off,Not paired,AI is off,0,0,0
704000,24.4,0,6,0.72,0.21,0,0,8,1,0,10,False,True,0,0,55,41,32,3.94,AI is off,AI is off,AI is off,AI is off,Not paired,AI is off,0,0,0
706000,24.3,0,6,0.72,0.21,0,0,8,1,0,10,False,True,0,0,54,40,32,3.94,AI is off,AI is off,AI is off,AI is off,Not paired,AI is off,0,0,0
708000,24.2,0,6,0.71,0.21,0,0,8,1,0,10,False,True,0,0,54,40,31,3.94,AI is off,AI is off,AI is off,AI is off,Not paired,AI is off,0,0,0
710000,24.2,0,6,0.72,0.21,0,0,8,1,0,10,False,True,0,0,54,39,30,3.94,AI is off,AI is off,AI is off,AI is off,Not paired,AI is off,0,0,0
712000,24.3,0,6,0.72,0.21,0,0,8,1,0,10,False,True,0,0,54,41,32,3.94,AI is off,AI is off,AI is off,AI is off,Not paired,AI is off,0,0,0
714000,24.1,0,6,0.71,0.21,0,0,8,1,0,10,False,True,0,0,54,39,32,3.94,AI is off,AI is off,AI is off,AI is off,Not paired,AI is off,0,0,0
716000,23.9,0,6,0.71,0.21,0,0,8,1,0,10,False,True,0,0,55,44,32,3.94,AI is off,AI is off,AI is off,AI is off,Not paired,AI is off,0,0,0
718000,23.9,0,6,0.71,0.21,0,0,8,1,0,10,False,True,0,0,55,41,32,3.94,AI is off,AI is off,AI is off,AI is off,Not paired,AI is off,0,0,0
720000,24,0,6,0.71,0.21,0,0,8,1,0,10,False,True,0,0,54,41,30,3.94,AI is off,AI is off,AI is off,AI is off,Not paired,AI is off,0,0,0
722000,23.9,0,6,0.71,0.21,0,0,8,1,0,10,False,True,0,0,54,41,32,3.94,AI is off,AI is off,AI is off,AI is off,Not paired,AI is off,0,0,0
724000,24,0,6,0.71,0.21,0,0,8,1,0,10,False,True,0,0,55,41,32,3.94,AI is off,AI is off,AI is off,AI is off,Not paired,AI is off,0,0,0
726000,24,0,6,0.71,0.21,0,0,8,1,0,10,False,True,0,0,55,41,32,3.94,AI is off,AI is off,AI is off,AI is off,Not paired,AI is off,0,0,0
728000,24,0,6,0.71,0.21,0,0,8,1,0,10,False,True,0,0,54,40,30,3.94,AI is off,AI is off,AI is off,AI is off,Not paired,AI is off,0,0,0
730000,24.2,0,6,0.71,0.21,0,0,8,1,0,10,False,True,0,0,54,41,32,3.94,AI is off,AI is off,AI is off,AI is off,Not paired,AI is off,0,0,0
732000,24.3,0,6,0.72,0.21,0,0,8,1,0,10,False,True,0,0,54,42,32,3.94,AI is off,AI is off,AI is off,AI is off,Not paired,AI is off,0,0,0
734000,24.3,0,6,0.72,0.21,0,0,8,1,0,10,False,True,0,0,54,41,31,3.94,AI is off,AI is off,AI is off,AI is off,Not paired,AI is off,0,0,0
736000,24.1,0,6,0.71,0.21,0,0,8,1,0,10,False,True,0,0,54,41,31,3.94,AI is off,AI is off,AI is off,AI is off,Not paired,AI is off,0,0,0
738000,24,0,6,0.71,0.21,0,0,8,1,0,10,False,True,0,0,54,40,32,3.94,AI is off,AI is off,AI is off,AI is off,Not paired,AI is off,0,0,0
740000,24,0,6,0.71,0.21,0,0,8,1,0,10,False,True,0,0,54,40,31,3.94,AI is off,AI is off,AI is off,AI is off,Not paired,AI is off,0,0,0
742000,24,0,6,0.71,0.21,0,0,8,1,0,10,False,True,0,0,54,40,31,3.94,AI is off,AI is off,AI is off,AI is off,Not paired,AI is off,0,0,0
744000,23.9,0,6,0.71,0.21,0,0,8,1,0,10,False,True,0,0,55,41,33,3.94,AI is off,AI is off,AI is off,AI is off,Not paired,AI is off,0,0,0
746000,23.8,0,6,0.71,0.21,0,0,8,1,0,10,False,True,0,0,54,41,31,3.94,AI is off,AI is off,AI is off,AI is off,Not paired,AI is off,0,0,0
748000,23.7,0,6,0.7,0.21,0,0,8,1,0,10,False,True,0,0,54,40,30,3.94,AI is off,AI is off,AI is off,AI is off,Not paired,AI is off,0,0,0
750000,23.8,0,6,0.71,0.21,0,0,8,1,0,10,False,True,0,0,55,41,32,3.94,AI is off,AI is off,AI is off,AI is off,Not paired,AI is off,0,0,0
752000,24.2,0,6,0.71,0.21,0,0,8,1,0,10,False,True,0,0,56,45,37,3.94,AI is off,AI is off,AI is off,AI is off,Not paired,AI is off,0,0,0
754000,24.3,0,6,0.72,0.21,0,0,8,1,0,10,False,True,0,0,54,40,32,3.94,AI is off,AI is off,AI is off,AI is off,Not paired,AI is off,0,0,0
756000,24.4,0,6,0.72,0.21,0,0,8,1,0,10,False,True,0,0,55,41,32,3.94,AI is off,AI is off,AI is off,AI is off,Not paired,AI is off,0,0,0
758000,24.6,0,6,0.72,0.21,0,0,8,1,0,10,False,True,0,0,54,39,31,3.94,AI is off,AI is off,AI is off,AI is off,Not paired,AI is off,0,0,0
760000,24.7,0,6,0.72,0.21,0,0,7,1,0,10,False,True,0,0,54,40,31,3.94,AI is off,AI is off,AI is off,AI is off,Not paired,AI is off,0,0,0
762000,24.7,0,6,0.72,0.21,0,0,7,1,0,10,False,True,0,0,54,40,32,3.94,AI is off,AI is off,AI is off,AI is off,Not paired,AI is off,0,0,0
764000,24.7,0,6,0.73,0.21,0,0,7,1,0,10,False,True,0,0,54,39,32,3.94,AI is off,AI is off,AI is off,AI is off,Not paired,AI is off,0,0,0
766000,24.8,0,6,0.73,0.21,0,0,7,1,0,10,False,True,0,0,53,40,28,3.94,AI is off,AI is off,AI is off,AI is off,Not paired,AI is off,0,0,0
768000,24.8,0,6,0.73,0.21,0,0,7,1,0,10,False,True,0,0,55,41,32,3.94,AI is off,AI is off,AI is off,AI is off,Not paired,AI is off,0,0,0
770000,24.9,0,6,0.73,0.21,0,0,7,1,0,10,False,True,0,0,54,40,30,3.94,AI is off,AI is off,AI is off,AI is off,Not paired,AI is off,0,0,0
772000,25.1,0,6,0.73,0.21,0,0,7,1,0,10,False,True,0,0,54,40,30,3.94,AI is off,AI is off,AI is off,AI is off,Not paired,AI is off,0,0,0
774000,25.2,0,6,0.74,0.21,0,0,7,1,0,10,False,True,0,0,54,40,31,3.94,AI is off,AI is off,AI is off,AI is off,Not paired,AI is off,0,0,0
776000,25.3,0,6,0.74,0.21,0,0,7,1,0,10,False,True,0,0,53,39,30,3.94,AI is off,AI is off,AI is off,AI is off,Not paired,AI is off,0,0,0
778000,25.2,0,6,0.74,0.21,0,0,6,1,0,10,False,True,0,0,54,40,30,3.94,AI is off,AI is off,AI is off,AI is off,Not paired,AI is off,0,0,0
780000,25.3,0,6,0.74,0.21,0,0,6,1,0,10,False,True,0,0,54,41,32,3.94,AI is off,AI is off,AI is off,AI is off,Not paired,AI is off,0,0,0
782000,25.3,0,6,0.74,0.21,0,0,6,1,0,10,False,True,0,0,54,39,31,3.94,AI is off,AI is off,AI is off,AI is off,Not paired,AI is off,0,0,0
784000,25.4,0,6,0.74,0.21,0,0,6,1,0,10,False,True,0,0,54,39,31,3.94,AI is off,AI is off,AI is off,AI is off,Not paired,AI is off,0,0,0
786000,25.4,0,6,0.74,0.21,0,0,6,1,0,10,False,True,0,0,54,42,32,3.94,AI is off,AI is off,AI is off,AI is off,Not paired,AI is off,0,0,0
788000,25.5,0,6,0.74,0.21,0,0,6,1,0,10,False,True,0,0,54,44,33,3.94,AI is off,AI is off,AI is off,AI is off,Not paired,AI is off,0,0,0
790000,25.5,0,6,0.74,0.21,0,0,6,1,0,10,False,True,0,0,55,44,33,3.94,AI is off,AI is off,AI is off,AI is off,Not paired,AI is off,0,0,0
792000,25.5,0,6,0.74,0.21,0,0,6,1,0,10,False,True,0,0,54,42,32,3.94,AI is off,AI is off,AI is off,AI is off,Not paired,AI is off,0,0,0
794000,25.5,0,6,0.74,0.21,0,0,6,1,0,10,False,True,0,0,55,44,34,3.94,AI is off,AI is off,AI is off,AI is off,Not paired,AI is off,0,0,0
796000,25.6,0,6,0.74,0.21,0,0,6,1,0,10,False,True,0,0,54,40,31,3.94,AI is off,AI is off,AI is off,AI is off,Not paired,AI is off,0,0,0
798000,25.6,0,6,0.74,0.21,0,0,6,1,0,10,False,True,0,0,54,44,33,3.94,AI is off,AI is off,AI is off,AI is off,Not paired,AI is off,0,0,0
800000,25.7,0,6,0.75,0.21,0,0,6,1,0,10,False,True,0,0,55,43,33,3.94,AI is off,AI is off,AI is off,AI is off,Not paired,AI is off,0,0,0
802000,25.7,0,6,0.75,0.21,0,0,6,1,0,10,False,True,0,0,54,42,32,3.94,AI is off,AI is off,AI is off,AI is off,Not paired,AI is off,0,0,0
804000,25.9,0,6,0.75,0.21,0,0,5,1,0,10,False,True,0,0,54,43,32,3.94,AI is off,AI is off,AI is off,AI is off,Not paired,AI is off,0,0,0
806000,25.9,0,6,0.75,0.21,0,0,5,1,0,10,False,True,0,0,54,44,34,3.94,AI is off,AI is off,AI is off,AI is off,Not paired,AI is off,0,0,0
808000,25.9,0,6,0.75,0.21,0,0,5,1,0,10,False,True,0,0,56,45,36,3.94,AI is off,AI is off,AI is off,AI is off,Not paired,AI is off,0,0,0
810000,25.9,0,6,0.75,0.21,0,0,5,1,0,10,False,True,0,0,54,44,32,3.94,AI is off,AI is off,AI is off,AI is off,Not paired,AI is off,0,0,0
812000,25.5,0,6,0.74,0.21,0,0,5,1,0,10,False,True,0,0,54,40,30,3.94,AI is off,AI is off,AI is off,AI is off,Not paired,AI is off,0,0,0
814000,25.3,0,6,0.74,0.21,0,0,5,1,0,10,False,True,0,0,55,41,32,3.94,AI is off,AI is off,AI is off,AI is off,Not paired,AI is off,0,0,0
816000,25,0,6,0.73,0.21,0,0,5,1,0,10,False,True,0,0,55,41,33,3.94,AI is off,AI is off,AI is off,AI is off,Not paired,AI is off,0,0,0
818000,24.9,0,6,0.73,0.21,0,0,5,1,0,10,False,True,0,0,55,41,33,3.94,AI is off,AI is off,AI is off,AI is off,Not paired,AI is off,0,0,0
820000,24.9,0,6,0.73,0.21,0,0,5,1,0,10,False,True,0,0,55,41,30,3.94,AI is off,AI is off,AI is off,AI is off,Not paired,AI is off,0,0,0
822000,24.8,0,6,0.73,0.21,0,0,6,1,0,10,False,True,0,0,54,41,30,3.94,AI is off,AI is off,AI is off,AI is off,Not paired,AI is off,0,0,0
824000,24.7,0,6,0.73,0.21,0,0,6,1,0,10,False,True,0,0,54,40,29,3.94,AI is off,AI is off,AI is off,AI is off,Not paired,AI is off,0,0,0
826000,24.6,0,6,0.72,0.21,0,0,6,1,0,10,False,True,0,0,54,41,30,3.94,AI is off,AI is off,AI is off,AI is off,Not paired,AI is off,0,0,0
828000,24.6,0,6,0.72,0.21,0,0,6,1,0,10,False,True,0,0,54,40,30,3.94,AI is off,AI is off,AI is off,AI is off,Not paired,AI is off,0,0,0
830000,24.8,0,6,0.73,0.21,0,0,6,1,0,10,False,True,0,0,54,41,32,3.94,AI is off,AI is off,AI is off,AI is off,Not paired,AI is off,0,0,0
832000,24.9,0,6,0.73,0.21,0,0,6,1,0,10,False,True,0,0,57,46,36,3.94,AI is off,AI is off,AI is off,AI is off,Not paired,AI is off,0,0,0
834000,25,0,6,0.73,0.21,0,0,6,1,0,10,False,True,0,0,57,47,37,3.94,AI is off,AI is off,AI is off,AI is off,Not paired,AI is off,0,0,0
836000,25,0,6,0.73,0.21,0,0,6,1,0,10,False,True,0,0,57,46,35,3.94,AI is off,AI is off,AI is off,AI is off,Not paired,AI is off,0,0,0
838000,25.1,0,6,0.73,0.21,0,0,5,1,0,10,False,True,0,0,57,44,35,3.94,AI is off,AI is off,AI is off,AI is off,Not paired,AI is off,0,0,0
840000,25.1,0,6,0.73,0.21,0,0,5,1,0,10,False,True,0,0,57,45,36,3.94,AI is off,AI is off,AI is off,AI is off,Not paired,AI is off,0,0,0
842000,25.2,0,6,0.74,0.21,0,0,5,1,0,10,False,True,0,0,57,46,36,3.94,AI is off,AI is off,AI is off,AI is off,Not paired,AI is off,0,0,0
844000,25.3,0,6,0.74,0.21,0,0,5,1,0,10,False,True,0,0,55,45,34,3.94,AI is off,AI is off,AI is off,AI is off,Not paired,AI is off,0,0,0
846000,25.1,0,6,0.73,0.21,0,0,5,1,0,10,False,True,0,0,54,43,33,3.94,AI is off,AI is off,AI is off,AI is off,Not paired,AI is off,0,0,0
848000,25,0,6,0.73,0.21,0,0,5,1,0,10,False,True,0,0,54,40,32,3.94,AI is off,AI is off,AI is off,AI is off,Not paired,AI is off,0,0,0
850000,25,0,6,0.73,0.21,0,0,5,1,0,10,False,True,0,0,55,42,33,3.94,AI is off,AI is off,AI is off,AI is off,Not paired,AI is off,0,0,0
852000,25.1,0,6,0.73,0.21,0,0,5,1,0,10,False,True,0,0,55,44,34,3.94,AI is off,AI is off,AI is off,AI is off,Not paired,AI is off,0,0,0
854000,25.1,0,6,0.73,0.21,0,0,5,1,0,10,False,True,0,0,54,44,33,3.94,AI is off,AI is off,AI is off,AI is off,Not paired,AI is off,0,0,0
856000,25.1,0,6,0.73,0.21,0,0,5,1,0,10,False,True,0,0,55,44,34,3.94,AI is off,AI is off,AI is off,AI is off,Not paired,AI is off,0,0,0
858000,25,0,6,0.73,0.21,0,0,5,1,0,10,False,True,0,0,57,46,38,3.94,AI is off,AI is off,AI is off,AI is off,Not paired,AI is off,0,0,0
860000,24.5,0,6,0.72,0.21,0,0,5,1,0,10,False,True,0,0,55,42,31,3.94,AI is off,AI is off,AI is off,AI is off,Not paired,AI is off,0,0,0
862000,24.1,0,6,0.71,0.21,0,0,5,1,0,10,False,True,0,0,54,41,31,3.94,AI is off,AI is off,AI is off,AI is off,Not paired,AI is off,0,0,0
864000,24.1,0,6,0.71,0.21,0,0,5,1,0,10,False,True,0,0,54,42,32,3.94,AI is off,AI is off,AI is off,AI is off,Not paired,AI is off,0,0,0
866000,23.9,0,6,0.71,0.21,0,0,5,1,0,10,False,True,0,0,54,42,33,3.94,AI is off,AI is off,AI is off,AI is off,Not paired,AI is off,0,0,0
868000,24,0,6,0.71,0.21,0,0,5,1,0,10,False,True,0,0,54,39,31,3.94,AI is off,AI is off,AI is off,AI is off,Not paired,AI is off,0,0,0
870000,24.1,0,6,0.71,0.21,0,0,6,1,0,10,False,True,0,0,57,46,37,3.94,AI is off,AI is off,AI is off,AI is off,Not paired,AI is off,0,0,0
872000,24.3,0,6,0.72,0.21,0,0,6,1,0,10,False,True,0,0,57,44,34,3.94,AI is off,AI is off,AI is off,AI is off,Not paired,AI is off,0,0,0
874000,24.4,0,6,0.72,0.21,0,0,6,1,0,10,False,True,0,0,57,46,36,3.94,AI is off,AI is off,AI is off,AI is off,Not paired,AI is off,0,0,0
876000,24.4,0,6,0.72,0.21,0,0,5,1,0,10,False,True,0,0,54,40,32,3.94,AI is off,AI is off,AI is off,AI is off,Not paired,AI is off,0,0,0
878000,24.3,0,6,0.72,0.21,0,0,5,1,0,10,False,True,0,0,56,45,35,3.94,AI is off,AI is off,AI is off,AI is off,Not paired,AI is off,0,0,0
880000,24.6,0,6,0.72,0.21,0,0,5,1,0,10,False,True,0,0,57,45,35,3.94,AI is off,AI is off,AI is off,AI is off,Not paired,AI is off,0,0,0
882000,24.8,0,6,0.73,0.21,0,0,5,1,0,10,False,True,0,0,57,46,37,3.94,AI is off,AI is off,AI is off,AI is off,Not paired,AI is off,0,0,0
884000,24.9,0,6,0.73,0.21,0,0,5,1,0,10,False,True,0,0,57,44,34,3.94,AI is off,AI is off,AI is off,AI is off,Not paired,AI is off,0,0,0
886000,25,0,6,0.73,0.21,0,0,5,1,0,10,False,True,0,0,57,45,35,3.94,AI is off,AI is off,AI is off,AI is off,Not paired,AI is off,0,0,0
888000,25.3,0,6,0.74,0.21,0,0,5,1,0,10,False,True,0,0,57,46,36,3.94,AI is off,AI is off,AI is off,AI is off,Not paired,AI is off,0,0,0
890000,25.2,0,6,0.74,0.21,0,0,5,1,0,10,False,True,0,0,56,46,36,3.94,AI is off,AI is off,AI is off,AI is off,Not paired,AI is off,0,0,0
892000,25.2,0,6,0.74,0.21,0,0,4,1,0,10,False,True,0,0,55,45,34,3.94,AI is off,AI is off,AI is off,AI is off,Not paired,AI is off,0,0,0
894000,25,0,6,0.73,0.21,0,0,4,1,0,10,False,True,0,0,58,46,36,3.94,AI is off,AI is off,AI is off,AI is off,Not paired,AI is off,0,0,0
896000,24.9,0,6,0.73,0.21,0,0,4,1,0,10,False,True,0,0,57,46,36,3.94,AI is off,AI is off,AI is off,AI is off,Not paired,AI is off,0,0,0
898000,24.9,0,6,0.73,0.21,0,0,4,1,0,10,False,True,0,0,57,45,35,3.94,AI is off,AI is off,AI is off,AI is off,Not paired,AI is off,0,0,0
900000,24.9,0,6,0.73,0.21,0,0,4,1,0,10,False,True,0,0,55,44,34,3.94,AI is off,AI is off,AI is off,AI is off,Not paired,AI is off,0,0,0
902000,24.9,0,6,0.73,0.21,0,0,4,1,0,10,False,True,0,0,55,45,34,3.94,AI is off,AI is off,AI is off,AI is off,Not paired,AI is off,0,0,0
904000,24.8,0,8,0.73,0.21,0,0,5,1,0,10,False,True,0,0,54,41,32,3.94,AI is off,AI is off,AI is off,AI is off,Not paired,AI is off,0,0,0
906000,24.7,0,8,0.73,0.21,0,0,5,1,0,10,False,True,0,0,54,41,32,3.94,AI is off,AI is off,AI is off,AI is off,Not paired,AI is off,0,0,0
908000,24.7,0,8,0.73,0.21,0,0,5,1,0,10,False,True,0,0,54,40,31,3.94,AI is off,AI is off,AI is off,AI is off,Not paired,AI is off,0,0,0
910000,24.7,0,8,0.73,0.21,0,0,5,1,0,10,False,True,0,0,55,45,36,3.94,AI is off,AI is off,AI is off,AI is off,Not paired,AI is off,0,0,0
912000,24.7,0,8,0.72,0.21,0,0,5,1,0,10,False,True,0,0,57,45,36,3.94,AI is off,AI is off,AI is off,AI is off,Not paired,AI is off,0,0,0
914000,24.5,0,8,0.72,0.21,0,0,5,1,0,10,False,True,0,0,57,45,36,3.94,AI is off,AI is off,AI is off,AI is off,Not paired,AI is off,0,0,0
916000,24.4,0,8,0.72,0.21,0,0,5,1,0,10,False,True,0,0,57,44,35,3.94,AI is off,AI is off,AI is off,AI is off,Not paired,AI is off,0,0,0
918000,24.3,0,8,0.72,0.21,0,0,5,1,0,10,False,True,0,0,57,44,35,3.94,AI is off,AI is off,AI is off,AI is off,Not paired,AI is off,0,0,0
920000,24.2,0,8,0.71,0.21,0,0,5,1,0,10,False,True,0,0,54,41,33,3.94,AI is off,AI is off,AI is off,AI is off,Not paired,AI is off,0,0,0
922000,24.1,0,8,0.71,0.21,0,0,5,1,0,10,False,True,0,0,54,44,33,3.94,AI is off,AI is off,AI is off,AI is off,Not paired,AI is off,0,0,0
924000,24.1,0,8,0.71,0.21,0,0,5,1,0,10,False,True,0,0,56,47,37,3.94,AI is off,AI is off,AI is off,AI is off,Not paired,AI is off,0,0,0
926000,24,0,8,0.71,0.21,0,0,5,1,0,10,False,True,0,0,57,47,37,3.94,AI is off,AI is off,AI is off,AI is off,Not paired,AI is off,0,0,0
928000,23.8,0,8,0.71,0.21,0,0,5,1,0,10,False,True,0,0,57,45,35,3.94,AI is off,AI is off,AI is off,AI is off,Not paired,AI is off,0,0,0
930000,23.7,0,8,0.7,0.21,0,0,5,1,0,10,False,True,0,0,56,45,36,3.94,AI is off,AI is off,AI is off,AI is off,Not paired,AI is off,0,0,0
932000,23.5,0,8,0.7,0.21,0,0,5,1,0,10,False,True,0,0,56,45,35,3.94,AI is off,AI is off,AI is off,AI is off,Not paired,AI is off,0,0,0
934000,23.3,0,8,0.7,0.21,0,0,5,1,0,10,False,True,0,0,55,41,32,3.94,AI is off,AI is off,AI is off,AI is off,Not paired,AI is off,0,0,0
936000,23,0,8,0.69,0.21,0,0,5,1,0,10,False,True,0,0,56,45,36,3.94,AI is off,AI is off,AI is off,AI is off,Not paired,AI is off,0,0,0
938000,23,0,8,0.69,0.21,0,0,5,1,0,10,False,True,0,0,54,40,32,3.94,AI is off,AI is off,AI is off,AI is off,Not paired,AI is off,0,0,0
940000,22.9,0,8,0.69,0.21,0,0,5,1,0,10,False,True,0,0,55,45,35,3.94,AI is off,AI is off,AI is off,AI is off,Not paired,AI is off,0,0,0
942000,22.7,0,8,0.68,0.21,0,0,6,1,0,10,False,True,0,0,55,43,33,3.94,AI is off,AI is off,AI is off,AI is off,Not paired,AI is off,0,0,0
944000,22.5,0,8,0.68,0.21,0,0,6,1,0,10,False,True,0,0,56,46,36,3.94,AI is off,AI is off,AI is off,AI is off,Not paired,AI is off,0,0,0
946000,22.5,0,8,0.68,0.21,0,0,6,1,0,10,False,True,0,0,57,45,35,3.94,AI is off,AI is off,AI is off,AI is off,Not paired,AI is off,0,0,0
948000,22.4,0,8,0.68,0.21,0,0,6,1,0,10,False,True,0,0,54,44,33,3.94,AI is off,AI is off,AI is off,AI is off,Not paired,AI is off,0,0,0
950000,22.1,0,8,0.67,0.21,0,0,6,1,0,10,False,True,0,0,57,45,36,3.94,AI is off,AI is off,AI is off,AI is off,Not paired,AI is off,0,0,0
952000,22,0,8,0.67,0.21,0,0,6,1,0,10,False,True,0,0,57,46,36,3.94,AI is off,AI is off,AI is off,AI is off,Not paired,AI is off,0,0,0
954000,21.8,0,8,0.66,0.21,0,0,6,1,0,10,False,True,0,0,58,46,37,3.94,AI is off,AI is off,AI is off,AI is off,Not paired,AI is off,0,0,0
956000,21.6,0,8,0.66,0.21,0,0,6,1,0,11,False,True,0,0,57,46,35,3.94,AI is off,AI is off,AI is off,AI is off,Not paired,AI is off,0,0,0
958000,21.5,0,8,0.66,0.21,0,0,7,1,0,11,False,True,0,0,54,40,31,3.94,AI is off,AI is off,AI is off,AI is off,Not paired,AI is off,0,0,0
960000,21.4,0,8,0.66,0.21,0,0,7,1,0,11,False,True,0,0,54,40,31,3.94,AI is off,AI is off,AI is off,AI is off,Not paired,AI is off,0,0,0
962000,21.1,0,8,0.65,0.21,0,0,7,1,0,11,False,True,0,0,54,41,31,3.94,AI is off,AI is off,AI is off,AI is off,Not paired,AI is off,0,0,0
964000,21.1,0,8,0.65,0.21,0,0,7,1,0,11,False,True,0,0,54,40,32,3.94,AI is off,AI is off,AI is off,AI is off,Not paired,AI is off,0,0,0
966000,20.9,0,8,0.65,0.21,0,0,7,1,0,11,False,True,0,0,55,41,33,3.94,AI is off,AI is off,AI is off,AI is off,Not paired,AI is off,0,0,0
968000,20.8,0,8,0.64,0.21,0,0,7,1,0,11,False,True,0,0,54,44,32,3.94,AI is off,AI is off,AI is off,AI is off,Not paired,AI is off,0,0,0
970000,20.9,0,8,0.64,0.21,0,0,8,1,0,11,False,True,0,0,54,40,32,3.94,AI is off,AI is off,AI is off,AI is off,Not paired,AI is off,0,0,0
972000,20.7,0,8,0.64,0.21,0,0,8,1,0,11,False,True,0,0,54,40,30,3.94,AI is off,AI is off,AI is off,AI is off,Not paired,AI is off,0,0,0
974000,20.7,0,8,0.64,0.21,0,0,8,1,0,11,False,True,0,0,54,41,31,3.94,AI is off,AI is off,AI is off,AI is off,Not paired,AI is off,0,0,0
976000,20.7,0,8,0.64,0.21,0,0,8,1,0,11,False,True,0,0,54,39,31,3.94,AI is off,AI is off,AI is off,AI is off,Not paired,AI is off,0,0,0
978000,20.6,0,8,0.64,0.21,0,0,8,1,0,11,False,True,0,0,55,41,31,3.94,AI is off,AI is off,AI is off,AI is off,Not paired,AI is off,0,0,0
980000,20.6,0,8,0.64,0.21,0,0,8,1,0,11,False,True,0,0,55,41,33,3.94,AI is off,AI is off,AI is off,AI is off,Not paired,AI is off,0,0,0
982000,20.6,0,8,0.64,0.21,0,0,8,1,0,11,False,True,0,0,54,41,31,3.94,AI is off,AI is off,AI is off,AI is off,Not paired,AI is off,0,0,0
984000,20.4,0,8,0.63,0.21,0,0,8,1,0,11,False,True,0,0,55,41,32,3.94,AI is off,AI is off,AI is off,AI is off,Not paired,AI is off,0,0,0
986000,20.4,0,7,0.63,0.21,0,0,8,1,0,11,False,True,0,0,55,42,34,3.94,AI is off,AI is off,AI is off,AI is off,Not paired,AI is off,0,0,0
988000,20.4,0,7,0.63,0.21,0,0,8,1,0,11,False,True,0,0,54,40,30,3.94,AI is off,AI is off,AI is off,AI is off,Not paired,AI is off,0,0,0
990000,20.5,0,7,0.64,0.21,0,0,8,1,0,11,False,True,0,0,55,42,34,3.94,AI is off,AI is off,AI is off,AI is off,Not paired,AI is off,0,0,0
992000,20.4,0,7,0.64,0.21,0,0,8,1,0,11,False,True,0,0,54,40,31,3.94,AI is off,AI is off,AI is off,AI is off,Not paired,AI is off,0,0,0
994000,20.2,0,7,0.63,0.21,0,0,8,1,0,11,False,True,0,0,54,40,30,3.94,AI is off,AI is off,AI is off,AI is off,Not paired,AI is off,0,0,0
996000,20.1,0,7,0.63,0.21,0,0,8,1,0,12,False,True,0,0,55,41,33,3.94,AI is off,AI is off,AI is off,AI is off,Not paired,AI is off,0,0,0
998000,20,0,7,0.63,0.21,0,0,8,1,0,12,False,True,0,0,54,40,31,3.94,AI is off,AI is off,AI is off,AI is off,Not paired,AI is off,0,0,0
1000000,19.9,0,7,0.63,0.21,0,0,8,1,0,12,False,True,0,0,54,40,30,3.94,AI is off,AI is off,AI is off,AI is off,Not paired,AI is off,0,0,0
1002000,20,0,7,0.63,0.21,0,0,9,1,0,12,False,True,0,0,55,41,32,3.94,AI is off,AI is off,AI is off,AI is off,Not paired,AI is off,0,0,0
1004000,20,0,7,0.63,0.21,0,0,9,1,0,12,False,True,0,0,55,41,30,3.94,AI is off,AI is off,AI is off,AI is off,Not paired,AI is off,0,0,0
1006000,19.8,0,7,0.62,0.21,0,0,9,1,0,12,False,True,0,0,55,42,32,3.94,AI is off,AI is off,AI is off,AI is off,Not paired,AI is off,0,0,0
1008000,19.8,0,7,0.62,0.21,0,0,9,1,0,12,False,True,0,0,55,42,32,3.94,AI is off,AI is off,AI is off,AI is off,Not paired,AI is off,0,0,0
1010000,19.8,0,7,0.62,0.21,0,0,9,1,0,12,False,True,0,0,54,40,30,3.94,AI is off,AI is off,AI is off,AI is off,Not paired,AI is off,0,0,0
1012000,19.7,0,7,0.62,0.21,0,0,9,1,0,12,False,True,0,0,54,40,30,3.94,AI is off,AI is off,AI is off,AI is off,Not paired,AI is off,0,0,0
1014000,19.7,0,7,0.62,0.21,0,0,9,1,0,12,False,True,0,0,54,41,31,3.94,AI is off,AI is off,AI is off,AI is off,Not paired,AI is off,0,0,0
1016000,19.6,0,7,0.62,0.21,0,0,9,1,0,12,False,True,0,0,55,41,33,3.94,AI is off,AI is off,AI is off,AI is off,Not paired,AI is off,0,0,0
1018000,19.6,0,7,0.62,0.21,0,0,10,1,0,12,False,True,0,0,55,42,34,3.94,AI is off,AI is off,AI is off,AI is off,Not paired,AI is off,0,0,0
1020000,19.5,0,7,0.62,0.21,0,0,10,1,0,12,False,True,0,0,55,41,34,3.94,AI is off,AI is off,AI is off,AI is off,Not paired,AI is off,0,0,0
1022000,19.4,0,7,0.61,0.21,0,0,10,1,0,12,False,True,0,0,54,41,30,3.94,AI is off,AI is off,AI is off,AI is off,Not paired,AI is off,0,0,0
1024000,19.6,0,7,0.62,0.21,0,0,10,1,0,12,False,True,0,0,54,40,30,3.94,AI is off,AI is off,AI is off,AI is off,Not paired,AI is off,0,0,0
1026000,19.6,0,7,0.62,0.21,0,0,10,1,0,12,False,True,0,0,54,41,30,3.94,AI is off,AI is off,AI is off,AI is off,Not paired,AI is off,0,0,0
1028000,19.6,0,7,0.62,0.21,0,0,10,1,0,12,False,True,0,0,54,40,32,3.94,AI is off,AI is off,AI is off,AI is off,Not paired,AI is off,0,0,0
1030000,19.8,0,7,0.62,0.21,0,0,10,1,0,12,False,True,0,0,54,41,30,3.94,AI is off,AI is off,AI is off,AI is off,Not paired,AI is off,0,0,0
1032000,19.8,0,7,0.62,0.21,0,0,10,1,0,12,False,True,0,0,54,41,30,3.94,AI is off,AI is off,AI is off,AI is off,Not paired,AI is off,0,0,0
1034000,19.9,0,7,0.62,0.21,0,0,9,1,0,12,False,True,0,0,54,41,31,3.94,AI is off,AI is off,AI is off,AI is off,Not paired,AI is off,0,0,0
1036000,20,0,7,0.63,0.21,0,0,9,1,0,12,False,True,0,0,54,40,30,3.94,AI is off,AI is off,AI is off,AI is off,Not paired,AI is off,0,0,0
1038000,19.9,0,7,0.63,0.21,0,0,9,1,0,12,False,True,0,0,55,42,30,3.94,AI is off,AI is off,AI is off,AI is off,Not paired,AI is off,0,0,0
1040000,19.9,0,7,0.62,0.21,0,0,9,1,0,12,False,True,0,0,55,41,30,3.94,AI is off,AI is off,AI is off,AI is off,Not paired,AI is off,0,0,0
1042000,19.9,0,7,0.63,0.21,0,0,9,1,0,12,False,True,0,0,54,40,30,3.94,AI is off,AI is off,AI is off,AI is off,Not paired,AI is off,0,0,0
1044000,19.8,0,7,0.62,0.21,0,0,9,1,0,12,False,True,0,0,55,42,34,3.94,AI is off,AI is off,AI is off,AI is off,Not paired,AI is off,0,0,0
1046000,19.6,0,7,0.62,0.21,0,0,9,1,0,13,False,True,0,0,54,39,28,3.94,AI is off,AI is off,AI is off,AI is off,Not paired,AI is off,0,0,0
1048000,19.6,0,7,0.62,0.21,0,0,9,1,0,13,False,True,0,0,55,42,31,3.94,AI is off,AI is off,AI is off,AI is off,Not paired,AI is off,0,0,0
1050000,19.5,0,7,0.62,0.21,0,0,9,1,0,13,False,True,0,0,54,39,29,3.94,AI is off,AI is off,AI is off,AI is off,Not paired,AI is off,0,0,0
1052000,19.3,0,7,0.61,0.21,0,0,10,1,0,13,False,True,0,0,55,41,32,3.94,AI is off,AI is off,AI is off,AI is off,Not paired,AI is off,0,0,0
1054000,19.2,0,7,0.61,0.21,0,0,10,1,0,13,False,True,0,0,54,39,29,3.94,AI is off,AI is off,AI is off,AI is off,Not paired,AI is off,0,0,0
1056000,19.2,0,7,0.61,0.21,0,0,10,1,0,13,False,True,0,0,54,40,29,3.94,AI is off,AI is off,AI is off,AI is off,Not paired,AI is off,0,0,0
1058000,19.1,0,7,0.61,0.21,0,0,10,1,0,13,False,True,0,0,54,40,32,3.94,AI is off,AI is off,AI is off,AI is off,Not paired,AI is off,0,0,0
1060000,19,0,7,0.61,0.21,0,0,10,1,0,13,False,True,0,0,54,40,30,3.94,AI is off,AI is off,AI is off,AI is off,Not paired,AI is off,0,0,0
1062000,19.1,0,7,0.61,0.21,0,0,10,1,0,13,False,True,0,0,56,45,36,3.94,AI is off,AI is off,AI is off,AI is off,Not paired,AI is off,0,0,0
1064000,18.9,0,7,0.6,0.21,0,0,10,1,0,13,False,True,0,0,55,41,31,3.94,AI is off,AI is off,AI is off,AI is off,Not paired,AI is off,0,0,0
1066000,18.9,0,7,0.6,0.21,0,0,10,1,0,13,False,True,0,0,55,41,32,3.94,AI is off,AI is off,AI is off,AI is off,Not paired,AI is off,0,0,0
1068000,18.8,0,7,0.6,0.21,0,0,11,1,0,13,False,True,0,0,55,41,33,3.94,AI is off,AI is off,AI is off,AI is off,Not paired,AI is off,0,0,0
1070000,18.6,0,7,0.6,0.21,0,0,11,1,0,13,False,True,0,0,55,41,32,3.94,AI is off,AI is off,AI is off,AI is off,Not paired,AI is off,0,0,0
1072000,18.6,0,7,0.6,0.21,0,0,11,1,0,13,False,True,0,0,54,41,32,3.94,AI is off,AI is off,AI is off,AI is off,Not paired,AI is off,0,0,0
1074000,18.6,0,7,0.6,0.21,0,0,12,1,0,13,False,True,0,0,54,40,33,3.94,AI is off,AI is off,AI is off,AI is off,Not paired,AI is off,0,0,0
1076000,18.6,0,7,0.6,0.21,0,0,12,1,0,13,False,True,0,0,54,40,29,3.94,AI is off,AI is off,AI is off,AI is off,Not paired,AI is off,0,0,0
1078000,18.5,0,7,0.6,0.21,0,0,12,1,0,13,False,True,0,0,54,40,29,3.94,AI is off,AI is off,AI is off,AI is off,Not paired,AI is off,0,0,0
1080000,18.4,0,7,0.59,0.21,0,0,12,1,0,13,False,True,0,0,54,40,30,3.94,AI is off,AI is off,AI is off,AI is off,Not paired,AI is off,0,0,0
1082000,18.4,0,7,0.59,0.21,0,0,12,1,0,13,False,True,0,0,54,41,32,3.94,AI is off,AI is off,AI is off,AI is off,Not paired,AI is off,0,0,0
1084000,18.2,0,7,0.59,0.21,0,0,12,1,0,13,False,True,0,0,54,41,32,3.94,AI is off,AI is off,AI is off,AI is off,Not paired,AI is off,0,0,0
1086000,18,0,7,0.58,0.21,0,0,12,1,0,13,False,True,0,0,54,40,30,3.94,AI is off,AI is off,AI is off,AI is off,Not paired,AI is off,0,0,0
1088000,18.1,0,7,0.59,0.21,0,0,12,1,0,13,False,True,0,0,56,43,32,3.94,AI is off,AI is off,AI is off,AI is off,Not paired,AI is off,0,0,0
1090000,18.2,0,7,0.59,0.21,0,0,13,1,0,13,False,True,0,0,53,39,28,3.94,AI is off,AI is off,AI is off,AI is off,Not paired,AI is off,0,0,0
1092000,18.1,0,7,0.59,0.21,0,0,13,1,0,13,False,True,0,0,54,39,31,3.94,AI is off,AI is off,AI is off,AI is off,Not paired,AI is off,0,0,0
1094000,17.8,0,7,0.58,0.21,0,0,13,1,0,13,False,True,0,0,53,41,30,3.94,AI is off,AI is off,AI is off,AI is off,Not paired,AI is off,0,0,0
1096000,17.7,0,7,0.58,0.21,0,0,13,1,0,13,False,True,0,0,55,41,31,3.94,AI is off,AI is off,AI is off,AI is off,Not paired,AI is off,0,0,0
1098000,17.8,0,7,0.58,0.21,0,0,13,1,0,13,False,True,0,0,55,43,33,3.94,AI is off,AI is off,AI is off,AI is off,Not paired,AI is off,0,0,0
1100000,17.9,0,7,0.58,0.21,0,0,13,1,0,13,False,True,0,0,57,46,36,3.94,AI is off,AI is off,AI is off,AI is off,Not paired,AI is off,0,0,0
1102000,17.9,0,7,0.58,0.21,0,0,13,1,0,14,False,True,0,0,56,44,35,3.94,AI is off,AI is off,AI is off,AI is off,Not paired,AI is off,0,0,0
1104000,17.7,0,7,0.58,0.21,0,0,13,1,0,14,False,True,0,0,54,40,33,3.94,AI is off,AI is off,AI is off,AI is off,Not paired,AI is off,0,0,0
1106000,17.7,0,7,0.58,0.21,0,0,14,1,0,14,False,True,0,0,54,41,30,3.94,AI is off,AI is off,AI is off,AI is off,Not paired,AI is off,0,0,0
1108000,17.7,0,7,0.58,0.21,0,0,14,1,0,14,False,True,0,0,55,42,31,3.94,AI is off,AI is off,AI is off,AI is off,Not paired,AI is off,0,0,0
1110000,17.6,0,7,0.58,0.21,0,0,14,1,0,14,False,True,0,0,54,39,29,3.94,AI is off,AI is off,AI is off,AI is off,Not paired,AI is off,0,0,0
1112000,17.5,0,7,0.57,0.21,0,0,14,1,0,14,False,True,0,0,54,39,29,3.94,AI is off,AI is off,AI is off,AI is off,Not paired,AI is off,0,0,0
1114000,17.4,0,7,0.57,0.21,0,0,14,1,0,14,False,True,0,0,54,39,29,3.94,AI is off,AI is off,AI is off,AI is off,Not paired,AI is off,0,0,0
1116000,17.5,0,7,0.57,0.21,0,0,15,1,0,14,False,True,0,0,54,40,29,3.94,AI is off,AI is off,AI is off,AI is off,Not paired,AI is off,0,0,0
1118000,17.6,0,7,0.58,0.21,0,0,15,1,0,14,False,True,0,0,54,40,32,3.94,AI is off,AI is off,AI is off,AI is off,Not paired,AI is off,0,0,0
1120000,17.5,0,7,0.58,0.21,0,0,15,1,0,14,False,True,0,0,54,41,30,3.94,AI is off,AI is off,AI is off,AI is off,Not paired,AI is off,0,0,0
1122000,17.5,0,7,0.57,0.21,0,0,14,1,0,14,False,True,0,0,54,40,30,3.94,AI is off,AI is off,AI is off,AI is off,Not paired,AI is off,0,0,0
1124000,17.3,0,7,0.57,0.21,0,0,14,1,0,14,False,True,0,0,54,41,30,3.94,AI is off,AI is off,AI is off,AI is off,Not paired,AI is off,0,0,0
1126000,17.3,0,7,0.57,0.21,0,0,14,1,0,14,False,True,0,0,55,43,33,3.94,AI is off,AI is off,AI is off,AI is off,Not paired,AI is off,0,0,0
1128000,17.3,0,7,0.57,0.21,0,0,14,1,0,14,False,True,0,0,56,45,36,3.94,AI is off,AI is off,AI is off,AI is off,Not paired,AI is off,0,0,0
1130000,17.3,0,7,0.57,0.21,0,0,14,1,0,14,False,True,0,0,54,41,31,3.94,AI is off,AI is off,AI is off,AI is off,Not paired,AI is off,0,0,0
1132000,17.2,0,7,0.57,0.21,0,0,15,1,0,14,False,True,0,0,54,40,30,3.94,AI is off,AI is off,AI is off,AI is off,Not paired,AI is off,0,0,0
1134000,17.1,0,7,0.57,0.21,0,0,15,1,0,14,False,True,0,0,54,40,30,3.94,AI is off,AI is off,AI is off,AI is off,Not paired,AI is off,0,0,0
1136000,17.1,0,7,0.57,0.21,0,0,16,1,0,14,False,True,0,0,54,41,31,3.94,AI is off,AI is off,AI is off,AI is off,Not paired,AI is off,0,0,0
1138000,17.2,0,7,0.57,0.21,0,0,16,1,0,14,False,True,0,0,54,41,31,3.94,AI is off,AI is off,AI is off,AI is off,Not paired,AI is off,0,0,0
1140000,17.3,0,7,0.57,0.21,0,0,16,1,0,14,False,True,0,0,54,41,31,3.94,AI is off,AI is off,AI is off,AI is off,Not paired,AI is off,0,0,0
1142000,17.1,0,7,0.57,0.21,0,0,16,1,0,14,False,True,0,0,54,41,32,3.94,AI is off,AI is off,AI is off,AI is off,Not paired,AI is off,0,0,0
1144000,17.1,0,7,0.57,0.21,0,0,16,1,0,14,False,True,0,0,55,42,32,3.94,AI is off,AI is off,AI is off,AI is off,Not paired,AI is off,0,0,0
1146000,17,0,7,0.56,0.21,0,0,16,1,0,14,False,True,0,0,55,42,30,3.94,AI is off,AI is off,AI is off,AI is off,Not paired,AI is off,0,0,0
1148000,16.7,0,7,0.56,0.21,0,0,16,1,0,14,False,True,0,0,55,41,31,3.94,AI is off,AI is off,AI is off,AI is off,Not paired,AI is off,0,0,0
1150000,16.4,0,7,0.55,0.21,0,0,16,1,0,14,False,True,0,0,53,42,30,3.94,AI is off,AI is off,AI is off,AI is off,Not paired,AI is off,0,0,0
1152000,16.4,0,7,0.55,0.21,0,0,19,1,0,14,False,True,0,0,54,42,31,3.94,AI is off,AI is off,AI is off,AI is off,Not paired,AI is off,0,0,0
1154000,16.4,0,7,0.55,0.21,0,0,19,1,0,14,False,True,0,0,54,40,29,3.94,AI is off,AI is off,AI is off,AI is off,Not paired,AI is off,0,0,0
1156000,16.4,0,7,0.55,0.21,0,0,19,1,0,14,False,True,0,0,54,40,30,3.94,AI is off,AI is off,AI is off,AI is off,Not paired,AI is off,0,0,0
1158000,16.2,0,7,0.55,0.21,0,0,20,1,0,14,False,True,0,0,54,41,31,3.94,AI is off,AI is off,AI is off,AI is off,Not paired,AI is off,0,0,0
1160000,16.2,0,7,0.55,0.21,0,0,20,1,0,14,False,True,0,0,54,41,30,3.94,AI is off,AI is off,AI is off,AI is off,Not paired,AI is off,0,0,0
1162000,16.2,0,7,0.55,0.21,0,0,20,1,0,14,False,True,0,0,56,42,32,3.94,AI is off,AI is off,AI is off,AI is off,Not paired,AI is off,0,0,0
1164000,16.1,0,7,0.55,0.21,0,0,20,1,0,14,False,True,0,0,54,41,30,3.94,AI is off,AI is off,AI is off,AI is off,Not paired,AI is off,0,0,0
1166000,16,0,7,0.54,0.21,0,0,20,1,0,14,False,True,0,0,55,42,31,3.94,AI is off,AI is off,AI is off,AI is off,Not paired,AI is off,0,0,0
1168000,16,0,7,0.54,0.21,0,0,21,1,0,14,False,True,0,0,56,43,32,3.94,AI is off,AI is off,AI is off,AI is off,Not paired,AI is off,0,0,0
1170000,15.9,0,7,0.54,0.21,0,0,21,1,0,14,False,True,0,0,55,43,32,3.94,AI is off,AI is off,AI is off,AI is off,Not paired,AI is off,0,0,0
1172000,15.7,0,7,0.54,0.21,0,0,21,1,0,14,False,True,0,0,53,42,30,3.94,AI is off,AI is off,AI is off,AI is off,Not paired,AI is off,0,0,0
1174000,15.7,0,7,0.54,0.21,0,0,22,1,0,14,False,True,0,0,55,42,31,3.94,AI is off,AI is off,AI is off,AI is off,Not paired,AI is off,0,0,0
1176000,15.5,0,7,0.53,0.21,0,0,22,1,0,14,False,True,0,0,55,42,32,3.94,AI is off,AI is off,AI is off,AI is off,Not paired,AI is off,0,0,0
1178000,15.4,0,7,0.53,0.21,0,0,22,1,0,14,False,True,0,0,55,43,32,3.94,AI is off,AI is off,AI is off,AI is off,Not paired,AI is off,0,0,0
1180000,15.3,0,7,0.53,0.21,0,0,22,1,0,14,False,True,0,0,56,43,33,3.94,AI is off,AI is off,AI is off,AI is off,Not paired,AI is off,0,0,0
1182000,15.2,0,7,0.53,0.21,0,0,22,1,0,14,False,True,0,0,55,42,31,3.94,AI is off,AI is off,AI is off,AI is off,Not paired,AI is off,0,0,0
1184000,15,0,7,0.52,0.21,0,0,22,1,0,14,False,True,0,0,56,43,33,3.94,AI is off,AI is off,AI is off,AI is off,Not paired,AI is off,0,0,0
1186000,14.8,0,7,0.52,0.21,0,0,27,1,0,14,False,True,0,0,55,42,31,3.94,AI is off,AI is off,AI is off,AI is off,Not paired,AI is off,0,0,0
1188000,14.7,0,7,0.52,0.21,0,0,27,1,0,14,False,True,0,0,57,44,34,3.94,AI is off,AI is off,AI is off,AI is off,Not paired,AI is off,0,0,0
1190000,14.6,0,7,0.51,0.21,0,0,29,1,0,14,False,True,0,0,54,42,31,3.94,AI is off,AI is off,AI is off,AI is off,Not paired,AI is off,0,0,0
1192000,14.6,0,7,0.51,0.21,0,0,29,1,0,14,False,True,0,0,56,44,34,3.94,AI is off,AI is off,AI is off,AI is off,Not paired,AI is off,0,0,0
1194000,14.6,0,7,0.51,0.21,0,0,29,1,0,14,False,True,0,0,57,44,33,3.94,AI is off,AI is off,AI is off,AI is off,Not paired,AI is off,0,0,0
1196000,14.6,0,7,0.51,0.21,0,0,29,1,0,14,False,True,0,0,54,40,31,3.94,AI is off,AI is off,AI is off,AI is off,Not paired,AI is off,0,0,0
1198000,14.5,0,7,0.51,0.21,0,0,29,1,0,14,False,True,0,0,54,41,30,3.94,AI is off,AI is off,AI is off,AI is off,Not paired,AI is off,0,0,0
1200000,14.6,0,7,0.51,0.21,0,0,29,1,0,14,False,True,0,0,55,41,31,3.94,AI is off,AI is off,AI is off,AI is off,Not paired,AI is off,0,0,0
1202000,14.5,0,7,0.51,0.21,0,0,28,1,0,14,False,True,0,0,55,42,31,3.94,AI is off,AI is off,AI is off,AI is off,Not paired,AI is off,0,0,0
1204000,14.4,0,7,0.51,0.21,0,0,28,1,0,14,False,True,0,0,54,40,29,3.94,AI is off,AI is off,AI is off,AI is off,Not paired,AI is off,0,0,0
1206000,14.3,0,7,0.51,0.21,0,0,30,1,0,14,False,True,0,0,54,40,31,3.94,AI is off,AI is off,AI is off,AI is off,Not paired,AI is off,0,0,0
1208000,14.3,0,7,0.51,0.21,0,0,30,1,0,14,False,True,0,0,53,40,29,3.94,AI is off,AI is off,AI is off,AI is off,Not paired,AI is off,0,0,0
1210000,14.2,0,7,0.51,0.21,0,0,30,1,0,14,False,True,0,0,55,41,31,3.94,AI is off,AI is off,AI is off,AI is off,Not paired,AI is off,0,0,0
1212000,14.2,0,7,0.51,0.21,0,0,30,1,0,14,False,True,0,0,55,41,33,3.94,AI is off,AI is off,AI is off,AI is off,Not paired,AI is off,0,0,0
1214000,14.1,0,7,0.5,0.21,0,0,30,1,0,14,False,True,0,0,54,40,31,3.94,AI is off,AI is off,AI is off,AI is off,Not paired,AI is off,0,0,0
1216000,14.1,0,7,0.5,0.21,0,0,30,1,0,14,False,True,0,0,55,41,32,3.94,AI is off,AI is off,AI is off,AI is off,Not paired,AI is off,0,0,0
1218000,14.1,0,7,0.5,0.21,0,0,32,1,0,14,False,True,0,0,54,39,32,3.94,AI is off,AI is off,AI is off,AI is off,Not paired,AI is off,0,0,0
1220000,13.8,0,7,0.5,0.21,0,0,32,1,0,14,False,True,0,0,58,44,34,3.94,AI is off,AI is off,AI is off,AI is off,Not paired,AI is off,0,0,0
1222000,13.7,0,7,0.5,0.21,0,0,33,1,0,14,False,True,0,0,58,46,35,3.94,AI is off,AI is off,AI is off,AI is off,Not paired,AI is off,0,0,0
1224000,14.1,0,7,0.5,0.21,0,0,33,1,0,14,False,True,0,0,54,40,30,3.94,AI is off,AI is off,AI is off,AI is off,Not paired,AI is off,0,0,0
1226000,14.1,0,7,0.5,0.21,0,0,33,1,0,14,False,True,0,0,59,47,35,3.94,AI is off,AI is off,AI is off,AI is off,Not paired,AI is off,0,0,0
1228000,14.1,0,7,0.51,0.21,0,0,33,1,0,14,False,True,0,0,55,42,32,3.94,AI is off,AI is off,AI is off,AI is off,Not paired,AI is off,0,0,0
1230000,14.1,0,7,0.5,0.21,0,0,33,1,0,14,False,True,0,0,54,41,31,3.94,AI is off,AI is off,AI is off,AI is off,Not paired,AI is off,0,0,0
1232000,14.1,0,7,0.5,0.21,0,0,33,1,0,14,False,True,0,0,53,40,29,3.94,AI is off,AI is off,AI is off,AI is off,Not paired,AI is off,0,0,0
1234000,14,0,7,0.5,0.21,0,0,31,1,0,14,False,True,0,0,54,40,30,3.94,AI is off,AI is off,AI is off,AI is off,Not paired,AI is off,0,0,0
1236000,14.1,0,7,0.5,0.21,0,0,31,1,0,14,False,True,0,0,53,39,29,3.94,AI is off,AI is off,AI is off,AI is off,Not paired,AI is off,0,0,0
1238000,13.9,0,7,0.5,0.21,0,0,32,1,0,14,False,True,0,0,54,39,31,3.94,AI is off,AI is off,AI is off,AI is off,Not paired,AI is off,0,0,0
1240000,13.7,0,7,0.5,0.21,0,0,32,1,0,14,False,True,0,0,55,42,31,3.94,AI is off,AI is off,AI is off,AI is off,Not paired,AI is off,0,0,0
1242000,13.7,0,7,0.49,0.21,0,0,32,1,0,15,False,True,0,0,54,41,30,3.94,AI is off,AI is off,AI is off,AI is off,Not paired,AI is off,0,0,0
1244000,13.6,0,7,0.49,0.21,0,0,34,1,0,15,False,True,0,0,54,40,29,3.94,AI is off,AI is off,AI is off,AI is off,Not paired,AI is off,0,0,0
1246000,13.4,0,7,0.49,0.21,0,0,34,1,0,15,False,True,0,0,53,39,30,3.94,AI is off,AI is off,AI is off,AI is off,Not paired,AI is off,0,0,0
1248000,13.3,0,7,0.49,0.21,0,0,34,1,0,15,False,True,0,0,54,40,29,3.94,AI is off,AI is off,AI is off,AI is off,Not paired,AI is off,0,0,0
1250000,13.3,0,7,0.49,0.21,0,0,34,1,0,15,False,True,0,0,55,42,31,3.94,AI is off,AI is off,AI is off,AI is off,Not paired,AI is off,0,0,0
1252000,13.4,0,7,0.49,0.21,0,0,34,1,0,15,False,True,0,0,54,40,32,3.94,AI is off,AI is off,AI is off,AI is off,Not paired,AI is off,0,0,0
1254000,13.3,0,7,0.49,0.21,0,0,37,1,0,15,False,True,0,0,54,41,31,3.94,AI is off,AI is off,AI is off,AI is off,Not paired,AI is off,0,0,0
1256000,13.3,0,7,0.49,0.21,0,0,37,1,0,15,False,True,0,0,54,41,31,3.94,AI is off,AI is off,AI is off,AI is off,Not paired,AI is off,0,0,0
1258000,13.4,0,7,0.49,0.21,0,0,37,1,0,15,False,True,0,0,57,45,35,3.94,AI is off,AI is off,AI is off,AI is off,Not paired,AI is off,0,0,0
1260000,13.4,0,7,0.49,0.21,0,0,36,1,0,15,False,True,0,0,53,39,30,3.94,AI is off,AI is off,AI is off,AI is off,Not paired,AI is off,0,0,0
1262000,13,0,7,0.48,0.21,0,0,36,1,0,15,False,True,0,0,54,40,32,3.94,AI is off,AI is off,AI is off,AI is off,Not paired,AI is off,0,0,0
1264000,12.9,0,7,0.48,0.21,0,0,36,1,0,15,False,True,0,0,54,40,31,3.94,AI is off,AI is off,AI is off,AI is off,Not paired,AI is off,0,0,0
1266000,12.9,0,7,0.48,0.21,0,0,36,1,0,15,False,True,0,0,54,39,30,3.94,AI is off,AI is off,AI is off,AI is off,Not paired,AI is off,0,0,0
1268000,12.8,0,7,0.48,0.21,0,0,36,1,0,15,False,True,0,0,54,40,30,3.94,AI is off,AI is off,AI is off,AI is off,Not paired,AI is off,0,0,0
1270000,12.5,0,7,0.47,0.21,0,0,36,1,0,15,False,True,0,0,54,40,30,3.94,AI is off,AI is off,AI is off,AI is off,Not paired,AI is off,0,0,0
1272000,12.5,0,7,0.47,0.21,0,0,48,1,0,15,False,True,0,0,54,39,31,3.94,AI is off,AI is off,AI is off,AI is off,Not paired,AI is off,0,0,0
1274000,12.3,0,7,0.47,0.21,0,0,48,1,0,15,False,True,0,0,58,46,34,3.94,AI is off,AI is off,AI is off,AI is off,Not paired,AI is off,0,0,0
1276000,12.2,0,7,0.46,0.21,0,0,51,1,0,15,False,True,0,0,53,39,29,3.94,AI is off,AI is off,AI is off,AI is off,Not paired,AI is off,0,0,0
1278000,12.1,0,7,0.46,0.21,0,0,51,1,0,15,False,True,0,0,53,40,31,3.94,AI is off,AI is off,AI is off,AI is off,Not paired,AI is off,0,0,0
1280000,12,0,7,0.46,0.21,0,0,51,1,0,15,False,True,0,0,56,42,32,3.94,AI is off,AI is off,AI is off,AI is off,Not paired,AI is off,0,0,0
1282000,11.9,0,7,0.46,0.21,0,0,51,1,0,15,False,True,0,0,54,40,30,3.94,AI is off,AI is off,AI is off,AI is off,Not paired,AI is off,0,0,0
1284000,11.9,0,7,0.46,0.21,0,0,51,1,0,15,False,True,0,0,55,41,30,3.94,AI is off,AI is off,AI is off,AI is off,Not paired,AI is off,0,0,0
1286000,11.6,0,7,0.45,0.21,0,0,51,1,0,15,False,True,0,0,54,41,31,3.94,AI is off,AI is off,AI is off,AI is off,Not paired,AI is off,0,0,0
1288000,11.4,0,7,0.45,0.21,0,0,69,1,0,15,False,True,0,0,55,41,31,3.94,AI is off,AI is off,AI is off,AI is off,Not paired,AI is off,0,0,0
1290000,11.3,0,7,0.45,0.21,0,0,69,1,0,15,False,True,0,0,54,41,29,3.94,AI is off,AI is off,AI is off,AI is off,Not paired,AI is off,0,0,0
1292000,11,0,7,0.44,0.21,0,0,81,1,0,15,False,True,0,0,55,41,31,3.94,AI is off,AI is off,AI is off,AI is off,Not paired,AI is off,0,0,0
1294000,10.7,0,7,0.43,0.21,0,0,81,1,0,15,False,True,0,0,59,47,35,3.94,AI is off,AI is off,AI is off,AI is off,Not paired,AI is off,0,0,0
1296000,10.7,0,7,0.43,0.21,0,0,81,1,0,15,False,True,0,0,54,44,34,3.94,AI is off,AI is off,AI is off,AI is off,Not paired,AI is off,0,0,0
1298000,10.6,0,7,0.43,0.21,0,0,81,1,0,15,False,True,0,0,56,45,36,3.94,AI is off,AI is off,AI is off,AI is off,Not paired,AI is off,0,0,0
1300000,10.5,0,7,0.43,0.21,0,0,81,1,0,15,False,True,0,0,57,45,36,3.94,AI is off,AI is off,AI is off,AI is off,Not paired,AI is off,0,0,0
1302000,10.4,0,7,0.42,0.21,0,0,81,1,0,16,False,True,0,0,55,44,35,3.94,AI is off,AI is off,AI is off,AI is off,Not paired,AI is off,0,0,0
1304000,10.4,0,6,0.43,0.21,0,0,99,1,0,16,False,True,0,0,57,44,33,3.94,AI is off,AI is off,AI is off,AI is off,Not paired,AI is off,0,0,0
1306000,10.4,0,6,0.43,0.21,0,0,99,1,0,16,False,True,0,0,54,41,32,3.94,AI is off,AI is off,AI is off,AI is off,Not paired,AI is off,0,0,0
1308000,10.2,0,6,0.42,0.21,0,0,99,1,0,16,False,True,0,0,55,41,31,3.94,AI is off,AI is off,AI is off,AI is off,Not paired,AI is off,0,0,0
1310000,10.1,0,6,0.42,0.21,0,0,99,1,0,16,False,True,0,0,60,46,35,3.94,AI is off,AI is off,AI is off,AI is off,Not paired,AI is off,0,0,0
1312000,10.1,0,6,0.42,0.21,0,0,99,1,0,16,False,True,0,0,54,40,31,3.94,AI is off,AI is off,AI is off,AI is off,Not paired,AI is off,0,0,0
1314000,10.2,0,6,0.42,0.21,0,0,99,1,0,16,False,True,0,0,60,48,37,3.94,AI is off,AI is off,AI is off,AI is off,Not paired,AI is off,0,0,0
1316000,10,0,6,0.42,0.21,0,0,99,1,0,16,False,True,0,0,55,41,32,3.94,AI is off,AI is off,AI is off,AI is off,Not paired,AI is off,0,0,0
1318000,9.900001,0,6,0.42,0.21,0,0,99,1,0,16,False,True,0,0,57,44,33,3.94,AI is off,AI is off,AI is off,AI is off,Not paired,AI is off,0,0,0
1320000,10,0,6,0.42,0.21,0,0,99,1,0,17,False,True,0,0,54,41,30,3.94,AI is off,AI is off,AI is off,AI is off,Not paired,AI is off,0,0,0
1322000,9.900001,0,6,0.42,0.21,0,0,99,1,0,16,False,True,0,0,54,40,30,3.94,AI is off,AI is off,AI is off,AI is off,Not paired,AI is off,0,0,0
1324000,9.8,0,6,0.41,0.21,0,0,99,1,0,17,False,True,0,0,59,46,37,3.94,AI is off,AI is off,AI is off,AI is off,Not paired,AI is off,0,0,0
1326000,9.7,0,6,0.41,0.21,0,0,99,1,0,17,False,True,0,0,57,45,35,3.94,AI is off,AI is off,AI is off,AI is off,Not paired,AI is off,0,0,0
1328000,9.7,0,6,0.41,0.21,0,0,99,1,0,17,False,True,0,0,58,45,35,3.94,AI is off,AI is off,AI is off,AI is off,Not paired,AI is off,0,0,0
1330000,9.7,0,6,0.41,0.21,0,0,99,1,0,17,False,True,0,0,57,44,33,3.94,AI is off,AI is off,AI is off,AI is off,Not paired,AI is off,0,0,0
1332000,9.7,0,6,0.41,0.21,0,0,99,1,0,17,False,True,0,0,59,45,36,3.94,AI is off,AI is off,AI is off,AI is off,Not paired,AI is off,0,0,0
1334000,9.7,0,6,0.41,0.21,0,0,99,1,0,17,False,True,0,0,59,45,36,3.94,AI is off,AI is off,AI is off,AI is off,Not paired,AI is off,0,0,0
1336000,9.7,0,6,0.41,0.21,0,0,99,1,0,17,False,True,0,0,57,44,35,3.94,AI is off,AI is off,AI is off,AI is off,Not paired,AI is off,0,0,0
1338000,9.6,0,6,0.41,0.21,0,0,99,1,0,17,False,True,0,0,58,46,35,3.94,AI is off,AI is off,AI is off,AI is off,Not paired,AI is off,0,0,0
1340000,9.6,0,6,0.41,0.21,0,0,99,1,0,17,False,True,0,0,56,44,34,3.94,AI is off,AI is off,AI is off,AI is off,Not paired,AI is off,0,0,0
1342000,9.6,0,6,0.41,0.21,0,0,99,1,0,17,False,True,0,0,55,42,32,3.94,AI is off,AI is off,AI is off,AI is off,Not paired,AI is off,0,0,0
1344000,9.6,0,6,0.41,0.21,0,0,99,1,0,17,False,True,0,0,56,43,33,3.94,AI is off,AI is off,AI is off,AI is off,Not paired,AI is off,0,0,0
1346000,9.7,0,6,0.41,0.21,0,0,99,1,0,17,False,True,0,0,58,45,35,3.94,AI is off,AI is off,AI is off,AI is off,Not paired,AI is off,0,0,0
1348000,9.7,0,6,0.41,0.21,0,0,99,1,0,17,False,True,0,0,56,43,34,3.94,AI is off,AI is off,AI is off,AI is off,Not paired,AI is off,0,0,0
1350000,9.900001,0,6,0.41,0.21,0,0,99,1,0,17,False,True,0,0,55,42,33,3.94,AI is off,AI is off,AI is off,AI is off,Not paired,AI is off,0,0,0
1352000,9.8,0,6,0.41,0.21,0,0,99,1,0,17,False,True,0,0,58,44,34,3.94,AI is off,AI is off,AI is off,AI is off,Not paired,AI is off,0,0,0
1354000,9.8,0,6,0.41,0.21,0,0,99,1,0,17,False,True,0,0,55,41,31,3.94,AI is off,AI is off,AI is off,AI is off,Not paired,AI is off,0,0,0
1356000,9.5,0,6,0.41,0.21,0,0,99,1,0,17,False,True,0,0,59,46,36,3.94,AI is off,AI is off,AI is off,AI is off,Not paired,AI is off,0,0,0
1358000,9.6,0,6,0.41,0.21,0,0,99,1,0,17,False,True,0,0,55,42,32,3.94,AI is off,AI is off,AI is off,AI is off,Not paired,AI is off,0,0,0
1360000,9.400001,0,6,0.41,0.21,0,0,99,1,0,17,False,True,0,0,57,44,33,3.94,AI is off,AI is off,AI is off,AI is off,Not paired,AI is off,0,0,0
1362000,9.2,0,6,0.4,0.21,0,0,99,1,0,17,False,True,0,0,56,43,33,3.94,AI is off,AI is off,AI is off,AI is off,Not paired,AI is off,0,0,0
1364000,9.2,0,6,0.4,0.21,0,0,99,1,0,17,False,True,0,0,56,43,34,3.94,AI is off,AI is off,AI is off,AI is off,Not paired,AI is off,0,0,0
1366000,9.2,0,6,0.4,0.21,0,0,99,1,0,17,False,True,0,0,57,46,35,3.94,AI is off,AI is off,AI is off,AI is off,Not paired,AI is off,0,0,0
1368000,9.2,0,6,0.4,0.21,0,0,99,1,0,17,False,True,0,0,57,44,34,3.94,AI is off,AI is off,AI is off,AI is off,Not paired,AI is off,0,0,0
1370000,9.400001,0,6,0.4,0.21,0,0,99,1,0,18,False,True,0,0,54,40,30,3.94,AI is off,AI is off,AI is off,AI is off,Not paired,AI is off,0,0,0
1372000,9.400001,0,6,0.4,0.21,0,0,99,1,0,18,False,True,0,0,55,42,31,3.94,AI is off,AI is off,AI is off,AI is off,Not paired,AI is off,0,0,0
1374000,9.400001,0,6,0.4,0.21,0,0,99,1,0,18,False,True,0,0,54,39,29,3.94,AI is off,AI is off,AI is off,AI is off,Not paired,AI is off,0,0,0
1376000,9.400001,0,6,0.41,0.21,0,0,99,1,0,18,False,True,0,0,54,40,30,3.94,AI is off,AI is off,AI is off,AI is off,Not paired,AI is off,0,0,0
1378000,9.3,0,6,0.4,0.21,0,0,99,1,0,18,False,True,0,0,55,42,31,3.94,AI is off,AI is off,AI is off,AI is off,Not paired,AI is off,0,0,0
1380000,9.1,0,6,0.4,0.21,0,0,99,1,0,18,False,True,0,0,56,43,33,3.94,AI is off,AI is off,AI is off,AI is off,Not paired,AI is off,0,0,0
1382000,8.900001,0,6,0.4,0.21,0,0,99,1,0,18,False,True,0,0,54,41,30,3.94,AI is off,AI is off,AI is off,AI is off,Not paired,AI is off,0,0,0
1384000,8.900001,0,6,0.39,0.21,0,0,99,1,0,18,False,True,0,0,59,45,35,3.94,AI is off,AI is off,AI is off,AI is off,Not paired,AI is off,0,0,0
1386000,8.8,0,6,0.39,0.21,0,0,99,1,0,18,False,True,0,0,56,42,33,3.94,AI is off,AI is off,AI is off,AI is off,Not paired,AI is off,0,0,0
1388000,8.6,0,6,0.39,0.21,0,0,99,1,0,18,False,True,0,0,58,45,35,3.94,AI is off,AI is off,AI is off,AI is off,Not paired,AI is off,0,0,0
1390000,8.6,0,6,0.39,0.21,0,0,99,1,0,18,False,True,0,0,58,45,34,3.94,AI is off,AI is off,AI is off,AI is off,Not paired,AI is off,0,0,0
1392000,8.6,0,6,0.39,0.21,0,0,99,1,0,18,False,True,0,0,56,43,33,3.94,AI is off,AI is off,AI is off,AI is off,Not paired,AI is off,0,0,0
1394000,8.5,0,6,0.39,0.21,0,0,99,1,0,18,False,True,0,0,56,42,32,3.94,AI is off,AI is off,AI is off,AI is off,Not paired,AI is off,0,0,0
1396000,8.3,0,6,0.38,0.21,0,0,99,1,0,18,False,True,0,0,57,44,34,3.94,AI is off,AI is off,AI is off,AI is off,Not paired,AI is off,0,0,0
1398000,8.2,0,6,0.38,0.21,0,0,99,1,0,18,False,True,0,0,59,46,35,3.94,AI is off,AI is off,AI is off,AI is off,Not paired,AI is off,0,0,0
1400000,8.2,0,6,0.38,0.21,0,0,99,1,0,18,False,True,0,0,58,45,34,3.94,AI is off,AI is off,AI is off,AI is off,Not paired,AI is off,0,0,0
1402000,8.1,0,6,0.38,0.21,0,0,99,1,0,18,False,True,0,0,57,44,32,3.94,AI is off,AI is off,AI is off,AI is off,Not paired,AI is off,0,0,0
1404000,7.7,0,6,0.37,0.21,0,0,99,1,0,18,False,True,0,0,58,45,35,3.94,AI is off,AI is off,AI is off,AI is off,Not paired,AI is off,0,0,0
1406000,7.5,0,6,0.37,0.21,0,0,99,1,0,18,False,True,0,0,56,43,34,3.94,AI is off,AI is off,AI is off,AI is off,Not paired,AI is off,0,0,0
1408000,7.3,0,6,0.36,0.21,0,0,99,1,0,18,False,True,0,0,59,46,37,3.94,AI is off,AI is off,AI is off,AI is off,Not paired,AI is off,0,0,0
1410000,7,0,6,0.35,0.21,0,0,99,1,0,19,False,True,0,0,57,44,34,3.94,AI is off,AI is off,AI is off,AI is off,Not paired,AI is off,0,0,0
1412000,6.9,0,6,0.35,0.21,0,0,99,1,0,19,False,True,0,0,63,49,38,3.94,AI is off,AI is off,AI is off,AI is off,Not paired,AI is off,0,0,0
1414000,6.9,0,6,0.35,0.21,0,0,99,1,0,19,False,True,0,0,59,45,34,3.94,AI is off,AI is off,AI is off,AI is off,Not paired,AI is off,0,0,0
1416000,6.8,0,6,0.35,0.21,0,0,99,1,0,19,False,True,0,0,59,45,34,3.94,AI is off,AI is off,AI is off,AI is off,Not paired,AI is off,0,0,0
1418000,6.6,0,6,0.35,0.21,0,0,99,1,0,19,False,True,0,0,57,45,34,3.94,AI is off,AI is off,AI is off,AI is off,Not paired,AI is off,0,0,0
1420000,6.5,0,6,0.34,0.21,0,0,99,1,0,19,False,True,0,0,63,50,38,3.94,AI is off,AI is off,AI is off,AI is off,Not paired,AI is off,0,0,0
1422000,6.4,0,6,0.34,0.21,0,0,99,1,0,19,False,True,0,0,59,45,33,3.94,AI is off,AI is off,AI is off,AI is off,Not paired,AI is off,0,0,0
1424000,6.2,0,6,0.34,0.21,0,0,99,1,0,19,False,True,0,0,58,46,34,3.94,AI is off,AI is off,AI is off,AI is off,Not paired,AI is off,0,0,0
1426000,6.1,0,6,0.34,0.21,0,0,99,1,0,19,False,True,0,0,60,46,36,3.94,AI is off,AI is off,AI is off,AI is off,Not paired,AI is off,0,0,0
1428000,6,0,6,0.33,0.21,0,0,99,1,0,19,False,True,0,0,54,39,31,3.94,AI is off,AI is off,AI is off,AI is off,Not paired,AI is off,0,0,0
1430000,5.8,0,6,0.33,0.21,0,0,99,1,0,19,False,True,0,0,53,40,31,3.94,AI is off,AI is off,AI is off,AI is off,Not paired,AI is off,0,0,0
1432000,5.7,0,6,0.33,0.21,0,0,99,1,0,19,False,True,0,0,54,41,31,3.94,AI is off,AI is off,AI is off,AI is off,Not paired,AI is off,0,0,0
1434000,5.5,0,6,0.33,0.21,0,0,99,1,0,19,False,True,0,0,58,46,37,3.94,AI is off,AI is off,AI is off,AI is off,Not paired,AI is off,0,0,0
1436000,5.4,0,6,0.32,0.21,0,0,99,1,0,19,False,True,0,0,59,47,35,3.94,AI is off,AI is off,AI is off,AI is off,Not paired,AI is off,0,0,0
1438000,5.1,0,6,0.32,0.21,0,0,99,1,0,19,False,True,0,0,53,38,29,3.94,AI is off,AI is off,AI is off,AI is off,Not paired,AI is off,0,0,0
1440000,4.8,0,6,0.31,0.21,0,0,99,1,0,19,False,True,0,0,57,45,34,3.94,AI is off,AI is off,AI is off,AI is off,Not paired,AI is off,0,0,0
1442000,4.6,0,6,0.31,0.21,0,0,99,1,0,19,False,True,0,0,60,46,35,3.94,AI is off,AI is off,AI is off,AI is off,Not paired,AI is off,0,0,0
1444000,4.2,0,6,0.3,0.21,0,0,99,1,0,19,False,True,0,0,57,45,34,3.94,AI is off,AI is off,AI is off,AI is off,Not paired,AI is off,0,0,0
1446000,3.9,0,6,0.29,0.21,0,0,99,1,0,19,False,True,0,0,60,46,34,3.94,AI is off,AI is off,AI is off,AI is off,Not paired,AI is off,0,0,0
1448000,3.5,0,6,0.28,0.21,0,0,99,1,0,19,False,True,0,0,55,42,31,3.94,AI is off,AI is off,AI is off,AI is off,Not paired,AI is off,0,0,0
1450000,3.7,0,6,0.28,0.21,0,0,99,1,0,19,False,True,0,0,55,40,31,3.94,AI is off,AI is off,AI is off,AI is off,Not paired,AI is off,0,0,0
1452000,4.4,0,6,0.3,0.21,0,0,99,1,0,19,False,True,0,0,53,40,30,3.94,AI is off,AI is off,AI is off,AI is off,Not paired,AI is off,0,0,0
1454000,4.7,0,6,0.3,0.21,0,0,99,1,0,19,False,True,0,0,57,44,35,3.94,AI is off,AI is off,AI is off,AI is off,Not paired,AI is off,0,0,0
1456000,5.2,0,6,0.31,0.21,0,0,99,1,0,20,False,True,0,0,55,42,33,3.94,AI is off,AI is off,AI is off,AI is off,Not paired,AI is off,0,0,0
1458000,5.8,0,5,0.33,0.21,0,0,99,1,0,20,False,True,0,0,64,50,39,3.94,AI is off,AI is off,AI is off,AI is off,Not paired,AI is off,0,0,0
1460000,6.1,0,5,0.34,0.21,0,0,99,1,0,20,False,True,0,0,55,42,33,3.94,AI is off,AI is off,AI is off,AI is off,Not paired,AI is off,0,0,0
1462000,6.5,0,5,0.34,0.21,0,0,99,1,0,20,False,True,0,0,56,44,33,3.94,AI is off,AI is off,AI is off,AI is off,Not paired,AI is off,0,0,0
1464000,6.7,0,5,0.35,0.21,0,0,99,1,0,20,False,True,0,0,55,42,32,3.94,AI is off,AI is off,AI is off,AI is off,Not paired,AI is off,0,0,0
1466000,6.8,0,5,0.35,0.21,0,0,99,1,0,20,False,True,0,0,55,42,33,3.94,AI is off,AI is off,AI is off,AI is off,Not paired,AI is off,0,0,0
1468000,6.8,0,5,0.35,0.21,0,0,99,1,0,19,False,True,0,0,54,40,31,3.94,AI is off,AI is off,AI is off,AI is off,Not paired,AI is off,0,0,0
1470000,6.9,0,5,0.35,0.21,0,0,99,1,0,19,False,True,0,0,54,40,31,3.94,AI is off,AI is off,AI is off,AI is off,Not paired,AI is off,0,0,0
1472000,7,0,5,0.36,0.21,0,0,99,1,0,20,False,True,0,0,55,40,32,3.94,AI is off,AI is off,AI is off,AI is off,Not paired,AI is off,0,0,0
1474000,7.1,0,5,0.36,0.21,0,0,99,1,0,19,False,True,0,0,59,45,33,3.94,AI is off,AI is off,AI is off,AI is off,Not paired,AI is off,0,0,0
1476000,6.8,0,5,0.35,0.21,0,0,99,1,0,20,False,True,0,0,55,41,31,3.94,AI is off,AI is off,AI is off,AI is off,Not paired,AI is off,0,0,0
1478000,6.8,0,5,0.35,0.21,0,0,99,1,0,20,False,True,0,0,55,42,30,3.94,AI is off,AI is off,AI is off,AI is off,Not paired,AI is off,0,0,0
1480000,6.8,0,5,0.35,0.21,0,0,99,1,0,20,False,True,0,0,55,41,31,3.94,AI is off,AI is off,AI is off,AI is off,Not paired,AI is off,0,0,0
1482000,6.8,0,5,0.35,0.21,0,0,99,1,0,20,False,True,0,0,55,42,32,3.94,AI is off,AI is off,AI is off,AI is off,Not paired,AI is off,0,0,0
1484000,6.8,0,5,0.35,0.21,0,0,99,1,0,20,False,True,0,0,55,42,31,3.94,AI is off,AI is off,AI is off,AI is off,Not paired,AI is off,0,0,0
1486000,6.8,0,5,0.35,0.21,0,0,99,1,0,20,False,True,0,0,55,41,29,3.94,AI is off,AI is off,AI is off,AI is off,Not paired,AI is off,0,0,0
1488000,6.8,0,5,0.35,0.21,0,0,99,1,0,20,False,True,0,0,54,41,30,3.94,AI is off,AI is off,AI is off,AI is off,Not paired,AI is off,0,0,0
1490000,6.9,0,5,0.35,0.21,0,0,99,1,0,20,False,True,0,0,54,40,29,3.94,AI is off,AI is off,AI is off,AI is off,Not paired,AI is off,0,0,0
1492000,6.7,0,5,0.35,0.21,0,0,99,1,0,20,False,True,0,0,56,43,33,3.94,AI is off,AI is off,AI is off,AI is off,Not paired,AI is off,0,0,0
1494000,6.6,0,5,0.35,0.21,0,0,99,1,0,20,False,True,0,0,55,42,31,3.94,AI is off,AI is off,AI is off,AI is off,Not paired,AI is off,0,0,0
1496000,6.7,0,5,0.35,0.21,0,0,99,1,0,20,False,True,0,0,55,42,30,3.94,AI is off,AI is off,AI is off,AI is off,Not paired,AI is off,0,0,0
1498000,6.7,0,5,0.35,0.21,0,0,99,1,0,20,False,True,0,0,56,44,34,3.94,AI is off,AI is off,AI is off,AI is off,Not paired,AI is off,0,0,0
1500000,6.8,0,5,0.35,0.21,0,0,99,1,0,20,False,True,0,0,59,46,35,3.94,AI is off,AI is off,AI is off,AI is off,Not paired,AI is off,0,0,0
1502000,6.8,0,5,0.35,0.21,0,0,99,1,0,20,False,True,0,0,62,48,38,3.94,AI is off,AI is off,AI is off,AI is off,Not paired,AI is off,0,0,0
1504000,6.8,0,5,0.35,0.21,0,0,99,1,0,20,False,True,0,0,56,42,32,3.94,AI is off,AI is off,AI is off,AI is off,Not paired,AI is off,0,0,0
1506000,7,0,5,0.35,0.21,0,0,99,1,0,20,False,True,0,0,57,44,33,3.94,AI is off,AI is off,AI is off,AI is off,Not paired,AI is off,0,0,0
1508000,7.2,0,5,0.36,0.21,0,0,99,1,0,20,False,True,0,0,54,41,30,3.94,AI is off,AI is off,AI is off,AI is off,Not paired,AI is off,0,0,0
1510000,7,0,5,0.35,0.21,0,0,99,1,0,20,False,True,0,0,55,40,30,3.94,AI is off,AI is off,AI is off,AI is off,Not paired,AI is off,0,0,0
1512000,7,0,5,0.35,0.21,0,0,99,1,0,20,False,True,0,0,55,40,30,3.94,AI is off,AI is off,AI is off,AI is off,Not paired,AI is off,0,0,0
1514000,6.8,0,5,0.35,0.21,0,0,99,1,0,20,False,True,0,0,55,42,32,3.94,AI is off,AI is off,AI is off,AI is off,Not paired,AI is off,0,0,0
1516000,6.5,0,5,0.34,0.21,0,0,99,1,0,20,False,True,0,0,62,49,37,3.94,AI is off,AI is off,AI is off,AI is off,Not paired,AI is off,0,0,0
1518000,6.4,0,5,0.34,0.21,0,0,99,1,0,20,False,True,0,0,56,44,32,3.94,AI is off,AI is off,AI is off,AI is off,Not paired,AI is off,0,0,0
1520000,6.4,0,5,0.34,0.21,0,0,99,1,0,20,False,True,0,0,56,42,33,3.94,AI is off,AI is off,AI is off,AI is off,Not paired,AI is off,0,0,0
1522000,6.2,0,5,0.34,0.21,0,0,99,1,0,20,False,True,0,0,53,41,31,3.94,AI is off,AI is off,AI is off,AI is off,Not paired,AI is off,0,0,0
1524000,6,0,5,0.33,0.21,0,0,99,1,0,20,False,True,0,0,53,40,31,3.94,AI is off,AI is off,AI is off,AI is off,Not paired,AI is off,0,0,0
1526000,6,0,5,0.33,0.21,0,0,99,1,0,20,False,True,0,0,64,50,38,3.94,AI is off,AI is off,AI is off,AI is off,Not paired,AI is off,0,0,0
1528000,6,0,4,0.33,0.21,0,0,99,1,0,20,False,True,0,0,58,44,33,3.94,AI is off,AI is off,AI is off,AI is off,Not paired,AI is off,0,0,0
1530000,5.9,0,4,0.33,0.21,0,0,99,1,0,20,False,True,0,0,65,51,39,3.94,AI is off,AI is off,AI is off,AI is off,Not paired,AI is off,0,0,0
1532000,6.1,0,4,0.34,0.21,0,0,99,1,0,20,False,True,0,0,54,40,30,3.94,AI is off,AI is off,AI is off,AI is off,Not paired,AI is off,0,0,0
1534000,6.1,0,4,0.34,0.21,0,0,99,1,0,20,False,True,0,0,55,40,30,3.94,AI is off,AI is off,AI is off,AI is off,Not paired,AI is off,0,0,0
1536000,5.9,0,4,0.33,0.21,0,0,99,1,0,20,False,True,0,0,54,40,30,3.94,AI is off,AI is off,AI is off,AI is off,Not paired,AI is off,0,0,0
1538000,5.9,0,4,0.33,0.21,0,0,99,1,0,20,False,True,0,0,57,44,32,3.94,AI is off,AI is off,AI is off,AI is off,Not paired,AI is off,0,0,0
1540000,6,0,4,0.33,0.21,0,0,99,1,0,20,False,True,0,0,56,43,33,3.94,AI is off,AI is off,AI is off,AI is off,Not paired,AI is off,0,0,0
1542000,6.1,0,4,0.33,0.21,0,0,99,1,0,20,False,True,0,0,56,42,32,3.94,AI is off,AI is off,AI is off,AI is off,Not paired,AI is off,0,0,0
1544000,6.1,0,4,0.34,0.21,0,0,99,1,0,20,False,True,0,0,55,42,31,3.94,AI is off,AI is off,AI is off,AI is off,Not paired,AI is off,0,0,0
1546000,6.2,0,4,0.34,0.21,0,0,99,1,0,20,False,True,0,0,55,41,30,3.94,AI is off,AI is off,AI is off,AI is off,Not paired,AI is off,0,0,0
1548000,6.2,0,4,0.34,0.21,0,0,99,1,0,20,False,True,0,0,55,42,32,3.94,AI is off,AI is off,AI is off,AI is off,Not paired,AI is off,0,0,0
1550000,6.3,0,4,0.34,0.21,0,0,99,1,0,20,False,True,0,0,55,41,30,3.94,AI is off,AI is off,AI is off,AI is off,Not paired,AI is off,0,0,0
1552000,6.4,0,4,0.34,0.21,0,0,99,1,0,20,False,True,0,0,55,41,30,3.94,AI is off,AI is off,AI is off,AI is off,Not paired,AI is off,0,0,0
1554000,6.3,0,4,0.34,0.21,0,0,99,1,0,20,False,True,0,0,54,41,30,3.94,AI is off,AI is off,AI is off,AI is off,Not paired,AI is off,0,0,0
1556000,6.3,0,4,0.34,0.21,0,0,99,1,0,20,False,True,0,0,54,41,30,3.94,AI is off,AI is off,AI is off,AI is off,Not paired,AI is off,0,0,0
1558000,6.3,0,4,0.34,0.21,0,0,99,1,0,20,False,True,0,0,55,40,29,3.94,AI is off,AI is off,AI is off,AI is off,Not paired,AI is off,0,0,0
1560000,6.3,0,4,0.34,0.21,0,0,99,1,0,20,False,True,0,0,55,42,30,3.94,AI is off,AI is off,AI is off,AI is off,Not paired,AI is off,0,0,0
1562000,6.2,0,4,0.34,0.21,0,0,99,1,0,20,False,True,0,0,56,42,31,3.94,AI is off,AI is off,AI is off,AI is off,Not paired,AI is off,0,0,0
1564000,6.2,0,4,0.34,0.21,0,0,99,1,0,20,False,True,0,0,55,42,31,3.94,AI is off,AI is off,AI is off,AI is off,Not paired,AI is off,0,0,0
1566000,6.2,0,4,0.34,0.21,0,0,99,1,0,20,False,True,0,0,54,42,31,3.94,AI is off,AI is off,AI is off,AI is off,Not paired,AI is off,0,0,0
1568000,6.3,0,4,0.34,0.21,0,0,99,1,0,20,False,True,0,0,55,41,30,3.94,AI is off,AI is off,AI is off,AI is off,Not paired,AI is off,0,0,0
1570000,6.2,0,4,0.34,0.21,0,0,99,1,0,20,False,True,0,0,56,43,33,3.94,AI is off,AI is off,AI is off,AI is off,Not paired,AI is off,0,0,0
1572000,6.2,0,4,0.34,0.21,0,0,99,1,0,20,False,True,0,0,55,42,30,3.94,AI is off,AI is off,AI is off,AI is off,Not paired,AI is off,0,0,0
1574000,6.2,0,4,0.34,0.21,0,0,99,1,0,20,False,True,0,0,57,44,33,3.94,AI is off,AI is off,AI is off,AI is off,Not paired,AI is off,0,0,0
1576000,6.2,0,4,0.34,0.21,0,0,99,1,0,20,False,True,0,0,54,40,29,3.94,AI is off,AI is off,AI is off,AI is off,Not paired,AI is off,0,0,0
1578000,6.2,0,4,0.34,0.21,0,0,99,1,0,20,False,True,0,0,55,42,31,3.94,AI is off,AI is off,AI is off,AI is off,Not paired,AI is off,0,0,0
1580000,6.1,0,4,0.34,0.21,0,0,99,1,0,20,False,True,0,0,54,40,29,3.94,AI is off,AI is off,AI is off,AI is off,Not paired,AI is off,0,0,0
1582000,6.1,0,3,0.34,0.21,0,0,99,1,0,20,False,True,0,0,55,42,31,3.94,AI is off,AI is off,AI is off,AI is off,Not paired,AI is off,0,0,0
1584000,5.9,0,3,0.33,0.21,0,0,99,1,0,20,False,True,0,0,55,40,28,3.94,AI is off,AI is off,AI is off,AI is off,Not paired,AI is off,0,0,0
1586000,5.8,0,3,0.33,0.21,0,0,99,1,0,20,False,True,0,0,58,44,34,3.94,AI is off,AI is off,AI is off,AI is off,Not paired,AI is off,0,0,0
1588000,5.9,0,3,0.33,0.21,0,0,99,1,0,20,False,True,0,0,55,41,30,3.94,AI is off,AI is off,AI is off,AI is off,Not paired,AI is off,0,0,0
1590000,5.9,0,3,0.33,0.21,0,0,99,1,0,20,False,True,0,0,54,39,28,3.94,AI is off,AI is off,AI is off,AI is off,Not paired,AI is off,0,0,0
1592000,5.9,0,3,0.33,0.21,0,0,99,1,0,20,False,True,0,0,54,40,29,3.94,AI is off,AI is off,AI is off,AI is off,Not paired,AI is off,0,0,0
1594000,5.8,0,3,0.33,0.21,0,0,99,1,0,20,False,True,0,0,54,41,30,3.94,AI is off,AI is off,AI is off,AI is off,Not paired,AI is off,0,0,0
1596000,5.7,0,3,0.33,0.21,0,0,99,1,0,20,False,True,0,0,57,44,34,3.94,AI is off,AI is off,AI is off,AI is off,Not paired,AI is off,0,0,0
1598000,5.7,0,3,0.33,0.21,0,0,99,1,0,20,False,True,0,0,54,40,29,3.94,AI is off,AI is off,AI is off,AI is off,Not paired,AI is off,0,0,0
1600000,5.7,0,3,0.33,0.21,0,0,99,1,0,20,False,True,0,0,58,45,34,3.94,AI is off,AI is off,AI is off,AI is off,Not paired,AI is off,0,0,0
1602000,5.7,0,3,0.33,0.21,0,0,99,1,0,20,False,True,0,0,55,41,32,3.94,AI is off,AI is off,AI is off,AI is off,Not paired,AI is off,0,0,0
1604000,5.7,0,3,0.33,0.21,0,0,99,1,0,20,False,True,0,0,54,42,31,3.94,AI is off,AI is off,AI is off,AI is off,Not paired,AI is off,0,0,0
1606000,5.7,0,3,0.33,0.21,0,0,99,1,0,20,False,True,0,0,55,41,31,3.94,AI is off,AI is off,AI is off,AI is off,Not paired,AI is off,0,0,0
1608000,5.7,0,3,0.33,0.21,0,0,99,1,0,20,False,True,0,0,57,44,35,3.94,AI is off,AI is off,AI is off,AI is off,Not paired,AI is off,0,0,0
1610000,5.6,0,3,0.33,0.21,0,0,99,1,0,20,False,True,0,0,54,41,30,3.94,AI is off,AI is off,AI is off,AI is off,Not paired,AI is off,0,0,0
1612000,5.7,0,3,0.33,0.21,0,0,99,1,0,20,False,True,0,0,55,41,31,3.94,AI is off,AI is off,AI is off,AI is off,Not paired,AI is off,0,0,0
1614000,5.7,0,3,0.33,0.21,0,0,99,1,0,20,False,True,0,0,55,41,30,3.94,AI is off,AI is off,AI is off,AI is off,Not paired,AI is off,0,0,0
1616000,5.7,0,3,0.33,0.21,0,0,99,1,0,20,False,True,0,0,54,40,29,3.94,AI is off,AI is off,AI is off,AI is off,Not paired,AI is off,0,0,0
1618000,5.8,0,3,0.33,0.21,0,0,99,1,0,20,False,True,0,0,56,42,31,3.94,AI is off,AI is off,AI is off,AI is off,Not paired,AI is off,0,0,0
1620000,5.7,0,3,0.33,0.21,0,0,99,1,0,20,False,True,0,0,56,42,32,3.94,AI is off,AI is off,AI is off,AI is off,Not paired,AI is off,0,0,0
1622000,5.7,0,3,0.33,0.21,0,0,99,1,0,20,False,True,0,0,56,42,31,3.94,AI is off,AI is off,AI is off,AI is off,Not paired,AI is off,0,0,0
1624000,5.7,0,3,0.33,0.21,0,0,99,1,0,20,False,True,0,0,56,43,32,3.94,AI is off,AI is off,AI is off,AI is off,Not paired,AI is off,0,0,0
1626000,5.6,0,3,0.33,0.21,0,0,99,1,0,20,False,True,0,0,59,46,34,3.94,AI is off,AI is off,AI is off,AI is off,Not paired,AI is off,0,0,0
1628000,5.6,0,3,0.33,0.21,0,0,99,1,0,20,False,True,0,0,57,44,33,3.94,AI is off,AI is off,AI is off,AI is off,Not paired,AI is off,0,0,0
1630000,5.7,0,3,0.33,0.21,0,0,99,1,0,20,False,True,0,0,57,44,34,3.94,AI is off,AI is off,AI is off,AI is off,Not paired,AI is off,0,0,0
1632000,5.7,0,3,0.33,0.21,0,0,99,1,0,20,False,True,0,0,55,42,31,3.94,AI is off,AI is off,AI is off,AI is off,Not paired,AI is off,0,0,0
1634000,5.7,0,3,0.33,0.21,0,0,99,1,0,20,False,True,0,0,54,41,31,3.94,AI is off,AI is off,AI is off,AI is off,Not paired,AI is off,0,0,0
1636000,5.7,0,3,0.33,0.21,0,0,99,1,0,20,False,True,0,0,56,42,31,3.94,AI is off,AI is off,AI is off,AI is off,Not paired,AI is off,0,0,0
1638000,5.7,0,3,0.33,0.21,0,0,99,1,0,20,False,True,0,0,55,42,32,3.94,AI is off,AI is off,AI is off,AI is off,Not paired,AI is off,0,0,0
1640000,5.8,0,3,0.33,0.21,0,0,99,1,0,20,False,True,0,0,54,41,30,3.94,AI is off,AI is off,AI is off,AI is off,Not paired,AI is off,0,0,0
1642000,5.6,0,3,0.33,0.21,0,0,99,1,0,20,False,True,0,0,54,40,30,3.94,AI is off,AI is off,AI is off,AI is off,Not paired,AI is off,0,0,0
1644000,5.4,0,3,0.32,0.21,0,0,99,1,0,20,False,True,0,0,55,41,30,3.94,AI is off,AI is off,AI is off,AI is off,Not paired,AI is off,0,0,0
1646000,5.4,0,3,0.32,0.21,0,0,99,1,0,20,False,True,0,0,56,42,33,3.94,AI is off,AI is off,AI is off,AI is off,Not paired,AI is off,0,0,0
1648000,5.3,0,2,0.32,0.21,0,0,99,1,0,20,False,True,0,0,54,41,29,3.94,AI is off,AI is off,AI is off,AI is off,Not paired,AI is off,0,0,0
1650000,5.1,0,2,0.32,0.21,0,0,99,1,0,20,False,True,0,0,55,41,29,3.94,AI is off,AI is off,AI is off,AI is off,Not paired,AI is off,0,0,0
1652000,5,0,2,0.31,0.21,0,0,99,1,0,20,False,True,0,0,55,42,32,3.94,AI is off,AI is off,AI is off,AI is off,Not paired,AI is off,0,0,0
1654000,5,0,2,0.31,0.21,0,0,99,1,0,20,False,True,0,0,54,40,28,3.94,AI is off,AI is off,AI is off,AI is off,Not paired,AI is off,0,0,0
1656000,4.8,0,2,0.31,0.21,0,0,99,1,0,20,False,True,0,0,53,39,28,3.94,AI is off,AI is off,AI is off,AI is off,Not paired,AI is off,0,0,0
1658000,5.1,0,2,0.31,0.21,0,0,99,1,0,20,False,True,0,0,55,41,30,3.94,AI is off,AI is off,AI is off,AI is off,Not paired,AI is off,0,0,0
1660000,5.1,0,2,0.32,0.21,0,0,99,1,0,20,False,True,0,0,55,42,31,3.94,AI is off,AI is off,AI is off,AI is off,Not paired,AI is off,0,0,0
1662000,5.1,0,2,0.31,0.21,0,0,99,1,0,20,False,True,0,0,55,41,30,3.94,AI is off,AI is off,AI is off,AI is off,Not paired,AI is off,0,0,0
1664000,5,0,2,0.31,0.21,0,0,99,1,0,20,False,True,0,0,55,41,30,3.94,AI is off,AI is off,AI is off,AI is off,Not paired,AI is off,0,0,0
1666000,5,0,2,0.31,0.21,0,0,99,1,0,20,False,True,0,0,55,41,30,3.94,AI is off,AI is off,AI is off,AI is off,Not paired,AI is off,0,0,0
1668000,5,0,2,0.31,0.21,0,0,99,1,0,20,False,True,0,0,53,39,29,3.94,AI is off,AI is off,AI is off,AI is off,Not paired,AI is off,0,0,0
1670000,5.1,0,2,0.31,0.21,0,0,99,1,0,20,False,True,0,0,58,45,33,3.94,AI is off,AI is off,AI is off,AI is off,Not paired,AI is off,0,0,0
1672000,5,0,2,0.31,0.21,0,0,99,1,0,20,False,True,0,0,54,41,29,3.94,AI is off,AI is off,AI is off,AI is off,Not paired,AI is off,0,0,0
1674000,5,0,2,0.31,0.21,0,0,99,1,0,20,False,True,0,0,53,38,29,3.94,AI is off,AI is off,AI is off,AI is off,Not paired,AI is off,0,0,0
1676000,5,0,2,0.31,0.21,0,0,99,1,0,20,False,True,0,0,55,40,30,3.94,AI is off,AI is off,AI is off,AI is off,Not paired,AI is off,0,0,0
1678000,4.8,0,2,0.31,0.21,0,0,99,1,0,20,False,True,0,0,57,45,32,3.94,AI is off,AI is off,AI is off,AI is off,Not paired,AI is off,0,0,0
1680000,4.8,0,2,0.31,0.21,0,0,99,1,0,20,False,True,0,0,55,42,32,3.94,AI is off,AI is off,AI is off,AI is off,Not paired,AI is off,0,0,0
1682000,4.7,0,2,0.31,0.21,0,0,99,1,0,20,False,True,0,0,62,48,36,3.94,AI is off,AI is off,AI is off,AI is off,Not paired,AI is off,0,0,0
1684000,4.5,0,2,0.3,0.21,0,0,99,1,0,20,False,True,0,0,55,42,31,3.94,AI is off,AI is off,AI is off,AI is off,Not paired,AI is off,0,0,0
1686000,4.5,0,2,0.3,0.21,0,0,99,1,0,20,False,True,0,0,59,45,34,3.94,AI is off,AI is off,AI is off,AI is off,Not paired,AI is off,0,0,0
1688000,4.5,0,2,0.3,0.21,0,0,99,1,0,20,False,True,0,0,69,54,41,3.94,AI is off,AI is off,AI is off,AI is off,Not paired,AI is off,0,0,0
1690000,4.5,0,2,0.3,0.21,0,0,99,1,0,20,False,True,0,0,59,45,34,3.94,AI is off,AI is off,AI is off,AI is off,Not paired,AI is off,0,0,0
1692000,4.6,0,1,0.3,0.21,0,0,99,1,0,20,False,True,0,0,69,52,39,3.94,AI is off,AI is off,AI is off,AI is off,Not paired,AI is off,0,0,0
1694000,4.6,0,1,0.3,0.21,0,0,99,1,0,20,False,True,0,0,71,56,43,3.94,AI is off,AI is off,AI is off,AI is off,Not paired,AI is off,0,0,0
1696000,4.7,0,1,0.31,0.21,0,0,99,1,0,20,False,True,0,0,59,45,35,3.94,AI is off,AI is off,AI is off,AI is off,Not paired,AI is off,0,0,0
1698000,4.6,0,1,0.3,0.21,0,0,99,1,0,20,False,True,0,0,64,49,37,3.94,AI is off,AI is off,AI is off,AI is off,Not paired,AI is off,0,0,0
1700000,4.6,0,1,0.3,0.21,0,0,99,1,0,20,False,True,0,0,61,46,35,3.94,AI is off,AI is off,AI is off,AI is off,Not paired,AI is off,0,0,0
1702000,4.6,0,1,0.3,0.21,0,0,99,1,0,20,False,True,0,0,59,46,36,3.94,AI is off,AI is off,AI is off,AI is off,Not paired,AI is off,0,0,0
1704000,4.7,0,1,0.31,0.21,0,0,99,1,0,20,False,True,0,0,63,49,35,3.94,AI is off,AI is off,AI is off,AI is off,Not paired,AI is off,0,0,0
1706000,4.8,0,1,0.31,0.21,0,0,99,1,0,20,False,True,0,0,55,41,31,3.94,AI is off,AI is off,AI is off,AI is off,Not paired,AI is off,0,0,0
1708000,4.8,0,1,0.31,0.21,0,0,99,1,0,20,False,True,0,0,58,44,34,3.94,AI is off,AI is off,AI is off,AI is off,Not paired,AI is off,0,0,0
1710000,4.9,0,1,0.31,0.21,0,0,99,1,0,20,False,True,0,0,58,43,33,3.94,AI is off,AI is off,AI is off,AI is off,Not paired,AI is off,0,0,0
1712000,4.9,0,1,0.31,0.21,0,0,99,1,0,20,False,True,0,0,65,51,38,3.94,AI is off,AI is off,AI is off,AI is off,Not paired,AI is off,0,0,0
1714000,4.9,0,1,0.31,0.21,0,0,99,1,0,20,False,True,0,0,55,41,30,3.94,AI is off,AI is off,AI is off,AI is off,Not paired,AI is off,0,0,0
1716000,4.9,0,1,0.31,0.21,0,0,99,1,0,20,False,True,0,0,58,47,35,3.94,AI is off,AI is off,AI is off,AI is off,Not paired,AI is off,0,0,0
1718000,4.9,0,1,0.31,0.21,0,0,99,1,0,20,False,True,0,0,55,41,31,3.94,AI is off,AI is off,AI is off,AI is off,Not paired,AI is off,0,0,0
1720000,4.9,0,1,0.31,0.21,0,0,99,1,0,20,False,True,0,0,62,49,36,3.94,AI is off,AI is off,AI is off,AI is off,Not paired,AI is off,0,0,0
1722000,4.9,0,1,0.31,0.21,0,0,99,1,0,20,False,True,0,0,59,46,35,3.94,AI is off,AI is off,AI is off,AI is off,Not paired,AI is off,0,0,0
1724000,5,0,1,0.31,0.21,0,0,99,1,0,20,False,True,0,0,58,46,34,3.94,AI is off,AI is off,AI is off,AI is off,Not paired,AI is off,0,0,0
1726000,5.1,0,1,0.31,0.21,0,0,99,1,0,20,False,True,0,0,56,42,31,3.94,AI is off,AI is off,AI is off,AI is off,Not paired,AI is off,0,0,0
1728000,5.1,0,1,0.31,0.21,0,0,99,1,0,20,False,True,0,0,54,40,30,3.94,AI is off,AI is off,AI is off,AI is off,Not paired,AI is off,0,0,0
1730000,5.1,0,1,0.31,0.21,0,0,99,1,0,20,False,True,0,0,54,40,29,3.94,AI is off,AI is off,AI is off,AI is off,Not paired,AI is off,0,0,0
1732000,5,0,1,0.31,0.21,0,0,99,1,0,20,False,True,0,0,66,51,38,3.94,AI is off,AI is off,AI is off,AI is off,Not paired,AI is off,0,0,0
1734000,5.1,0,1,0.31,0.21,0,0,99,1,0,20,False,True,0,0,56,42,30,3.94,AI is off,AI is off,AI is off,AI is off,Not paired,AI is off,0,0,0
1736000,5,0,1,0.31,0.21,0,0,99,1,0,20,False,True,0,0,63,49,37,3.94,AI is off,AI is off,AI is off,AI is off,Not paired,AI is off,0,0,0
1738000,5,0,1,0.31,0.21,0,0,99,1,0,20,False,True,0,0,57,44,34,3.94,AI is off,AI is off,AI is off,AI is off,Not paired,AI is off,0,0,0
1740000,5,0,1,0.31,0.21,0,0,99,1,0,20,False,True,0,0,64,51,38,3.94,AI is off,AI is off,AI is off,AI is off,Not paired,AI is off,0,0,0
1742000,4.9,0,1,0.31,0.21,0,0,99,1,0,20,False,True,0,0,62,49,37,3.94,AI is off,AI is off,AI is off,AI is off,Not paired,AI is off,0,0,0
1744000,4.7,0,1,0.31,0.21,0,0,99,1,0,20,False,True,0,0,67,52,40,3.94,AI is off,AI is off,AI is off,AI is off,Not paired,AI is off,0,0,0
1746000,4.5,0,1,0.3,0.21,0,0,99,1,0,20,False,True,0,0,69,53,40,3.94,AI is off,AI is off,AI is off,AI is off,Not paired,AI is off,0,0,0
1748000,4.5,0,1,0.3,0.21,0,0,99,1,0,20,False,True,0,0,53,40,29,3.94,AI is off,AI is off,AI is off,AI is off,Not paired,AI is off,0,0,0
1750000,4.7,0,1,0.31,0.21,0,0,99,1,0,20,False,True,0,0,55,40,30,3.94,AI is off,AI is off,AI is off,AI is off,Not paired,AI is off,0,0,0
1752000,4.2,0,1,0.3,0.21,0,0,99,1,0,20,False,True,0,0,60,45,33,3.94,AI is off,AI is off,AI is off,AI is off,Not paired,AI is off,0,0,0
1754000,4.1,0,1,0.29,0.21,0,0,99,1,0,20,False,True,0,0,55,42,33,3.94,AI is off,AI is off,AI is off,AI is off,Not paired,AI is off,0,0,0
1756000,3.9,0,1,0.29,0.21,0,0,99,1,0,20,False,True,0,0,53,39,28,3.94,AI is off,AI is off,AI is off,AI is off,Not paired,AI is off,0,0,0
1758000,3.7,0,1,0.29,0.21,0,0,99,1,0,21,False,True,0,0,54,40,31,3.94,AI is off,AI is off,AI is off,AI is off,Not paired,AI is off,0,0,0
1760000,3.6,0,1,0.28,0.21,0,0,99,1,0,21,False,True,0,0,54,39,30,3.94,AI is off,AI is off,AI is off,AI is off,Not paired,AI is off,0,0,0
1762000,3.5,0,1,0.28,0.21,0,0,99,1,0,21,False,True,0,0,54,40,32,3.94,AI is off,AI is off,AI is off,AI is off,Not paired,AI is off,0,0,0
1764000,3.6,0,1,0.28,0.21,0,0,99,1,0,21,False,True,0,0,53,39,30,3.94,AI is off,AI is off,AI is off,AI is off,Not paired,AI is off,0,0,0
1766000,4,0,1,0.29,0.21,0,0,99,1,0,21,False,True,0,0,53,40,30,3.94,AI is off,AI is off,AI is off,AI is off,Not paired,AI is off,0,0,0
1768000,4.4,0,1,0.3,0.21,0,0,99,1,0,21,False,True,0,0,56,42,32,3.94,AI is off,AI is off,AI is off,AI is off,Not paired,AI is off,0,0,0
1770000,4.6,0,1,0.3,0.21,0,0,99,1,0,21,False,True,0,0,57,44,34,3.94,AI is off,AI is off,AI is off,AI is off,Not paired,AI is off,0,0,0
1772000,4.7,0,1,0.31,0.21,0,0,99,1,0,21,False,True,0,0,56,41,30,3.94,AI is off,AI is off,AI is off,AI is off,Not paired,AI is off,0,0,0
1774000,4.7,0,1,0.31,0.21,0,0,99,1,0,21,False,True,0,0,53,39,29,3.94,AI is off,AI is off,AI is off,AI is off,Not paired,AI is off,0,0,0
1776000,4.5,0,1,0.3,0.21,0,0,99,1,0,21,False,True,0,0,57,44,34,3.94,AI is off,AI is off,AI is off,AI is off,Not paired,AI is off,0,0,0
1778000,4.3,0,1,0.3,0.21,0,0,99,1,0,21,False,True,0,0,58,45,34,3.94,AI is off,AI is off,AI is off,AI is off,Not paired,AI is off,0,0,0
1780000,4,0,1,0.29,0.21,0,0,99,1,0,21,False,True,0,0,57,43,32,3.94,AI is off,AI is off,AI is off,AI is off,Not paired,AI is off,0,0,0
1782000,3.8,0,1,0.29,0.21,0,0,99,1,0,21,False,True,0,0,63,49,36,3.94,AI is off,AI is off,AI is off,AI is off,Not paired,AI is off,0,0,0
1784000,3.7,0,1,0.29,0.21,0,0,99,1,0,21,False,True,0,0,56,42,31,3.94,AI is off,AI is off,AI is off,AI is off,Not paired,AI is off,0,0,0
1786000,3.4,0,1,0.28,0.21,0,0,99,1,0,21,False,True,0,0,55,41,31,3.94,AI is off,AI is off,AI is off,AI is off,Not paired,AI is off,0,0,0
1788000,3.4,0,1,0.28,0.21,0,0,99,1,0,21,False,True,0,0,64,50,38,3.94,AI is off,AI is off,AI is off,AI is off,Not paired,AI is off,0,0,0
1790000,3.4,0,1,0.28,0.21,0,0,99,1,0,21,False,True,0,0,68,52,39,3.94,AI is off,AI is off,AI is off,AI is off,Not paired,AI is off,0,0,0
1792000,3.3,0,1,0.28,0.21,0,0,99,1,0,21,False,True,0,0,59,45,34,3.94,AI is off,AI is off,AI is off,AI is off,Not paired,AI is off,0,0,0
1794000,3.1,0,1,0.27,0.21,0,0,99,1,0,21,False,True,0,0,54,40,30,3.94,AI is off,AI is off,AI is off,AI is off,Not paired,AI is off,0,0,0
1796000,3,0,1,0.27,0.21,0,0,99,1,0,21,False,True,0,0,59,45,34,3.94,AI is off,AI is off,AI is off,AI is off,Not paired,AI is off,0,0,0
1798000,2.7,0,1,0.27,0.21,0,0,99,1,0,21,False,True,0,0,58,43,31,3.94,AI is off,AI is off,AI is off,AI is off,Not paired,AI is off,0,0,0
1800000,2.6,0,1,0.26,0.21,0,0,99,1,0,21,False,True,0,0,54,40,29,3.94,AI is off,AI is off,AI is off,AI is off,Not paired,AI is off,0,0,0
1802000,2.6,0,1,0.26,0.21,0,0,99,1,0,21,False,True,0,0,54,40,29,3.94,AI is off,AI is off,AI is off,AI is off,Not paired,AI is off,0,0,0
1804000,2.4,0,1,0.26,0.21,0,0,99,1,0,21,False,True,0,0,57,43,32,3.94,AI is off,AI is off,AI is off,AI is off,Not paired,AI is off,0,0,0
1806000,2.3,0,1,0.26,0.21,0,0,99,1,0,21,False,True,0,0,55,41,31,3.94,AI is off,AI is off,AI is off,AI is off,Not paired,AI is off,0,0,0
1808000,1.9,0,1,0.25,0.21,0,0,99,1,0,21,False,True,0,0,55,42,31,3.94,AI is off,AI is off,AI is off,AI is off,Not paired,AI is off,0,0,0
1810000,1.8,0,1,0.25,0.21,0,0,99,1,0,21,False,True,0,0,53,40,30,3.94,AI is off,AI is off,AI is off,AI is off,Not paired,AI is off,0,0,0
1812000,1.7,0,1,0.24,0.21,0,0,99,1,0,22,False,True,0,0,56,43,32,3.94,AI is off,AI is off,AI is off,AI is off,Not paired,AI is off,0,0,0
1814000,1.6,0,1,0.24,0.21,0,0,99,1,0,22,False,True,0,0,57,44,32,3.94,AI is off,AI is off,AI is off,AI is off,Not paired,AI is off,0,0,0
1816000,1.4,0,1,0.24,0.21,0,0,99,1,0,22,False,True,0,0,53,40,31,3.94,AI is off,AI is off,AI is off,AI is off,Not paired,AI is off,0,0,0
1818000,1.2,0,1,0.23,0.21,0,0,99,1,0,22,False,True,0,0,54,39,28,3.94,AI is off,AI is off,AI is off,AI is off,Not paired,AI is off,0,0,0
1820000,0.9,0,1,0.23,0.21,0,0,99,1,0,22,False,True,0,0,56,44,34,3.94,AI is off,AI is off,AI is off,AI is off,Not paired,AI is off,0,0,0
1822000,0,0,1,0.23,0.21,0,0,99,1,0,22,False,True,0,0,62,47,37,3.94,AI is off,AI is off,AI is off,AI is off,Not paired,AI is off,0,0,0
1824000,0.9,0,1,0.23,0.21,0,0,99,1,0,23,False,True,0,0,54,40,29,3.94,AI is off,AI is off,AI is off,AI is off,Not paired,AI is off,0,0,0
1826000,0,0,1,0.23,0.21,0,0,99,1,0,23,False,True,0,0,54,39,30,3.94,AI is off,AI is off,AI is off,AI is off,Not paired,AI is off,0,0,0
1828000,0,0,1,0.22,0.21,0,0,99,1,0,23,False,True,0,0,53,39,30,3.94,AI is off,AI is off,AI is off,AI is off,Not paired,AI is off,0,0,0
1830000,0,0,1,0.22,0.21,0,0,99,1,0,23,False,True,0,0,53,38,29,3.94,AI is off,AI is off,AI is off,AI is off,Not paired,AI is off,0,0,0
1832000,0,0,1,0.22,0.21,0,0,99,1,0,23,False,True,0,0,54,40,30,3.94,AI is off,AI is off,AI is off,AI is off,Not paired,AI is off,0,0,0
1834000,0,0,0,0.22,0.21,0,0,99,1,0,24,False,True,0,0,54,40,30,3.94,AI is off,AI is off,AI is off,AI is off,Not paired,AI is off,0,0,0
1836000,0,0,0,0.22,0.21,0,0,99,1,0,24,False,True,0,0,56,43,33,3.94,AI is off,AI is off,AI is off,AI is off,Not paired,AI is off,0,0,0
1838000,0,0,0,0.22,0.21,0,0,99,1,0,24,False,True,0,0,53,38,28,3.94,AI is off,AI is off,AI is off,AI is off,Not paired,AI is off,0,0,0
1840000,0,0,0,0.22,0.21,0,0,99,1,0,24,False,True,0,0,55,42,30,3.94,AI is off,AI is off,AI is off,AI is off,Not paired,AI is off,0,0,0
1842000,0,0,0,0.21,0.21,0,0,99,1,0,24,False,True,0,0,54,39,30,3.94,AI is off,AI is off,AI is off,AI is off,Not paired,AI is off,0,0,0
1844000,0,0,0,0.22,0.21,0,0,99,1,0,24,False,True,0,0,53,39,28,3.94,AI is off,AI is off,AI is off,AI is off,Not paired,AI is off,0,0,0
1846000,0,0,0,0.22,0.21,0,0,99,1,0,24,False,True,0,0,54,39,29,3.94,AI is off,AI is off,AI is off,AI is off,Not paired,AI is off,0,0,0
1848000,0,0,0,0.22,0.21,0,0,99,1,0,24,False,True,0,0,54,39,30,3.94,AI is off,AI is off,AI is off,AI is off,Not paired,AI is off,0,0,0
1850000,0,0,0,0.22,0.21,0,0,99,1,0,24,False,True,0,0,55,40,30,3.94,AI is off,AI is off,AI is off,AI is off,Not paired,AI is off,0,0,0
1852000,0,0,0,0.22,0.21,0,0,99,1,0,24,False,True,0,0,55,41,32,3.94,AI is off,AI is off,AI is off,AI is off,Not paired,AI is off,0,0,0
1854000,0,0,0,0.22,0.21,0,0,99,1,0,24,False,True,0,0,54,40,29,3.94,AI is off,AI is off,AI is off,AI is off,Not paired,AI is off,0,0,0
1856000,0,0,0,0.22,0.21,0,0,99,1,0,24,False,True,0,0,55,41,31,3.94,AI is off,AI is off,AI is off,AI is off,Not paired,AI is off,0,0,0
1858000,0,0,0,0.22,0.21,0,0,99,1,0,24,False,True,0,0,53,39,28,3.94,AI is off,AI is off,AI is off,AI is off,Not paired,AI is off,0,0,0
1860000,0,0,1,0.22,0.21,0,0,99,1,0,24,False,True,0,0,53,40,31,3.94,AI is off,AI is off,AI is off,AI is off,Not paired,AI is off,0,0,0
1862000,0,0,1,0.22,0.21,0,0,99,1,0,24,False,True,0,0,54,40,29,3.94,AI is off,AI is off,AI is off,AI is off,Not paired,AI is off,0,0,0
1864000,0,0,0,0.22,0.21,0,0,99,1,0,24,False,True,0,0,63,49,36,3.94,AI is off,AI is off,AI is off,AI is off,Not paired,AI is off,0,0,0
1866000,0,0,0,0.21,0.21,0,0,99,1,0,24,False,True,0,0,53,38,27,3.94,AI is off,AI is off,AI is off,AI is off,Not paired,AI is off,0,0,0
1868000,0,0,0,0.22,0.21,0,0,99,1,0,24,False,True,0,0,54,41,29,3.94,AI is off,AI is off,AI is off,AI is off,Not paired,AI is off,0,0,0
1870000,0,0,0,0.22,0.21,0,0,99,1,0,25,False,True,0,0,54,40,30,3.94,AI is off,AI is off,AI is off,AI is off,Not paired,AI is off,0,0,0
1872000,0,0,0,0.22,0.21,0,0,99,1,0,25,False,True,0,0,54,40,31,3.94,AI is off,AI is off,AI is off,AI is off,Not paired,AI is off,0,0,0
1874000,0,0,0,0.22,0.21,0,0,99,1,0,25,False,True,0,0,55,41,31,3.94,AI is off,AI is off,AI is off,AI is off,Not paired,AI is off,0,0,0
1876000,0,0,0,0.22,0.21,0,0,99,1,0,25,False,True,0,0,54,40,30,3.94,AI is off,AI is off,AI is off,AI is off,Not paired,AI is off,0,0,0
1878000,0,0,0,0.22,0.21,0,0,99,1,0,25,False,True,0,0,55,41,30,3.94,AI is off,AI is off,AI is off,AI is off,Not paired,AI is off,0,0,0
1880000,0,0,0,0.21,0.21,0,0,99,1,0,25,False,True,0,0,54,40,30,3.94,AI is off,AI is off,AI is off,AI is off,Not paired,AI is off,0,0,0
1882000,0,0,0,0.22,0.21,0,0,99,1,0,25,False,True,0,0,54,40,30,3.94,AI is off,AI is off,AI is off,AI is off,Not paired,AI is off,0,0,0
1884000,0,0,0,0.21,0.21,0,0,99,1,0,25,False,True,0,0,54,40,31,3.94,AI is off,AI is off,AI is off,AI is off,Not paired,AI is off,0,0,0